Metrics/EpRet,Metrics/EpCost,Metrics/EpLen,Train/Epoch,Train/Entropy,Train/KL,Train/StopIter,Train/PolicyRatio,Train/PolicyRatio/Min,Train/PolicyRatio/Max,Train/PolicyRatio/Std,Train/LR,Train/PolicyStd,TotalEnvSteps,Loss/Loss_pi,Loss/Loss_pi/Delta,Value/Adv,Loss/Loss_reward_critic,Loss/Loss_reward_critic/Delta,Value/reward,Loss/Loss_cost_critic,Loss/Loss_cost_critic/Delta,Value/cost,Time/Total,Time/Rollout,Time/Update,Time/Epoch,Time/FPS,Metrics/LagrangeMultiplier,Metrics/LagrangeMultiplier/Min,Metrics/LagrangeMultiplier/Max,Metrics/LagrangeMultiplier/Std
-2.21704363822937,41.4375,1000.0,0.0,1.4098838567733765,0.017505953088402748,40.0,0.9983659982681274,0.9983659982681274,0.9983659982681274,0.018837086856365204,0.00029880000511184335,0.990999698638916,20000.0,-0.016845183447003365,-0.016845183447003365,-0.039391711354255676,0.004950252361595631,0.004950252361595631,0.046521205455064774,1.2122889757156372,1.2122889757156372,-0.059008415788412094,179.4102783203125,21.096269607543945,158.3109130859375,179.40921020507812,111.47699737548828,0.03599999472498894,0.03599999472498894,0.03599999472498894,0.0
-1.9687658548355103,40.3125,1000.0,1.0,1.399575114250183,0.02194824069738388,24.0,0.9986177086830139,0.9986177086830139,0.9986177086830139,0.02190532349050045,0.0002975999959744513,0.980858564376831,40000.0,-0.022718781605362892,-0.005873598158359528,-0.48533862829208374,0.002755759283900261,-0.0021944930776953697,0.013787208124995232,0.9650366902351379,-0.24725228548049927,0.7026907205581665,296.8385009765625,21.91448974609375,95.47616577148438,117.39065551757812,170.37130737304688,0.07091343402862549,0.07091343402862549,0.07091343402862549,0.0
-1.0956896543502808,69.95833587646484,1000.0,2.0,1.3827831745147705,0.02125406824052334,15.0,0.9972428679466248,0.9972428679466248,0.9972428679466248,0.021077461540699005,0.00029639998683705926,0.9645256996154785,60000.0,-0.018964389339089394,0.0037543922662734985,-0.0332651287317276,0.003975318279117346,0.0012195589952170849,0.015940289944410324,2.9727020263671875,2.0076653361320496,2.4200797080993652,379.4065856933594,22.41288948059082,60.12386703491211,82.53675842285156,242.3162841796875,0.10297296941280365,0.10297296941280365,0.10297296941280365,0.0
-0.05552087351679802,86.94000244140625,1000.0,3.0,1.3701159954071045,0.022466227412223816,12.0,0.9964099526405334,0.9964099526405334,0.9964099526405334,0.02082611620426178,0.00029520000680349767,0.9523811936378479,80000.0,-0.01903434284031391,-6.995350122451782e-05,0.21668286621570587,0.005166476126760244,0.0011911578476428986,0.012165823020040989,4.2060651779174805,1.233363151550293,4.216460227966309,449.9397277832031,22.206192016601562,48.30092239379883,70.50711059570312,283.6593322753906,0.13531145453453064,0.13531145453453064,0.13531145453453064,0.0
1.765835165977478,109.33999633789062,1000.0,4.0,1.3531230688095093,0.021978724747896194,12.0,1.0009465217590332,1.0009465217590332,1.0009465217590332,0.020825957879424095,0.00029399999766610563,0.9363712072372437,100000.0,-0.017145199701189995,0.0018891431391239166,0.3177691698074341,0.00829662661999464,0.003130150493234396,0.08507648855447769,4.093537330627441,-0.11252784729003906,6.557371139526367,518.92724609375,21.46121597290039,47.49660873413086,68.95882415771484,290.02813720703125,0.16796155273914337,0.16796155273914337,0.16796155273914337,0.0
2.7830400466918945,98.04000091552734,1000.0,5.0,1.3277170658111572,0.02019970491528511,12.0,0.9991649389266968,0.9991649389266968,0.9991649389266968,0.02046976238489151,0.0002927999885287136,0.912848711013794,120000.0,-0.020096752792596817,-0.002951553091406822,-0.1016659289598465,0.00698610907420516,-0.0013105175457894802,0.10614466667175293,2.8489699363708496,-1.2445673942565918,6.549760341644287,588.5657348632812,22.420875549316406,47.19206619262695,69.6129379272461,287.3028869628906,0.201511412858963,0.201511412858963,0.201511412858963,0.0
4.128240585327148,81.0199966430664,1000.0,6.0,1.3039286136627197,0.02207905612885952,16.0,0.9980502128601074,0.9980502128601074,0.9980502128601074,0.021676192060112953,0.000291600008495152,0.8913798332214355,140000.0,-0.023308346047997475,-0.0032115932554006577,0.0009512007236480713,0.011679098941385746,0.004692989867180586,0.2206011712551117,1.8845282793045044,-0.9644416570663452,5.943539619445801,676.0108032226562,23.90054702758789,63.51826858520508,87.41881561279297,228.78369140625,0.2353389859199524,0.2353389859199524,0.2353389859199524,0.0
5.063757419586182,57.58000183105469,1000.0,7.0,1.279194712638855,0.020580166950821877,10.0,0.9993600249290466,0.9993600249290466,0.9993600249290466,0.020176174119114876,0.00029039999935775995,0.8696072101593018,160000.0,-0.01711365580558777,0.006194690242409706,0.03570324927568436,0.012775357812643051,0.0010962588712573051,0.25806939601898193,1.675243854522705,-0.20928442478179932,6.182555675506592,738.9176025390625,22.211687088012695,40.665855407714844,62.87754440307617,318.0785827636719,0.2681940197944641,0.2681940197944641,0.2681940197944641,0.0
6.719432830810547,53.099998474121094,1000.0,8.0,1.2594488859176636,0.0219554640352726,7.0,0.9993862509727478,0.9993862509727478,0.9993862509727478,0.02115168236196041,0.0002891999902203679,0.8525930643081665,180000.0,-0.014948164112865925,0.0021654916927218437,-0.07582112401723862,0.01176554337143898,-0.001009814441204071,0.3908481001853943,2.69626784324646,1.0210239887237549,6.1668009757995605,789.7275390625,22.803386688232422,27.981647491455078,50.7850341796875,393.8168029785156,0.2999924421310425,0.2999924421310425,0.2999924421310425,0.0
7.896819591522217,63.47999954223633,1000.0,9.0,1.2318973541259766,0.02008177898824215,13.0,1.0002386569976807,1.0002386569976807,1.0002386569976807,0.021815156564116478,0.0002880000101868063,0.8294280171394348,200000.0,-0.0230653565376997,-0.008117192424833775,-0.2536160945892334,0.011092417873442173,-0.0006731254979968071,0.4523374140262604,2.1987812519073486,-0.49748659133911133,5.916308879852295,865.9280395507812,23.522642135620117,52.65279006958008,76.17543029785156,262.5518493652344,0.3316367268562317,0.3316367268562317,0.3316367268562317,0.0
8.706323623657227,68.58000183105469,1000.0,10.0,1.2042475938796997,0.02035738155245781,9.0,1.000219702720642,1.000219702720642,1.000219702720642,0.020367266610264778,0.0002868000010494143,0.8068090081214905,220000.0,-0.01858578994870186,0.004479566588997841,0.014417089521884918,0.011776016093790531,0.0006835982203483582,0.48138219118118286,1.9118252992630005,-0.28695595264434814,6.305237293243408,924.0859985351562,22.41675567626953,35.71329116821289,58.13004684448242,344.05615234375,0.3634538948535919,0.3634538948535919,0.3634538948535919,0.0
8.70300579071045,62.81999969482422,1000.0,11.0,1.185082197189331,0.022238336503505707,13.0,0.9980530142784119,0.9980530142784119,0.9980530142784119,0.021484144032001495,0.00028559999191202223,0.7914904952049255,240000.0,-0.02542363479733467,-0.0068378448486328125,-0.030758637934923172,0.013228141702711582,0.001452125608921051,0.54738450050354,1.7664319276809692,-0.14539337158203125,6.164114475250244,997.7551879882812,22.482707977294922,51.1611213684082,73.64382934570312,271.577392578125,0.39511168003082275,0.39511168003082275,0.39511168003082275,0.0
8.967779159545898,60.68000030517578,1000.0,12.0,1.172298789024353,0.02029399946331978,11.0,0.9985677599906921,0.9985677599906921,0.9985677599906921,0.02180537022650242,0.00028440001187846065,0.7814866304397583,260000.0,-0.025511061772704124,-8.742697536945343e-05,0.12954719364643097,0.011039749719202518,-0.0021883919835090637,0.5917346477508545,1.9651920795440674,0.19876015186309814,6.393458366394043,1064.793212890625,22.85308265686035,44.15789794921875,67.01097869873047,298.45855712890625,0.4265258312225342,0.4265258312225342,0.4265258312225342,0.0
9.726872444152832,74.94000244140625,1000.0,13.0,1.1480683088302612,0.021096641197800636,11.0,0.9997116923332214,0.9997116923332214,0.9997116923332214,0.021812928840517998,0.0002832000027410686,0.7628043293952942,280000.0,-0.029828237369656563,-0.004317175596952438,0.10464612394571304,0.01237886119633913,0.001339111477136612,0.6912757158279419,2.9499948024749756,0.9848027229309082,6.485228061676025,1131.931884765625,22.669389724731445,44.44425582885742,67.1136474609375,298.0019836425781,0.45849674940109253,0.45849674940109253,0.45849674940109253,0.0
10.24687385559082,65.31999969482422,1000.0,14.0,1.1271084547042847,0.021363889798521996,9.0,1.000207781791687,1.000207781791687,1.000207781791687,0.02070503681898117,0.00028199999360367656,0.7470224499702454,300000.0,-0.022178221493959427,0.007650015875697136,-0.16648083925247192,0.012581626884639263,0.00020276568830013275,0.6877461671829224,2.0904617309570312,-0.8595330715179443,7.353711128234863,1190.81201171875,22.49335289001465,36.35913848876953,58.85249328613281,339.8326721191406,0.4904576539993286,0.4904576539993286,0.4904576539993286,0.0
10.625597953796387,60.060001373291016,1000.0,15.0,1.1157913208007812,0.022676100954413414,12.0,1.0009595155715942,1.0009595155715942,1.0009595155715942,0.022136222571134567,0.00028080001357011497,0.7386220097541809,320000.0,-0.027693595737218857,-0.00551537424325943,0.1301749050617218,0.01124146580696106,-0.0013401610776782036,0.6955164670944214,2.0102055072784424,-0.08025622367858887,6.655856132507324,1261.979248046875,22.84315299987793,48.30074691772461,71.1438980102539,281.120361328125,0.5221191644668579,0.5221191644668579,0.5221191644668579,0.0
10.103490829467773,47.900001525878906,1000.0,16.0,1.0956536531448364,0.02021845057606697,11.0,0.9998385310173035,0.9998385310173035,0.9998385310173035,0.021215137094259262,0.0002796000044327229,0.7239338159561157,340000.0,-0.02659113146364689,0.001102464273571968,-0.029692500829696655,0.010716952383518219,-0.0005245134234428406,0.7335155010223389,1.7099257707595825,-0.30027973651885986,6.522096633911133,1328.71435546875,22.993919372558594,43.714500427246094,66.70841979980469,299.8122253417969,0.5527306795120239,0.5527306795120239,0.5527306795120239,0.0
10.541459083557129,51.47999954223633,1000.0,17.0,1.0772705078125,0.02275434322655201,9.0,1.0013880729675293,1.0013880729675293,1.0013880729675293,0.020704271271824837,0.0002783999952953309,0.7107527852058411,360000.0,-0.02292858064174652,0.0036625508219003677,-0.1407938003540039,0.013788951560854912,0.003071999177336693,0.8720785975456238,1.852237582206726,0.14231181144714355,6.83929443359375,1389.324462890625,24.504722595214844,36.07741165161133,60.58213424682617,330.13031005859375,0.582683801651001,0.582683801651001,0.582683801651001,0.0
11.658051490783691,49.68000030517578,1000.0,18.0,1.048227310180664,0.02205836959183216,8.0,1.002087116241455,1.002087116241455,1.002087116241455,0.02136690728366375,0.00027719998615793884,0.6903941631317139,380000.0,-0.024280346930027008,-0.001351766288280487,-0.18762797117233276,0.01378424558788538,-4.705972969532013e-06,0.9801601767539978,2.111607074737549,0.25936949253082275,6.312299728393555,1446.4007568359375,25.82710838317871,31.22598648071289,57.05309295654297,350.5506591796875,0.6119425296783447,0.6119425296783447,0.6119425296783447,0.0
12.654496192932129,54.91999816894531,1000.0,19.0,1.0335874557495117,0.021998591721057892,10.0,0.9992659687995911,0.9992659687995911,0.9992659687995911,0.021909933537244797,0.00027600000612437725,0.6804015040397644,400000.0,-0.03026079200208187,-0.005980445072054863,-0.052914299070835114,0.012874217703938484,-0.0009100278839468956,1.0319479703903198,1.962963342666626,-0.14864373207092285,6.448409080505371,1510.2154541015625,23.452163696289062,40.33933639526367,63.79150390625,313.5213928222656,0.6409703493118286,0.6409703493118286,0.6409703493118286,0.0
13.38116455078125,53.63999938964844,1000.0,20.0,1.0205841064453125,0.020957842469215393,8.0,0.998563826084137,0.998563826084137,0.998563826084137,0.02038411796092987,0.0002747999969869852,0.6717382073402405,420000.0,-0.022940000519156456,0.007320791482925415,-0.16116711497306824,0.014073261059820652,0.0011990433558821678,1.0814460515975952,2.0481364727020264,0.08517313003540039,6.54468297958374,1568.3367919921875,24.907920837402344,33.18846130371094,58.09638214111328,344.2555236816406,0.6697194576263428,0.6697194576263428,0.6697194576263428,0.0
13.08389663696289,51.63999938964844,1000.0,21.0,1.0057408809661865,0.023459823802113533,7.0,0.9986443519592285,0.9986443519592285,0.9986443519592285,0.021779334172606468,0.00027359998784959316,0.661999523639679,440000.0,-0.02094958908855915,0.0019904114305973053,-0.17891408503055573,0.014625879935920238,0.0005526188760995865,1.0772854089736938,2.1656734943389893,0.11753702163696289,6.012979030609131,1622.574951171875,24.753154754638672,29.462148666381836,54.215301513671875,368.8995361328125,0.6980924010276794,0.6980924010276794,0.6980924010276794,0.0
13.334145545959473,52.060001373291016,1000.0,22.0,0.9914309978485107,0.024002650752663612,11.0,0.999264121055603,0.999264121055603,0.999264121055603,0.02185639925301075,0.0002724000078160316,0.6526166200637817,460000.0,-0.03162701055407524,-0.01067742146551609,0.03664223849773407,0.01655113883316517,0.0019252588972449303,1.0999244451522827,1.974280595779419,-0.1913928985595703,6.2196784019470215,1692.2320556640625,23.462238311767578,46.17129135131836,69.63352966308594,287.21795654296875,0.7261751294136047,0.7261751294136047,0.7261751294136047,0.0
13.693603515625,55.36000061035156,1000.0,23.0,0.9847114682197571,0.02015148103237152,5.0,0.9989786744117737,0.9989786744117737,0.9989786744117737,0.02094743587076664,0.00027119999867863953,0.6482122540473938,480000.0,-0.016550010070204735,0.015077000483870506,-0.2412588894367218,0.017107222229242325,0.0005560833960771561,1.2377218008041382,3.0414726734161377,1.0671920776367188,5.602667808532715,1740.1256103515625,25.342994689941406,22.52547836303711,47.86846923828125,417.8115539550781,0.7542513608932495,0.7542513608932495,0.7542513608932495,0.0
14.21011734008789,58.099998474121094,1000.0,24.0,0.9739537239074707,0.02163665182888508,9.0,0.9992526769638062,0.9992526769638062,0.9992526769638062,0.020709697157144547,0.0002699999895412475,0.64130699634552,500000.0,-0.02338462322950363,-0.006834613159298897,0.1830073744058609,0.018810130655765533,0.0017029084265232086,1.2288511991500854,1.811705231666565,-1.2297674417495728,5.8048624992370605,1802.57763671875,23.355125427246094,39.0733528137207,62.42863845825195,320.36578369140625,0.78252774477005,0.78252774477005,0.78252774477005,0.0
14.631613731384277,58.599998474121094,1000.0,25.0,0.9621954560279846,0.021256066858768463,8.0,0.9999610185623169,0.9999610185623169,0.9999610185623169,0.022945350036025047,0.0002688000095076859,0.6337675452232361,520000.0,-0.03206508979201317,-0.008680466562509537,-0.012077420949935913,0.017464734613895416,-0.0013453960418701172,1.2700684070587158,2.740199327468872,0.9284940958023071,5.582144260406494,1861.5225830078125,24.686525344848633,34.2338752746582,58.9203987121582,339.4410095214844,0.8110278844833374,0.8110278844833374,0.8110278844833374,0.0
15.11447525024414,65.9800033569336,1000.0,26.0,0.9530463218688965,0.020683370530605316,7.0,0.997852087020874,0.997852087020874,0.997852087020874,0.02207256481051445,0.00026760000037029386,0.6280970573425293,540000.0,-0.029856732115149498,0.0022083576768636703,-0.13862226903438568,0.018510060384869576,0.0010453257709741592,1.3792243003845215,3.485858678817749,0.745659351348877,5.70622444152832,1916.4903564453125,24.71998405456543,30.222787857055664,54.942771911621094,364.01513671875,0.8402308821678162,0.8402308821678162,0.8402308821678162,0.0
15.352458953857422,70.23999786376953,1000.0,27.0,0.9401194453239441,0.02077426202595234,8.0,0.9994690418243408,0.9994690418243408,0.9994690418243408,0.020571257919073105,0.0002663999912329018,0.6201243996620178,560000.0,-0.025807803496718407,0.004048928618431091,-0.3013772964477539,0.019037554040551186,0.0005274936556816101,1.3865817785263062,2.366525173187256,-1.1193335056304932,6.439616680145264,1973.996337890625,22.011856079101562,35.47092056274414,57.4827766418457,347.9302978515625,0.8703235983848572,0.8703235983848572,0.8703235983848572,0.0
15.428630828857422,70.44000244140625,1000.0,28.0,0.9308822154998779,0.022450068965554237,7.0,0.9975352883338928,0.9975352883338928,0.9975352883338928,0.02201431430876255,0.0002652000111993402,0.6146048307418823,580000.0,-0.02896479330956936,-0.003156989812850952,0.35202357172966003,0.019733309745788574,0.0006957557052373886,1.316929817199707,2.768611192703247,0.4020860195159912,6.3158278465271,2026.372802734375,22.019176483154297,30.33245849609375,52.35163497924805,382.0320129394531,0.9012088179588318,0.9012088179588318,0.9012088179588318,0.0
14.60995101928711,61.939998626708984,1000.0,29.0,0.9207071661949158,0.021912630647420883,8.0,1.0003046989440918,1.0003046989440918,1.0003046989440918,0.022268466651439667,0.0002640000020619482,0.6083288788795471,600000.0,-0.028857868164777756,0.00010692514479160309,0.09201622009277344,0.018304837867617607,-0.001428471878170967,1.3200675249099731,2.4720208644866943,-0.29659032821655273,6.1740217208862305,2083.705810546875,22.456613540649414,34.85194396972656,57.30855941772461,348.9880065917969,0.9322534799575806,0.9322534799575806,0.9322534799575806,0.0
14.63357162475586,57.220001220703125,1000.0,30.0,0.9092095494270325,0.02009119652211666,7.0,0.999395489692688,0.999395489692688,0.999395489692688,0.02154192328453064,0.00026279999292455614,0.6014388799667358,620000.0,-0.023667583242058754,0.005190284922719002,-0.35810476541519165,0.021292686462402344,0.0029878485947847366,1.4600826501846313,2.122899293899536,-0.3491215705871582,6.125072479248047,2136.25830078125,22.431495666503906,30.093847274780273,52.52534103393555,380.7685852050781,0.9631246328353882,0.9631246328353882,0.9631246328353882,0.0
14.635528564453125,56.880001068115234,1000.0,31.0,0.9012410640716553,0.021403148770332336,10.0,1.0009022951126099,1.0009022951126099,1.0009022951126099,0.022855080664157867,0.00026160001289099455,0.5966151356697083,640000.0,-0.032644227147102356,-0.008976643905043602,-0.1334463655948639,0.02266732044517994,0.0013746339827775955,1.3698152303695679,1.8346768617630005,-0.28822243213653564,6.07443380355835,2201.58935546875,23.402423858642578,41.904544830322266,65.30696868896484,306.24603271484375,0.9938250780105591,0.9938250780105591,0.9938250780105591,0.0
15.312324523925781,49.939998626708984,1000.0,32.0,0.891758143901825,0.020277874544262886,2.0,0.9992220401763916,0.9992220401763916,0.9992220401763916,0.020080044865608215,0.0002604000037536025,0.5909117460250854,660000.0,0.002553922589868307,0.03519814973697066,0.2011234611272812,0.0253717340528965,0.0027044136077165604,1.4766091108322144,3.7826337814331055,1.947956919670105,5.948951721191406,2233.653076171875,23.404136657714844,8.634593963623047,32.03873062133789,624.2444458007812,1.0238710641860962,1.0238710641860962,1.0238710641860962,0.0
15.206511497497559,53.099998474121094,1000.0,33.0,0.879325270652771,0.020617688074707985,7.0,0.9992465376853943,0.9992465376853943,0.9992465376853943,0.02134891040623188,0.00025919999461621046,0.5837109684944153,680000.0,-0.024237705394625664,-0.02679162798449397,-0.04564864933490753,0.025013260543346405,-0.0003584735095500946,1.481137990951538,2.6903507709503174,-1.092283010482788,6.029667854309082,2289.443359375,26.272647857666016,29.488567352294922,55.76121520996094,358.6722412109375,1.0535765886306763,1.0535765886306763,1.0535765886306763,0.0
16.065181732177734,54.119998931884766,1000.0,34.0,0.8700749278068542,0.02000292018055916,7.0,0.9988419413566589,0.9988419413566589,0.9988419413566589,0.02140887640416622,0.0002579999854788184,0.5783283114433289,700000.0,-0.025172319263219833,-0.0009346138685941696,0.20149625837802887,0.02418653480708599,-0.0008267257362604141,1.5167428255081177,2.3422296047210693,-0.34812116622924805,6.265591621398926,2342.4609375,23.1075439453125,29.88258171081543,52.9901237487793,377.4288024902344,1.0830624103546143,1.0830624103546143,1.0830624103546143,0.0
17.0373592376709,57.380001068115234,1000.0,35.0,0.8684506416320801,0.020914241671562195,5.0,0.9989724159240723,0.9989724159240723,0.9989724159240723,0.0217794980853796,0.00025680000544525683,0.5775997638702393,720000.0,-0.018971700221300125,0.006200619041919708,0.19097746908664703,0.024076813831925392,-0.00010972097516059875,1.697082757949829,2.9456019401550293,0.60337233543396,6.474636077880859,2386.403076171875,22.467548370361328,21.451904296875,43.91945266723633,455.37908935546875,1.1126031875610352,1.1126031875610352,1.1126031875610352,0.0
17.02483558654785,59.7400016784668,1000.0,36.0,0.8647944331169128,0.020513806492090225,8.0,1.0004956722259521,1.0004956722259521,1.0004956722259521,0.022311121225357056,0.0002555999963078648,0.5754035711288452,740000.0,-0.028072232380509377,-0.009100532159209251,-0.14092926681041718,0.024084748700261116,7.934868335723877e-06,1.5081907510757446,1.975436806678772,-0.9701651334762573,6.011829853057861,2444.206298828125,24.632963180541992,33.14616394042969,57.77912902832031,346.145751953125,1.1423742771148682,1.1423742771148682,1.1423742771148682,0.0
16.817157745361328,52.2400016784668,1000.0,37.0,0.8502402901649475,0.023395312950015068,8.0,1.0001274347305298,1.0001274347305298,1.0001274347305298,0.022049328312277794,0.00025439998717047274,0.5671642422676086,760000.0,-0.029114656150341034,-0.0010424237698316574,-0.020019259303808212,0.023173917084932327,-0.0009108316153287888,1.5433142185211182,1.6850582361221313,-0.2903785705566406,5.424408435821533,2501.080322265625,22.596925735473633,34.24948501586914,56.847412109375,351.81903076171875,1.1717941761016846,1.1717941761016846,1.1717941761016846,0.0
15.3825101852417,54.58000183105469,1000.0,38.0,0.8433471322059631,0.023052897304296494,8.0,1.0002717971801758,1.0002717971801758,1.0002717971801758,0.023167118430137634,0.00025320000713691115,0.5634039044380188,780000.0,-0.03132442757487297,-0.0022097714245319366,0.06563149392604828,0.021257663145661354,-0.0019162539392709732,1.498922348022461,2.029475212097168,0.3444169759750366,5.392589569091797,2559.37109375,24.400230407714844,33.86632537841797,58.26655578613281,343.2500915527344,1.2010884284973145,1.2010884284973145,1.2010884284973145,0.0
15.033738136291504,48.099998474121094,1000.0,39.0,0.8366940021514893,0.02011752314865589,7.0,0.9997012615203857,0.9997012615203857,0.9997012615203857,0.02137323096394539,0.0002519999979995191,0.5596441030502319,800000.0,-0.02758963592350483,0.003734791651368141,-0.060734450817108154,0.027164461091160774,0.00590679794549942,1.5764676332473755,1.8247193098068237,-0.20475590229034424,5.799489498138428,2614.51806640625,24.991830825805664,30.129053115844727,55.12088394165039,362.8388977050781,1.2297649383544922,1.2297649383544922,1.2297649383544922,0.0
15.139373779296875,51.70000076293945,1000.0,40.0,0.8229569792747498,0.020087582990527153,6.0,1.0002959966659546,1.0002959966659546,1.0002959966659546,0.021669605746865273,0.00025079998886212707,0.5519831776618958,820000.0,-0.026920709758996964,0.0006689261645078659,0.05171382054686546,0.0249647106975317,-0.002199750393629074,1.704859972000122,2.7520830631256104,0.9273637533187866,6.504967212677002,2663.63427734375,24.033649444580078,25.056711196899414,49.090362548828125,407.4119567871094,1.2581844329833984,1.2581844329833984,1.2581844329833984,0.0
16.1933650970459,49.400001525878906,1000.0,41.0,0.8172406554222107,0.021013330668210983,8.0,1.0010037422180176,1.0010037422180176,1.0010037422180176,0.021930646151304245,0.0002496000088285655,0.5488288402557373,840000.0,-0.03194824978709221,-0.005027540028095245,0.012100137770175934,0.02722650021314621,0.0022617895156145096,1.7028716802597046,2.2182536125183105,-0.5338294506072998,6.594803810119629,2721.291748046875,24.50870704650879,33.124107360839844,57.6328125,347.0245361328125,1.2861946821212769,1.2861946821212769,1.2861946821212769,0.0
17.53870391845703,56.41999816894531,1000.0,42.0,0.8150717616081238,0.02116541750729084,5.0,1.0004911422729492,1.0004911422729492,1.0004911422729492,0.021399613469839096,0.00024839999969117343,0.5474774241447449,860000.0,-0.022906959056854248,0.00904129073023796,0.30675962567329407,0.02945074252784252,0.002224242314696312,1.8412152528762817,2.8090786933898926,0.590825080871582,6.717783451080322,2767.840087890625,26.24835968017578,20.274330139160156,46.52268981933594,429.89776611328125,1.3144127130508423,1.3144127130508423,1.3144127130508423,0.0
18.003204345703125,54.2599983215332,1000.0,43.0,0.8086285591125488,0.020139919593930244,8.0,0.9987616539001465,0.9987616539001465,0.9987616539001465,0.02123471163213253,0.0002471999905537814,0.5438999533653259,880000.0,-0.03056754358112812,-0.007660584524273872,-0.14775142073631287,0.027583548799157143,-0.001867193728685379,1.8212536573410034,1.979344367980957,-0.8297343254089355,6.36365270614624,2827.208251953125,26.265594482421875,33.07896423339844,59.34455871582031,337.014892578125,1.342652440071106,1.342652440071106,1.342652440071106,0.0
17.659521102905273,43.040000915527344,1000.0,44.0,0.7999760508537292,0.021676095202565193,6.0,0.9983524680137634,0.9983524680137634,0.9983524680137634,0.021194979548454285,0.0002460000105202198,0.5391206741333008,900000.0,-0.02066107466816902,0.009906468912959099,-0.24700963497161865,0.02854204922914505,0.0009585004299879074,1.691542625427246,1.710158109664917,-0.26918625831604004,5.954536437988281,2877.885009765625,26.137290954589844,24.515380859375,50.652671813964844,394.84588623046875,1.369978666305542,1.369978666305542,1.369978666305542,0.0
18.015899658203125,48.34000015258789,1000.0,45.0,0.8011184334754944,0.02078583650290966,8.0,0.9996556043624878,0.9996556043624878,0.9996556043624878,0.022492609918117523,0.00024480000138282776,0.5396791696548462,920000.0,-0.032936710864305496,-0.012275636196136475,0.05464322492480278,0.03292376175522804,0.0043817125260829926,1.8584171533584595,2.323422908782959,0.613264799118042,5.667375564575195,2936.61376953125,24.946714401245117,33.75943374633789,58.70615005493164,340.6798095703125,1.3969444036483765,1.3969444036483765,1.3969444036483765,0.0
17.827739715576172,40.70000076293945,1000.0,46.0,0.8000155687332153,0.020259378477931023,7.0,0.9997323751449585,0.9997323751449585,0.9997323751449585,0.021197637543082237,0.00024360000679735094,0.5390603542327881,940000.0,-0.02990862913429737,0.0030280817300081253,0.3368035852909088,0.030970852822065353,-0.0019529089331626892,1.7246922254562378,1.9832803010940552,-0.3401426076889038,5.546665668487549,2991.073486328125,25.886075973510742,28.54929542541504,54.43537139892578,367.40814208984375,1.4229235649108887,1.4229235649108887,1.4229235649108887,0.0
18.65231704711914,47.599998474121094,1000.0,47.0,0.7978224754333496,0.022697051987051964,8.0,1.0015175342559814,1.0015175342559814,1.0015175342559814,0.022764040157198906,0.0002423999976599589,0.5378754138946533,960000.0,-0.03182939812541008,-0.001920768991112709,-0.06000459939241409,0.03069658949971199,-0.00027426332235336304,1.8377236127853394,1.727814793586731,-0.2554655075073242,5.534171104431152,3051.1728515625,24.716079711914062,35.35945129394531,60.075531005859375,332.91424560546875,1.4486305713653564,1.4486305713653564,1.4486305713653564,0.0
17.479211807250977,45.939998626708984,1000.0,48.0,0.7909582853317261,0.020117100328207016,6.0,0.9993038773536682,0.9993038773536682,0.9993038773536682,0.021293286234140396,0.00024120000307448208,0.534210741519928,980000.0,-0.025381000712513924,0.006448397412896156,-0.007352776825428009,0.030767355114221573,7.076561450958252e-05,1.7292373180389404,2.094386577606201,0.3665717840194702,5.759781360626221,3099.175537109375,23.19293212890625,24.783723831176758,47.97665786743164,416.869384765625,1.4739543199539185,1.4739543199539185,1.4739543199539185,0.0
17.671934127807617,49.68000030517578,1000.0,49.0,0.7896720767021179,0.021955838426947594,8.0,1.0005840063095093,1.0005840063095093,1.0005840063095093,0.02241016924381256,0.00023999999393709004,0.5335860848426819,1000000.0,-0.0357084758579731,-0.010327475145459175,-0.23527950048446655,0.029378805309534073,-0.0013885498046875,1.852434754371643,2.239455223083496,0.14506864547729492,5.8582634925842285,3158.741943359375,26.708858489990234,32.832603454589844,59.54146194458008,335.900390625,1.4992730617523193,1.4992730617523193,1.4992730617523193,0.0
17.535350799560547,45.52000045776367,1000.0,50.0,0.7880920171737671,0.023562850430607796,9.0,1.000061273574829,1.000061273574829,1.000061273574829,0.023593038320541382,0.00023879999935161322,0.5327352285385132,1020000.0,-0.037757545709609985,-0.0020490698516368866,0.22028487920761108,0.028065195307135582,-0.001313610002398491,1.8125324249267578,1.8326733112335205,-0.4067819118499756,5.7506256103515625,3223.068115234375,26.553354263305664,37.746192932128906,64.29954528808594,311.044189453125,1.5242245197296143,1.5242245197296143,1.5242245197296143,0.0
18.44024658203125,50.900001525878906,1000.0,51.0,0.7813805341720581,0.020468568429350853,7.0,1.0007209777832031,1.0007209777832031,1.0007209777832031,0.022154761478304863,0.0002376000047661364,0.5290666818618774,1040000.0,-0.03402101621031761,0.0037365294992923737,0.28994372487068176,0.03231072798371315,0.004245532676577568,1.8629992008209229,2.180788993835449,0.3481156826019287,5.80246639251709,3277.18896484375,23.549293518066406,30.54508399963379,54.09437561035156,369.7242126464844,1.5493370294570923,1.5493370294570923,1.5493370294570923,0.0
19.19960594177246,53.47999954223633,1000.0,52.0,0.7779198884963989,0.02049572393298149,7.0,1.0001494884490967,1.0001494884490967,1.0001494884490967,0.020967595279216766,0.00023639999562874436,0.5271871089935303,1060000.0,-0.03542965278029442,-0.0014086365699768066,0.019825689494609833,0.030441295355558395,-0.0018694326281547546,1.9644745588302612,2.4429235458374023,0.2621345520019531,5.999539375305176,3330.785888671875,23.30533790588379,30.251056671142578,53.556392669677734,373.4381408691406,1.5748323202133179,1.5748323202133179,1.5748323202133179,0.0
19.778175354003906,60.81999969482422,1000.0,53.0,0.7753978371620178,0.021021511405706406,8.0,0.9999127388000488,0.9999127388000488,0.9999127388000488,0.022417189553380013,0.00023520000104326755,0.5260102152824402,1080000.0,-0.042484138160943985,-0.007054485380649567,-0.1538652926683426,0.029603781178593636,-0.0008375141769647598,1.9902172088623047,2.7139194011688232,0.2709958553314209,6.38264799118042,3390.446044921875,24.599794387817383,35.0347900390625,59.634586334228516,335.3758544921875,1.6013151407241821,1.6013151407241821,1.6013151407241821,0.0
18.401016235351562,61.779998779296875,1000.0,54.0,0.7690852880477905,0.02088046632707119,7.0,0.9992591142654419,0.9992591142654419,0.9992591142654419,0.0211811326444149,0.00023400000645779073,0.5226855278015137,1100000.0,-0.034619081765413284,0.0078650563955307,-0.013648174703121185,0.02796555869281292,-0.001638222485780716,1.7675708532333374,2.425150156021118,-0.2887692451477051,6.924266338348389,3446.04296875,24.665319442749023,30.901779174804688,55.567100524902344,359.9252014160156,1.6287662982940674,1.6287662982940674,1.6287662982940674,0.0
17.799741744995117,54.47999954223633,1000.0,55.0,0.7589969038963318,0.020151907578110695,8.0,0.9996249079704285,0.9996249079704285,0.9996249079704285,0.021158989518880844,0.0002327999973203987,0.5174481272697449,1120000.0,-0.031202407553792,0.0034166742116212845,0.11878788471221924,0.032071199268102646,0.004105640575289726,1.8307273387908936,1.877737045288086,-0.5474131107330322,6.399713516235352,3505.263427734375,25.1169376373291,34.07896423339844,59.195899963378906,337.8612365722656,1.6564615964889526,1.6564615964889526,1.6564615964889526,0.0
17.118698120117188,53.91999816894531,1000.0,56.0,0.7560024857521057,0.021781666204333305,7.0,1.001922369003296,1.001922369003296,1.001922369003296,0.021659214049577713,0.00023160000273492187,0.5159214735031128,1140000.0,-0.035428401082754135,-0.004225993528962135,0.015137724578380585,0.03439782187342644,0.0023266226053237915,1.865556240081787,1.9450459480285645,0.06730890274047852,6.436051368713379,3561.051025390625,25.225482940673828,30.536006927490234,55.76148986816406,358.67047119140625,1.6843339204788208,1.6843339204788208,1.6843339204788208,0.0
16.865034103393555,41.15999984741211,1000.0,57.0,0.7498673796653748,0.02230311743915081,9.0,1.002231478691101,1.002231478691101,1.002231478691101,0.021872855722904205,0.00023039999359752983,0.5128723382949829,1160000.0,-0.030234847217798233,0.005193553864955902,-0.18046694993972778,0.030364155769348145,-0.004033666104078293,1.6275757551193237,1.235109567642212,-0.7099363803863525,4.941587924957275,3624.919677734375,25.370840072631836,38.47275161743164,63.84359359741211,313.26556396484375,1.711210012435913,1.711210012435913,1.711210012435913,0.0
16.870176315307617,39.79999923706055,1000.0,58.0,0.7473731637001038,0.02112753875553608,7.0,1.000197410583496,1.000197410583496,1.000197410583496,0.02288004197180271,0.000229199999012053,0.5116075277328491,1180000.0,-0.03374141827225685,-0.003506571054458618,0.22414915263652802,0.03175494074821472,0.0013907849788665771,1.737559199333191,1.7272465229034424,0.49213695526123047,5.4894890785217285,3680.568603515625,26.51207733154297,29.110807418823242,55.62288284301758,359.5642395019531,1.737061858177185,1.737061858177185,1.737061858177185,0.0
16.81984519958496,38.279998779296875,1000.0,59.0,0.7413991093635559,0.02041931450366974,6.0,0.9997426271438599,0.9997426271438599,0.9997426271438599,0.021093491464853287,0.0002280000044265762,0.5085740089416504,1200000.0,-0.02950163744390011,0.004239780828356743,0.23606012761592865,0.03527683764696121,0.0035218968987464905,1.8241740465164185,1.9614835977554321,0.23423707485198975,5.928749084472656,3730.92578125,25.61480712890625,24.7169189453125,50.332725524902344,397.3558044433594,1.7618461847305298,1.7618461847305298,1.7618461847305298,0.0
17.72025489807129,40.81999969482422,1000.0,60.0,0.7302761673927307,0.023451266810297966,8.0,1.000038981437683,1.000038981437683,1.000038981437683,0.021610412746667862,0.00022679999528918415,0.5028424859046936,1220000.0,-0.03308261185884476,-0.0035809744149446487,-0.17792198061943054,0.03391845524311066,-0.0013583824038505554,1.9016427993774414,1.5449342727661133,-0.41654932498931885,5.630656719207764,3793.150390625,26.563060760498047,35.63722229003906,62.20028305053711,321.5419616699219,1.7859169244766235,1.7859169244766235,1.7859169244766235,0.0
18.272668838500977,43.060001373291016,1000.0,61.0,0.7223165035247803,0.020992431789636612,5.0,1.00044846534729,1.00044846534729,1.00044846534729,0.0231630839407444,0.00022560000070370734,0.4988136291503906,1240000.0,-0.023774538189172745,0.009308073669672012,0.1321868896484375,0.03271213918924332,-0.00120631605386734,1.867154836654663,2.437652587890625,0.8927183151245117,5.345339298248291,3839.146240234375,23.521072387695312,22.451656341552734,45.97272872924805,435.04052734375,1.8095670938491821,1.8095670938491821,1.8095670938491821,0.0
18.590978622436523,41.20000076293945,1000.0,62.0,0.7269664406776428,0.02057574689388275,6.0,0.9989196062088013,0.9989196062088013,0.9989196062088013,0.022209251299500465,0.00022440000611823052,0.5011730790138245,1260000.0,-0.029061241075396538,-0.005286702886223793,-0.20400622487068176,0.03475942835211754,0.002047289162874222,1.8633816242218018,2.0594420433044434,-0.37821054458618164,5.081949710845947,3889.852294921875,24.917938232421875,25.76292610168457,50.68086624145508,394.6262512207031,1.8326629400253296,1.8326629400253296,1.8326629400253296,0.0
18.168804168701172,42.7599983215332,1000.0,63.0,0.7194744348526001,0.020275555551052094,7.0,1.0000711679458618,1.0000711679458618,1.0000711679458618,0.020797723904252052,0.00022319999698083848,0.49734893441200256,1280000.0,-0.029896752908825874,-0.0008355118334293365,0.21040403842926025,0.03685751184821129,0.00209808349609375,1.8233498334884644,1.9212126731872559,-0.1382293701171875,4.614614009857178,3945.183349609375,25.47300148010254,29.834095001220703,55.307098388671875,361.61724853515625,1.8554189205169678,1.8554189205169678,1.8554189205169678,0.0
18.936630249023438,44.20000076293945,1000.0,64.0,0.7174211144447327,0.020017072558403015,5.0,0.9993077516555786,0.9993077516555786,0.9993077516555786,0.02093396708369255,0.00022200000239536166,0.49640917778015137,1300000.0,-0.025566671043634415,0.00433008186519146,0.12793844938278198,0.03745540603995323,0.0005978941917419434,1.927735686302185,2.214264154434204,0.29305148124694824,5.324547290802002,3990.466552734375,24.172142028808594,21.084245681762695,45.257389068603516,441.91680908203125,1.8780179023742676,1.8780179023742676,1.8780179023742676,0.0
18.225181579589844,41.91999816894531,1000.0,65.0,0.7151132822036743,0.02012140117585659,7.0,1.0007708072662354,1.0007708072662354,1.0007708072662354,0.020758571103215218,0.00022079999325796962,0.49527066946029663,1320000.0,-0.026491018012166023,-0.0009243469685316086,0.0028264429420232773,0.03553330525755882,-0.0019221007823944092,1.7660642862319946,1.3530863523483276,-0.8611778020858765,4.5533061027526855,4046.199951171875,25.760934829711914,29.94904136657715,55.70997619628906,359.00213623046875,1.9002561569213867,1.9002561569213867,1.9002561569213867,0.0
18.977575302124023,42.0,1000.0,66.0,0.7041496634483337,0.020932583138346672,6.0,1.0006077289581299,1.0006077289581299,1.0006077289581299,0.022986454889178276,0.0002195999986724928,0.48976650834083557,1340000.0,-0.02805984392762184,-0.0015688259154558182,0.2370128333568573,0.037057120352983475,0.001523815095424652,2.002169370651245,1.9204622507095337,0.567375898361206,4.786368370056152,4096.4580078125,25.041370391845703,25.19135856628418,50.232730865478516,398.14678955078125,1.9221842288970947,1.9221842288970947,1.9221842288970947,0.0
19.117856979370117,38.459999084472656,1000.0,67.0,0.6995533108711243,0.021150100976228714,7.0,0.9985155463218689,0.9985155463218689,0.9985155463218689,0.022185778245329857,0.00021840000408701599,0.48749783635139465,1360000.0,-0.028811905533075333,-0.0007520616054534912,0.09197036176919937,0.03673838824033737,-0.0003187321126461029,1.8956636190414429,1.7643933296203613,-0.15606892108917236,4.708339214324951,4154.3427734375,26.52945899963379,31.332012176513672,57.86146926879883,345.6531677246094,1.9434787034988403,1.9434787034988403,1.9434787034988403,0.0
19.450111389160156,47.34000015258789,1000.0,68.0,0.6990148425102234,0.025713860988616943,1.0,0.9974339604377747,0.9974339604377747,0.9974339604377747,0.021781090646982193,0.00021719999494962394,0.4872095286846161,1380000.0,0.011365966871380806,0.04017787240445614,-0.14751823246479034,0.0409880131483078,0.0042496249079704285,1.9530081748962402,4.872339248657227,3.1079459190368652,4.718220233917236,4181.5419921875,22.375368118286133,4.7980194091796875,27.174358367919922,735.9879760742188,1.965110421180725,1.965110421180725,1.965110421180725,0.0
18.542217254638672,50.29999923706055,1000.0,69.0,0.6929717063903809,0.020368508994579315,5.0,0.9987760186195374,0.9987760186195374,0.9987760186195374,0.020162982866168022,0.00021600000036414713,0.4843282699584961,1400000.0,-0.024723241105675697,-0.0360892079770565,-0.1529180109500885,0.03665899857878685,-0.00432901456952095,1.7660353183746338,2.377194881439209,-2.4951443672180176,4.615284442901611,4231.17822265625,27.43410301208496,22.181285858154297,49.615386962890625,403.1007385253906,1.9873509407043457,1.9873509407043457,1.9873509407043457,0.0
18.219572067260742,54.63999938964844,1000.0,70.0,0.6957074403762817,0.020088639110326767,6.0,0.9997999668121338,0.9997999668121338,0.9997999668121338,0.021837614476680756,0.0002148000057786703,0.4855007231235504,1420000.0,-0.031152701005339622,-0.006429459899663925,0.11552514135837555,0.032600287348032,-0.004058711230754852,1.9093512296676636,2.363247871398926,-0.013947010040283203,5.3799004554748535,4281.63525390625,24.736326217651367,25.69097900390625,50.427303314208984,396.61053466796875,2.0105764865875244,2.0105764865875244,2.0105764865875244,0.0
17.54566192626953,57.86000061035156,1000.0,71.0,0.6923555135726929,0.020942166447639465,6.0,1.0000869035720825,1.0000869035720825,1.0000869035720825,0.022098947316408157,0.00021359999664127827,0.4838882386684418,1440000.0,-0.033033810555934906,-0.0018811095505952835,0.24461351335048676,0.03742101788520813,0.004820730537176132,1.8531301021575928,2.446260929107666,0.08301305770874023,5.549330234527588,4332.0546875,24.84030532836914,25.55670738220215,50.397010803222656,396.8489074707031,2.035005807876587,2.035005807876587,2.035005807876587,0.0
17.13574981689453,58.2400016784668,1000.0,72.0,0.686646044254303,0.020667454227805138,7.0,0.9999076128005981,0.9999076128005981,0.9999076128005981,0.021877296268939972,0.00021240000205580145,0.4812069535255432,1460000.0,-0.03290585055947304,0.00012795999646186829,-0.04113803058862686,0.03677517920732498,-0.0006458386778831482,1.765594482421875,2.071150302886963,-0.3751106262207031,5.466009140014648,4386.77734375,24.763830184936523,29.934329986572266,54.698158264160156,365.64300537109375,2.0605545043945312,2.0605545043945312,2.0605545043945312,0.0
17.316354751586914,53.779998779296875,1000.0,73.0,0.6788002848625183,0.021801570430397987,7.0,0.999443769454956,0.999443769454956,0.999443769454956,0.022323021665215492,0.0002111999929184094,0.4774751663208008,1480000.0,-0.03285381570458412,5.2034854888916016e-05,0.25993087887763977,0.03585021197795868,-0.0009249672293663025,1.8239355087280273,1.8450404405593872,-0.22610986232757568,5.65889310836792,4440.54150390625,23.778926849365234,29.960752487182617,53.739681243896484,372.16448974609375,2.0866785049438477,2.0866785049438477,2.0866785049438477,0.0
18.70672607421875,46.939998626708984,1000.0,74.0,0.6739607453346252,0.022500235587358475,8.0,0.9991976618766785,0.9991976618766785,0.9991976618766785,0.02213125489652157,0.0002099999983329326,0.47524166107177734,1500000.0,-0.0347212478518486,-0.0018674321472644806,0.1656780242919922,0.036907121539115906,0.0010569095611572266,2.0576674938201904,1.6090277433395386,-0.23601269721984863,5.6813178062438965,4500.64501953125,24.847787857055664,35.231292724609375,60.079078674316406,332.89459228515625,2.1126468181610107,2.1126468181610107,2.1126468181610107,0.0
19.917207717895508,38.400001525878906,1000.0,75.0,0.6740207672119141,0.022445740178227425,7.0,1.0002535581588745,1.0002535581588745,1.0002535581588745,0.021957743912935257,0.00020880000374745578,0.47524747252464294,1520000.0,-0.03106665425002575,0.003654593601822853,0.050551578402519226,0.03244425356388092,-0.004462867975234985,1.9639430046081543,1.3813992738723755,-0.22762846946716309,4.791988372802734,4557.24462890625,27.435543060302734,29.13976287841797,56.5753059387207,353.5111083984375,2.137605905532837,2.137605905532837,2.137605905532837,0.0
20.418731689453125,34.86000061035156,1000.0,76.0,0.6678682565689087,0.020727913826704025,6.0,0.9991794228553772,0.9991794228553772,0.9991794228553772,0.02235894650220871,0.00020759999461006373,0.47232961654663086,1540000.0,-0.026318727061152458,0.004747927188873291,0.046660784631967545,0.03609523922204971,0.0036509856581687927,2.02376651763916,1.9146538972854614,0.5332546234130859,4.822279453277588,4608.70458984375,26.413787841796875,25.022563934326172,51.43635177612305,388.830078125,2.1612839698791504,2.1612839698791504,2.1612839698791504,0.0
19.50481414794922,41.400001525878906,1000.0,77.0,0.6653645634651184,0.020057126879692078,6.0,1.0008373260498047,1.0008373260498047,1.0008373260498047,0.02213263139128685,0.00020640000002458692,0.47117504477500916,1560000.0,-0.03259388729929924,-0.006275160238146782,0.12017414718866348,0.03315604478120804,-0.002939194440841675,2.0312061309814453,2.1050729751586914,0.19041907787322998,4.748536109924316,4662.30810546875,26.586246490478516,26.995065689086914,53.5813102722168,373.26446533203125,2.184499502182007,2.184499502182007,2.184499502182007,0.0
18.949216842651367,53.119998931884766,1000.0,78.0,0.6605748534202576,0.02019360288977623,6.0,1.000546932220459,1.000546932220459,1.000546932220459,0.02254991978406906,0.0002052000054391101,0.46881723403930664,1580000.0,-0.03586353361606598,-0.003269646316766739,0.10679714381694794,0.031132016330957413,-0.0020240284502506256,1.9348098039627075,2.6372764110565186,0.5322034358978271,4.779783725738525,4712.96728515625,22.11669158935547,28.516061782836914,50.632755279541016,395.001220703125,2.20851469039917,2.20851469039917,2.20851469039917,0.0
18.646154403686523,58.65999984741211,1000.0,79.0,0.6544603109359741,0.02193000540137291,7.0,0.9992052912712097,0.9992052912712097,0.9992052912712097,0.021355297416448593,0.00020399999630171806,0.4658464193344116,1600000.0,-0.03781641274690628,-0.0019528791308403015,-0.042608842253685,0.03580313175916672,0.004671115428209305,2.019087314605713,2.155179023742676,-0.4820973873138428,5.10612678527832,4766.0771484375,22.32710075378418,30.7569522857666,53.08405303955078,376.760986328125,2.233808994293213,2.233808994293213,2.233808994293213,0.0
18.456430435180664,51.68000030517578,1000.0,80.0,0.6499605178833008,0.021693123504519463,7.0,1.0017322301864624,1.0017322301864624,1.0017322301864624,0.022817185148596764,0.00020280000171624124,0.4638071060180664,1620000.0,-0.03326210752129555,0.004554305225610733,-0.27657175064086914,0.032059866935014725,-0.003743264824151993,2.018357515335083,1.8497565984725952,-0.30542242527008057,5.304330348968506,4821.9013671875,24.80804443359375,30.993061065673828,55.80110549926758,358.41583251953125,2.2595534324645996,2.2595534324645996,2.2595534324645996,0.0
19.4740047454834,46.279998779296875,1000.0,81.0,0.6511821150779724,0.020024556666612625,6.0,0.9995181560516357,0.9995181560516357,0.9995181560516357,0.02230633795261383,0.00020160000713076442,0.4644343852996826,1640000.0,-0.030681682750582695,0.0025804247707128525,-0.25192850828170776,0.03264541178941727,0.0005855448544025421,2.083479642868042,2.347224235534668,0.49746763706207275,5.289597034454346,4872.97802734375,23.58222198486328,27.4708309173584,51.05305480957031,391.74932861328125,2.2851548194885254,2.2851548194885254,2.2851548194885254,0.0
19.899829864501953,45.099998474121094,1000.0,82.0,0.6439877152442932,0.0203208327293396,5.0,0.9996011853218079,0.9996011853218079,0.9996011853218079,0.022181035950779915,0.00020039999799337238,0.46110770106315613,1660000.0,-0.027571044862270355,0.0031106378883123398,-0.01318754255771637,0.0361613892018795,0.0035159774124622345,1.9407652616500854,2.8500120639801025,0.5027878284454346,4.94193696975708,4919.5830078125,22.940185546875,23.642663955688477,46.58285140991211,429.3425598144531,2.3105108737945557,2.3105108737945557,2.3105108737945557,0.0
19.76592445373535,53.220001220703125,1000.0,83.0,0.6462560892105103,0.02080378867685795,7.0,0.9994885325431824,0.9994885325431824,0.9994885325431824,0.02074216492474079,0.00019920000340789557,0.4622935950756073,1680000.0,-0.03732437640428543,-0.009753331542015076,-0.14574289321899414,0.032699231058359146,-0.0034621581435203552,1.953173279762268,2.043156862258911,-0.8068552017211914,5.279000759124756,4974.107421875,23.004140853881836,31.49644660949707,54.501129150390625,366.9648742675781,2.336491584777832,2.336491584777832,2.336491584777832,0.0
18.20220947265625,48.599998474121094,1000.0,84.0,0.6332036852836609,0.02069885842502117,7.0,0.9989110231399536,0.9989110231399536,0.9989110231399536,0.022009333595633507,0.00019799999427050352,0.45625752210617065,1700000.0,-0.029322350397706032,0.008002026006579399,-0.038939107209444046,0.03141219913959503,-0.0012870319187641144,1.885378122329712,1.6407238245010376,-0.40243303775787354,5.007175445556641,5028.84130859375,24.09571647644043,30.61411476135254,54.70983123779297,365.56500244140625,2.3625638484954834,2.3625638484954834,2.3625638484954834,0.0
17.604143142700195,41.79999923706055,1000.0,85.0,0.63029944896698,0.02135642059147358,6.0,1.0006775856018066,1.0006775856018066,1.0006775856018066,0.022308725863695145,0.0001967999996850267,0.45496866106987,1720000.0,-0.032649893313646317,-0.0033275429159402847,-0.03909063711762428,0.03352159634232521,0.002109397202730179,2.0054972171783447,1.8379067182540894,0.19718289375305176,5.06565523147583,5079.15234375,23.584508895874023,26.700477600097656,50.28498840332031,397.7330322265625,2.3880088329315186,2.3880088329315186,2.3880088329315186,0.0
17.89853858947754,41.099998474121094,1000.0,86.0,0.6291311383247375,0.02027364820241928,5.0,1.000636339187622,1.000636339187622,1.000636339187622,0.022628525272011757,0.0001956000050995499,0.4546804428100586,1740000.0,-0.02793554775416851,0.004714345559477806,-0.04105610400438309,0.03180953487753868,-0.0017120614647865295,1.9496424198150635,2.369818687438965,0.5319119691848755,4.654019832611084,5127.03076171875,25.949037551879883,21.904977798461914,47.8540153503418,417.9377746582031,2.412818193435669,2.412818193435669,2.412818193435669,0.0
18.488265991210938,43.36000061035156,1000.0,87.0,0.6223497986793518,0.02064148336648941,7.0,1.000308632850647,1.000308632850647,1.000308632850647,0.022481275722384453,0.00019439999596215785,0.45155996084213257,1760000.0,-0.035361628979444504,-0.007426081225275993,-0.09294950217008591,0.02966219373047352,-0.0021473411470651627,1.8921419382095337,1.7711137533187866,-0.5987049341201782,4.632658004760742,5182.5048828125,25.57464599609375,29.874954223632812,55.44960021972656,360.6878967285156,2.437302827835083,2.437302827835083,2.437302827835083,0.0
18.763269424438477,43.08000183105469,1000.0,88.0,0.6133242845535278,0.021223537623882294,7.0,0.999995768070221,0.999995768070221,0.999995768070221,0.02225959673523903,0.00019320000137668103,0.4474193751811981,1780000.0,-0.03099132888019085,0.0043703000992536545,-0.022687871009111404,0.03371788561344147,0.004055691882967949,1.9455251693725586,1.3949315547943115,-0.3761821985244751,4.737889766693115,5238.69140625,26.38899803161621,29.773149490356445,56.162147521972656,356.1117248535156,2.461470365524292,2.461470365524292,2.461470365524292,0.0
18.569869995117188,35.58000183105469,1000.0,89.0,0.6081240773200989,0.020012276247143745,6.0,0.9985320568084717,0.9985320568084717,0.9985320568084717,0.021374668926000595,0.00019200000679120421,0.44511669874191284,1800000.0,-0.027435118332505226,0.003556210547685623,0.24048572778701782,0.033029429614543915,-0.0006884559988975525,1.8112579584121704,1.4015253782272339,0.006593823432922363,4.103803634643555,5290.09521484375,25.71337890625,25.66531753540039,51.37869644165039,389.2663879394531,2.484536647796631,2.484536647796631,2.484536647796631,0.0
18.127891540527344,33.15999984741211,1000.0,90.0,0.6125308275222778,0.022433293983340263,6.0,1.000671625137329,1.000671625137329,1.000671625137329,0.020794760435819626,0.00019079999765381217,0.4471246302127838,1820000.0,-0.026537666097283363,0.0008974522352218628,-0.06608416885137558,0.03364186733961105,0.0006124377250671387,1.733951210975647,1.4489444494247437,0.047419071197509766,4.414625644683838,5342.14697265625,24.263835906982422,27.764564514160156,52.02840042114258,384.4054260253906,2.506340980529785,2.506340980529785,2.506340980529785,0.0
17.748388290405273,32.540000915527344,1000.0,91.0,0.617367148399353,0.02093074657022953,6.0,1.0008535385131836,1.0008535385131836,1.0008535385131836,0.023622171953320503,0.00018960000306833535,0.449300616979599,1840000.0,-0.03085220791399479,-0.004314541816711426,0.029611602425575256,0.03339535370469093,-0.00024651363492012024,1.7452043294906616,1.9616198539733887,0.512675404548645,4.394458293914795,5391.29150390625,23.19761085510254,25.92357063293457,49.12118148803711,407.1563415527344,2.526937246322632,2.526937246322632,2.526937246322632,0.0
17.7357234954834,47.119998931884766,1000.0,92.0,0.6153645515441895,0.020502669736742973,6.0,1.0011225938796997,1.0011225938796997,1.0011225938796997,0.023020077496767044,0.0001883999939309433,0.4482749104499817,1860000.0,-0.03791093826293945,-0.007058730348944664,0.054895758628845215,0.03436661884188652,0.0009712651371955872,1.8541526794433594,2.483109474182129,0.5214896202087402,4.857043743133545,5441.12939453125,24.19642448425293,25.616975784301758,49.81340026855469,401.4983825683594,2.5480728149414062,2.5480728149414062,2.5480728149414062,0.0
16.452041625976562,57.560001373291016,1000.0,93.0,0.6147905588150024,0.02099856734275818,5.0,0.9995700120925903,0.9995700120925903,0.9995700120925903,0.021631652489304543,0.0001871999993454665,0.44808799028396606,1880000.0,-0.034413546323776245,0.003497391939163208,-0.23094923794269562,0.03242465481162071,-0.001941964030265808,1.6701534986495972,2.3996949195861816,-0.08341455459594727,4.6223649978637695,5486.97509765625,24.85598373413086,20.965206146240234,45.821189880371094,436.4792785644531,2.570828676223755,2.570828676223755,2.570828676223755,0.0
16.40654945373535,57.220001220703125,1000.0,94.0,0.6129323244094849,0.020059727132320404,6.0,1.0019118785858154,1.0019118785858154,1.0019118785858154,0.020586863160133362,0.00018600000475998968,0.44739049673080444,1900000.0,-0.03218834102153778,0.0022252053022384644,0.01754780486226082,0.03593045473098755,0.0035057999193668365,1.744401216506958,1.731520175933838,-0.6681747436523438,5.001708507537842,5538.95947265625,27.343059539794922,24.61728858947754,51.960350036621094,384.90887451171875,2.5950028896331787,2.5950028896331787,2.5950028896331787,0.0
15.483802795410156,39.060001373291016,1000.0,95.0,0.6087895035743713,0.020125707611441612,6.0,1.0006204843521118,1.0006204843521118,1.0006204843521118,0.02025965228676796,0.00018479999562259763,0.4455614387989044,1920000.0,-0.028198733925819397,0.003989607095718384,0.014685826376080513,0.04007495567202568,0.004144500941038132,1.689965009689331,1.5494475364685059,-0.18207263946533203,4.779021263122559,5591.60791015625,27.783578872680664,24.841073989868164,52.62465286254883,380.0500183105469,2.618478775024414,2.618478775024414,2.618478775024414,0.0
16.628782272338867,36.13999938964844,1000.0,96.0,0.6018552184104919,0.022264353930950165,8.0,1.004055380821228,1.004055380821228,1.004055380821228,0.022979706525802612,0.00018360000103712082,0.4423379600048065,1940000.0,-0.03621477633714676,-0.008016042411327362,-0.10978089272975922,0.037955183535814285,-0.0021197721362113953,1.8082820177078247,1.535611629486084,-0.013835906982421875,4.296366214752197,5652.75830078125,27.26982879638672,33.857601165771484,61.1274299621582,327.18536376953125,2.6410000324249268,2.6410000324249268,2.6410000324249268,0.0
17.430200576782227,41.02000045776367,1000.0,97.0,0.6002793908119202,0.020351335406303406,7.0,1.0025931596755981,1.0025931596755981,1.0025931596755981,0.023104948922991753,0.000182400006451644,0.44170865416526794,1960000.0,-0.03469456359744072,0.0015202127397060394,0.0990845263004303,0.04073271155357361,0.002777528017759323,1.8312866687774658,1.6961004734039307,0.16048884391784668,4.50215482711792,5709.5810546875,26.263912200927734,30.53460693359375,56.798519134521484,352.1218566894531,2.663214921951294,2.663214921951294,2.663214921951294,0.0
18.608308792114258,44.81999969482422,1000.0,98.0,0.6014589071273804,0.020378585904836655,7.0,1.0003677606582642,1.0003677606582642,1.0003677606582642,0.02316836267709732,0.00018119999731425196,0.44234421849250793,1980000.0,-0.0336751826107502,0.0010193809866905212,0.3407931923866272,0.03787575662136078,-0.0028569549322128296,1.9308695793151855,1.5991185903549194,-0.09698188304901123,4.576773643493652,5764.92919921875,25.33903694152832,29.983848571777344,55.32288360595703,361.5140380859375,2.6855857372283936,2.6855857372283936,2.6855857372283936,0.0
18.587352752685547,46.29999923706055,1000.0,99.0,0.5975902676582336,0.021198740229010582,7.0,1.003097414970398,1.003097414970398,1.003097414970398,0.02330780029296875,0.00018000000272877514,0.44064411520957947,2000000.0,-0.03792310133576393,-0.004247918725013733,0.49588122963905334,0.036109913140535355,-0.0017658434808254242,1.8770971298217773,1.8046696186065674,0.20555102825164795,4.854428768157959,5821.95458984375,25.431472778320312,31.570653915405273,57.00212478637695,350.8641052246094,2.708268880844116,2.708268880844116,2.708268880844116,0.0
19.2224063873291,37.70000076293945,1000.0,100.0,0.5912259221076965,0.022514870390295982,8.0,0.9999075531959534,0.9999075531959534,0.9999075531959534,0.020952606573700905,0.0001787999935913831,0.4377940595149994,2020000.0,-0.028994770720601082,0.00892833061516285,-0.1358487606048584,0.035672564059495926,-0.0004373490810394287,1.8951683044433594,1.1816056966781616,-0.6230639219284058,4.504136562347412,5881.8583984375,24.734390258789062,35.146873474121094,59.881263732910156,333.9942932128906,2.7302663326263428,2.7302663326263428,2.7302663326263428,0.0
19.041513442993164,31.0,1000.0,101.0,0.5828102231025696,0.02262325957417488,7.0,1.0013747215270996,1.0013747215270996,1.0013747215270996,0.021766260266304016,0.00017759999900590628,0.4339858293533325,2040000.0,-0.024219481274485588,0.004775289446115494,0.0813954770565033,0.038154564797878265,0.0024820007383823395,1.8455841541290283,1.0389248132705688,-0.14268088340759277,4.1224589347839355,5936.6494140625,24.090734481811523,30.674970626831055,54.76570510864258,365.1920471191406,2.7508726119995117,2.7508726119995117,2.7508726119995117,0.0
18.864274978637695,26.0,1000.0,102.0,0.5807023048400879,0.022312769666314125,6.0,1.0019677877426147,1.0019677877426147,1.0019677877426147,0.02349487692117691,0.00017640000442042947,0.43301987648010254,2060000.0,-0.028303392231464386,-0.004083910956978798,-0.05743176490068436,0.03707997873425484,-0.0010745860636234283,1.8394984006881714,1.4238648414611816,0.3849400281906128,3.7544078826904297,5988.5205078125,23.770889282226562,28.07668113708496,51.847572326660156,385.7461242675781,2.769632339477539,2.769632339477539,2.769632339477539,0.0
17.800901412963867,33.040000915527344,1000.0,103.0,0.5772302150726318,0.02066616341471672,1.0,1.0012344121932983,1.0012344121932983,1.0012344121932983,0.021489161998033524,0.00017519999528303742,0.4315033555030823,2080000.0,0.015908250585198402,0.04421164281666279,-0.09057336300611496,0.04456017538905144,0.0074801966547966,1.8456095457077026,4.210946083068848,2.787081241607666,4.11447286605835,6016.2353515625,23.01213836669922,4.678525924682617,27.69066619873047,722.2650756835938,2.7875564098358154,2.7875564098358154,2.7875564098358154,0.0
16.982667922973633,35.5,1000.0,104.0,0.5702841877937317,0.02018517069518566,6.0,1.0022292137145996,1.0022292137145996,1.0022292137145996,0.020699378103017807,0.0001740000006975606,0.4285200238227844,2100000.0,-0.026691501960158348,-0.04259975254535675,-0.014411473646759987,0.040810275822877884,-0.0037498995661735535,1.7642894983291626,1.3481206893920898,-2.862825393676758,4.104861736297607,6068.41796875,27.435630798339844,24.72623062133789,52.161861419677734,383.4219055175781,2.8050191402435303,2.8050191402435303,2.8050191402435303,0.0
17.799739837646484,36.68000030517578,1000.0,105.0,0.5616326332092285,0.020808294415473938,6.0,1.000000238418579,1.000000238418579,1.000000238418579,0.021693116053938866,0.0001728000061120838,0.424909383058548,2120000.0,-0.03171175718307495,-0.005020255222916603,-0.04213743656873703,0.035715267062187195,-0.005095008760690689,1.952109932899475,1.598006248474121,0.24988555908203125,4.060534954071045,6119.3603515625,26.20981216430664,24.707027435302734,50.916839599609375,392.79736328125,2.822209119796753,2.822209119796753,2.822209119796753,0.0
17.9046688079834,30.219999313354492,1000.0,106.0,0.5536993741989136,0.020402925089001656,5.0,0.9995341897010803,0.9995341897010803,0.9995341897010803,0.020450720563530922,0.00017159999697469175,0.42160433530807495,2140000.0,-0.023170243948698044,0.008541513234376907,-0.25665196776390076,0.03649749979376793,0.0007822327315807343,1.9629156589508057,1.5602147579193115,-0.03779149055480957,4.273777484893799,6169.32470703125,28.760814666748047,21.17962074279785,49.94043731689453,400.4770812988281,2.8383865356445312,2.8383865356445312,2.8383865356445312,0.0
18.698955535888672,41.86000061035156,1000.0,107.0,0.5592654943466187,0.021968400105834007,7.0,0.9995166063308716,0.9995166063308716,0.9995166063308716,0.02360406331717968,0.00017040000238921493,0.4239901900291443,2160000.0,-0.04224385693669319,-0.019073612987995148,0.09728410840034485,0.03512534126639366,-0.0013721585273742676,1.857824444770813,2.0439677238464355,0.483752965927124,4.254006385803223,6224.39453125,25.1936092376709,29.85226821899414,55.045875549316406,363.3332824707031,2.85504150390625,2.85504150390625,2.85504150390625,0.0
18.22964096069336,48.58000183105469,1000.0,108.0,0.5604686141014099,0.023554250597953796,9.0,0.9993738532066345,0.9993738532066345,0.9993738532066345,0.023036843165755272,0.0001691999932518229,0.4245925843715668,2180000.0,-0.03830474615097046,0.0039391107857227325,-0.2353638857603073,0.033793024718761444,-0.0013323165476322174,1.8827197551727295,1.647844910621643,-0.3961228132247925,4.066687107086182,6287.10693359375,24.214580535888672,38.473793029785156,62.68837356567383,319.0384216308594,2.8729240894317627,2.8729240894317627,2.8729240894317627,0.0
17.994997024536133,49.63999938964844,1000.0,109.0,0.5651348829269409,0.02138575352728367,7.0,0.9996905326843262,0.9996905326843262,0.9996905326843262,0.02205304242670536,0.00016799999866634607,0.42650988698005676,2200000.0,-0.03376208245754242,0.0045426636934280396,0.032756537199020386,0.03853840008378029,0.004745375365018845,1.8480457067489624,1.6204663515090942,-0.027378559112548828,4.563837051391602,6343.27783203125,26.772151947021484,29.373985290527344,56.14613723754883,356.2132873535156,2.892040967941284,2.892040967941284,2.892040967941284,0.0
17.725980758666992,42.18000030517578,1000.0,110.0,0.5649703741073608,0.022250311449170113,7.0,0.9997000098228455,0.9997000098228455,0.9997000098228455,0.0225102286785841,0.00016680000408086926,0.4264019727706909,2220000.0,-0.036279816180467606,-0.002517733722925186,-0.06298814713954926,0.03440431132912636,-0.004134088754653931,1.7869861125946045,1.493573784828186,-0.1268925666809082,4.363165855407715,6399.95751953125,26.767602920532227,29.888519287109375,56.656124114990234,353.0068664550781,2.9113986492156982,2.9113986492156982,2.9113986492156982,0.0
17.371726989746094,39.720001220703125,1000.0,111.0,0.565683126449585,0.021656977012753487,8.0,0.9985561370849609,0.9985561370849609,0.9985561370849609,0.021539874374866486,0.0001655999949434772,0.42668962478637695,2240000.0,-0.036063339561223984,0.00021647661924362183,-0.023673228919506073,0.032278116792440414,-0.0021261945366859436,1.8542358875274658,1.32533597946167,-0.1682378053665161,4.31166934967041,6459.736328125,25.842803955078125,33.912193298339844,59.7549934387207,334.7000427246094,2.9306864738464355,2.9306864738464355,2.9306864738464355,0.0
16.200729370117188,34.2400016784668,1000.0,112.0,0.5654985308647156,0.020128406584262848,7.0,0.9999322295188904,0.9999322295188904,0.9999322295188904,0.021749064326286316,0.0001644000003580004,0.42667990922927856,2260000.0,-0.03606700897216797,-3.6694109439849854e-06,-0.05513814836740494,0.03195013478398323,-0.00032798200845718384,1.6541361808776855,1.418412685394287,0.09307670593261719,4.019032955169678,6517.4765625,28.12555503845215,29.591279983520508,57.716835021972656,346.51934814453125,2.949256658554077,2.949256658554077,2.949256658554077,0.0
16.477561950683594,39.47999954223633,1000.0,113.0,0.5629265904426575,0.02343187853693962,6.0,0.9994148015975952,0.9994148015975952,0.9994148015975952,0.023182151839137077,0.00016320000577252358,0.42560237646102905,2280000.0,-0.04081049934029579,-0.004743490368127823,-0.014710074290633202,0.035716328769922256,0.003766193985939026,1.9320156574249268,2.4360992908477783,1.0176866054534912,4.4327263832092285,6569.55029296875,26.451005935668945,25.59906005859375,52.05006408691406,384.24542236328125,2.9678168296813965,2.9678168296813965,2.9678168296813965,0.0
16.904144287109375,42.619998931884766,1000.0,114.0,0.5637729167938232,0.021364407613873482,8.0,0.999177098274231,0.999177098274231,0.999177098274231,0.021567294374108315,0.00016199999663513154,0.4258725047111511,2300000.0,-0.04401881992816925,-0.003208320587873459,-0.10190973430871964,0.03559814766049385,-0.00011818110942840576,1.8153835535049438,1.666277289390564,-0.7698220014572144,4.585195064544678,6629.9462890625,26.202434539794922,34.164344787597656,60.366783142089844,331.30804443359375,2.9867517948150635,2.9867517948150635,2.9867517948150635,0.0
16.30431365966797,42.5,1000.0,115.0,0.5557413697242737,0.02371317520737648,7.0,1.000308632850647,1.000308632850647,1.000308632850647,0.020925141870975494,0.00016080000204965472,0.42247575521469116,2320000.0,-0.03587419167160988,0.008144628256559372,-0.32642218470573425,0.03201844543218613,-0.003579702228307724,1.6296015977859497,1.3874034881591797,-0.2788738012313843,4.159799098968506,6685.02734375,26.295886993408203,28.75991439819336,55.05580139160156,363.267822265625,3.006016254425049,3.006016254425049,3.006016254425049,0.0
16.570568084716797,36.400001525878906,1000.0,116.0,0.5518696904182434,0.020450515672564507,6.0,1.0005910396575928,1.0005910396575928,1.0005910396575928,0.022058848291635513,0.00015959999291226268,0.4209855794906616,2340000.0,-0.03333282098174095,0.002541370689868927,-0.05439968407154083,0.039357755333185196,0.007339309900999069,1.8856862783432007,1.6875416040420532,0.30013811588287354,4.365715026855469,6738.0029296875,27.831865310668945,25.118669509887695,52.95053482055664,377.71099853515625,3.0248425006866455,3.0248425006866455,3.0248425006866455,0.0
16.621871948242188,43.5,1000.0,117.0,0.5502108931541443,0.020205052569508553,1.0,1.0009517669677734,1.0009517669677734,1.0009517669677734,0.02102084644138813,0.00015839999832678586,0.4202539622783661,2360000.0,0.012766888365149498,0.04609970934689045,0.16975542902946472,0.04055054485797882,0.0011927895247936249,1.8481894731521606,5.012917995452881,3.3253763914108276,4.417438507080078,6769.64794921875,27.126380920410156,4.495004653930664,31.62138557434082,632.4833374023438,3.044142961502075,3.044142961502075,3.044142961502075,0.0
17.561019897460938,41.060001373291016,1000.0,118.0,0.5474544167518616,0.02117936499416828,8.0,1.0005602836608887,1.0005602836608887,1.0005602836608887,0.022722816094756126,0.00015720000374130905,0.4191710650920868,2380000.0,-0.03816280514001846,-0.05092969350516796,-0.07978382706642151,0.037344738841056824,-0.003205806016921997,1.8703691959381104,1.6010246276855469,-3.411893367767334,4.9735870361328125,6827.8515625,23.572927474975586,34.609649658203125,58.182579040527344,343.7455139160156,3.06358003616333,3.06358003616333,3.06358003616333,0.0
17.588237762451172,42.29999923706055,1000.0,119.0,0.5429715514183044,0.021757427603006363,8.0,1.0009667873382568,1.0009667873382568,1.0009667873382568,0.021762574091553688,0.000155999994603917,0.41727426648139954,2400000.0,-0.036809418350458145,0.001353386789560318,0.21823212504386902,0.03310993313789368,-0.004234805703163147,1.7757697105407715,1.2685246467590332,-0.33249998092651367,4.220097541809082,6888.34033203125,25.682018280029297,34.77999496459961,60.462013244628906,330.78619384765625,3.0832972526550293,3.0832972526550293,3.0832972526550293,0.0
18.064115524291992,36.7400016784668,1000.0,120.0,0.5384911298751831,0.020365457981824875,6.0,1.0017378330230713,1.0017378330230713,1.0017378330230713,0.022804444655776024,0.0001548000000184402,0.4153481423854828,2420000.0,-0.035187263041734695,0.0016221553087234497,-0.1186457946896553,0.033690884709358215,0.0005809515714645386,1.955583930015564,1.8311491012573242,0.562624454498291,4.633701324462891,6940.61572265625,26.19146156311035,26.05944061279297,52.25090026855469,382.7685241699219,3.1025891304016113,3.1025891304016113,3.1025891304016113,0.0
18.183046340942383,34.97999954223633,1000.0,121.0,0.5385388731956482,0.021584467962384224,7.0,1.0003517866134644,1.0003517866134644,1.0003517866134644,0.020865589380264282,0.00015360000543296337,0.4155106246471405,2440000.0,-0.027696721255779266,0.007490541785955429,-0.3041832447052002,0.033580560237169266,-0.00011032447218894958,1.905657172203064,1.1624786853790283,-0.6686704158782959,4.625161170959473,6996.5126953125,26.685726165771484,29.186782836914062,55.87250900268555,357.9577941894531,3.1212825775146484,3.1212825775146484,3.1212825775146484,0.0
18.410314559936523,32.34000015258789,1000.0,122.0,0.5368278622627258,0.02046373300254345,8.0,1.0004345178604126,1.0004345178604126,1.0004345178604126,0.021223541349172592,0.00015239999629557133,0.4148217737674713,2460000.0,-0.03227674588561058,-0.004580024629831314,-0.0037665963172912598,0.03613289073109627,0.002552330493927002,1.8535609245300293,1.1492778062820435,-0.013200879096984863,4.321471691131592,7056.802734375,26.299903869628906,33.965057373046875,60.26496505737305,331.8677978515625,3.139108657836914,3.139108657836914,3.139108657836914,0.0
18.895288467407227,31.260000228881836,1000.0,123.0,0.5332356691360474,0.022505849599838257,6.0,1.0013446807861328,1.0013446807861328,1.0013446807861328,0.023069649934768677,0.0001512000017100945,0.41336557269096375,2480000.0,-0.03447295352816582,-0.002196207642555237,-0.1354454904794693,0.03742777183651924,0.0012948811054229736,1.9937855005264282,1.7649955749511719,0.6157177686691284,4.033560752868652,7107.96875,26.330780029296875,24.80702781677246,51.13880920410156,391.0924072265625,3.156017303466797,3.156017303466797,3.156017303466797,0.0
18.127899169921875,31.299999237060547,1000.0,124.0,0.5333210825920105,0.02092590183019638,8.0,1.0012359619140625,1.0012359619140625,1.0012359619140625,0.021384509280323982,0.0001500000071246177,0.41359463334083557,2500000.0,-0.03384781256318092,0.0006251409649848938,0.09863941371440887,0.03715930134057999,-0.00026847049593925476,1.8592575788497925,1.1407586336135864,-0.6242369413375854,4.012208938598633,7168.1591796875,27.187450408935547,32.97902297973633,60.166473388671875,332.4110412597656,3.172104835510254,3.172104835510254,3.172104835510254,0.0
18.1163387298584,33.380001068115234,1000.0,125.0,0.5290380716323853,0.021418821066617966,7.0,1.001548171043396,1.001548171043396,1.001548171043396,0.02174144983291626,0.00014879999798722565,0.4118458926677704,2520000.0,-0.029514310881495476,0.004333501681685448,0.04572584480047226,0.035073306411504745,-0.002085994929075241,1.7964155673980713,1.2278081178665161,0.08704948425292969,4.179812908172607,7224.54345703125,27.764881134033203,28.593544006347656,56.35842514038086,354.87152099609375,3.187718391418457,3.187718391418457,3.187718391418457,0.0
17.142210006713867,30.600000381469727,1000.0,126.0,0.5203716158866882,0.020852694287896156,6.0,1.0011935234069824,1.0011935234069824,1.0011935234069824,0.022412102669477463,0.00014760000340174884,0.4082360863685608,2540000.0,-0.029752466827630997,-0.00023815594613552094,0.023062709718942642,0.03967958316206932,0.004606276750564575,1.8881769180297852,1.5008004903793335,0.2729923725128174,4.286868095397949,7277.16455078125,27.578536987304688,25.018388748168945,52.596923828125,380.2503662109375,3.2025513648986816,3.2025513648986816,3.2025513648986816,0.0
16.8718318939209,38.939998626708984,1000.0,127.0,0.5226717591285706,0.02040855400264263,6.0,1.0005172491073608,1.0005172491073608,1.0005172491073608,0.022420408204197884,0.0001463999942643568,0.4090253710746765,2560000.0,-0.04046967253088951,-0.010717205703258514,0.15037408471107483,0.0346292220056057,-0.005050361156463623,1.8402283191680908,2.194187641143799,0.6933871507644653,4.208146095275879,7328.7138671875,26.421327590942383,25.103113174438477,51.52444076538086,388.165283203125,3.217749834060669,3.217749834060669,3.217749834060669,0.0
17.806236267089844,43.86000061035156,1000.0,128.0,0.5188233256340027,0.021096544340252876,8.0,1.0011754035949707,1.0011754035949707,1.0011754035949707,0.02246416173875332,0.00014519999967887998,0.4074140191078186,2580000.0,-0.04330872744321823,-0.00283905491232872,0.11636881530284882,0.03334265574812889,-0.0012865662574768066,1.9384113550186157,1.787901520729065,-0.4062861204147339,4.635438442230225,7388.19091796875,25.683788299560547,33.76921463012695,59.4530029296875,336.400146484375,3.2339084148406982,3.2339084148406982,3.2339084148406982,0.0
17.335277557373047,53.400001525878906,1000.0,129.0,0.5133798718452454,0.020196717232465744,6.0,1.0018017292022705,1.0018017292022705,1.0018017292022705,0.021109692752361298,0.00014400000509340316,0.40516743063926697,2600000.0,-0.04185781627893448,0.0014509111642837524,-0.08042552322149277,0.038015689700841904,0.004673033952713013,1.8792675733566284,2.367671012878418,0.579769492149353,4.822137355804443,7438.8701171875,25.20146942138672,25.454015731811523,50.655487060546875,394.823974609375,3.25213360786438,3.25213360786438,3.25213360786438,0.0
18.031967163085938,41.65999984741211,1000.0,130.0,0.5152981877326965,0.020238611847162247,8.0,1.0003968477249146,1.0003968477249146,1.0003968477249146,0.020066311582922935,0.00014279999595601112,0.405894935131073,2620000.0,-0.032301995903253555,0.009555820375680923,0.07510126382112503,0.033447641879320145,-0.004568047821521759,1.9140325784683228,1.3562484979629517,-1.0114225149154663,4.3669304847717285,7499.431640625,26.263986587524414,34.272979736328125,60.53696823120117,330.37664794921875,3.270747184753418,3.270747184753418,3.270747184753418,0.0
16.809371948242188,47.400001525878906,1000.0,131.0,0.5137794017791748,0.02011527307331562,1.0,0.999444842338562,0.999444842338562,0.999444842338562,0.020607536658644676,0.0001416000013705343,0.40526145696640015,2640000.0,0.02164880558848381,0.053950801491737366,0.0008376538753509521,0.03859316557645798,0.005145523697137833,1.766174077987671,3.831624984741211,2.4753764867782593,4.554717540740967,7528.10498046875,24.311389923095703,4.337337970733643,28.648727416992188,698.111328125,3.290440797805786,3.290440797805786,3.290440797805786,0.0
18.001708984375,38.540000915527344,1000.0,132.0,0.5152135491371155,0.021058902144432068,9.0,1.0007466077804565,1.0007466077804565,1.0007466077804565,0.021631747484207153,0.00014040000678505749,0.4057810306549072,2660000.0,-0.03929948806762695,-0.060948293656110764,-0.017011668533086777,0.03659244626760483,-0.0020007193088531494,1.9632213115692139,1.328345775604248,-2.503279209136963,4.213336944580078,7591.92431640625,25.414840698242188,38.38261413574219,63.797454833984375,313.49212646484375,3.3099889755249023,3.3099889755249023,3.3099889755249023,0.0
17.178390502929688,51.02000045776367,1000.0,133.0,0.5113233923912048,0.022323671728372574,7.0,1.0002962350845337,1.0002962350845337,1.0002962350845337,0.02286306396126747,0.00013919999764766544,0.40431737899780273,2680000.0,-0.03910339996218681,0.00019608810544013977,0.06755919754505157,0.03320444002747536,-0.003388006240129471,1.825885534286499,1.4644300937652588,0.13608431816101074,4.478115081787109,7649.68603515625,26.911014556884766,30.826126098632812,57.73714065551758,346.3974914550781,3.3309895992279053,3.3309895992279053,3.3309895992279053,0.0
17.929241180419922,39.060001373291016,1000.0,134.0,0.5106101632118225,0.02149777300655842,8.0,1.0014468431472778,1.0014468431472778,1.0014468431472778,0.02266167849302292,0.00013800000306218863,0.40418946743011475,2700000.0,-0.0433734692633152,-0.0042700693011283875,-0.10410057753324509,0.03478504344820976,0.0015806034207344055,1.9293240308761597,1.4858392477035522,0.021409153938293457,4.213201999664307,7711.15283203125,26.199316024780273,35.2429084777832,61.442222595214844,325.509033203125,3.3517889976501465,3.3517889976501465,3.3517889976501465,0.0
17.496824264526367,45.540000915527344,1000.0,135.0,0.506826639175415,0.02164740301668644,6.0,1.0009539127349854,1.0009539127349854,1.0009539127349854,0.022352688014507294,0.00013679999392479658,0.40268903970718384,2720000.0,-0.04146090894937515,0.0019125603139400482,0.08858400583267212,0.03831266611814499,0.0035276226699352264,1.8820711374282837,2.606699228286743,1.120859980583191,4.836603164672852,7763.5205078125,24.832399368286133,27.510250091552734,52.342647552490234,382.09759521484375,3.373237371444702,3.373237371444702,3.373237371444702,0.0
16.982818603515625,37.79999923706055,1000.0,136.0,0.5078428983688354,0.021347256377339363,9.0,1.001494288444519,1.001494288444519,1.001494288444519,0.020688682794570923,0.00013559999933931977,0.4030488431453705,2740000.0,-0.04024725779891014,0.0012136511504650116,0.15723538398742676,0.03331767022609711,-0.004994995892047882,1.6631455421447754,1.2343976497650146,-1.3723015785217285,4.027279376983643,7826.39697265625,23.426563262939453,39.42558288574219,62.85214614868164,318.2071228027344,3.3942859172821045,3.3942859172821045,3.3942859172821045,0.0
17.335689544677734,42.7400016784668,1000.0,137.0,0.506452739238739,0.021541526541113853,8.0,0.9997800588607788,0.9997800588607788,0.9997800588607788,0.02197026088833809,0.00013440000475384295,0.4025539457798004,2760000.0,-0.0388718843460083,0.0013753734529018402,0.011295951902866364,0.037326063960790634,0.004008393734693527,1.971007227897644,1.3555508852005005,0.12115323543548584,3.9595208168029785,7886.74755859375,23.135066986083984,37.1907844543457,60.32585144042969,331.5328369140625,3.4156134128570557,3.4156134128570557,3.4156134128570557,0.0
17.851228713989258,33.08000183105469,1000.0,138.0,0.5045552253723145,0.02229006215929985,9.0,1.0020784139633179,1.0020784139633179,1.0020784139633179,0.022340651601552963,0.0001331999956164509,0.40188899636268616,2780000.0,-0.040307704359292984,-0.0014358200132846832,-0.04582951217889786,0.035527486354112625,-0.001798577606678009,1.8659147024154663,1.2091830968856812,-0.14636778831481934,3.7482266426086426,7950.5,23.743820190429688,39.976783752441406,63.72060012817383,313.8702392578125,3.435946464538574,3.435946464538574,3.435946464538574,0.0
18.502164840698242,49.880001068115234,1000.0,139.0,0.5038027167320251,0.02056039869785309,5.0,1.0013914108276367,1.0013914108276367,1.0013914108276367,0.021664265543222427,0.0001320000010309741,0.4015778601169586,2800000.0,-0.0401771143078804,0.0001305900514125824,0.010068066418170929,0.03494412451982498,-0.0005833618342876434,1.8938982486724854,2.331583261489868,1.122400164604187,3.9613680839538574,7998.044921875,25.099163055419922,22.420673370361328,47.52043533325195,420.87158203125,3.4575531482696533,3.4575531482696533,3.4575531482696533,0.0
18.87727928161621,54.97999954223633,1000.0,140.0,0.5071694254875183,0.022482404485344887,9.0,1.0013175010681152,1.0013175010681152,1.0013175010681152,0.021713927388191223,0.00013080000644549727,0.4029862582683563,2820000.0,-0.0497986376285553,-0.009621523320674896,0.015920866280794144,0.03306512162089348,-0.0018790028989315033,1.9855732917785645,1.5499496459960938,-0.7816336154937744,4.378922462463379,8062.7236328125,26.765764236450195,37.881587982177734,64.64735412597656,309.3707580566406,3.4809484481811523,3.4809484481811523,3.4809484481811523,0.0
18.458538055419922,57.939998626708984,1000.0,141.0,0.49718087911605835,0.022471129894256592,8.0,1.000131607055664,1.000131607055664,1.000131607055664,0.02123906835913658,0.00012959999730810523,0.39886152744293213,2840000.0,-0.040972478687763214,0.008826158940792084,0.017594315111637115,0.03340906277298927,0.0003439411520957947,1.9777618646621704,1.5910720825195312,0.0411224365234375,4.436820983886719,8121.75830078125,24.5944766998291,34.41217803955078,59.006656646728516,338.94482421875,3.5063140392303467,3.5063140392303467,3.5063140392303467,0.0
18.364416122436523,50.619998931884766,1000.0,142.0,0.4913419783115387,0.020164676010608673,7.0,1.0015223026275635,1.0015223026275635,1.0015223026275635,0.02099144272506237,0.00012840000272262841,0.3965364098548889,2860000.0,-0.041013624519109726,-4.114583134651184e-05,0.0381498858332634,0.034866172820329666,0.001457110047340393,1.8635486364364624,1.8435585498809814,0.2524864673614502,4.171634197235107,8177.08251953125,24.631757736206055,30.666536331176758,55.29829406738281,361.6748046875,3.5325355529785156,3.5325355529785156,3.5325355529785156,0.0
17.49830436706543,44.119998931884766,1000.0,143.0,0.4879668653011322,0.02236134186387062,8.0,0.9990679025650024,0.9990679025650024,0.9990679025650024,0.0214665699750185,0.00012719999358523637,0.3951731026172638,2880000.0,-0.04369313269853592,-0.0026795081794261932,0.17231899499893188,0.03325248882174492,-0.0016136839985847473,1.949926733970642,1.811843991279602,-0.031714558601379395,4.591864109039307,8235.349609375,23.63923454284668,34.60335922241211,58.242591857910156,343.39129638671875,3.5587093830108643,3.5587093830108643,3.5587093830108643,0.0
17.061351776123047,41.060001373291016,1000.0,144.0,0.4865298867225647,0.021254288032650948,9.0,1.0004968643188477,1.0004968643188477,1.0004968643188477,0.020492354407906532,0.00012599999899975955,0.3945411741733551,2900000.0,-0.03886047750711441,0.004832655191421509,-0.15415778756141663,0.033897120505571365,0.0006446316838264465,1.8894894123077393,1.2012168169021606,-0.6106271743774414,4.7198896408081055,8298.0458984375,22.994373321533203,39.677242279052734,62.67161560058594,319.1237487792969,3.5844531059265137,3.5844531059265137,3.5844531059265137,0.0
17.33679962158203,34.02000045776367,1000.0,145.0,0.4796721041202545,0.021372748538851738,9.0,0.9988462328910828,0.9988462328910828,0.9988462328910828,0.021874818950891495,0.00012480000441428274,0.39174389839172363,2920000.0,-0.03677321597933769,0.002087261527776718,-0.027018778026103973,0.034832291305065155,0.0009351707994937897,1.8858529329299927,0.9838544726371765,-0.21736234426498413,4.344893932342529,8360.552734375,23.516756057739258,38.965415954589844,62.48217010498047,320.09130859375,3.6088993549346924,3.6088993549346924,3.6088993549346924,0.0
18.05467987060547,37.040000915527344,1000.0,146.0,0.48033246397972107,0.020163262262940407,7.0,1.0017292499542236,1.0017292499542236,1.0017292499542236,0.022269004955887794,0.0001235999952768907,0.39192530512809753,2940000.0,-0.046491317451000214,-0.009718101471662521,-0.00907696783542633,0.03384951502084732,-0.0009827762842178345,2.0393216609954834,1.7747862339019775,0.790931761264801,4.529073238372803,8416.2880859375,24.973873138427734,30.736482620239258,55.71035385131836,358.99969482421875,3.632572889328003,3.632572889328003,3.632572889328003,0.0
17.340145111083984,39.939998626708984,1000.0,147.0,0.4745510518550873,0.020123125985264778,7.0,1.0018370151519775,1.0018370151519775,1.0018370151519775,0.021209044381976128,0.00012240000069141388,0.3896797299385071,2960000.0,-0.043249018490314484,0.00324229896068573,-0.03454558551311493,0.035004790872335434,0.0011552758514881134,1.8068103790283203,1.6291745901107788,-0.14561164379119873,4.036321640014648,8470.966796875,22.437278747558594,32.216583251953125,54.65386199951172,365.9393615722656,3.6559319496154785,3.6559319496154785,3.6559319496154785,0.0
17.657968521118164,39.939998626708984,1000.0,148.0,0.46408072113990784,0.020902397111058235,10.0,0.9977841973304749,0.9977841973304749,0.9977841973304749,0.02035171538591385,0.00012119999882997945,0.38565129041671753,2980000.0,-0.040361594408750534,0.0028874240815639496,-0.06057199835777283,0.03390651196241379,-0.0010982789099216461,1.9236831665039062,1.0539026260375977,-0.5752719640731812,4.289568901062012,8537.3642578125,22.788135528564453,43.58299255371094,66.37112426757812,301.3358459472656,3.679011821746826,3.679011821746826,3.679011821746826,0.0
17.119770050048828,37.08000183105469,1000.0,149.0,0.45873552560806274,0.020938141271471977,7.0,1.0015151500701904,1.0015151500701904,1.0015151500701904,0.021954363211989403,0.00011999999696854502,0.38353148102760315,3000000.0,-0.042600203305482864,-0.0022386088967323303,-0.13086077570915222,0.03767680376768112,0.003770291805267334,1.9380292892456055,1.4872827529907227,0.433380126953125,3.96832537651062,8591.009765625,22.533748626708984,31.0876407623291,53.62139129638672,372.9854736328125,3.7014684677124023,3.7014684677124023,3.7014684677124023,0.0
17.4471492767334,35.939998626708984,1000.0,150.0,0.45373740792274475,0.021238412708044052,8.0,1.0013200044631958,1.0013200044631958,1.0013200044631958,0.020158512517809868,0.0001188000023830682,0.3816027045249939,3020000.0,-0.038436390459537506,0.004163812845945358,-0.27352696657180786,0.03420477733016014,-0.003472026437520981,1.8127357959747314,1.2638694047927856,-0.223413348197937,3.9976890087127686,8648.1376953125,23.614591598510742,33.48601531982422,57.100608825683594,350.25897216796875,3.7232160568237305,3.7232160568237305,3.7232160568237305,0.0
17.798561096191406,41.5,1000.0,151.0,0.45028865337371826,0.021631553769111633,9.0,1.002870798110962,1.002870798110962,1.002870798110962,0.02210792899131775,0.00011760000052163377,0.3803222179412842,3040000.0,-0.043673884123563766,-0.00523749366402626,-0.25726017355918884,0.03723800554871559,0.0030332282185554504,1.8699005842208862,1.3527517318725586,0.08888232707977295,3.9364941120147705,8711.3876953125,25.884384155273438,37.34067153930664,63.225059509277344,316.3302917480469,3.7450623512268066,3.7450623512268066,3.7450623512268066,0.0
18.018339157104492,35.02000045776367,1000.0,152.0,0.44566553831100464,0.0200165044516325,8.0,1.000683069229126,1.000683069229126,1.000683069229126,0.020729295909404755,0.00011639999866019934,0.3785916566848755,3060000.0,-0.04229430854320526,0.0013795755803585052,0.14067871868610382,0.037835776805877686,0.0005977712571620941,1.9770478010177612,1.183929681777954,-0.1688220500946045,4.218436241149902,8770.0322265625,25.077789306640625,33.5418586730957,58.61964797973633,341.1825256347656,3.7661428451538086,3.7661428451538086,3.7661428451538086,0.0
18.57392692565918,30.34000015258789,1000.0,153.0,0.4404284656047821,0.020642098039388657,8.0,1.0006462335586548,1.0006462335586548,1.0006462335586548,0.020696071907877922,0.00011519999679876491,0.37658926844596863,3080000.0,-0.03232843428850174,0.009965874254703522,-0.0014507733285427094,0.03290832042694092,-0.004927456378936768,1.9077693223953247,1.0393567085266113,-0.14457297325134277,3.59155011177063,8829.0185546875,24.284639358520508,34.67640686035156,58.96104431152344,339.20703125,3.7859063148498535,3.7859063148498535,3.7859063148498535,0.0
18.916290283203125,33.08000183105469,1000.0,154.0,0.4458067715167999,0.020037608221173286,7.0,1.0012084245681763,1.0012084245681763,1.0012084245681763,0.022109005600214005,0.0001140000022132881,0.37864288687705994,3100000.0,-0.046203482896089554,-0.013875048607587814,0.08293770253658295,0.03643177077174187,0.003523450344800949,1.965238332748413,1.9568474292755127,0.9174907207489014,3.407106637954712,8882.046875,22.616374969482422,30.387426376342773,53.00380325317383,377.3314208984375,3.8048529624938965,3.8048529624938965,3.8048529624938965,0.0
19.37101936340332,33.63999938964844,1000.0,155.0,0.44273069500923157,0.020351937040686607,9.0,1.0012553930282593,1.0012553930282593,1.0012553930282593,0.021088307723402977,0.00011280000035185367,0.3776072859764099,3120000.0,-0.04202977195382118,0.004173710942268372,-0.10082298517227173,0.03441476449370384,-0.002017006278038025,2.063825845718384,1.3747774362564087,-0.582069993019104,4.024599552154541,8945.6533203125,23.943265914916992,39.62777328491211,63.57103729248047,314.6086730957031,3.82314133644104,3.82314133644104,3.82314133644104,0.0
19.428686141967773,44.099998474121094,1000.0,156.0,0.4400637447834015,0.021386463195085526,10.0,1.0027823448181152,1.0027823448181152,1.0027823448181152,0.021855857223272324,0.00011159999849041924,0.3766242265701294,3140000.0,-0.049079205840826035,-0.007049433887004852,0.13970674574375153,0.03546752780675888,0.0010527633130550385,1.9617139101028442,1.277652621269226,-0.09712481498718262,3.5246100425720215,9011.845703125,22.8581485748291,43.310302734375,66.16844940185547,302.25885009765625,3.8422465324401855,3.8422465324401855,3.8422465324401855,0.0
18.817218780517578,39.279998779296875,1000.0,157.0,0.4338398873806,0.02281293272972107,9.0,1.0020145177841187,1.0020145177841187,1.0020145177841187,0.021107390522956848,0.00011039999662898481,0.3742179274559021,3160000.0,-0.039817195385694504,0.00926201045513153,0.08639903366565704,0.03399724140763283,-0.0014702863991260529,1.9354058504104614,1.310484766960144,0.03283214569091797,3.413796901702881,9072.685546875,21.94741439819336,38.858829498291016,60.806243896484375,328.91357421875,3.861445665359497,3.861445665359497,3.861445665359497,0.0
18.60638427734375,31.8799991607666,1000.0,158.0,0.4283277988433838,0.02115931175649166,10.0,1.0008955001831055,1.0008955001831055,1.0008955001831055,0.021266572177410126,0.00010920000204350799,0.3721129894256592,3180000.0,-0.03806230053305626,0.0017548948526382446,-0.11905176937580109,0.035254690796136856,0.0012574493885040283,1.958066463470459,0.9547265768051147,-0.3557581901550293,3.6306402683258057,9139.138671875,24.669227600097656,41.75620651245117,66.42643737792969,301.0849609375,3.8797287940979004,3.8797287940979004,3.8797287940979004,0.0
18.63690948486328,29.1200008392334,1000.0,159.0,0.43015265464782715,0.02156379446387291,9.0,1.0020912885665894,1.0020912885665894,1.0020912885665894,0.023415958508849144,0.00010800000018207356,0.3728509247303009,3200000.0,-0.050789281725883484,-0.012726981192827225,-0.1478254497051239,0.03392473980784416,-0.001329950988292694,1.9207096099853516,1.538384199142456,0.5836576223373413,3.701680898666382,9201.841796875,24.003437042236328,38.67501449584961,62.67845153808594,319.08892822265625,3.896808385848999,3.896808385848999,3.896808385848999,0.0
18.165266036987305,31.68000030517578,1000.0,160.0,0.43115687370300293,0.020107513293623924,8.0,1.001229166984558,1.001229166984558,1.001229166984558,0.020442215725779533,0.00010679999832063913,0.373261421918869,3220000.0,-0.0389179028570652,0.011871378868818283,-0.012419231235980988,0.03104769065976143,-0.002877049148082733,1.9477514028549194,1.3847578763961792,-0.15362632274627686,3.781768798828125,9259.4462890625,25.071319580078125,32.5067138671875,57.578033447265625,347.35467529296875,3.9131557941436768,3.9131557941436768,3.9131557941436768,0.0
18.230810165405273,33.31999969482422,1000.0,161.0,0.4277110993862152,0.020644208416342735,9.0,1.0002424716949463,1.0002424716949463,1.0002424716949463,0.02079814113676548,0.0001055999964592047,0.37187519669532776,3240000.0,-0.038163457065820694,0.0007544457912445068,-0.09940929710865021,0.03388796001672745,0.0028402693569660187,1.9472016096115112,1.1508426666259766,-0.23391520977020264,3.695521593093872,9324.2236328125,27.029199600219727,37.7238655090332,64.75306701660156,308.8656921386719,3.9290711879730225,3.9290711879730225,3.9290711879730225,0.0
17.813993453979492,41.02000045776367,1000.0,162.0,0.43191424012184143,0.02018810249865055,9.0,1.0014880895614624,1.0014880895614624,1.0014880895614624,0.0219965148717165,0.00010440000187372789,0.37342652678489685,3260000.0,-0.050007037818431854,-0.01184358075261116,0.044828370213508606,0.032819706946611404,-0.001068253070116043,1.8632429838180542,1.421642541885376,0.2707998752593994,3.476775884628296,9389.1376953125,26.60582733154297,38.28352737426758,64.88935852050781,308.2169494628906,3.9456591606140137,3.9456591606140137,3.9456591606140137,0.0
19.072837829589844,39.18000030517578,1000.0,163.0,0.4227052628993988,0.022136935964226723,9.0,1.000125765800476,1.000125765800476,1.000125765800476,0.02053751051425934,0.00010320000001229346,0.370013564825058,3280000.0,-0.043460726737976074,0.00654631108045578,0.02612178400158882,0.03235415369272232,-0.00046555325388908386,2.0451581478118896,1.1636064052581787,-0.25803613662719727,4.241177082061768,9451.865234375,24.568790435791016,38.1343994140625,62.70318603515625,318.9630432128906,3.9626052379608154,3.9626052379608154,3.9626052379608154,0.0
18.445453643798828,41.58000183105469,1000.0,164.0,0.4115307629108429,0.021112538874149323,8.0,1.0024689435958862,1.0024689435958862,1.0024689435958862,0.02055402845144272,0.00010199999815085903,0.3658885061740875,3300000.0,-0.03753018006682396,0.005930546671152115,-0.15786054730415344,0.03539179638028145,0.003037642687559128,1.894965410232544,1.0511125326156616,-0.11249387264251709,3.5240578651428223,9510.8076171875,26.36970329284668,32.54521179199219,58.914913177490234,339.4726257324219,3.980208158493042,3.980208158493042,3.980208158493042,0.0
17.60866355895996,35.2400016784668,1000.0,165.0,0.4104192554950714,0.020794222131371498,10.0,1.0017591714859009,1.0017591714859009,1.0017591714859009,0.0208278838545084,0.00010080000356538221,0.36547747254371643,3320000.0,-0.035578563809394836,0.001951616257429123,-0.1486453115940094,0.03418101742863655,-0.0012107789516448975,1.7962031364440918,0.9129365086555481,-0.13817602396011353,3.5711374282836914,9577.66015625,24.276323318481445,42.552738189697266,66.82906341552734,299.27099609375,3.997532844543457,3.997532844543457,3.997532844543457,0.0
16.790987014770508,38.220001220703125,1000.0,166.0,0.4102407991886139,0.022816011682152748,11.0,1.0026812553405762,1.0026812553405762,1.0026812553405762,0.0226945411413908,9.960000170394778e-05,0.3653583526611328,3340000.0,-0.053062036633491516,-0.01748347282409668,-0.14149980247020721,0.034017015248537064,-0.0001640021800994873,1.8930482864379883,1.2673380374908447,0.35440152883529663,3.6400136947631836,9647.90234375,23.296615600585938,46.919090270996094,70.21570587158203,284.8365783691406,4.015023231506348,4.015023231506348,4.015023231506348,0.0
16.576095581054688,36.5,1000.0,167.0,0.4119333326816559,0.02040247432887554,10.0,0.999096155166626,0.999096155166626,0.999096155166626,0.0209572222083807,9.839999984251335e-05,0.3658865988254547,3360000.0,-0.04177635535597801,0.011285681277513504,-0.22698649764060974,0.03461875393986702,0.0006017386913299561,1.9044040441513062,1.2579482793807983,-0.009389758110046387,3.840575695037842,9714.439453125,21.993389129638672,44.5189094543457,66.51229858398438,300.6962585449219,4.032428741455078,4.032428741455078,4.032428741455078,0.0
16.381277084350586,39.959999084472656,1000.0,168.0,0.40749531984329224,0.020301925018429756,8.0,1.002812147140503,1.002812147140503,1.002812147140503,0.02144705131649971,9.719999798107892e-05,0.3642924726009369,3380000.0,-0.043937984853982925,-0.0021616294980049133,0.08939029276371002,0.033457305282354355,-0.0011614486575126648,1.773697018623352,1.7122420072555542,0.45429372787475586,3.2520203590393066,9770.34765625,22.65365982055664,33.224918365478516,55.878578186035156,357.9189147949219,4.0502424240112305,4.0502424240112305,4.0502424240112305,0.0
17.104860305786133,39.47999954223633,1000.0,169.0,0.4025927782058716,0.02062995359301567,10.0,1.0003266334533691,1.0003266334533691,1.0003266334533691,0.020971078425645828,9.600000339560211e-05,0.3624529242515564,3400000.0,-0.04714158922433853,-0.003203604370355606,0.31344953179359436,0.03471317142248154,0.001255866140127182,1.8978421688079834,1.4634453058242798,-0.24879670143127441,3.7443108558654785,9837.0595703125,24.148540496826172,42.53917694091797,66.68771362304688,299.9053039550781,4.068361282348633,4.068361282348633,4.068361282348633,0.0
16.667102813720703,37.18000030517578,1000.0,170.0,0.3891684114933014,0.021571969613432884,10.0,1.0006911754608154,1.0006911754608154,1.0006911754608154,0.020723672583699226,9.480000153416768e-05,0.3576568365097046,3420000.0,-0.04543653503060341,0.0017050541937351227,-0.2996614873409271,0.0317612923681736,-0.0029518790543079376,1.7822500467300415,1.2040668725967407,-0.25937843322753906,3.5857906341552734,9901.076171875,22.437185287475586,41.553077697753906,63.990264892578125,312.54754638671875,4.0864386558532715,4.0864386558532715,4.0864386558532715,0.0
17.335119247436523,41.70000076293945,1000.0,171.0,0.38250216841697693,0.02193898893892765,10.0,1.002144455909729,1.002144455909729,1.002144455909729,0.021606484428048134,9.359999967273325e-05,0.3553311824798584,3440000.0,-0.054600927978754044,-0.009164392948150635,0.17472249269485474,0.034410543739795685,0.0026492513716220856,1.9029093980789185,1.4258348941802979,0.22176802158355713,3.791860580444336,9965.7861328125,22.41845703125,42.2670783996582,64.68553161621094,309.1881408691406,4.105113983154297,4.105113983154297,4.105113983154297,0.0
17.54587173461914,39.58000183105469,1000.0,172.0,0.3829847574234009,0.02042320743203163,9.0,1.0003079175949097,1.0003079175949097,1.0003079175949097,0.020110659301280975,9.239999781129882e-05,0.3555169105529785,3460000.0,-0.046858131885528564,0.007742796093225479,-0.1373228132724762,0.033492811024188995,-0.0009177327156066895,1.9012830257415771,1.4501091241836548,0.024274230003356934,3.97298526763916,10027.919921875,24.3936767578125,37.710594177246094,62.10515594482422,322.0344543457031,4.124035835266113,4.124035835266113,4.124035835266113,0.0
17.803394317626953,35.13999938964844,1000.0,173.0,0.37307265400886536,0.021877793595194817,10.0,0.9995860457420349,0.9995860457420349,0.9995860457420349,0.020375311374664307,9.1200003225822e-05,0.35193511843681335,3480000.0,-0.03980303555727005,0.007055096328258514,-0.19177071750164032,0.0341494046151638,0.0006565935909748077,1.795241355895996,0.9630783200263977,-0.4870308041572571,3.8373160362243652,10093.96484375,23.9931583404541,42.026851654052734,66.02101135253906,302.9338684082031,4.1425604820251465,4.1425604820251465,4.1425604820251465,0.0
17.440689086914062,36.86000061035156,1000.0,174.0,0.36920371651649475,0.0201119277626276,9.0,1.0017800331115723,1.0017800331115723,1.0017800331115723,0.021313346922397614,9.000000136438757e-05,0.35050061345100403,3500000.0,-0.04932015389204025,-0.009517118334770203,-0.1737978160381317,0.03756929561495781,0.0034198909997940063,1.749995470046997,1.3094918727874756,0.3464135527610779,3.9750070571899414,10155.1181640625,23.332813262939453,37.794315338134766,61.12712860107422,327.1869812011719,4.160972595214844,4.160972595214844,4.160972595214844,0.0
16.41194725036621,30.459999084472656,1000.0,175.0,0.36624032258987427,0.021827923133969307,11.0,1.0034312009811401,1.0034312009811401,1.0034312009811401,0.02020127885043621,8.879999950295314e-05,0.34944021701812744,3520000.0,-0.041180893778800964,0.008139260113239288,-0.09212718904018402,0.03406530246138573,-0.0035039931535720825,1.702209234237671,0.9089021682739258,-0.4005897045135498,3.84342098236084,10224.048828125,23.18539047241211,45.71889877319336,68.9052963256836,290.2534484863281,4.178377628326416,4.178377628326416,4.178377628326416,0.0
16.054567337036133,32.880001068115234,1000.0,176.0,0.35990527272224426,0.020069029182195663,10.0,1.0017143487930298,1.0017143487930298,1.0017143487930298,0.02138267084956169,8.759999764151871e-05,0.3472590744495392,3540000.0,-0.037125617265701294,0.00405527651309967,-0.07524627447128296,0.03632712736725807,0.002261824905872345,1.820380449295044,0.9389117956161499,0.03000962734222412,3.4695379734039307,10288.490234375,21.341758728027344,43.074546813964844,64.41630554199219,310.4803771972656,4.195221900939941,4.195221900939941,4.195221900939941,0.0
16.288171768188477,29.899999618530273,1000.0,177.0,0.35869282484054565,0.020401595160365105,10.0,1.002195119857788,1.002195119857788,1.002195119857788,0.021229298785328865,8.64000030560419e-05,0.34686821699142456,3560000.0,-0.04360175132751465,-0.0064761340618133545,0.013807155191898346,0.031661953777074814,-0.004665173590183258,1.8039113283157349,0.9442520141601562,0.005340218544006348,3.842646598815918,10354.1591796875,21.983957290649414,43.66007614135742,65.64403533935547,304.6735534667969,4.211134910583496,4.211134910583496,4.211134910583496,0.0
15.752654075622559,29.5,1000.0,178.0,0.35334718227386475,0.020893413573503494,10.0,1.0004756450653076,1.0004756450653076,1.0004756450653076,0.020322680473327637,8.520000119460747e-05,0.34507644176483154,3580000.0,-0.04190484806895256,0.001696903258562088,-0.11548931151628494,0.03378825634717941,0.002126302570104599,1.6881706714630127,1.0568859577178955,0.11263394355773926,3.4867289066314697,10417.7490234375,21.23322868347168,42.329872131347656,63.5630989074707,314.64794921875,4.226151943206787,4.226151943206787,4.226151943206787,0.0
16.417091369628906,32.70000076293945,1000.0,179.0,0.35103756189346313,0.020153803750872612,9.0,1.0002689361572266,1.0002689361572266,1.0002689361572266,0.020962802693247795,8.399999933317304e-05,0.34431466460227966,3600000.0,-0.04113922640681267,0.0007656216621398926,-0.3673011064529419,0.039154354482889175,0.005366098135709763,1.8518335819244385,1.2226916551589966,0.16580569744110107,3.315518856048584,10477.4072265625,22.629724502563477,37.001529693603516,59.63125228881836,335.39459228515625,4.240824222564697,4.240824222564697,4.240824222564697,0.0
16.76644515991211,27.719999313354492,1000.0,180.0,0.3442228436470032,0.020239530131220818,10.0,0.9999964833259583,0.9999964833259583,0.9999964833259583,0.019714685156941414,8.27999974717386e-05,0.34194910526275635,3620000.0,-0.03732223063707352,0.003816995769739151,-0.1970178633928299,0.036391016095876694,-0.0027633383870124817,1.8444616794586182,0.9194527864456177,-0.3032388687133789,3.354647636413574,10542.25,23.29456901550293,41.522125244140625,64.81669616699219,308.5624694824219,4.254465579986572,4.254465579986572,4.254465579986572,0.0
17.096708297729492,26.799999237060547,1000.0,181.0,0.333324134349823,0.021258611232042313,11.0,1.0022659301757812,1.0022659301757812,1.0022659301757812,0.020981168374419212,8.160000288626179e-05,0.338140606880188,3640000.0,-0.04016506299376488,-0.0028428323566913605,-0.14844608306884766,0.036906346678733826,0.000515330582857132,1.8305890560150146,0.8377336263656616,-0.08171916007995605,3.270951747894287,10610.916015625,23.113292694091797,45.528568267822266,68.64186096191406,291.3674011230469,4.267043113708496,4.267043113708496,4.267043113708496,0.0
17.328123092651367,23.540000915527344,1000.0,182.0,0.32726529240608215,0.021285580471158028,11.0,1.001682162284851,1.001682162284851,1.001682162284851,0.020805656909942627,8.040000102482736e-05,0.33606797456741333,3660000.0,-0.0397760383784771,0.00038902461528778076,-0.3755854368209839,0.036960799247026443,5.44525682926178e-05,1.709298849105835,0.8791207075119019,0.041387081146240234,2.8205766677856445,10679.6591796875,22.81817054748535,45.900569915771484,68.71874237060547,291.0414123535156,4.278182506561279,4.278182506561279,4.278182506561279,0.0
17.207578659057617,23.940000534057617,1000.0,183.0,0.3199519217014313,0.020657978951931,11.0,1.0001062154769897,1.0001062154769897,1.0001062154769897,0.020360510796308517,7.919999916339293e-05,0.33366358280181885,3680000.0,-0.03593835234642029,0.0038376860320568085,-0.35470566153526306,0.03743249922990799,0.000471699982881546,1.7194658517837524,0.7463454008102417,-0.13277530670166016,2.7429540157318115,10747.8681640625,22.667430877685547,45.514461517333984,68.18189239501953,293.3330078125,4.288081645965576,4.288081645965576,4.288081645965576,0.0
17.21283721923828,28.020000457763672,1000.0,184.0,0.3172028660774231,0.020593374967575073,10.0,1.001389503479004,1.001389503479004,1.001389503479004,0.021517422050237656,7.79999973019585e-05,0.33276236057281494,3700000.0,-0.046378184109926224,-0.010439831763505936,0.29617947340011597,0.038537412881851196,0.0011049136519432068,1.8210160732269287,0.9809971451759338,0.23465174436569214,3.3803508281707764,10812.0302734375,22.363487243652344,41.771915435791016,64.13540649414062,311.8402404785156,4.2974629402160645,4.2974629402160645,4.2974629402160645,0.0
17.479286193847656,30.020000457763672,1000.0,185.0,0.31360960006713867,0.022298455238342285,12.0,1.003494143486023,1.003494143486023,1.003494143486023,0.02192641608417034,7.680000271648169e-05,0.3315315842628479,3720000.0,-0.04588502272963524,0.0004931613802909851,-0.13895583152770996,0.034281760454177856,-0.00425565242767334,1.655129313468933,0.915969729423523,-0.06502741575241089,2.7813024520874023,10885.83984375,22.16042709350586,51.623374938964844,73.78379821777344,271.0622253417969,4.306673049926758,4.306673049926758,4.306673049926758,0.0
16.84546661376953,34.380001068115234,1000.0,186.0,0.3050192594528198,0.0200057215988636,10.0,1.000397801399231,1.000397801399231,1.000397801399231,0.02048131823539734,7.560000085504726e-05,0.3287220001220703,3740000.0,-0.044668760150671005,0.0012162625789642334,0.05841705575585365,0.034995656460523605,0.0007138960063457489,1.8143999576568604,1.0806519985198975,0.1646822690963745,3.49253249168396,10950.13671875,22.333770751953125,41.93701171875,64.27078247070312,311.18341064453125,4.316374778747559,4.316374778747559,4.316374778747559,0.0
17.062650680541992,33.91999816894531,1000.0,187.0,0.3006408214569092,0.020998621359467506,11.0,1.0007200241088867,1.0007200241088867,1.0007200241088867,0.020377812907099724,7.439999899361283e-05,0.3273269832134247,3760000.0,-0.04435554891824722,0.00031321123242378235,-0.09559133648872375,0.03356042876839638,-0.0014352276921272278,1.853635549545288,1.0092612504959106,-0.07139074802398682,3.5291764736175537,11016.91796875,21.714340209960938,45.04292297363281,66.75726318359375,299.5928649902344,4.326455116271973,4.326455116271973,4.326455116271973,0.0
16.970199584960938,33.5,1000.0,188.0,0.29019126296043396,0.020784905180335045,12.0,1.0017304420471191,1.0017304420471191,1.0017304420471191,0.0199593473225832,7.31999971321784e-05,0.32394808530807495,3780000.0,-0.03464852645993233,0.009707022458314896,0.19360221922397614,0.030425824224948883,-0.0031346045434474945,1.7709019184112549,0.6521519422531128,-0.35710930824279785,2.892258405685425,11088.0478515625,22.213953018188477,48.888221740722656,71.1021728515625,281.28533935546875,4.336818218231201,4.336818218231201,4.336818218231201,0.0
16.737140655517578,26.84000015258789,1000.0,189.0,0.2830469608306885,0.022586192935705185,12.0,1.002163052558899,1.002163052558899,1.002163052558899,0.021251386031508446,7.200000254670158e-05,0.3216475248336792,3800000.0,-0.039290495216846466,-0.004641968756914139,0.06154534965753555,0.030748210847377777,0.00032238662242889404,1.6888716220855713,0.7391956448554993,0.08704370260238647,3.115976572036743,11159.5390625,22.593503952026367,48.870792388916016,71.46429443359375,279.8600158691406,4.346446990966797,4.346446990966797,4.346446990966797,0.0
16.755203247070312,27.959999084472656,1000.0,190.0,0.2768816649913788,0.021231262013316154,10.0,0.9998035430908203,0.9998035430908203,0.9998035430908203,0.021529044955968857,7.080000068526715e-05,0.3197595775127411,3820000.0,-0.046889469027519226,-0.00759897381067276,-0.43356001377105713,0.03565720096230507,0.004908990114927292,1.7653449773788452,1.0186015367507935,0.2794058918952942,3.395850896835327,11224.79296875,24.196929931640625,41.030433654785156,65.22746276855469,306.61932373046875,4.355581760406494,4.355581760406494,4.355581760406494,0.0
15.849407196044922,31.760000228881836,1000.0,191.0,0.27538934350013733,0.020668191835284233,11.0,1.0034977197647095,1.0034977197647095,1.0034977197647095,0.020620333030819893,6.959999882383272e-05,0.31941840052604675,3840000.0,-0.041923005133867264,0.004966463893651962,0.10203506797552109,0.03930498659610748,0.003647785633802414,1.7533366680145264,0.9888461232185364,-0.02975541353225708,3.474682092666626,11292.0732421875,22.438796997070312,44.814449310302734,67.25325012207031,297.3834228515625,4.364841461181641,4.364841461181641,4.364841461181641,0.0
15.783371925354004,30.6200008392334,1000.0,192.0,0.27353164553642273,0.021390412002801895,12.0,1.0026439428329468,1.0026439428329468,1.0026439428329468,0.02056945115327835,6.839999696239829e-05,0.3188764452934265,3860000.0,-0.04088190197944641,0.0010411031544208527,0.09772561490535736,0.03588971868157387,-0.003415267914533615,1.777616024017334,0.8659747242927551,-0.12287139892578125,3.226667881011963,11364.1044921875,23.6026611328125,48.403297424316406,72.0059585571289,277.7547912597656,4.374045372009277,4.374045372009277,4.374045372009277,0.0
15.2875337600708,28.719999313354492,1000.0,193.0,0.2703479528427124,0.020198246464133263,12.0,1.001491904258728,1.001491904258728,1.001491904258728,0.020793912932276726,6.720000237692147e-05,0.31788763403892517,3880000.0,-0.04064077138900757,0.00024113059043884277,0.02350025624036789,0.03800449147820473,0.0021147727966308594,1.7962747812271118,0.7475788593292236,-0.1183958649635315,3.1226580142974854,11435.623046875,22.03250503540039,49.459903717041016,71.4924087524414,279.75,4.382914066314697,4.382914066314697,4.382914066314697,0.0
14.975072860717773,28.3799991607666,1000.0,194.0,0.2695879340171814,0.021262435242533684,12.0,1.0028318166732788,1.0028318166732788,1.0028318166732788,0.02144131250679493,6.600000051548705e-05,0.3177269995212555,3900000.0,-0.0451311320066452,-0.004490360617637634,-0.13245032727718353,0.031734298914670944,-0.006270192563533783,1.635440707206726,1.003955364227295,0.2563765048980713,3.173567533493042,11506.6044921875,21.82280731201172,49.13343048095703,70.95623779296875,281.8638610839844,4.391430854797363,4.391430854797363,4.391430854797363,0.0
15.298145294189453,33.84000015258789,1000.0,195.0,0.2639938294887543,0.021323097869753838,12.0,1.0015153884887695,1.0015153884887695,1.0015153884887695,0.021025707945227623,6.479999865405262e-05,0.315984308719635,3920000.0,-0.050678838044404984,-0.005547706037759781,0.22622135281562805,0.03271765634417534,0.0009833574295043945,1.8218892812728882,1.048399806022644,0.04444444179534912,3.2988405227661133,11578.708984375,24.01607894897461,48.06123733520508,72.07731628417969,277.4798278808594,4.400457859039307,4.400457859039307,4.400457859039307,0.0
15.946977615356445,31.020000457763672,1000.0,196.0,0.2573545575141907,0.020312365144491196,13.0,1.0029869079589844,1.0029869079589844,1.0029869079589844,0.020539594814181328,6.359999679261819e-05,0.3138708174228668,3940000.0,-0.04852190613746643,0.002156931906938553,0.034238576889038086,0.035639438778162,0.002921782433986664,1.8514312505722046,1.007756233215332,-0.04064357280731201,3.09558367729187,11654.9150390625,24.178693771362305,52.00094985961914,76.17964172363281,262.5373229980469,4.409521102905273,4.409521102905273,4.409521102905273,0.0
17.6009578704834,31.860000610351562,1000.0,197.0,0.25251930952072144,0.02019723504781723,14.0,1.0033307075500488,1.0033307075500488,1.0033307075500488,0.02080300636589527,6.240000220714137e-05,0.31237468123435974,3960000.0,-0.04335963726043701,0.005162268877029419,-0.26118403673171997,0.03440771624445915,-0.0012317225337028503,1.8949038982391357,0.8449633121490479,-0.16279292106628418,2.863848924636841,11736.3095703125,24.9494686126709,56.418006896972656,81.36747741699219,245.7984619140625,4.4187469482421875,4.4187469482421875,4.4187469482421875,0.0
17.97759246826172,29.399999618530273,1000.0,198.0,0.24749691784381866,0.021413855254650116,15.0,1.004535436630249,1.004535436630249,1.004535436630249,0.021066132932901382,6.120000034570694e-05,0.3106979727745056,3980000.0,-0.04755811765789986,-0.004198480397462845,0.009136423468589783,0.033843111246824265,-0.0005646049976348877,1.8812814950942993,0.8082565069198608,-0.03670680522918701,2.8336942195892334,11821.7021484375,24.50916290283203,60.85667037963867,85.36583709716797,234.2857666015625,4.427746772766113,4.427746772766113,4.427746772766113,0.0
18.665912628173828,38.68000030517578,1000.0,199.0,0.24829034507274628,0.02017064392566681,14.0,1.0043917894363403,1.0043917894363403,1.0043917894363403,0.021719375625252724,5.999999848427251e-05,0.31091588735580444,4000000.0,-0.06162675470113754,-0.014068637043237686,0.07152442634105682,0.035486165434122086,0.001643054187297821,1.9004652500152588,1.3288060426712036,0.5205495357513428,2.91806697845459,11901.775390625,23.39488983154297,56.64986038208008,80.04475402832031,249.8602294921875,4.437960147857666,4.437960147857666,4.437960147857666,0.0
17.696571350097656,42.459999084472656,1000.0,200.0,0.24640995264053345,0.02059921622276306,14.0,1.0006482601165771,1.0006482601165771,1.0006482601165771,0.02023153193295002,5.880000026081689e-05,0.310364693403244,4020000.0,-0.05197587236762047,0.009650882333517075,0.08023533225059509,0.0328105092048645,-0.0026756562292575836,1.8714755773544312,0.9908362030982971,-0.3379698395729065,2.7786242961883545,11982.0693359375,24.3222713470459,55.94336700439453,80.26663970947266,249.16952514648438,4.449845790863037,4.449845790863037,4.449845790863037,0.0
18.397254943847656,41.08000183105469,1000.0,201.0,0.23905448615550995,0.020214339718222618,15.0,1.0023807287216187,1.0023807287216187,1.0023807287216187,0.019773809239268303,5.759999839938246e-05,0.3081095814704895,4040000.0,-0.04973457753658295,0.0022412948310375214,0.0746438205242157,0.0363580547273159,0.0035475455224514008,1.94135582447052,0.9767473936080933,-0.014088809490203857,3.2293221950531006,12067.5712890625,26.052518844604492,59.422752380371094,85.47527313232422,233.98580932617188,4.463031768798828,4.463031768798828,4.463031768798828,0.0
17.54796028137207,32.2599983215332,1000.0,202.0,0.23548166453838348,0.020603159442543983,15.0,1.0044375658035278,1.0044375658035278,1.0044375658035278,0.021153826266527176,5.6400000175926834e-05,0.3069459795951843,4060000.0,-0.054905809462070465,-0.005171231925487518,-0.23585626482963562,0.0354696586728096,-0.0008883960545063019,1.8322640657424927,0.8110064268112183,-0.165740966796875,3.0444183349609375,12153.103515625,25.76934051513672,59.735145568847656,85.50448608398438,233.90585327148438,4.476047992706299,4.476047992706299,4.476047992706299,0.0
17.32535171508789,27.239999771118164,1000.0,203.0,0.22863635420799255,0.020360875874757767,14.0,1.0004316568374634,1.0004316568374634,1.0004316568374634,0.020175758749246597,5.5199998314492404e-05,0.30481281876564026,4080000.0,-0.04501840099692345,0.009887408465147018,0.04434116184711456,0.031979963183403015,-0.0034896954894065857,1.857317328453064,0.7491875886917114,-0.061818838119506836,3.1687018871307373,12234.4755859375,25.511810302734375,55.83049011230469,81.34230041503906,245.87452697753906,4.48814058303833,4.48814058303833,4.48814058303833,0.0
16.4285888671875,30.200000762939453,1000.0,204.0,0.22279015183448792,0.020425742492079735,13.0,1.001712679862976,1.001712679862976,1.001712679862976,0.020334942266345024,5.400000009103678e-05,0.303026407957077,4100000.0,-0.050132136791944504,-0.005113735795021057,-0.15584926307201385,0.029578814283013344,-0.0024011489003896713,1.8343194723129272,0.9093912839889526,0.1602036952972412,3.4471700191497803,12311.6337890625,25.689517974853516,51.44112777709961,77.13064575195312,259.30029296875,4.4998579025268555,4.4998579025268555,4.4998579025268555,0.0
16.238784790039062,34.58000183105469,1000.0,205.0,0.21727022528648376,0.021131735295057297,15.0,1.000699758529663,1.000699758529663,1.000699758529663,0.019948994740843773,5.279999822960235e-05,0.30135539174079895,4120000.0,-0.054781991988420486,-0.004649855196475983,-0.03609805554151535,0.03263721242547035,0.0030583981424570084,1.8558398485183716,0.891254186630249,-0.018137097358703613,3.2479143142700195,12396.97265625,26.313053131103516,58.99755859375,85.31061553955078,234.4374237060547,4.511915683746338,4.511915683746338,4.511915683746338,0.0
15.296046257019043,38.20000076293945,1000.0,206.0,0.21382831037044525,0.02022220380604267,15.0,1.0031871795654297,1.0031871795654297,1.0031871795654297,0.020335659384727478,5.160000000614673e-05,0.30032140016555786,4140000.0,-0.05886705592274666,-0.004085063934326172,0.00383826345205307,0.029645096510648727,-0.0029921159148216248,1.5812408924102783,0.980492353439331,0.08923816680908203,3.016521453857422,12480.17578125,23.537275314331055,59.63771057128906,83.17498779296875,240.4569091796875,4.52484130859375,4.52484130859375,4.52484130859375,0.0
15.397663116455078,33.65999984741211,1000.0,207.0,0.20448337495326996,0.021038945764303207,16.0,1.0018634796142578,1.0018634796142578,1.0018634796142578,0.019507357850670815,5.0400001782691106e-05,0.29756441712379456,4160000.0,-0.0464300736784935,0.012436982244253159,-0.13673576712608337,0.03516051173210144,0.005515415221452713,1.807355523109436,0.7079483866691589,-0.2725439667701721,3.4554319381713867,12568.0,23.694765090942383,64.10108947753906,87.79585266113281,227.8011932373047,4.5378522872924805,4.5378522872924805,4.5378522872924805,0.0
15.538945198059082,25.940000534057617,1000.0,208.0,0.18871916830539703,0.021636173129081726,16.0,1.0004504919052124,1.0004504919052124,1.0004504919052124,0.019762206822633743,4.9199999921256676e-05,0.2929811179637909,4180000.0,-0.03620734065771103,0.01022273302078247,-0.21720999479293823,0.03375233709812164,-0.0014081746339797974,1.7797185182571411,0.5483407974243164,-0.15960758924484253,3.028273344039917,12654.453125,22.5853214263916,63.84074401855469,86.42606353759766,231.4116668701172,4.549740314483643,4.549740314483643,4.549740314483643,0.0
16.318944931030273,22.81999969482422,1000.0,209.0,0.1822429895401001,0.02109558694064617,15.0,1.006519079208374,1.006519079208374,1.006519079208374,0.021971795707941055,4.8000001697801054e-05,0.29115742444992065,4200000.0,-0.05189530923962593,-0.0156879685819149,0.14046470820903778,0.03367841616272926,-7.392093539237976e-05,1.7790848016738892,0.7306045293807983,0.18226373195648193,3.0824499130249023,12739.833984375,25.95785140991211,59.39491653442383,85.35276794433594,234.32164001464844,4.560125350952148,4.560125350952148,4.560125350952148,0.0
15.749200820922852,29.81999969482422,1000.0,210.0,0.18160678446292877,0.020525822415947914,16.0,1.0045198202133179,1.0045198202133179,1.0045198202133179,0.02084084413945675,4.6799999836366624e-05,0.29098743200302124,4220000.0,-0.059934768825769424,-0.008039459586143494,-0.15203410387039185,0.03315991908311844,-0.0005184970796108246,1.6528096199035645,0.9499947428703308,0.21939021348953247,3.624760627746582,12827.57421875,24.239341735839844,63.47492599487305,87.71427154541016,228.01307678222656,4.570253372192383,4.570253372192383,4.570253372192383,0.0
15.837177276611328,31.780000686645508,1000.0,211.0,0.1748853325843811,0.021297644823789597,16.0,1.0011628866195679,1.0011628866195679,1.0011628866195679,0.020103594288229942,4.5600001612911e-05,0.28901809453964233,4240000.0,-0.04951206222176552,0.010422706604003906,-0.12697173655033112,0.035025130957365036,0.0018652118742465973,1.8719398975372314,0.7216590046882629,-0.22833573818206787,3.5692574977874756,12914.771484375,21.68818473815918,65.4818344116211,87.1700210571289,229.43667602539062,4.580459117889404,4.580459117889404,4.580459117889404,0.0
15.080663681030273,31.760000228881836,1000.0,212.0,0.1629440039396286,0.020403975620865822,18.0,1.0035306215286255,1.0035306215286255,1.0035306215286255,0.019650494679808617,4.439999975147657e-05,0.2855766713619232,4260000.0,-0.04500608146190643,0.004505980759859085,0.005465932190418243,0.02941851131618023,-0.005606619641184807,1.4935046434402466,0.5471577644348145,-0.1745012402534485,2.737734079360962,13007.8828125,20.82064437866211,72.26113891601562,93.08177947998047,214.8648223876953,4.590734004974365,4.590734004974365,4.590734004974365,0.0
15.497164726257324,26.020000457763672,1000.0,213.0,0.1532447338104248,0.020302753895521164,17.0,1.003073811531067,1.003073811531067,1.003073811531067,0.019537363201379776,4.320000152802095e-05,0.2828376591205597,4280000.0,-0.03897496312856674,0.006031118333339691,-0.22350308299064636,0.03414423018693924,0.00472571887075901,1.6371222734451294,0.5841207504272461,0.03696298599243164,2.922321319580078,13097.6806640625,21.145397186279297,68.62429809570312,89.76969909667969,222.79232788085938,4.6001667976379395,4.6001667976379395,4.6001667976379395,0.0
15.129149436950684,27.760000228881836,1000.0,214.0,0.14519917964935303,0.020121902227401733,14.0,1.0041961669921875,1.0041961669921875,1.0041961669921875,0.020459597930312157,4.199999966658652e-05,0.2806084454059601,4300000.0,-0.04796585068106651,-0.008990887552499771,-0.06065623089671135,0.03254783898591995,-0.0015963912010192871,1.6918779611587524,0.8435671925544739,0.2594464421272278,2.8987433910369873,13175.982421875,22.05666732788086,56.215946197509766,78.27261352539062,255.5172119140625,4.609116554260254,4.609116554260254,4.609116554260254,0.0
14.692117691040039,28.0,1000.0,215.0,0.13730522990226746,0.02044511027634144,18.0,1.0014160871505737,1.0014160871505737,1.0014160871505737,0.019325606524944305,4.0800001443130895e-05,0.2783874571323395,4320000.0,-0.044682182371616364,0.0032836683094501495,-0.08816415071487427,0.02917155995965004,-0.0033762790262699127,1.5385239124298096,0.621709406375885,-0.22185778617858887,2.8104965686798096,13268.9638671875,21.170869827270508,71.7818374633789,92.95271301269531,215.16317749023438,4.617669105529785,4.617669105529785,4.617669105529785,0.0
15.598957061767578,26.239999771118164,1000.0,216.0,0.1296142339706421,0.020001720637083054,18.0,1.0004054307937622,1.0004054307937622,1.0004054307937622,0.020388344302773476,3.9599999581696466e-05,0.27623721957206726,4340000.0,-0.04292188212275505,0.0017603002488613129,0.10364890098571777,0.030994048342108727,0.0018224883824586868,1.7787014245986938,0.5469659566879272,-0.07474344968795776,2.834151268005371,13362.603515625,21.71892738342285,71.8927993774414,93.61173248291016,213.6484375,4.625584125518799,4.625584125518799,4.625584125518799,0.0
14.20068073272705,21.8799991607666,1000.0,217.0,0.11728872358798981,0.02031196653842926,20.0,1.003623604774475,1.003623604774475,1.003623604774475,0.01911979541182518,3.840000135824084e-05,0.2728480100631714,4360000.0,-0.03831298649311066,0.004608895629644394,0.433308482170105,0.0300045907497406,-0.000989457592368126,1.47781503200531,0.48778069019317627,-0.05918526649475098,2.4614102840423584,13464.2958984375,21.04058265686035,80.62451934814453,101.66510772705078,196.72433471679688,4.632226467132568,4.632226467132568,4.632226467132568,0.0
14.43693733215332,23.479999542236328,1000.0,218.0,0.10672071576118469,0.02086995169520378,19.0,1.0051206350326538,1.0051206350326538,1.0051206350326538,0.020192153751850128,3.719999949680641e-05,0.26993274688720703,4380000.0,-0.04453711211681366,-0.006224125623703003,-0.028482170775532722,0.03121965378522873,0.0012150630354881287,1.4870840311050415,0.49508345127105713,0.007302761077880859,2.2296676635742188,13562.0634765625,20.97020149230957,76.76697540283203,97.73717498779297,204.63043212890625,4.637975692749023,4.637975692749023,4.637975692749023,0.0
13.085759162902832,23.520000457763672,1000.0,219.0,0.09864874184131622,0.0200525913387537,19.0,1.0036468505859375,1.0036468505859375,1.0036468505859375,0.02024371176958084,3.600000127335079e-05,0.26774439215660095,4400000.0,-0.046579353511333466,-0.002042241394519806,0.293111652135849,0.03241089731454849,0.0011912435293197632,1.549959421157837,0.6304535865783691,0.135370135307312,2.667130947113037,13660.77734375,20.982471466064453,77.70330810546875,98.68577575683594,202.6634521484375,4.642925262451172,4.642925262451172,4.642925262451172,0.0
14.286495208740234,27.84000015258789,1000.0,220.0,0.09184607863426208,0.02091948315501213,19.0,1.006628155708313,1.006628155708313,1.006628155708313,0.02080524154007435,3.479999941191636e-05,0.26583871245384216,4420000.0,-0.05095452442765236,-0.004375170916318893,0.2957054674625397,0.0325997918844223,0.00018889456987380981,1.6135494709014893,0.8738716840744019,0.24341809749603271,2.5102317333221436,13757.83984375,21.361440658569336,75.67054748535156,97.03199005126953,206.1175994873047,4.647848606109619,4.647848606109619,4.647848606109619,0.0
15.569636344909668,36.15999984741211,1000.0,221.0,0.08478639274835587,0.02061576209962368,20.0,1.0054954290390015,1.0054954290390015,1.0054954290390015,0.020739702507853508,3.360000118846074e-05,0.2639208436012268,4440000.0,-0.07122793048620224,-0.02027340605854988,0.33701092004776,0.032679542899131775,7.975101470947266e-05,1.748876929283142,1.1654804944992065,0.2916088104248047,2.973158597946167,13859.54296875,21.12162208557129,80.55094146728516,101.67256164550781,196.70989990234375,4.654090404510498,4.654090404510498,4.654090404510498,0.0
15.037553787231445,38.459999084472656,1000.0,222.0,0.0837482362985611,0.02023303136229515,24.0,1.0028905868530273,1.0028905868530273,1.0028905868530273,0.020038386806845665,3.239999932702631e-05,0.26360005140304565,4460000.0,-0.06207360699772835,0.009154323488473892,-0.26842305064201355,0.02820868417620659,-0.004470858722925186,1.4675191640853882,0.8520287275314331,-0.31345176696777344,2.5238800048828125,13977.001953125,22.303699493408203,95.12608337402344,117.4297866821289,170.31454467773438,4.66189432144165,4.66189432144165,4.66189432144165,0.0
15.620645523071289,33.7599983215332,1000.0,223.0,0.07663310319185257,0.020118189975619316,20.0,1.0013810396194458,1.0013810396194458,1.0013810396194458,0.01945178583264351,3.1200001103570685e-05,0.26171234250068665,4480000.0,-0.05519125983119011,0.0068823471665382385,-0.016131825745105743,0.036403968930244446,0.008195284754037857,1.84540855884552,0.6985718011856079,-0.1534569263458252,3.634963274002075,14078.7138671875,22.963546752929688,78.71402740478516,101.67757415771484,196.70021057128906,4.670352458953857,4.670352458953857,4.670352458953857,0.0
15.84273910522461,28.65999984741211,1000.0,224.0,0.06683718413114548,0.02028093859553337,25.0,1.004481554031372,1.004481554031372,1.004481554031372,0.019597100093960762,2.9999999242136255e-05,0.25923147797584534,4500000.0,-0.06382335722446442,-0.008632097393274307,0.37396374344825745,0.03327389061450958,-0.0031300783157348633,1.75943124294281,0.7537800669670105,0.05520826578140259,3.505650758743286,14200.56640625,22.730606079101562,99.0922622680664,121.82286834716797,164.17279052734375,4.678577899932861,4.678577899932861,4.678577899932861,0.0
16.431350708007812,29.399999618530273,1000.0,225.0,0.06288279592990875,0.02030223421752453,24.0,1.0046656131744385,1.0046656131744385,1.0046656131744385,0.020126117393374443,2.879999919969123e-05,0.25817596912384033,4520000.0,-0.05890952795743942,0.004913829267024994,-0.23757079243659973,0.028962986543774605,-0.004310904070734978,1.7350645065307617,0.7219099402427673,-0.031870126724243164,3.5331039428710938,14317.474609375,22.786514282226562,94.0902328491211,116.87674713134766,171.1204376220703,4.686715126037598,4.686715126037598,4.686715126037598,0.0
15.709888458251953,29.860000610351562,1000.0,226.0,0.05443960428237915,0.02016534097492695,23.0,1.0026299953460693,1.0026299953460693,1.0026299953460693,0.019250689074397087,2.7599999157246202e-05,0.25598424673080444,4540000.0,-0.05778896063566208,0.0011205673217773438,-0.04233124852180481,0.030410002917051315,0.0014470163732767105,1.7457070350646973,0.6193588376045227,-0.10255110263824463,3.6264569759368896,14432.34765625,23.42264175415039,91.41859436035156,114.84225463867188,174.1519317626953,4.694849491119385,4.694849491119385,4.694849491119385,0.0
14.830440521240234,31.760000228881836,1000.0,227.0,0.04236173257231712,0.020491866394877434,27.0,1.002461314201355,1.002461314201355,1.002461314201355,0.019919032230973244,2.6399999114801176e-05,0.25289204716682434,4560000.0,-0.06008683145046234,-0.0022978708148002625,0.01831662654876709,0.029263442382216454,-0.0011465605348348618,1.6005969047546387,0.6006565690040588,-0.018702268600463867,3.512993812561035,14562.10546875,21.173044204711914,108.55436706542969,129.7274169921875,154.16941833496094,4.7032928466796875,4.7032928466796875,4.7032928466796875,0.0
15.341766357421875,32.720001220703125,1000.0,228.0,0.028891686350107193,0.020457448437809944,27.0,1.004225730895996,1.004225730895996,1.004225730895996,0.01936515048146248,2.5200000891345553e-05,0.2495344877243042,4580000.0,-0.05749734863638878,0.0025894828140735626,-0.13950207829475403,0.03214140608906746,0.0028779637068510056,1.7128474712371826,0.6365481615066528,0.035891592502593994,3.4378418922424316,14691.0048828125,21.454822540283203,107.4127426147461,128.86756896972656,155.19808959960938,4.712173938751221,4.712173938751221,4.712173938751221,0.0
16.50347137451172,29.440000534057617,1000.0,229.0,0.01876363717019558,0.020187703892588615,28.0,1.0019941329956055,1.0019941329956055,1.0019941329956055,0.019009850919246674,2.4000000848900527e-05,0.24703548848628998,4600000.0,-0.04627710580825806,0.011220242828130722,0.13913819193840027,0.03159715607762337,-0.0005442500114440918,1.8699144124984741,0.4474291503429413,-0.18911901116371155,3.462195634841919,14825.056640625,20.926504135131836,113.09363555908203,134.0201416015625,149.23129272460938,4.7209153175354,4.7209153175354,4.7209153175354,0.0
16.644306182861328,26.440000534057617,1000.0,230.0,0.01146262139081955,0.02053319849073887,28.0,1.003298044204712,1.003298044204712,1.003298044204712,0.01981010101735592,2.28000008064555e-05,0.2452380359172821,4620000.0,-0.05294039472937584,-0.006663288921117783,-0.31054025888442993,0.030811669304966927,-0.0007854867726564407,1.6733781099319458,0.5112513899803162,0.06382223963737488,3.101027250289917,14956.828125,20.85546112060547,110.88246154785156,131.7379150390625,151.8165740966797,4.729038715362549,4.729038715362549,4.729038715362549,0.0
16.402427673339844,20.719999313354492,1000.0,231.0,-0.004538402892649174,0.020637718960642815,27.0,1.0000571012496948,1.0000571012496948,1.0000571012496948,0.018631871789693832,2.1600000764010474e-05,0.24142062664031982,4640000.0,-0.03578562289476395,0.017154771834611893,-0.2560214400291443,0.033301204442977905,0.0024895351380109787,1.7424261569976807,0.32575997710227966,-0.1854914128780365,3.091621160507202,15084.61328125,20.878494262695312,106.87327575683594,127.75177001953125,156.55360412597656,4.735660076141357,4.735660076141357,4.735660076141357,0.0
15.918811798095703,19.760000228881836,1000.0,232.0,-0.01297854259610176,0.02007870376110077,29.0,1.0073175430297852,1.0073175430297852,1.0073175430297852,0.020495623350143433,2.0400000721565448e-05,0.23940466344356537,4660000.0,-0.0511755533516407,-0.015389930456876755,-0.281000554561615,0.033682890236377716,0.0003816857933998108,1.7593410015106201,0.528009295463562,0.20224931836128235,3.0423178672790527,15222.9140625,21.248994827270508,117.01898193359375,138.26797485351562,144.6466522216797,4.740765571594238,4.740765571594238,4.740765571594238,0.0
16.34358024597168,17.600000381469727,1000.0,233.0,-0.021918753162026405,0.02002597227692604,35.0,1.0022696256637573,1.0022696256637573,1.0022696256637573,0.01920461468398571,1.920000067912042e-05,0.23731659352779388,4680000.0,-0.04113855957984924,0.010036993771791458,-0.12512291967868805,0.03329645097255707,-0.0003864392638206482,1.7704246044158936,0.371389240026474,-0.156620055437088,2.829911708831787,15384.7783203125,22.204702377319336,139.62559509277344,161.83029174804688,123.58625793457031,4.744142532348633,4.744142532348633,4.744142532348633,0.0
16.499631881713867,19.940000534057617,1000.0,234.0,-0.033257368952035904,0.020548410713672638,36.0,1.0051674842834473,1.0051674842834473,1.0051674842834473,0.019664088264107704,1.8000000636675395e-05,0.2346227616071701,4700000.0,-0.04508327320218086,-0.003944713622331619,-0.20530623197555542,0.030950283631682396,-0.002346167340874672,1.7163832187652588,0.36402568221092224,-0.007363557815551758,2.5605573654174805,15551.607421875,21.24652671813965,145.54591369628906,166.7924346923828,119.90951538085938,4.746347427368164,4.746347427368164,4.746347427368164,0.0
17.35424041748047,23.700000762939453,1000.0,235.0,-0.04648970440030098,0.020565873011946678,34.0,1.0052752494812012,1.0052752494812012,1.0052752494812012,0.019617438316345215,1.680000059423037e-05,0.23157396912574768,4720000.0,-0.054141245782375336,-0.009057972580194473,0.30826228857040405,0.03538815677165985,0.004437873139977455,1.8178054094314575,0.43436145782470703,0.07033577561378479,2.6411614418029785,15712.767578125,21.49374008178711,139.62913513183594,161.1228790283203,124.12886810302734,4.748120307922363,4.748120307922363,4.748120307922363,0.0
16.944433212280273,24.600000381469727,1000.0,236.0,-0.056798432022333145,0.020048145204782486,39.0,1.004625678062439,1.004625678062439,1.004625678062439,0.01959186978638172,1.5600000551785342e-05,0.22931966185569763,4740000.0,-0.05465007945895195,-0.0005088336765766144,-0.03530168533325195,0.03329084441065788,-0.0020973123610019684,1.760153889656067,0.48620685935020447,0.051845401525497437,2.6914522647857666,15898.66015625,24.42325210571289,161.43304443359375,185.85629272460938,107.61002349853516,4.749652862548828,4.749652862548828,4.749652862548828,0.0
16.880220413208008,31.579999923706055,1000.0,237.0,-0.06256995350122452,0.01932978630065918,40.0,1.0027927160263062,1.0027927160263062,1.0027927160263062,0.01952897198498249,1.4399999599845614e-05,0.22808225452899933,4760000.0,-0.06440714746713638,-0.009757068008184433,-0.010642100125551224,0.0301799438893795,-0.0031109005212783813,1.816725254058838,0.552920937538147,0.0667140781879425,2.9929351806640625,16089.6640625,24.610454559326172,166.3537139892578,190.96417236328125,104.731689453125,4.75213623046875,4.75213623046875,4.75213623046875,0.0
16.733173370361328,29.8799991607666,1000.0,238.0,-0.06594844162464142,0.01703328639268875,40.0,1.0028866529464722,1.0028866529464722,1.0028866529464722,0.018209796398878098,1.3199999557400588e-05,0.22728322446346283,4780000.0,-0.05093666911125183,0.013470478355884552,0.30645883083343506,0.032575108110904694,0.0023951642215251923,1.7100821733474731,0.42286255955696106,-0.1300583779811859,2.706589698791504,16280.1689453125,25.050861358642578,165.39686584472656,190.44772338867188,105.01569366455078,4.755195140838623,4.755195140838623,4.755195140838623,0.0
16.46710968017578,35.400001525878906,1000.0,239.0,-0.07032855600118637,0.017769183963537216,40.0,1.0054162740707397,1.0054162740707397,1.0054162740707397,0.01876896061003208,1.2000000424450263e-05,0.22623485326766968,4800000.0,-0.07423493266105652,-0.023298263549804688,0.007431149482727051,0.029747501015663147,-0.0028276070952415466,1.7342654466629028,0.5789794325828552,0.15611687302589417,3.2757163047790527,16469.529296875,24.741138458251953,164.5038299560547,189.24496459960938,105.6831283569336,4.759700775146484,4.759700775146484,4.759700775146484,0.0
16.055240631103516,35.20000076293945,1000.0,240.0,-0.0760842114686966,0.016170760616660118,40.0,1.0036731958389282,1.0036731958389282,1.0036731958389282,0.017703931778669357,1.0800000382005237e-05,0.22493603825569153,4820000.0,-0.060032688081264496,0.014202244579792023,-0.2864433526992798,0.029697490856051445,-5.0010159611701965e-05,1.7027477025985718,0.5896124243736267,0.010632991790771484,3.059541702270508,16660.3046875,24.114866256713867,166.6160430908203,190.7309112548828,104.85977172851562,4.7654805183410645,4.7654805183410645,4.7654805183410645,0.0
16.187376022338867,37.119998931884766,1000.0,241.0,-0.08144477009773254,0.015379585325717926,40.0,1.001919150352478,1.001919150352478,1.001919150352478,0.017459776252508163,9.60000033956021e-06,0.22377605736255646,4840000.0,-0.059360358864068985,0.0006723292171955109,0.1109759509563446,0.029992926865816116,0.0002954360097646713,1.6939916610717773,0.5232864022254944,-0.06632602214813232,2.9795539379119873,16850.796875,24.02569007873535,166.42396545410156,190.4496612548828,105.0146255493164,4.772733688354492,4.772733688354492,4.772733688354492,0.0
17.059467315673828,31.440000534057617,1000.0,242.0,-0.08545903861522675,0.01268581859767437,40.0,1.0023720264434814,1.0023720264434814,1.0023720264434814,0.01566348411142826,8.400000297115184e-06,0.2228626012802124,4860000.0,-0.04964765906333923,0.009712699800729752,-0.2395954132080078,0.0333845429122448,0.0033916160464286804,1.8288565874099731,0.5062133073806763,-0.017073094844818115,3.3638253211975098,17040.18359375,23.44719886779785,165.89849853515625,189.34669494628906,105.6263427734375,4.7803635597229,4.7803635597229,4.7803635597229,0.0
17.370908737182617,30.899999618530273,1000.0,243.0,-0.08629925549030304,0.012688583694398403,40.0,1.0015251636505127,1.0015251636505127,1.0015251636505127,0.01578722521662712,7.199999799922807e-06,0.22266383469104767,4880000.0,-0.0630161240696907,-0.013368465006351471,0.10232184827327728,0.0318564772605896,-0.0015280656516551971,1.873753547668457,0.6441318988800049,0.1379185914993286,3.4643073081970215,17228.201171875,24.05521583557129,163.91824340820312,187.97344970703125,106.39800262451172,4.788244247436523,4.788244247436523,4.788244247436523,0.0
16.60813331604004,26.440000534057617,1000.0,244.0,-0.0860644057393074,0.010336882434785366,40.0,1.0029932260513306,1.0029932260513306,1.0029932260513306,0.014103922061622143,6.000000212225132e-06,0.2226976901292801,4900000.0,-0.0493520088493824,0.013664115220308304,0.022981584072113037,0.028226956725120544,-0.003629520535469055,1.6338430643081665,0.43928682804107666,-0.20484507083892822,3.3421518802642822,17414.296875,24.693605422973633,161.36184692382812,186.05545043945312,107.49483489990234,4.795597553253174,4.795597553253174,4.795597553253174,0.0
15.680883407592773,24.760000228881836,1000.0,245.0,-0.08561406284570694,0.00928692426532507,40.0,1.002122163772583,1.002122163772583,1.002122163772583,0.013553953729569912,4.800000169780105e-06,0.22279497981071472,4920000.0,-0.03241487219929695,0.01693713665008545,0.15041568875312805,0.030415384098887444,0.002188427373766899,1.644124984741211,0.3362700641155243,-0.10301676392555237,3.370668649673462,17598.587890625,23.891752243041992,160.35760498046875,184.2503662109375,108.5479507446289,4.802189826965332,4.802189826965332,4.802189826965332,0.0
14.908294677734375,25.559999465942383,1000.0,246.0,-0.0851307064294815,0.007554980460554361,40.0,1.0021837949752808,1.0021837949752808,1.0021837949752808,0.012955063953995705,3.5999998999614036e-06,0.22288277745246887,4940000.0,-0.04104481264948845,-0.008629940450191498,-0.24784131348133087,0.028886517509818077,-0.0015288665890693665,1.5927480459213257,0.4497295022010803,0.11345943808555603,2.982130289077759,17783.78125,23.639921188354492,161.51454162597656,185.1544647216797,108.0179214477539,4.808231830596924,4.808231830596924,4.808231830596924,0.0
15.775094985961914,27.65999984741211,1000.0,247.0,-0.08272761851549149,0.007109512109309435,40.0,1.000333547592163,1.000333547592163,1.000333547592163,0.012547366321086884,2.4000000848900527e-06,0.22342798113822937,4960000.0,-0.032245658338069916,0.008799154311418533,0.03249676525592804,0.03236958384513855,0.0034830663353204727,1.8356707096099854,0.5097348690032959,0.060005366802215576,3.421006917953491,17968.892578125,22.296611785888672,162.76370239257812,185.06031799316406,108.0728759765625,4.814136505126953,4.814136505126953,4.814136505126953,0.0
16.0521183013916,33.540000915527344,1000.0,248.0,-0.08132731914520264,0.0055051944218575954,40.0,0.9996135830879211,0.9996135830879211,0.9996135830879211,0.01067862007766962,1.2000000424450263e-06,0.22374993562698364,4980000.0,-0.02655232511460781,0.005693333223462105,-0.09994860738515854,0.02966919355094433,-0.0027003902941942215,1.6988571882247925,0.4659295082092285,-0.04380536079406738,3.227543354034424,18150.41015625,21.173097610473633,160.3075714111328,181.4806671142578,110.20457458496094,4.8209228515625,4.8209228515625,4.8209228515625,0.0
17.34258270263672,27.059999465942383,1000.0,249.0,-0.08132188767194748,0.00435442803427577,40.0,1.0008450746536255,1.0008450746536255,1.0008450746536255,0.009503127075731754,0.0,0.22375452518463135,5000000.0,-0.013763684779405594,0.012788640335202217,-0.2271384745836258,0.03134589269757271,0.0016766991466283798,1.880771517753601,0.3512428402900696,-0.11468666791915894,3.4741053581237793,18333.95703125,22.158432006835938,161.3480682373047,183.50650024414062,108.98796081542969,4.82739782333374,4.82739782333374,4.82739782333374,0.0
