Metrics/EpRet,Metrics/EpCost,Metrics/EpLen,Train/Epoch,Train/Entropy,Train/KL,Train/StopIter,Train/PolicyRatio,Train/PolicyRatio/Min,Train/PolicyRatio/Max,Train/PolicyRatio/Std,Train/LR,Train/PolicyStd,TotalEnvSteps,Loss/Loss_pi,Loss/Loss_pi/Delta,Value/Adv,Loss/Loss_reward_critic,Loss/Loss_reward_critic/Delta,Value/reward,Loss/Loss_cost_critic,Loss/Loss_cost_critic/Delta,Value/cost,Time/Total,Time/Rollout,Time/Update,Time/Epoch,Time/FPS,Metrics/LagrangeMultiplier,Metrics/LagrangeMultiplier/Min,Metrics/LagrangeMultiplier/Max,Metrics/LagrangeMultiplier/Std
-0.4229978024959564,32.5625,1000.0,0.0,1.4035873413085938,0.014270438812673092,40.0,1.0001795291900635,1.0001795291900635,1.0001795291900635,0.017905117943882942,0.00029880000511184335,0.9847718477249146,20000.0,-0.014185025356709957,-0.014185025356709957,-0.04562858119606972,0.005850754678249359,0.005850754678249359,-0.08607867360115051,0.5551205277442932,0.5551205277442932,0.0624195858836174,205.52284240722656,45.6217041015625,159.90113830566406,205.52284240722656,97.31278228759766,0.03599999472498894,0.03599999472498894,0.03599999472498894,0.0
0.5365738272666931,41.34375,1000.0,1.0,1.3877367973327637,0.021888630464673042,36.0,0.9975830316543579,0.9975830316543579,0.9975830316543579,0.02021373063325882,0.0002975999959744513,0.9693291187286377,40000.0,-0.016517383977770805,-0.0023323586210608482,-0.1866416186094284,0.006767363753169775,0.0009166090749204159,-0.06562911719083786,0.6203672885894775,0.06524676084518433,0.7997569441795349,385.8406066894531,38.514137268066406,141.74876403808594,180.2628936767578,110.94906616210938,0.0694834515452385,0.0694834515452385,0.0694834515452385,0.0
1.1585026979446411,64.33333587646484,1000.0,2.0,1.3658818006515503,0.021310899406671524,35.0,0.9980877041816711,0.9980877041816711,0.9980877041816711,0.020581070333719254,0.00029639998683705926,0.9483659267425537,60000.0,-0.021662630140781403,-0.005145246163010597,-0.08297286182641983,0.007717245724052191,0.0009498819708824158,-0.02178203873336315,1.3309779167175293,0.7106106281280518,2.052659273147583,563.6039428710938,36.792991638183594,140.9345245361328,177.72750854492188,112.53181457519531,0.10058404505252838,0.10058404505252838,0.10058404505252838,0.0
2.6486520767211914,81.76000213623047,1000.0,3.0,1.3463363647460938,0.023102175444364548,23.0,0.9974085092544556,0.9974085092544556,0.9974085092544556,0.02117602713406086,0.00029520000680349767,0.9300278425216675,80000.0,-0.020277848467230797,0.0013847816735506058,0.05279207229614258,0.012841557152569294,0.005124311428517103,0.06291037052869797,1.4107574224472046,0.07977950572967529,2.898993492126465,692.4437255859375,35.311283111572266,93.49163818359375,128.80291748046875,155.27598571777344,0.13220106065273285,0.13220106065273285,0.13220106065273285,0.0
4.213009834289551,98.62000274658203,1000.0,4.0,1.3260319232940674,0.020001348108053207,23.0,0.9981123805046082,0.9981123805046082,0.9981123805046082,0.020149219781160355,0.00029399999766610563,0.9113070964813232,100000.0,-0.022815823554992676,-0.002537975087761879,-0.0016333535313606262,0.016194120049476624,0.0033525628969073296,0.14291264116764069,1.5845980644226074,0.17384064197540283,4.9780144691467285,816.320068359375,28.74825668334961,95.0967025756836,123.84496307373047,161.4922332763672,0.16450774669647217,0.16450774669647217,0.16450774669647217,0.0
5.397424697875977,93.54000091552734,1000.0,5.0,1.3039671182632446,0.020473584532737732,18.0,0.9986348152160645,0.9986348152160645,0.9986348152160645,0.02012029103934765,0.0002927999885287136,0.891400158405304,120000.0,-0.023847447708249092,-0.0010316241532564163,0.11735337972640991,0.01862732134759426,0.0024332012981176376,0.22154565155506134,1.8961278200149536,0.3115297555923462,5.038933753967285,925.0824584960938,32.758460998535156,75.97278594970703,108.73124694824219,183.93975830078125,0.19781172275543213,0.19781172275543213,0.19781172275543213,0.0
5.730710029602051,101.55999755859375,1000.0,6.0,1.2927783727645874,0.02314206212759018,20.0,0.9999492168426514,0.9999492168426514,0.9999492168426514,0.020963160321116447,0.000291600008495152,0.8815031051635742,140000.0,-0.024697553366422653,-0.0008501056581735611,0.07542885094881058,0.020037351176142693,0.0014100298285484314,0.33028125762939453,1.8793327808380127,-0.016795039176940918,6.000034809112549,1041.57958984375,33.31764602661133,83.15008544921875,116.46773529052734,171.72137451171875,0.23186948895454407,0.23186948895454407,0.23186948895454407,0.0
6.704123020172119,100.69999694824219,1000.0,7.0,1.2753934860229492,0.020910805091261864,15.0,1.0003412961959839,1.0003412961959839,1.0003412961959839,0.02008535899221897,0.00029039999935775995,0.8663252592086792,160000.0,-0.024126101285219193,0.0005714520812034607,-0.03831044211983681,0.02505416050553322,0.005016809329390526,0.4034765064716339,1.936549186706543,0.05721640586853027,7.218688488006592,1140.3226318359375,36.99246597290039,61.7224235534668,98.71488952636719,202.6036834716797,0.26651495695114136,0.26651495695114136,0.26651495695114136,0.0
6.873569488525391,111.18000030517578,1000.0,8.0,1.2641499042510986,0.021941671147942543,16.0,0.9986408352851868,0.9986408352851868,0.9986408352851868,0.020949309691786766,0.0002891999902203679,0.8567268252372742,180000.0,-0.031117860227823257,-0.006991758942604065,0.05276787281036377,0.02440686896443367,-0.0006472915410995483,0.44183358550071716,2.1755483150482178,0.2389991283416748,6.386857986450195,1243.41796875,37.06574630737305,66.00032806396484,103.06607055664062,194.05027770996094,0.30169931054115295,0.30169931054115295,0.30169931054115295,0.0
7.597701549530029,123.5199966430664,1000.0,9.0,1.25837242603302,0.02111993357539177,12.0,1.001896619796753,1.001896619796753,1.001896619796753,0.020392894744873047,0.0002880000101868063,0.8518282175064087,200000.0,-0.026872942224144936,0.004244918003678322,-0.011641878634691238,0.021624738350510597,-0.002782130613923073,0.5251525640487671,2.825620412826538,0.6500720977783203,7.4802422523498535,1331.4134521484375,37.126861572265625,50.84031677246094,87.96717834472656,227.35752868652344,0.33738505840301514,0.33738505840301514,0.33738505840301514,0.0
7.556224346160889,135.94000244140625,1000.0,10.0,1.2405849695205688,0.02248046174645424,16.0,1.0037153959274292,1.0037153959274292,1.0037153959274292,0.020923733711242676,0.0002868000010494143,0.8367838859558105,220000.0,-0.033486273139715195,-0.006613330915570259,0.18247194588184357,0.028738083317875862,0.007113344967365265,0.5394054651260376,2.722637414932251,-0.10298299789428711,8.021631240844727,1436.2818603515625,36.5274658203125,68.3130111694336,104.84135437011719,190.76441955566406,0.3735450208187103,0.3735450208187103,0.3735450208187103,0.0
8.194111824035645,123.41999816894531,1000.0,11.0,1.225171685218811,0.020867764949798584,13.0,1.0016928911209106,1.0016928911209106,1.0016928911209106,0.0209092665463686,0.00028559999191202223,0.8240079283714294,240000.0,-0.032095059752464294,0.0013912133872509003,0.24827700853347778,0.030056117102503777,0.0013180337846279144,0.6582111120223999,2.3382174968719482,-0.38441991806030273,8.303969383239746,1528.5130615234375,37.847862243652344,54.355045318603516,92.2029037475586,216.91290283203125,0.41003525257110596,0.41003525257110596,0.41003525257110596,0.0
9.471770286560059,111.04000091552734,1000.0,12.0,1.2183574438095093,0.02012339048087597,12.0,0.999904990196228,0.999904990196228,0.999904990196228,0.02080901525914669,0.00028440001187846065,0.8184646964073181,260000.0,-0.030391084030270576,0.001703975722193718,0.48353099822998047,0.03265776485204697,0.00260164774954319,0.7677330374717712,2.4938483238220215,0.15563082695007324,9.724401473999023,1616.7310791015625,38.07387161254883,50.116477966308594,88.19034576416016,226.7821807861328,0.4465901851654053,0.4465901851654053,0.4465901851654053,0.0
9.971526145935059,102.16000366210938,1000.0,13.0,1.2076153755187988,0.021326297894120216,14.0,1.0009591579437256,1.0009591579437256,1.0009591579437256,0.02209380827844143,0.0002832000027410686,0.8097037076950073,280000.0,-0.03367592394351959,-0.003284839913249016,0.21230551600456238,0.0313665047287941,-0.0012912601232528687,0.8168715834617615,1.9285517930984497,-0.5652965307235718,10.757192611694336,1715.3031005859375,40.18329620361328,58.362884521484375,98.54669952392578,202.95053100585938,0.4829930365085602,0.4829930365085602,0.4829930365085602,0.0
10.626091003417969,103.83999633789062,1000.0,14.0,1.2051128149032593,0.02074805647134781,11.0,1.0005524158477783,1.0005524158477783,1.0005524158477783,0.021604372188448906,0.00028199999360367656,0.8076366186141968,300000.0,-0.03146645054221153,0.0022094734013080597,0.10894248634576797,0.04325101152062416,0.011884506791830063,0.8543523550033569,2.4035332202911377,0.474981427192688,9.554183959960938,1799.27587890625,37.48539352416992,46.45870590209961,83.94409942626953,238.25379943847656,0.5193085074424744,0.5193085074424744,0.5193085074424744,0.0
11.200246810913086,119.73999786376953,1000.0,15.0,1.1957801580429077,0.02048654668033123,10.0,1.0009033679962158,1.0009033679962158,1.0009033679962158,0.02002880908548832,0.00028080001357011497,0.8001709580421448,320000.0,-0.03479234501719475,-0.0033258944749832153,0.03553943336009979,0.045451097190380096,0.0022000856697559357,1.0421799421310425,3.092155694961548,0.6886224746704102,9.88919734954834,1876.851318359375,34.30878448486328,43.24116134643555,77.54994201660156,257.8983154296875,0.555899441242218,0.555899441242218,0.555899441242218,0.0
11.0960111618042,120.13999938964844,1000.0,16.0,1.1931722164154053,0.02018297091126442,10.0,0.9992042183876038,0.9992042183876038,0.9992042183876038,0.02007424458861351,0.0002796000044327229,0.7981123328208923,340000.0,-0.031364262104034424,0.003428082913160324,0.27882134914398193,0.036487333476543427,-0.00896376371383667,0.9534205794334412,2.5358848571777344,-0.5562708377838135,10.687707901000977,1956.07373046875,36.88723373413086,42.30895233154297,79.19618225097656,252.53741455078125,0.5927205085754395,0.5927205085754395,0.5927205085754395,0.0
11.718315124511719,112.94000244140625,1000.0,17.0,1.1840702295303345,0.022376738488674164,13.0,0.9997714161872864,0.9997714161872864,0.9997714161872864,0.020793138071894646,0.0002783999952953309,0.7908925414085388,360000.0,-0.0342375710606575,-0.0028733089566230774,-0.03809535503387451,0.042490772902965546,0.006003439426422119,1.1125164031982422,1.7851440906524658,-0.7507407665252686,10.016219139099121,2048.46240234375,37.37376403808594,54.98970413208008,92.36346435546875,216.53582763671875,0.6295701265335083,0.6295701265335083,0.6295701265335083,0.0
11.099815368652344,110.4000015258789,1000.0,18.0,1.1731818914413452,0.022512130439281464,11.0,1.0002083778381348,1.0002083778381348,1.0002083778381348,0.021844765171408653,0.00027719998615793884,0.7822587490081787,380000.0,-0.04213577136397362,-0.007898200303316116,0.00855475477874279,0.034269750118255615,-0.00822102278470993,1.0670487880706787,2.3823583126068115,0.5972142219543457,10.812846183776855,2130.211669921875,36.26090621948242,45.462257385253906,81.7231674194336,244.72865295410156,0.6663773059844971,0.6663773059844971,0.6663773059844971,0.0
11.670454025268555,111.5199966430664,1000.0,19.0,1.1689462661743164,0.022855514660477638,11.0,1.0022742748260498,1.0022742748260498,1.0022742748260498,0.021517561748623848,0.00027600000612437725,0.7788891196250916,400000.0,-0.03687717020511627,0.005258601158857346,-0.01706184819340706,0.03908684477210045,0.004817094653844833,1.1293894052505493,2.882166624069214,0.49980831146240234,9.951898574829102,2217.6044921875,40.60485076904297,46.76063919067383,87.36548614501953,228.92333984375,0.7031713128089905,0.7031713128089905,0.7031713128089905,0.0
11.507319450378418,103.68000030517578,1000.0,20.0,1.159128189086914,0.020245295017957687,10.0,0.9998947978019714,0.9998947978019714,0.9998947978019714,0.02116641402244568,0.0002747999969869852,0.7714095115661621,420000.0,-0.035658370703458786,0.001218799501657486,-0.22142314910888672,0.04537627100944519,0.006289426237344742,1.2189161777496338,2.3907558917999268,-0.4914107322692871,10.372313499450684,2297.747802734375,37.24915313720703,42.86767578125,80.11682891845703,249.6354522705078,0.7397423982620239,0.7397423982620239,0.7397423982620239,0.0
12.170306205749512,94.76000213623047,1000.0,21.0,1.1569520235061646,0.02168554812669754,11.0,1.0005625486373901,1.0005625486373901,1.0005625486373901,0.021558109670877457,0.00027359998784959316,0.7697207927703857,440000.0,-0.03790358081459999,-0.002245210111141205,-0.15533354878425598,0.03697003424167633,-0.00840623676776886,1.2336905002593994,2.2278945446014404,-0.16286134719848633,10.184442520141602,2380.7822265625,35.895240783691406,47.11349868774414,83.00874328613281,240.93849182128906,0.7758567929267883,0.7758567929267883,0.7758567929267883,0.0
12.917143821716309,97.22000122070312,1000.0,22.0,1.1536433696746826,0.02109428495168686,10.0,1.000916838645935,1.000916838645935,1.000916838645935,0.02125546708703041,0.0002724000078160316,0.7672907710075378,460000.0,-0.040263570845127106,-0.002359990030527115,-0.09225265681743622,0.039201412349939346,0.0022313781082630157,1.292395830154419,2.71761155128479,0.4897170066833496,10.181238174438477,2460.89501953125,37.24024200439453,42.84524917602539,80.08548736572266,249.73313903808594,0.8116485476493835,0.8116485476493835,0.8116485476493835,0.0
13.2300443649292,97.05999755859375,1000.0,23.0,1.1524919271469116,0.020897170528769493,11.0,1.0001205205917358,1.0001205205917358,1.0001205205917358,0.021454110741615295,0.00027119999867863953,0.7665214538574219,480000.0,-0.039846569299697876,0.00041700154542922974,-0.24684390425682068,0.04435353726148605,0.005152124911546707,1.332522988319397,2.382805585861206,-0.334805965423584,10.17016315460205,2548.233642578125,39.73479461669922,47.577579498291016,87.3123779296875,229.06260681152344,0.847153902053833,0.847153902053833,0.847153902053833,0.0
12.80488395690918,108.62000274658203,1000.0,24.0,1.1554776430130005,0.02064378932118416,11.0,0.9993411898612976,0.9993411898612976,0.9993411898612976,0.02168743871152401,0.0002699999895412475,0.7688544988632202,500000.0,-0.043396513909101486,-0.0035499446094036102,0.10864213109016418,0.03378375247120857,-0.010569784790277481,1.2189304828643799,2.2865939140319824,-0.09621167182922363,9.307278633117676,2631.8525390625,35.28934097290039,48.29791259765625,83.58724975585938,239.27093505859375,0.8827552199363708,0.8827552199363708,0.8827552199363708,0.0
12.40450668334961,110.83999633789062,1000.0,25.0,1.1491941213607788,0.020761113613843918,8.0,0.9998060464859009,0.9998060464859009,0.9998060464859009,0.021022751927375793,0.0002688000095076859,0.7640398144721985,520000.0,-0.04111878573894501,0.002277728170156479,-0.2363286167383194,0.03794969618320465,0.0041659437119960785,1.32002592086792,3.2093353271484375,0.9227414131164551,11.04224967956543,2704.040771484375,35.834842681884766,36.315589904785156,72.15043640136719,277.1986083984375,0.9185009002685547,0.9185009002685547,0.9185009002685547,0.0
11.932808876037598,114.13999938964844,1000.0,26.0,1.1490967273712158,0.020205058157444,9.0,1.0002566576004028,1.0002566576004028,1.0002566576004028,0.020834794268012047,0.00026760000037029386,0.7639014720916748,540000.0,-0.03937596082687378,0.001742824912071228,-0.08490563184022903,0.04846705496311188,0.010517358779907227,1.3776911497116089,2.9124088287353516,-0.29692649841308594,10.753039360046387,2777.918701171875,35.15275955200195,38.68668746948242,73.83944702148438,270.8579406738281,0.9544618129730225,0.9544618129730225,0.9544618129730225,0.0
11.265523910522461,116.33999633789062,1000.0,27.0,1.1444851160049438,0.020054690539836884,9.0,0.999821126461029,0.999821126461029,0.999821126461029,0.02120615355670452,0.0002663999912329018,0.7603663206100464,560000.0,-0.04511011391878128,-0.005734153091907501,-0.1267833411693573,0.035491570830345154,-0.012975484132766724,1.1801164150238037,3.466108798980713,0.5536999702453613,9.711231231689453,2854.498291015625,36.41824722290039,40.13545608520508,76.55370330810547,261.2545166015625,0.9906665086746216,0.9906665086746216,0.9906665086746216,0.0
10.876373291015625,114.5,1000.0,28.0,1.1368792057037354,0.02019452303647995,8.0,1.000587821006775,1.000587821006775,1.000587821006775,0.020482825115323067,0.0002652000111993402,0.7546308636665344,580000.0,-0.03961137309670448,0.0054987408220767975,0.023732943460345268,0.03577423840761185,0.0002826675772666931,1.2821004390716553,3.2738773822784424,-0.1922314167022705,10.805949211120605,2926.77978515625,38.31119155883789,33.92601776123047,72.23721313476562,276.8656311035156,1.027026653289795,1.027026653289795,1.027026653289795,0.0
10.948760986328125,127.05999755859375,1000.0,29.0,1.122679591178894,0.02084648236632347,10.0,1.0019128322601318,1.0019128322601318,1.0019128322601318,0.021579086780548096,0.0002640000020619482,0.7440228462219238,600000.0,-0.0582512691617012,-0.01863989606499672,-0.21295037865638733,0.03793051093816757,0.002156272530555725,1.3455021381378174,3.5340030193328857,0.26012563705444336,11.42690658569336,3009.291015625,39.42623519897461,43.05023193359375,82.47647094726562,242.493408203125,1.0638575553894043,1.0638575553894043,1.0638575553894043,0.0
12.377681732177734,128.1999969482422,1000.0,30.0,1.1231508255004883,0.021448377519845963,10.0,1.0008209943771362,1.0008209943771362,1.0008209943771362,0.02114117704331875,0.00026279999292455614,0.7442687749862671,620000.0,-0.04900950565934181,0.00924176350235939,-0.05978500843048096,0.045236602425575256,0.007306091487407684,1.4460277557373047,3.0266575813293457,-0.50734543800354,10.719670295715332,3089.62841796875,37.202632904052734,43.10652160644531,80.30915069580078,249.03761291503906,1.101116418838501,1.101116418838501,1.101116418838501,0.0
12.074201583862305,130.44000244140625,1000.0,31.0,1.1209162473678589,0.020134177058935165,9.0,0.9993767738342285,0.9993767738342285,0.9993767738342285,0.020974470302462578,0.00026160001289099455,0.7427926659584045,640000.0,-0.04927892982959747,-0.000269424170255661,0.053397394716739655,0.037097375839948654,-0.008139226585626602,1.3476372957229614,3.123967170715332,0.09730958938598633,11.330322265625,3168.9501953125,39.57174301147461,39.7248649597168,79.2966079711914,252.21759033203125,1.1387938261032104,1.1387938261032104,1.1387938261032104,0.0
11.775766372680664,109.30000305175781,1000.0,32.0,1.117294192314148,0.02153988741338253,9.0,0.9994603395462036,0.9994603395462036,0.9994603395462036,0.021285152062773705,0.0002604000037536025,0.7401326298713684,660000.0,-0.047634661197662354,0.0016442686319351196,-0.03122098743915558,0.03847730532288551,0.0013799294829368591,1.3051471710205078,3.0515716075897217,-0.07239556312561035,10.603551864624023,3247.472900390625,40.42190170288086,38.07437515258789,78.49627685546875,254.78915405273438,1.1762423515319824,1.1762423515319824,1.1762423515319824,0.0
10.690059661865234,122.0199966430664,1000.0,33.0,1.1246148347854614,0.02137031778693199,9.0,1.0004889965057373,1.0004889965057373,1.0004889965057373,0.02259853109717369,0.00025919999461621046,0.745635986328125,680000.0,-0.06141895055770874,-0.013784289360046387,0.12315106391906738,0.045367125421762466,0.006889820098876953,1.3801958560943604,4.066964626312256,1.0153930187225342,11.48796272277832,3326.429443359375,40.260169982910156,38.67121124267578,78.93138122558594,253.38462829589844,1.2138499021530151,1.2138499021530151,1.2138499021530151,0.0
10.512057304382324,118.72000122070312,1000.0,34.0,1.1187459230422974,0.02386784739792347,10.0,1.0007401704788208,1.0007401704788208,1.0007401704788208,0.02090435102581978,0.0002579999854788184,0.7412442564964294,700000.0,-0.05041832849383354,0.011000622063875198,-0.2869032621383667,0.04040190577507019,-0.004965219646692276,1.3691149950027466,2.821934700012207,-1.2450299263000488,11.702224731445312,3410.91845703125,41.116207122802734,43.34799575805664,84.46420288085938,236.78671264648438,1.2514967918395996,1.2514967918395996,1.2514967918395996,0.0
11.472991943359375,114.44000244140625,1000.0,35.0,1.109117865562439,0.021836478263139725,10.0,1.0003825426101685,1.0003825426101685,1.0003825426101685,0.021878955885767937,0.00025680000544525683,0.7339820861816406,720000.0,-0.048853904008865356,0.0015644244849681854,-0.0005446113646030426,0.037841618061065674,-0.0025602877140045166,1.3739712238311768,2.581058979034424,-0.2408757209777832,11.06497573852539,3494.446533203125,39.1015739440918,44.401641845703125,83.50321960449219,239.51173400878906,1.289048433303833,1.289048433303833,1.289048433303833,0.0
11.403721809387207,111.33999633789062,1000.0,36.0,1.1068083047866821,0.020166128873825073,6.0,0.9999732971191406,0.9999732971191406,0.9999732971191406,0.022074850276112556,0.0002555999963078648,0.7322783470153809,740000.0,-0.04027135297656059,0.008582551032304764,-0.027020622044801712,0.04786946251988411,0.010027844458818436,1.4565478563308716,4.205840587615967,1.624781608581543,11.317638397216797,3561.884765625,40.31428527832031,27.097801208496094,67.4120864868164,296.68267822265625,1.3264191150665283,1.3264191150665283,1.3264191150665283,0.0
11.374995231628418,121.4000015258789,1000.0,37.0,1.1031467914581299,0.02034359984099865,9.0,1.0030934810638428,1.0030934810638428,1.0030934810638428,0.021200232207775116,0.00025439998717047274,0.7294455766677856,760000.0,-0.05661913752555847,-0.01634778454899788,0.0416591539978981,0.04287905618548393,-0.004990406334400177,1.3737787008285522,3.4773595333099365,-0.7284810543060303,11.674140930175781,3640.545166015625,40.59860610961914,38.034507751464844,78.63311004638672,254.3457794189453,1.3639228343963623,1.3639228343963623,1.3639228343963623,0.0
11.89982795715332,130.05999755859375,1000.0,38.0,1.1017937660217285,0.021157270297408104,9.0,1.0028315782546997,1.0028315782546997,1.0028315782546997,0.021174974739551544,0.00025320000713691115,0.7284277677536011,780000.0,-0.05675872042775154,-0.00013958290219306946,0.020866718143224716,0.05585739016532898,0.012978333979845047,1.3987737894058228,3.7390174865722656,0.2616579532623291,12.457221031188965,3718.893310546875,39.33891677856445,38.977230072021484,78.31614685058594,255.3751678466797,1.4017810821533203,1.4017810821533203,1.4017810821533203,0.0
12.501605987548828,126.44000244140625,1000.0,39.0,1.101671814918518,0.020485350862145424,9.0,1.0017380714416504,1.0017380714416504,1.0017380714416504,0.021170444786548615,0.0002519999979995191,0.7283313870429993,800000.0,-0.04895306006073952,0.007805660367012024,-0.10774127393960953,0.049341220408678055,-0.006516169756650925,1.383702039718628,3.0283656120300293,-0.7106518745422363,11.46591567993164,3795.58251953125,37.7014045715332,38.96128463745117,76.66368865966797,260.87969970703125,1.4398393630981445,1.4398393630981445,1.4398393630981445,0.0
12.182726860046387,107.18000030517578,1000.0,40.0,1.097102403640747,0.020660633221268654,9.0,1.0009407997131348,1.0009407997131348,1.0009407997131348,0.02233811467885971,0.00025079998886212707,0.7250196933746338,820000.0,-0.05224768444895744,-0.003294624388217926,-0.0794319212436676,0.04200617969036102,-0.007335040718317032,1.3792569637298584,2.8679611682891846,-0.16040444374084473,11.549461364746094,3873.874267578125,38.28449249267578,39.98190689086914,78.26640319824219,255.53749084472656,1.4774938821792603,1.4774938821792603,1.4774938821792603,0.0
11.095181465148926,108.76000213623047,1000.0,41.0,1.0911697149276733,0.02098693698644638,6.0,1.0002667903900146,1.0002667903900146,1.0002667903900146,0.021182851865887642,0.0002496000088285655,0.7207582592964172,840000.0,-0.047920502722263336,0.004327181726694107,0.31305235624313354,0.04447418078780174,0.0024680010974407196,1.352292537689209,4.117439270019531,1.2494781017303467,11.997785568237305,3937.51171875,37.193607330322266,26.418212890625,63.611820220947266,314.406982421875,1.5148366689682007,1.5148366689682007,1.5148366689682007,0.0
9.638762474060059,96.95999908447266,1000.0,42.0,1.0949110984802246,0.021438956260681152,10.0,0.9999793171882629,0.9999793171882629,0.9999793171882629,0.021244071424007416,0.00024839999969117343,0.7233917117118835,860000.0,-0.05097779259085655,-0.003057289868593216,0.10651502013206482,0.03583977743983269,-0.008634403347969055,1.1968473196029663,2.4476962089538574,-1.6697430610656738,11.739346504211426,4022.3642578125,38.349605560302734,46.47914123535156,84.82881927490234,235.76893615722656,1.5515203475952148,1.5515203475952148,1.5515203475952148,0.0
10.01789379119873,102.13999938964844,1000.0,43.0,1.090433955192566,0.02072158269584179,7.0,1.0008656978607178,1.0008656978607178,1.0008656978607178,0.021836791187524796,0.0002471999905537814,0.7201775312423706,880000.0,-0.04346610978245735,0.0075116828083992004,0.0027449727058410645,0.04727518931031227,0.011435411870479584,1.2864784002304077,3.1478633880615234,0.700167179107666,12.014798164367676,4088.578125,33.49913024902344,32.68806076049805,66.187744140625,302.1707458496094,1.5877866744995117,1.5877866744995117,1.5877866744995117,0.0
10.986611366271973,101.80000305175781,1000.0,44.0,1.0952702760696411,0.020619647577404976,8.0,0.9994333982467651,0.9994333982467651,0.9994333982467651,0.02072552777826786,0.0002460000105202198,0.7235982418060303,900000.0,-0.05441023409366608,-0.010944124311208725,-0.12520353496074677,0.056637588888406754,0.009362399578094482,1.4391735792160034,3.5181119441986084,0.37024855613708496,11.60240364074707,4162.376953125,37.40439987182617,36.36993408203125,73.77433776855469,271.09698486328125,1.6236698627471924,1.6236698627471924,1.6236698627471924,0.0
11.466092109680176,100.22000122070312,1000.0,45.0,1.0954197645187378,0.021816300228238106,8.0,1.0010571479797363,1.0010571479797363,1.0010571479797363,0.02213907241821289,0.00024480000138282776,0.7236744165420532,920000.0,-0.052310675382614136,0.002099558711051941,-0.04186509549617767,0.048689793795347214,-0.00794779509305954,1.3522741794586182,3.3113982677459717,-0.20671367645263672,11.512823104858398,4234.34326171875,35.7613639831543,36.18030548095703,71.9416732788086,278.00299072265625,1.6591590642929077,1.6591590642929077,1.6591590642929077,0.0
11.882206916809082,94.33999633789062,1000.0,46.0,1.0906890630722046,0.02026565931737423,7.0,1.00165855884552,1.00165855884552,1.00165855884552,0.020973319187760353,0.00024360000679735094,0.7202728986740112,940000.0,-0.051435623317956924,0.0008750520646572113,0.031944639980793,0.048607952892780304,-8.184090256690979e-05,1.3277933597564697,3.78475284576416,0.4733545780181885,11.543938636779785,4303.19140625,34.5809326171875,34.242862701416016,68.82379913330078,290.59716796875,1.6940969228744507,1.6940969228744507,1.6940969228744507,0.0
11.821048736572266,92.66000366210938,1000.0,47.0,1.0871764421463013,0.02088708057999611,8.0,1.0013525485992432,1.0013525485992432,1.0013525485992432,0.020935341715812683,0.0002423999976599589,0.7177243232727051,960000.0,-0.052055954933166504,-0.0006203316152095795,-0.021503545343875885,0.044601667672395706,-0.004006285220384598,1.3795186281204224,3.255413293838501,-0.5293395519256592,11.669495582580566,4372.84716796875,33.78951644897461,35.826507568359375,69.61602020263672,287.2901916503906,1.728485107421875,1.728485107421875,1.728485107421875,0.0
12.627737045288086,112.73999786376953,1000.0,48.0,1.086307168006897,0.020513642579317093,7.0,1.0017833709716797,1.0017833709716797,1.0017833709716797,0.021506231278181076,0.00024120000307448208,0.7171404361724854,980000.0,-0.04964393377304077,0.0024120211601257324,0.21429911255836487,0.0523650087416172,0.007763341069221497,1.4337490797042847,3.4014880657196045,0.14607477188110352,11.481321334838867,4441.49560546875,37.830955505371094,30.78094482421875,68.61190032958984,291.49462890625,1.763069748878479,1.763069748878479,1.763069748878479,0.0
12.818550109863281,113.72000122070312,1000.0,49.0,1.084275484085083,0.020900996401906013,9.0,0.9995206594467163,0.9995206594467163,0.9995206594467163,0.02132880501449108,0.00023999999393709004,0.7156981825828552,1000000.0,-0.05659829452633858,-0.006954360753297806,0.05159071087837219,0.04874110966920853,-0.003623899072408676,1.3543834686279297,2.8812084197998047,-0.5202796459197998,11.361717224121094,4521.7041015625,40.60137176513672,39.58306121826172,80.18443298339844,249.4249725341797,1.7978609800338745,1.7978609800338745,1.7978609800338745,0.0
12.806232452392578,120.63999938964844,1000.0,50.0,1.0873486995697021,0.02041931450366974,9.0,1.000070333480835,1.000070333480835,1.000070333480835,0.02206588350236416,0.00023879999935161322,0.7179097533226013,1020000.0,-0.06209840252995491,-0.005500108003616333,-0.001980740576982498,0.04526715725660324,-0.0034739524126052856,1.4009166955947876,3.0966134071350098,0.21540498733520508,12.101757049560547,4600.5927734375,38.301734924316406,40.55987548828125,78.86161041259766,253.60882568359375,1.8330605030059814,1.8330605030059814,1.8330605030059814,0.0
11.4991455078125,115.04000091552734,1000.0,51.0,1.0840204954147339,0.0209304541349411,8.0,1.003326654434204,1.003326654434204,1.003326654434204,0.021724576130509377,0.0002376000047661364,0.715479850769043,1040000.0,-0.049777887761592865,0.012320514768362045,0.07702392339706421,0.0370742492377758,-0.008192908018827438,1.4605647325515747,3.0356712341308594,-0.06094217300415039,11.535989761352539,4672.14599609375,35.6817512512207,35.84368133544922,71.52542877197266,279.6208190917969,1.8684364557266235,1.8684364557266235,1.8684364557266235,0.0
10.4705171585083,107.55999755859375,1000.0,52.0,1.0833712816238403,0.02039581909775734,9.0,1.001623272895813,1.001623272895813,1.001623272895813,0.021501146256923676,0.00023639999562874436,0.7150180339813232,1060000.0,-0.05547749996185303,-0.005699612200260162,-0.027366474270820618,0.034954387694597244,-0.0021198615431785583,1.3193719387054443,2.773282289505005,-0.2623889446258545,11.150680541992188,4748.34765625,35.066490173339844,41.100318908691406,76.16780853271484,262.578125,1.903718113899231,1.903718113899231,1.903718113899231,0.0
10.585947036743164,100.13999938964844,1000.0,53.0,1.0781891345977783,0.020084213465452194,7.0,0.9987890124320984,0.9987890124320984,0.9987890124320984,0.020660679787397385,0.00023520000104326755,0.7112585306167603,1080000.0,-0.052215393632650375,0.003262106329202652,0.10612614452838898,0.039408568292856216,0.004454180598258972,1.3864046335220337,3.292003631591797,0.518721342086792,11.930423736572266,4816.283203125,37.49677276611328,30.410884857177734,67.9086685180664,294.5132141113281,1.938660979270935,1.938660979270935,1.938660979270935,0.0
10.08353042602539,105.27999877929688,1000.0,54.0,1.0776236057281494,0.02004590816795826,8.0,0.9987754225730896,0.9987754225730896,0.9987754225730896,0.020818261429667473,0.00023400000645779073,0.7108451724052429,1100000.0,-0.05870835483074188,-0.006492961198091507,-0.15748809278011322,0.03533138707280159,-0.0040771812200546265,1.3178519010543823,3.101058006286621,-0.19094562530517578,12.138554573059082,4889.88037109375,38.85237121582031,34.705162048339844,73.55753326416016,271.89599609375,1.9734807014465332,1.9734807014465332,1.9734807014465332,0.0
10.299459457397461,115.26000213623047,1000.0,55.0,1.0722975730895996,0.020162362605333328,9.0,1.0018088817596436,1.0018088817596436,1.0018088817596436,0.021281078457832336,0.0002327999973203987,0.7070638537406921,1120000.0,-0.0575232096016407,0.001185145229101181,0.09535803645849228,0.047072891145944595,0.011741504073143005,1.345721960067749,2.778547525405884,-0.3225104808807373,11.762121200561523,4965.896484375,37.59810256958008,38.39288330078125,75.9909896850586,263.1891174316406,2.008531093597412,2.008531093597412,2.008531093597412,0.0
10.498224258422852,109.16000366210938,1000.0,56.0,1.0631784200668335,0.021587049588561058,8.0,0.998367190361023,0.998367190361023,0.998367190361023,0.02144753746688366,0.00023160000273492187,0.7006419897079468,1140000.0,-0.056250378489494324,0.0012728311121463776,0.2478373944759369,0.04222207888960838,-0.004850812256336212,1.3240060806274414,2.9066543579101562,0.12810683250427246,11.694232940673828,5040.7138671875,40.05698013305664,34.7332878112793,74.79026794433594,267.41448974609375,2.043578624725342,2.043578624725342,2.043578624725342,0.0
10.595585823059082,135.5399932861328,1000.0,57.0,1.059884786605835,0.020578494295477867,5.0,1.0014832019805908,1.0014832019805908,1.0014832019805908,0.021810436621308327,0.00023039999359752983,0.6983389854431152,1160000.0,-0.04627550020813942,0.009974878281354904,-0.010586056858301163,0.052792344242334366,0.010570265352725983,1.3880900144577026,4.962893009185791,2.0562386512756348,12.057466506958008,5101.951171875,39.58639907836914,21.625194549560547,61.21159362792969,326.7354736328125,2.079493284225464,2.079493284225464,2.079493284225464,0.0
11.421649932861328,127.73999786376953,1000.0,58.0,1.0546932220458984,0.020898960530757904,9.0,0.9988111853599548,0.9988111853599548,0.9988111853599548,0.0196079108864069,0.000229199999012053,0.6947275996208191,1180000.0,-0.0571683868765831,-0.01089288666844368,-0.13285106420516968,0.05097503215074539,-0.001817312091588974,1.4286104440689087,2.6199188232421875,-2.3429741859436035,11.1387300491333,5179.61962890625,36.98125457763672,40.66380310058594,77.64505767822266,257.5823974609375,2.1159162521362305,2.1159162521362305,2.1159162521362305,0.0
10.438397407531738,122.55999755859375,1000.0,59.0,1.048108696937561,0.020340321585536003,8.0,1.0002925395965576,1.0002925395965576,1.0002925395965576,0.02103448286652565,0.0002280000044265762,0.6901663541793823,1200000.0,-0.05670696124434471,0.00046142563223838806,0.37686559557914734,0.040003612637519836,-0.010971419513225555,1.3302736282348633,2.7362072467803955,0.11628842353820801,11.875055313110352,5252.4755859375,36.1689338684082,36.6599235534668,72.828857421875,274.6164245605469,2.1526153087615967,2.1526153087615967,2.1526153087615967,0.0
10.698685646057129,91.33999633789062,1000.0,60.0,1.0431568622589111,0.021375417709350586,8.0,0.9998679161071777,0.9998679161071777,0.9998679161071777,0.021194135770201683,0.00022679999528918415,0.686753511428833,1220000.0,-0.05817795544862747,-0.0014709942042827606,-0.1365647166967392,0.04682302102446556,0.0068194083869457245,1.3687224388122559,3.091416120529175,0.3552088737487793,10.712570190429688,5329.42333984375,41.058048248291016,35.86549377441406,76.92354583740234,259.9984130859375,2.1884870529174805,2.1884870529174805,2.1884870529174805,0.0
10.074402809143066,95.86000061035156,1000.0,61.0,1.0414584875106812,0.021563639864325523,8.0,1.0006203651428223,1.0006203651428223,1.0006203651428223,0.02110992930829525,0.00022560000070370734,0.6855893135070801,1240000.0,-0.054973114281892776,0.0032048411667346954,0.0970367044210434,0.04595780372619629,-0.0008652172982692719,1.3009974956512451,2.58833909034729,-0.5030770301818848,11.922202110290527,5401.15869140625,36.23781204223633,35.47268295288086,71.71049499511719,278.8992004394531,2.2237799167633057,2.2237799167633057,2.2237799167633057,0.0
10.376084327697754,83.23999786376953,1000.0,62.0,1.0365787744522095,0.02092106081545353,9.0,1.0006662607192993,1.0006662607192993,1.0006662607192993,0.02070627361536026,0.00022440000611823052,0.6822526454925537,1260000.0,-0.05724230036139488,-0.0022691860795021057,-0.1482076644897461,0.04658475145697594,0.0006269477307796478,1.3712873458862305,2.4279394149780273,-0.1603996753692627,10.902654647827148,5479.29248046875,38.9383659362793,39.17091369628906,78.1092758178711,256.051513671875,2.25809645652771,2.25809645652771,2.25809645652771,0.0
10.487641334533691,89.86000061035156,1000.0,63.0,1.0298001766204834,0.021812401711940765,7.0,0.9999200105667114,0.9999200105667114,0.9999200105667114,0.021361997351050377,0.00022319999698083848,0.6776423454284668,1280000.0,-0.057867471128702164,-0.0006251707673072815,0.03164949640631676,0.04464784264564514,-0.0019369088113307953,1.3425542116165161,3.0917344093322754,0.663794994354248,10.572924613952637,5549.1826171875,39.82969665527344,30.03432273864746,69.864013671875,286.2703857421875,2.291782855987549,2.291782855987549,2.291782855987549,0.0
10.377699851989746,88.87999725341797,1000.0,64.0,1.0199793577194214,0.021574396640062332,9.0,1.0014601945877075,1.0014601945877075,1.0014601945877075,0.020966634154319763,0.00022200000239536166,0.6710217595100403,1300000.0,-0.06391052156686783,-0.006043050438165665,0.31895941495895386,0.03663480654358864,-0.008013036102056503,1.42326021194458,2.7704074382781982,-0.32132697105407715,11.299616813659668,5628.64892578125,39.2181282043457,40.20644760131836,79.42457580566406,251.8112335205078,2.3248703479766846,2.3248703479766846,2.3248703479766846,0.0
11.47420883178711,95.13999938964844,1000.0,65.0,1.0173461437225342,0.021739834919571877,8.0,0.9990726709365845,0.9990726709365845,0.9990726709365845,0.02053634449839592,0.00022079999325796962,0.6692557334899902,1320000.0,-0.055643294006586075,0.008267227560281754,-0.17388655245304108,0.04257487505674362,0.0059400685131549835,1.4402371644973755,2.586778402328491,-0.18362903594970703,9.642186164855957,5702.02587890625,37.69529724121094,35.656612396240234,73.3519058227539,272.658203125,2.3576552867889404,2.3576552867889404,2.3576552867889404,0.0
11.226332664489746,101.76000213623047,1000.0,66.0,1.0108020305633545,0.022053277119994164,7.0,1.0020854473114014,1.0020854473114014,1.0020854473114014,0.021560128778219223,0.0002195999986724928,0.6648902297019958,1340000.0,-0.057756710797548294,-0.0021134167909622192,-0.20115090906620026,0.04047023504972458,-0.002104640007019043,1.3011375665664673,3.4903411865234375,0.9035627841949463,10.369073867797852,5770.16162109375,35.953712463378906,32.156429290771484,68.11013793945312,293.64202880859375,2.3904151916503906,2.3904151916503906,2.3904151916503906,0.0
10.819026947021484,104.27999877929688,1000.0,67.0,1.0096038579940796,0.021509867161512375,9.0,1.0006520748138428,1.0006520748138428,1.0006520748138428,0.021167296916246414,0.00021840000408701599,0.6640939116477966,1360000.0,-0.06258615851402283,-0.004829447716474533,0.30524468421936035,0.042197346687316895,0.0017271116375923157,1.4883276224136353,2.531686305999756,-0.9586548805236816,10.65103816986084,5848.529296875,38.98500061035156,39.35749816894531,78.34349822998047,255.2860107421875,2.4232470989227295,2.4232470989227295,2.4232470989227295,0.0
9.548691749572754,102.08000183105469,1000.0,68.0,1.0049649477005005,0.02120882458984852,8.0,0.9983883500099182,0.9983883500099182,0.9983883500099182,0.021042481064796448,0.00021719999494962394,0.6610198616981506,1380000.0,-0.0610203891992569,0.0015657693147659302,-0.18515634536743164,0.04083703085780144,-0.0013603158295154572,1.315704345703125,2.686837673187256,0.1551513671875,9.623662948608398,5923.68505859375,40.54379653930664,34.58906173706055,75.13285827636719,266.19512939453125,2.4560651779174805,2.4560651779174805,2.4560651779174805,0.0
10.97097396850586,99.0199966430664,1000.0,69.0,1.0017101764678955,0.021955382078886032,8.0,1.0021016597747803,1.0021016597747803,1.0021016597747803,0.021657107397913933,0.00021600000036414713,0.6588724255561829,1400000.0,-0.06769195199012756,-0.0066715627908706665,-0.011441253125667572,0.04351317137479782,0.0026761405169963837,1.3246263265609741,3.349130868911743,0.6622931957244873,10.376321792602539,6000.1533203125,42.826927185058594,33.615699768066406,76.442626953125,261.6341247558594,2.4887609481811523,2.4887609481811523,2.4887609481811523,0.0
11.307019233703613,99.58000183105469,1000.0,70.0,0.9925531148910522,0.021432559937238693,8.0,1.0000711679458618,1.0000711679458618,1.0000711679458618,0.020805420354008675,0.0002148000057786703,0.6528766751289368,1420000.0,-0.05500158667564392,0.012690365314483643,-0.07097616046667099,0.04583434760570526,0.00232117623090744,1.314388632774353,2.902350425720215,-0.4467804431915283,9.180485725402832,6075.33935546875,40.95659255981445,34.200687408447266,75.15727996826172,266.1086120605469,2.5213708877563477,2.5213708877563477,2.5213708877563477,0.0
11.80307388305664,98.91999816894531,1000.0,71.0,0.9811015129089355,0.020976372063159943,8.0,0.9998834133148193,0.9998834133148193,0.9998834133148193,0.02174137905240059,0.00021359999664127827,0.6454444527626038,1440000.0,-0.05804036930203438,-0.003038782626390457,0.15840277075767517,0.04539196193218231,-0.0004423856735229492,1.3372477293014526,3.013333797454834,0.11098337173461914,9.807764053344727,6152.48291015625,40.678287506103516,36.44104766845703,77.11933135986328,259.3383483886719,2.553882122039795,2.553882122039795,2.553882122039795,0.0
10.47010612487793,84.45999908447266,1000.0,72.0,0.9753173589706421,0.02133546583354473,9.0,0.9999884963035583,0.9999884963035583,0.9999884963035583,0.020830364897847176,0.00021240000205580145,0.6417270302772522,1460000.0,-0.0512210913002491,0.006819278001785278,-0.17573048174381256,0.04134753346443176,-0.004044428467750549,1.1856129169464111,2.064075231552124,-0.94925856590271,8.959389686584473,6228.84619140625,36.88758850097656,39.449344635009766,76.33692932128906,261.99639892578125,2.5857605934143066,2.5857605934143066,2.5857605934143066,0.0
10.171004295349121,81.31999969482422,1000.0,73.0,0.9692643284797668,0.021117251366376877,7.0,0.9991152286529541,0.9991152286529541,0.9991152286529541,0.021587280556559563,0.0002111999929184094,0.6378451585769653,1480000.0,-0.049703504890203476,0.0015175864100456238,-0.055259861052036285,0.04259031265974045,0.0012427791953086853,1.2703611850738525,2.7138500213623047,0.6497747898101807,9.23729133605957,6299.8837890625,39.86931228637695,31.142263412475586,71.0115737915039,281.64422607421875,2.616952419281006,2.616952419281006,2.616952419281006,0.0
9.664987564086914,67.62000274658203,1000.0,74.0,0.9594154357910156,0.020955698564648628,8.0,1.000947117805481,1.000947117805481,1.000947117805481,0.021174458786845207,0.0002099999983329326,0.6315894722938538,1500000.0,-0.046832725405693054,0.0028707794845104218,0.1861056387424469,0.037324726581573486,-0.005265586078166962,1.2104403972625732,2.0948033332824707,-0.619046688079834,8.617536544799805,6371.49169921875,35.87760543823242,35.70562744140625,71.5832290649414,279.3950500488281,2.6469881534576416,2.6469881534576416,2.6469881534576416,0.0
10.213444709777832,74.58000183105469,1000.0,75.0,0.9587679505348206,0.020297018811106682,7.0,1.0004113912582397,1.0004113912582397,1.0004113912582397,0.022134723141789436,0.00020880000374745578,0.6311835646629333,1520000.0,-0.055537961423397064,-0.00870523601770401,0.03609522059559822,0.046114709228277206,0.00878998264670372,1.3464999198913574,3.225257396697998,1.1304540634155273,9.082756996154785,6442.359375,38.79872131347656,32.0313606262207,70.830078125,282.36590576171875,2.676264524459839,2.676264524459839,2.676264524459839,0.0
9.020472526550293,75.5199966430664,1000.0,76.0,0.9607030153274536,0.02131221629679203,8.0,0.998205304145813,0.998205304145813,0.998205304145813,0.02058032713830471,0.00020759999461006373,0.6324023008346558,1540000.0,-0.04977065324783325,0.005767308175563812,0.047831661999225616,0.029465200379490852,-0.016649508848786354,1.0179451704025269,2.1272566318511963,-1.0980007648468018,8.756203651428223,6515.939453125,37.09846496582031,36.45704650878906,73.55551147460938,271.90350341796875,2.704899311065674,2.704899311065674,2.704899311065674,0.0
9.776030540466309,90.55999755859375,1000.0,77.0,0.9541833996772766,0.02005879580974579,6.0,0.9994285702705383,0.9994285702705383,0.9994285702705383,0.021968701854348183,0.00020640000002458692,0.6282923817634583,1560000.0,-0.05041706562042236,-0.0006464123725891113,0.19451716542243958,0.04722888395190239,0.017763683572411537,1.4098414182662964,3.1991360187530518,1.0718793869018555,11.078951835632324,6581.43505859375,39.08665466308594,26.38417625427246,65.47083282470703,305.47955322265625,2.7335612773895264,2.7335612773895264,2.7335612773895264,0.0
10.060157775878906,77.5999984741211,1000.0,78.0,0.9514092803001404,0.020672690123319626,8.0,1.000249981880188,1.000249981880188,1.000249981880188,0.020768502727150917,0.0002052000054391101,0.6265519857406616,1580000.0,-0.043739043176174164,0.0066780224442481995,-0.1852949857711792,0.039756860584020615,-0.007472023367881775,1.2497620582580566,2.195286273956299,-1.003849744796753,9.63687801361084,6653.751953125,37.28651428222656,35.00169372558594,72.2882080078125,276.6702880859375,2.761735439300537,2.761735439300537,2.761735439300537,0.0
11.960522651672363,88.9000015258789,1000.0,79.0,0.9534885883331299,0.02237008884549141,8.0,0.9998888373374939,0.9998888373374939,0.9998888373374939,0.02226944826543331,0.00020399999630171806,0.6278585195541382,1600000.0,-0.0682862401008606,-0.024547196924686432,-0.008686773478984833,0.05131753906607628,0.011560678482055664,1.3835463523864746,2.8601913452148438,0.6649050712585449,9.695680618286133,6728.0947265625,39.33803176879883,34.96916961669922,74.30720520019531,269.15289306640625,2.7899301052093506,2.7899301052093506,2.7899301052093506,0.0
11.287945747375488,96.63999938964844,1000.0,80.0,0.9519984126091003,0.021471921354532242,8.0,1.0025883913040161,1.0025883913040161,1.0025883913040161,0.02184823341667652,0.00020280000171624124,0.6269255876541138,1620000.0,-0.06288902461528778,0.005397215485572815,-0.34233689308166504,0.046764835715293884,-0.004552703350782394,1.1765830516815186,2.895099401473999,0.03490805625915527,9.36406135559082,6802.31787109375,38.92079162597656,35.27582550048828,74.19661712646484,269.5540771484375,2.8184561729431152,2.8184561729431152,2.8184561729431152,0.0
10.903914451599121,103.05999755859375,1000.0,81.0,0.9446069598197937,0.020118776708841324,9.0,1.0017117261886597,1.0017117261886597,1.0017117261886597,0.021156810224056244,0.00020160000713076442,0.6223114728927612,1640000.0,-0.06139722838997841,0.001491796225309372,-0.30318498611450195,0.032907791435718536,-0.013857044279575348,1.1765899658203125,2.4377593994140625,-0.4573400020599365,9.705256462097168,6878.85107421875,36.51408004760742,39.99305725097656,76.50714111328125,261.41351318359375,2.847536563873291,2.847536563873291,2.847536563873291,0.0
8.479125022888184,87.86000061035156,1000.0,82.0,0.9367160797119141,0.020421601831912994,9.0,0.9980288743972778,0.9980288743972778,0.9980288743972778,0.021133633330464363,0.00020039999799337238,0.6174230575561523,1660000.0,-0.05226704105734825,0.009130187332630157,-0.11810075491666794,0.03610410541296005,0.003196313977241516,1.0322723388671875,1.9352799654006958,-0.5024794340133667,9.168272018432617,6955.2744140625,37.896278381347656,38.502349853515625,76.39862823486328,261.7848205566406,2.8765153884887695,2.8765153884887695,2.8765153884887695,0.0
7.934106826782227,65.68000030517578,1000.0,83.0,0.9320331811904907,0.022235514596104622,8.0,1.0010817050933838,1.0010817050933838,1.0010817050933838,0.02132631279528141,0.00019920000340789557,0.6145473718643188,1680000.0,-0.04566577821969986,0.006601262837648392,-0.14816665649414062,0.0441194549202919,0.008015349507331848,1.1301074028015137,1.9224116802215576,-0.012868285179138184,10.307642936706543,7030.10009765625,39.72637176513672,35.07343292236328,74.7998046875,267.38037109375,2.9045002460479736,2.9045002460479736,2.9045002460479736,0.0
7.449203014373779,73.26000213623047,1000.0,84.0,0.9226747751235962,0.020916279405355453,4.0,1.001989483833313,1.001989483833313,1.001989483833313,0.022171910852193832,0.00019799999427050352,0.6088109016418457,1700000.0,-0.023329632356762886,0.022336145862936974,0.02700665593147278,0.03915325924754143,-0.004966195672750473,0.9927220940589905,3.243100643157959,1.3206889629364014,9.105907440185547,7087.12744140625,40.301361083984375,16.700878143310547,57.00223922729492,350.8634033203125,2.93190860748291,2.93190860748291,2.93190860748291,0.0
7.51215934753418,64.68000030517578,1000.0,85.0,0.9207810759544373,0.02084544487297535,10.0,0.9987319707870483,0.9987319707870483,0.9987319707870483,0.020340295508503914,0.0001967999996850267,0.6076533198356628,1720000.0,-0.04955577105283737,-0.026226138696074486,0.09873697906732559,0.032841041684150696,-0.006312217563390732,0.953724205493927,1.6241286993026733,-1.6189719438552856,8.392313957214355,7168.86669921875,38.777400970458984,42.93673324584961,81.71420288085938,244.75550842285156,2.9584431648254395,2.9584431648254395,2.9584431648254395,0.0
7.189479351043701,74.87999725341797,1000.0,86.0,0.9193487763404846,0.021303456276655197,6.0,0.9998379349708557,0.9998379349708557,0.9998379349708557,0.021840540692210197,0.0001956000050995499,0.6067851185798645,1740000.0,-0.04331424459815025,0.0062415264546871185,0.13615840673446655,0.036913394927978516,0.00407235324382782,1.0826412439346313,2.2861344814300537,0.6620057821273804,8.58449649810791,7232.9873046875,37.352420806884766,26.74111557006836,64.09353637695312,312.0439453125,2.984623908996582,2.984623908996582,2.984623908996582,0.0
7.1967692375183105,78.0999984741211,1000.0,87.0,0.9138821363449097,0.02048058994114399,7.0,1.0022261142730713,1.0022261142730713,1.0022261142730713,0.0204217117279768,0.00019439999596215785,0.6034810543060303,1760000.0,-0.049829546362161636,-0.006515301764011383,-0.23346741497516632,0.03136149048805237,-0.0055519044399261475,0.8644024133682251,2.657134771347046,0.3710002899169922,8.04486083984375,7303.20556640625,38.91719055175781,31.276384353637695,70.19408416748047,284.92431640625,3.010626792907715,3.010626792907715,3.010626792907715,0.0
7.076426982879639,91.69999694824219,1000.0,88.0,0.9030803442001343,0.02169179916381836,9.0,1.0009101629257202,1.0009101629257202,1.0009101629257202,0.02040323242545128,0.00019320000137668103,0.5969939231872559,1780000.0,-0.0613696426153183,-0.011540096253156662,-0.075965516269207,0.03741055354475975,0.006049063056707382,0.8931930661201477,2.1165456771850586,-0.5405890941619873,7.8672943115234375,7379.84423828125,36.1795654296875,40.43350601196289,76.61306762695312,261.05206298828125,3.037041664123535,3.037041664123535,3.037041664123535,0.0
7.089310169219971,85.73999786376953,1000.0,89.0,0.8917991518974304,0.0209489818662405,7.0,0.9998923540115356,0.9998923540115356,0.9998923540115356,0.020189160481095314,0.00019200000679120421,0.5902943015098572,1800000.0,-0.05103852227330208,0.01033112034201622,-0.024798698723316193,0.037028830498456955,-0.0003817230463027954,0.9563182592391968,2.6366546154022217,0.5201089382171631,8.762722969055176,7447.91064453125,37.74954605102539,30.291702270507812,68.04125213623047,293.9393310546875,3.063584804534912,3.063584804534912,3.063584804534912,0.0
6.910915374755859,69.73999786376953,1000.0,90.0,0.8904488682746887,0.022266274318099022,7.0,0.9996982216835022,0.9996982216835022,0.9996982216835022,0.020826829597353935,0.00019079999765381217,0.5895001888275146,1820000.0,-0.04859641194343567,0.0024421103298664093,-0.12450163066387177,0.034091588109731674,-0.0029372423887252808,0.9254705309867859,2.562669515609741,-0.07398509979248047,8.182525634765625,7514.96044921875,38.15119171142578,28.872447967529297,67.02363586425781,298.4021911621094,3.089573621749878,3.089573621749878,3.089573621749878,0.0
5.854481220245361,54.63999938964844,1000.0,91.0,0.8821426033973694,0.02177414856851101,8.0,1.0010477304458618,1.0010477304458618,1.0010477304458618,0.020920338109135628,0.00018960000306833535,0.5846394896507263,1840000.0,-0.03785494714975357,0.010741464793682098,0.03356175124645233,0.02145398035645485,-0.012637607753276825,0.6008943915367126,1.4734046459197998,-1.0892648696899414,6.067917823791504,7590.01953125,40.32867431640625,34.706451416015625,75.03512573242188,266.5418395996094,3.1144144535064697,3.1144144535064697,3.1144144535064697,0.0
6.326725959777832,58.7599983215332,1000.0,92.0,0.8769619464874268,0.021472588181495667,6.0,1.000140905380249,1.000140905380249,1.000140905380249,0.021625941619277,0.0001883999939309433,0.5816154479980469,1860000.0,-0.04716118425130844,-0.00930623710155487,-0.12095160782337189,0.04396985471248627,0.022515874356031418,0.9319904446601868,2.539095878601074,1.0656912326812744,8.483094215393066,7654.0009765625,37.91439437866211,26.039823532104492,63.95421600341797,312.72369384765625,3.1384027004241943,3.1384027004241943,3.1384027004241943,0.0
7.36234188079834,58.91999816894531,1000.0,93.0,0.8701388835906982,0.021152356639504433,7.0,1.0000722408294678,1.0000722408294678,1.0000722408294678,0.01998860388994217,0.0001871999993454665,0.5776496529579163,1880000.0,-0.04160061478614807,0.00556056946516037,0.14188116788864136,0.03779983147978783,-0.0061700232326984406,0.8786237239837646,1.8995535373687744,-0.6395423412322998,7.156275749206543,7723.56982421875,39.08040237426758,30.462369918823242,69.54277038574219,287.5928039550781,3.161633014678955,3.161633014678955,3.161633014678955,0.0
8.735607147216797,69.5999984741211,1000.0,94.0,0.8645881414413452,0.021184777840971947,6.0,1.0014138221740723,1.0014138221740723,1.0014138221740723,0.02259434387087822,0.00018600000475998968,0.574448823928833,1900000.0,-0.05057119205594063,-0.008970577269792557,-0.1774798184633255,0.035811807960271835,-0.001988023519515991,0.9657678604125977,2.4584081172943115,0.5588545799255371,7.679879665374756,7787.12158203125,37.46401596069336,26.06352424621582,63.52754211425781,314.8240966796875,3.1846535205841064,3.1846535205841064,3.1846535205841064,0.0
9.058199882507324,77.77999877929688,1000.0,95.0,0.8556860685348511,0.02033250592648983,8.0,1.0019282102584839,1.0019282102584839,1.0019282102584839,0.020485056564211845,0.00018479999562259763,0.5693732500076294,1920000.0,-0.05944718047976494,-0.00887598842382431,0.1294139325618744,0.03801511600613594,0.0022033080458641052,0.9366551041603088,2.3996410369873047,-0.058767080307006836,7.815707206726074,7861.64404296875,38.525123596191406,35.972991943359375,74.49811553955078,268.4631652832031,3.2078487873077393,3.2078487873077393,3.2078487873077393,0.0
8.373290061950684,68.5,1000.0,96.0,0.8540710806846619,0.0205009113997221,9.0,1.0009138584136963,1.0009138584136963,1.0009138584136963,0.020325617864727974,0.00018360000103712082,0.5684449076652527,1940000.0,-0.04234229773283005,0.01710488274693489,0.09529630094766617,0.03147191181778908,-0.006543204188346863,0.8514381647109985,1.4500149488449097,-0.949626088142395,6.658918857574463,7938.4697265625,38.154483795166016,38.638423919677734,76.79290771484375,260.44073486328125,3.2308003902435303,3.2308003902435303,3.2308003902435303,0.0
7.810714244842529,64.94000244140625,1000.0,97.0,0.8503633737564087,0.020118827000260353,7.0,1.0004016160964966,1.0004016160964966,1.0004016160964966,0.02112356200814247,0.000182400006451644,0.5663360953330994,1960000.0,-0.04418110102415085,-0.0018388032913208008,-0.054337941110134125,0.03650305047631264,0.00503113865852356,0.989241898059845,1.8892076015472412,0.43919265270233154,8.209975242614746,8008.54296875,40.0235481262207,30.02503776550293,70.048583984375,285.51611328125,3.253380298614502,3.253380298614502,3.253380298614502,0.0
8.360967636108398,58.040000915527344,1000.0,98.0,0.8474287390708923,0.021756159141659737,7.0,1.0003275871276855,1.0003275871276855,1.0003275871276855,0.02246382273733616,0.00018119999731425196,0.5646755695343018,1980000.0,-0.05513077974319458,-0.010949678719043732,-0.11742620170116425,0.04922888055443764,0.012725830078125,1.0505107641220093,2.456033945083618,0.566826343536377,8.388413429260254,8078.24169921875,38.49238204956055,31.179304122924805,69.67168426513672,287.0606689453125,3.2753210067749023,3.2753210067749023,3.2753210067749023,0.0
9.111583709716797,63.7400016784668,1000.0,99.0,0.8463231325149536,0.021303018555045128,8.0,1.0018199682235718,1.0018199682235718,1.0018199682235718,0.02143748849630356,0.00018000000272877514,0.5640629529953003,2000000.0,-0.05691363289952278,-0.0017828531563282013,0.03905858099460602,0.043664127588272095,-0.005564752966165543,1.0524612665176392,2.074793815612793,-0.3812401294708252,7.982998371124268,8149.0927734375,35.847721099853516,34.977691650390625,70.82540893554688,282.384521484375,3.2969467639923096,3.2969467639923096,3.2969467639923096,0.0
8.8603515625,59.599998474121094,1000.0,100.0,0.8454136848449707,0.02150791697204113,9.0,1.0009709596633911,1.0009709596633911,1.0009709596633911,0.02116076648235321,0.0001787999935913831,0.5635531544685364,2020000.0,-0.04782547056674957,0.009088162332773209,-0.11039912700653076,0.03222819045186043,-0.011435937136411667,0.8689387440681458,1.5753304958343506,-0.4994633197784424,6.898557186126709,8228.3193359375,39.748470306396484,39.44858932495117,79.19705963134766,252.53463745117188,3.3181064128875732,3.3181064128875732,3.3181064128875732,0.0
8.446182250976562,65.76000213623047,1000.0,101.0,0.8443455100059509,0.020201407372951508,8.0,0.999255895614624,0.999255895614624,0.999255895614624,0.022007698193192482,0.00017759999900590628,0.5629475712776184,2040000.0,-0.05153772979974747,-0.0037122592329978943,0.1052330732345581,0.03621239215135574,0.0039842016994953156,0.9416505694389343,2.053201675415039,0.4778711795806885,6.956013202667236,8300.404296875,36.363319396972656,35.68011474609375,72.04443359375,277.6064758300781,3.339130401611328,3.339130401611328,3.339130401611328,0.0
7.545142650604248,68.5,1000.0,102.0,0.8383148312568665,0.021678296849131584,8.0,1.0000473260879517,1.0000473260879517,1.0000473260879517,0.021798109635710716,0.00017640000442042947,0.5595539808273315,2060000.0,-0.05310506001114845,-0.0015673302114009857,0.16656562685966492,0.0500401146709919,0.013827722519636154,0.8739201426506042,1.9064229726791382,-0.14677870273590088,6.111620903015137,8375.2333984375,39.68039321899414,35.12348937988281,74.80387878417969,267.3658142089844,3.3601624965667725,3.3601624965667725,3.3601624965667725,0.0
7.699029922485352,69.4800033569336,1000.0,103.0,0.8315741419792175,0.02083956077694893,8.0,1.0002106428146362,1.0002106428146362,1.0002106428146362,0.020503858104348183,0.00017519999528303742,0.5557922124862671,2080000.0,-0.045689765363931656,0.007415294647216797,-0.037164948880672455,0.03310972452163696,-0.016930390149354935,0.8168020844459534,1.5207570791244507,-0.3856658935546875,6.564696788787842,8446.75,36.29018020629883,35.200355529785156,71.49053192138672,279.75732421875,3.3812522888183594,3.3812522888183594,3.3812522888183594,0.0
7.727652072906494,57.2599983215332,1000.0,104.0,0.8253732919692993,0.020091481506824493,7.0,1.0001499652862549,1.0001499652862549,1.0001499652862549,0.021221594884991646,0.0001740000006975606,0.5523571372032166,2100000.0,-0.050074558705091476,-0.0043847933411598206,0.05395425856113434,0.044974539428949356,0.011864814907312393,0.970595121383667,1.9276106357574463,0.4068535566329956,7.061264991760254,8516.7578125,39.26179504394531,30.719743728637695,69.98153686523438,285.7896728515625,3.4018394947052,3.4018394947052,3.4018394947052,0.0
8.036822319030762,53.63999938964844,1000.0,105.0,0.8246251344680786,0.020830664783716202,8.0,0.9991833567619324,0.9991833567619324,0.9991833567619324,0.021417079493403435,0.0001728000061120838,0.5519499182701111,2120000.0,-0.044504523277282715,0.005570035427808762,-0.07009731233119965,0.048288438469171524,0.003313899040222168,0.9903262853622437,1.5431797504425049,-0.3844308853149414,7.379981994628906,8588.1728515625,37.4114875793457,33.9777717590332,71.3901596069336,280.150634765625,3.421809673309326,3.421809673309326,3.421809673309326,0.0
8.078468322753906,68.95999908447266,1000.0,106.0,0.8216397762298584,0.02366880513727665,8.0,0.9996412992477417,0.9996412992477417,0.9996412992477417,0.022098492830991745,0.00017159999697469175,0.5503391027450562,2140000.0,-0.06298091262578964,-0.018476389348506927,0.5974107980728149,0.041534364223480225,-0.0067540742456912994,0.9754421710968018,2.120958089828491,0.5777783393859863,6.986886501312256,8662.0087890625,38.18704605102539,35.61981964111328,73.8068618774414,270.9775085449219,3.441938638687134,3.441938638687134,3.441938638687134,0.0
7.895477771759033,63.939998626708984,1000.0,107.0,0.8171537518501282,0.02082882449030876,9.0,0.9986225366592407,0.9986225366592407,0.9986225366592407,0.02013230510056019,0.00017040000238921493,0.5478560328483582,2160000.0,-0.04866808280348778,0.014312829822301865,-0.20762816071510315,0.0372433103621006,-0.004291053861379623,0.9343736171722412,1.4712392091751099,-0.6497188806533813,7.221004009246826,8739.5283203125,38.041690826416016,39.45355224609375,77.49524688720703,258.0803527832031,3.461984157562256,3.461984157562256,3.461984157562256,0.0
7.279364109039307,77.44000244140625,1000.0,108.0,0.8063138127326965,0.021491751074790955,7.0,1.0012409687042236,1.0012409687042236,1.0012409687042236,0.02288760431110859,0.0001691999932518229,0.541931688785553,2180000.0,-0.06136509031057358,-0.0126970075070858,0.2692995071411133,0.039281971752643585,0.002038661390542984,0.8617792129516602,2.3159232139587402,0.8446840047836304,6.875702381134033,8808.7666015625,38.382118225097656,30.828462600708008,69.21158599853516,288.9689636230469,3.4825856685638428,3.4825856685638428,3.4825856685638428,0.0
7.198370933532715,71.91999816894531,1000.0,109.0,0.8003216981887817,0.021232128143310547,5.0,0.9993550181388855,0.9993550181388855,0.9993550181388855,0.019311392679810524,0.00016799999866634607,0.5386935472488403,2200000.0,-0.03549351915717125,0.02587157115340233,0.01714222878217697,0.03852315619587898,-0.0007588155567646027,0.9869745373725891,2.4153308868408203,0.09940767288208008,7.144735813140869,8868.1015625,36.5673942565918,22.74187660217285,59.309268951416016,337.2154235839844,3.503438949584961,3.503438949584961,3.503438949584961,0.0
8.293254852294922,78.5999984741211,1000.0,110.0,0.791487455368042,0.02044316940009594,9.0,1.001367449760437,1.001367449760437,1.001367449760437,0.021128663793206215,0.00016680000408086926,0.5339708924293518,2220000.0,-0.06006058678030968,-0.024567067623138428,-0.11483842879533768,0.040374673902988434,0.0018515177071094513,1.0399670600891113,2.0384435653686523,-0.37688732147216797,7.329771041870117,8944.1416015625,34.99374008178711,41.02349090576172,76.0172348022461,263.0982360839844,3.524834394454956,3.524834394454956,3.524834394454956,0.0
9.09456729888916,64.5,1000.0,111.0,0.7874565124511719,0.02086726762354374,8.0,1.0005306005477905,1.0005306005477905,1.0005306005477905,0.021835902705788612,0.0001655999949434772,0.5318642258644104,2240000.0,-0.050167929381132126,0.009892657399177551,0.07169750332832336,0.04754718765616417,0.0071725137531757355,0.980216920375824,1.6965059041976929,-0.3419376611709595,6.554244518280029,9014.578125,34.98112106323242,35.427093505859375,70.40821075439453,284.0577697753906,3.546067237854004,3.546067237854004,3.546067237854004,0.0
8.668486595153809,74.33999633789062,1000.0,112.0,0.7872864603996277,0.020328136160969734,7.0,0.9996247291564941,0.9996247291564941,0.9996247291564941,0.02212567627429962,0.0001644000003580004,0.531798779964447,2260000.0,-0.05296194925904274,-0.002794019877910614,0.02351679652929306,0.03202228248119354,-0.015524905174970627,0.9751278162002563,2.4582576751708984,0.7617517709732056,7.312041282653809,9081.390625,36.063255310058594,30.725431442260742,66.78868865966797,299.451904296875,3.567619800567627,3.567619800567627,3.567619800567627,0.0
8.080391883850098,72.26000213623047,1000.0,113.0,0.7832981944084167,0.022383956238627434,7.0,0.999864399433136,0.999864399433136,0.999864399433136,0.020770184695720673,0.00016320000577252358,0.5296899080276489,2280000.0,-0.0517050176858902,0.0012569315731525421,-0.018258022144436836,0.035306066274642944,0.003283783793449402,1.0499262809753418,2.1431121826171875,-0.31514549255371094,8.148085594177246,9149.7109375,38.414520263671875,29.882038116455078,68.29655456542969,292.84051513671875,3.5893688201904297,3.5893688201904297,3.5893688201904297,0.0
6.6927971839904785,81.13999938964844,1000.0,114.0,0.7824825048446655,0.021217910572886467,9.0,1.0019009113311768,1.0019009113311768,1.0019009113311768,0.021775810047984123,0.00016199999663513154,0.5292840003967285,2300000.0,-0.05878365784883499,-0.007078640162944794,-0.09344359487295151,0.029407212510704994,-0.00589885376393795,0.7325302958488464,1.9122910499572754,-0.2308211326599121,6.9743733406066895,9224.3369140625,35.269989013671875,39.33118438720703,74.6011734008789,268.0923156738281,3.611715793609619,3.611715793609619,3.611715793609619,0.0
6.3680195808410645,71.0,1000.0,115.0,0.7808506488800049,0.021438011899590492,9.0,1.0001516342163086,1.0001516342163086,1.0001516342163086,0.02097969502210617,0.00016080000204965472,0.5284205675125122,2320000.0,-0.05494460090994835,0.0038390569388866425,-0.2026553601026535,0.029140250757336617,-0.0002669617533683777,0.8924302458763123,1.4793853759765625,-0.4329056739807129,7.624660015106201,9300.3525390625,37.268985748291016,38.72169494628906,75.99068450927734,263.1901550292969,3.6341311931610107,3.6341311931610107,3.6341311931610107,0.0
5.7470703125,71.13999938964844,1000.0,116.0,0.7815280556678772,0.021233808249235153,7.0,0.9997680187225342,0.9997680187225342,0.9997680187225342,0.021993592381477356,0.00015959999291226268,0.5288052558898926,2340000.0,-0.058501362800598145,-0.0035567618906497955,0.0033597946166992188,0.03541926294565201,0.0062790121883153915,0.8350628614425659,2.159639835357666,0.6802544593811035,7.6306538581848145,9368.84765625,38.28630447387695,30.181350708007812,68.4676513671875,292.1087341308594,3.656620502471924,3.656620502471924,3.656620502471924,0.0
6.5406670570373535,59.060001373291016,1000.0,117.0,0.7749883532524109,0.02111147716641426,8.0,1.0010854005813599,1.0010854005813599,1.0010854005813599,0.020996810868382454,0.00015839999832678586,0.5254051089286804,2360000.0,-0.04912648722529411,0.009374875575304031,-0.09588409960269928,0.03496123105287552,-0.00045803189277648926,0.8445220589637756,1.6982166767120361,-0.4614231586456299,7.583335876464844,9439.3125,36.1773567199707,34.263187408447266,70.44054412841797,283.9273986816406,3.6786069869995117,3.6786069869995117,3.6786069869995117,0.0
6.9557294845581055,58.81999969482422,1000.0,118.0,0.7680493593215942,0.020880207419395447,8.0,1.001206636428833,1.001206636428833,1.001206636428833,0.021291986107826233,0.00015720000374130905,0.5217243432998657,2380000.0,-0.05462178587913513,-0.005495298653841019,-0.14880186319351196,0.03527503088116646,0.00031379982829093933,0.898428738117218,1.7168673276901245,0.01865065097808838,7.100066184997559,9512.2060546875,37.96196365356445,34.9057502746582,72.86771392822266,274.469970703125,3.7001328468322754,3.7001328468322754,3.7001328468322754,0.0
6.844207763671875,63.779998779296875,1000.0,119.0,0.7643844485282898,0.02135333977639675,8.0,1.0018292665481567,1.0018292665481567,1.0018292665481567,0.021582335233688354,0.000155999994603917,0.5197924375534058,2400000.0,-0.06407402455806732,-0.00945223867893219,0.017212342470884323,0.03768874704837799,0.0024137161672115326,0.9676597714424133,2.202357053756714,0.48548972606658936,9.007184982299805,9583.134765625,35.920536041259766,34.9840202331543,70.90455627441406,282.0693054199219,3.721486806869507,3.721486806869507,3.721486806869507,0.0
6.347279071807861,69.16000366210938,1000.0,120.0,0.7619988322257996,0.020538369193673134,8.0,1.0005016326904297,1.0005016326904297,1.0005016326904297,0.021424930542707443,0.0001548000000184402,0.51849764585495,2420000.0,-0.060254935175180435,0.0038190893828868866,-0.038202643394470215,0.041564349085092545,0.003875602036714554,0.830573558807373,2.112755060195923,-0.08960199356079102,7.5750017166137695,9653.939453125,35.70435333251953,35.072330474853516,70.77668762207031,282.57891845703125,3.7429494857788086,3.7429494857788086,3.7429494857788086,0.0
6.4733052253723145,68.83999633789062,1000.0,121.0,0.7582370042800903,0.02077401429414749,8.0,1.001321792602539,1.001321792602539,1.001321792602539,0.02091953344643116,0.00015360000543296337,0.516527533531189,2440000.0,-0.05274207890033722,0.007512856274843216,0.0420352965593338,0.04196184501051903,0.00039749592542648315,0.8384047746658325,1.8893520832061768,-0.2234029769897461,8.351419448852539,9727.869140625,40.53313446044922,33.3717041015625,73.90483856201172,270.6182861328125,3.7644999027252197,3.7644999027252197,3.7644999027252197,0.0
7.1611199378967285,59.34000015258789,1000.0,122.0,0.7516874074935913,0.020990317687392235,8.0,1.0000940561294556,1.0000940561294556,1.0000940561294556,0.02129794843494892,0.00015239999629557133,0.5131309032440186,2460000.0,-0.0486750565469265,0.004067022353410721,0.24725893139839172,0.03787314146757126,-0.004088703542947769,0.7462742328643799,1.5402535200119019,-0.3490985631942749,6.734838485717773,9799.697265625,38.087406158447266,33.71454620361328,71.8029556274414,278.5400695800781,3.785674571990967,3.785674571990967,3.785674571990967,0.0
7.17067813873291,55.41999816894531,1000.0,123.0,0.7481184601783752,0.022001001983880997,8.0,1.0009727478027344,1.0009727478027344,1.0009727478027344,0.022137971594929695,0.0001512000017100945,0.511297881603241,2480000.0,-0.05900769308209419,-0.010332636535167694,0.04510335251688957,0.037925541400909424,5.239993333816528e-05,0.8585039973258972,1.8379725217819214,0.29771900177001953,8.006701469421387,9870.2666015625,38.133575439453125,32.41086196899414,70.54443359375,283.5092468261719,3.8063230514526367,3.8063230514526367,3.8063230514526367,0.0
6.661901950836182,58.560001373291016,1000.0,124.0,0.7461777329444885,0.020654913038015366,7.0,0.9997426867485046,0.9997426867485046,0.9997426867485046,0.021079210564494133,0.0001500000071246177,0.51033616065979,2500000.0,-0.052279919385910034,0.006727773696184158,0.03204115107655525,0.03840646147727966,0.00048092007637023926,0.7843376994132996,1.9687561988830566,0.13078367710113525,6.264538288116455,9938.876953125,40.52710723876953,28.059106826782227,68.58621215820312,291.6037902832031,3.826655387878418,3.826655387878418,3.826655387878418,0.0
6.636904716491699,67.4800033569336,1000.0,125.0,0.7495585680007935,0.020174534991383553,7.0,1.0008231401443481,1.0008231401443481,1.0008231401443481,0.022379830479621887,0.00014879999798722565,0.5121042728424072,2520000.0,-0.049459490925073624,0.0028204284608364105,-0.406156986951828,0.04018377885222435,0.0017773173749446869,0.9174876809120178,2.4405322074890137,0.47177600860595703,6.728220462799072,10007.0576171875,39.431678771972656,28.72591781616211,68.1575927734375,293.4375915527344,3.8471450805664062,3.8471450805664062,3.8471450805664062,0.0
5.838766574859619,76.18000030517578,1000.0,126.0,0.7496992945671082,0.02248528227210045,9.0,0.9980459809303284,0.9980459809303284,0.9980459809303284,0.021246079355478287,0.00014760000340174884,0.5121985077857971,2540000.0,-0.06931478530168533,-0.01985529437661171,-0.13260290026664734,0.02889956161379814,-0.011284217238426208,0.7860067486763,2.1577117443084717,-0.282820463180542,6.6760382652282715,10085.0322265625,40.15596008300781,37.79510498046875,77.95106506347656,256.5711975097656,3.868206739425659,3.868206739425659,3.868206739425659,0.0
6.807175159454346,70.0999984741211,1000.0,127.0,0.7467013001441956,0.020569032058119774,8.0,0.9986439943313599,0.9986439943313599,0.9986439943313599,0.019770419225096703,0.0001463999942643568,0.5106380581855774,2560000.0,-0.051286403089761734,0.0180283822119236,-0.04128642380237579,0.041317373514175415,0.012417811900377274,0.9700161814689636,1.8174337148666382,-0.3402780294418335,7.543198585510254,10159.3193359375,41.02873229980469,33.23384094238281,74.2625732421875,269.3146667480469,3.889491558074951,3.889491558074951,3.889491558074951,0.0
6.713990688323975,69.04000091552734,1000.0,128.0,0.7384974360466003,0.020234202966094017,8.0,1.0014790296554565,1.0014790296554565,1.0014790296554565,0.020996879786252975,0.00014519999967887998,0.5064190030097961,2580000.0,-0.06165396049618721,-0.010367557406425476,-0.1474619209766388,0.02918980084359646,-0.012127572670578957,0.6987528204917908,1.7653836011886597,-0.052050113677978516,5.574997901916504,10233.109375,40.58468246459961,33.177978515625,73.76265716552734,271.139892578125,3.910930633544922,3.910930633544922,3.910930633544922,0.0
6.452703952789307,60.7400016784668,1000.0,129.0,0.7341029644012451,0.02086184360086918,9.0,1.000854730606079,1.000854730606079,1.000854730606079,0.021739104762673378,0.00014400000509340316,0.504187285900116,2600000.0,-0.06308189034461975,-0.001427929848432541,0.0013431981205940247,0.027873774990439415,-0.0013160258531570435,0.6838119029998779,1.6504367589950562,-0.11494684219360352,6.646435260772705,10313.22265625,39.956756591796875,40.13054275512695,80.08729553222656,249.7274932861328,3.9321036338806152,3.9321036338806152,3.9321036338806152,0.0
6.038631439208984,56.939998626708984,1000.0,130.0,0.7262352705001831,0.02148289419710636,10.0,0.999458909034729,0.999458909034729,0.999458909034729,0.021326925605535507,0.00014279999595601112,0.5002288818359375,2620000.0,-0.0619816780090332,0.0011002123355865479,0.29557913541793823,0.03232146054506302,0.004447685554623604,0.7188464999198914,1.400877833366394,-0.2495589256286621,6.22688627243042,10390.759765625,34.301631927490234,43.20515060424805,77.50778198242188,258.0386047363281,3.9528520107269287,3.9528520107269287,3.9528520107269287,0.0
6.3207197189331055,64.81999969482422,1000.0,131.0,0.715236246585846,0.02136112004518509,8.0,1.0012640953063965,1.0012640953063965,1.0012640953063965,0.022147957235574722,0.0001416000013705343,0.49475589394569397,2640000.0,-0.05987032130360603,0.00211135670542717,0.022002391517162323,0.03310674801468849,0.000785287469625473,0.7796980738639832,1.9125678539276123,0.5116900205612183,6.372440814971924,10461.732421875,37.4991455078125,33.449066162109375,70.94821166992188,281.895751953125,3.9736151695251465,3.9736151695251465,3.9736151695251465,0.0
7.1812262535095215,83.4000015258789,1000.0,132.0,0.7048127055168152,0.020260164514183998,7.0,1.0018529891967773,1.0018529891967773,1.0018529891967773,0.021159488707780838,0.00014040000678505749,0.4896329343318939,2660000.0,-0.05857447162270546,0.0012958496809005737,-0.1869296282529831,0.04175496846437454,0.00864822044968605,0.9043980240821838,2.4665944576263428,0.5540266036987305,7.7889404296875,10528.875,35.922340393066406,31.194780349731445,67.11712646484375,297.9865417480469,3.995316505432129,3.995316505432129,3.995316505432129,0.0
7.401083946228027,80.68000030517578,1000.0,133.0,0.7050878405570984,0.020810434594750404,11.0,0.9993407726287842,0.9993407726287842,0.9993407726287842,0.020472578704357147,0.00013919999764766544,0.48978906869888306,2680000.0,-0.06203220412135124,-0.0034577324986457825,0.14195558428764343,0.03709645941853523,-0.00465850904583931,0.7862566113471985,1.6665922403335571,-0.8000022172927856,6.018463134765625,10610.8994140625,32.61034393310547,49.38505935668945,81.99540710449219,243.91610717773438,4.017732620239258,4.017732620239258,4.017732620239258,0.0
7.382532119750977,81.94000244140625,1000.0,134.0,0.6937179565429688,0.02024494670331478,7.0,1.002685785293579,1.002685785293579,1.002685785293579,0.02091393433511257,0.00013800000306218863,0.4842798411846161,2700000.0,-0.0524865984916687,0.009545605629682541,0.06100241839885712,0.04013701155781746,0.0030405521392822266,0.7542754411697388,2.163940906524658,0.4973486661911011,6.151140213012695,10677.8984375,34.59330368041992,32.380104064941406,66.9734115600586,298.6259765625,4.040857791900635,4.040857791900635,4.040857791900635,0.0
6.358941555023193,88.63999938964844,1000.0,135.0,0.6877167224884033,0.020541565492749214,9.0,1.0028406381607056,1.0028406381607056,1.0028406381607056,0.021694837138056755,0.00013679999392479658,0.4813884496688843,2720000.0,-0.07777271419763565,-0.02528611570596695,0.008914478123188019,0.026160262525081635,-0.013976749032735825,0.6759601831436157,2.066032886505127,-0.09790802001953125,6.525063514709473,10748.4921875,31.077625274658203,39.491336822509766,70.56896209716797,283.41070556640625,4.064953804016113,4.064953804016113,4.064953804016113,0.0
5.70223331451416,85.23999786376953,1000.0,136.0,0.6841161847114563,0.02301444299519062,10.0,1.0010744333267212,1.0010744333267212,1.0010744333267212,0.020019330084323883,0.00013559999933931977,0.4796341359615326,2740000.0,-0.06375520676374435,0.014017507433891296,0.061126358807086945,0.03319994732737541,0.0070396848022937775,0.7978127002716064,1.6267212629318237,-0.4393116235733032,6.935839653015137,10826.73046875,34.671653747558594,43.54231262207031,78.2139663696289,255.70880126953125,4.089759349822998,4.089759349822998,4.089759349822998,0.0
5.777064800262451,84.27999877929688,1000.0,137.0,0.6764289140701294,0.021476231515407562,7.0,1.0016604661941528,1.0016604661941528,1.0016604661941528,0.02099001035094261,0.00013440000475384295,0.47593414783477783,2760000.0,-0.051882341504096985,0.01187286525964737,0.15293963253498077,0.03770900145173073,0.004509054124355316,0.8408631086349487,1.8092702627182007,0.18254899978637695,6.959621906280518,10895.6591796875,39.577274322509766,29.32252311706543,68.89979553222656,290.276611328125,4.115159034729004,4.115159034729004,4.115159034729004,0.0
6.371453762054443,69.63999938964844,1000.0,138.0,0.6707170009613037,0.022039327770471573,10.0,0.999664306640625,0.999664306640625,0.999664306640625,0.02095668949186802,0.0001331999956164509,0.47321149706840515,2780000.0,-0.05275389552116394,-0.0008715540170669556,-0.19814087450504303,0.037199653685092926,-0.0005093477666378021,0.7841394543647766,1.1669120788574219,-0.6423581838607788,5.927100658416748,10977.310546875,39.1123161315918,42.51459503173828,81.62690734863281,245.01722717285156,4.140373706817627,4.140373706817627,4.140373706817627,0.0
7.855193614959717,56.58000183105469,1000.0,139.0,0.6667494773864746,0.020202800631523132,6.0,0.9996989965438843,0.9996989965438843,0.9996989965438843,0.021746864542365074,0.0001320000010309741,0.47133612632751465,2800000.0,-0.05223039165139198,0.0005235038697719574,-0.13662058115005493,0.048538703471422195,0.01133904978632927,0.9178402423858643,2.1488490104675293,0.9819369316101074,7.014162540435791,11042.4580078125,39.98093795776367,25.122356414794922,65.1032943725586,307.2041015625,4.164770603179932,4.164770603179932,4.164770603179932,0.0
7.618021011352539,61.400001525878906,1000.0,140.0,0.6652010679244995,0.021616458892822266,9.0,0.9980229735374451,0.9980229735374451,0.9980229735374451,0.021312223747372627,0.00013080000644549727,0.4706057608127594,2820000.0,-0.061496369540691376,-0.009265977889299393,-0.11074315011501312,0.03480616584420204,-0.013732537627220154,0.7966772317886353,1.7126049995422363,-0.43624401092529297,6.603471279144287,11116.1982421875,35.578556060791016,38.137184143066406,73.71574401855469,271.3124694824219,4.188677787780762,4.188677787780762,4.188677787780762,0.0
7.640015125274658,63.36000061035156,1000.0,141.0,0.6579471230506897,0.02137995883822441,10.0,1.0019439458847046,1.0019439458847046,1.0019439458847046,0.020395930856466293,0.00012959999730810523,0.4672068953514099,2840000.0,-0.04327297955751419,0.018223389983177185,-0.08891323953866959,0.037758152931928635,0.002951987087726593,0.7816082239151001,1.1529045104980469,-0.5597004890441895,6.181647777557373,11195.201171875,35.93815231323242,43.036869049072266,78.97502136230469,253.24462890625,4.212246417999268,4.212246417999268,4.212246417999268,0.0
6.0299391746521,60.20000076293945,1000.0,142.0,0.6512184739112854,0.022161299362778664,8.0,1.000189185142517,1.000189185142517,1.000189185142517,0.022455237805843353,0.00012840000272262841,0.4640742242336273,2860000.0,-0.05237187445163727,-0.009098894894123077,-0.2616744041442871,0.03286350890994072,-0.004894644021987915,0.6794865131378174,1.4821665287017822,0.32926201820373535,5.473981857299805,11265.73046875,36.610252380371094,33.891014099121094,70.50126647949219,283.6828308105469,4.235353469848633,4.235353469848633,4.235353469848633,0.0
6.733163356781006,68.72000122070312,1000.0,143.0,0.6445629000663757,0.020205624401569366,7.0,1.0011467933654785,1.0011467933654785,1.0011467933654785,0.02112554758787155,0.00012719999358523637,0.461002916097641,2880000.0,-0.06977240741252899,-0.017400532960891724,-0.034075334668159485,0.0424407534301281,0.009577244520187378,0.915761411190033,2.294956684112549,0.8127901554107666,6.297362804412842,11329.1884765625,32.7226676940918,30.70906639099121,63.43173599243164,315.2995910644531,4.258481979370117,4.258481979370117,4.258481979370117,0.0
7.505439281463623,75.77999877929688,1000.0,144.0,0.6400439739227295,0.020090430974960327,8.0,0.9998095035552979,0.9998095035552979,0.9998095035552979,0.021036632359027863,0.00012599999899975955,0.45891737937927246,2900000.0,-0.061190564185380936,0.008581843227148056,-0.10472892224788666,0.050602734088897705,0.008161980658769608,0.8987515568733215,2.204185962677002,-0.09077072143554688,6.699610710144043,11395.40234375,32.738487243652344,33.435420989990234,66.17391204833984,302.2339172363281,4.281991004943848,4.281991004943848,4.281991004943848,0.0
7.643357753753662,77.73999786376953,1000.0,145.0,0.6346840262413025,0.02012603171169758,8.0,1.000950574874878,1.000950574874878,1.000950574874878,0.020617082715034485,0.00012480000441428274,0.45646849274635315,2920000.0,-0.058688756078481674,0.0025018081068992615,0.0440465584397316,0.036241888999938965,-0.01436084508895874,0.821364164352417,1.6924853324890137,-0.5117006301879883,6.392307281494141,11465.26953125,37.054786682128906,32.78672409057617,69.84151458740234,286.3626403808594,4.305945873260498,4.305945873260498,4.305945873260498,0.0
6.681481838226318,67.76000213623047,1000.0,146.0,0.6276803016662598,0.02051555924117565,10.0,1.000854253768921,1.000854253768921,1.000854253768921,0.020539605990052223,0.0001235999952768907,0.45327648520469666,2940000.0,-0.05697806924581528,0.001710686832666397,-0.06702709197998047,0.027475761249661446,-0.00876612775027752,0.7021961212158203,1.3138353824615479,-0.3786499500274658,5.596599102020264,11546.3046875,40.462799072265625,40.5473747253418,81.01017761230469,246.882568359375,4.329800128936768,4.329800128936768,4.329800128936768,0.0
6.310047149658203,58.0,1000.0,147.0,0.6204897165298462,0.021395020186901093,7.0,1.000867486000061,1.000867486000061,1.000867486000061,0.020862754434347153,0.00012240000069141388,0.4500271677970886,2960000.0,-0.050843123346567154,0.006134945899248123,-0.11697690933942795,0.03273835405707359,0.0052625928074121475,0.856704592704773,1.630185842514038,0.31635046005249023,6.096836566925049,11613.025390625,39.311710357666016,27.367168426513672,66.67887878417969,299.9450378417969,4.3530683517456055,4.3530683517456055,4.3530683517456055,0.0
6.0870561599731445,61.7599983215332,1000.0,148.0,0.619173526763916,0.021154286339879036,8.0,1.0015662908554077,1.0015662908554077,1.0015662908554077,0.0218218844383955,0.00012119999882997945,0.44943565130233765,2980000.0,-0.06220482289791107,-0.011361699551343918,-0.03527284413576126,0.03919029235839844,0.006451938301324844,0.8052396774291992,1.7009414434432983,0.07075560092926025,6.469451427459717,11683.3388671875,38.633541107177734,31.656272888183594,70.28981018066406,284.5362548828125,4.376005172729492,4.376005172729492,4.376005172729492,0.0
7.140938758850098,60.119998931884766,1000.0,149.0,0.6122365593910217,0.020871121436357498,8.0,1.0016541481018066,1.0016541481018066,1.0016541481018066,0.02152678370475769,0.00011999999696854502,0.4463306963443756,3000000.0,-0.05633722245693207,0.005867600440979004,0.174951434135437,0.04966798052191734,0.010477688163518906,0.8291919827461243,1.6094577312469482,-0.0914837121963501,5.953579902648926,11757.548828125,41.417728424072266,32.76846694946289,74.18619537353516,269.5919494628906,4.398563385009766,4.398563385009766,4.398563385009766,0.0
7.697710990905762,63.34000015258789,1000.0,150.0,0.6050935983657837,0.020948827266693115,9.0,0.9997503161430359,0.9997503161430359,0.9997503161430359,0.020983945578336716,0.0001188000023830682,0.44315215945243835,3020000.0,-0.0576133131980896,-0.0012760907411575317,-0.16603556275367737,0.035637710243463516,-0.014030270278453827,0.802635908126831,1.5131497383117676,-0.09630799293518066,6.673301696777344,11830.232421875,34.196250915527344,38.463539123535156,72.6597900390625,275.2554016113281,4.420950412750244,4.420950412750244,4.420950412750244,0.0
7.452880382537842,59.279998779296875,1000.0,151.0,0.5980715155601501,0.02063954435288906,7.0,1.0019453763961792,1.0019453763961792,1.0019453763961792,0.021386051550507545,0.00011760000052163377,0.4400534927845001,3040000.0,-0.05294724181294441,0.004666071385145187,-0.05252701789140701,0.04000839218497276,0.004370681941509247,0.8842993974685669,1.9981986284255981,0.48504889011383057,6.836357593536377,11896.42578125,37.065242767333984,29.10393714904785,66.16918182373047,302.2555236816406,4.442976951599121,4.442976951599121,4.442976951599121,0.0
7.994907855987549,69.45999908447266,1000.0,152.0,0.5946328043937683,0.021040363237261772,7.0,1.0007966756820679,1.0007966756820679,1.0007966756820679,0.021297812461853027,0.00011639999866019934,0.4385525584220886,3060000.0,-0.06806239485740662,-0.015115153044462204,-0.2404838353395462,0.04447781294584274,0.00446942076086998,1.0588252544403076,3.049999237060547,1.0518006086349487,8.479438781738281,11957.8740234375,30.924774169921875,30.49773406982422,61.42350769042969,325.60821533203125,4.465211391448975,4.465211391448975,4.465211391448975,0.0
8.427184104919434,67.73999786376953,1000.0,153.0,0.59153813123703,0.021027764305472374,12.0,1.0008188486099243,1.0008188486099243,1.0008188486099243,0.020449135452508926,0.00011519999679876491,0.43719562888145447,3080000.0,-0.05388296768069267,0.014179427176713943,0.008119996637105942,0.04054047539830208,-0.003937337547540665,0.7978967428207397,1.3178759813308716,-1.7321232557296753,6.392592430114746,12043.9208984375,35.20247268676758,50.821170806884766,86.02364349365234,232.4942169189453,4.487548351287842,4.487548351287842,4.487548351287842,0.0
9.281939506530762,67.81999969482422,1000.0,154.0,0.5834927558898926,0.02369052544236183,7.0,1.0011781454086304,1.0011781454086304,1.0011781454086304,0.02109387516975403,0.0001140000022132881,0.4336888790130615,3100000.0,-0.049073901027441025,0.004809066653251648,-0.10989877581596375,0.044406406581401825,0.0038659311830997467,0.9565876126289368,1.4560282230377197,0.13815224170684814,6.642784595489502,12107.2666015625,34.97509765625,28.33420753479004,63.31031036376953,315.9043273925781,4.50998592376709,4.50998592376709,4.50998592376709,0.0
7.976479530334473,63.29999923706055,1000.0,155.0,0.5804916024208069,0.021306859329342842,8.0,0.9998216032981873,0.9998216032981873,0.9998216032981873,0.022026270627975464,0.00011280000035185367,0.43238815665245056,3120000.0,-0.06447248160839081,-0.015398580580949783,-0.032784029841423035,0.03853772580623627,-0.005868680775165558,0.9425144791603088,1.885262131690979,0.4292339086532593,6.919750213623047,12178.4990234375,38.0150146484375,33.194278717041016,71.20928955078125,280.8622131347656,4.53228235244751,4.53228235244751,4.53228235244751,0.0
7.602927207946777,69.27999877929688,1000.0,156.0,0.5798608660697937,0.021863063797354698,9.0,1.0008001327514648,1.0008001327514648,1.0008001327514648,0.02078544721007347,0.00011159999849041924,0.4321117401123047,3140000.0,-0.060988184064626694,0.0034842975437641144,-0.0528704896569252,0.0317523367702961,-0.00678538903594017,0.8583790063858032,1.8206863403320312,-0.06457579135894775,7.470386028289795,12252.576171875,35.532596588134766,38.52150344848633,74.0541000366211,270.07281494140625,4.5547685623168945,4.5547685623168945,4.5547685623168945,0.0
7.313591480255127,85.4800033569336,1000.0,157.0,0.5773599743843079,0.020549766719341278,7.0,1.000563621520996,1.000563621520996,1.000563621520996,0.02087029442191124,0.00011039999662898481,0.4310299754142761,3160000.0,-0.06650327146053314,-0.005515087395906448,0.006205618381500244,0.03930826857686043,0.007555931806564331,0.9319360256195068,2.2909271717071533,0.47024083137512207,6.927154541015625,12314.3154296875,32.344635009765625,29.362730026245117,61.70736312866211,324.11041259765625,4.57827091217041,4.57827091217041,4.57827091217041,0.0
7.530307769775391,71.41999816894531,1000.0,158.0,0.572556734085083,0.020740000531077385,8.0,1.0002270936965942,1.0002270936965942,1.0002270936965942,0.018947286531329155,0.00010920000204350799,0.4289708137512207,3180000.0,-0.05503005534410477,0.011473216116428375,0.2974531948566437,0.03820222243666649,-0.0011060461401939392,0.82327800989151,1.786057710647583,-0.5048694610595703,6.45599365234375,12382.58984375,34.93129348754883,33.31797790527344,68.25027465820312,293.03912353515625,4.601961135864258,4.601961135864258,4.601961135864258,0.0
6.49001407623291,74.9800033569336,1000.0,159.0,0.5690178275108337,0.02175576239824295,9.0,1.0003130435943604,1.0003130435943604,1.0003130435943604,0.022084057331085205,0.00010800000018207356,0.4274596869945526,3200000.0,-0.06720259040594101,-0.012172535061836243,-0.2388433963060379,0.024229956790804863,-0.013972265645861626,0.7176723480224609,1.851797342300415,0.06573963165283203,7.216704845428467,12456.9306640625,37.739540100097656,36.57483673095703,74.31437683105469,269.1269226074219,4.626009941101074,4.626009941101074,4.626009941101074,0.0
6.25068473815918,71.13999938964844,1000.0,160.0,0.5691293478012085,0.021945029497146606,9.0,1.001102328300476,1.001102328300476,1.001102328300476,0.021049359813332558,0.00010679999832063913,0.4275229573249817,3220000.0,-0.06883744150400162,-0.001634851098060608,0.005674861371517181,0.030432699248194695,0.0062027424573898315,0.7978171110153198,1.7462579011917114,-0.10553944110870361,7.07753849029541,12529.9931640625,35.506141662597656,37.53153991699219,73.03868103027344,273.8275146484375,4.6501851081848145,4.6501851081848145,4.6501851081848145,0.0
5.203691005706787,69.44000244140625,1000.0,161.0,0.5631846189498901,0.021809570491313934,10.0,1.0034934282302856,1.0034934282302856,1.0034934282302856,0.021539615467190742,0.0001055999964592047,0.4249895513057709,3240000.0,-0.060980893671512604,0.007856547832489014,-0.0653277188539505,0.033173490315675735,0.002740791067481041,0.629814863204956,1.2980413436889648,-0.4482165575027466,5.849899768829346,12605.47265625,34.062286376953125,41.393550872802734,75.4558334350586,265.0556945800781,4.674388885498047,4.674388885498047,4.674388885498047,0.0
5.769148349761963,63.68000030517578,1000.0,162.0,0.5557377934455872,0.020360291004180908,8.0,1.0021772384643555,1.0021772384643555,1.0021772384643555,0.02136811800301075,0.00010440000187372789,0.4218384027481079,3260000.0,-0.05610980466008186,0.00487108901143074,0.15941917896270752,0.032783858478069305,-0.00038963183760643005,0.7711965441703796,1.6190654039382935,0.3210240602493286,6.705133438110352,12674.142578125,35.29044723510742,33.35356903076172,68.64401245117188,291.3582458496094,4.698318958282471,4.698318958282471,4.698318958282471,0.0
5.358636856079102,66.18000030517578,1000.0,163.0,0.5451792478561401,0.020774971693754196,9.0,1.000268816947937,1.000268816947937,1.000268816947937,0.021392231807112694,0.00010320000001229346,0.41739875078201294,3280000.0,-0.056983742862939835,-0.0008739382028579712,0.3598816990852356,0.03114502504467964,-0.0016388334333896637,0.7191339135169983,1.736416220664978,0.11735081672668457,6.534529685974121,12742.4287109375,30.16421890258789,38.09750747680664,68.26172637939453,292.9899597167969,4.722138404846191,4.722138404846191,4.722138404846191,0.0
5.957469940185547,63.29999923706055,1000.0,164.0,0.5370090007781982,0.020665381103754044,9.0,1.0007954835891724,1.0007954835891724,1.0007954835891724,0.019968319684267044,0.00010199999815085903,0.41401371359825134,3300000.0,-0.04683816060423851,0.010145582258701324,0.19174018502235413,0.03227435424923897,0.0011293292045593262,0.7884452939033508,1.2859774827957153,-0.4504387378692627,6.8919453620910645,12813.2548828125,33.5659065246582,37.234275817871094,70.80017852783203,282.4851379394531,4.745709419250488,4.745709419250488,4.745709419250488,0.0
7.433116912841797,67.05999755859375,1000.0,165.0,0.5363405346870422,0.02001194842159748,8.0,1.0016045570373535,1.0016045570373535,1.0016045570373535,0.021462660282850266,0.00010080000356538221,0.41375887393951416,3320000.0,-0.05599439889192581,-0.009156238287687302,-0.023985207080841064,0.05038771033287048,0.018113356083631516,0.9383896589279175,1.8171807527542114,0.5312032699584961,7.192046642303467,12883.7431640625,38.03337097167969,32.42942810058594,70.46279907226562,283.8377380371094,4.769259929656982,4.769259929656982,4.769259929656982,0.0
6.8277907371521,51.880001068115234,1000.0,166.0,0.535871148109436,0.020278465002775192,7.0,1.0004136562347412,1.0004136562347412,1.0004136562347412,0.018178490921854973,9.960000170394778e-05,0.41357141733169556,3340000.0,-0.04284040629863739,0.013153992593288422,-0.13119637966156006,0.03222750499844551,-0.018160205334424973,0.6523569226264954,1.4938794374465942,-0.3233013153076172,6.1521382331848145,12946.1142578125,32.20182418823242,30.144752502441406,62.34657669067383,320.7874755859375,4.791984558105469,4.791984558105469,4.791984558105469,0.0
6.42697811126709,55.7599983215332,1000.0,167.0,0.535900890827179,0.020871629938483238,10.0,1.000101089477539,1.000101089477539,1.000101089477539,0.021300338208675385,9.839999984251335e-05,0.4136153757572174,3360000.0,-0.058251988142728806,-0.015411581844091415,-0.07876665145158768,0.03304257616400719,0.000815071165561676,0.8287694454193115,1.4578571319580078,-0.036022305488586426,7.015758514404297,13015.7568359375,27.916900634765625,41.70243835449219,69.61933898925781,287.2764892578125,4.814176082611084,4.814176082611084,4.814176082611084,0.0
5.486779689788818,53.7599983215332,1000.0,168.0,0.5361402630805969,0.020662127062678337,10.0,0.9993319511413574,0.9993319511413574,0.9993319511413574,0.020893072709441185,9.719999798107892e-05,0.4137062728404999,3380000.0,-0.06084171682596207,-0.002589728683233261,-0.01673739030957222,0.028370549902319908,-0.004672026261687279,0.814378023147583,1.3849618434906006,-0.07289528846740723,7.266961097717285,13090.31640625,31.156587600708008,43.37651443481445,74.53409576416016,268.33355712890625,4.835783004760742,4.835783004760742,4.835783004760742,0.0
6.167107105255127,58.5,1000.0,169.0,0.5320391654968262,0.020254889503121376,9.0,1.0030349493026733,1.0030349493026733,1.0030349493026733,0.02099323272705078,9.600000339560211e-05,0.411991149187088,3400000.0,-0.05185433849692345,0.00898737832903862,0.012669093906879425,0.027713168412446976,-0.0006573814898729324,0.7495335340499878,1.4159177541732788,0.030955910682678223,6.0200276374816895,13158.5390625,29.284440994262695,38.91242599487305,68.19686889648438,293.26861572265625,4.857122421264648,4.857122421264648,4.857122421264648,0.0
6.234971523284912,67.30000305175781,1000.0,170.0,0.5255019664764404,0.020334001630544662,9.0,1.0005327463150024,1.0005327463150024,1.0005327463150024,0.020366080105304718,9.480000153416768e-05,0.4093005359172821,3420000.0,-0.06864791363477707,-0.016793575137853622,-0.020527182146906853,0.03064332902431488,0.0029301606118679047,0.8405938744544983,1.7687612771987915,0.3528435230255127,6.298435211181641,13226.654296875,29.468257904052734,38.61966323852539,68.08792114257812,293.73785400390625,4.87869930267334,4.87869930267334,4.87869930267334,0.0
6.7959723472595215,77.76000213623047,1000.0,171.0,0.5221472382545471,0.021348746493458748,10.0,1.0016353130340576,1.0016353130340576,1.0016353130340576,0.020757848396897316,9.359999967273325e-05,0.40791264176368713,3440000.0,-0.07681482285261154,-0.008166909217834473,0.14580625295639038,0.03566369041800499,0.005020361393690109,0.9542776346206665,1.9261541366577148,0.15739285945892334,7.171290397644043,13299.9892578125,31.180118560791016,42.12984848022461,73.30996704101562,272.814208984375,4.901055812835693,4.901055812835693,4.901055812835693,0.0
7.459537982940674,74.77999877929688,1000.0,172.0,0.5184379816055298,0.020698100328445435,11.0,0.9974486231803894,0.9974486231803894,0.9974486231803894,0.020728396251797676,9.239999781129882e-05,0.4064251780509949,3460000.0,-0.06268566846847534,0.0141291543841362,0.16253310441970825,0.03229520097374916,-0.003368489444255829,0.7958874106407166,1.3438429832458496,-0.5823111534118652,7.368241310119629,13379.0048828125,32.83659362792969,46.15238571166992,78.98897552490234,253.19989013671875,4.923957824707031,4.923957824707031,4.923957824707031,0.0
8.10003662109375,78.5999984741211,1000.0,173.0,0.5157065391540527,0.020517483353614807,9.0,1.000136137008667,1.000136137008667,1.000136137008667,0.02110828272998333,9.1200003225822e-05,0.40532106161117554,3480000.0,-0.07742190361022949,-0.01473623514175415,-0.05566251277923584,0.0408678874373436,0.008572686463594437,1.1005374193191528,1.7917622327804565,0.44791924953460693,7.878977298736572,13449.8994140625,33.560646057128906,37.30887985229492,70.8695297241211,282.208740234375,4.947559356689453,4.947559356689453,4.947559356689453,0.0
7.621828079223633,78.44000244140625,1000.0,174.0,0.5072936415672302,0.020198334008455276,8.0,1.0019398927688599,1.0019398927688599,1.0019398927688599,0.020270051434636116,9.000000136438757e-05,0.4019424021244049,3500000.0,-0.06670571863651276,0.010716184973716736,0.01326749473810196,0.04149723798036575,0.0006293505430221558,1.0252341032028198,2.310438394546509,0.5186761617660522,7.565385341644287,13513.740234375,30.425748825073242,33.390830993652344,63.81658172607422,313.3981628417969,4.9717841148376465,4.9717841148376465,4.9717841148376465,0.0
7.444650173187256,81.55999755859375,1000.0,175.0,0.5031453967094421,0.02121879905462265,11.0,1.0024142265319824,1.0024142265319824,1.0024142265319824,0.020551273599267006,8.879999950295314e-05,0.4002683162689209,3520000.0,-0.06770838052034378,-0.0010026618838310242,-0.001866661012172699,0.030108898878097534,-0.011388339102268219,0.8503777384757996,1.5250928401947021,-0.7853455543518066,7.339799404144287,13590.5576171875,29.95097541809082,46.841331481933594,76.79230499267578,260.4427490234375,4.996739864349365,4.996739864349365,4.996739864349365,0.0
8.086124420166016,82.36000061035156,1000.0,176.0,0.49629053473472595,0.020026464015245438,9.0,1.0006093978881836,1.0006093978881836,1.0006093978881836,0.020741039887070656,8.759999764151871e-05,0.3975330591201782,3540000.0,-0.07083554565906525,-0.003127165138721466,0.33615627884864807,0.04983900859951973,0.019730109721422195,1.126252293586731,2.027146577835083,0.5020537376403809,8.847321510314941,13657.80859375,29.038965225219727,38.182159423828125,67.22117614746094,297.5252990722656,5.022397994995117,5.022397994995117,5.022397994995117,0.0
8.191725730895996,74.37999725341797,1000.0,177.0,0.4879000782966614,0.020356161519885063,11.0,1.0034174919128418,1.0034174919128418,1.0034174919128418,0.019917549565434456,8.64000030560419e-05,0.3942084014415741,3560000.0,-0.06258057057857513,0.008254975080490112,-0.006965421140193939,0.040024880319833755,-0.009814128279685974,0.9779357314109802,1.7235616445541382,-0.3035849332809448,7.00172758102417,13730.71484375,28.554035186767578,44.32308578491211,72.87712097167969,274.4345397949219,5.0482635498046875,5.0482635498046875,5.0482635498046875,0.0
8.66248893737793,82.95999908447266,1000.0,178.0,0.4808470904827118,0.02165927365422249,11.0,1.003319263458252,1.003319263458252,1.003319263458252,0.02131110616028309,8.520000119460747e-05,0.3914209306240082,3580000.0,-0.07645177841186523,-0.0138712078332901,0.12361279875040054,0.034409672021865845,-0.005615208297967911,1.0078332424163818,1.765019178390503,0.041457533836364746,8.554481506347656,13810.521484375,31.452903747558594,48.32670974731445,79.77961730957031,250.6905975341797,5.074778079986572,5.074778079986572,5.074778079986572,0.0
7.699408531188965,76.80000305175781,1000.0,179.0,0.4752468168735504,0.020835574716329575,12.0,1.0003920793533325,1.0003920793533325,1.0003920793533325,0.019872939214110374,8.399999933317304e-05,0.3892362117767334,3600000.0,-0.05823450908064842,0.018217269331216812,-0.038824982941150665,0.03333485126495361,-0.0010748207569122314,0.9386833906173706,1.2788907289505005,-0.48612844944000244,7.495486736297607,13889.5947265625,30.419919967651367,48.62736129760742,79.04727935791016,253.0131378173828,5.1015496253967285,5.1015496253967285,5.1015496253967285,0.0
6.878795623779297,70.86000061035156,1000.0,180.0,0.470502108335495,0.021036868914961815,11.0,1.0021543502807617,1.0021543502807617,1.0021543502807617,0.02221892587840557,8.27999974717386e-05,0.38739511370658875,3620000.0,-0.07355707883834839,-0.015322569757699966,-0.008628502488136292,0.03040851466357708,-0.0029263366013765335,0.9069770574569702,1.3080414533615112,0.029150724411010742,7.760404109954834,13965.578125,30.34389877319336,45.61376190185547,75.95765686035156,263.3045959472656,5.128235340118408,5.128235340118408,5.128235340118408,0.0
6.6771559715271,67.68000030517578,1000.0,181.0,0.46735119819641113,0.021147698163986206,11.0,1.003143072128296,1.003143072128296,1.003143072128296,0.02116975001990795,8.160000288626179e-05,0.38618168234825134,3640000.0,-0.0794575959444046,-0.005900517106056213,0.03065616637468338,0.026898100972175598,-0.0035104136914014816,0.9099835157394409,1.4405006170272827,0.13245916366577148,6.972029685974121,14043.3369140625,31.55376434326172,46.17890548706055,77.732666015625,257.2920837402344,5.154675483703613,5.154675483703613,5.154675483703613,0.0
5.912886142730713,70.05999755859375,1000.0,182.0,0.4645737409591675,0.020925644785165787,13.0,1.002199411392212,1.002199411392212,1.002199411392212,0.019946495071053505,8.040000102482736e-05,0.3851042687892914,3660000.0,-0.06300613284111023,0.016451463103294373,-0.06333578377962112,0.028052128851413727,0.0011540278792381287,0.7667118906974792,1.3206032514572144,-0.11989736557006836,6.383180618286133,14126.333984375,29.756488800048828,53.21549606323242,82.97198486328125,241.0452117919922,5.181026935577393,5.181026935577393,5.181026935577393,0.0
5.378538131713867,69.62000274658203,1000.0,183.0,0.46052366495132446,0.0207999125123024,10.0,1.0004541873931885,1.0004541873931885,1.0004541873931885,0.021053364500403404,7.919999916339293e-05,0.3835445046424866,3680000.0,-0.06549684703350067,-0.002490714192390442,-0.14654770493507385,0.03431837633252144,0.006266247481107712,0.8739952445030212,1.4782501459121704,0.15764689445495605,7.192621231079102,14198.1904296875,29.6201229095459,42.20915603637695,71.82928466796875,278.43798828125,5.207277774810791,5.207277774810791,5.207277774810791,0.0
6.5450968742370605,62.900001525878906,1000.0,184.0,0.4538387060165405,0.02011287584900856,10.0,1.0015696287155151,1.0015696287155151,1.0015696287155151,0.019306804984807968,7.79999973019585e-05,0.38098710775375366,3700000.0,-0.06143561378121376,0.004061233252286911,0.07723388820886612,0.03191057965159416,-0.0024077966809272766,0.8066423535346985,1.4212726354599,-0.05697751045227051,7.256977558135986,14272.849609375,33.436614990234375,41.19368362426758,74.63029479980469,267.9876708984375,5.233075141906738,5.233075141906738,5.233075141906738,0.0
7.981561183929443,73.86000061035156,1000.0,185.0,0.4505820870399475,0.020012278109788895,12.0,1.0025438070297241,1.0025438070297241,1.0025438070297241,0.02059289999306202,7.680000271648169e-05,0.379754900932312,3720000.0,-0.0822673812508583,-0.020831767469644547,0.2378295660018921,0.04292314127087593,0.011012561619281769,0.9018596410751343,1.7912911176681519,0.37001848220825195,7.3489227294921875,14350.3876953125,28.86823272705078,48.645050048828125,77.5132827758789,258.0202941894531,5.259064674377441,5.259064674377441,5.259064674377441,0.0
7.584705829620361,65.9800033569336,1000.0,186.0,0.4456803798675537,0.02104925364255905,11.0,0.9998709559440613,0.9998709559440613,0.9998709559440613,0.019671795889735222,7.560000085504726e-05,0.3778974711894989,3740000.0,-0.057665467262268066,0.02460191398859024,0.14676633477210999,0.03734035789966583,-0.005582783371210098,0.6434344053268433,1.307160496711731,-0.4841306209564209,5.809353828430176,14427.283203125,29.833189010620117,47.035831451416016,76.8690185546875,260.1828308105469,5.2848005294799805,5.2848005294799805,5.2848005294799805,0.0
6.698869228363037,61.779998779296875,1000.0,187.0,0.4366966784000397,0.02089250274002552,11.0,0.9992800354957581,0.9992800354957581,0.9992800354957581,0.0200504120439291,7.439999899361283e-05,0.3745109736919403,3760000.0,-0.05909053608775139,-0.0014250688254833221,-0.22428160905838013,0.029169496148824692,-0.00817086175084114,0.8739303946495056,1.1519337892532349,-0.1552267074584961,7.4802775382995605,14502.095703125,30.060937881469727,44.72544479370117,74.78638458251953,267.4283752441406,5.3100810050964355,5.3100810050964355,5.3100810050964355,0.0
5.161284923553467,47.58000183105469,1000.0,188.0,0.4253862202167511,0.0201828945428133,11.0,1.0016613006591797,1.0016613006591797,1.0016613006591797,0.02015507034957409,7.31999971321784e-05,0.37027716636657715,3780000.0,-0.056689705699682236,0.002400830388069153,0.1226237490773201,0.032743122428655624,0.0035736262798309326,0.7743915319442749,1.109923243522644,-0.04201054573059082,6.490283012390137,14575.7548828125,29.005298614501953,44.62828826904297,73.63359069824219,271.61517333984375,5.33416748046875,5.33416748046875,5.33416748046875,0.0
5.621688365936279,63.060001373291016,1000.0,189.0,0.4208923578262329,0.020404424518346786,10.0,1.0010764598846436,1.0010764598846436,1.0010764598846436,0.021203696727752686,7.200000254670158e-05,0.3686019480228424,3800000.0,-0.09413839876651764,-0.0374486930668354,0.08027879148721695,0.03918123617768288,0.006438113749027252,0.8443055748939514,1.7239289283752441,0.6140056848526001,6.928781032562256,14647.5654296875,29.38259506225586,42.40104293823242,71.78463745117188,278.61114501953125,5.358039855957031,5.358039855957031,5.358039855957031,0.0
6.169433116912842,77.41999816894531,1000.0,190.0,0.41683152318000793,0.020395947620272636,13.0,1.0034350156784058,1.0034350156784058,1.0034350156784058,0.02038685232400894,7.080000068526715e-05,0.3671066164970398,3820000.0,-0.07690440118312836,0.017233997583389282,0.15082626044750214,0.027889253571629524,-0.011291982606053352,0.8756635785102844,1.3436678647994995,-0.38026106357574463,6.986284255981445,14727.6650390625,28.564041137695312,51.51114273071289,80.07518005371094,249.76527404785156,5.382513999938965,5.382513999938965,5.382513999938965,0.0
6.457151412963867,83.69999694824219,1000.0,191.0,0.4069289565086365,0.02141697332262993,12.0,1.0003485679626465,1.0003485679626465,1.0003485679626465,0.01967405341565609,6.959999882383272e-05,0.36349043250083923,3840000.0,-0.06581375002861023,0.011090651154518127,-0.1407661885023117,0.035912320017814636,0.008023066446185112,0.8413783311843872,1.1695849895477295,-0.17408287525177002,7.356861114501953,14806.1318359375,30.44466209411621,47.99552917480469,78.44019317626953,254.97132873535156,5.407875061035156,5.407875061035156,5.407875061035156,0.0
6.507101058959961,80.05999755859375,1000.0,192.0,0.3956839144229889,0.021125428378582,14.0,1.002134084701538,1.002134084701538,1.002134084701538,0.020572427660226822,6.839999696239829e-05,0.3594243824481964,3860000.0,-0.0746508538722992,-0.008837103843688965,-0.1124376654624939,0.03405560553073883,-0.0018567144870758057,0.9584875702857971,1.105484962463379,-0.06410002708435059,7.656177520751953,14895.8955078125,34.9964599609375,54.73952865600586,89.73599243164062,222.8760223388672,5.433836936950684,5.433836936950684,5.433836936950684,0.0
6.432193756103516,53.86000061035156,1000.0,193.0,0.3860858976840973,0.020729761570692062,14.0,1.0026711225509644,1.0026711225509644,1.0026711225509644,0.02028764970600605,6.720000237692147e-05,0.35599932074546814,3880000.0,-0.058603979647159576,0.016046874225139618,0.3145877718925476,0.02940855547785759,-0.004647050052881241,0.7337837815284729,0.897704541683197,-0.20778042078018188,6.581114768981934,14980.568359375,29.927936553955078,54.71820068359375,84.6461410522461,236.2777557373047,5.458895206451416,5.458895206451416,5.458895206451416,0.0
7.007488250732422,56.52000045776367,1000.0,194.0,0.37849074602127075,0.020524995401501656,10.0,1.00082528591156,1.00082528591156,1.00082528591156,0.019969644024968147,6.600000051548705e-05,0.35330602526664734,3900000.0,-0.06704804301261902,-0.008444063365459442,-0.03502196818590164,0.04433600604534149,0.014927450567483902,0.9232480525970459,1.1883244514465332,0.2906199097633362,6.688868522644043,15054.7197265625,33.81282043457031,40.3118896484375,74.12471008300781,269.8155517578125,5.483290672302246,5.483290672302246,5.483290672302246,0.0
5.802516937255859,38.41999816894531,1000.0,195.0,0.37261515855789185,0.020671308040618896,14.0,1.0008392333984375,1.0008392333984375,1.0008392333984375,0.0203270073980093,6.479999865405262e-05,0.3512319326400757,3920000.0,-0.05283721163868904,0.014210831373929977,-0.03625854477286339,0.031687818467617035,-0.012648187577724457,0.8556968569755554,0.9225190877914429,-0.26580536365509033,6.260765075683594,15138.9296875,28.189401626586914,55.997169494628906,84.18656921386719,237.5675811767578,5.506072044372559,5.506072044372559,5.506072044372559,0.0
6.124478816986084,48.7400016784668,1000.0,196.0,0.36485666036605835,0.022010140120983124,13.0,1.002345085144043,1.002345085144043,1.002345085144043,0.020948002114892006,6.359999679261819e-05,0.3485240638256073,3940000.0,-0.06354039907455444,-0.010703187435865402,0.0912431851029396,0.03772936388850212,0.006041545420885086,0.9016171097755432,1.0946191549301147,0.17210006713867188,6.072515964508057,15220.0146484375,28.809465408325195,52.24901580810547,81.05848693847656,246.7354278564453,5.527983665466309,5.527983665466309,5.527983665466309,0.0
6.266657829284668,50.900001525878906,1000.0,197.0,0.35648080706596375,0.0203990638256073,14.0,1.0021697282791138,1.0021697282791138,1.0021697282791138,0.020292919129133224,6.240000220714137e-05,0.3456205427646637,3960000.0,-0.07276812195777893,-0.009227722883224487,-0.04766320437192917,0.037576645612716675,-0.00015271827578544617,0.8826344013214111,1.2102477550506592,0.11562860012054443,6.310858249664307,15307.2607421875,32.19193649291992,55.02803039550781,87.21996307373047,229.3052978515625,5.549235820770264,5.549235820770264,5.549235820770264,0.0
6.540538787841797,59.400001525878906,1000.0,198.0,0.3493753671646118,0.022110510617494583,13.0,1.002471923828125,1.002471923828125,1.002471923828125,0.020705148577690125,6.120000034570694e-05,0.343167781829834,3980000.0,-0.07703687995672226,-0.004268757998943329,-0.09740258008241653,0.039219796657562256,0.001643151044845581,0.9466438293457031,1.247464656829834,0.037216901779174805,6.9561896324157715,15387.2744140625,27.88636589050293,52.0998420715332,79.9862060546875,250.04310607910156,5.570377349853516,5.570377349853516,5.570377349853516,0.0
7.152383327484131,68.0199966430664,1000.0,199.0,0.344728022813797,0.020927192643284798,12.0,1.0008060932159424,1.0008060932159424,1.0008060932159424,0.01969163864850998,5.999999848427251e-05,0.3415764272212982,4000000.0,-0.07005508989095688,0.006981790065765381,-0.061526618897914886,0.0347023643553257,-0.004517432302236557,1.0070149898529053,1.4130768775939941,0.16561222076416016,6.927138328552246,15463.7861328125,27.452646255493164,49.03335952758789,76.48600769042969,261.4857482910156,5.5919084548950195,5.5919084548950195,5.5919084548950195,0.0
7.065671920776367,58.81999969482422,1000.0,200.0,0.3411480784416199,0.020654214546084404,15.0,0.9991834163665771,0.9991834163665771,0.9991834163665771,0.019936226308345795,5.880000026081689e-05,0.3403642177581787,4020000.0,-0.06788401305675507,0.0021710768342018127,0.5944926738739014,0.029554791748523712,-0.005147572606801987,0.8693419694900513,0.9514868855476379,-0.4615899920463562,6.439277172088623,15551.080078125,27.551525115966797,59.71633529663086,87.26786041259766,229.179443359375,5.613274097442627,5.613274097442627,5.613274097442627,0.0
6.598691940307617,46.31999969482422,1000.0,201.0,0.3364279866218567,0.020114660263061523,16.0,1.002568244934082,1.002568244934082,1.002568244934082,0.020127948373556137,5.759999839938246e-05,0.3387864828109741,4040000.0,-0.06281210482120514,0.005071908235549927,0.2374975085258484,0.024316973984241486,-0.0052378177642822266,0.7512559294700623,0.7381706833839417,-0.2133162021636963,6.2858099937438965,15643.84765625,28.625455856323242,64.1028060913086,92.72826385498047,215.68397521972656,5.633782386779785,5.633782386779785,5.633782386779785,0.0
4.853773593902588,34.36000061035156,1000.0,202.0,0.33247825503349304,0.021556636318564415,16.0,1.0012261867523193,1.0012261867523193,1.0012261867523193,0.01963568478822708,5.6400000175926834e-05,0.33744436502456665,4060000.0,-0.04984121397137642,0.01297089084982872,-0.13282331824302673,0.019285066053271294,-0.005031907930970192,0.6428507566452026,0.640265703201294,-0.0979049801826477,5.566869735717773,15737.4345703125,30.567914962768555,62.99017333984375,93.55809020996094,213.77093505859375,5.65283203125,5.65283203125,5.65283203125,0.0
4.487774848937988,44.52000045776367,1000.0,203.0,0.32430145144462585,0.020220953971147537,12.0,1.0028976202011108,1.0028976202011108,1.0028976202011108,0.02154936082661152,5.5199998314492404e-05,0.3347054421901703,4080000.0,-0.08540123701095581,-0.03556002303957939,-0.12071188539266586,0.03239801526069641,0.013112949207425117,0.9480912089347839,1.461329698562622,0.8210639953613281,7.176077365875244,15815.1201171875,29.37085723876953,48.285457611083984,77.65631866455078,257.5450439453125,5.6711530685424805,5.6711530685424805,5.6711530685424805,0.0
4.355746269226074,56.91999816894531,1000.0,204.0,0.3213324546813965,0.02005678229033947,16.0,1.0023109912872314,1.0023109912872314,1.0023109912872314,0.019690632820129395,5.400000009103678e-05,0.33372196555137634,4100000.0,-0.07809688150882721,0.007304355502128601,0.3247529864311218,0.02487424574792385,-0.00752376951277256,0.7004574537277222,1.0746852159500122,-0.38664448261260986,6.4369635581970215,15909.0107421875,30.290090560913086,63.572471618652344,93.86256408691406,213.07749938964844,5.689533233642578,5.689533233642578,5.689533233642578,0.0
5.4798808097839355,71.54000091552734,1000.0,205.0,0.319514662027359,0.020044663920998573,16.0,1.0041189193725586,1.0041189193725586,1.0041189193725586,0.02046920731663704,5.279999822960235e-05,0.33309781551361084,4120000.0,-0.07263104617595673,0.005465835332870483,-0.09163843840360641,0.030558183789253235,0.005683938041329384,0.8411943316459656,0.9977081418037415,-0.07697707414627075,6.479020118713379,16001.1181640625,29.163583755493164,62.91557693481445,92.07916259765625,217.20440673828125,5.70880651473999,5.70880651473999,5.70880651473999,0.0
5.308432579040527,55.900001525878906,1000.0,206.0,0.31228309869766235,0.020567726343870163,17.0,1.0005499124526978,1.0005499124526978,1.0005499124526978,0.019786091521382332,5.160000000614673e-05,0.330681711435318,4140000.0,-0.06367102265357971,0.008960023522377014,-0.14055542647838593,0.031180603429675102,0.0006224196404218674,0.825278103351593,0.8638297915458679,-0.13387835025787354,6.136802673339844,16097.8115234375,29.55176544189453,67.11107635498047,96.662841796875,206.9047393798828,5.727991580963135,5.727991580963135,5.727991580963135,0.0
6.0707244873046875,65.0,1000.0,207.0,0.3086518943309784,0.02002454362809658,14.0,1.0028157234191895,1.0028157234191895,1.0028157234191895,0.02026275172829628,5.0400001782691106e-05,0.3294692933559418,4160000.0,-0.08927086740732193,-0.025599844753742218,-0.07220324128866196,0.033236682415008545,0.0020560789853334427,0.775452196598053,1.2179352045059204,0.3541054129600525,5.773524284362793,16184.845703125,31.456708908081055,55.54924011230469,87.00595092773438,229.8693389892578,5.747623920440674,5.747623920440674,5.747623920440674,0.0
7.205705642700195,70.76000213623047,1000.0,208.0,0.303875595331192,0.021014971658587456,16.0,1.0004626512527466,1.0004626512527466,1.0004626512527466,0.02007058635354042,4.9199999921256676e-05,0.32789909839630127,4180000.0,-0.08634715527296066,0.002923712134361267,0.10818466544151306,0.03531893342733383,0.002082251012325287,0.96866375207901,1.1691561937332153,-0.04877901077270508,8.380379676818848,16277.455078125,28.740629196166992,63.8409538269043,92.58258056640625,216.0233612060547,5.7679924964904785,5.7679924964904785,5.7679924964904785,0.0
6.994179725646973,78.12000274658203,1000.0,209.0,0.29740285873413086,0.020464245229959488,18.0,1.0008933544158936,1.0008933544158936,1.0008933544158936,0.019565539434552193,4.8000001697801054e-05,0.3257802128791809,4200000.0,-0.07236170768737793,0.013985447585582733,0.046525031328201294,0.029962053522467613,-0.005356879904866219,0.6910929679870605,0.8621461987495422,-0.3070099949836731,6.000448226928711,16376.26953125,27.79279136657715,70.9946060180664,98.78739929199219,202.45497131347656,5.78944730758667,5.78944730758667,5.78944730758667,0.0
6.704014301300049,60.099998474121094,1000.0,210.0,0.2906220853328705,0.02011002227663994,17.0,1.0000264644622803,1.0000264644622803,1.0000264644622803,0.019360359758138657,4.6799999836366624e-05,0.3235817551612854,4220000.0,-0.06987085938453674,0.0024908483028411865,-0.07690245658159256,0.029288657009601593,-0.0006733965128660202,0.8555934429168701,0.8169887065887451,-0.04515749216079712,6.848972797393799,16473.564453125,29.046098709106445,68.21903991699219,97.26513671875,205.62351989746094,5.810850620269775,5.810850620269775,5.810850620269775,0.0
5.701202392578125,60.560001373291016,1000.0,211.0,0.28468915820121765,0.0206423532217741,17.0,1.0020298957824707,1.0020298957824707,1.0020298957824707,0.020329752936959267,4.5600001612911e-05,0.32166787981987,4240000.0,-0.0754450112581253,-0.005574151873588562,-0.00486653670668602,0.02646850235760212,-0.0028201546519994736,0.7653775811195374,0.9749928712844849,0.15800416469573975,6.251749038696289,16569.904296875,28.661344528198242,67.65067291259766,96.31201934814453,207.6584014892578,5.832237243652344,5.832237243652344,5.832237243652344,0.0
6.0654683113098145,53.5,1000.0,212.0,0.2803654074668884,0.0205937959253788,17.0,1.0020427703857422,1.0020427703857422,1.0020427703857422,0.0194997638463974,4.439999975147657e-05,0.3202800750732422,4260000.0,-0.07053916901350021,0.0049058422446250916,0.11993327736854553,0.028917185962200165,0.0024486836045980453,0.7503325939178467,0.8821170926094055,-0.09287577867507935,5.773362636566162,16669.021484375,31.077926635742188,68.01313781738281,99.091064453125,201.8345489501953,5.853203296661377,5.853203296661377,5.853203296661377,0.0
6.271020412445068,56.20000076293945,1000.0,213.0,0.271746963262558,0.020442746579647064,17.0,1.002498745918274,1.002498745918274,1.002498745918274,0.019786981865763664,4.320000152802095e-05,0.31753024458885193,4280000.0,-0.07418505102396011,-0.0036458820104599,-0.002433978021144867,0.032631680369377136,0.0037144944071769714,0.7738193273544312,0.9432291388511658,0.061112046241760254,6.178792953491211,16766.58203125,29.577072143554688,67.95558166503906,97.53266143798828,205.0595245361328,5.873950004577637,5.873950004577637,5.873950004577637,0.0
6.170517444610596,49.52000045776367,1000.0,214.0,0.26420673727989197,0.02041272446513176,19.0,1.000650405883789,1.000650405883789,1.000650405883789,0.019749965518712997,4.199999966658652e-05,0.3151431977748871,4300000.0,-0.0672871395945549,0.006897911429405212,-0.219583660364151,0.026237552985548973,-0.006394127383828163,0.7497327923774719,0.7345811128616333,-0.20864802598953247,5.896623611450195,16871.60546875,30.23491668701172,74.7599868774414,104.99491119384766,190.4854278564453,5.894112586975098,5.894112586975098,5.894112586975098,0.0
5.632055759429932,45.91999816894531,1000.0,215.0,0.2593684792518616,0.021104227751493454,20.0,1.0030863285064697,1.0030863285064697,1.0030863285064697,0.02060643583536148,4.0800001443130895e-05,0.3136216700077057,4320000.0,-0.08558404445648193,-0.018296904861927032,0.21471655368804932,0.023784343153238297,-0.0024532098323106766,0.7185745239257812,1.006027340888977,0.27144622802734375,6.263640403747559,16980.263671875,29.720855712890625,78.90695190429688,108.6278076171875,184.1149139404297,5.913540363311768,5.913540363311768,5.913540363311768,0.0
5.1023173332214355,46.81999969482422,1000.0,216.0,0.25233566761016846,0.02115749940276146,18.0,1.0013078451156616,1.0013078451156616,1.0013078451156616,0.019726630300283432,3.9599999581696466e-05,0.31142446398735046,4340000.0,-0.08174777776002884,0.0038362666964530945,0.010455125942826271,0.026148000732064247,0.0023636575788259506,0.699051022529602,0.9274675846099854,-0.0785597562789917,6.3924150466918945,17083.40234375,30.626636505126953,72.48347473144531,103.11011505126953,193.96739196777344,5.932360649108887,5.932360649108887,5.932360649108887,0.0
4.7747273445129395,52.279998779296875,1000.0,217.0,0.24148347973823547,0.02063916064798832,19.0,1.0025135278701782,1.0025135278701782,1.0025135278701782,0.01961326226592064,3.840000135824084e-05,0.3080676198005676,4360000.0,-0.07250062376260757,0.009247153997421265,0.1371372938156128,0.025378147140145302,-0.0007698535919189453,0.6415506601333618,0.7858192324638367,-0.14164835214614868,5.346106052398682,17189.30859375,31.159759521484375,74.7160873413086,105.87583923339844,188.90049743652344,5.950957298278809,5.950957298278809,5.950957298278809,0.0
5.015955924987793,50.81999969482422,1000.0,218.0,0.2319093942642212,0.020453736186027527,21.0,1.002663493156433,1.002663493156433,1.002663493156433,0.01963776908814907,3.719999949680641e-05,0.30513209104537964,4380000.0,-0.0761665627360344,-0.003665938973426819,-0.15863309800624847,0.02551204152405262,0.00013389438390731812,0.7664514183998108,0.8189699053764343,0.033150672912597656,5.766256332397461,17304.046875,31.257341384887695,83.4529800415039,114.71031951904297,174.35223388671875,5.969269275665283,5.969269275665283,5.969269275665283,0.0
4.838013172149658,54.279998779296875,1000.0,219.0,0.22529010474681854,0.020062750205397606,18.0,1.0008200407028198,1.0008200407028198,1.0008200407028198,0.018806667998433113,3.600000127335079e-05,0.3031248450279236,4400000.0,-0.07693502306938171,-0.0007684603333473206,-0.0994221419095993,0.02525162138044834,-0.00026042014360427856,0.7897039651870728,0.9337510466575623,0.11478114128112793,6.158163547515869,17405.142578125,29.606351852416992,71.46002960205078,101.0663833618164,197.88973999023438,5.987531661987305,5.987531661987305,5.987531661987305,0.0
4.964269638061523,60.70000076293945,1000.0,220.0,0.22166334092617035,0.020011594519019127,21.0,1.0027120113372803,1.0027120113372803,1.0027120113372803,0.019517580047249794,3.479999941191636e-05,0.30203118920326233,4420000.0,-0.08778469264507294,-0.010849669575691223,-0.14770299196243286,0.02605043165385723,0.0007988102734088898,0.710972011089325,0.9537227749824524,0.019971728324890137,6.073195457458496,17521.845703125,32.318458557128906,84.35514831542969,116.6736068725586,171.4183807373047,6.006131649017334,6.006131649017334,6.006131649017334,0.0
5.386826038360596,65.5,1000.0,221.0,0.21895679831504822,0.020084595307707787,23.0,1.0034000873565674,1.0034000873565674,1.0034000873565674,0.020145125687122345,3.360000118846074e-05,0.3012285530567169,4440000.0,-0.08531706035137177,0.002467632293701172,-0.027201972901821136,0.02871391922235489,0.0026634875684976578,0.8448058366775513,0.9362586140632629,-0.017464160919189453,6.443351745605469,17642.703125,27.77686309814453,93.05127716064453,120.82814025878906,165.52435302734375,6.0253214836120605,6.0253214836120605,6.0253214836120605,0.0
6.282390117645264,60.939998626708984,1000.0,222.0,0.2124648243188858,0.021188246086239815,24.0,1.0015485286712646,1.0015485286712646,1.0015485286712646,0.01930326409637928,3.239999932702631e-05,0.2992900609970093,4460000.0,-0.07447098195552826,0.010846078395843506,0.5942721962928772,0.032045673578977585,0.003331754356622696,0.762397050857544,0.7756377458572388,-0.16062086820602417,6.5653228759765625,17767.423828125,29.116987228393555,95.571044921875,124.68803405761719,160.4003143310547,6.0447773933410645,6.0447773933410645,6.0447773933410645,0.0
6.159384727478027,53.81999969482422,1000.0,223.0,0.1994144767522812,0.02039046585559845,26.0,1.003409504890442,1.003409504890442,1.003409504890442,0.018967920914292336,3.1200001103570685e-05,0.29540443420410156,4480000.0,-0.07907965034246445,-0.004608668386936188,0.14430519938468933,0.024133289232850075,-0.00791238434612751,0.6155747771263123,0.6788286566734314,-0.09680908918380737,5.783546447753906,17902.544921875,31.9420108795166,103.14529418945312,135.08731079101562,148.05239868164062,6.064054489135742,6.064054489135742,6.064054489135742,0.0
5.6556220054626465,51.0,1000.0,224.0,0.18975085020065308,0.020123327150940895,28.0,1.0032122135162354,1.0032122135162354,1.0032122135162354,0.019832145422697067,2.9999999242136255e-05,0.2925668954849243,4500000.0,-0.08497054129838943,-0.005890890955924988,0.0156501866877079,0.02498042769730091,0.0008471384644508362,0.608163595199585,0.7288990616798401,0.05007040500640869,4.8625006675720215,18044.515625,31.602455139160156,110.33489990234375,141.93736267089844,140.9072265625,6.083005428314209,6.083005428314209,6.083005428314209,0.0
5.706279754638672,51.20000076293945,1000.0,225.0,0.18060584366321564,0.020146874710917473,24.0,1.0017225742340088,1.0017225742340088,1.0017225742340088,0.019581563770771027,2.879999919969123e-05,0.2899136543273926,4520000.0,-0.07834388315677643,0.006626658141613007,-0.4078817367553711,0.039190568029880524,0.014210140332579613,0.8120328783988953,0.7212144732475281,-0.007684588432312012,7.296823501586914,18173.5625,34.325416564941406,94.6884765625,129.01390075683594,155.02206420898438,6.101677417755127,6.101677417755127,6.101677417755127,0.0
6.113429069519043,44.52000045776367,1000.0,226.0,0.17036283016204834,0.020204054191708565,27.0,1.002782940864563,1.002782940864563,1.002782940864563,0.019242651760578156,2.7599999157246202e-05,0.28696054220199585,4540000.0,-0.06858859211206436,0.009755291044712067,0.2813553810119629,0.02750893123447895,-0.011681636795401573,0.6401954889297485,0.6094809174537659,-0.11173355579376221,5.9171905517578125,18312.16796875,32.57456970214844,105.99786376953125,138.5724334716797,144.32884216308594,6.1197004318237305,6.1197004318237305,6.1197004318237305,0.0
6.435899257659912,55.29999923706055,1000.0,227.0,0.16486908495426178,0.02102450281381607,26.0,1.0039756298065186,1.0039756298065186,1.0039756298065186,0.02017047628760338,2.6399999114801176e-05,0.2853776812553406,4560000.0,-0.09722655266523361,-0.02863796055316925,0.035240307450294495,0.026106050238013268,-0.001402880996465683,0.8733012676239014,0.9243727326393127,0.3148918151855469,6.52170991897583,18447.025390625,31.79615020751953,103.02568054199219,134.82183837890625,148.34393310546875,6.137787342071533,6.137787342071533,6.137787342071533,0.0
5.94528865814209,62.2599983215332,1000.0,228.0,0.16130411624908447,0.02006637677550316,29.0,1.0021671056747437,1.0021671056747437,1.0021671056747437,0.01952471397817135,2.5200000891345553e-05,0.2843588590621948,4580000.0,-0.08176147192716599,0.015465080738067627,0.03394567221403122,0.025964194908738136,-0.00014185532927513123,0.777967631816864,0.7135763764381409,-0.21079635620117188,5.849825859069824,18595.09765625,34.9886360168457,113.04843139648438,148.0370635986328,135.10130310058594,6.156351566314697,6.156351566314697,6.156351566314697,0.0
5.2131733894348145,61.63999938964844,1000.0,229.0,0.14804300665855408,0.02077196165919304,33.0,1.0028811693191528,1.0028811693191528,1.0028811693191528,0.018988510593771935,2.4000000848900527e-05,0.28060781955718994,4600000.0,-0.07445993274450302,0.007301539182662964,-0.10892759263515472,0.019073283299803734,-0.0068909116089344025,0.5709360241889954,0.5692343711853027,-0.14434200525283813,5.346831798553467,18756.16015625,29.64426612854004,131.38577270507812,161.030029296875,124.20043182373047,6.175312042236328,6.175312042236328,6.175312042236328,0.0
4.704709529876709,70.55999755859375,1000.0,230.0,0.1389491856098175,0.020061900839209557,32.0,1.0037022829055786,1.0037022829055786,1.0037022829055786,0.019497714936733246,2.28000008064555e-05,0.2780652642250061,4620000.0,-0.12072483450174332,-0.046264901757240295,0.24398387968540192,0.020231015980243683,0.001157732680439949,0.586642861366272,0.9201115369796753,0.35087716579437256,5.826575756072998,18914.33203125,32.25798034667969,125.87867736816406,158.13665771484375,126.47289276123047,6.195164680480957,6.195164680480957,6.195164680480957,0.0
4.552876949310303,63.52000045776367,1000.0,231.0,0.12885241210460663,0.020341385155916214,32.0,1.0010313987731934,1.0010313987731934,1.0010313987731934,0.018974758684635162,2.1600000764010474e-05,0.27527230978012085,4640000.0,-0.08628247678279877,0.03444235771894455,-0.0976974219083786,0.025372721254825592,0.005141705274581909,0.5872639417648315,0.6266065239906311,-0.2935050129890442,5.6558122634887695,19074.4609375,33.66082763671875,126.43350982666016,160.09434509277344,124.92633819580078,6.2154035568237305,6.2154035568237305,6.2154035568237305,0.0
5.402407646179199,67.04000091552734,1000.0,232.0,0.1151258572936058,0.020007211714982986,33.0,1.0029854774475098,1.0029854774475098,1.0029854774475098,0.019344856962561607,2.0400000721565448e-05,0.2715102732181549,4660000.0,-0.0865299329161644,-0.0002474561333656311,-0.06262853741645813,0.02293465845286846,-0.0024380628019571304,0.7450907826423645,0.6362916827201843,0.009685158729553223,7.1072001457214355,19234.6640625,30.14215850830078,130.0244598388672,160.1666259765625,124.86996459960938,6.236204147338867,6.236204147338867,6.236204147338867,0.0
5.3680100440979,63.380001068115234,1000.0,233.0,0.1048714742064476,0.020206058397889137,36.0,1.0058103799819946,1.0058103799819946,1.0058103799819946,0.019380172714591026,1.920000067912042e-05,0.2687394917011261,4680000.0,-0.09836232662200928,-0.01183239370584488,0.24388247728347778,0.026149453595280647,0.0032147951424121857,0.7047050595283508,0.6865718364715576,0.05028015375137329,6.737306118011475,19409.109375,31.57118797302246,142.83900451660156,174.41018676757812,114.67219543457031,6.257294654846191,6.257294654846191,6.257294654846191,0.0
5.567971229553223,61.2400016784668,1000.0,234.0,0.09400223195552826,0.019045626744627953,40.0,1.0037391185760498,1.0037391185760498,1.0037391185760498,0.018364403396844864,1.8000000636675395e-05,0.26583701372146606,4700000.0,-0.07817219197750092,0.020190134644508362,0.1580912172794342,0.023334410041570663,-0.002815043553709984,0.6691041588783264,0.5492786765098572,-0.13729315996170044,5.472037315368652,19599.435546875,32.14891815185547,158.1381378173828,190.2880401611328,105.10382080078125,6.278520584106445,6.278520584106445,6.278520584106445,0.0
5.400212287902832,62.400001525878906,1000.0,235.0,0.07915330678224564,0.01991545781493187,40.0,1.0039232969284058,1.0039232969284058,1.0039232969284058,0.019558368250727654,1.680000059423037e-05,0.2619221806526184,4720000.0,-0.07733467221260071,0.0008375197649002075,-0.0677623599767685,0.024839596822857857,0.0015051867812871933,0.6634935736656189,0.5745851397514343,0.02530646324157715,5.934899806976318,19789.83984375,32.29518508911133,158.06846618652344,190.3636474609375,105.06207275390625,6.299941539764404,6.299941539764404,6.299941539764404,0.0
5.870622634887695,50.15999984741211,1000.0,236.0,0.06768850982189178,0.019561976194381714,40.0,1.003556251525879,1.003556251525879,1.003556251525879,0.019233902916312218,1.5600000551785342e-05,0.2589256465435028,4740000.0,-0.07591516524553299,0.0014195069670677185,0.03452795371413231,0.025517068803310394,0.0006774719804525375,0.7408270239830017,0.7221664190292358,0.1475812792778015,5.8923139572143555,19982.015625,33.49781036376953,158.63079833984375,192.1286163330078,104.09693145751953,6.320801734924316,6.320801734924316,6.320801734924316,0.0
5.026731967926025,46.97999954223633,1000.0,237.0,0.059279635548591614,0.018681801855564117,40.0,1.002885341644287,1.002885341644287,1.002885341644287,0.018321793526411057,1.4399999599845614e-05,0.2567526400089264,4760000.0,-0.08648040890693665,-0.010565243661403656,-0.0036596208810806274,0.01863645762205124,-0.006880611181259155,0.6507957577705383,0.5858173370361328,-0.13634908199310303,5.741149425506592,20171.18359375,30.42633819580078,158.6940155029297,189.1204071044922,105.75273895263672,6.340965747833252,6.340965747833252,6.340965747833252,0.0
4.773470878601074,39.400001525878906,1000.0,238.0,0.04929283633828163,0.015822898596525192,40.0,1.003073811531067,1.003073811531067,1.003073811531067,0.01730094477534294,1.3199999557400588e-05,0.2542000114917755,4780000.0,-0.057659171521663666,0.02882123738527298,0.10150864720344543,0.01813395880162716,-0.0005024988204240799,0.6573200225830078,0.4449818432331085,-0.1408354938030243,4.7164154052734375,20361.59765625,30.257829666137695,160.11599731445312,190.3738250732422,105.05645751953125,6.36004114151001,6.36004114151001,6.36004114151001,0.0
4.088321685791016,38.13999938964844,1000.0,239.0,0.039639655500650406,0.01677672006189823,40.0,1.0017905235290527,1.0017905235290527,1.0017905235290527,0.01756877452135086,1.2000000424450263e-05,0.2517583668231964,4800000.0,-0.06523691862821579,-0.007577747106552124,-0.09935355186462402,0.018237236887216568,0.00010327808558940887,0.6394225358963013,0.43958595395088196,-0.0053958892822265625,4.74955415725708,20549.33984375,28.93452262878418,158.7681884765625,187.7027130126953,106.55146789550781,6.378058910369873,6.378058910369873,6.378058910369873,0.0
4.3599019050598145,36.279998779296875,1000.0,240.0,0.03022032417356968,0.015776563435792923,40.0,1.0010045766830444,1.0010045766830444,1.0010045766830444,0.017221655696630478,1.0800000382005237e-05,0.24939922988414764,4820000.0,-0.06839566677808762,-0.003158748149871826,0.03691340237855911,0.019501425325870514,0.001264188438653946,0.6712580323219299,0.49582239985466003,0.056236445903778076,5.173511505126953,20740.970703125,32.55330276489258,159.0362548828125,191.5895538330078,104.38982391357422,6.395009994506836,6.395009994506836,6.395009994506836,0.0
4.801733493804932,46.41999816894531,1000.0,241.0,0.028299985453486443,0.014012252911925316,40.0,1.0030597448349,1.0030597448349,1.0030597448349,0.016438022255897522,9.60000033956021e-06,0.24892398715019226,4840000.0,-0.07968998700380325,-0.011294320225715637,0.056408558040857315,0.02480425126850605,0.005302825942635536,0.5789481401443481,0.5475489497184753,0.05172654986381531,4.173069477081299,20929.271484375,29.97861671447754,158.2844696044922,188.26309204101562,106.23431396484375,6.411625385284424,6.411625385284424,6.411625385284424,0.0
5.12576150894165,49.97999954223633,1000.0,242.0,0.02981545962393284,0.01299170684069395,40.0,1.0009524822235107,1.0009524822235107,1.0009524822235107,0.015428517013788223,8.400000297115184e-06,0.24929706752300262,4860000.0,-0.07570900022983551,0.003980986773967743,0.059227511286735535,0.019543055444955826,-0.005261195823550224,0.6112498641014099,0.5053327679634094,-0.04221618175506592,4.529386520385742,21115.345703125,28.48055648803711,157.55126953125,186.03182983398438,107.50848388671875,6.428159713745117,6.428159713745117,6.428159713745117,0.0
5.715512752532959,60.68000030517578,1000.0,243.0,0.028721138834953308,0.012182435020804405,40.0,1.0020440816879272,1.0020440816879272,1.0020440816879272,0.015184516087174416,7.199999799922807e-06,0.24902206659317017,4880000.0,-0.08692335337400436,-0.011214353144168854,-0.00946500152349472,0.02528361603617668,0.005740560591220856,0.6718302965164185,0.693610668182373,0.18827790021896362,5.159205913543701,21302.9765625,29.86443519592285,157.72637939453125,187.5908203125,106.61502075195312,6.445282459259033,6.445282459259033,6.445282459259033,0.0
5.1562395095825195,62.220001220703125,1000.0,244.0,0.02537382021546364,0.010517202317714691,40.0,1.0005743503570557,1.0005743503570557,1.0005743503570557,0.014439878053963184,6.000000212225132e-06,0.24819067120552063,4900000.0,-0.06436421722173691,0.022559136152267456,0.16006167232990265,0.02110801637172699,-0.004175599664449692,0.5674551725387573,0.5977488160133362,-0.09586185216903687,5.095783710479736,21489.396484375,30.47568702697754,155.90328979492188,186.3789825439453,107.30824279785156,6.4630327224731445,6.4630327224731445,6.4630327224731445,0.0
4.696407318115234,48.5,1000.0,245.0,0.022560911253094673,0.00908644124865532,40.0,1.0018932819366455,1.0018932819366455,1.0018932819366455,0.01312883198261261,4.800000169780105e-06,0.24749504029750824,4920000.0,-0.03718180954456329,0.027182407677173615,0.16992336511611938,0.0161125510931015,-0.004995465278625488,0.5297452211380005,0.33466142416000366,-0.2630873918533325,3.4179747104644775,21678.1171875,31.85096549987793,156.83204650878906,188.68301391601562,105.99788665771484,6.480505466461182,6.480505466461182,6.480505466461182,0.0
4.4418134689331055,37.900001525878906,1000.0,246.0,0.01714029349386692,0.007642601616680622,40.0,1.0012154579162598,1.0012154579162598,1.0012154579162598,0.01236021053045988,3.5999998999614036e-06,0.2461571991443634,4940000.0,-0.040742337703704834,-0.0035605281591415405,-0.024466048926115036,0.02040223404765129,0.004289682954549789,0.5908863544464111,0.343623548746109,0.008962124586105347,4.806086540222168,21866.724609375,32.77189636230469,155.7948455810547,188.56674194335938,106.06324005126953,6.497072696685791,6.497072696685791,6.497072696685791,0.0
4.89200496673584,53.099998474121094,1000.0,247.0,0.014138692989945412,0.007200357969850302,40.0,1.0034974813461304,1.0034974813461304,1.0034974813461304,0.012196797877550125,2.4000000848900527e-06,0.24541901051998138,4960000.0,-0.057775888592004776,-0.017033550888299942,-0.20299577713012695,0.022590452805161476,0.0021882187575101852,0.8962386846542358,0.7645938992500305,0.4209703505039215,5.490572452545166,22056.8515625,32.94010925292969,157.14724731445312,190.0873565673828,105.21478271484375,6.51377010345459,6.51377010345459,6.51377010345459,0.0
4.686529159545898,55.779998779296875,1000.0,248.0,0.01608303375542164,0.004821527283638716,40.0,1.0006368160247803,1.0006368160247803,1.0006368160247803,0.00990256853401661,1.2000000424450263e-06,0.24589648842811584,4980000.0,-0.03084504045546055,0.026930848136544228,-0.12381812185049057,0.021312130615115166,-0.0012783221900463104,0.616601288318634,0.4203387200832367,-0.3442551791667938,3.913022756576538,22247.119140625,33.217041015625,157.01158142089844,190.22862243652344,105.13665008544922,6.530754089355469,6.530754089355469,6.530754089355469,0.0
4.590731143951416,59.36000061035156,1000.0,249.0,0.017349718138575554,0.003407444106414914,40.0,1.0012528896331787,1.0012528896331787,1.0012528896331787,0.008381468243896961,0.0,0.24620778858661652,5000000.0,-0.025973312556743622,0.004871727898716927,-0.15853747725486755,0.021218938753008842,-9.319186210632324e-05,0.6605015397071838,0.45693647861480713,0.036597758531570435,4.407517433166504,22435.396484375,30.409082412719727,157.8282012939453,188.23728942871094,106.2488784790039,6.548221588134766,6.548221588134766,6.548221588134766,0.0
