Metrics/EpRet,Metrics/EpCost,Metrics/EpLen,Train/Epoch,Train/Entropy,Train/KL,Train/StopIter,Train/PolicyRatio,Train/PolicyRatio/Min,Train/PolicyRatio/Max,Train/PolicyRatio/Std,Train/LR,Train/PolicyStd,TotalEnvSteps,Loss/Loss_pi,Loss/Loss_pi/Delta,Value/Adv,Loss/Loss_reward_critic,Loss/Loss_reward_critic/Delta,Value/reward,Loss/Loss_cost_critic,Loss/Loss_cost_critic/Delta,Value/cost,Time/Total,Time/Rollout,Time/Update,Time/Epoch,Time/FPS,Misc/Alpha,Misc/FinalStepNorm,Misc/gradient_norm,Misc/xHx,Misc/H_inv_g,Misc/AcceptanceStep,Misc/cost_gradient_norm,Misc/A,Misc/B,Misc/q,Misc/r,Misc/s,Misc/Lambda_star,Misc/Nu_star,Misc/OptimCase
-0.5704877972602844,94.0,1000.0,0.0,1.4102517366409302,0.00015695218462496996,40.0,1.0005775690078735,1.0005775690078735,1.0005775690078735,0.0004084310494363308,0.0,0.9913744926452637,20000.0,-0.008450059220194817,-0.008450059220194817,9.536742923144104e-11,0.0032330250833183527,0.0032330250833183527,0.026570213958621025,1.271391749382019,1.271391749382019,0.08440340310335159,125.30718994140625,20.90156364440918,104.40562438964844,125.30718994140625,159.60777282714844,0.8950708508491516,0.3055829107761383,0.11155068129301071,0.024964045733213425,0.2885867953300476,1.0,0.18161745369434357,0.024693191051483154,-51712.08984375,0.024964045733213425,0.004993688780814409,0.0920674055814743,0.0,0.4660816788673401,0.0
-0.9614219069480896,68.78125,1000.0,1.0,1.407455325126648,0.0001477295154472813,40.0,0.9986278414726257,0.9986278414726257,0.9986278414726257,0.0009702485403977334,0.0,0.9885971546173096,40000.0,-0.010554551146924496,-0.002104491926729679,1.7261506002341775e-08,0.0024508065544068813,-0.0007822185289114714,0.015660125762224197,0.5066632032394409,-0.7647285461425781,0.7210524678230286,249.03475952148438,20.70733642578125,102.98713684082031,123.69446563720703,161.688720703125,0.7350342869758606,0.32319456338882446,0.1646704375743866,0.037018146365880966,0.2957601845264435,1.0,0.12895014882087708,0.036935705691576004,-28799.943359375,0.037018146365880966,-0.002342402469366789,0.06655555963516235,0.0,0.5481795072555542,0.0
-1.1072925329208374,79.85416412353516,1000.0,2.0,1.400686264038086,0.00018224760424345732,40.0,0.9996749758720398,0.9996749758720398,0.9996749758720398,0.00022981272195465863,0.0,0.9819970726966858,60000.0,-0.01382254995405674,-0.003267998807132244,-1.8930435885522456e-08,0.0022252590861171484,-0.00022554746828973293,-0.0049913013353943825,1.1722005605697632,0.6655373573303223,1.6100329160690308,371.0295715332031,20.691701889038086,101.26914978027344,121.96084594726562,163.98704528808594,0.6331201195716858,0.29018113017082214,0.21373414993286133,0.04989507421851158,0.3113280236721039,1.0,0.19120800495147705,0.0487709604203701,-37708.54296875,0.04989507421851158,-0.009470983408391476,0.07979563623666763,0.0,0.5006398558616638,0.0
-1.359062671661377,63.36000061035156,1000.0,3.0,1.395277500152588,0.0001531227899249643,40.0,0.9992441534996033,0.9992441534996033,0.9992441534996033,0.0005344782257452607,0.0,0.9766603112220764,80000.0,-0.011181190609931946,0.002641359344124794,-4.2057038740495045e-08,0.0019098605262115598,-0.0003153985599055886,-0.00968822930008173,0.721051812171936,-0.45114874839782715,1.6954288482666016,493.6784362792969,20.12805938720703,102.48747253417969,122.61553192138672,163.11148071289062,0.7869568467140198,0.316787987947464,0.14305494725704193,0.03229445964097977,0.29991087317466736,1.0,0.1526973992586136,0.03174293041229248,-20941.2109375,0.03229445964097977,-0.006225331220775843,0.07026757299900055,0.0,0.5335037708282471,0.0
-1.246848464012146,69.81999969482422,1000.0,4.0,1.3904038667678833,0.00017179115093313158,40.0,0.9991787075996399,0.9991787075996399,0.9991787075996399,0.0005807273555546999,0.0,0.9719476103782654,100000.0,-0.012634060345590115,-0.0014528697356581688,8.964538444899972e-09,0.0019173497566953301,7.4892304837703705e-06,-0.02140876278281212,1.012866497039795,0.2918146848678589,2.9982259273529053,623.2116088867188,23.232934951782227,106.26239013671875,129.49533081054688,154.4457244873047,0.7745428681373596,0.2937413156032562,0.15337452292442322,0.033337950706481934,0.2791014611721039,1.0,0.1912747621536255,0.03324005752801895,-17684.67578125,0.033337950706481934,-0.0033346517011523247,0.11359156668186188,0.0,0.4196062386035919,0.0
-1.2901909351348877,46.720001220703125,1000.0,5.0,1.3949350118637085,0.00016499740013387054,40.0,0.999908447265625,0.999908447265625,0.999908447265625,6.473755638580769e-05,0.0,0.9764127135276794,120000.0,-0.0118273189291358,0.0008067414164543152,2.1839142050339433e-08,0.0021965450141578913,0.00027919525746256113,-0.04506322741508484,0.7738694548606873,-0.23899704217910767,3.030838966369629,755.4259643554688,24.82701873779297,107.35247039794922,132.1794891357422,151.3094024658203,0.7543053030967712,0.29721882939338684,0.1707364022731781,0.03515082597732544,0.2809464633464813,1.0,0.1659139096736908,0.034668222069740295,-6724.30224609375,0.03515082597732544,-0.005818767938762903,0.0701570212841034,0.0,0.5339239239692688,0.0
-1.3353369235992432,45.040000915527344,1000.0,6.0,1.3914858102798462,0.0001830248220358044,40.0,1.0009676218032837,1.0009676218032837,1.0009676218032837,0.0006842962466180325,0.0,0.9731071591377258,140000.0,-0.001089944038540125,0.010737374890595675,-2.145767119543507e-09,0.0029063369147479534,0.0007097919005900621,-0.08987657725811005,0.4498221278190613,-0.324047327041626,1.938538908958435,886.6671142578125,21.342077255249023,109.86648559570312,131.2085723876953,152.4290771484375,0.6150205135345459,0.29307860136032104,0.2705553472042084,0.05287503823637962,0.3018340468406677,1.0,0.13885684311389923,0.05000197887420654,-9911.0126953125,0.05287503823637962,0.010789729654788971,0.04052065312862396,0.0,0.702549159526825,0.0
-1.424955129623413,18.260000228881836,1000.0,7.0,1.3963217735290527,0.0002340094797546044,40.0,1.001811146736145,1.001811146736145,1.001811146736145,0.0012807021848857403,0.0,0.9777889251708984,160000.0,-0.024088291451334953,-0.02299834741279483,-5.62667867853861e-09,0.0035621868446469307,0.0006558499298989773,-0.11327671259641647,0.19929780066013336,-0.2505243271589279,1.6314328908920288,1017.4439086914062,21.0225887298584,109.72146606445312,130.7440643310547,152.9706268310547,0.5976136922836304,0.16518016159534454,0.28852009773254395,0.056000106036663055,0.27639955282211304,1.0,0.07743958383798599,0.05448644980788231,-1634.3822021484375,0.056000106036663055,0.006486255209892988,0.02779461443424225,1.6733217239379883,0.0,3.0
-1.2278318405151367,13.579999923706055,1000.0,8.0,1.405126929283142,0.00021177929011173546,40.0,1.0007377862930298,1.0007377862930298,1.0007377862930298,0.0005217217840254307,0.0,0.9863702654838562,180000.0,-0.021868908777832985,0.0022193826735019684,-2.7656554824062596e-09,0.003968901000916958,0.00040671415627002716,-0.08855503797531128,0.14608557522296906,-0.05321222543716431,2.1307308673858643,1144.654541015625,21.41098403930664,105.7651596069336,127.1761474609375,157.26219177246094,0.6791085600852966,0.2202683985233307,0.18966543674468994,0.0433662086725235,0.3243493139743805,1.0,0.05970795825123787,0.040576085448265076,-15301.0,0.0433662086725235,0.004876604303717613,0.008523369207978249,1.4725185632705688,0.0,3.0
-0.7771440148353577,9.739999771118164,1000.0,9.0,1.405464768409729,0.00022845968487672508,40.0,0.9997774958610535,0.9997774958610535,0.9997774958610535,0.00015734824410174042,0.0,0.9866762161254883,200000.0,-0.018579857423901558,0.003289051353931427,-6.723404055719584e-09,0.004428901709616184,0.0004600007086992264,-0.09265844523906708,0.3379424214363098,0.19185684621334076,2.8708503246307373,1271.8807373046875,22.253944396972656,104.93856048583984,127.1925048828125,157.24197387695312,0.743081271648407,0.21867339313030243,0.16912241280078888,0.0362207368016243,0.2942792475223541,1.0,0.08230216801166534,0.03210410103201866,-11901.4169921875,0.0362207368016243,0.008974826894700527,0.019566334784030914,1.3457478284835815,0.0,3.0
0.48580440878868103,17.5,1000.0,10.0,1.3991998434066772,0.00020108728494960815,40.0,1.0004194974899292,1.0004194974899292,1.0004194974899292,0.00029660144355148077,0.0,0.9805801510810852,220000.0,-0.01285569928586483,0.005724158138036728,1.688003514743741e-08,0.008025635033845901,0.0035967333242297173,-0.08909615874290466,0.6473084688186646,0.30936604738235474,3.0684854984283447,1397.5845947265625,20.221067428588867,105.44984436035156,125.67091369628906,159.14581298828125,1.164666771888733,0.2718280255794525,0.09525740891695023,0.01474437303841114,0.2333955317735672,1.0,0.17276105284690857,0.014707045629620552,-809.5228271484375,0.01474437303841114,0.0016104882815852761,0.06948365271091461,0.8586146831512451,0.0,3.0
1.9358100891113281,39.34000015258789,1000.0,11.0,1.402417778968811,0.0001547313149785623,40.0,0.9999597668647766,0.9999597668647766,0.9999597668647766,2.8463178750826046e-05,0.0,0.9837782382965088,240000.0,-0.012131992727518082,0.0007237065583467484,-3.433227391269611e-08,0.008068801835179329,4.316680133342743e-05,-0.0017573913792148232,1.01592218875885,0.36861371994018555,3.82926607131958,1525.0367431640625,23.207744598388672,104.20732879638672,127.41506958007812,156.96730041503906,0.8904004693031311,0.29637283086776733,0.13918334245681763,0.025226620957255363,0.24735862016677856,1.0,0.21257779002189636,0.024834081530570984,-2177.996826171875,0.025226620957255363,-0.006087794899940491,0.09441414475440979,0.0,0.4602528214454651,0.0
3.343479633331299,49.47999954223633,1000.0,12.0,1.4124112129211426,0.00015303633699659258,40.0,1.0005722045898438,1.0005722045898438,1.0005722045898438,0.00040455354610458016,0.0,0.9935667514801025,260000.0,-0.0093371057882905,0.002794886939227581,-6.723404055719584e-09,0.008716787211596966,0.0006479853764176369,0.09648732095956802,1.0011394023895264,-0.01478278636932373,4.359439849853516,1652.9859619140625,23.944011688232422,103.96953582763672,127.91455078125,156.3543701171875,0.9092088341712952,0.3037935495376587,0.1256203055381775,0.024193713441491127,0.2613964378833771,1.0,0.16245391964912415,0.024175042286515236,-8682.662109375,0.024193713441491127,-0.0011351712746545672,0.06901903450489044,0.0,0.5383076071739197,0.0
3.6236493587493896,48.099998474121094,1000.0,13.0,1.405570387840271,0.00014917463704477996,40.0,0.9993319511413574,0.9993319511413574,0.9993319511413574,0.0004724099999293685,0.0,0.9868691563606262,280000.0,-0.00475375447422266,0.004583351314067841,1.6403198799253005e-08,0.0086319325491786,-8.485466241836548e-05,0.12181965261697769,0.7071396708488464,-0.29399973154067993,4.19082498550415,1780.8424072265625,23.04488182067871,104.77796173095703,127.82283782958984,156.466552734375,0.9227723479270935,0.3270517587661743,0.12466894835233688,0.02348770946264267,0.2543588876724243,1.0,0.11477585881948471,0.023200329393148422,-13568.900390625,0.02348770946264267,0.0033617704175412655,0.039325885474681854,0.0,0.7131414413452148,0.0
3.739523410797119,41.84000015258789,1000.0,14.0,1.4040809869766235,0.00017404153186362237,40.0,0.9999416470527649,0.9999416470527649,0.9999416470527649,4.124772021896206e-05,0.0,0.9855117797851562,300000.0,-0.0038460574578493834,0.0009076970163732767,1.0681151962899094e-08,0.009564601816236973,0.0009326692670583725,0.19115883111953735,0.6384755969047546,-0.0686640739440918,2.9203972816467285,1907.215087890625,22.507888793945312,103.83253479003906,126.34042358398438,158.30245971679688,0.7861276268959045,0.2878333032131195,0.16402298212051392,0.03236262500286102,0.2698882222175598,1.0,0.1632353663444519,0.030492089688777924,-4285.1689453125,0.03236262500286102,0.011126027442514896,0.06617807596921921,0.0,0.5497406721115112,0.0
3.2600231170654297,27.979999542236328,1000.0,15.0,1.4140664339065552,0.00015282387903425843,40.0,1.0006113052368164,1.0006113052368164,1.0006113052368164,0.00043220186489634216,0.0,0.9956271052360535,320000.0,-0.006134909577667713,-0.00228885211981833,3.0994415922691587e-09,0.009558022953569889,-6.57886266708374e-06,0.1932646781206131,0.39281579852104187,-0.24565979838371277,2.9644651412963867,2034.593505859375,22.45701026916504,104.88893127441406,127.345947265625,157.05250549316406,0.7558909058570862,0.3109455108642578,0.17628832161426544,0.03500351309776306,0.28084129095077515,1.0,0.10361327975988388,0.035000722855329514,-297.8840637207031,0.03500351309776306,-0.00028832280077040195,0.029809577390551567,0.0,0.8191001415252686,0.0
2.449981451034546,23.899999618530273,1000.0,16.0,1.422425627708435,0.00019919555052183568,40.0,1.000648856163025,1.000648856163025,1.000648856163025,0.0004587824805639684,0.0,1.0040299892425537,340000.0,-0.014784034341573715,-0.008649124763906002,-3.0159950092922827e-09,0.008831560611724854,-0.0007264623418450356,0.07722301036119461,0.2193603515625,-0.17345544695854187,2.244814157485962,2161.206298828125,22.036457061767578,104.5383071899414,126.57476806640625,158.00938415527344,0.9657353758811951,0.2558230757713318,0.11227437853813171,0.021444380283355713,0.2648997902870178,1.0,0.08507954329252243,0.020838959142565727,-65.6203842163086,0.021444380283355713,0.003340688068419695,0.01843377947807312,1.0354803800582886,0.0,3.0
1.690881609916687,32.08000183105469,1000.0,17.0,1.4256986379623413,0.00015726100536994636,40.0,0.9999346733093262,0.9999346733093262,0.9999346733093262,4.622105916496366e-05,0.0,1.0071288347244263,360000.0,-0.009921835735440254,0.004862198606133461,-5.102157807357344e-09,0.008832233026623726,6.724148988723755e-07,0.11003267765045166,0.38476327061653137,0.16540291905403137,1.515699028968811,2288.5,21.99850082397461,105.26019287109375,127.2586898803711,157.16018676757812,0.8011565208435059,0.29867634177207947,0.14961335062980652,0.031159833073616028,0.29297691583633423,1.0,0.2001473754644394,0.03108529932796955,-576.2228393554688,0.031159833073616028,-0.002546283882111311,0.08698835968971252,0.0,0.4794953465461731,0.0
1.9623916149139404,30.219999313354492,1000.0,18.0,1.4292634725570679,0.00015705863188486546,40.0,1.0001484155654907,1.0001484155654907,1.0001484155654907,0.0001049175625666976,0.0,1.0104821920394897,380000.0,-0.007214557845145464,0.0027072778902947903,-1.931190496406998e-08,0.013643631711602211,0.004811398684978485,0.2235570251941681,0.4071287214756012,0.022365450859069824,2.520474433898926,2414.521240234375,21.921419143676758,104.06769561767578,125.9891128540039,158.74386596679688,0.8310422301292419,0.3013092577457428,0.14814546704292297,0.028959006071090698,0.2921699285507202,1.0,0.13532067835330963,0.02895384654402733,-665.615966796875,0.028959006071090698,-0.0004595974460244179,0.04093586653470993,0.0,0.6989771127700806,0.0
2.5748660564422607,34.81999969482422,1000.0,19.0,1.4256788492202759,0.00015117149450816214,40.0,1.0005451440811157,1.0005451440811157,1.0005451440811157,0.00038544696872122586,0.0,1.0068758726119995,400000.0,-0.003927907906472683,0.003286649938672781,3.671646098268866e-09,0.011311549693346024,-0.0023320820182561874,0.15186358988285065,0.32817134261131287,-0.07895737886428833,1.836065649986267,2541.1240234375,21.311067581176758,105.25823211669922,126.56929779052734,158.01620483398438,0.9062913656234741,0.3129841983318329,0.14350613951683044,0.02434973046183586,0.24519400298595428,1.0,0.1213911697268486,0.023849373683333397,-2564.427978515625,0.02434973046183586,0.004337650258094072,0.037603557109832764,0.0,0.7292903661727905,0.0
3.109633207321167,23.020000457763672,1000.0,20.0,1.4167388677597046,0.0002224533527623862,40.0,1.0012603998184204,1.0012603998184204,1.0012603998184204,0.0008913215133361518,0.0,0.9979655146598816,420000.0,-0.01836893893778324,-0.014441031031310558,-3.433227480087453e-09,0.013450429774820805,0.002138880081474781,0.287777304649353,0.2909166216850281,-0.03725472092628479,2.3556153774261475,2667.3974609375,20.067527770996094,106.17282104492188,126.24034881591797,158.42796325683594,0.8127042651176453,0.22433896362781525,0.15715458989143372,0.030280623584985733,0.27604013681411743,1.0,0.10406915843486786,0.03027142770588398,-120.8040771484375,0.030280623584985733,-0.0005462164990603924,0.032447151839733124,1.2304599285125732,0.0,3.0
3.576169490814209,18.139999389648438,1000.0,21.0,1.4085992574691772,0.00021791296603623778,40.0,1.0007129907608032,1.0007129907608032,1.0007129907608032,0.0005042448756285012,0.0,0.9898945689201355,440000.0,-0.0170490350574255,0.0013199038803577423,-1.0871887390351276e-08,0.012850041501224041,-0.0006003882735967636,0.3118644952774048,0.3318447768688202,0.040928155183792114,1.7184453010559082,2795.6357421875,20.349092483520508,107.85466766357422,128.20376586914062,156.0016632080078,0.898991048336029,0.23636163771152496,0.14339400827884674,0.02474679984152317,0.2629188299179077,1.0,0.12516120076179504,0.024694012477993965,-1060.1363525390625,0.02474679984152317,-0.0015307593857869506,0.04438929632306099,1.1123580932617188,0.0,3.0
4.494746208190918,20.34000015258789,1000.0,22.0,1.4085623025894165,0.00020813678565900773,40.0,0.9997550845146179,0.9997550845146179,0.9997550845146179,0.00017319543985649943,0.0,0.9898528456687927,460000.0,-0.013280859217047691,0.0037681758403778076,1.9073485846288207e-10,0.016830889508128166,0.003980848006904125,0.4676491618156433,0.4373745322227478,0.10552975535392761,2.8094499111175537,2922.115234375,20.469011306762695,105.9743423461914,126.44335174560547,158.17359924316406,1.0022554397583008,0.23888720571994781,0.12479165941476822,0.019910074770450592,0.23834967613220215,1.0,0.1981368362903595,0.019384751096367836,-312.91375732421875,0.019910074770450592,0.0060377223417162895,0.069393590092659,0.9977496266365051,0.0,3.0
7.296501636505127,30.579999923706055,1000.0,23.0,1.4056262969970703,0.00015414693916682154,40.0,1.000758171081543,1.000758171081543,1.000758171081543,0.0005361640942282975,0.0,0.9868419170379639,480000.0,-0.004465519450604916,0.008815339766442776,1.4543533488620142e-08,0.020808549597859383,0.003977660089731216,0.7380143404006958,0.4275929629802704,-0.009781569242477417,3.9474847316741943,3048.260986328125,19.69228172302246,106.42112731933594,126.1134033203125,158.58741760253906,0.9548468589782715,0.31291839480400085,0.15599696338176727,0.021936247125267982,0.2568493187427521,1.0,0.1523432433605194,0.021029645577073097,-600.761474609375,0.021936247125267982,0.006854631006717682,0.05182648450136185,0.0,0.6212109327316284,0.0
9.393446922302246,35.91999816894531,1000.0,24.0,1.3976802825927734,0.00015463891031686217,40.0,0.9981789588928223,0.9981789588928223,0.9981789588928223,0.0012876986293122172,0.0,0.978979766368866,500000.0,-0.001801369246095419,0.0026641502045094967,1.4019012617438875e-08,0.020177951082587242,-0.0006305985152721405,0.7365404367446899,0.3837185800075531,-0.043874382972717285,3.49186635017395,3176.994140625,21.56024742126465,107.13843536376953,128.6986846923828,155.40174865722656,0.8843144178390503,0.31060466170310974,0.15343967080116272,0.025575045496225357,0.2620683014392853,1.0,0.13247790932655334,0.023331332951784134,-2471.84814453125,0.025575045496225357,0.010403835214674473,0.048241376876831055,0.0,0.6438802480697632,0.0
9.376884460449219,34.060001373291016,1000.0,25.0,1.3966689109802246,0.00016245087317656726,40.0,0.9993782043457031,0.9993782043457031,0.9993782043457031,0.00043964781798422337,0.0,0.9779863953590393,520000.0,-0.007009537424892187,-0.005208168178796768,4.625320570994518e-09,0.015603462234139442,-0.0045744888484478,0.6225923299789429,0.3649177849292755,-0.018800795078277588,3.564582109451294,3302.821044921875,20.195125579833984,105.59757232666016,125.7927017211914,158.9917449951172,0.844947099685669,0.2969461679458618,0.15553531050682068,0.028013722971081734,0.2719172537326813,1.0,0.15637366473674774,0.027979156002402306,-1573.93212890625,0.028013722971081734,0.0013426358345896006,0.05215127021074295,0.0,0.6192734837532043,0.0
8.003595352172852,27.260000228881836,1000.0,26.0,1.3968755006790161,0.00016285524179693311,40.0,1.0012683868408203,1.0012683868408203,1.0012683868408203,0.0008968849433586001,0.0,0.9781925082206726,540000.0,-0.0020886887796223164,0.004920848645269871,-3.051757735406113e-09,0.016287490725517273,0.0006840284913778305,0.6483531594276428,0.30183273553848267,-0.06308504939079285,3.963052749633789,3429.219482421875,21.16756248474121,105.19512939453125,126.36268615722656,158.27456665039062,0.9296326041221619,0.3020757734775543,0.1419823318719864,0.02314233034849167,0.2588106393814087,1.0,0.12832339107990265,0.0214232187718153,-132.4585723876953,0.02314233034849167,0.008141187019646168,0.038554154336452484,0.0,0.7202434539794922,0.0
6.918323516845703,22.239999771118164,1000.0,27.0,1.3937846422195435,0.00023185672762338072,40.0,0.9993157982826233,0.9993157982826233,0.9993157982826233,0.00048378962674178183,0.0,0.975174605846405,560000.0,-0.017139943316578865,-0.015051254536956549,-1.0490417423625331e-09,0.018275123089551926,0.0019876323640346527,0.7492074370384216,0.3449258804321289,0.04309314489364624,3.65266752243042,3555.2490234375,22.35421371459961,103.64073181152344,125.99494934082031,158.7365264892578,0.798123836517334,0.21398445963859558,0.18357910215854645,0.03139708191156387,0.2681092321872711,1.0,0.14810465276241302,0.029342276975512505,-162.51255798339844,0.03139708191156387,0.00981350801885128,0.04686814546585083,1.2529383897781372,0.0,3.0
7.6726250648498535,24.8799991607666,1000.0,28.0,1.3909274339675903,0.00020993735233787447,40.0,1.0001888275146484,1.0001888275146484,1.0001888275146484,0.00013346504420042038,0.0,0.9724407196044922,580000.0,-0.013223914429545403,0.0039160288870334625,-5.698204130766271e-09,0.021719196811318398,0.003444073721766472,0.8714756965637207,0.42612606287002563,0.08120018243789673,3.437744140625,3682.587158203125,24.255359649658203,103.0478515625,127.30320739746094,157.105224609375,1.0709819793701172,0.24775590002536774,0.1304771453142166,0.017436746507883072,0.23133529722690582,1.0,0.12876304984092712,0.01719699800014496,-0.3541187644004822,0.017436746507883072,0.0030377856455743313,0.03849097713828087,0.9337225556373596,0.0,3.0
10.563820838928223,40.560001373291016,1000.0,29.0,1.3995884656906128,0.00016448533278889954,40.0,1.0010786056518555,1.0010786056518555,1.0010786056518555,0.0007627455634064972,0.0,0.9812946915626526,600000.0,-0.01080781314522028,0.002416101284325123,3.695488004495928e-08,0.02533837966620922,0.0036191828548908234,1.0377265214920044,0.5896101593971252,0.1634840965270996,4.264034271240234,3809.804931640625,26.00429916381836,101.17827606201172,127.18257141113281,157.25424194335938,1.0217453241348267,0.28554004430770874,0.13767141103744507,0.01915774866938591,0.23643362522125244,1.0,0.23812240362167358,0.01908283121883869,-2096.68701171875,0.01915774866938591,0.0029412508010864258,0.11547327041625977,0.0,0.4161733090877533,0.0
12.467859268188477,37.41999816894531,1000.0,30.0,1.4081398248672485,0.00013767888594884425,40.0,0.9997088313102722,0.9997088313102722,0.9997088313102722,0.0002058733080048114,0.0,0.9901502132415771,620000.0,-0.002024663146585226,0.008783149998635054,-1.0204315614714687e-08,0.020634470507502556,-0.004703909158706665,0.972661018371582,0.37654975056648254,-0.2130604088306427,3.9101850986480713,3937.62353515625,23.6843318939209,104.09935760498047,127.78369140625,156.51449584960938,1.0599888563156128,0.321658194065094,0.13946659862995148,0.01780029386281967,0.22619906067848206,1.0,0.1135755255818367,0.016460422426462173,-4690.66357421875,0.01780029386281967,0.006637965328991413,0.03288567438721657,0.0,0.7798508405685425,0.0
13.453339576721191,35.5,1000.0,31.0,1.4149532318115234,0.00015371633344329894,40.0,1.000485897064209,1.000485897064209,1.000485897064209,0.0003435811086092144,0.0,0.9964863657951355,640000.0,-0.006105659529566765,-0.004080996382981539,1.287460360543946e-09,0.02266588807106018,0.002031417563557625,1.09304940700531,0.4189043641090393,0.04235461354255676,3.6669647693634033,4063.29296875,21.237215042114258,104.3989028930664,125.63611602783203,159.1898956298828,0.9257856011390686,0.31076791882514954,0.1445448249578476,0.023335061967372894,0.25880300998687744,1.0,0.1360183209180832,0.023272804915905,-2671.009033203125,0.023335061967372894,0.0016030455008149147,0.04127621650695801,0.0,0.6960893869400024,0.0
11.64381217956543,26.899999618530273,1000.0,32.0,1.4132813215255737,0.0001782789477147162,40.0,1.0000181198120117,1.0000181198120117,1.0000181198120117,1.2756693649862427e-05,0.0,0.9947406649589539,660000.0,-0.002930358052253723,0.0031753014773130417,-1.3828277412031298e-09,0.01844075135886669,-0.004225136712193489,0.8697572350502014,0.5038727521896362,0.08496838808059692,3.457183599472046,4190.92822265625,20.88610076904297,106.7160873413086,127.60218811035156,156.73712158203125,0.8019229173660278,0.2888016998767853,0.18970687687397003,0.031100301072001457,0.2569403350353241,1.0,0.18502706289291382,0.027615364640951157,-47.91996383666992,0.031100301072001457,0.016199516132473946,0.07530247420072556,0.0,0.5153595805168152,0.0
9.607331275939941,38.15999984741211,1000.0,33.0,1.4136734008789062,0.00019060101476497948,40.0,1.0007058382034302,1.0007058382034302,1.0007058382034302,0.0004991310997866094,0.0,0.9952804446220398,680000.0,-0.010112074203789234,-0.007181716151535511,-8.511543470035576e-09,0.01900412328541279,0.0005633719265460968,0.7884141206741333,0.5371084213256836,0.03323566913604736,3.9388411045074463,4316.47265625,19.998762130737305,105.51253509521484,125.51129913330078,159.34820556640625,0.9829261302947998,0.27199670672416687,0.13826227188110352,0.020700842142105103,0.25660276412963867,1.0,0.2691369354724884,0.02068142592906952,-1979.8062744140625,0.020700842142105103,-0.0013032222632318735,0.08747513592243195,0.0,0.4781593680381775,0.0
8.166069030761719,32.119998931884766,1000.0,34.0,1.4222804307937622,0.000151939777424559,40.0,1.000014305114746,1.000014305114746,1.000014305114746,1.0059361557068769e-05,0.0,1.003719449043274,700000.0,-0.0034897709265351295,0.006622303277254105,8.583068478174027e-09,0.020825745537877083,0.0018216222524642944,0.8845556378364563,0.33954060077667236,-0.19756782054901123,3.4876749515533447,4442.6611328125,20.668359756469727,105.48573303222656,126.15409088134766,158.53627014160156,0.9405910968780518,0.3094245493412018,0.14326682686805725,0.022606227546930313,0.2571844160556793,1.0,0.12718860805034637,0.021503210067749023,-1364.9666748046875,0.022606227546930313,0.006400397978723049,0.03713909536600113,0.0,0.7338364720344543,0.0
7.077093124389648,26.579999923706055,1000.0,35.0,1.4222908020019531,0.0001684306189417839,40.0,0.9997617602348328,0.9997617602348328,0.9997617602348328,0.00016844690253492445,0.0,1.0036967992782593,720000.0,0.00016873585991561413,0.0036585067864507437,1.2993812248396353e-08,0.019209621474146843,-0.0016161240637302399,0.6612684726715088,0.2518048882484436,-0.08773571252822876,2.9537689685821533,4565.24462890625,19.425262451171875,103.12562561035156,122.55088806152344,163.197509765625,0.944628894329071,0.3054780960083008,0.14670665562152863,0.022413380444049835,0.25170838832855225,1.0,0.10500697046518326,0.019928544759750366,-102.80899810791016,0.022413380444049835,0.0077669075690209866,0.024277187883853912,0.0,0.9076443910598755,0.0
6.156719207763672,21.219999313354492,1000.0,36.0,1.4156066179275513,0.00019859666645061225,40.0,0.9989995956420898,0.9989995956420898,0.9989995956420898,0.000707420811522752,0.0,0.9970734119415283,740000.0,-0.016214564442634583,-0.016383300302550197,-1.8596648665436533e-09,0.01717662438750267,-0.0020329970866441727,0.5615437030792236,0.497191458940506,0.24538657069206238,2.4172682762145996,4690.98681640625,20.736995697021484,104.97306060791016,125.7100601196289,159.09625244140625,0.8449777364730835,0.24193139374256134,0.15452881157398224,0.028011687099933624,0.286316841840744,1.0,0.16937115788459778,0.027809277176856995,-257.4643249511719,0.028011687099933624,0.0033514543902128935,0.05549232289195061,1.1834630966186523,0.0,3.0
5.774491786956787,19.739999771118164,1000.0,37.0,1.4047178030014038,0.0002101251157000661,40.0,0.9991914629936218,0.9991914629936218,0.9991914629936218,0.0005717641324736178,0.0,0.986266553401947,760000.0,-0.015652017667889595,0.0005625467747449875,-6.961822673900997e-09,0.02387630194425583,0.006699677556753159,0.7238509058952332,0.2623574435710907,-0.23483401536941528,2.848376512527466,4819.86083984375,21.192577362060547,107.64726257324219,128.83984375,155.2314910888672,0.8858641982078552,0.24942243099212646,0.15566447377204895,0.02548563852906227,0.2815583348274231,1.0,0.10841923207044601,0.024533938616514206,-1269.1055908203125,0.02548563852906227,0.004554949700832367,0.021800514310598373,1.1288411617279053,0.0,3.0
7.29806661605835,26.700000762939453,1000.0,38.0,1.3959649801254272,0.00016697261889930815,40.0,0.9999637603759766,0.9999637603759766,0.9999637603759766,2.559721724537667e-05,0.0,0.9775617718696594,780000.0,-0.0074424538761377335,0.008209563791751862,8.440017573718706e-09,0.028628025203943253,0.004751723259687424,0.8960845470428467,0.4574117362499237,0.195054292678833,2.9587743282318115,4944.27685546875,20.106599807739258,104.2730712890625,124.37966918945312,160.79798889160156,0.8954105377197266,0.3002749979496002,0.1675790697336197,0.024945108219981194,0.25873345136642456,1.0,0.17722277343273163,0.02484307810664177,-41.320518493652344,0.024945108219981194,0.002670690882951021,0.06990725547075272,0.0,0.5348768830299377,0.0
9.507258415222168,28.780000686645508,1000.0,39.0,1.389887809753418,0.00014164055755827576,40.0,1.0008283853530884,1.0008283853530884,1.0008283853530884,0.0005857849610038102,0.0,0.9715394973754883,800000.0,-0.008116589859127998,-0.0006741359829902649,-1.9073485846288207e-10,0.026873569935560226,-0.0017544552683830261,1.0021554231643677,0.47452622652053833,0.017114490270614624,3.455698013305664,5068.8154296875,20.716838836669922,103.78779602050781,124.504638671875,160.63658142089844,0.9004523754119873,0.32476404309272766,0.1712225377559662,0.024666544049978256,0.26063111424446106,1.0,0.15246622264385223,0.02465452253818512,-262.8995056152344,0.024666544049978256,-0.0008082905551418662,0.054345160722732544,0.0,0.6066448092460632,0.0
9.065964698791504,29.700000762939453,1000.0,40.0,1.3851341009140015,0.0001360633032163605,40.0,1.0006767511367798,1.0006767511367798,1.0006767511367798,0.00047850722330622375,0.0,0.9668661952018738,820000.0,-0.00253191776573658,0.0055846720933914185,7.915496702537439e-09,0.02378140017390251,-0.003092169761657715,0.7414058446884155,0.3192804455757141,-0.15524578094482422,2.575129985809326,5192.56494140625,20.966638565063477,102.75030517578125,123.7169418334961,161.6593475341797,0.8576663732528687,0.3336530327796936,0.172853022813797,0.027188988402485847,0.27314576506614685,1.0,0.1211143359541893,0.026002857834100723,-664.916259765625,0.027188988402485847,0.006277317181229591,0.033221229910850525,0.0,0.7759023308753967,0.0
8.408970832824707,19.860000610351562,1000.0,41.0,1.3813371658325195,0.00019837116997223347,40.0,1.0006121397018433,1.0006121397018433,1.0006121397018433,0.0004328200302552432,0.0,0.9631741642951965,840000.0,-0.015181729570031166,-0.012649811804294586,9.63211022053656e-09,0.022662563249468803,-0.0011188369244337082,0.6942674517631531,0.20935533940792084,-0.10992510616779327,2.1400046348571777,5318.13232421875,22.68854522705078,102.8431625366211,125.53170776367188,159.32229614257812,0.937904417514801,0.2532989978790283,0.14252594113349915,0.022735925391316414,0.27006903290748596,1.0,0.10492584854364395,0.022609462961554527,-1238.3890380859375,0.022735925391316414,0.0016425235662609339,0.0213334858417511,1.066206693649292,0.0,3.0
8.199748039245605,11.720000267028809,1000.0,42.0,1.3763734102249146,0.00022172091121319681,40.0,0.9999822974205017,0.9999822974205017,0.9999822974205017,1.2531679203675594e-05,0.0,0.958390474319458,860000.0,-0.015939757227897644,-0.000758027657866478,6.675720420901143e-09,0.02476388029754162,0.002101317048072815,0.9551498293876648,0.2611709237098694,0.05181558430194855,2.8413279056549072,5443.6279296875,22.24131202697754,103.21984100341797,125.4611587524414,159.41189575195312,0.8484417200088501,0.22436216473579407,0.2044202834367752,0.02778342366218567,0.2644403278827667,1.0,0.16760018467903137,0.026528220623731613,-4110.45703125,0.02778342366218567,0.007338526658713818,0.04290459305047989,1.17863130569458,0.0,3.0
9.975805282592773,17.639999389648438,1000.0,43.0,1.3751235008239746,0.00017941754776984453,40.0,1.0000953674316406,1.0000953674316406,1.0000953674316406,6.743495760019869e-05,0.0,0.9571487307548523,880000.0,-0.012629254721105099,0.0033105025067925453,1.239776614703203e-09,0.027217954397201538,0.0024540740996599197,1.1078002452850342,0.4104229807853699,0.1492520570755005,3.099830389022827,5568.62841796875,23.871089935302734,101.09197235107422,124.96306610107422,160.0472869873047,1.0882855653762817,0.26817336678504944,0.11869301646947861,0.016886670142412186,0.24641826748847961,1.0,0.13663215935230255,0.016588030382990837,-1382.281494140625,0.016886670142412186,0.003420982975512743,0.039187971502542496,0.9188764691352844,0.0,3.0
13.081822395324707,24.540000915527344,1000.0,44.0,1.3626269102096558,0.00019299419363960624,40.0,0.9986960291862488,0.9986960291862488,0.9986960291862488,0.0009220887441188097,0.0,0.9453508257865906,900000.0,-0.01570785604417324,-0.003078601323068142,-2.231597839852384e-08,0.026332413777709007,-0.0008855406194925308,1.3302772045135498,0.370114266872406,-0.04030871391296387,3.0512030124664307,5694.732421875,22.606521606445312,103.46401977539062,126.07054138183594,158.64134216308594,0.9681788682937622,0.25773513317108154,0.148346409201622,0.021336276084184647,0.2662060856819153,1.0,0.16256430745124817,0.021024245768785477,-3.748777389526367,0.021336276084184647,-0.004185581114143133,0.05614529550075531,1.0328669548034668,0.0,3.0
15.887813568115234,33.81999969482422,1000.0,45.0,1.3530597686767578,0.00013216151273809373,40.0,1.0008625984191895,1.0008625984191895,1.0008625984191895,0.0006099491729401052,0.0,0.9364344477653503,920000.0,-0.005459059029817581,0.01024879701435566,1.239776614703203e-09,0.028428539633750916,0.0020961258560419083,1.412411093711853,0.5262449383735657,0.15613067150115967,3.5732946395874023,5818.80224609375,21.880084991455078,102.15410614013672,124.03418731689453,161.24586486816406,1.0562032461166382,0.33225446939468384,0.1219378262758255,0.017928119748830795,0.2589392066001892,1.0,0.14874020218849182,0.017437424510717392,-1487.15869140625,0.017928119748830795,0.005066319368779659,0.05230870097875595,0.0,0.6183409094810486,0.0
17.679323196411133,38.41999816894531,1000.0,46.0,1.3462313413619995,0.0001479124475736171,40.0,0.998132050037384,0.998132050037384,0.998132050037384,0.0013208540622144938,0.0,0.9301603436470032,940000.0,-0.004536130465567112,0.0009229285642504692,9.53674295089968e-09,0.02488182671368122,-0.0035467129200696945,1.4644464254379272,0.42522096633911133,-0.10102397203445435,3.6044445037841797,5942.5732421875,21.956602096557617,101.77877807617188,123.73538208007812,161.63525390625,0.9831494092941284,0.32013705372810364,0.13577573001384735,0.020691443234682083,0.27007585763931274,1.0,0.15882053971290588,0.020140981301665306,-4173.6650390625,0.020691443234682083,0.004873672965914011,0.04315042495727539,0.0,0.6808044910430908,0.0
17.37627410888672,38.13999938964844,1000.0,47.0,1.33425772190094,0.00015723909018561244,40.0,1.0002228021621704,1.0002228021621704,1.0002228021621704,0.0001576292561367154,0.0,0.9191157817840576,960000.0,-0.007874121889472008,-0.0033379914239048958,7.915496702537439e-09,0.022643886506557465,-0.0022379402071237564,1.4727894067764282,0.5990091562271118,0.1737881898880005,3.59940505027771,6067.36865234375,20.851118087768555,103.90418243408203,124.75530242919922,160.31382751464844,1.036035180091858,0.30191221833229065,0.13030365109443665,0.018632913008332253,0.25605013966560364,1.0,0.20378746092319489,0.018629293888807297,-2852.52197265625,0.018632913008332253,-0.0004679919220507145,0.06052830442786217,0.0,0.5748250484466553,0.0
16.701011657714844,34.65999984741211,1000.0,48.0,1.3173669576644897,0.00016568315913900733,40.0,0.9991996884346008,0.9991996884346008,0.9991996884346008,0.0005659197922796011,0.0,0.9037390351295471,980000.0,-0.007173848804086447,0.000700273085385561,8.106231796922714e-10,0.024750540032982826,0.0021066535264253616,1.4931058883666992,0.4290989637374878,-0.16991019248962402,3.989405393600464,6189.19580078125,19.637693405151367,102.15642547607422,121.79411315917969,164.2115478515625,1.005307674407959,0.2958609461784363,0.14761631190776825,0.019789360463619232,0.25029614567756653,1.0,0.17207813262939453,0.019784988835453987,-1695.6263427734375,0.019789360463619232,0.0004904803354293108,0.055032454431056976,0.0,0.602844774723053,0.0
16.13999366760254,29.959999084472656,1000.0,49.0,1.3125697374343872,0.00013240230327937752,40.0,1.0002435445785522,1.0002435445785522,1.0002435445785522,0.00017212776583619416,0.0,0.8995353579521179,1000000.0,-0.006768769584596157,0.0004050792194902897,4.00543198608716e-09,0.024208514019846916,-0.00054202601313591,1.507954478263855,0.3385452926158905,-0.09055367112159729,3.9891960620880127,6312.21923828125,20.145191192626953,102.84407806396484,122.98977661132812,162.61514282226562,1.0191476345062256,0.3243446946144104,0.1364947408437729,0.019255533814430237,0.2497737854719162,1.0,0.13198766112327576,0.01919478178024292,-743.3574829101562,0.019255533814430237,-0.001417931984178722,0.03309433162212372,0.0,0.7773885130882263,0.0
16.140295028686523,28.5,1000.0,50.0,1.3217524290084839,0.00013087078696116805,40.0,0.999546229839325,0.999546229839325,0.999546229839325,0.0003208779962733388,0.0,0.9081416130065918,1020000.0,-0.006095137447118759,0.0006736321374773979,9.059905714536853e-09,0.024707365781068802,0.0004988517612218857,1.5178560018539429,0.4050368666648865,0.06649157404899597,3.6020336151123047,6434.9814453125,20.21248435974121,102.51648712158203,122.72896575927734,162.96070861816406,0.9516276121139526,0.32860058546066284,0.1670229136943817,0.02208491414785385,0.2694575786590576,1.0,0.13790832459926605,0.021887434646487236,-269.21240234375,0.02208491414785385,0.0029975418001413345,0.04549971595406532,0.0,0.6629955172538757,0.0
16.643285751342773,30.040000915527344,1000.0,51.0,1.3256596326828003,0.00014979498519096524,40.0,1.0004860162734985,1.0004860162734985,1.0004860162734985,0.00034369350760243833,0.0,0.9116449356079102,1040000.0,-0.007995255291461945,-0.0019001178443431854,-4.768371808516747e-10,0.024804741144180298,9.737536311149597e-05,1.6288666725158691,0.5455966591835022,0.14055979251861572,3.842179298400879,6557.515625,19.60774040222168,102.89330291748047,122.50103759765625,163.263916015625,1.0220707654953003,0.31174927949905396,0.11157480627298355,0.019145550206303596,0.2831886112689972,1.0,0.1699720025062561,0.01913614571094513,-467.48626708984375,0.019145550206303596,-0.000714867259375751,0.05433425307273865,0.0,0.6067057251930237,0.0
17.378528594970703,37.18000030517578,1000.0,52.0,1.3277610540390015,0.00012993343989364803,40.0,0.9997045397758484,0.9997045397758484,0.9997045397758484,0.0002089640765916556,0.0,0.9137277603149414,1060000.0,-0.005069956183433533,0.002925299108028412,4.243850604268573e-09,0.027331726625561714,0.0025269854813814163,1.6733524799346924,0.4860081374645233,-0.05958852171897888,3.9721643924713135,6681.59521484375,20.48650360107422,103.56050872802734,124.04701232910156,161.2292022705078,0.956963837146759,0.32951149344444275,0.14301219582557678,0.02183930203318596,0.26129063963890076,1.0,0.1636839359998703,0.021608365699648857,-3760.163818359375,0.02183930203318596,0.0030184839852154255,0.03945348411798477,0.0,0.711987316608429,0.0
16.638906478881836,33.79999923706055,1000.0,53.0,1.3301377296447754,0.0001591356412973255,40.0,1.0019659996032715,1.0019659996032715,1.0019659996032715,0.001390171586535871,0.0,0.9158535003662109,1080000.0,-0.005286307539790869,-0.00021635135635733604,-4.76837147544984e-09,0.025302134454250336,-0.0020295921713113785,1.5507595539093018,0.3544514775276184,-0.1315566599369049,3.747220039367676,6807.00634765625,21.87763786315918,103.49838256835938,125.37602233886719,159.5201416015625,0.9608859419822693,0.31002330780029297,0.15334956347942352,0.02166138030588627,0.2585129141807556,1.0,0.13742205500602722,0.02154843509197235,-2178.986572265625,0.02166138030588627,0.0020034858025610447,0.035539112985134125,0.0,0.7501733303070068,0.0
14.886652946472168,29.1200008392334,1000.0,54.0,1.325967788696289,0.00014766777167096734,40.0,0.9997428059577942,0.9997428059577942,0.9997428059577942,0.00018184959481004626,0.0,0.9119977951049805,1100000.0,-0.003764837747439742,0.0015214697923511267,1.0490417423625331e-08,0.025982651859521866,0.0006805174052715302,1.4190491437911987,0.30538302659988403,-0.049068450927734375,3.7110390663146973,6929.35693359375,20.82168197631836,101.49479675292969,122.31647491455078,163.51026916503906,0.9214631915092468,0.32052966952323914,0.14342595636844635,0.023554496467113495,0.2868293225765228,1.0,0.1332276463508606,0.023128880187869072,-588.4901123046875,0.023554496467113495,0.0035037188790738583,0.02884300798177719,0.0,0.8327116966247559,0.0
12.362770080566406,25.0,1000.0,55.0,1.3195475339889526,4.143706178183493e-08,40.0,0.9996050000190735,0.9996050000190735,0.9996050000190735,0.00046108540846034884,0.0,0.9062045812606812,1120000.0,-0.004578820895403624,-0.0008139831479638815,4.386901952813105e-09,0.026952076703310013,0.000969424843788147,1.34114408493042,0.302431583404541,-0.0029514431953430176,3.330885887145996,7054.67626953125,21.0730037689209,104.21136474609375,125.28437042236328,159.6368408203125,0.9230745434761047,0.0,0.15028373897075653,0.023472335189580917,0.27460920810699463,0.0,0.11122272908687592,0.022980788722634315,0.019999999552965164,0.023472335189580917,0.0033493677619844675,0.022822394967079163,1.0833359956741333,0.0,1.0
11.286351203918457,22.719999313354492,1000.0,56.0,1.3173303604125977,0.00021143417689017951,40.0,0.9998099207878113,0.9998099207878113,0.9998099207878113,0.0001344203483313322,0.0,0.9040386080741882,1140000.0,-0.01629502698779106,-0.011716206092387438,1.8215178698710588e-08,0.025815041735768318,-0.0011370349675416946,1.3715115785598755,0.2803497314453125,-0.022081851959228516,3.65592885017395,7178.80712890625,20.487560272216797,103.60897827148438,124.0965347290039,161.16485595703125,0.8799954056739807,0.24280503392219543,0.16317805647850037,0.025826705619692802,0.2759161591529846,1.0,0.11854591965675354,0.02553020603954792,-195.90280151367188,0.025826705619692802,0.0028048185631632805,0.026532908901572227,1.1363695859909058,0.0,3.0
11.328478813171387,25.600000381469727,1000.0,57.0,1.3218642473220825,0.00013563604443334043,40.0,0.999387264251709,0.999387264251709,0.999387264251709,0.0004332976823206991,0.0,0.9083431363105774,1160000.0,-0.005221064202487469,0.011073962785303593,7.629394338515283e-10,0.029118625447154045,0.003303583711385727,1.4455116987228394,0.3178676664829254,0.037517935037612915,3.1019105911254883,7301.9482421875,19.592947006225586,103.51516723632812,123.10810852050781,162.45883178710938,1.004821538925171,0.3232323229312897,0.15269885957241058,0.019808515906333923,0.2592836320400238,1.0,0.13566027581691742,0.01959047093987465,-8.868666648864746,0.019808515906333923,0.00297171319834888,0.040501050651073456,0.0,0.7027191519737244,0.0
12.890042304992676,24.920000076293945,1000.0,58.0,1.321590542793274,0.00018459725833963603,40.0,1.0005064010620117,1.0005064010620117,1.0005064010620117,0.0003580234188120812,0.0,0.9082857966423035,1180000.0,-0.013525246642529964,-0.008304182440042496,5.006790093631253e-09,0.029140830039978027,2.220459282398224e-05,1.5630967617034912,0.3226048946380615,0.004737228155136108,3.741089105606079,7423.2705078125,20.274450302124023,101.01436614990234,121.288818359375,164.89566040039062,0.9784916043281555,0.2605111598968506,0.15688082575798035,0.020888900384306908,0.2662374675273895,1.0,0.15933705866336823,0.02036052569746971,-0.12425234913825989,0.020888900384306908,0.0048417095094919205,0.04436659812927246,1.021981120109558,0.0,3.0
15.072244644165039,30.139999389648438,1000.0,59.0,1.3222649097442627,0.00015707267448306084,40.0,1.0004640817642212,1.0004640817642212,1.0004640817642212,0.0003282396646682173,0.0,0.9087579250335693,1200000.0,-0.0034835576079785824,0.010041689034551382,3.1471252270875993e-09,0.03294670581817627,0.003805875778198242,1.5707950592041016,0.42147353291511536,0.09886863827705383,3.533775806427002,7547.9931640625,20.42841911315918,104.26173400878906,124.69014739990234,160.39759826660156,0.9615995287895203,0.3035255968570709,0.13206100463867188,0.021629244089126587,0.2896052598953247,1.0,0.16057443618774414,0.02035275660455227,-606.4799194335938,0.021629244089126587,0.007456858642399311,0.04356074333190918,0.0,0.6775904893875122,0.0
15.87218952178955,32.540000915527344,1000.0,60.0,1.3259468078613281,0.00015905816690064967,40.0,1.0006605386734009,1.0006605386734009,1.0006605386734009,0.00046704328269697726,0.0,0.9122617840766907,1220000.0,-0.010680830106139183,-0.007197272498160601,-5.435943695175638e-09,0.0262712761759758,-0.00667542964220047,1.578661322593689,0.4179530739784241,-0.003520458936691284,3.743105888366699,7669.70361328125,20.723026275634766,100.94454956054688,121.6675796508789,164.38232421875,0.9523957967758179,0.2996794283390045,0.1678353250026703,0.022049302235245705,0.2594081163406372,1.0,0.19330020248889923,0.021457290276885033,-869.8607788085938,0.022049302235245705,-0.006220235023647547,0.06535562872886658,0.0,0.5531889200210571,0.0
16.168394088745117,34.560001373291016,1000.0,61.0,1.3297810554504395,0.00014631969679612666,40.0,1.000414252281189,1.000414252281189,1.000414252281189,0.00029294867999851704,0.0,0.9162467122077942,1240000.0,-0.004550326615571976,0.006130503490567207,5.769729582993932e-09,0.030291352421045303,0.004020076245069504,1.6513729095458984,0.38883838057518005,-0.02911469340324402,3.7334909439086914,7794.09375,22.32945442199707,102.02335357666016,124.3528060913086,160.8327178955078,0.9903836846351624,0.31739336252212524,0.12757551670074463,0.020390264689922333,0.275100439786911,1.0,0.1470775604248047,0.020102662965655327,-2428.255126953125,0.020390264689922333,0.003290066495537758,0.03763724863529205,0.0,0.7289638519287109,0.0
15.40304946899414,31.920000076293945,1000.0,62.0,1.325952172279358,0.0001575901114847511,40.0,0.9996733665466309,0.9996733665466309,0.9996733665466309,0.00023099282407201827,0.0,0.9132943153381348,1260000.0,-0.005198396276682615,-0.0006480696611106396,5.7220459481754915e-09,0.024003371596336365,-0.006287980824708939,1.3886311054229736,0.34423187375068665,-0.04460650682449341,2.9917476177215576,7917.01708984375,21.158357620239258,101.73079681396484,122.88915252685547,162.748291015625,0.9299653172492981,0.31070587038993835,0.13923008739948273,0.023125777021050453,0.2722805440425873,1.0,0.1439160406589508,0.022538181394338608,-962.3966674804688,0.023125777021050453,0.005407092627137899,0.04975640028715134,0.0,0.6340017318725586,0.0
14.753265380859375,31.059999465942383,1000.0,63.0,1.3248943090438843,0.00014492646732833236,40.0,1.0001730918884277,1.0001730918884277,1.0001730918884277,0.00012239444185979664,0.0,0.9126179814338684,1280000.0,-0.007049169857054949,-0.0018507735803723335,5.006790093631253e-09,0.02594883181154728,0.0019454602152109146,1.5558550357818604,0.33667245507240295,-0.007559418678283691,3.6885862350463867,8043.3505859375,23.438379287719727,102.86106872558594,126.29944610595703,158.35382080078125,0.9687780737876892,0.32696595788002014,0.1559203714132309,0.02130988985300064,0.2648251950740814,1.0,0.1482895314693451,0.021272698417305946,-936.5621337890625,0.02130988985300064,-0.0012076017446815968,0.03921021148562431,0.0,0.7141925692558289,0.0
13.639915466308594,24.65999984741211,1000.0,64.0,1.3202861547470093,0.0001986895949812606,40.0,1.0002613067626953,1.0002613067626953,1.0002613067626953,0.00018471560906618834,0.0,0.9085598587989807,1300000.0,-0.014748994261026382,-0.007699824403971434,4.386901952813105e-09,0.027655117213726044,0.0017062854021787643,1.5707836151123047,0.30065637826919556,-0.0360160768032074,3.952392101287842,8166.88916015625,22.4873046875,101.01713562011719,123.50444030761719,161.9375,0.941555917263031,0.25866422057151794,0.15254652500152588,0.022559918463230133,0.2747199535369873,1.0,0.14023038744926453,0.022204115986824036,-2.715667247772217,0.022559918463230133,0.0038774986751377583,0.04225662723183632,1.0620718002319336,0.0,3.0
14.405567169189453,28.719999313354492,1000.0,65.0,1.3113832473754883,0.00016657709784340113,40.0,0.99958735704422,0.99958735704422,0.99958735704422,0.00029174049268476665,0.0,0.9005114436149597,1320000.0,-0.00817521195858717,0.006573782302439213,3.8146971692576415e-10,0.02978622540831566,0.002131108194589615,1.6525068283081055,0.521391749382019,0.2207353711128235,3.573531150817871,8290.5595703125,21.737171173095703,101.90025329589844,123.63742065429688,161.76332092285156,1.0580979585647583,0.3012046217918396,0.14269518852233887,0.01786397211253643,0.25134602189064026,1.0,0.2160193920135498,0.017826968804001808,-209.10897827148438,0.01786397211253643,0.0015647761756554246,0.0661715716123581,0.0,0.5497677326202393,0.0
14.430683135986328,31.520000457763672,1000.0,66.0,1.3122860193252563,0.00015621061902493238,40.0,1.0001198053359985,1.0001198053359985,1.0001198053359985,8.468707528663799e-05,0.0,0.9013916850090027,1340000.0,-0.00646123057231307,0.0017139813862740993,-6.341934088993639e-09,0.030934475362300873,0.0011482499539852142,1.5963597297668457,0.3692592978477478,-0.15213245153427124,3.875546455383301,8412.470703125,20.71010398864746,101.16710662841797,121.87720489501953,164.09959411621094,0.985230028629303,0.3050447106361389,0.11909398436546326,0.020604141056537628,0.28693637251853943,1.0,0.18065793812274933,0.020585887134075165,-926.581787109375,0.020604141056537628,0.0009151119738817215,0.045877739787101746,0.0,0.660258412361145,0.0
14.991558074951172,29.860000610351562,1000.0,67.0,1.3144420385360718,0.00015505151532124728,40.0,0.9997644424438477,0.9997644424438477,0.9997644424438477,0.00016659243556205183,0.0,0.90333491563797,1360000.0,-0.002861805958673358,0.0035994246136397123,-1.3351439953623867e-09,0.028653407469391823,-0.00228106789290905,1.6511716842651367,0.2981080412864685,-0.0711512565612793,3.4183003902435303,8534.1650390625,19.951019287109375,101.71016693115234,121.66118621826172,164.39096069335938,1.0228211879730225,0.3109757900238037,0.11872979998588562,0.01911746710538864,0.3017359972000122,1.0,0.11719895899295807,0.018452351912856102,-911.0973510742188,0.01911746710538864,0.004152386914938688,0.025923769921064377,0.0,0.8783463835716248,0.0
14.665514945983887,34.63999938964844,1000.0,68.0,1.304277777671814,0.0001440829801140353,40.0,0.9992027878761292,0.9992027878761292,0.9992027878761292,0.000563700043130666,0.0,0.8936943411827087,1380000.0,-0.010583682917058468,-0.00772187695838511,-5.912780931538464e-09,0.026473451405763626,-0.0021799560636281967,1.6272085905075073,0.49554041028022766,0.19743236899375916,3.31760311126709,8654.1953125,20.07794952392578,99.91847229003906,119.99642181396484,166.671630859375,1.0398807525634766,0.32275351881980896,0.14199870824813843,0.018495356664061546,0.2761707901954651,1.0,0.16685152053833008,0.018198663368821144,-1422.3734130859375,0.018495356664061546,-0.004402713384479284,0.06533324718475342,0.0,0.5532836318016052,0.0
14.367886543273926,32.779998779296875,1000.0,69.0,1.3045984506607056,0.00015309671289287508,40.0,0.9996907711029053,0.9996907711029053,0.9996907711029053,0.00021865784947294742,0.0,0.8935986161231995,1400000.0,-0.008982247672975063,0.0016014352440834045,-1.440048258416482e-08,0.026824550703167915,0.00035109929740428925,1.4992947578430176,0.4193167984485626,-0.07622361183166504,3.549657106399536,8777.1416015625,21.568592071533203,101.34427642822266,122.91287231445312,162.71688842773438,1.0371732711791992,0.30488279461860657,0.13953977823257446,0.018592044711112976,0.2619832754135132,1.0,0.1864197999238968,0.01853049173951149,-1050.2947998046875,0.018592044711112976,-0.0018834138754755259,0.05762878432869911,0.0,0.589108407497406,0.0
14.047687530517578,36.15999984741211,1000.0,70.0,1.3006861209869385,0.00014119644765742123,40.0,1.0003103017807007,1.0003103017807007,1.0003103017807007,0.00021944459876976907,0.0,0.8901427388191223,1420000.0,-0.006068277172744274,0.002913970500230789,-8.440017573718706e-09,0.02843213826417923,0.0016075875610113144,1.460340976715088,0.36106857657432556,-0.05824822187423706,3.1192405223846436,8900.4267578125,20.061870574951172,103.19062805175781,123.25249481201172,162.26852416992188,1.0477113723754883,0.3236551284790039,0.14716964960098267,0.01821991801261902,0.26089155673980713,1.0,0.13677701354026794,0.01821567676961422,-3475.751953125,0.01821991801261902,0.00038984406273812056,0.0358324870467186,0.0,0.747096061706543,0.0
14.305215835571289,30.920000076293945,1000.0,71.0,1.2909623384475708,0.00015893684758339077,40.0,0.9998753070831299,0.9998753070831299,0.9998753070831299,8.81712039699778e-05,0.0,0.881622314453125,1440000.0,-0.0031393500976264477,0.0029289270751178265,1.8119812317252126e-09,0.026489844545722008,-0.001942293718457222,1.5608546733856201,0.29753610491752625,-0.06353247165679932,3.547799587249756,9021.265625,19.61725425720215,101.18810272216797,120.80535888671875,165.55557250976562,1.082638144493103,0.31119504570961,0.1240011677145958,0.01706330105662346,0.25609058141708374,1.0,0.14793963730335236,0.01603417471051216,-861.417724609375,0.01706330105662346,0.006470596417784691,0.04068360477685928,0.0,0.7011407613754272,0.0
13.197702407836914,26.940000534057617,1000.0,72.0,1.2915319204330444,0.00012535481073427945,40.0,0.999833881855011,0.999833881855011,0.999833881855011,0.00011747732060030103,0.0,0.8816668391227722,1460000.0,-0.006533218082040548,-0.0033938679844141006,9.53674295089968e-09,0.02783130295574665,0.001341458410024643,1.4344978332519531,0.3015038073062897,0.003967702388763428,3.3441319465637207,9142.876953125,19.722553253173828,101.8554916381836,121.57804107666016,164.50338745117188,1.0411378145217896,0.3399930000305176,0.13347813487052917,0.018450718373060226,0.2603595554828644,1.0,0.1333913505077362,0.018444567918777466,-91.97028350830078,0.018450718373060226,0.0005016174400225282,0.04091302677989006,0.0,0.6991721391677856,0.0
12.911229133605957,25.079999923706055,1000.0,73.0,1.2943921089172363,0.00015677680494263768,40.0,1.000370979309082,1.000370979309082,1.000370979309082,0.0002622657921165228,0.0,0.8842647671699524,1480000.0,-0.006490983534604311,4.2234547436237335e-05,5.149841442175784e-09,0.027013618499040604,-0.0008176844567060471,1.4540483951568604,0.2714008092880249,-0.03010299801826477,3.2091760635375977,9263.6328125,20.219757080078125,100.50426483154297,120.7240219116211,165.6671142578125,0.9453041553497314,0.3097935616970062,0.14414629340171814,0.022381369024515152,0.2924822270870209,1.0,0.14133720099925995,0.022376490756869316,-0.14422453939914703,0.022381369024515152,0.00043605570681393147,0.038970947265625,0.0,0.7163816690444946,0.0
12.137243270874023,22.959999084472656,1000.0,74.0,1.289242148399353,0.00017331185517832637,40.0,0.9993498921394348,0.9993498921394348,0.9993498921394348,0.000459653529105708,0.0,0.8798494935035706,1500000.0,-0.013327395543456078,-0.006836412008851767,1.287460360543946e-09,0.026797980070114136,-0.0002156384289264679,1.4174473285675049,0.254703164100647,-0.01669764518737793,3.399519443511963,9384.4013671875,20.173458099365234,100.55889129638672,120.73235321044922,165.6556854248047,1.0019505023956299,0.28891196846961975,0.1433734893798828,0.019922196865081787,0.2883495092391968,1.0,0.1548224240541458,0.01888858526945114,-123.1534652709961,0.019922196865081787,0.005909498780965805,0.03378652036190033,0.9980533123016357,0.0,3.0
12.756064414978027,20.100000381469727,1000.0,75.0,1.2792495489120483,0.0001713345554890111,40.0,1.001182198524475,1.001182198524475,1.001182198524475,0.0008359686471521854,0.0,0.8712446093559265,1520000.0,-0.013669788837432861,-0.00034239329397678375,9.536743617033494e-10,0.031225262209773064,0.004427282139658928,1.4920753240585327,0.2869628369808197,0.03225967288017273,3.205711603164673,9505.7265625,19.73203468322754,101.56060791015625,121.29264068603516,164.89047241210938,1.0754637718200684,0.28771156072616577,0.14182892441749573,0.01729171723127365,0.26752322912216187,1.0,0.12264303117990494,0.01728776842355728,-730.1527709960938,0.01729171723127365,-0.000360331148840487,0.03288261219859123,0.9298313856124878,0.0,3.0
14.042397499084473,18.280000686645508,1000.0,76.0,1.2685385942459106,0.0001707688206806779,40.0,0.999745786190033,0.999745786190033,0.999745786190033,0.00017977034440264106,0.0,0.8626641631126404,1540000.0,-0.013509351760149002,0.00016043707728385925,-9.679794743533421e-09,0.028988737612962723,-0.002236524596810341,1.5067578554153442,0.23458532989025116,-0.05237750709056854,3.0863819122314453,9626.923828125,20.92925262451172,100.23471069335938,121.1639633178711,165.06558227539062,1.02488374710083,0.28751683235168457,0.14525263011455536,0.01904059760272503,0.28053605556488037,1.0,0.09417916089296341,0.018679676577448845,-2014.2991943359375,0.01904059760272503,0.002844535745680332,0.0224186759442091,0.9757204055786133,0.0,3.0
14.844038009643555,27.780000686645508,1000.0,77.0,1.2675118446350098,0.00014911213656887412,40.0,1.0000056028366089,1.0000056028366089,1.0000056028366089,3.933906555175781e-06,0.0,0.8627335429191589,1560000.0,-0.005831240676343441,0.007678111083805561,-4.76837147544984e-09,0.03231889382004738,0.0033301562070846558,1.610812783241272,0.39920100569725037,0.1646156758069992,3.060925006866455,9749.091796875,19.768936157226562,102.36625671386719,122.13519287109375,163.75296020507812,0.9854663610458374,0.31898409128189087,0.1579539030790329,0.020594259724020958,0.28634151816368103,1.0,0.16691508889198303,0.020346639677882195,-158.26962280273438,0.020594259724020958,0.0034770527854561806,0.04882444068789482,0.0,0.6400240659713745,0.0
16.145050048828125,28.959999084472656,1000.0,78.0,1.2659717798233032,0.00014744442887604237,40.0,0.9988815188407898,0.9988815188407898,0.9988815188407898,0.0007909277337603271,0.0,0.8612731099128723,1580000.0,-0.0060530006885528564,-0.00022176001220941544,4.768371808516747e-10,0.030509144067764282,-0.0018097497522830963,1.541029691696167,0.3547932803630829,-0.04440772533416748,3.36531138420105,9870.85546875,20.34405517578125,101.38633728027344,121.73039245605469,164.29751586914062,0.9384317994117737,0.3159179091453552,0.1273125857114792,0.022710377350449562,0.31668925285339355,1.0,0.18825864791870117,0.02255120500922203,-327.2008361816406,0.022710377350449562,0.002761908108368516,0.04792356491088867,0.0,0.6460117101669312,0.0
16.425527572631836,38.52000045776367,1000.0,79.0,1.2616889476776123,0.00014025926066096872,40.0,0.999822199344635,0.999822199344635,0.999822199344635,0.00012571000843308866,0.0,0.8571796417236328,1600000.0,-0.00913978274911642,-0.0030867820605635643,1.9073485846288207e-10,0.032445620745420456,0.0019364766776561737,1.664360761642456,0.49942439794540405,0.14463111758232117,3.9047553539276123,9992.84375,21.583099365234375,100.37097930908203,121.9540786743164,163.99615478515625,0.9167733192443848,0.32671838998794556,0.18301402032375336,0.02379610575735569,0.28197184205055237,1.0,0.19227102398872375,0.023796068504452705,-2141.481201171875,0.02379610575735569,5.7069119065999985e-05,0.08535619080066681,0.0,0.48405805230140686,0.0
16.338850021362305,34.939998626708984,1000.0,80.0,1.2600953578948975,0.0001620677940081805,40.0,0.9994465708732605,0.9994465708732605,0.9994465708732605,0.00039134753751568496,0.0,0.8555027842521667,1620000.0,-0.008285872638225555,0.0008539101108908653,-3.862381081631838e-09,0.030092637985944748,-0.002352982759475708,1.6301612854003906,0.42301294207572937,-0.07641145586967468,3.7977652549743652,10116.2919921875,23.914024353027344,99.49890899658203,123.41293334960938,162.0575714111328,0.9637300372123718,0.29896771907806396,0.15300296247005463,0.021533716470003128,0.2812371551990509,1.0,0.23967523872852325,0.021373972296714783,-1105.9554443359375,0.021533716470003128,0.0037776941899210215,0.08933612704277039,0.0,0.4731527864933014,0.0
15.995950698852539,32.81999969482422,1000.0,81.0,1.2691367864608765,0.00013750612561125308,40.0,0.9992663264274597,0.9992663264274597,0.9992663264274597,0.0005188276991248131,0.0,0.8632874488830566,1640000.0,-0.00304509699344635,0.005240775644779205,2.0313262183435654e-08,0.026920821517705917,-0.0031718164682388306,1.620408296585083,0.36905309557914734,-0.05395984649658203,4.084089279174805,10241.6904296875,25.55963706970215,99.801513671875,125.36115264892578,159.5390625,0.9468199014663696,0.32187965512275696,0.18295948207378387,0.022309767082333565,0.273112028837204,1.0,0.15107323229312897,0.02072502113878727,-1490.7587890625,0.022309767082333565,0.008062688633799553,0.04102042317390442,0.0,0.6982563138008118,0.0
15.332140922546387,26.079999923706055,1000.0,82.0,1.2729848623275757,0.00015182234346866608,40.0,0.9991438984870911,0.9991438984870911,0.9991438984870911,0.0006053692195564508,0.0,0.8662657737731934,1660000.0,-0.003573077032342553,-0.000527980038896203,1.5640258865801115e-08,0.027384990826249123,0.00046416930854320526,1.6394174098968506,0.3311614692211151,-0.03789162635803223,4.3226470947265625,10366.609375,24.53444480895996,100.34925079345703,124.88369750976562,160.14901733398438,0.9540730118751526,0.31445980072021484,0.16989381611347198,0.021971847862005234,0.2733697295188904,1.0,0.145579531788826,0.021260464563965797,-30.601505279541016,0.021971847862005234,0.005205495748668909,0.03809085860848427,0.0,0.7246103882789612,0.0
14.379986763000488,21.15999984741211,1000.0,83.0,1.2687417268753052,0.00016463035717606544,40.0,1.0014842748641968,1.0014842748641968,1.0014842748641968,0.0010495127644389868,0.0,0.8626623153686523,1680000.0,-0.01478670910000801,-0.011213632067665458,-1.761913281939087e-08,0.02902085706591606,0.0016358662396669388,1.6124414205551147,0.2864098846912384,-0.04475158452987671,3.5939371585845947,10487.97265625,21.613542556762695,99.71504211425781,121.3285903930664,164.84161376953125,0.9726818203926086,0.2905689477920532,0.129536971449852,0.021139182150363922,0.29872968792915344,1.0,0.23822225630283356,0.0211033895611763,-138.7323760986328,0.021139182150363922,0.001950322650372982,0.10627277940511703,1.028085470199585,0.0,3.0
14.045239448547363,20.239999771118164,1000.0,84.0,1.260205626487732,0.0001795654243323952,40.0,1.0004043579101562,1.0004043579101562,1.0004043579101562,0.00028592420858331025,0.0,0.8559262156486511,1700000.0,-0.013658827170729637,0.0011278819292783737,1.0108947456899386e-08,0.028852567076683044,-0.00016828998923301697,1.5959081649780273,0.3064829409122467,0.0200730562210083,4.010572910308838,10609.4306640625,20.39057731628418,101.03401184082031,121.42459106445312,164.71128845214844,1.0109319686889648,0.2762177884578705,0.1586514413356781,0.019569776952266693,0.2732308506965637,1.0,0.12667004764080048,0.019011570140719414,-674.099853515625,0.019569776952266693,0.0043314797803759575,0.03361063078045845,0.9891862273216248,0.0,3.0
14.743539810180664,25.8799991607666,1000.0,85.0,1.2560065984725952,0.00015162985073402524,40.0,0.9993299841880798,0.9993299841880798,0.9993299841880798,0.00047378678573295474,0.0,0.8526141047477722,1720000.0,-0.0120383370667696,0.0016204901039600372,7.2479249269008506e-09,0.028083989396691322,-0.0007685776799917221,1.7106205224990845,0.3655635714530945,0.05908063054084778,3.5847866535186768,10732.341796875,19.983888626098633,102.8941421508789,122.8780288696289,162.76303100585938,1.0198787450790405,0.3062214255332947,0.139621302485466,0.01922793686389923,0.28539663553237915,1.0,0.20336349308490753,0.018687833100557327,-9.691987037658691,0.01922793686389923,-0.006562459282577038,0.07973635196685791,0.0,0.5008259415626526,0.0
15.661612510681152,26.280000686645508,1000.0,86.0,1.2602430582046509,0.00012146307562943548,40.0,1.0005388259887695,1.0005388259887695,1.0005388259887695,0.00038100749952718616,0.0,0.8558673858642578,1740000.0,-0.00699411379173398,0.00504422327503562,1.9073485846288207e-10,0.028778793290257454,0.0006948038935661316,1.7686794996261597,0.308419793844223,-0.05714377760887146,3.825251579284668,10855.033203125,20.18338394165039,102.47290802001953,122.65629577636719,163.05726623535156,0.9714895486831665,0.33834463357925415,0.15599994361400604,0.021191101521253586,0.2775760591030121,1.0,0.13678674399852753,0.021183781325817108,-42.82455825805664,0.021191101521253586,-0.0005290680564939976,0.038240592926740646,0.0,0.7231903672218323,0.0
16.003597259521484,34.959999084472656,1000.0,87.0,1.2646437883377075,0.0001584534184075892,40.0,1.0002485513687134,1.0002485513687134,1.0002485513687134,0.00017572427168488503,0.0,0.8594552874565125,1760000.0,-0.006963468622416258,3.064516931772232e-05,-8.678436635989328e-09,0.024394778534770012,-0.004384014755487442,1.6447839736938477,0.4467739462852478,0.13835415244102478,3.6099324226379395,10976.505859375,19.921833038330078,101.51551818847656,121.4373550415039,164.6939697265625,1.0719106197357178,0.3004613518714905,0.12943798303604126,0.01740654557943344,0.27156880497932434,1.0,0.22902515530586243,0.01733141578733921,-1406.321044921875,0.01740654557943344,0.002302065957337618,0.07053877413272858,0.0,0.5324772000312805,0.0
16.093978881835938,40.119998931884766,1000.0,88.0,1.2657259702682495,0.0001488576817791909,40.0,0.9998900890350342,0.9998900890350342,0.9998900890350342,7.771878881612793e-05,0.0,0.8599669933319092,1780000.0,-0.007808971684426069,-0.0008455030620098114,-1.5258788677030566e-09,0.025530731305480003,0.0011359527707099915,1.641538143157959,0.4521560072898865,0.005382061004638672,3.9015913009643555,11097.599609375,19.927209854125977,101.13277435302734,121.05998229980469,165.2073516845703,0.9890401363372803,0.31796547770500183,0.1888715773820877,0.020445697009563446,0.25747910141944885,1.0,0.19644056260585785,0.020350661128759384,-3213.634033203125,0.020445697009563446,0.0026001310907304287,0.07113844156265259,0.0,0.5302281379699707,0.0
14.475440979003906,37.70000076293945,1000.0,89.0,1.2628493309020996,0.00013219508400652558,40.0,1.0007072687149048,1.0007072687149048,1.0007072687149048,0.0005001425743103027,0.0,0.8579012751579285,1800000.0,-0.0066141230054199696,0.0011948486790060997,7.820129432900558e-09,0.023723643273115158,-0.0018070880323648453,1.5577681064605713,0.33058544993400574,-0.12157055735588074,2.886343240737915,11219.62109375,19.945528030395508,102.04283905029297,121.98836517333984,163.95005798339844,1.0665619373321533,0.3264065384864807,0.13837715983390808,0.017581569030880928,0.26734262704849243,1.0,0.13234815001487732,0.017578333616256714,-3764.21435546875,0.017581569030880928,0.000372354406863451,0.04284801706671715,0.0,0.6832026839256287,0.0
14.453682899475098,34.31999969482422,1000.0,90.0,1.2645442485809326,0.00011944680591113865,40.0,0.999171793460846,0.999171793460846,0.999171793460846,0.0005856163916178048,0.0,0.8590879440307617,1820000.0,-0.006513326428830624,0.00010079657658934593,1.0681151962899094e-08,0.02877577766776085,0.005052134394645691,1.5659210681915283,0.3417249321937561,0.011139482259750366,2.992037057876587,11340.8994140625,20.0103759765625,101.23399353027344,121.24436950683594,164.95611572265625,0.9179040789604187,0.34023457765579224,0.14781203866004944,0.023737512528896332,0.2984752655029297,1.0,0.12668178975582123,0.02373245544731617,-2224.721923828125,0.023737512528896332,-0.00044435937888920307,0.03904379904270172,0.0,0.7157130241394043,0.0
14.594704627990723,24.979999542236328,1000.0,91.0,1.2544423341751099,0.00019456200243439525,40.0,1.0003730058670044,1.0003730058670044,1.0003730058670044,0.0002637830621097237,0.0,0.8506937026977539,1840000.0,-0.014320248737931252,-0.007806922309100628,9.012222079718413e-09,0.025155084207654,-0.0036206934601068497,1.7633695602416992,0.3180809020996094,-0.02364403009414673,3.519449234008789,11460.8056640625,19.92144775390625,99.94939422607422,119.87084197998047,166.84625244140625,1.038293480873108,0.2689743936061859,0.149012491106987,0.01855194941163063,0.2590542435646057,1.0,0.12684370577335358,0.018551871180534363,0.008683409541845322,0.01855194941163063,-5.2763556595891714e-05,0.035347942262887955,0.9631186127662659,0.0,2.0
15.119050025939941,25.3799991607666,1000.0,92.0,1.2581971883773804,0.00013453059364110231,40.0,0.9999658465385437,0.9999658465385437,0.9999658465385437,2.416420102235861e-05,0.0,0.8545636534690857,1860000.0,-0.006215800065547228,0.008104448672384024,1.9073485846288207e-10,0.025440974161028862,0.00028588995337486267,1.644511103630066,0.35104840993881226,0.03296750783920288,3.665173053741455,11581.048828125,20.081920623779297,100.12786865234375,120.21077728271484,166.3744354248047,1.010532021522522,0.3252512216567993,0.1551535278558731,0.019585270434617996,0.27456676959991455,1.0,0.13130953907966614,0.019580142572522163,-3.88725209236145,0.019585270434617996,-0.0004353010153863579,0.03695674240589142,0.0,0.7356446385383606,0.0
15.812643051147461,24.8799991607666,1000.0,93.0,1.2541683912277222,0.00018712958262767643,40.0,0.9995673298835754,0.9995673298835754,0.9995673298835754,0.00030590183450840414,0.0,0.8520582318305969,1880000.0,-0.015731288120150566,-0.009515488054603338,-2.0980834847250662e-09,0.025535831227898598,9.485706686973572e-05,1.691312551498413,0.26377567648887634,-0.08727273344993591,3.5559496879577637,11700.9921875,20.564714431762695,99.34424591064453,119.9089584350586,166.793212890625,0.9514467120170593,0.27703413367271423,0.1477295160293579,0.022093314677476883,0.29117152094841003,1.0,0.1126445084810257,0.022087259218096733,-0.48862484097480774,0.022093314677476883,-0.0004140757955610752,0.028312020003795624,1.0510309934616089,0.0,3.0
15.863471984863281,22.479999542236328,1000.0,94.0,1.2405706644058228,0.0001705583999864757,40.0,1.0002037286758423,1.0002037286758423,1.0002037286758423,0.00014414226461667567,0.0,0.841632604598999,1900000.0,-0.013079216703772545,0.0026520714163780212,-1.7166137400437265e-09,0.026591269299387932,0.001055438071489334,1.8101356029510498,0.34100255370140076,0.07722687721252441,3.495901107788086,11824.359375,21.298423767089844,102.03364562988281,123.33206939697266,162.163818359375,1.1024528741836548,0.28886541724205017,0.11684555560350418,0.01645544543862343,0.26202064752578735,1.0,0.13056354224681854,0.016451433300971985,-173.6265411376953,0.01645544543862343,0.0003830219793599099,0.03657084330916405,0.9070682525634766,0.0,3.0
17.544492721557617,27.139999389648438,1000.0,95.0,1.2458823919296265,0.00016653828788548708,40.0,0.999984085559845,0.999984085559845,0.999984085559845,1.1267275112913921e-05,0.0,0.8447149395942688,1920000.0,-0.006650333292782307,0.006428883410990238,-9.536742923144104e-11,0.025915078818798065,-0.0006761904805898666,1.8525620698928833,0.44120103120803833,0.10019847750663757,3.5232062339782715,11945.80859375,21.05164337158203,100.36429595947266,121.41593933105469,164.7230224609375,1.0616036653518677,0.28700578212738037,0.16001102328300476,0.017746184021234512,0.26471179723739624,1.0,0.22928139567375183,0.01754429005086422,-72.56059265136719,0.017746184021234512,0.003569156164303422,0.06309671700000763,0.0,0.5630041360855103,0.0
17.984458923339844,33.0,1000.0,96.0,1.2523021697998047,0.00016016498557291925,40.0,0.9990410208702087,0.9990410208702087,0.9990410208702087,0.000678114709444344,0.0,0.8500795364379883,1940000.0,-0.007855759933590889,-0.0012054266408085823,-2.717971847587819e-09,0.02471834607422352,-0.0011967327445745468,1.7196632623672485,0.3925756812095642,-0.04862534999847412,3.1660120487213135,12068.5986328125,20.504844665527344,102.2511215209961,122.75596618652344,162.9248809814453,1.100852131843567,0.3020170331001282,0.1260429322719574,0.016503337770700455,0.26794159412384033,1.0,0.20533674955368042,0.016478221863508224,-1145.2061767578125,0.016503337770700455,0.0011847070418298244,0.05588414520025253,0.0,0.5982334017753601,0.0
18.3004093170166,36.97999954223633,1000.0,97.0,1.2526973485946655,0.000155033718328923,40.0,1.0010980367660522,1.0010980367660522,1.0010980367660522,0.0007764573674649,0.0,0.8505017161369324,1960000.0,-0.008459663949906826,-0.000603904016315937,-2.6226043559063328e-09,0.025559978559613228,0.0008416324853897095,1.9035580158233643,0.45392653346061707,0.061350852251052856,4.024694919586182,12190.8818359375,20.41771697998047,101.8306655883789,122.24838256835938,163.60134887695312,0.9858322143554688,0.3113916516304016,0.1369602084159851,0.020578976720571518,0.2938210964202881,1.0,0.21853356063365936,0.02055668644607067,-2224.1240234375,0.020578976720571518,0.0011993153020739555,0.06452836096286774,0.0,0.5567236542701721,0.0
16.77893829345703,37.119998931884766,1000.0,98.0,1.2447423934936523,0.00014423413085751235,40.0,0.9993448853492737,0.9993448853492737,0.9993448853492737,0.0004632219497580081,0.0,0.8431956171989441,1980000.0,-0.00727494340389967,0.0011847205460071564,-6.1988831845383174e-09,0.024417955428361893,-0.0011420231312513351,1.6509284973144531,0.47856006026268005,0.02463352680206299,3.711700439453125,12313.8916015625,20.17176055908203,102.80438232421875,122.97614288330078,162.63316345214844,0.8810243010520935,0.3219539225101471,0.16327816247940063,0.025766419246792793,0.2966064512729645,1.0,0.2044767141342163,0.025212345644831657,-2060.69580078125,0.025766419246792793,0.006284595467150211,0.07128317654132843,0.0,0.529689610004425,0.0
15.681733131408691,35.939998626708984,1000.0,99.0,1.2376142740249634,0.0001410568947903812,40.0,0.9998931288719177,0.9998931288719177,0.9998931288719177,7.5583353464026e-05,0.0,0.8370645046234131,2000000.0,-0.0065543996170163155,0.0007205437868833542,1.0967254659988157e-08,0.024677855893969536,0.00025990046560764313,1.730849266052246,0.41940170526504517,-0.05915835499763489,3.639319896697998,12438.6298828125,20.21295738220215,104.49113464355469,124.70409393310547,160.37966918945312,0.980421245098114,0.3245536684989929,0.15830983221530914,0.020806755870580673,0.2665252685546875,1.0,0.16127340495586395,0.020788459107279778,-2278.324951171875,0.020806755870580673,0.0009803777793422341,0.052530914545059204,0.0,0.6170316934585571,0.0
15.569367408752441,29.700000762939453,1000.0,100.0,1.2367976903915405,0.00013492940342985094,40.0,1.0002659559249878,1.0002659559249878,1.0002659559249878,0.0001880311465356499,0.0,0.8362950682640076,2020000.0,-0.006545552052557468,8.847564458847046e-06,4.529952857268427e-09,0.027170872315764427,0.0024930164217948914,1.7589802742004395,0.35798728466033936,-0.06141442060470581,3.575993299484253,12560.1201171875,20.13681411743164,101.31834411621094,121.45515441894531,164.66983032226562,1.0656379461288452,0.3288314640522003,0.11977296322584152,0.017612067982554436,0.2665848433971405,1.0,0.11891280114650726,0.017607221379876137,-698.3685302734375,0.017612067982554436,-0.0003915276029147208,0.031629957258701324,0.0,0.7951803207397461,0.0
16.641149520874023,26.780000686645508,1000.0,101.0,1.2371822595596313,0.00014184605970513076,40.0,0.9995336532592773,0.9995336532592773,0.9995336532592773,0.0003297569346614182,0.0,0.8362772464752197,2040000.0,-0.005535926204174757,0.0010096258483827114,7.915496702537439e-09,0.02657640352845192,-0.0005944687873125076,1.7702480554580688,0.3748793303966522,0.016892045736312866,3.447709321975708,12683.27734375,19.962631225585938,103.16065979003906,123.123291015625,162.43881225585938,0.9698875546455383,0.3242197036743164,0.1555374711751938,0.02126116305589676,0.2766488194465637,1.0,0.15606427192687988,0.021070314571261406,-74.79228973388672,0.02126116305589676,0.002843010239303112,0.04235135391354561,0.0,0.6871970295906067,0.0
16.774534225463867,25.459999084472656,1000.0,102.0,1.2423075437545776,0.00015035939577501267,40.0,1.0003408193588257,1.0003408193588257,1.0003408193588257,0.00024102377938106656,0.0,0.8401668071746826,2060000.0,-0.0032794056460261345,0.0022565205581486225,6.9141385949933465e-09,0.025722438469529152,-0.0008539650589227676,1.7727313041687012,0.3416669964790344,-0.0332123339176178,3.6781859397888184,12805.951171875,19.851497650146484,102.7883071899414,122.63980865478516,163.0791778564453,0.8806332945823669,0.3129705786705017,0.17807628214359283,0.025789301842451096,0.30151939392089844,1.0,0.21874330937862396,0.02389603480696678,-3.9103105068206787,0.025789301842451096,0.010096004232764244,0.05383776128292084,0.0,0.6094968318939209,0.0
15.475122451782227,27.780000686645508,1000.0,103.0,1.2486872673034668,0.0001349022495560348,40.0,0.999652087688446,0.999652087688446,0.999652087688446,0.0002460532996337861,0.0,0.8454389572143555,2080000.0,-0.006949782837182283,-0.003670377191156149,3.123283409678379e-09,0.02490680105984211,-0.0008156374096870422,1.53789222240448,0.3297972083091736,-0.01186978816986084,2.949954032897949,12928.228515625,19.749374389648438,102.49375915527344,122.24313354492188,163.60836791992188,0.9590146541595459,0.3253270089626312,0.1531706154346466,0.021745996549725533,0.2869713306427002,1.0,0.16061386466026306,0.02174559235572815,-161.12017822265625,0.021745996549725533,0.00013931456487625837,0.04796074330806732,0.0,0.645761251449585,0.0
15.073151588439941,28.420000076293945,1000.0,104.0,1.2562369108200073,0.0001466197136323899,40.0,0.9998569488525391,0.9998569488525391,0.9998569488525391,0.00010118054342456162,0.0,0.8514311909675598,2100000.0,-0.00631216075271368,0.0006376220844686031,2.956390465769232e-09,0.025734661146998405,0.0008278600871562958,1.6637449264526367,0.30528032779693604,-0.02451688051223755,3.2037858963012695,13051.78125,19.86009979248047,103.65948486328125,123.51958465576172,161.9176483154297,1.039955735206604,0.3144875466823578,0.13042883574962616,0.018492689356207848,0.2765243351459503,1.0,0.18742434680461884,0.018353905528783798,-219.77700805664062,0.018492689356207848,0.002717597410082817,0.05321454629302025,0.0,0.6130554676055908,0.0
13.377280235290527,23.920000076293945,1000.0,105.0,1.2616829872131348,0.00017012597527354956,40.0,0.9995796084403992,0.9995796084403992,0.9995796084403992,0.00029730386449955404,0.0,0.855908215045929,2120000.0,-0.014871970750391483,-0.008559809997677803,-2.1958351581474744e-08,0.025914747267961502,0.00018008612096309662,1.3068945407867432,0.2539169490337372,-0.05136337876319885,2.8098154067993164,13176.44921875,19.978269577026367,104.65582275390625,124.63408660888672,160.46974182128906,0.9417994022369385,0.2825327217578888,0.15326723456382751,0.022548258304595947,0.29999229311943054,1.0,0.19104346632957458,0.022328393533825874,-18.634296417236328,0.022548258304595947,0.0037077623419463634,0.062527135014534,1.0617972612380981,0.0,3.0
14.066250801086426,21.360000610351562,1000.0,106.0,1.260939598083496,0.00017659315199125558,40.0,1.0003410577774048,1.0003410577774048,1.0003410577774048,0.0002412485919194296,0.0,0.8556848168373108,2140000.0,-0.015156257897615433,-0.00028428714722394943,-6.198883073516015e-10,0.028891513124108315,0.0029767658561468124,1.5947580337524414,0.27583515644073486,0.02191820740699768,3.322934865951538,13297.998046875,20.095516204833984,101.41974639892578,121.51526641845703,164.58837890625,0.9699837565422058,0.2825264036655426,0.14372171461582184,0.0212569460272789,0.2912692427635193,1.0,0.1330919712781906,0.02122628688812256,-316.567138671875,0.0212569460272789,0.0011327371466904879,0.04185132682323456,1.030945062637329,0.0,3.0
14.105567932128906,21.399999618530273,1000.0,107.0,1.2551904916763306,0.00015511788660660386,40.0,1.0007410049438477,1.0007410049438477,1.0007410049438477,0.000523969647474587,0.0,0.8512586951255798,2160000.0,-0.013651613146066666,0.001504644751548767,-4.768371808516747e-10,0.028585508465766907,-0.0003060046583414078,1.5527279376983643,0.2858847677707672,0.010049611330032349,3.3326995372772217,13418.509765625,20.145915985107422,100.33379364013672,120.4797134399414,166.0030517578125,0.9858037233352661,0.3031301200389862,0.12183959037065506,0.020580166950821877,0.3074954152107239,1.0,0.15467223525047302,0.020059069618582726,-333.2759704589844,0.020580166950821877,0.004501390270888805,0.03888435661792755,1.0144007205963135,0.0,3.0
16.356595993041992,24.440000534057617,1000.0,108.0,1.2419403791427612,0.0001578709197929129,40.0,0.9999821782112122,0.9999821782112122,0.9999821782112122,1.2559902643261012e-05,0.0,0.8405779004096985,2180000.0,-0.014069721102714539,-0.0004181079566478729,-4.577636936176077e-09,0.027904123067855835,-0.0006813853979110718,1.7264679670333862,0.3343502879142761,0.04846552014350891,3.1743552684783936,13540.3154296875,20.05889892578125,101.71197509765625,121.7708740234375,164.24288940429688,1.0377897024154663,0.3080149292945862,0.11836956441402435,0.018569964915513992,0.296798974275589,1.0,0.1403767615556717,0.018566038459539413,-7.359889030456543,0.018569964915513992,0.0004084998508915305,0.04249377176165581,0.9635863304138184,0.0,3.0
17.778831481933594,22.459999084472656,1000.0,109.0,1.2210546731948853,0.0001629305479582399,40.0,0.9994643330574036,0.9994643330574036,0.9994643330574036,0.00037878777948208153,0.0,0.8238433003425598,2200000.0,-0.013292902149260044,0.0007768189534544945,1.3446808111439168e-08,0.024410104379057884,-0.0034940186887979507,1.859785556793213,0.3057357370853424,-0.028614550828933716,3.230703592300415,13662.0634765625,19.921825408935547,101.79354858398438,121.71537017822266,164.31777954101562,1.0458862781524658,0.30104926228523254,0.11941653490066528,0.01828356273472309,0.2878412902355194,1.0,0.15886302292346954,0.018263287842273712,-157.40167236328125,0.01828356273472309,0.0009115594439208508,0.040982939302921295,0.956126868724823,0.0,3.0
19.344871520996094,23.040000915527344,1000.0,110.0,1.2154576778411865,0.00016898071044124663,40.0,1.0015016794204712,1.0015016794204712,1.0015016794204712,0.001061932067386806,0.0,0.8202561736106873,2220000.0,-0.01399431936442852,-0.0007014172151684761,-8.82148754044465e-09,0.026327991858124733,0.0019178874790668488,1.7682126760482788,0.3250027298927307,0.019266992807388306,2.996574640274048,13783.7373046875,19.771074295043945,101.87015533447266,121.64122772216797,164.41793823242188,1.0884028673171997,0.289468377828598,0.13402144610881805,0.01688302867114544,0.2659569978713989,1.0,0.15412947535514832,0.016881778836250305,-77.89209747314453,0.01688302867114544,-0.0002482945565134287,0.04930679500102997,0.9187774658203125,0.0,3.0
20.163782119750977,32.880001068115234,1000.0,111.0,1.2235374450683594,0.00013245822628960013,40.0,1.0003600120544434,1.0003600120544434,1.0003600120544434,0.000254566955845803,0.0,0.8273134231567383,2240000.0,-0.007763064466416836,0.006231254898011684,-9.465217942761228e-09,0.02516612783074379,-0.0011618640273809433,1.9790898561477661,0.48953136801719666,0.16452863812446594,3.312494993209839,13904.5068359375,19.631389617919922,101.10530090332031,120.73668670654297,165.6497344970703,0.9868823289871216,0.32424479722976685,0.13655823469161987,0.02053520455956459,0.29126477241516113,1.0,0.16866903007030487,0.020529519766569138,-1040.05859375,0.02053520455956459,0.0005825369153171778,0.059701643884181976,0.0,0.578791081905365,0.0
21.2406063079834,35.040000915527344,1000.0,112.0,1.2363276481628418,0.00012231725850142539,40.0,1.0000377893447876,1.0000377893447876,1.0000377893447876,2.6693032850744203e-05,0.0,0.8381364941596985,2260000.0,-0.0069005596451461315,0.0008625048212707043,-1.4305114426349519e-08,0.02496795915067196,-0.00019816868007183075,2.0230329036712646,0.3936333954334259,-0.09589797258377075,3.7639172077178955,14027.9228515625,19.75308609008789,103.62979125976562,123.38287353515625,162.0970458984375,0.991102933883667,0.3412525951862335,0.11039594560861588,0.020360678434371948,0.32007211446762085,1.0,0.16074146330356598,0.02035392075777054,-2551.21630859375,0.020360678434371948,-0.0005167536437511444,0.039510879665613174,0.0,0.7114699482917786,0.0
21.735509872436523,40.619998931884766,1000.0,113.0,1.2361798286437988,0.00015416782116517425,40.0,1.0006295442581177,1.0006295442581177,1.0006295442581177,0.00044518310460262,0.0,0.8384883999824524,2280000.0,-0.008983751758933067,-0.002083192113786936,1.363754265071293e-08,0.024602405726909637,-0.00036555342376232147,2.027979612350464,0.4151912331581116,0.02155783772468567,3.7696022987365723,14150.1728515625,20.21075439453125,102.00592041015625,122.2166748046875,163.64378356933594,1.0782376527786255,0.308942049741745,0.12047497928142548,0.017202865332365036,0.2682203948497772,1.0,0.25034835934638977,0.01718538999557495,-3617.1396484375,0.017202865332365036,-0.0010857254965230823,0.06745190918445587,0.0,0.5445250272750854,0.0
21.754301071166992,31.5,1000.0,114.0,1.2424870729446411,0.00013125521945767105,40.0,1.0004758834838867,1.0004758834838867,1.0004758834838867,0.00033644423820078373,0.0,0.8437228798866272,2300000.0,-0.007136703003197908,0.001847048755735159,-2.6702879907247734e-09,0.022570881992578506,-0.002031523734331131,2.1052727699279785,0.39854007959365845,-0.016651153564453125,3.792008638381958,14272.3349609375,20.577438354492188,101.55199432373047,122.12943267822266,163.76068115234375,1.0260531902313232,0.33094534277915955,0.13008476793766022,0.01899721845984459,0.29260459542274475,1.0,0.16663435101509094,0.018967607989907265,-831.7026977539062,0.01899721845984459,0.00122644507791847,0.050798166543245316,0.0,0.6274670362472534,0.0
21.617385864257812,35.619998931884766,1000.0,115.0,1.25446617603302,0.0001332008687313646,40.0,1.0001477003097534,1.0001477003097534,1.0001477003097534,0.0001044118034769781,0.0,0.8534910678863525,2320000.0,-0.0052576251327991486,0.0018790778703987598,-4.577636936176077e-09,0.0212762039154768,-0.0012946780771017075,2.129322052001953,0.4381394386291504,0.03959935903549194,3.432481527328491,14396.3359375,21.373218536376953,102.59408569335938,123.96730041503906,161.33287048339844,1.0619821548461914,0.32750403881073,0.13598303496837616,0.017733534798026085,0.2690984606742859,1.0,0.1704832911491394,0.01727512665092945,-2435.377685546875,0.017733534798026085,0.004607506096363068,0.04631044715642929,0.0,0.6571665406227112,0.0
22.03354263305664,31.18000030517578,1000.0,116.0,1.2518937587738037,0.00015821291890460998,40.0,0.9991374015808105,0.9991374015808105,0.9991374015808105,0.0006099772872403264,0.0,0.8507007956504822,2340000.0,-0.007183117792010307,-0.0019254926592111588,-1.440048258416482e-08,0.02516680769622326,0.00389060378074646,2.1606080532073975,0.34478655457496643,-0.09335288405418396,3.885420799255371,14519.30078125,21.834321975708008,101.09703063964844,122.93135070800781,162.6924285888672,1.0638952255249023,0.30720633268356323,0.13401231169700623,0.017669815570116043,0.2759625315666199,1.0,0.17613980174064636,0.01763923652470112,-893.8519897460938,0.017669815570116043,-0.0011430513113737106,0.04272691532969475,0.0,0.6841702461242676,0.0
21.7488956451416,31.260000228881836,1000.0,117.0,1.248186707496643,0.00013508248957805336,40.0,1.000596523284912,1.000596523284912,1.000596523284912,0.00042180565651506186,0.0,0.8470017313957214,2360000.0,-0.007832605391740799,-0.0006494875997304916,5.865096852630813e-09,0.021901987493038177,-0.0032648202031850815,2.0963399410247803,0.4252535104751587,0.08046695590019226,3.6793413162231445,14643.0234375,22.027063369750977,101.66096496582031,123.68802642822266,161.6971435546875,1.0955559015274048,0.33380818367004395,0.11686575412750244,0.016663286834955215,0.2697700560092926,1.0,0.1430015116930008,0.01666283793747425,-838.2540893554688,0.016663286834955215,-0.0001449606497772038,0.046747948974370956,0.0,0.6540842056274414,0.0
20.55849838256836,29.579999923706055,1000.0,118.0,1.242586612701416,0.0001564943086123094,40.0,0.9994072914123535,0.9994072914123535,0.9994072914123535,0.00041910825530067086,0.0,0.8425441384315491,2380000.0,-0.008125410415232182,-0.0002928050234913826,1.1634826435624745e-08,0.023073097690939903,0.0011711101979017258,2.049511671066284,0.42714717984199524,0.0018936693668365479,3.6402714252471924,14765.66015625,22.261932373046875,100.33868408203125,122.60061645507812,163.13131713867188,0.8644576668739319,0.30842193961143494,0.19301946461200714,0.026763465255498886,0.3015211820602417,1.0,0.17420490086078644,0.02674359641969204,-329.0545349121094,0.026763465255498886,0.0011254013516008854,0.06374360620975494,0.0,0.560140073299408,0.0
20.26099967956543,31.780000686645508,1000.0,119.0,1.2376610040664673,0.00013754669635090977,40.0,0.9996162056922913,0.9996162056922913,0.9996162056922913,0.00027136949938721955,0.0,0.8382912278175354,2400000.0,-0.0075962054543197155,0.000529204960912466,-2.956390465769232e-09,0.024496227502822876,0.0014231298118829727,2.1398613452911377,0.41975876688957214,-0.007388412952423096,3.890030860900879,14891.4443359375,22.693363189697266,103.05659484863281,125.74996185302734,159.0457763671875,0.9504926204681396,0.3256817162036896,0.15313343703746796,0.02213769033551216,0.29765060544013977,1.0,0.16994932293891907,0.022131673991680145,-840.9746704101562,0.02213769033551216,0.0005734778824262321,0.054659560322761536,0.0,0.6048976182937622,0.0
20.343294143676758,36.220001220703125,1000.0,120.0,1.237137794494629,0.0001262875593965873,40.0,1.0004936456680298,1.0004936456680298,1.0004936456680298,0.00034914450952783227,0.0,0.8381627202033997,2420000.0,-0.006987609434872866,0.0006085960194468498,4.696846023222179e-09,0.025243669748306274,0.0007474422454833984,2.110055446624756,0.4392443597316742,0.01948559284210205,3.5046019554138184,15017.5830078125,23.37805938720703,102.72705841064453,126.10511779785156,158.59783935546875,0.9880406856536865,0.3390319049358368,0.12038610875606537,0.02048708312213421,0.3023816645145416,1.0,0.15572428703308105,0.02035742625594139,-2046.0902099609375,0.02048708312213421,0.002824389608576894,0.06152571737766266,0.0,0.5701466798782349,0.0
20.269420623779297,30.700000762939453,1000.0,121.0,1.2351921796798706,0.000138273520860821,40.0,0.9992883801460266,0.9992883801460266,0.9992883801460266,0.0005031771725043654,0.0,0.8366085886955261,2440000.0,-0.005840199999511242,0.0011474094353616238,-9.107589349355294e-09,0.025421947240829468,0.00017827749252319336,2.016409397125244,0.34718677401542664,-0.09205758571624756,3.088899850845337,15141.10546875,23.08097267150879,100.40718841552734,123.4881591796875,161.95884704589844,0.9517014622688293,0.32437407970428467,0.1486576348543167,0.022081486880779266,0.28579267859458923,1.0,0.17814461886882782,0.021553676575422287,-520.333740234375,0.022081486880779266,0.005740697495639324,0.062438298016786575,0.0,0.5659648180007935,0.0
18.836349487304688,32.060001373291016,1000.0,122.0,1.2381953001022339,0.0001104218972614035,40.0,1.0008544921875,1.0008544921875,1.0008544921875,0.0006042734021320939,0.0,0.8381085395812988,2460000.0,-0.007581502664834261,-0.001741302665323019,1.5592574342804255e-08,0.027136264368891716,0.0017143171280622482,1.8967058658599854,0.32730236649513245,-0.01988440752029419,2.84598445892334,15263.3701171875,21.843231201171875,100.38783264160156,122.23106384277344,163.62452697753906,1.0095038414001465,0.34940189123153687,0.1341181844472885,0.019625190645456314,0.28674179315567017,1.0,0.1278133988380432,0.019541120156645775,-1233.048828125,0.019625190645456314,-0.0018434480298310518,0.04042240232229233,0.0,0.7034024596214294,0.0
18.32883644104004,35.63999938964844,1000.0,123.0,1.2412998676300049,0.0001308776845689863,40.0,1.000072956085205,1.000072956085205,1.000072956085205,5.158774365554564e-05,0.0,0.8401133418083191,2480000.0,-0.0070554339326918125,0.0005260687321424484,-2.7656554824062596e-09,0.025694748386740685,-0.0014415159821510315,2.0463342666625977,0.42341551184654236,0.09611314535140991,3.5416476726531982,15386.1142578125,20.633819580078125,102.07715606689453,122.71097564697266,162.98460388183594,0.91158527135849,0.32959702610969543,0.15867945551872253,0.02406773343682289,0.3110601603984833,1.0,0.16309094429016113,0.024033118039369583,-2288.86962890625,0.02406773343682289,0.0013084870297461748,0.04946047440171242,0.0,0.6358956098556519,0.0
18.748483657836914,35.02000045776367,1000.0,124.0,1.2406638860702515,0.00013261947606224567,40.0,0.9999067187309265,0.9999067187309265,0.9999067187309265,6.597387255169451e-05,0.0,0.8392312526702881,2500000.0,-0.006598086562007666,0.0004573473706841469,-7.17639903058398e-09,0.0254635252058506,-0.0002312231808900833,2.104933977127075,0.396549791097641,-0.026865720748901367,3.6089932918548584,15509.115234375,20.50896644592285,102.45816040039062,122.96712493896484,162.6450958251953,1.0425244569778442,0.3333970308303833,0.12985748052597046,0.018401669338345528,0.2882656753063202,1.0,0.17479754984378815,0.018299110233783722,-1938.0462646484375,0.018401669338345528,0.0023049882147461176,0.05180440843105316,0.0,0.6213432550430298,0.0
19.10629653930664,32.880001068115234,1000.0,125.0,1.2312231063842773,0.0001491486473241821,40.0,1.0004719495773315,1.0004719495773315,1.0004719495773315,0.00033369066659361124,0.0,0.8312718868255615,2520000.0,-0.005013252142816782,0.0015848344191908836,5.769729582993932e-09,0.02639402449131012,0.0009304992854595184,1.993369698524475,0.35840359330177307,-0.03814619779586792,3.387556552886963,15631.3857421875,20.570404052734375,101.66639709472656,122.23680114746094,163.61685180664062,0.9476693272590637,0.3187052309513092,0.15253041684627533,0.02226979285478592,0.29961979389190674,1.0,0.1733468919992447,0.02204788848757744,-1267.580078125,0.02226979285478592,0.0032969943713396788,0.0489857979118824,0.0,0.6389691233634949,0.0
18.053434371948242,28.420000076293945,1000.0,126.0,1.233068823814392,0.00013912341091781855,40.0,1.0003973245620728,1.0003973245620728,1.0003973245620728,0.00028103520162403584,0.0,0.8329222798347473,2540000.0,-0.004740885924547911,0.0002723662182688713,2.3555756456516974e-08,0.027248440310359,0.0008544158190488815,1.7842127084732056,0.37555035948753357,0.017146766185760498,2.676536798477173,15754.166015625,20.412118911743164,102.3345718383789,122.74668884277344,162.9371795654297,0.967002272605896,0.32196974754333496,0.1444806009531021,0.021388228982686996,0.29796117544174194,1.0,0.20172399282455444,0.020558267831802368,-223.21981811523438,0.021388228982686996,0.006594303995370865,0.05239386856555939,0.0,0.6178381443023682,0.0
17.043333053588867,21.5,1000.0,127.0,1.2279285192489624,0.00017549969197716564,40.0,0.9994086623191833,0.9994086623191833,0.9994086623191833,0.0004181529220659286,0.0,0.8284578919410706,2560000.0,-0.015393141657114029,-0.010652255732566118,1.7166137400437265e-09,0.025696726515889168,-0.0015517137944698334,1.9156603813171387,0.3077615797519684,-0.06778877973556519,2.9986155033111572,15876.794921875,20.45174789428711,102.14415740966797,122.59590911865234,163.13758850097656,0.9478106498718262,0.2881559133529663,0.1356392502784729,0.02226315252482891,0.3040226697921753,1.0,0.15937839448451996,0.022244686260819435,-217.98585510253906,0.02226315252482891,-0.0010186326690018177,0.05619114264845848,1.055063009262085,0.0,3.0
16.515975952148438,23.81999969482422,1000.0,128.0,1.2117477655410767,0.00017709772509988397,40.0,0.9995010495185852,0.9995010495185852,0.9995010495185852,0.0003528253291733563,0.0,0.8152773380279541,2580000.0,-0.013756965287029743,0.0016361763700842857,5.292892346631106e-09,0.02565842680633068,-3.829970955848694e-05,1.8828511238098145,0.3158814609050751,0.00811988115310669,2.8497538566589355,15999.4580078125,20.501047134399414,102.12864685058594,122.62969970703125,163.09263610839844,1.0337516069412231,0.2870093584060669,0.13919897377490997,0.018715323880314827,0.2776385247707367,1.0,0.14040561020374298,0.018603553995490074,-38.53839111328125,0.018715323880314827,0.002009019022807479,0.03611147403717041,0.9673503637313843,0.0,3.0
17.662317276000977,26.760000228881836,1000.0,129.0,1.2030144929885864,0.00013323980965651572,40.0,1.00009286403656,1.00009286403656,1.00009286403656,6.56929041724652e-05,0.0,0.8084080815315247,2600000.0,-0.008111867122352123,0.00564509816467762,4.00543198608716e-09,0.024840669706463814,-0.0008177570998668671,2.08013653755188,0.39999890327453613,0.08411744236946106,2.933523654937744,16121.2734375,20.49322509765625,101.28892517089844,121.78215026855469,164.22767639160156,0.8852177858352661,0.3301246762275696,0.19372957944869995,0.025522874668240547,0.3204735517501831,1.0,0.17921315133571625,0.025484604761004448,-46.2408561706543,0.025522874668240547,0.0016007807571440935,0.0669594258069992,0.0,0.5465238690376282,0.0
18.747638702392578,28.68000030517578,1000.0,130.0,1.1959095001220703,0.0001196635712403804,40.0,0.9990889430046082,0.9990889430046082,0.9990889430046082,0.0006442286539822817,0.0,0.8028877377510071,2620000.0,-0.0062120407819747925,0.0018998263403773308,3.433227480087453e-09,0.026643671095371246,0.0018030013889074326,1.954113245010376,0.4083195924758911,0.00832068920135498,3.0314600467681885,16243.9560546875,20.512792587280273,102.1341323852539,122.64692687988281,163.06971740722656,0.9577099084854126,0.3440527021884918,0.1323801726102829,0.021805290132761,0.30505573749542236,1.0,0.1649169623851776,0.02131742238998413,-202.1273193359375,0.021805290132761,0.005716954357922077,0.06699272990226746,0.0,0.5463879704475403,0.0
20.118806838989258,30.3799991607666,1000.0,131.0,1.1991976499557495,0.00012878495908807963,40.0,1.0004725456237793,1.0004725456237793,1.0004725456237793,0.00033414020435884595,0.0,0.8053780198097229,2640000.0,-0.007196446880698204,-0.0009844060987234116,-4.768371461572052e-11,0.027355272322893143,0.0007116012275218964,1.9927008152008057,0.3751879334449768,-0.03313165903091431,2.8744864463806152,16365.8037109375,20.65083122253418,101.16389465332031,121.8147201538086,164.1837615966797,0.9132956266403198,0.3323971927165985,0.15675948560237885,0.023977676406502724,0.3191746771335602,1.0,0.1652911901473999,0.02394459769129753,-553.6400146484375,0.023977676406502724,0.0013150360900908709,0.05227826163172722,0.0,0.6185209155082703,0.0
18.636276245117188,28.1200008392334,1000.0,132.0,1.2033833265304565,0.0001265263563254848,40.0,0.9999402165412903,0.9999402165412903,0.9999402165412903,4.225924567435868e-05,0.0,0.8090436458587646,2660000.0,-0.006691916845738888,0.0005045300349593163,1.5258788677030566e-09,0.02765369787812233,0.000298425555229187,1.9090300798416138,0.3892940580844879,0.014106124639511108,3.1792171001434326,16488.5234375,22.14495086669922,100.53909301757812,122.68403625488281,163.0203857421875,0.8984401822090149,0.33627206087112427,0.1894773691892624,0.024777159094810486,0.31404104828834534,1.0,0.16864199936389923,0.024583300575613976,-157.72039794921875,0.024777159094810486,0.0034587979316711426,0.06171154975891113,0.0,0.5692875981330872,0.0
17.313928604125977,29.760000228881836,1000.0,133.0,1.20233952999115,0.0001303505414398387,40.0,0.9996849894523621,0.9996849894523621,0.9996849894523621,0.00022273205104283988,0.0,0.8088733553886414,2680000.0,-0.006805400364100933,-0.00011348351836204529,-6.532669072356612e-09,0.024459058418869972,-0.0031946394592523575,1.7861557006835938,0.3126578629016876,-0.07663619518280029,2.9674389362335205,16614.17578125,23.892871856689453,101.72301483154297,125.61588287353516,159.2155303955078,0.963653028011322,0.3362520635128021,0.165280282497406,0.021537158638238907,0.30097827315330505,1.0,0.14567604660987854,0.021537156775593758,-570.113037109375,0.021537158638238907,7.317052222788334e-06,0.03974089398980141,0.0,0.7094080448150635,0.0
17.178071975708008,26.059999465942383,1000.0,134.0,1.2085041999816895,0.00014203321188688278,40.0,1.0003513097763062,1.0003513097763062,1.0003513097763062,0.00024838544777594507,0.0,0.8144121170043945,2700000.0,-0.0071220905520021915,-0.00031669018790125847,1.9550323582251394e-09,0.031203441321849823,0.006744382902979851,1.9669780731201172,0.5332223176956177,0.22056445479393005,3.5582289695739746,16738.21484375,24.58346176147461,99.42132568359375,124.00479125976562,161.28408813476562,1.0262407064437866,0.3143996596336365,0.13056956231594086,0.018990274518728256,0.29689157009124756,1.0,0.13605894148349762,0.01898667775094509,-27.990684509277344,0.018990274518728256,-0.00037980001070536673,0.040113210678100586,0.0,0.7061081528663635,0.0
17.877151489257812,23.719999313354492,1000.0,135.0,1.200636863708496,0.00014400124200619757,40.0,0.9999968409538269,0.9999968409538269,0.9999968409538269,2.2479198378277943e-06,0.0,0.8083983063697815,2720000.0,-0.013502592220902443,-0.006380501668900251,5.7220459481754915e-09,0.026570644229650497,-0.0046327970921993256,1.8974159955978394,0.37433886528015137,-0.1588834524154663,3.0776853561401367,16862.36328125,23.48916244506836,100.62681579589844,124.11598205566406,161.1396026611328,1.0698403120040894,0.31208622455596924,0.14416436851024628,0.0174739807844162,0.2917129695415497,1.0,0.19879093766212463,0.01746332459151745,-27.101640701293945,0.0174739807844162,-0.0008023459813557565,0.06040937453508377,0.9347189664840698,0.0,3.0
18.66139793395996,27.899999618530273,1000.0,136.0,1.1923236846923828,0.00013632608170155436,40.0,0.9996787905693054,0.9996787905693054,0.9996787905693054,0.00022714340593665838,0.0,0.8014099597930908,2740000.0,-0.00975252315402031,0.0037500690668821335,-3.3855438452690123e-09,0.02997618354856968,0.003405539318919182,1.9682363271713257,0.4174247682094574,0.04308590292930603,3.1099815368652344,16986.1484375,21.63333511352539,102.11609649658203,123.74943542480469,161.6168975830078,0.9082143902778625,0.3269793391227722,0.14195053279399872,0.02424672245979309,0.3274358808994293,1.0,0.16992798447608948,0.024156585335731506,-124.8394546508789,0.02424672245979309,-0.002463982440531254,0.06735570728778839,0.0,0.5449137687683105,0.0
19.23141860961914,35.20000076293945,1000.0,137.0,1.1864768266677856,0.00014722911873832345,40.0,0.9998285174369812,0.9998285174369812,0.9998285174369812,0.00012129864626331255,0.0,0.7961969375610352,2760000.0,-0.013149626553058624,-0.003397103399038315,3.1471252270875993e-09,0.027409691363573074,-0.002566492184996605,2.0163276195526123,0.47226080298423767,0.05483603477478027,3.1983864307403564,17109.873046875,20.432842254638672,103.25969696044922,123.69254302978516,161.6912384033203,0.8568801879882812,0.3183842897415161,0.18451546132564545,0.02723890356719494,0.32625094056129456,1.0,0.21812856197357178,0.026765763759613037,-964.99853515625,0.02723890356719494,-0.0071421172469854355,0.10781141370534897,0.0,0.4307076632976532,0.0
19.40492057800293,36.13999938964844,1000.0,138.0,1.1831868886947632,0.00014004888362251222,40.0,1.0006637573242188,1.0006637573242188,1.0006637573242188,0.00046940348693169653,0.0,0.7936665415763855,2780000.0,-0.007409792859107256,0.005739833693951368,1.039505015398845e-08,0.031321585178375244,0.00391189381480217,1.977671504020691,0.36759713292121887,-0.1046636700630188,3.365138292312622,17232.291015625,20.37527847290039,102.00635528564453,122.38162994384766,163.4232177734375,1.0464181900024414,0.32568931579589844,0.1347963511943817,0.018264979124069214,0.28308728337287903,1.0,0.19561874866485596,0.018254825845360756,-2234.594970703125,0.018264979124069214,0.0007509278948418796,0.05553509667515755,0.0,0.6001104712486267,0.0
19.67262077331543,34.540000915527344,1000.0,139.0,1.183956265449524,0.00012630071432795376,40.0,0.9996547102928162,0.9996547102928162,0.9996547102928162,0.00024417071836069226,0.0,0.7936105728149414,2800000.0,-0.007124405354261398,0.0002853875048458576,6.675719976811934e-10,0.028875820338726044,-0.0024457648396492004,1.9065825939178467,0.3416547477245331,-0.02594238519668579,2.95534610748291,17356.447265625,20.486995697021484,103.63642120361328,124.12342071533203,161.12994384765625,0.9525216817855835,0.3391101658344269,0.15796685218811035,0.02204347401857376,0.31267040967941284,1.0,0.1675330400466919,0.021981507539749146,-1593.61083984375,0.02204347401857376,0.001881198026239872,0.057109590619802475,0.0,0.5917801856994629,0.0
18.217775344848633,24.299999237060547,1000.0,140.0,1.17964506149292,0.0001600673858774826,40.0,1.0004663467407227,1.0004663467407227,1.0004663467407227,0.00032970073516480625,0.0,0.7897290587425232,2820000.0,-0.015295536257326603,-0.008171130903065205,0.0,0.02984185330569744,0.0009660329669713974,1.7748675346374512,0.3620304465293884,0.020375698804855347,3.1065447330474854,17478.1953125,20.421886444091797,101.2925796508789,121.71546173095703,164.31765747070312,0.9227472543716431,0.2983781099319458,0.13185721635818481,0.02348898909986019,0.323358416557312,1.0,0.18965376913547516,0.02321719005703926,-10.573864936828613,0.02348898909986019,0.0035456460900604725,0.0462532714009285,1.083720326423645,0.0,3.0
17.88471031188965,19.239999771118164,1000.0,141.0,1.1687259674072266,0.00015446818724740297,40.0,1.0001388788223267,1.0001388788223267,1.0001388788223267,9.817406680667773e-05,0.0,0.7811830043792725,2840000.0,-0.013613129034638405,0.001682407222688198,9.346008411625917e-09,0.029551876708865166,-0.0002899765968322754,1.9160397052764893,0.30585137009620667,-0.05617907643318176,3.089202642440796,17602.005859375,20.61745262145996,103.15751647949219,123.77596282958984,161.58226013183594,1.018242359161377,0.3060954809188843,0.12080111354589462,0.019289787858724594,0.3006116449832916,1.0,0.13299383223056793,0.019019586965441704,-731.7788696289062,0.019289787858724594,0.0035000138450413942,0.04533703625202179,0.9820844531059265,0.0,3.0
18.528589248657227,18.860000610351562,1000.0,142.0,1.157580852508545,0.00016548727580811828,40.0,0.9992979168891907,0.9992979168891907,0.9992979168891907,0.0004964617546647787,0.0,0.7730609774589539,2860000.0,-0.01627083495259285,-0.002657705917954445,9.155273872352154e-09,0.02749030292034149,-0.002061573788523674,2.001925468444824,0.3665100634098053,0.06065869331359863,3.034621477127075,17723.44921875,20.74831771850586,100.66209411621094,121.41040802001953,164.7305145263672,0.9999731183052063,0.29443955421447754,0.15366923809051514,0.020001064985990524,0.2944474220275879,1.0,0.21212929487228394,0.01922593079507351,-675.3611450195312,0.020001064985990524,-0.006577822379767895,0.055819716304540634,1.0000269412994385,0.0,3.0
19.784666061401367,20.739999771118164,1000.0,143.0,1.1443146467208862,0.00014695691061206162,40.0,0.9989644885063171,0.9989644885063171,0.9989644885063171,0.0007322312449105084,0.0,0.7625851035118103,2880000.0,-0.013402821496129036,0.0028680134564638138,1.1062621929625038e-08,0.030623670667409897,0.003133367747068405,1.958754062652588,0.36435186862945557,-0.0021581947803497314,2.88134503364563,17844.947265625,20.539676666259766,100.92469024658203,121.46436309814453,164.6573486328125,1.0335643291473389,0.31910160183906555,0.10659946501255035,0.018722109496593475,0.30873891711235046,1.0,0.16020169854164124,0.018421553075313568,-426.829833984375,0.018722109496593475,0.0035746609792113304,0.04251518100500107,0.9675256609916687,0.0,3.0
20.5460147857666,28.540000915527344,1000.0,144.0,1.1489380598068237,0.00014417173224501312,40.0,0.9991781115531921,0.9991781115531921,0.9991781115531921,0.0005811488954350352,0.0,0.7660121917724609,2900000.0,-0.010260076262056828,0.0031427452340722084,-2.0503998499066256e-09,0.02983921766281128,-0.0007844530045986176,2.056259870529175,0.4286172091960907,0.06426534056663513,3.1282052993774414,17965.95703125,20.517736434936523,100.45921325683594,120.9769515991211,165.32073974609375,1.0200531482696533,0.31601470708847046,0.1302516907453537,0.019221361726522446,0.29605573415756226,1.0,0.2302870899438858,0.019175158813595772,-159.55140686035156,0.019221361726522446,-0.001904867123812437,0.07853289693593979,0.0,0.5046486854553223,0.0
20.975303649902344,28.6200008392334,1000.0,145.0,1.1535075902938843,0.00014045888383407146,40.0,0.999321460723877,0.999321460723877,0.999321460723877,0.00047977163922041655,0.0,0.7692511677742004,2920000.0,-0.007867549546062946,0.0023925267159938812,7.343292196537732e-09,0.026796022430062294,-0.0030431952327489853,2.117849111557007,0.4200481176376343,-0.008569091558456421,3.2856671810150146,18087.302734375,21.47978401184082,99.8313217163086,121.31110382080078,164.86537170410156,0.97986900806427,0.32592594623565674,0.11695970594882965,0.020830214023590088,0.306143581867218,1.0,0.24498702585697174,0.02076822891831398,-197.31472778320312,0.020830214023590088,0.002028843853622675,0.0664069876074791,0.0,0.5487924218177795,0.0
21.584068298339844,32.279998779296875,1000.0,146.0,1.1436604261398315,0.0001276633411180228,40.0,0.9994725584983826,0.9994725584983826,0.9994725584983826,0.00037297149538062513,0.0,0.7616281509399414,2940000.0,-0.006970350164920092,0.0008971993811428547,7.581711258808355e-09,0.023280760273337364,-0.00351526215672493,2.143231153488159,0.4026799201965332,-0.017368197441101074,3.5205719470977783,18208.689453125,22.146486282348633,99.20526123046875,121.35175323486328,164.81015014648438,0.9913956522941589,0.34187057614326477,0.14808471500873566,0.02034865692257881,0.2905553877353668,1.0,0.1675848811864853,0.020342931151390076,-1028.22509765625,0.02034865692257881,0.0005432444158941507,0.05154254660010338,0.0,0.6229196190834045,0.0
21.866323471069336,30.979999542236328,1000.0,147.0,1.1395033597946167,0.00012101967149646953,40.0,0.9986088871955872,0.9986088871955872,0.9986088871955872,0.000983679317869246,0.0,0.7588909268379211,2960000.0,-0.007313666399568319,-0.0003433162346482277,-1.0967254882032762e-09,0.023889508098363876,0.0006087478250265121,2.1692442893981934,0.390884667634964,-0.011795252561569214,3.492448091506958,18333.287109375,22.510196685791016,102.05426025390625,124.56446075439453,160.5594482421875,1.0972719192504883,0.340446799993515,0.135227233171463,0.016611207276582718,0.27874138951301575,1.0,0.1606552004814148,0.01661035604774952,-692.40673828125,0.016611207276582718,0.00020967418095096946,0.05164501070976257,0.0,0.6223013997077942,0.0
21.475244522094727,30.760000228881836,1000.0,148.0,1.1470309495925903,0.00011881699902005494,40.0,0.9990739822387695,0.9990739822387695,0.9990739822387695,0.0006547652883455157,0.0,0.7651974558830261,2980000.0,-0.006866654381155968,0.0004470120184123516,1.1634826435624745e-08,0.022378642112016678,-0.0015108659863471985,2.1492772102355957,0.3743440508842468,-0.016540616750717163,3.4489214420318604,18458.369140625,22.01367950439453,103.03119659423828,125.04487609863281,159.9425811767578,0.901619017124176,0.3399144113063812,0.12639346718788147,0.024602752178907394,0.3405553996562958,1.0,0.15022806823253632,0.02448245882987976,-598.1749877929688,0.024602752178907394,0.0025829945225268602,0.05546283721923828,0.0,0.6005012392997742,0.0
20.73436737060547,28.260000228881836,1000.0,149.0,1.1582318544387817,0.0001559417141834274,40.0,0.9995732307434082,0.9995732307434082,0.9995732307434082,0.0003017995331902057,0.0,0.7735676765441895,3000000.0,-0.004653944168239832,0.002212710212916136,3.9577483512687195e-09,0.02297249622642994,0.0005938541144132614,2.040635824203491,0.3192780911922455,-0.05506595969200134,3.5236589908599854,18580.697265625,21.486051559448242,100.80618286132812,122.292236328125,163.5426788330078,0.9564154148101807,0.3060206174850464,0.15028394758701324,0.021864352747797966,0.3083079159259796,1.0,0.20392969250679016,0.021350577473640442,-247.67715454101562,0.021864352747797966,0.004695090930908918,0.04290561378002167,0.0,0.6827439665794373,0.0
19.80535316467285,28.200000762939453,1000.0,150.0,1.162766933441162,0.0001344206975772977,40.0,1.0009254217147827,1.0009254217147827,1.0009254217147827,0.0006543438648805022,0.0,0.7765099406242371,3020000.0,-0.005991877056658268,-0.001337932888418436,2.1934509764065524e-09,0.026190342381596565,0.003217846155166626,2.077859401702881,0.3682255744934082,0.04894748330116272,3.5049331188201904,18705.5546875,22.810775756835938,102.01232147216797,124.8230972290039,160.2267608642578,1.0094457864761353,0.3327331840991974,0.15332892537117004,0.019627446308732033,0.280188649892807,1.0,0.1355248987674713,0.019527938216924667,-260.0358581542969,0.019627446308732033,0.001979449763894081,0.039376161992549896,0.0,0.7126860022544861,0.0
19.771547317504883,25.079999923706055,1000.0,151.0,1.165223240852356,0.00013363019388634712,40.0,1.0013436079025269,1.0013436079025269,1.0013436079025269,0.0009500461746938527,0.0,0.7790080904960632,3040000.0,-0.005137342028319836,0.0008545350283384323,6.1988831845383174e-09,0.025766171514987946,-0.0004241708666086197,2.100989580154419,0.2903634011745453,-0.07786217331886292,3.4237546920776367,18828.734375,22.77046012878418,100.37348175048828,123.1439437866211,162.41156005859375,1.0052597522735596,0.32599785923957825,0.16556647419929504,0.019791245460510254,0.2961980998516083,1.0,0.13123810291290283,0.01972176879644394,-0.16659030318260193,0.019791245460510254,0.0015437083784490824,0.03429967164993286,0.0,0.7636070847511292,0.0
19.104665756225586,28.1200008392334,1000.0,152.0,1.1677794456481934,0.00013799026783090085,40.0,1.0001277923583984,1.0001277923583984,1.0001277923583984,9.036284609464929e-05,0.0,0.7813547253608704,3060000.0,-0.007976094260811806,-0.00283875223249197,3.2424927187690855e-09,0.024538706988096237,-0.0012274645268917084,2.043416738510132,0.379474401473999,0.08911100029945374,3.68127703666687,18952.34375,23.21990966796875,100.35086822509766,123.5707778930664,161.85057067871094,1.060691475868225,0.32237422466278076,0.11111720651388168,0.017776718363165855,0.29633378982543945,1.0,0.23091626167297363,0.01777557097375393,-149.4886016845703,0.017776718363165855,0.00027324992697685957,0.06510932743549347,0.0,0.5542342662811279,0.0
18.72542381286621,26.579999923706055,1000.0,153.0,1.1720701456069946,0.0001277308474527672,40.0,1.0002368688583374,1.0002368688583374,1.0002368688583374,0.00016740732826292515,0.0,0.7845306396484375,3080000.0,-0.005548395682126284,0.002427698578685522,-1.2207030941624453e-08,0.02703571319580078,0.002497006207704544,2.0074000358581543,0.3190508782863617,-0.06042352318763733,3.600088357925415,19075.85546875,22.749984741210938,100.7281494140625,123.47813415527344,161.9720001220703,0.8970351219177246,0.3363584876060486,0.15020060539245605,0.024854835122823715,0.31484904885292053,1.0,0.1288168728351593,0.024817414581775665,-79.75132751464844,0.024854835122823715,0.0010821495670825243,0.03129443898797035,0.0,0.7994316220283508,0.0
18.145414352416992,25.579999923706055,1000.0,154.0,1.1726384162902832,0.0001303001627093181,40.0,0.999981701374054,0.999981701374054,0.999981701374054,1.2897073247586377e-05,0.0,0.7854602932929993,3100000.0,-0.006910295691341162,-0.001361900009214878,-6.580352707175052e-09,0.029061321169137955,0.0020256079733371735,1.9738041162490845,0.3106466233730316,-0.008404254913330078,3.2860617637634277,19198.279296875,21.509977340698242,100.88013458251953,122.3901138305664,163.41189575195312,1.0438224077224731,0.33366990089416504,0.13403604924678802,0.01835593394935131,0.28442075848579407,1.0,0.13143374025821686,0.018355580046772957,-8.140016555786133,0.01835593394935131,-0.0001208968460559845,0.041225384920835495,0.0,0.6965183615684509,0.0
17.633045196533203,20.719999313354492,1000.0,155.0,1.1644915342330933,0.00016956838953774422,40.0,1.0003513097763062,1.0003513097763062,1.0003513097763062,0.00024838544777594507,0.0,0.7800264358520508,3120000.0,-0.014386815018951893,-0.007476519327610731,1.2969970875076342e-08,0.027475157752633095,-0.00158616341650486,1.8358582258224487,0.2733914852142334,-0.03725513815879822,2.9638683795928955,19320.962890625,20.713045120239258,101.93663024902344,122.6496810913086,163.06605529785156,1.0106207132339478,0.2947956621646881,0.13896363973617554,0.019581833854317665,0.2916976809501648,1.0,0.11079714447259903,0.019507721066474915,-566.6118774414062,0.019581833854317665,0.0015478860586881638,0.032328568398952484,0.9894909262657166,0.0,3.0
18.5344295501709,22.5,1000.0,156.0,1.1516799926757812,0.00016282868455164135,40.0,0.9996097683906555,0.9996097683906555,0.9996097683906555,0.0002759494527708739,0.0,0.7708025574684143,3140000.0,-0.014737790450453758,-0.0003509754315018654,-8.296966669263384e-09,0.026151200756430626,-0.0013239569962024689,2.0747928619384766,0.349883109331131,0.07649162411689758,3.1533257961273193,19443.478515625,20.05198860168457,102.4310531616211,122.48303985595703,163.28790283203125,0.9517926573753357,0.2967517673969269,0.1352335512638092,0.022077254951000214,0.3117819130420685,1.0,0.14800827205181122,0.021843960508704185,-142.11993408203125,0.022077254951000214,0.0032028313726186752,0.0439707413315773,1.0506490468978882,0.0,3.0
19.296968460083008,24.719999313354492,1000.0,157.0,1.1329187154769897,0.00014296441804617643,40.0,1.0001329183578491,1.0001329183578491,1.0001329183578491,9.39032543101348e-05,0.0,0.7571430802345276,3160000.0,-0.012900300323963165,0.001837490126490593,-8.964538444899972e-09,0.026937125250697136,0.00078592449426651,2.01725697517395,0.32495763897895813,-0.02492547035217285,3.0604465007781982,19565.013671875,20.070579528808594,101.430908203125,121.5014877319336,164.60704040527344,1.0584022998809814,0.32398638129234314,0.11677602678537369,0.01785369962453842,0.30610892176628113,1.0,0.13558994233608246,0.017592085525393486,-2.346928834915161,0.01785369962453842,0.0029437215998768806,0.03312323987483978,0.9448203444480896,0.0,3.0
21.012676239013672,30.219999313354492,1000.0,158.0,1.131325602531433,0.00015344501298386604,40.0,0.9997730255126953,0.9997730255126953,0.9997730255126953,0.00016052329738158733,0.0,0.7559674382209778,3180000.0,-0.012558231130242348,0.00034206919372081757,7.1525572131747595e-09,0.026397138833999634,-0.0005399864166975021,2.106814384460449,0.3994475305080414,0.07448989152908325,3.22229266166687,19687.322265625,20.165708541870117,102.10968017578125,122.275390625,163.56521606445312,0.9485948085784912,0.30129924416542053,0.1578814685344696,0.02222635969519615,0.31653931736946106,1.0,0.2393823117017746,0.02222607471048832,-263.2146911621094,0.02222635969519615,0.00017152540385723114,0.1035136729478836,0.0,0.43955790996551514,0.0
20.594026565551758,35.119998931884766,1000.0,159.0,1.1348882913589478,0.00014418258797377348,40.0,1.00006902217865,1.00006902217865,1.00006902217865,4.8834164772415534e-05,0.0,0.7580918669700623,3200000.0,-0.008074678480625153,0.004483552649617195,5.722046170220096e-10,0.026369361206889153,-2.7777627110481262e-05,2.0213348865509033,0.44671303033828735,0.04726549983024597,3.154473304748535,19809.48046875,20.363544464111328,101.76145935058594,122.125,163.76663208007812,1.0351816415786743,0.31662800908088684,0.11113213002681732,0.01866365224123001,0.31095412373542786,1.0,0.23193363845348358,0.01859339326620102,-1219.9510498046875,0.01866365224123001,0.002428598701953888,0.08394819498062134,0.0,0.4881005585193634,0.0
20.67144012451172,37.41999816894531,1000.0,160.0,1.1398836374282837,0.00014078652020543814,40.0,0.9998000264167786,0.9998000264167786,0.9998000264167786,0.00014138863480184227,0.0,0.7611539959907532,3220000.0,-0.00883468333631754,-0.0007600048556923866,9.536742923144104e-11,0.023170052096247673,-0.0031993091106414795,2.0878782272338867,0.34533897042274475,-0.1013740599155426,3.523206949234009,19931.830078125,20.622604370117188,101.69209289550781,122.314697265625,163.5126495361328,0.9433401226997375,0.3181375563144684,0.14955753087997437,0.022474663332104683,0.30977120995521545,1.0,0.19907909631729126,0.02234349027276039,-2965.196533203125,0.022474663332104683,-0.0026122499257326126,0.05202194303274155,0.0,0.6200428009033203,0.0
20.67584991455078,31.139999389648438,1000.0,161.0,1.143373966217041,0.00011550559429451823,40.0,1.0003381967544556,1.0003381967544556,1.0003381967544556,0.00023911312746349722,0.0,0.7629554271697998,3240000.0,-0.006820163689553738,0.0020145196467638016,-1.478195232884616e-09,0.02515007182955742,0.001980019733309746,2.1055431365966797,0.3234962821006775,-0.02184268832206726,3.3958725929260254,20052.1796875,20.505529403686523,99.8088607788086,120.31439208984375,166.2311553955078,1.0203825235366821,0.3480699956417084,0.14046154916286469,0.019208956509828568,0.2966103255748749,1.0,0.12757320702075958,0.019207119941711426,-951.1218872070312,0.019208956509828568,-0.00026975455693900585,0.03963612765073776,0.0,0.7103450298309326,0.0
20.855344772338867,25.579999923706055,1000.0,162.0,1.1469460725784302,0.00012892825179733336,40.0,1.0004295110702515,1.0004295110702515,1.0004295110702515,0.000303738284856081,0.0,0.7653363347053528,3260000.0,-0.0069898273795843124,-0.0001696636900305748,1.7642974858844696e-09,0.024987488985061646,-0.00016258284449577332,2.1820671558380127,0.33581483364105225,0.012318551540374756,3.4543354511260986,20175.25390625,20.72454833984375,102.31632995605469,123.04087829589844,162.547607421875,1.011574625968933,0.3365406095981598,0.10843584686517715,0.019544923678040504,0.3207399249076843,1.0,0.16758349537849426,0.019544797018170357,-7.934696674346924,0.019544923678040504,7.305695908144116e-05,0.04228946194052696,0.0,0.6876997351646423,0.0
21.2369384765625,26.34000015258789,1000.0,163.0,1.1456564664840698,0.000142793171107769,40.0,0.999384880065918,0.999384880065918,0.999384880065918,0.0004349554656073451,0.0,0.7639467716217041,3280000.0,-0.00819388311356306,-0.0012040557339787483,1.3828277412031298e-09,0.024638744071125984,-0.0003487449139356613,2.1183555126190186,0.32899317145347595,-0.006821662187576294,3.4666285514831543,20297.619140625,20.22930908203125,102.10247039794922,122.33177947998047,163.48980712890625,0.9507768154144287,0.32379987835884094,0.15603315830230713,0.022124459967017174,0.29850587248802185,1.0,0.17886684834957123,0.022032177075743675,-35.55814743041992,0.022124459967017174,-0.002158100251108408,0.050469182431697845,0.0,0.6295088529586792,0.0
20.59551239013672,23.81999969482422,1000.0,164.0,1.1407675743103027,0.00018267873383592814,40.0,0.9999191164970398,0.9999191164970398,0.9999191164970398,5.717922613257542e-05,0.0,0.7606080174446106,3300000.0,-0.016724159941077232,-0.008530276827514172,1.3160705414350105e-08,0.024289827793836594,-0.00034891627728939056,2.070744276046753,0.2956741452217102,-0.03331902623176575,3.2211692333221436,20421.861328125,19.915279388427734,104.28929138183594,124.2045669555664,161.02467346191406,0.8783453702926636,0.274630069732666,0.1896706372499466,0.0259238313883543,0.3126675486564636,1.0,0.17944683134555817,0.025898773223161697,-29.777095794677734,0.0259238313883543,-0.001082101371139288,0.046729400753974915,1.1385042667388916,0.0,3.0
20.438678741455078,21.3799991607666,1000.0,165.0,1.1344939470291138,0.0001486732071498409,40.0,0.999914824962616,0.999914824962616,0.999914824962616,6.0270023823250085e-05,0.0,0.7562592625617981,3320000.0,-0.013509918004274368,0.003214241936802864,-3.98159016867794e-09,0.025962041690945625,0.0016722138971090317,2.1818995475769043,0.2807927131652832,-0.014881432056427002,3.3117945194244385,20545.87890625,20.25387191772461,103.72661590576172,123.9804916381836,161.31570434570312,1.0799827575683594,0.31324851512908936,0.11049757152795792,0.017147313803434372,0.29004955291748047,1.0,0.13092654943466187,0.017146753147244453,-416.416259765625,0.017147313803434372,-0.00013283747830428183,0.03146796673536301,0.9259406924247742,0.0,3.0
21.101354598999023,23.34000015258789,1000.0,166.0,1.1315455436706543,0.00014853845641482621,40.0,1.0006135702133179,1.0006135702133179,1.0006135702133179,0.0004337753925938159,0.0,0.7539339661598206,3340000.0,-0.01311548799276352,0.000394430011510849,-2.00271599304358e-09,0.02591153234243393,-5.050934851169586e-05,2.1547327041625977,0.5197303295135498,0.2389376163482666,3.134601593017578,20667.767578125,20.183778762817383,101.66970825195312,121.85348510742188,164.1315460205078,1.121882438659668,0.307898610830307,0.13970746099948883,0.01589040644466877,0.2744481861591339,1.0,0.18273428082466125,0.015880929306149483,-46.02915573120117,0.01589040644466877,-0.0007530786097049713,0.059840381145477295,0.8913589715957642,0.0,3.0
22.263418197631836,27.959999084472656,1000.0,167.0,1.133288860321045,0.00012682130909524858,40.0,0.9983324408531189,0.9983324408531189,0.9983324408531189,0.001179156475700438,0.0,0.7552408576011658,3360000.0,-0.008657071739435196,0.004458416253328323,-6.675720420901143e-09,0.025258565321564674,-0.0006529670208692551,2.2612178325653076,0.42465126514434814,-0.09507906436920166,3.2985143661499023,20789.451171875,20.8120174407959,100.83482360839844,121.64684295654297,164.4103546142578,1.0077742338180542,0.3340575695037842,0.12036526203155518,0.01969260722398758,0.29389306902885437,1.0,0.18629090487957,0.019635066390037537,-163.23719787597656,0.01969260722398758,-0.0017572889337316155,0.053667422384023666,0.0,0.6104633212089539,0.0
23.122770309448242,32.29999923706055,1000.0,168.0,1.1371617317199707,0.00015532126417383552,40.0,0.9988069534301758,0.9988069534301758,0.9988069534301758,0.0008436394273303449,0.0,0.7585515975952148,3380000.0,-0.00798022374510765,0.0006768479943275452,1.0251999249533128e-09,0.021756306290626526,-0.0035022590309381485,2.3091650009155273,0.36500734090805054,-0.05964392423629761,3.5893921852111816,20912.76171875,21.490375518798828,101.78457641601562,123.27494812011719,162.2389678955078,0.9652879238128662,0.3058767318725586,0.14176322519779205,0.021464267745614052,0.3234122097492218,1.0,0.254607230424881,0.021458644419908524,-849.063720703125,0.021464267745614052,0.0005940954433754086,0.06276175379753113,0.0,0.5645045042037964,0.0
23.106374740600586,36.91999816894531,1000.0,169.0,1.1423282623291016,0.00016823047189973295,40.0,0.9981472492218018,0.9981472492218018,0.9981472492218018,0.001310092629864812,0.0,0.7625276446342468,3400000.0,-0.014346056617796421,-0.00636583287268877,1.7642974858844696e-09,0.019631661474704742,-0.0021246448159217834,2.250572443008423,0.48938706517219543,0.1243797242641449,3.282097578048706,21034.572265625,21.445627212524414,100.3310546875,121.77667999267578,164.23504638671875,0.9698943495750427,0.29110413789749146,0.13916291296482086,0.021260865032672882,0.3077644407749176,1.0,0.31324753165245056,0.02089259959757328,-1101.9853515625,0.021260865032672882,-0.006890719290822744,0.1289343386888504,0.0,0.39384981989860535,0.0
22.658784866333008,34.41999816894531,1000.0,170.0,1.1475902795791626,0.00012101107131456956,40.0,1.0008010864257812,1.0008010864257812,1.0008010864257812,0.000566397444345057,0.0,0.7667946815490723,3420000.0,-0.006405958440154791,0.00794009817764163,-4.053115898461357e-10,0.02038888819515705,0.0007572267204523087,2.254122495651245,0.33994799852371216,-0.14943906664848328,3.084105968475342,21157.365234375,21.233226776123047,101.52538299560547,122.75861358642578,162.92135620117188,1.0491912364959717,0.3387507498264313,0.12383635342121124,0.018168555572628975,0.2970254719257355,1.0,0.13506300747394562,0.018167361617088318,-2293.98681640625,0.018168555572628975,0.00021492596715688705,0.03868181258440018,0.0,0.7190540432929993,0.0
21.8941707611084,34.65999984741211,1000.0,171.0,1.155856728553772,0.00012445880565792322,40.0,0.9998555779457092,0.9998555779457092,0.9998555779457092,0.00010210776963504031,0.0,0.773007333278656,3440000.0,-0.006065385416150093,0.0003405730240046978,6.675719976811934e-10,0.01943816989660263,-0.0009507182985544205,2.2639036178588867,0.42492640018463135,0.08497840166091919,3.0955557823181152,21278.171875,20.070423126220703,100.70343780517578,120.77386474609375,165.59873962402344,0.9442999362945557,0.3354088068008423,0.1502028852701187,0.022429000586271286,0.29814738035202026,1.0,0.1423449069261551,0.022361665964126587,-2122.87158203125,0.022429000586271286,0.0017204126343131065,0.04395682364702225,0.0,0.6745308041572571,0.0
21.479164123535156,28.040000915527344,1000.0,172.0,1.155996322631836,0.00011898318189196289,40.0,0.9997590184211731,0.9997590184211731,0.9997590184211731,0.000170385668752715,0.0,0.773198127746582,3460000.0,-0.006125318817794323,-5.993340164422989e-05,-1.2588500908350397e-08,0.021839560940861702,0.0024013910442590714,2.273881673812866,0.4096728563308716,-0.015253543853759766,3.2121403217315674,21400.6796875,19.79888916015625,102.67506408691406,122.47395324707031,163.30003356933594,0.9941822290420532,0.3421229124069214,0.14564423263072968,0.02023474872112274,0.2855267822742462,1.0,0.1526632457971573,0.02017967961728573,-199.80296325683594,0.02023474872112274,0.0015959098236635327,0.04624895751476288,0.0,0.6576032638549805,0.0
21.66815948486328,30.639999389648438,1000.0,173.0,1.156018853187561,0.00012794685608241707,40.0,1.000048279762268,1.000048279762268,1.000048279762268,3.422344889258966e-05,0.0,0.7735943794250488,3480000.0,-0.011288166046142578,-0.005162847228348255,8.392333938900265e-09,0.02324671670794487,0.001407155767083168,2.27508544921875,0.5867743492126465,0.1771014928817749,3.251340866088867,21523.099609375,19.811481475830078,102.57274627685547,122.38422393798828,163.4197540283203,1.0677807331085205,0.3338967263698578,0.13457950949668884,0.01754145137965679,0.29669344425201416,1.0,0.1751081347465515,0.016949273645877838,-451.44219970703125,0.01754145137965679,-0.006459431257098913,0.0704590380191803,0.0,0.5327784419059753,0.0
21.611536026000977,31.139999389648438,1000.0,174.0,1.1483960151672363,0.0001474520395277068,40.0,1.0006297826766968,1.0006297826766968,1.0006297826766968,0.00044535170309245586,0.0,0.7687814831733704,3500000.0,-0.00935712456703186,0.0019310414791107178,-4.291534239087014e-09,0.022099925205111504,-0.0011467915028333664,2.2343151569366455,0.4700724184513092,-0.11670193076133728,3.5117671489715576,21645.611328125,20.137529373168945,102.33888244628906,122.47640991210938,163.2967529296875,0.9535910487174988,0.32097935676574707,0.16363541781902313,0.021994061768054962,0.3034549951553345,1.0,0.17189045250415802,0.02169209159910679,-624.8768310546875,0.021994061768054962,-0.004268216900527477,0.060329291969537735,0.0,0.5757724046707153,0.0
21.527393341064453,30.18000030517578,1000.0,175.0,1.1450139284133911,0.00012578911264427006,40.0,0.9996894001960754,0.9996894001960754,0.9996894001960754,0.00021964126790408045,0.0,0.7667155265808105,3520000.0,-0.0102748554199934,-0.0009177308529615402,5.674362313357051e-09,0.024150697514414787,0.0020507723093032837,2.2501797676086426,0.5388045310974121,0.0687321126461029,3.182244062423706,21768.56640625,20.074800491333008,102.8452377319336,122.9200439453125,162.7073974609375,0.9874927997589111,0.33751237392425537,0.1678628921508789,0.02050982229411602,0.3048270344734192,1.0,0.17422664165496826,0.0204001497477293,-348.49993896484375,0.02050982229411602,-0.002905783709138632,0.07698957622051239,0.0,0.5096816420555115,0.0
20.368120193481445,35.47999954223633,1000.0,176.0,1.1412687301635742,0.00012692346354015172,40.0,0.9999802112579346,0.9999802112579346,0.9999802112579346,1.3992753338243347e-05,0.0,0.7638773918151855,3540000.0,-0.00797088909894228,0.0023039663210511208,2.3841859042583735e-10,0.021464796736836433,-0.002685900777578354,2.184980869293213,0.4674969017505646,-0.07130762934684753,3.7466464042663574,21890.365234375,20.18030548095703,101.58154296875,121.76184844970703,164.25506591796875,1.0523457527160645,0.3411974012851715,0.10171309113502502,0.01805979758501053,0.29506126046180725,1.0,0.20081722736358643,0.017880475148558617,-1458.021484375,0.01805979758501053,0.0036753148306161165,0.0753273293375969,0.0,0.5152745246887207,0.0
20.809730529785156,31.360000610351562,1000.0,177.0,1.129844307899475,0.00013833909179084003,40.0,1.000649094581604,1.000649094581604,1.000649094581604,0.0004589510790538043,0.0,0.7549675107002258,3560000.0,-0.007301100995391607,0.0006697881035506725,-1.1444092340440193e-09,0.022302230820059776,0.0008374340832233429,2.219085454940796,0.3897343575954437,-0.07776254415512085,3.6022417545318604,22011.6640625,19.864622116088867,101.40121459960938,121.26583099365234,164.92691040039062,0.9689711332321167,0.33008360862731934,0.1483265459537506,0.021301399916410446,0.3202379643917084,1.0,0.20384998619556427,0.021300524473190308,-827.04736328125,0.021301399916410446,0.00020684616174548864,0.04890725761651993,0.0,0.6394819021224976,0.0
20.1436824798584,31.780000686645508,1000.0,178.0,1.130666732788086,0.00013847483205609024,40.0,1.0001894235610962,1.0001894235610962,1.0001894235610962,0.00013391459651757032,0.0,0.7553221583366394,3580000.0,-0.005930934101343155,0.0013701668940484524,1.2683868177987279e-08,0.025078196078538895,0.0027759652584791183,2.1820733547210693,0.4092874825000763,0.01955312490463257,3.6331918239593506,22132.5625,19.738731384277344,101.12284088134766,120.861572265625,165.4785614013672,1.0018645524978638,0.32312822341918945,0.11725536733865738,0.019925612956285477,0.3083387613296509,1.0,0.16197577118873596,0.01983341947197914,-1101.98388671875,0.019925612956285477,0.001961054280400276,0.04171346127986908,0.0,0.6924315094947815,0.0
20.72246551513672,27.559999465942383,1000.0,179.0,1.1329740285873413,0.00012876941764261574,40.0,0.9998519420623779,0.9998519420623779,0.9998519420623779,0.0001046927718562074,0.0,0.7572905421257019,3600000.0,-0.007102594710886478,-0.0011716606095433235,6.675720420901143e-09,0.024978093802928925,-0.00010010227560997009,2.1343555450439453,0.3452657461166382,-0.06402173638343811,3.3702261447906494,22254.291015625,19.769941329956055,101.92286682128906,121.69281005859375,164.34825134277344,0.951950192451477,0.33867108821868896,0.14043305814266205,0.02206994965672493,0.31273433566093445,1.0,0.12899062037467957,0.02206927165389061,-160.76466369628906,0.02206994965672493,0.0001662855502218008,0.04076007753610611,0.0,0.7004827260971069,0.0
20.98241424560547,27.479999542236328,1000.0,180.0,1.136730670928955,0.00012015231914119795,40.0,0.9993710517883301,0.9993710517883301,0.9993710517883301,0.00044470548164099455,0.0,0.7607867121696472,3620000.0,-0.00644457945600152,0.0006580152548849583,-2.2888184680880386e-09,0.03130974620580673,0.006331652402877808,2.1854050159454346,0.4427369236946106,0.09747117757797241,3.205404281616211,22377.9765625,19.7672176361084,103.88500213623047,123.65230560302734,161.7438507080078,1.0462470054626465,0.345112681388855,0.15983141958713531,0.018270956352353096,0.29501795768737793,1.0,0.14539502561092377,0.01817740686237812,-129.14083862304688,0.018270956352353096,0.002110607223585248,0.04761812090873718,0.0,0.6480802893638611,0.0
20.163843154907227,30.079999923706055,1000.0,181.0,1.146098256111145,0.00013067995314486325,40.0,1.0003613233566284,1.0003613233566284,1.0003613233566284,0.0002554661186877638,0.0,0.7684082984924316,3640000.0,-0.010672813281416893,-0.004228233825415373,-1.287460360543946e-08,0.025157878175377846,-0.006151868030428886,2.103374481201172,0.5169090032577515,0.07417207956314087,3.190542459487915,22500.08984375,19.730344772338867,102.34915924072266,122.07950592041016,163.82766723632812,0.9485668540000916,0.32706886529922485,0.16972076892852783,0.022227667272090912,0.31105753779411316,1.0,0.20242545008659363,0.02220851741731167,-274.6024475097656,0.022227667272090912,-0.0013414500281214714,0.09397045522928238,0.0,0.461338073015213,0.0
19.6600399017334,31.799999237060547,1000.0,182.0,1.1516265869140625,0.00013733492232859135,40.0,0.9991248250007629,0.9991248250007629,0.9991248250007629,0.0006188000552356243,0.0,0.7731966972351074,3660000.0,-0.007854762487113476,0.002818050794303417,-3.3378602104505717e-09,0.026372913271188736,0.0012150350958108902,2.170656681060791,0.3674924373626709,-0.14941656589508057,3.1898975372314453,22621.705078125,19.79018783569336,101.78838348388672,121.57856750488281,164.50267028808594,0.9852777123451233,0.3285490870475769,0.12922845780849457,0.020602146163582802,0.3184209167957306,1.0,0.1780703216791153,0.02059989795088768,-876.3204956054688,0.020602146163582802,-0.00034438888542354107,0.052764855325222015,0.0,0.6156623363494873,0.0
19.139734268188477,28.5,1000.0,183.0,1.153617262840271,0.00013968591520097107,40.0,1.0010991096496582,1.0010991096496582,1.0010991096496582,0.000777187873609364,0.0,0.775002658367157,3680000.0,-0.007566711865365505,0.0002880506217479706,2.0980834847250662e-09,0.026619793847203255,0.00024688057601451874,2.1022446155548096,0.31028860807418823,-0.057203829288482666,3.190812110900879,22742.9921875,20.75877571105957,100.4916000366211,121.25037384033203,164.9479522705078,0.9922473430633545,0.32301607728004456,0.1358201652765274,0.020313739776611328,0.3077645003795624,1.0,0.16551418602466583,0.020272454246878624,-288.474853515625,0.020313739776611328,-0.0013240226544439793,0.04246175289154053,0.0,0.6863031387329102,0.0
19.161130905151367,31.459999084472656,1000.0,184.0,1.160791039466858,0.00014177370758261532,40.0,1.0007222890853882,1.0007222890853882,1.0007222890853882,0.0005107073811814189,0.0,0.781170129776001,3700000.0,-0.006288557313382626,0.0012781545519828796,-4.386901952813105e-09,0.02637675032019615,-0.00024304352700710297,2.0680739879608154,0.32477033138275146,0.014481723308563232,3.0633368492126465,22865.654296875,21.25193977355957,101.37488555908203,122.62682342529297,163.09645080566406,1.0333290100097656,0.3187374174594879,0.13223306834697723,0.018730634823441505,0.29712367057800293,1.0,0.15818263590335846,0.018625203520059586,-855.0957641601562,0.018730634823441505,0.002268316922709346,0.04880225285887718,0.0,0.6401695609092712,0.0
19.052207946777344,26.920000076293945,1000.0,185.0,1.1658884286880493,0.00011616045230766758,40.0,1.0006498098373413,1.0006498098373413,1.0006498098373413,0.0004594568454194814,0.0,0.7854331135749817,3720000.0,-0.005245950538665056,0.0010426067747175694,-1.277923544762416e-08,0.029186075553297997,0.002809325233101845,2.037790060043335,0.3706490397453308,0.045878708362579346,3.0518813133239746,22987.197265625,21.539302825927734,99.96635437011719,121.50566101074219,164.6013946533203,0.910463273525238,0.3500518798828125,0.1581760197877884,0.024127090349793434,0.32488131523132324,1.0,0.16753175854682922,0.02359854057431221,-74.11077117919922,0.024127090349793434,0.00512678362429142,0.049728330224752426,0.0,0.6341806650161743,0.0
18.4925479888916,26.079999923706055,1000.0,186.0,1.1702685356140137,0.00010810437379404902,40.0,0.999751091003418,0.999751091003418,0.999751091003418,0.00017600524006411433,0.0,0.7887042164802551,3740000.0,-0.006973643321543932,-0.0017276927828788757,1.0967254882032762e-09,0.02795443870127201,-0.0012316368520259857,1.9733257293701172,0.3461444079875946,-0.024504631757736206,3.2209010124206543,23110.015625,21.61836814880371,101.16822052001953,122.78659057617188,162.8842315673828,0.9841051697731018,0.3536486029624939,0.1096416488289833,0.02065126970410347,0.3219582736492157,1.0,0.1351158320903778,0.02064601704478264,-26.236286163330078,0.02065126970410347,0.0004830503021366894,0.04442363232374191,0.0,0.6709774136543274,0.0
19.133943557739258,27.079999923706055,1000.0,187.0,1.1739808320999146,0.0001384134084219113,40.0,1.0001295804977417,1.0001295804977417,1.0001295804977417,9.159915498457849e-05,0.0,0.7908703684806824,3760000.0,-0.007536038290709257,-0.0005623949691653252,-6.294250454175199e-09,0.027690958231687546,-0.000263480469584465,2.1827516555786133,0.34831637144088745,0.0021719634532928467,3.415637969970703,23232.203125,20.664173126220703,101.49049377441406,122.15467071533203,163.7268524169922,0.9881314635276794,0.3294554650783539,0.1191294714808464,0.020483318716287613,0.3083697557449341,1.0,0.15964573621749878,0.020482152700424194,-89.83663940429688,0.020483318716287613,0.0002368574496358633,0.04814779385924339,0.0,0.6445056796073914,0.0
19.012685775756836,25.84000015258789,1000.0,188.0,1.1732643842697144,0.00011943843855988234,40.0,0.9995099902153015,0.9995099902153015,0.9995099902153015,0.000346475193509832,0.0,0.7906732559204102,3780000.0,-0.007148529402911663,0.00038750888779759407,-1.6307831529616124e-08,0.02839759550988674,0.0007066372781991959,2.099787950515747,0.3120925724506378,-0.036223798990249634,2.853996992111206,23354.95703125,20.49746322631836,102.22114562988281,122.7186050415039,162.97447204589844,0.9440940618515015,0.34453287720680237,0.15484945476055145,0.022438783198595047,0.3129924535751343,1.0,0.17750827968120575,0.022424792870879173,-14.402497291564941,0.022438783198595047,0.0008273210842162371,0.04892357066273689,0.0,0.6393753290176392,0.0
18.31049156188965,23.399999618530273,1000.0,189.0,1.170552372932434,0.00015437739784829319,40.0,0.9998840689659119,0.9998840689659119,0.9998840689659119,8.1989674072247e-05,0.0,0.7890617251396179,3800000.0,-0.017459377646446228,-0.010310848243534565,1.907348723406699e-09,0.02365843579173088,-0.004739159718155861,1.8926702737808228,0.2618396580219269,-0.05025291442871094,2.4528446197509766,23478.71875,20.691011428833008,103.03480529785156,123.72581481933594,161.6477508544922,0.8963267803192139,0.3087908923625946,0.14443393051624298,0.02489413693547249,0.34450700879096985,1.0,0.2210243195295334,0.024417560547590256,-32.375240325927734,0.02489413693547249,-0.006136859301477671,0.07902397960424423,1.1156644821166992,0.0,3.0
18.623435974121094,23.059999465942383,1000.0,190.0,1.165249228477478,0.00014513114001601934,40.0,0.9994645714759827,0.9994645714759827,0.9994645714759827,0.00037859106669202447,0.0,0.784864604473114,3820000.0,-0.014444319531321526,0.0030150581151247025,-4.291534239087014e-09,0.029703032225370407,0.006044596433639526,2.134260892868042,0.31715109944343567,0.05531144142150879,2.734264373779297,23605.421875,20.328725814819336,106.34204864501953,126.67076873779297,157.88961791992188,0.9639109373092651,0.317360520362854,0.15793481469154358,0.021525636315345764,0.3292425572872162,1.0,0.15107029676437378,0.02132253348827362,-87.56629180908203,0.021525636315345764,0.0029542171396315098,0.042970210313797,1.037440299987793,0.0,3.0
18.346525192260742,21.040000915527344,1000.0,191.0,1.1665431261062622,0.00016246359155047685,40.0,1.0000540018081665,1.0000540018081665,1.0000540018081665,3.815696618403308e-05,0.0,0.7856170535087585,3840000.0,-0.013499874621629715,0.0009444449096918106,8.106231796922714e-10,0.024089686572551727,-0.00561334565281868,2.159731864929199,0.3264310359954834,0.00927993655204773,2.7258214950561523,23726.87109375,20.503795623779297,100.90706634521484,121.4108657836914,164.7299041748047,1.0128941535949707,0.2922644019126892,0.17262960970401764,0.019494030624628067,0.28854385018348694,1.0,0.16124406456947327,0.018846724182367325,-310.9505920410156,0.019494030624628067,0.005713340826332569,0.050427887588739395,0.9872699975967407,0.0,3.0
20.25359535217285,25.280000686645508,1000.0,192.0,1.1719754934310913,0.00014673986879643053,40.0,0.9992062449455261,0.9992062449455261,0.9992062449455261,0.0005613117245957255,0.0,0.7895193099975586,3860000.0,-0.007221102248877287,0.006278772372752428,-5.102157807357344e-09,0.026626387611031532,0.002536701038479805,2.118457555770874,0.35849836468696594,0.032067328691482544,2.40610671043396,23848.634765625,20.108266830444336,101.62247467041016,121.7307357788086,164.2970428466797,0.9429709315299988,0.3151860237121582,0.1186211109161377,0.022492265328764915,0.3245870769023895,1.0,0.19835157692432404,0.02238820679485798,-1.2504746913909912,0.022492265328764915,0.002534047933295369,0.06170950457453728,0.0,0.5692970156669617,0.0
20.35883331298828,26.81999969482422,1000.0,193.0,1.1818134784698486,0.00011390928557375446,40.0,0.9984714388847351,0.9984714388847351,0.9984714388847351,0.0010808700462803245,0.0,0.7970921397209167,3880000.0,-0.004892190918326378,0.002328911330550909,-2.8610229740877458e-09,0.024603644385933876,-0.0020227432250976562,2.1788790225982666,0.3950323760509491,0.036534011363983154,2.770052194595337,23973.22265625,20.35514259338379,104.1994400024414,124.55458068847656,160.57217407226562,0.8942767977714539,0.3458932340145111,0.16330090165138245,0.02500840090215206,0.3241773247718811,1.0,0.13075828552246094,0.02457473613321781,-73.78956604003906,0.02500840090215206,0.004411556292325258,0.04487762600183487,0.0,0.6675748825073242,0.0
21.641864776611328,30.360000610351562,1000.0,194.0,1.1849778890609741,0.00013292732182890177,40.0,0.9994332790374756,0.9994332790374756,0.9994332790374756,0.00040073221316561103,0.0,0.7999935150146484,3900000.0,-0.009096783585846424,-0.004204592667520046,-8.01086397217432e-09,0.022854043170809746,-0.0017496012151241302,2.3126583099365234,0.42300382256507874,0.02797144651412964,3.2257823944091797,24095.748046875,20.150157928466797,102.33999633789062,122.49015808105469,163.27842712402344,0.9074821472167969,0.3298696279525757,0.1472417414188385,0.024285869672894478,0.34032493829727173,1.0,0.18859916925430298,0.02422718144953251,-479.3083801269531,0.024285869672894478,-0.0018755248747766018,0.05993720144033432,0.0,0.5776525735855103,0.0
22.107559204101562,28.5,1000.0,195.0,1.1788336038589478,0.00013991782907396555,40.0,0.9992106556892395,0.9992106556892395,0.9992106556892395,0.0005581366713158786,0.0,0.795296847820282,3920000.0,-0.008259648457169533,0.0008371351286768913,1.3732909920349812e-08,0.023494962602853775,0.0006409194320440292,2.2495250701904297,0.360919713973999,-0.06208410859107971,3.2103044986724854,24218.27734375,19.96468162536621,102.53062438964844,122.49530792236328,163.2715606689453,0.9248872399330139,0.32304325699806213,0.1249578669667244,0.023380417376756668,0.34234824776649475,1.0,0.18061195313930511,0.023319171741604805,-233.87948608398438,0.023380417376756668,-0.001790991984307766,0.05237291008234024,0.0,0.6179617643356323,0.0
21.210670471191406,27.940000534057617,1000.0,196.0,1.1804286241531372,0.00012809970939997584,40.0,0.9997695088386536,0.9997695088386536,0.9997695088386536,0.00016296781541313976,0.0,0.7963990569114685,3940000.0,-0.009476312436163425,-0.0012166639789938927,3.1661986810149756e-08,0.022005196660757065,-0.0014897659420967102,2.109257221221924,0.36458683013916016,0.003667116165161133,2.568528652191162,24342.201171875,19.90799331665039,103.98332977294922,123.89131927490234,161.4318084716797,1.0648688077926636,0.32983100414276123,0.11603621393442154,0.017637522891163826,0.30305755138397217,1.0,0.18361599743366241,0.017534788697957993,-136.42587280273438,0.017637522891163826,-0.0025510890409350395,0.0633482113480568,0.0,0.561885416507721,0.0
19.442668914794922,28.239999771118164,1000.0,197.0,1.1862438917160034,0.0001360208698315546,40.0,1.0004469156265259,1.0004469156265259,1.0004469156265259,0.0003159889602102339,0.0,0.8004841208457947,3960000.0,-0.009359669871628284,0.00011664256453514099,-3.0994415922691587e-09,0.026379305869340897,0.004374109208583832,2.0466578006744385,0.3457382619380951,-0.018848568201065063,2.7990128993988037,24464.69140625,19.918697357177734,102.53787231445312,122.45657348632812,163.32321166992188,1.0118138790130615,0.326494038105011,0.12414931505918503,0.01953567937016487,0.3064131736755371,1.0,0.2032558172941208,0.019524458795785904,-158.39236450195312,0.01953567937016487,-0.000862264190800488,0.06626753509044647,0.0,0.5493695139884949,0.0
18.24835968017578,27.520000457763672,1000.0,198.0,1.1862707138061523,0.0001257109543075785,40.0,1.0002418756484985,1.0002418756484985,1.0002418756484985,0.0001710038195597008,0.0,0.8004058003425598,3980000.0,-0.006973934359848499,0.002385735511779785,2.7656554824062596e-09,0.023438895121216774,-0.0029404107481241226,2.1080169677734375,0.3162783682346344,-0.029459893703460693,2.7871737480163574,24590.009765625,19.673492431640625,105.61003875732422,125.28353118896484,159.63790893554688,0.9359429478645325,0.3408348262310028,0.17777712643146515,0.022831320762634277,0.3090728223323822,1.0,0.1479598581790924,0.022825589403510094,-164.72386169433594,0.022831320762634277,-0.0004699915007222444,0.03854711353778839,0.0,0.7203092575073242,0.0
18.905738830566406,25.100000381469727,1000.0,199.0,1.1882561445236206,0.00011588331835810095,40.0,0.9992145895957947,0.9992145895957947,0.9992145895957947,0.0005553830415010452,0.0,0.8018258213996887,4000000.0,-0.0066482871770858765,0.00032564718276262283,-4.386901952813105e-09,0.02382362075150013,0.0003847256302833557,2.2149696350097656,0.34032613039016724,0.024047762155532837,2.8552780151367188,24712.740234375,19.682355880737305,103.01588439941406,122.6982421875,163.00152587890625,0.9525115489959717,0.35066530108451843,0.13039903342723846,0.022043943405151367,0.32137367129325867,1.0,0.1625937968492508,0.022018572315573692,-0.19997569918632507,0.022043943405151367,0.0010739528806880116,0.04545990377664566,0.0,0.6632857918739319,0.0
20.057209014892578,22.200000762939453,1000.0,200.0,1.1797118186950684,0.00016014426364563406,40.0,1.0004240274429321,1.0004240274429321,1.0004240274429321,0.0002998607815243304,0.0,0.7961564064025879,4020000.0,-0.015815114602446556,-0.00916682742536068,-1.0061263822080946e-08,0.02682633139193058,0.0030027106404304504,2.1683075428009033,0.3263799846172333,-0.01394614577293396,2.9739418029785156,24835.396484375,19.77792739868164,102.8431167602539,122.62104797363281,163.10414123535156,0.9641738533973694,0.30403611063957214,0.14937448501586914,0.02151389606297016,0.3153332769870758,1.0,0.1343708485364914,0.021374497562646866,-194.81541442871094,0.02151389606297016,-0.0023683817125856876,0.040239058434963226,1.0371572971343994,0.0,3.0
21.542268753051758,25.719999313354492,1000.0,201.0,1.1769565343856812,0.00014286294754128903,40.0,1.00077486038208,1.00077486038208,1.00077486038208,0.0005479090032167733,0.0,0.7942822575569153,4040000.0,-0.007682499010115862,0.008132615592330694,7.724762163263676e-09,0.028654780238866806,0.0018284488469362259,2.173460006713867,0.34428665041923523,0.017906665802001953,2.74542498588562,24959.09375,21.094669342041016,102.5689926147461,123.66366577148438,161.72898864746094,0.9792636036872864,0.32206860184669495,0.13644488155841827,0.0208559762686491,0.3198210895061493,1.0,0.1714368462562561,0.020855925977230072,-10.10849666595459,0.0208559762686491,5.049619358032942e-05,0.05118221044540405,0.0,0.625108540058136,0.0
21.052352905273438,23.760000228881836,1000.0,202.0,1.175533413887024,0.000148114821058698,40.0,1.0011838674545288,1.0011838674545288,1.0011838674545288,0.0008370925788767636,0.0,0.7941155433654785,4060000.0,-0.01433003693819046,-0.006647537928074598,-3.433227480087453e-09,0.024429604411125183,-0.004225175827741623,2.1634624004364014,0.317241370677948,-0.02704527974128723,2.830069065093994,25081.619140625,21.394399642944336,101.09580993652344,122.49020385742188,163.2783660888672,0.9472668170928955,0.3120521903038025,0.15643535554409027,0.022288721054792404,0.32942381501197815,1.0,0.14747647941112518,0.021587174385786057,-37.25759506225586,0.022288721054792404,0.00537929916754365,0.04124727100133896,1.055668830871582,0.0,3.0
21.01038360595703,26.239999771118164,1000.0,203.0,1.1683883666992188,0.00013361757737584412,40.0,0.9985289573669434,0.9985289573669434,0.9985289573669434,0.0010401841718703508,0.0,0.7885609269142151,4080000.0,-0.008374368771910667,0.005955668166279793,5.531310964812519e-09,0.029097899794578552,0.004668295383453369,2.1235454082489014,0.32603347301483154,0.008792102336883545,2.704024076461792,25202.849609375,21.75426483154297,99.44166564941406,121.19593048095703,165.02203369140625,0.9929043650627136,0.3352852165699005,0.14519572257995605,0.020286865532398224,0.2988028824329376,1.0,0.18240943551063538,0.020286787301301956,-23.19398307800293,0.020286865532398224,-7.184484275057912e-05,0.06623590737581253,0.0,0.5495007038116455,0.0
20.888578414916992,30.440000534057617,1000.0,204.0,1.1595088243484497,0.0001287522609345615,40.0,1.0013879537582397,1.0013879537582397,1.0013879537582397,0.0009814596269279718,0.0,0.7816908955574036,4100000.0,-0.007294350303709507,0.0010800184682011604,-4.00543198608716e-09,0.027032574638724327,-0.002065325155854225,2.1686336994171143,0.3641592264175415,0.03812575340270996,2.7176146507263184,25329.404296875,21.403715133666992,105.11807250976562,126.52178955078125,158.07554626464844,0.9875895380973816,0.33669301867485046,0.10710931569337845,0.02050580456852913,0.3412509560585022,1.0,0.1888641119003296,0.02050577476620674,-477.6326904296875,0.02050580456852913,-4.3343170545995235e-05,0.061956316232681274,0.0,0.5681619644165039,0.0
20.826805114746094,29.68000030517578,1000.0,205.0,1.1536766290664673,0.00011041710968129337,40.0,1.0003074407577515,1.0003074407577515,1.0003074407577515,0.00021742154785897583,0.0,0.7768383622169495,4120000.0,-0.006574966013431549,0.0007193842902779579,1.3351439953623867e-09,0.024460693821310997,-0.00257188081741333,2.112298011779785,0.2812477648258209,-0.08291146159172058,2.5866293907165527,25451.30859375,20.802200317382812,101.06805419921875,121.87025451660156,164.10894775390625,1.0445983409881592,0.35382506251335144,0.10817226767539978,0.018328677862882614,0.31201449036598206,1.0,0.12437503039836884,0.018319083377718925,-661.2000122070312,0.018328677862882614,-0.0005637338617816567,0.03312421590089798,0.0,0.7770377397537231,0.0
21.52892303466797,27.600000381469727,1000.0,206.0,1.1420079469680786,0.00012713044998236,40.0,1.000097632408142,1.000097632408142,1.000097632408142,6.906464841449633e-05,0.0,0.7680420875549316,4140000.0,-0.007602596655488014,-0.0010276306420564651,4.482269222449986e-09,0.0258481465280056,0.001387452706694603,2.1913042068481445,0.30144479870796204,0.020197033882141113,2.6737382411956787,25574.984375,20.23855209350586,103.40621948242188,123.64476776123047,161.7537078857422,0.9383033514022827,0.3379724323749542,0.1364409178495407,0.022716596722602844,0.3259294033050537,1.0,0.16076430678367615,0.0224807970225811,-147.8230438232422,0.022716596722602844,-0.0032835574820637703,0.04572416841983795,0.0,0.6613662242889404,0.0
21.54576873779297,26.899999618530273,1000.0,207.0,1.1356801986694336,0.0001279797579627484,40.0,0.9997415542602539,0.9997415542602539,0.9997415542602539,0.0001827487285481766,0.0,0.7635729908943176,4160000.0,-0.008739490061998367,-0.001136893406510353,1.2350082734258194e-08,0.024544984102249146,-0.0013031624257564545,2.202507972717285,0.35834386944770813,0.056899070739746094,2.7816784381866455,25698.064453125,19.565038681030273,103.47930908203125,123.04434204101562,162.54302978515625,0.985663652420044,0.33620890974998474,0.1334220916032791,0.02058601751923561,0.32258304953575134,1.0,0.2245570421218872,0.020582618191838264,-53.20052719116211,0.02058601751923561,-0.0004802520852535963,0.06783093512058258,0.0,0.5430015325546265,0.0
21.37824249267578,25.440000534057617,1000.0,208.0,1.1354585886001587,0.0001330007507931441,40.0,1.0009626150131226,1.0009626150131226,1.0009626150131226,0.0006805873126722872,0.0,0.7630453109741211,4180000.0,-0.004870839882642031,0.0038686501793563366,3.814697446813398e-09,0.02421576716005802,-0.00032921694219112396,2.1334481239318848,0.32465752959251404,-0.03368633985519409,2.695754051208496,25820.251953125,19.462215423583984,102.69281005859375,122.15502166748047,163.72637939453125,0.9555144309997559,0.33509334921836853,0.1487877368927002,0.021905608475208282,0.3067415952682495,1.0,0.20940028131008148,0.021522484719753265,-4.6064372062683105,0.021905608475208282,0.004004053771495819,0.04184654727578163,0.0,0.6913295388221741,0.0
20.948772430419922,34.0,1000.0,209.0,1.1352249383926392,0.00012897186388727278,40.0,0.999439537525177,0.999439537525177,0.999439537525177,0.00039632085827179253,0.0,0.7634204030036926,4200000.0,-0.008767617866396904,-0.0038967779837548733,-3.814697446813398e-09,0.023962456732988358,-0.000253310427069664,2.1512866020202637,0.4009634852409363,0.07630595564842224,2.8903205394744873,25942.265625,19.573318481445312,102.4065170288086,121.9798355102539,163.96153259277344,0.9057381749153137,0.3358079195022583,0.15472029149532318,0.024379480630159378,0.3427221179008484,1.0,0.2333330661058426,0.02430551126599312,-737.7672729492188,0.024379480630159378,0.002849724143743515,0.10978773236274719,0.0,0.42681342363357544,0.0
19.600175857543945,33.459999084472656,1000.0,210.0,1.1345829963684082,0.000148330582305789,40.0,0.9993299841880798,0.9993299841880798,0.9993299841880798,0.00047378678573295474,0.0,0.7628174424171448,4220000.0,-0.010642662644386292,-0.0018750447779893875,-1.3828277412031298e-09,0.024812975898385048,0.0008505191653966904,2.0342769622802734,0.36408531665802,-0.03687816858291626,2.848902463912964,26064.34765625,19.49832534790039,102.5507583618164,122.04907989501953,163.86849975585938,0.9155867695808411,0.3121018409729004,0.14424720406532288,0.02385782077908516,0.34277012944221497,1.0,0.3154783844947815,0.023845059797167778,-546.3624877929688,0.02385782077908516,-0.00129286153241992,0.13099171221256256,0.0,0.3907446563243866,0.0
19.31260871887207,36.279998779296875,1000.0,211.0,1.1358627080917358,0.0001332130195805803,40.0,0.9997075200080872,0.9997075200080872,0.9997075200080872,0.00020680052693933249,0.0,0.7632761001586914,4240000.0,-0.010050799697637558,0.0005918629467487335,7.915496702537439e-09,0.02631850354373455,0.0015055276453495026,1.9877984523773193,0.3819391429424286,0.01785382628440857,3.13739275932312,26186.8515625,19.62013053894043,102.84870147705078,122.46882629394531,163.30685424804688,0.9320024847984314,0.3314690589904785,0.14888769388198853,0.0230247899889946,0.33786651492118835,1.0,0.2157190442085266,0.02293294481933117,-1749.0013427734375,0.0230247899889946,-0.0025848830118775368,0.07274831831455231,0.0,0.5243285298347473,0.0
18.62824058532715,28.31999969482422,1000.0,212.0,1.1423861980438232,0.00012572400737553835,40.0,1.0000499486923218,1.0000499486923218,1.0000499486923218,3.5290984669700265e-05,0.0,0.7683817744255066,4260000.0,-0.010682087391614914,-0.000631287693977356,1.430511542555024e-10,0.024452723562717438,-0.0018657799810171127,2.0016467571258545,0.4076017439365387,0.025662600994110107,3.500009298324585,26310.1015625,19.529903411865234,103.68836975097656,123.21827697753906,162.31358337402344,0.8467361330986023,0.33469095826148987,0.15700623393058777,0.02789546735584736,0.3631362318992615,1.0,0.21269658207893372,0.027817148715257645,-137.10763549804688,0.02789546735584736,-0.0025090565904974937,0.08038056641817093,0.0,0.4988149106502533,0.0
18.336828231811523,33.939998626708984,1000.0,213.0,1.149441123008728,0.0001315089757554233,40.0,1.0001554489135742,1.0001554489135742,1.0001554489135742,0.00010997520439559594,0.0,0.7734600901603699,4280000.0,-0.016199210658669472,-0.005517123267054558,1.3828277189986693e-08,0.02634410373866558,0.001891380175948143,1.9367541074752808,0.5664433836936951,0.15884163975715637,3.121138572692871,26432.18359375,19.541505813598633,102.50772857666016,122.04924011230469,163.8682861328125,0.8422392010688782,0.3186452388763428,0.17917422950267792,0.028194144368171692,0.35613682866096497,1.0,0.33310800790786743,0.027950452640652657,-503.6858825683594,0.028194144368171692,-0.006218257360160351,0.15867111086845398,0.0,0.3550308048725128,0.0
18.694616317749023,33.29999923706055,1000.0,214.0,1.1477857828140259,0.00012643446098081768,40.0,0.9992561340332031,0.9992561340332031,0.9992561340332031,0.0005259645986370742,0.0,0.771624743938446,4300000.0,-0.008403987623751163,0.007795223034918308,-2.38418573772492e-09,0.02839253656566143,0.0020484328269958496,2.0875895023345947,0.41252362728118896,-0.1539197564125061,3.4524242877960205,26554.59375,19.86237907409668,102.51526641845703,122.37763977050781,163.4285430908203,1.0023475885391235,0.3416750729084015,0.1192748174071312,0.019906416535377502,0.31919220089912415,1.0,0.19259639084339142,0.01980896107852459,-843.3865966796875,0.019906416535377502,0.0028213930781930685,0.08168062567710876,0.0,0.49482935667037964,0.0
19.767410278320312,31.139999389648438,1000.0,215.0,1.1472630500793457,0.0001234348164871335,40.0,1.0006808042526245,1.0006808042526245,1.0006808042526245,0.00048137319390662014,0.0,0.77115398645401,4320000.0,-0.00717144412919879,0.0012325434945523739,6.675720420901143e-09,0.0299393143504858,0.0015467777848243713,2.0217621326446533,0.32237890362739563,-0.09014472365379333,3.4441628456115723,26677.552734375,19.876834869384766,103.04513549804688,122.92196655273438,162.70484924316406,0.9385995864868164,0.3421509265899658,0.12822167575359344,0.022702261805534363,0.3372500538825989,1.0,0.1459769904613495,0.02270154096186161,-833.26806640625,0.022702261805534363,0.00018053431995213032,0.045241955667734146,0.0,0.6648815274238586,0.0
19.5848331451416,22.260000228881836,1000.0,216.0,1.144879698753357,0.00014964141882956028,40.0,1.000210165977478,1.000210165977478,1.000210165977478,0.0001485816901549697,0.0,0.7711116671562195,4340000.0,-0.015195859596133232,-0.008024415466934443,-1.907348723406699e-09,0.025335360318422318,-0.004603954032063484,1.9825150966644287,0.31209033727645874,-0.01028856635093689,3.6116065979003906,26800.31640625,19.75745964050293,102.969482421875,122.72693634033203,162.96340942382812,0.9878629446029663,0.31637510657310486,0.12865930795669556,0.020494457334280014,0.3202621042728424,1.0,0.1557191163301468,0.020494457334280014,-133.35177612304688,0.020494457334280014,-4.912435542792082e-06,0.056290749460458755,1.0122861862182617,0.0,3.0
19.649280548095703,21.559999465942383,1000.0,217.0,1.1446127891540527,0.0001382942864438519,40.0,1.0007425546646118,1.0007425546646118,1.0007425546646118,0.0005250935209915042,0.0,0.7726531028747559,4360000.0,-0.01788364164531231,-0.002687782049179077,4.148483334631692e-09,0.029462391510605812,0.004127031192183495,2.05229115486145,0.34455397725105286,0.032463639974594116,3.422956943511963,26925.15625,20.571884155273438,104.23519134521484,124.80707550048828,160.24732971191406,0.8699508309364319,0.3207637369632721,0.13376760482788086,0.026426546275615692,0.36871472001075745,1.0,0.22301973402500153,0.026425441727042198,-172.0089111328125,0.026426546275615692,-0.000275683356449008,0.06878845393657684,1.149490237236023,0.0,3.0
18.945817947387695,23.299999237060547,1000.0,218.0,1.1341472864151,0.00015143846394494176,40.0,0.9991909861564636,0.9991909861564636,0.9991909861564636,0.0005720732151530683,0.0,0.7654597163200378,4380000.0,-0.01583898440003395,0.0020446572452783585,-6.294250454175199e-09,0.028746213763952255,-0.0007161777466535568,1.9982707500457764,0.34067830443382263,-0.0038756728172302246,3.5085034370422363,27047.119140625,19.959611892700195,101.97074890136719,121.93035888671875,164.02806091308594,0.9295722246170044,0.31785351037979126,0.13688251376152039,0.023145336657762527,0.34193527698516846,1.0,0.16120372712612152,0.02314215525984764,-54.10153579711914,0.023145336657762527,0.00041213195072486997,0.05339837074279785,1.0757635831832886,0.0,3.0
18.95122718811035,25.239999771118164,1000.0,219.0,1.1358445882797241,0.00010902115172939375,40.0,1.0003814697265625,1.0003814697265625,1.0003814697265625,0.0002697960298974067,0.0,0.7663256525993347,4400000.0,-0.007723945192992687,0.008115039207041264,1.430511542555024e-10,0.028734110295772552,-1.2103468179702759e-05,2.0192012786865234,0.3575321137905121,0.016853809356689453,3.446126937866211,27169.55078125,20.553085327148438,101.84400177001953,122.39708709716797,163.402587890625,0.9627320766448975,0.35193559527397156,0.12680543959140778,0.021578382700681686,0.3518538475036621,1.0,0.16910700500011444,0.021577900275588036,-1.0036802291870117,0.021578382700681686,0.0001646159216761589,0.05626745522022247,0.0,0.5961922407150269,0.0
20.35727310180664,27.700000762939453,1000.0,220.0,1.1383028030395508,0.0001088702047127299,40.0,0.9991704821586609,0.9991704821586609,0.9991704821586609,0.0005865717539563775,0.0,0.7679799199104309,4420000.0,-0.00936900731176138,-0.001645062118768692,2.38418573772492e-09,0.026805119588971138,-0.0019289907068014145,2.1972031593322754,0.3698505461215973,0.012318432331085205,3.8528149127960205,27292.66015625,20.900766372680664,102.1701431274414,123.07091522216797,162.5079345703125,0.9575998187065125,0.3521682024002075,0.12962988018989563,0.02181030437350273,0.34438270330429077,1.0,0.16991500556468964,0.021800437942147255,-100.43115997314453,0.02181030437350273,-0.0008461835095658898,0.07257261872291565,0.0,0.524962842464447,0.0
20.865890502929688,27.600000381469727,1000.0,221.0,1.1318728923797607,0.00012166261149104685,40.0,0.9997246861457825,0.9997246861457825,0.9997246861457825,0.0001946341508300975,0.0,0.7624456286430359,4440000.0,-0.008820920251309872,0.0005480870604515076,-2.717971847587819e-09,0.026076914742588997,-0.0007282048463821411,2.070528984069824,0.32765835523605347,-0.04219219088554382,3.4842898845672607,27416.85546875,21.385557174682617,102.77123260498047,124.15679168701172,161.08663940429688,0.9405720829963684,0.3437706530094147,0.13730712234973907,0.022607140243053436,0.35599973797798157,1.0,0.17393335700035095,0.022534044459462166,-110.472412109375,0.022607140243053436,-0.002114732749760151,0.06118067726492882,0.0,0.57175213098526,0.0
20.76895523071289,29.719999313354492,1000.0,222.0,1.1348072290420532,0.00013031193520873785,40.0,1.0001720190048218,1.0001720190048218,1.0001720190048218,0.00012166391388745978,0.0,0.7645166516304016,4460000.0,-0.008437814190983772,0.0003831060603260994,5.912780931538464e-09,0.02854321524500847,0.0024663005024194717,2.0640268325805664,0.34061557054519653,0.012957215309143066,3.387530565261841,27539.5546875,20.855985641479492,101.80704498291016,122.66303253173828,163.04830932617188,0.9124003648757935,0.3347011208534241,0.15894077718257904,0.024024751037359238,0.3462316691875458,1.0,0.16207505762577057,0.024024732410907745,-398.4374084472656,0.024024751037359238,3.1806761398911476e-05,0.0559115931391716,0.0,0.5980865359306335,0.0
19.351783752441406,29.479999542236328,1000.0,223.0,1.1434301137924194,0.00013771362137049437,40.0,0.9998624324798584,0.9998624324798584,0.9998624324798584,9.727492579258978e-05,0.0,0.7721239924430847,4480000.0,-0.007668561767786741,0.000769252423197031,7.748603536583687e-09,0.0257650725543499,-0.0027781426906585693,2.0376834869384766,0.33174818754196167,-0.008867383003234863,3.4695961475372314,27664.8046875,20.214494705200195,105.0020751953125,125.21656799316406,159.7232666015625,0.9517145156860352,0.32338109612464905,0.12464490532875061,0.022080883383750916,0.32938942313194275,1.0,0.1848495453596115,0.02199995145201683,-295.9713439941406,0.022080883383750916,0.002342600841075182,0.06780736893415451,0.0,0.5430958867073059,0.0
19.91659164428711,27.860000610351562,1000.0,224.0,1.1522899866104126,0.00012174903531558812,40.0,1.0009855031967163,1.0009855031967163,1.0009855031967163,0.0006967717199586332,0.0,0.7793484330177307,4500000.0,-0.007342811208218336,0.00032575055956840515,-8.296966669263384e-09,0.027170231565833092,0.0014051590114831924,2.125685214996338,0.3460623025894165,0.014314115047454834,3.0193071365356445,27787.123046875,19.74137306213379,102.54313659667969,122.28450775146484,163.55300903320312,0.8769686818122864,0.3382312059402466,0.1623123437166214,0.02600529044866562,0.37089306116104126,1.0,0.16762974858283997,0.025883067399263382,-119.45262145996094,0.02600529044866562,0.0028927396051585674,0.0684642493724823,0.0,0.5404842495918274,0.0
19.897552490234375,25.799999237060547,1000.0,225.0,1.1552664041519165,0.0001188374008052051,40.0,0.9996911883354187,0.9996911883354187,0.9996911883354187,0.0002184049808420241,0.0,0.7812676429748535,4520000.0,-0.008883381262421608,-0.0015405700542032719,3.4809113369504985e-09,0.026982519775629044,-0.00018771179020404816,2.0971803665161133,0.3657916188240051,0.019729316234588623,3.2359819412231445,27910.2265625,19.6849365234375,103.38462829589844,123.06956481933594,162.5097198486328,0.9136391282081604,0.3415551483631134,0.11125481873750687,0.023959647864103317,0.36246299743652344,1.0,0.23803038895130157,0.02395959198474884,-8.294711112976074,0.023959647864103317,6.52747112326324e-05,0.07697185128927231,0.0,0.5097403526306152,0.0
20.774484634399414,25.520000457763672,1000.0,226.0,1.1633838415145874,0.00013023900100961328,40.0,0.9993610978126526,0.9993610978126526,0.9993610978126526,0.00045175800914876163,0.0,0.7867282032966614,4540000.0,-0.006321039982140064,0.0025623412802815437,-2.9087066089061864e-09,0.029217010363936424,0.0022344905883073807,2.114021062850952,0.34098368883132935,-0.02480792999267578,3.399441719055176,28033.00390625,19.77666664123535,102.96698760986328,122.74365234375,162.94122314453125,0.9254629015922546,0.3325100541114807,0.13352255523204803,0.023351337760686874,0.3379635810852051,1.0,0.1906977742910385,0.02310335822403431,-4.646772384643555,0.023351337760686874,0.0037905622739344835,0.05794163793325424,0.0,0.5875158309936523,0.0
20.279956817626953,24.360000610351562,1000.0,227.0,1.1572881937026978,0.00014045124407857656,40.0,1.0010080337524414,1.0010080337524414,1.0010080337524414,0.0007127874996513128,0.0,0.7816891670227051,4560000.0,-0.015261768363416195,-0.00894072838127613,-4.100799699813251e-09,0.02437324821949005,-0.004843762144446373,2.0725629329681396,0.34188929200172424,0.0009056031703948975,3.4707155227661133,28156.244140625,19.75864601135254,103.44757080078125,123.20621490478516,162.3294677734375,0.9131181240081787,0.3168390393257141,0.14818909764289856,0.023986995220184326,0.3469858765602112,1.0,0.1619471162557602,0.023814616724848747,-7.569996356964111,0.023986995220184326,0.003049996681511402,0.05396565422415733,1.0951485633850098,0.0,3.0
20.282197952270508,23.760000228881836,1000.0,228.0,1.1495733261108398,0.00014922140690032393,40.0,0.9988696575164795,0.9988696575164795,0.9988696575164795,0.0007992727914825082,0.0,0.7761386036872864,4580000.0,-0.015811219811439514,-0.0005494514480233192,-2.813339339269305e-09,0.02705499902367592,0.0026817508041858673,2.0476272106170654,0.36248016357421875,0.020590871572494507,3.2403364181518555,28279.400390625,19.9241943359375,103.19679260253906,123.12098693847656,162.4418487548828,0.890539824962616,0.3142956793308258,0.13052330911159515,0.025218727067112923,0.35292720794677734,1.0,0.22530029714107513,0.024995088577270508,-25.1601619720459,0.025218727067112923,0.003695442108437419,0.06106391176581383,1.122914433479309,0.0,3.0
20.397048950195312,29.540000915527344,1000.0,229.0,1.1446682214736938,0.00011296018783468753,40.0,0.9995307326316833,0.9995307326316833,0.9995307326316833,0.00033183617051690817,0.0,0.7718730568885803,4600000.0,-0.011719617061316967,0.004091602750122547,2.2888184680880386e-09,0.03055117093026638,0.0034961719065904617,2.0658044815063477,0.4062120020389557,0.04373183846473694,3.0382373332977295,28401.44140625,19.900135040283203,102.10789489746094,122.00802612304688,163.92364501953125,1.0188438892364502,0.35395705699920654,0.12633909285068512,0.019267017021775246,0.3283127546310425,1.0,0.18640363216400146,0.019077803939580917,-230.71942138671875,0.019267017021775246,-0.004111228510737419,0.08932849764823914,0.0,0.47317299246788025,0.0
20.962806701660156,32.939998626708984,1000.0,230.0,1.144785761833191,0.00011125066521344706,40.0,1.0011802911758423,1.0011802911758423,1.0011802911758423,0.0008346761460416019,0.0,0.7718021273612976,4620000.0,-0.008820192888379097,0.00289942417293787,-3.433227480087453e-09,0.029679175466299057,-0.0008719954639673233,2.1760950088500977,0.4478197395801544,0.04160773754119873,3.7085819244384766,28524.662109375,19.969585418701172,103.2176513671875,123.1872329711914,162.3544921875,0.9192665815353394,0.3518312871456146,0.1443396359682083,0.023667199537158012,0.34574005007743835,1.0,0.207434743642807,0.02358277700841427,-690.5702514648438,0.023667199537158012,0.0027761333622038364,0.09128940105438232,0.0,0.4680635333061218,0.0
20.883920669555664,34.2400016784668,1000.0,231.0,1.1504440307617188,0.00012462101585697383,40.0,1.0005722045898438,1.0005722045898438,1.0005722045898438,0.00040455354610458016,0.0,0.7757792472839355,4640000.0,-0.008577072992920876,0.00024311989545822144,9.775161791125697e-10,0.02648606151342392,-0.0031931139528751373,2.053635597229004,0.3534029424190521,-0.0944167971611023,3.075317621231079,28646.41015625,19.971555709838867,101.74178314208984,121.71334075927734,164.32052612304688,0.8599779009819031,0.34191083908081055,0.20609773695468903,0.027043024078011513,0.3331967294216156,1.0,0.17397862672805786,0.027017949149012566,-1195.127685546875,0.027043024078011513,0.001338362111710012,0.07143688201904297,0.0,0.5291194319725037,0.0
20.37233543395996,32.540000915527344,1000.0,232.0,1.1514520645141602,0.00013945938553661108,40.0,0.9993710517883301,0.9993710517883301,0.9993710517883301,0.00044470548164099455,0.0,0.7763800621032715,4660000.0,-0.009187783114612103,-0.000610710121691227,-4.577636936176077e-09,0.028721803799271584,0.002235742285847664,2.109562397003174,0.34237492084503174,-0.011028021574020386,3.4361684322357178,28771.552734375,19.77790069580078,105.331787109375,125.10968780517578,159.85972595214844,0.9500634670257568,0.3246789872646332,0.1384993940591812,0.0221576951444149,0.3437427878379822,1.0,0.19539670646190643,0.02210358716547489,-798.0000610351562,0.0221576951444149,-0.0019633369520306587,0.07124081999063492,0.0,0.5298470258712769,0.0
19.776390075683594,32.70000076293945,1000.0,233.0,1.1419984102249146,0.00012917126878164709,40.0,1.0001500844955444,1.0001500844955444,1.0001500844955444,0.00010604153794702142,0.0,0.7693924903869629,4680000.0,-0.007442574482411146,0.0017452086322009563,-1.115798919926192e-08,0.02709505893290043,-0.0016267448663711548,2.0663700103759766,0.4110373854637146,0.06866246461868286,3.497525453567505,28893.1796875,19.741918563842773,101.85079193115234,121.59271240234375,164.48353576660156,0.9926522970199585,0.33884283900260925,0.11477339267730713,0.02029716968536377,0.34261202812194824,1.0,0.18025901913642883,0.020123813301324844,-894.5341796875,0.02029716968536377,0.0033896605018526316,0.06627883017063141,0.0,0.5493227243423462,0.0
19.659809112548828,33.70000076293945,1000.0,234.0,1.1370489597320557,0.00013873451098334044,40.0,1.0008544921875,1.0008544921875,1.0008544921875,0.0006042734021320939,0.0,0.7647437453269958,4700000.0,-0.008582072332501411,-0.0011394978500902653,1.3828277189986693e-08,0.023695241659879684,-0.0033998172730207443,2.055851936340332,0.450211763381958,0.03917437791824341,3.722168445587158,29016.615234375,20.490692138671875,102.91142272949219,123.40211486816406,162.07177734375,0.9181217551231384,0.3330865800380707,0.13511742651462555,0.02372625842690468,0.3385767638683319,1.0,0.18287183344364166,0.023644041270017624,-970.0827026367188,0.02372625842690468,0.002532742451876402,0.07802266627550125,0.0,0.5062960982322693,0.0
19.201555252075195,28.899999618530273,1000.0,235.0,1.1436651945114136,0.00012736403732560575,40.0,0.9995034337043762,0.9995034337043762,0.9995034337043762,0.00035111134639009833,0.0,0.7693480849266052,4720000.0,-0.00694615300744772,0.0016359193250536919,4.708767153971394e-09,0.02599945105612278,0.0023042093962430954,2.0414047241210938,0.35413771867752075,-0.09607404470443726,3.279050350189209,29138.318359375,20.507015228271484,101.15782928466797,121.66484832763672,164.38601684570312,0.8831273317337036,0.3357011377811432,0.15529215335845947,0.02564384788274765,0.3486870229244232,1.0,0.18389742076396942,0.02557218074798584,-292.3056335449219,0.02564384788274765,0.0019310495117679238,0.05203099548816681,0.0,0.6199888586997986,0.0
19.358234405517578,23.559999465942383,1000.0,236.0,1.1415973901748657,0.00014313831343315542,40.0,0.9991427063941956,0.9991427063941956,0.9991427063941956,0.0006061840686015785,0.0,0.7683021426200867,4740000.0,-0.016459375619888306,-0.009513222612440586,-3.290176353587526e-09,0.028608625754714012,0.0026091746985912323,2.118518114089966,0.32074815034866333,-0.03338956832885742,3.312074899673462,29261.6171875,21.03368377685547,102.23308563232422,123.26676940917969,162.24974060058594,0.8564503788948059,0.3163025975227356,0.15986111760139465,0.027266252785921097,0.36931806802749634,1.0,0.17297913134098053,0.0271149892359972,-38.07773971557617,0.027266252785921097,0.0028693238273262978,0.054428454488515854,1.1676099300384521,0.0,3.0
19.265649795532227,26.6200008392334,1000.0,237.0,1.136675477027893,0.0001276762195629999,40.0,1.0009807348251343,1.0009807348251343,1.0009807348251343,0.0006934561533853412,0.0,0.7639253735542297,4760000.0,-0.00793077889829874,0.008528596721589565,6.246566819356758e-09,0.025927193462848663,-0.002681432291865349,2.007734775543213,0.3153471350669861,-0.005401015281677246,2.9350228309631348,29385.33203125,21.402284622192383,102.2777099609375,123.67999267578125,161.7076416015625,0.8873149752616882,0.3385676145553589,0.15220993757247925,0.025402367115020752,0.3499844968318939,1.0,0.19336900115013123,0.025380516424775124,-39.76637268066406,0.025402367115020752,0.0012005502358078957,0.06596234440803528,0.0,0.5506389737129211,0.0
19.2857608795166,22.959999084472656,1000.0,238.0,1.1215366125106812,0.00015345819701906294,40.0,0.99977046251297,0.99977046251297,0.99977046251297,0.00016226536536123604,0.0,0.7523784637451172,4780000.0,-0.015734979882836342,-0.0078042009845376015,-3.3855438452690123e-09,0.028286579996347427,0.002359386533498764,2.0678224563598633,0.31902408599853516,0.0036769509315490723,3.26222562789917,29509.708984375,20.893962860107422,103.45004272460938,124.34400177001953,160.84410095214844,0.9289266467094421,0.31402257084846497,0.14845368266105652,0.02317751944065094,0.3380488455295563,1.0,0.17026333510875702,0.02317427471280098,-66.22904968261719,0.02317751944065094,0.00045152136590331793,0.06281755864620209,1.076511263847351,0.0,3.0
19.28839111328125,21.68000030517578,1000.0,239.0,1.1041282415390015,0.00015230431745294482,40.0,0.9992527961730957,0.9992527961730957,0.9992527961730957,0.0005283529171720147,0.0,0.739802896976471,4800000.0,-0.017551355063915253,-0.0018163751810789108,-5.674362313357051e-09,0.027956966310739517,-0.00032961368560791016,2.0221288204193115,0.30772721767425537,-0.011296868324279785,2.9875166416168213,29632.0078125,20.27516746520996,101.98734283447266,122.26251220703125,163.5824432373047,0.848881185054779,0.31354793906211853,0.1561306267976761,0.02775466814637184,0.3693661689758301,1.0,0.25001466274261475,0.027752166613936424,-152.40853881835938,0.02775466814637184,0.00042527518235147,0.0723119005560875,1.1780211925506592,0.0,3.0
19.96845054626465,25.15999984741211,1000.0,240.0,1.0942798852920532,0.00012310965394135565,40.0,0.9994433522224426,0.9994433522224426,0.9994433522224426,0.0003935953718610108,0.0,0.7329490780830383,4820000.0,-0.0081335986033082,0.009417756460607052,-1.7166137400437265e-09,0.028144268319010735,0.00018730200827121735,2.073350191116333,0.37242934107780457,0.0647021234035492,3.3027660846710205,29753.857421875,19.83995246887207,101.9744873046875,121.81443786621094,164.18414306640625,0.8948917388916016,0.3421943783760071,0.17893736064434052,0.024974040687084198,0.34478798508644104,1.0,0.17660056054592133,0.024970047175884247,-0.3761616051197052,0.024974040687084198,0.0005079994443804026,0.06461995840072632,0.0,0.5563288927078247,0.0
20.47380828857422,26.200000762939453,1000.0,241.0,1.0947567224502563,0.00012026455806335434,40.0,0.9999545216560364,0.9999545216560364,0.9999545216560364,3.214400203432888e-05,0.0,0.7325413227081299,4840000.0,-0.008864044211804867,-0.000730445608496666,8.249283034444943e-09,0.027671145275235176,-0.00047312304377555847,2.1277570724487305,0.3715910017490387,-0.0008383393287658691,3.3817501068115234,29875.3671875,20.089832305908203,101.38591003417969,121.47573852539062,164.6419219970703,0.9532622694969177,0.34516632556915283,0.12055070698261261,0.022009238600730896,0.35287684202194214,1.0,0.19657957553863525,0.021943921223282814,-25.383512496948242,0.022009238600730896,-0.0019242025446146727,0.05668513476848602,0.0,0.5939916968345642,0.0
20.766950607299805,27.559999465942383,1000.0,242.0,1.0996495485305786,0.00012899584544356912,40.0,0.9978819489479065,0.9978819489479065,0.9978819489479065,0.0014976742677390575,0.0,0.7356529831886292,4860000.0,-0.009216398932039738,-0.0003523547202348709,2.9087066089061864e-09,0.02715478464961052,-0.0005163606256246567,2.0698540210723877,0.3687782287597656,-0.0028127729892730713,3.4660441875457764,29997.8828125,20.178293228149414,102.30599975585938,122.48429107666016,163.2862548828125,0.8716488480567932,0.3342278003692627,0.12128465622663498,0.02632368542253971,0.3740195631980896,1.0,0.22479616105556488,0.02627038210630417,-73.43505859375,0.02632368542253971,0.002180757001042366,0.08921913802623749,0.0,0.47346290946006775,0.0
20.935834884643555,25.719999313354492,1000.0,243.0,1.0989705324172974,0.00012861938739661127,40.0,1.0008331537246704,1.0008331537246704,1.0008331537246704,0.0005892129265703261,0.0,0.7352235317230225,4880000.0,-0.008792895823717117,0.0004235031083226204,1.0824203755532835e-08,0.027877841144800186,0.0007230564951896667,2.0950329303741455,0.3190276026725769,-0.04975062608718872,3.3349602222442627,30122.474609375,20.26043128967285,104.29806518554688,124.55850219726562,160.56712341308594,0.9391987323760986,0.33816248178482056,0.13310837745666504,0.02267330512404442,0.3578255772590637,1.0,0.19841927289962769,0.022635595872998238,-8.32106876373291,0.02267330512404442,-0.0015308780129998922,0.06215016916394234,0.0,0.5672751665115356,0.0
20.453872680664062,24.65999984741211,1000.0,244.0,1.0923478603363037,0.0001369935489492491,40.0,0.9999971389770508,0.9999971389770508,0.9999971389770508,2.0230486370564904e-06,0.0,0.7312270998954773,4900000.0,-0.01634712889790535,-0.007554233074188232,-1.4305114870438729e-09,0.03015427477657795,0.0022764336317777634,2.0873966217041016,0.3077370226383209,-0.011290580034255981,3.1998281478881836,30245.80859375,20.62056541442871,102.67921447753906,123.2997817993164,162.20628356933594,0.8918702602386475,0.3294700086116791,0.13660164177417755,0.025143545120954514,0.36941462755203247,1.0,0.18543939292430878,0.025081032887101173,-2.092676877975464,0.025143545120954514,0.0018494718242436647,0.05471734702587128,1.1212393045425415,0.0,3.0
20.758230209350586,25.059999465942383,1000.0,245.0,1.0868511199951172,0.00011938714305870235,40.0,0.9995665550231934,0.9995665550231934,0.9995665550231934,0.00030649188556708395,0.0,0.7277200818061829,4920000.0,-0.00823868066072464,0.00810844823718071,-9.536742923144104e-11,0.029094737023115158,-0.0010595377534627914,2.114741325378418,0.385089635848999,0.0773526132106781,3.2553908824920654,30368.837890625,20.272886276245117,102.72331237792969,122.99620056152344,162.60665893554688,0.9092510938644409,0.3474644422531128,0.12836407124996185,0.024191465228796005,0.35693949460983276,1.0,0.20868371427059174,0.024157602339982986,-0.03129683807492256,0.024191465228796005,0.001541587756946683,0.07017850875854492,0.0,0.5338422060012817,0.0
20.1907958984375,30.81999969482422,1000.0,246.0,1.0841755867004395,0.00012631829304154962,40.0,0.9996449947357178,0.9996449947357178,0.9996449947357178,0.00025102662038989365,0.0,0.7258642315864563,4940000.0,-0.011127949692308903,-0.002889269031584263,-4.00543198608716e-09,0.027303926646709442,-0.001790810376405716,2.030871868133545,0.41284775733947754,0.027758121490478516,2.941817283630371,30492.63671875,20.0128116607666,103.75341796875,123.76622772216797,161.594970703125,0.9183458089828491,0.3382534682750702,0.15451906621456146,0.023714683949947357,0.3464021682739258,1.0,0.21685822308063507,0.02369026280939579,-320.21551513671875,0.023714683949947357,-0.0016072005964815617,0.10577337443828583,0.0,0.434837281703949,0.0
20.415599822998047,38.959999084472656,1000.0,247.0,1.0805226564407349,0.00013926904648542404,40.0,1.0008748769760132,1.0008748769760132,1.0008748769760132,0.0006186033133417368,0.0,0.7231782078742981,4960000.0,-0.013575460761785507,-0.0024475110694766045,-6.43730180271973e-09,0.026818187907338142,-0.00048573873937129974,2.112487554550171,0.7055264711380005,0.29267871379852295,3.53462815284729,30616.115234375,20.12847328186035,103.31705474853516,123.44552612304688,162.01478576660156,0.8666692972183228,0.32276877760887146,0.1566336303949356,0.02662704885005951,0.36642399430274963,1.0,0.28862014412879944,0.026372866705060005,-1727.13623046875,0.02662704885005951,-0.005355405155569315,0.11283378303050995,0.0,0.42101290822029114,0.0
20.326919555664062,36.79999923706055,1000.0,248.0,1.07472562789917,0.0001137814688263461,40.0,0.9994185566902161,0.9994185566902161,0.9994185566902161,0.00041110036545433104,0.0,0.7194435000419617,4980000.0,-0.008570315316319466,0.0050051454454660416,9.918212917625624e-09,0.030924171209335327,0.004105983301997185,2.092304229736328,0.4162404239177704,-0.2892860472202301,3.4727132320404053,30738.546875,20.23735237121582,102.15869140625,122.39604187011719,163.4039764404297,0.9148542881011963,0.35059255361557007,0.13987557590007782,0.02389604039490223,0.3640705943107605,1.0,0.19519095122814178,0.023851370438933372,-1730.3831787109375,0.02389604039490223,0.001895901863463223,0.08046677708625793,0.0,0.49854764342308044,0.0
20.115942001342773,34.779998779296875,1000.0,249.0,1.0707908868789673,0.00012802555283997208,40.0,0.9999086260795593,0.9999086260795593,0.9999086260795593,6.459707219619304e-05,0.0,0.7171531319618225,5000000.0,-0.01225270051509142,-0.0036823851987719536,-3.7193297330873065e-09,0.029618937522172928,-0.0013052336871623993,2.0785889625549316,0.40961235761642456,-0.006628066301345825,3.014606475830078,30864.521484375,21.102903366088867,104.83164978027344,125.93455505371094,158.81265258789062,0.8626987338066101,0.3356541097164154,0.16503320634365082,0.02687271311879158,0.3644851744174957,1.0,0.23877443373203278,0.026622788980603218,-857.8121948242188,0.02687271311879158,-0.005278885364532471,0.111500084400177,0.0,0.4235233664512634,0.0
