Metrics/EpRet,Metrics/EpCost,Metrics/EpLen,Train/Epoch,Train/Entropy,Train/KL,Train/StopIter,Train/PolicyRatio,Train/PolicyRatio/Min,Train/PolicyRatio/Max,Train/PolicyRatio/Std,Train/LR,Train/PolicyStd,TotalEnvSteps,Loss/Loss_pi,Loss/Loss_pi/Delta,Value/Adv,Loss/Loss_reward_critic,Loss/Loss_reward_critic/Delta,Value/reward,Time/Total,Time/Rollout,Time/Update,Time/Epoch,Time/FPS
-0.5241097807884216,111.5,1000.0,0.0,1.4108771085739136,0.016303328797221184,40.0,0.9995360374450684,0.9995360374450684,0.9995360374450684,0.019363321363925934,0.00029880000511184335,0.9919863939285278,20000.0,-0.017370052635669708,-0.017370052635669708,0.04139227792620659,0.006198367569595575,0.006198367569595575,-0.08273129910230637,145.5850372314453,31.548641204833984,114.03639221191406,145.5850372314453,137.3767547607422
-0.040596574544906616,79.21875,1000.0,1.0,1.4072262048721313,0.020257171243429184,38.0,0.9978274703025818,0.9978274703025818,0.9978274703025818,0.021276991814374924,0.0002975999959744513,0.9883627891540527,40000.0,-0.019006876274943352,-0.0016368236392736435,0.049410849809646606,0.006057244259864092,-0.00014112330973148346,-0.040274277329444885,286.8546142578125,28.352855682373047,112.88545227050781,141.23831176757812,141.60464477539062
0.7440879344940186,69.54166412353516,1000.0,2.0,1.385928750038147,0.02140096202492714,28.0,0.9997174143791199,0.9997174143791199,0.9997174143791199,0.020286468788981438,0.00029639998683705926,0.9675626158714294,60000.0,-0.016789842396974564,0.002217033877968788,0.23322699964046478,0.008826942183077335,0.0027696979232132435,0.04115254431962967,396.28887939453125,22.123022079467773,87.28020477294922,109.40322875976562,182.80996704101562
2.1988525390625,52.619998931884766,1000.0,3.0,1.3577277660369873,0.020591534674167633,34.0,1.0022869110107422,1.0022869110107422,1.0022869110107422,0.01997479237616062,0.00029520000680349767,0.9406582117080688,80000.0,-0.01971624791622162,-0.002926405519247055,0.16866734623908997,0.011101125739514828,0.0022741835564374924,0.08454617112874985,521.7849731445312,21.577404022216797,103.89007568359375,125.46748352050781,159.4038543701172
4.034557342529297,66.9000015258789,1000.0,4.0,1.3325996398925781,0.021324263885617256,25.0,0.998912513256073,0.998912513256073,0.998912513256073,0.021114282310009003,0.00029399999766610563,0.9173499345779419,100000.0,-0.019983775913715363,-0.0002675279974937439,0.4602528214454651,0.012149827554821968,0.0010487018153071404,0.18478398025035858,621.27294921875,21.185768127441406,78.27374267578125,99.45951080322266,201.08685302734375
5.786588668823242,59.84000015258789,1000.0,5.0,1.3116252422332764,0.023429958149790764,34.0,0.9970315098762512,0.9970315098762512,0.9970315098762512,0.021051187068223953,0.0002927999885287136,0.898334264755249,120000.0,-0.023257147520780563,-0.003273371607065201,-0.04781075939536095,0.01274250540882349,0.0005926778540015221,0.2597093880176544,750.5723876953125,22.193370819091797,107.07855224609375,129.2719268798828,154.71263122558594
7.144620895385742,76.45999908447266,1000.0,6.0,1.2829179763793945,0.020021352916955948,24.0,0.9970048069953918,0.9970048069953918,0.9970048069953918,0.020942363888025284,0.000291600008495152,0.8729586601257324,140000.0,-0.02294696494936943,0.0003101825714111328,-0.0011272765696048737,0.013498792424798012,0.0007562870159745216,0.3357411026954651,848.216552734375,21.98856544494629,75.62672424316406,97.61528778076172,204.88592529296875
9.07603645324707,73.81999969482422,1000.0,7.0,1.2571951150894165,0.021488124504685402,13.0,1.0005943775177002,1.0005943775177002,1.0005943775177002,0.019631104543805122,0.00029039999935775995,0.8508225679397583,160000.0,-0.01763315498828888,0.005313809961080551,-0.0006211921572685242,0.01665223203599453,0.003153439611196518,0.4782153367996216,911.3001098632812,21.507125854492188,41.55020523071289,63.05733108520508,317.17169189453125
10.6185884475708,76.5,1000.0,8.0,1.229732632637024,0.020723702386021614,17.0,0.9971280097961426,0.9971280097961426,0.9971280097961426,0.02087966352701187,0.0002891999902203679,0.8279335498809814,180000.0,-0.021779052913188934,-0.004145897924900055,-0.2402002066373825,0.015537682920694351,-0.0011145491153001785,0.5664286613464355,990.3104248046875,24.281494140625,54.7067985534668,78.98829650878906,253.2020721435547
11.62797737121582,75.68000030517578,1000.0,9.0,1.206671953201294,0.02058189921081066,19.0,0.9979341626167297,0.9979341626167297,0.9979341626167297,0.020970046520233154,0.0002880000101868063,0.8091894388198853,200000.0,-0.021733716130256653,4.5336782932281494e-05,-0.3522351384162903,0.019946947693824768,0.004409264773130417,0.6340387463569641,1072.6888427734375,22.216909408569336,60.13612365722656,82.35303497314453,242.85687255859375
12.480886459350586,64.37999725341797,1000.0,10.0,1.1819015741348267,0.02053583599627018,16.0,0.9999338984489441,0.9999338984489441,0.9999338984489441,0.020827699452638626,0.0002868000010494143,0.7893802523612976,220000.0,-0.02174241468310356,-8.69855284690857e-06,0.01602458581328392,0.02122044935822487,0.0012735016644001007,0.7840322256088257,1148.307373046875,25.107587814331055,50.48680114746094,75.59439086914062,264.56988525390625
12.452725410461426,69.22000122070312,1000.0,11.0,1.1519399881362915,0.02022276632487774,14.0,0.9992699027061462,0.9992699027061462,0.9992699027061462,0.02032589353621006,0.00028559999191202223,0.7662511467933655,240000.0,-0.020645517855882645,0.0010968968272209167,0.2114356905221939,0.022908911108970642,0.0016884617507457733,0.8450922966003418,1218.043212890625,25.55228614807129,44.15311813354492,69.70539855957031,286.92181396484375
13.830305099487305,72.69999694824219,1000.0,12.0,1.1324886083602905,0.0204069335013628,13.0,0.9955444931983948,0.9955444931983948,0.9955444931983948,0.020065389573574066,0.00028440001187846065,0.7514668107032776,260000.0,-0.018948869779706,0.0016966480761766434,0.16014288365840912,0.024054883047938347,0.0011459719389677048,1.039893388748169,1283.3392333984375,25.396291732788086,39.86953353881836,65.26582336425781,306.4390869140625
15.532330513000488,71.55999755859375,1000.0,13.0,1.1079394817352295,0.020382041111588478,15.0,0.9971470832824707,0.9971470832824707,0.9971470832824707,0.020432332530617714,0.0002832000027410686,0.7332099676132202,280000.0,-0.01950928568840027,-0.0005604159086942673,-0.376046746969223,0.02610589936375618,0.002051016315817833,1.1991013288497925,1356.399169921875,26.306291580200195,46.73262023925781,73.03890991210938,273.8266296386719
17.573387145996094,69.94000244140625,1000.0,14.0,1.0855423212051392,0.021135788410902023,14.0,0.9973633885383606,0.9973633885383606,0.9973633885383606,0.020854901522397995,0.00028199999360367656,0.7168570160865784,300000.0,-0.02037273719906807,-0.0008634515106678009,0.08744838088750839,0.027859490364789963,0.001753591001033783,1.2936277389526367,1426.1505126953125,24.417255401611328,45.31097412109375,69.72823333740234,286.827880859375
18.354358673095703,65.66000366210938,1000.0,15.0,1.0710209608078003,0.022047528997063637,17.0,0.9976186752319336,0.9976186752319336,0.9976186752319336,0.021513348445296288,0.00028080001357011497,0.7066569924354553,320000.0,-0.021521205082535744,-0.0011484678834676743,0.1366043984889984,0.020261716097593307,-0.007597774267196655,1.3568774461746216,1506.178466796875,25.04353904724121,54.962806701660156,80.00634765625,249.98016357421875
19.1519832611084,68.31999969482422,1000.0,16.0,1.0399192571640015,0.021566513925790787,12.0,0.9993894696235657,0.9993894696235657,0.9993894696235657,0.021230071783065796,0.0002796000044327229,0.6849976181983948,340000.0,-0.020658141002058983,0.0008630640804767609,-0.27329134941101074,0.02506617270410061,0.004804456606507301,1.5107581615447998,1569.6959228515625,24.518596649169922,38.97187042236328,63.4904670715332,315.0079345703125
19.898401260375977,70.26000213623047,1000.0,17.0,1.0222041606903076,0.02100449614226818,13.0,0.9980893731117249,0.9980893731117249,0.9980893731117249,0.02140950784087181,0.0002783999952953309,0.6731687188148499,360000.0,-0.020529545843601227,0.00012859515845775604,-0.3741995096206665,0.02002261020243168,-0.00504356250166893,1.6339571475982666,1636.1890869140625,24.25265121459961,42.219058990478516,66.47171020507812,300.8798522949219
20.849729537963867,68.37999725341797,1000.0,18.0,1.0077213048934937,0.020583949983119965,12.0,0.9968417882919312,0.9968417882919312,0.9968417882919312,0.020875344052910805,0.00027719998615793884,0.663726270198822,380000.0,-0.01877627894282341,0.0017532669007778168,-0.0712837278842926,0.020737800747156143,0.0007151905447244644,1.7047388553619385,1700.0869140625,25.222698211669922,38.65342712402344,63.87612533569336,313.10601806640625
21.444242477416992,61.70000076293945,1000.0,19.0,0.9790934324264526,0.02102912776172161,10.0,0.9978618621826172,0.9978618621826172,0.9978618621826172,0.020106729120016098,0.00027600000612437725,0.6453002691268921,400000.0,-0.01739678718149662,0.0013794917613267899,0.01770811527967453,0.01932559721171856,-0.001412203535437584,1.7583503723144531,1756.6220703125,23.821393966674805,32.68840026855469,56.509796142578125,353.9209289550781
21.916358947753906,62.279998779296875,1000.0,20.0,0.9543704390525818,0.020795181393623352,12.0,0.9991614818572998,0.9991614818572998,0.9991614818572998,0.02102499268949032,0.0002747999969869852,0.6298202872276306,420000.0,-0.01845489628612995,-0.0010581091046333313,-0.0861988514661789,0.019712049514055252,0.0003864523023366928,1.8602839708328247,1820.19873046875,23.724838256835938,39.82978057861328,63.55461883544922,314.68994140625
22.52642822265625,62.939998626708984,1000.0,21.0,0.9333218932151794,0.02028907835483551,9.0,0.9978439211845398,0.9978439211845398,0.9978439211845398,0.020414095371961594,0.00027359998784959316,0.6168781518936157,440000.0,-0.01643596775829792,0.0020189285278320312,0.14060968160629272,0.0189400352537632,-0.0007720142602920532,1.9275314807891846,1872.5035400390625,23.16326141357422,29.120494842529297,52.283756256103516,382.5279846191406
23.137975692749023,59.279998779296875,1000.0,22.0,0.9112939238548279,0.020055480301380157,7.0,0.9984481334686279,0.9984481334686279,0.9984481334686279,0.019828597083687782,0.0002724000078160316,0.6034975051879883,460000.0,-0.013961683958768845,0.0024742837995290756,0.17340070009231567,0.01901913248002529,7.909722626209259e-05,2.014464855194092,1919.6859130859375,24.13905906677246,23.024333953857422,47.16339111328125,424.0577087402344
23.5767822265625,55.400001525878906,1000.0,23.0,0.8917621970176697,0.021059632301330566,11.0,0.9972521066665649,0.9972521066665649,0.9972521066665649,0.021392736583948135,0.00027119999867863953,0.5919144153594971,480000.0,-0.018558720126748085,-0.00459703616797924,0.12903723120689392,0.02124902419745922,0.0022298917174339294,2.061408519744873,1981.006103515625,23.445484161376953,37.85546112060547,61.30094528198242,326.2592468261719
24.268878936767578,49.279998779296875,1000.0,24.0,0.8713613152503967,0.021352864801883698,11.0,0.9973880648612976,0.9973880648612976,0.9973880648612976,0.020885026082396507,0.0002699999895412475,0.5798832178115845,500000.0,-0.016853883862495422,0.0017048362642526627,0.06595556437969208,0.016993321478366852,-0.004255702719092369,2.094435930252075,2041.437255859375,22.87285614013672,37.53653335571289,60.40938949584961,331.0743408203125
24.159658432006836,49.560001373291016,1000.0,25.0,0.8565879464149475,0.021443726494908333,9.0,0.9969543814659119,0.9969543814659119,0.9969543814659119,0.021037859842181206,0.0002688000095076859,0.5711485147476196,520000.0,-0.015662292018532753,0.0011915918439626694,-0.28531375527381897,0.020442631095647812,0.00344930961728096,2.1136536598205566,2096.49609375,23.009965896606445,32.029300689697266,55.03926467895508,363.376953125
24.218103408813477,49.08000183105469,1000.0,26.0,0.8383283615112305,0.021826816722750664,12.0,0.9981010556221008,0.9981010556221008,0.9981010556221008,0.021546002477407455,0.00026760000037029386,0.5609638094902039,540000.0,-0.01829756796360016,-0.0026352759450674057,-0.04609917104244232,0.01824301667511463,-0.0021996144205331802,2.179964780807495,2161.873779296875,23.454418182373047,41.8962287902832,65.35064697265625,306.0413513183594
24.31241226196289,57.619998931884766,1000.0,27.0,0.8200129866600037,0.020146340131759644,8.0,0.9967751502990723,0.9967751502990723,0.9967751502990723,0.02053159661591053,0.0002663999912329018,0.5508926510810852,560000.0,-0.014415238052606583,0.003882329910993576,0.008382409811019897,0.019560493528842926,0.0013174768537282944,2.246258497238159,2211.35009765625,21.57834243774414,27.876882553100586,49.455223083496094,404.4062194824219
24.668384552001953,51.279998779296875,1000.0,28.0,0.797435462474823,0.02117445133626461,11.0,0.9984108805656433,0.9984108805656433,0.9984108805656433,0.021290048956871033,0.0002652000111993402,0.5384699106216431,580000.0,-0.016587212681770325,-0.002171974629163742,0.26092714071273804,0.02193981036543846,0.0023793168365955353,2.2739102840423584,2271.520263671875,24.96266746520996,35.17998123168945,60.14265060424805,332.542724609375
24.848276138305664,57.099998474121094,1000.0,29.0,0.7777158617973328,0.021717768162488937,10.0,0.9969905018806458,0.9969905018806458,0.9969905018806458,0.021087216213345528,0.0002640000020619482,0.5278471112251282,600000.0,-0.01688546873629093,-0.000298256054520607,-0.20066280663013458,0.01604073867201805,-0.00589907169342041,2.3261027336120605,2331.075439453125,27.58061408996582,31.953140258789062,59.533756256103516,335.9438781738281
25.160266876220703,54.400001525878906,1000.0,30.0,0.7659182548522949,0.02067352831363678,10.0,0.9960809350013733,0.9960809350013733,0.9960809350013733,0.021822551265358925,0.00026279999292455614,0.5219352841377258,620000.0,-0.016429603099822998,0.00045586563646793365,-0.0028081703931093216,0.021237952634692192,0.005197213962674141,2.3445844650268555,2389.816162109375,25.787508010864258,32.932621002197266,58.720130920410156,340.59869384765625
25.274782180786133,55.0,1000.0,31.0,0.7410130500793457,0.022987000644207,9.0,0.998906672000885,0.998906672000885,0.998906672000885,0.021389691159129143,0.00026160001289099455,0.5090558528900146,640000.0,-0.014402308501303196,0.002027294598519802,0.08763811737298965,0.01719195581972599,-0.004045996814966202,2.373203992843628,2445.052001953125,25.380401611328125,29.83571434020996,55.21611404418945,362.2131042480469
25.639982223510742,49.29999923706055,1000.0,32.0,0.7266646027565002,0.021438203752040863,12.0,0.9981760382652283,0.9981760382652283,0.9981760382652283,0.021372918039560318,0.0002604000037536025,0.5018051266670227,660000.0,-0.015185870230197906,-0.0007835617288947105,0.04043316841125488,0.01752370223402977,0.0003317464143037796,2.4292895793914795,2510.912109375,26.010343551635742,39.831153869628906,65.84149932861328,303.7597961425781
24.96697235107422,49.880001068115234,1000.0,33.0,0.7108357548713684,0.021046938374638557,12.0,1.0000625848770142,1.0000625848770142,1.0000625848770142,0.02176373265683651,0.00025919999461621046,0.49363595247268677,680000.0,-0.012148378416895866,0.00303749181330204,0.3488239645957947,0.01750321313738823,-2.0489096641540527e-05,2.398381233215332,2576.956298828125,25.576026916503906,40.44643020629883,66.02245330810547,302.92724609375
25.202604293823242,54.959999084472656,1000.0,34.0,0.6888303756713867,0.02218535728752613,10.0,0.9964457750320435,0.9964457750320435,0.9964457750320435,0.021672388538718224,0.0002579999854788184,0.4828129708766937,700000.0,-0.015218837186694145,-0.003070458769798279,-0.15798789262771606,0.020568042993545532,0.003064829856157303,2.466238498687744,2635.7607421875,25.831890106201172,32.95009231567383,58.781982421875,340.2403259277344
25.181957244873047,63.099998474121094,1000.0,35.0,0.6639235615730286,0.02440742775797844,10.0,0.9972758293151855,0.9972758293151855,0.9972758293151855,0.021720821037888527,0.00025680000544525683,0.47084909677505493,720000.0,-0.01594490557909012,-0.0007260683923959732,-0.2124427855014801,0.020295094698667526,-0.000272948294878006,2.432295322418213,2695.512939453125,27.053417205810547,32.677589416503906,59.73200988769531,334.828857421875
25.692663192749023,61.13999938964844,1000.0,36.0,0.6422942876815796,0.02194000780582428,7.0,0.9986398816108704,0.9986398816108704,0.9986398816108704,0.020426416769623756,0.0002555999963078648,0.4606821835041046,740000.0,-0.013095694594085217,0.002849210985004902,0.07586082816123962,0.019291097298264503,-0.0010039974004030228,2.4745655059814453,2745.076904296875,27.031410217285156,22.509130477905273,49.5405387878418,403.70977783203125
25.436328887939453,58.84000015258789,1000.0,37.0,0.6250232458114624,0.02025032788515091,7.0,0.9982330799102783,0.9982330799102783,0.9982330799102783,0.021112078800797462,0.00025439998717047274,0.45271456241607666,760000.0,-0.01089651882648468,0.0021991757676005363,-0.12290943413972855,0.019154833629727364,-0.0001362636685371399,2.459578275680542,2794.406005859375,25.837650299072266,23.471384048461914,49.30903625488281,405.6051940917969
25.3365535736084,48.099998474121094,1000.0,38.0,0.6188915967941284,0.02020970731973648,5.0,0.998117983341217,0.998117983341217,0.998117983341217,0.0206851027905941,0.00025320000713691115,0.44999265670776367,780000.0,-0.008319654501974583,0.0025768643245100975,-0.22058257460594177,0.019699497148394585,0.0005446635186672211,2.50400972366333,2836.589599609375,26.067859649658203,16.09577178955078,42.163631439208984,474.3424377441406
25.44913101196289,55.84000015258789,1000.0,39.0,0.6073062419891357,0.02020886540412903,7.0,0.9991298317909241,0.9991298317909241,0.9991298317909241,0.02062852866947651,0.0002519999979995191,0.44492748379707336,800000.0,-0.012464126572012901,-0.004144472070038319,-0.07433918863534927,0.02001660317182541,0.0003171060234308243,2.5094518661499023,2885.775390625,24.993988037109375,24.172344207763672,49.16633224487305,406.78240966796875
25.654035568237305,50.060001373291016,1000.0,40.0,0.5968253016471863,0.020988941192626953,8.0,0.9983075857162476,0.9983075857162476,0.9983075857162476,0.02182324416935444,0.00025079998886212707,0.4403136968612671,820000.0,-0.013887913897633553,-0.0014237873256206512,0.39034637808799744,0.01853506825864315,-0.0014815349131822586,2.523249387741089,2938.057861328125,25.73612403869629,26.525949478149414,52.2620735168457,382.68670654296875
25.790756225585938,59.099998474121094,1000.0,41.0,0.5926122665405273,0.021712535992264748,9.0,0.9969651699066162,0.9969651699066162,0.9969651699066162,0.02121688239276409,0.0002496000088285655,0.4384835958480835,840000.0,-0.013438936322927475,0.0004489775747060776,0.17457135021686554,0.018023395910859108,-0.0005116723477840424,2.536623477935791,2993.800537109375,25.88425064086914,29.837997436523438,55.72224807739258,358.9230651855469
25.751832962036133,55.18000030517578,1000.0,42.0,0.5755224823951721,0.020098650828003883,7.0,0.9992660284042358,0.9992660284042358,0.9992660284042358,0.020844820886850357,0.00024839999969117343,0.43117934465408325,860000.0,-0.01111461129039526,0.002324325032532215,0.10859747231006622,0.017834309488534927,-0.0001890864223241806,2.520777940750122,3044.28662109375,27.119766235351562,23.343894958496094,50.463661193847656,396.3247985839844
25.54741668701172,55.81999969482422,1000.0,43.0,0.5636060237884521,0.02131994441151619,7.0,0.9988683462142944,0.9988683462142944,0.9988683462142944,0.02056167460978031,0.0002471999905537814,0.4262918531894684,880000.0,-0.011607279069721699,-0.0004926677793264389,0.11816222965717316,0.017337188124656677,-0.0004971213638782501,2.5536887645721436,3093.31494140625,26.203889846801758,22.803787231445312,49.0076789855957,408.0993347167969
25.558998107910156,48.65999984741211,1000.0,44.0,0.5566375255584717,0.02115514688193798,8.0,0.9971900582313538,0.9971900582313538,0.9971900582313538,0.02182910032570362,0.0002460000105202198,0.4232649505138397,900000.0,-0.012090776115655899,-0.0004834970459342003,0.1520809680223465,0.01842270791530609,0.001085519790649414,2.554163932800293,3146.641357421875,26.135818481445312,27.164417266845703,53.300235748291016,375.2328796386719
25.771474838256836,50.119998931884766,1000.0,45.0,0.5435155034065247,0.025137383490800858,8.0,0.9961609244346619,0.9961609244346619,0.9961609244346619,0.02083088643848896,0.00024480000138282776,0.4176144301891327,920000.0,-0.012589965015649796,-0.0004991888999938965,-0.07555806636810303,0.017107175663113594,-0.0013155322521924973,2.586944818496704,3198.512451171875,24.5615291595459,27.2894229888916,51.8509521484375,385.7209777832031
25.831886291503906,48.08000183105469,1000.0,46.0,0.5323206186294556,0.020306093618273735,5.0,0.9990891814231873,0.9990891814231873,0.9990891814231873,0.020531021058559418,0.00024360000679735094,0.41301238536834717,940000.0,-0.009766502305865288,0.0028234627097845078,-0.23119908571243286,0.01766681671142578,0.0005596410483121872,2.580982208251953,3240.665771484375,24.837505340576172,17.2956600189209,42.1331672668457,474.6854248046875
25.5848445892334,51.02000045776367,1000.0,47.0,0.5175819396972656,0.023234162479639053,2.0,1.0014493465423584,1.0014493465423584,1.0014493465423584,0.020070305094122887,0.0002423999976599589,0.4069259464740753,960000.0,0.0032964718993753195,0.013062974205240607,-0.17189238965511322,0.020803386345505714,0.003136569634079933,2.547797203063965,3272.504150390625,24.136241912841797,7.683616638183594,31.81985855102539,628.538330078125
25.443622589111328,48.63999938964844,1000.0,48.0,0.5040423274040222,0.022740250453352928,9.0,0.9964584708213806,0.9964584708213806,0.9964584708213806,0.022078832611441612,0.00024120000307448208,0.40124571323394775,980000.0,-0.014461729675531387,-0.017758201574906707,0.23027557134628296,0.015941450372338295,-0.004861935973167419,2.600771188735962,3329.392822265625,26.829010009765625,30.0332088470459,56.86221694946289,351.7273864746094
25.458478927612305,54.65999984741211,1000.0,49.0,0.5035849213600159,0.02158328704535961,8.0,0.9973481893539429,0.9973481893539429,0.9973481893539429,0.021712101995944977,0.00023999999393709004,0.4010123312473297,1000000.0,-0.012939450331032276,0.0015222793444991112,0.017039000988006592,0.017528163269162178,0.001586712896823883,2.602579355239868,3382.477783203125,25.260135650634766,27.800838470458984,53.06097412109375,376.9248352050781
25.845407485961914,54.2599983215332,1000.0,50.0,0.49532994627952576,0.020408086478710175,4.0,0.9988680481910706,0.9988680481910706,0.9988680481910706,0.020207835361361504,0.00023879999935161322,0.3976866900920868,1020000.0,-0.005803519394248724,0.007135930936783552,0.12815088033676147,0.019445791840553284,0.0019176285713911057,2.58252215385437,3421.380859375,25.166553497314453,13.716314315795898,38.88286590576172,514.3653564453125
25.627399444580078,56.459999084472656,1000.0,51.0,0.48547470569610596,0.022180737927556038,8.0,0.9985755085945129,0.9985755085945129,0.9985755085945129,0.02127882093191147,0.0002376000047661364,0.39376696944236755,1040000.0,-0.012119430117309093,-0.0063159107230603695,0.36438947916030884,0.01680809259414673,-0.002637699246406555,2.5660006999969482,3474.99365234375,26.56890106201172,27.024354934692383,53.59425735473633,373.17431640625
26.009693145751953,59.5,1000.0,52.0,0.4742186963558197,0.020719701424241066,6.0,0.9982578158378601,0.9982578158378601,0.9982578158378601,0.02102036215364933,0.00023639999562874436,0.38940945267677307,1060000.0,-0.011122861877083778,0.000996568240225315,0.12297380715608597,0.019693713635206223,0.002885621041059494,2.5810787677764893,3520.945556640625,25.792469024658203,20.138565063476562,45.931034088134766,435.4354248046875
26.014429092407227,62.7599983215332,1000.0,53.0,0.45931369066238403,0.021269958466291428,8.0,0.9979279041290283,0.9979279041290283,0.9979279041290283,0.021643435582518578,0.00023520000104326755,0.38361236453056335,1080000.0,-0.013717098161578178,-0.0025942362844944,0.13770820200443268,0.019109530374407768,-0.0005841832607984543,2.5883548259735107,3575.03369140625,25.916242599487305,28.153839111328125,54.0700798034668,369.89031982421875
26.2784366607666,61.15999984741211,1000.0,54.0,0.44655391573905945,0.026604553684592247,9.0,0.9976977109909058,0.9976977109909058,0.9976977109909058,0.022356988862156868,0.00023400000645779073,0.37877723574638367,1100000.0,-0.012380591593682766,0.0013365065678954124,-0.06694523245096207,0.01569288782775402,-0.0034166425466537476,2.6050219535827637,3631.875732421875,25.934701919555664,30.887447357177734,56.822147369384766,351.9754333496094
26.21137046813965,61.47999954223633,1000.0,55.0,0.43627676367759705,0.02003736048936844,5.0,0.9985244870185852,0.9985244870185852,0.9985244870185852,0.020380668342113495,0.0002327999973203987,0.37486809492111206,1120000.0,-0.007652956526726484,0.004727635066956282,-0.16272376477718353,0.01792205683887005,0.002229169011116028,2.614799737930298,3674.613037109375,25.04068374633789,17.674880981445312,42.7155647277832,468.2134094238281
26.428333282470703,65.33999633789062,1000.0,56.0,0.4177970290184021,0.02089199423789978,7.0,0.9990384578704834,0.9990384578704834,0.9990384578704834,0.022198490798473358,0.00023160000273492187,0.36796835064888,1140000.0,-0.012554106302559376,-0.0049011497758328915,-0.12452399730682373,0.018150517717003822,0.0002284608781337738,2.6358883380889893,3724.277099609375,26.097789764404297,23.546859741210938,49.644649505615234,402.8631591796875
26.457866668701172,65.55999755859375,1000.0,57.0,0.40362536907196045,0.02513660490512848,7.0,0.9976820349693298,0.9976820349693298,0.9976820349693298,0.02157803624868393,0.00023039999359752983,0.3627294600009918,1160000.0,-0.011462324298918247,0.0010917820036411285,0.31169867515563965,0.017849620431661606,-0.0003008972853422165,2.62903094291687,3773.875244140625,26.160789489746094,23.413291931152344,49.57408142089844,403.4366149902344
26.478012084960938,58.2599983215332,1000.0,58.0,0.3935609757900238,0.02114148624241352,8.0,0.9990492463111877,0.9990492463111877,0.9990492463111877,0.022224579006433487,0.000229199999012053,0.3590540289878845,1180000.0,-0.012417208403348923,-0.0009548841044306755,0.0442458912730217,0.017412398010492325,-0.000437222421169281,2.662830114364624,3827.926025390625,26.24245262145996,27.788476943969727,54.03092956542969,370.1583557128906
26.360692977905273,54.060001373291016,1000.0,59.0,0.38525471091270447,0.020495852455496788,7.0,0.9961369633674622,0.9961369633674622,0.9961369633674622,0.021639641374349594,0.0002280000044265762,0.356048583984375,1200000.0,-0.013476045802235603,-0.0010588373988866806,0.22476708889007568,0.018583005294203758,0.0011706072837114334,2.647536277770996,3877.409912109375,25.979549407958984,23.483240127563477,49.462791442871094,404.3443603515625
26.323768615722656,50.439998626708984,1000.0,60.0,0.37448135018348694,0.021228186786174774,6.0,0.9982219934463501,0.9982219934463501,0.9982219934463501,0.021719908341765404,0.00022679999528918415,0.35225874185562134,1220000.0,-0.010659701190888882,0.0028163446113467216,-0.11014728248119354,0.015910755842924118,-0.00267224945127964,2.6630799770355225,3924.27392578125,27.499643325805664,19.34537124633789,46.84501266479492,426.9397888183594
26.313127517700195,55.439998626708984,1000.0,61.0,0.3643653690814972,0.02425946108996868,8.0,0.9954245090484619,0.9954245090484619,0.9954245090484619,0.02216222696006298,0.00022560000070370734,0.3486703634262085,1240000.0,-0.01202898845076561,-0.001369287259876728,-0.13980022072792053,0.016487864777445793,0.0005771089345216751,2.6540439128875732,3977.48291015625,25.551374435424805,27.637508392333984,53.18888473510742,376.0184020996094
26.279714584350586,51.439998626708984,1000.0,62.0,0.35267388820648193,0.022681184113025665,7.0,0.9946855306625366,0.9946855306625366,0.9946855306625366,0.021762322634458542,0.00022440000611823052,0.3446101248264313,1260000.0,-0.012103102169930935,-7.411371916532516e-05,-0.13387168943881989,0.019007867202162743,0.0025200024247169495,2.6466667652130127,4027.5927734375,24.588600158691406,25.49430274963379,50.08290481567383,399.3378601074219
26.386798858642578,53.79999923706055,1000.0,63.0,0.3426620364189148,0.020619800314307213,8.0,0.9959885478019714,0.9959885478019714,0.9959885478019714,0.022727055475115776,0.00022319999698083848,0.3410666882991791,1280000.0,-0.014766532927751541,-0.0026634307578206062,-0.02887098118662834,0.01694655977189541,-0.002061307430267334,2.646320104598999,4080.746826171875,23.910520553588867,29.22343635559082,53.13395690917969,376.4071350097656
26.389053344726562,46.959999084472656,1000.0,64.0,0.33444133400917053,0.020012477412819862,6.0,0.9980215430259705,0.9980215430259705,0.9980215430259705,0.021375780925154686,0.00022200000239536166,0.3382827341556549,1300000.0,-0.009920462965965271,0.00484606996178627,-0.07287557423114777,0.02011435106396675,0.0031677912920713425,2.626563310623169,4126.07666015625,24.501962661743164,20.808279037475586,45.310752868652344,441.3963317871094
26.34644317626953,51.34000015258789,1000.0,65.0,0.31894516944885254,0.020447812974452972,6.0,0.9984293580055237,0.9984293580055237,0.9984293580055237,0.021898584440350533,0.00022079999325796962,0.3330442011356354,1320000.0,-0.008828934282064438,0.0010915286839008331,-0.03734586387872696,0.01978246495127678,-0.0003318861126899719,2.644653797149658,4172.41748046875,26.47810935974121,19.844478607177734,46.32258605957031,431.7547912597656
26.34964370727539,46.220001220703125,1000.0,66.0,0.30140694975852966,0.024286767467856407,7.0,0.9972532987594604,0.9972532987594604,0.9972532987594604,0.02184910885989666,0.0002195999986724928,0.3273146152496338,1340000.0,-0.011269166134297848,-0.00244023185223341,-0.07910939306020737,0.020595312118530273,0.0008128471672534943,2.6297950744628906,4222.875,27.889591217041016,22.541128158569336,50.43071746826172,396.58367919921875
26.456174850463867,51.47999954223633,1000.0,67.0,0.2905200719833374,0.02532610297203064,2.0,0.9981211423873901,0.9981211423873901,0.9981211423873901,0.019049929454922676,0.00021840000408701599,0.3237551152706146,1360000.0,0.001370459794998169,0.012639625929296017,0.16268496215343475,0.020830942317843437,0.00023563019931316376,2.6622214317321777,4257.794921875,27.28976058959961,7.610808372497559,34.90056610107422,573.0565795898438
26.564002990722656,46.0,1000.0,68.0,0.2829379737377167,0.02260761708021164,7.0,0.9978535175323486,0.9978535175323486,0.9978535175323486,0.022466015070676804,0.00021719999494962394,0.3213365375995636,1380000.0,-0.012408536858856678,-0.013778996653854847,0.03440674766898155,0.017123067751526833,-0.0037078745663166046,2.6522114276885986,4306.15869140625,24.876070022583008,23.469343185424805,48.34541320800781,413.6897277832031
26.555601119995117,50.63999938964844,1000.0,69.0,0.27269718050956726,0.020079385489225388,6.0,0.9965425729751587,0.9965425729751587,0.9965425729751587,0.02165239118039608,0.00021600000036414713,0.31811782717704773,1400000.0,-0.011507117189466953,0.0009014196693897247,-0.018595559522509575,0.017982101067900658,0.0008590333163738251,2.6491332054138184,4352.45458984375,25.646385192871094,20.629058837890625,46.27544403076172,432.19464111328125
26.267105102539062,55.5,1000.0,70.0,0.2634854018688202,0.024988239631056786,8.0,0.9980006814002991,0.9980006814002991,0.9980006814002991,0.02284587360918522,0.0002148000057786703,0.31527838110923767,1420000.0,-0.013348964974284172,-0.0018418477848172188,0.10104155540466309,0.01569311134517193,-0.0022889897227287292,2.657388687133789,4407.54931640625,27.12267303466797,27.95113754272461,55.07381057739258,363.1490173339844
26.427762985229492,59.86000061035156,1000.0,71.0,0.255531370639801,0.02131369709968567,4.0,0.9990185499191284,0.9990185499191284,0.9990185499191284,0.02041461318731308,0.00021359999664127827,0.31277403235435486,1440000.0,-0.00682553555816412,0.006523429416120052,-0.0155949667096138,0.01814139261841774,0.0024482812732458115,2.659182071685791,4447.30224609375,26.365385055541992,13.366853713989258,39.73223876953125,503.36956787109375
26.367685317993164,52.63999938964844,1000.0,72.0,0.2389400154352188,0.021094612777233124,6.0,0.9984877109527588,0.9984877109527588,0.9984877109527588,0.021838584914803505,0.00021240000205580145,0.30761024355888367,1460000.0,-0.011745468713343143,-0.004919933155179024,0.16390475630760193,0.017121421173214912,-0.0010199714452028275,2.6563987731933594,4494.80908203125,26.783008575439453,20.705171585083008,47.488182067871094,421.1574401855469
26.44049835205078,49.15999984741211,1000.0,73.0,0.22196783125400543,0.022978970780968666,6.0,0.9978980422019958,0.9978980422019958,0.9978980422019958,0.022459877654910088,0.0002111999929184094,0.3024836778640747,1480000.0,-0.011641375720500946,0.00010409299284219742,-0.14744845032691956,0.017413750290870667,0.0002923291176557541,2.6565043926239014,4540.31689453125,25.795625686645508,19.692195892333984,45.48882293701172,439.66845703125
26.223512649536133,47.79999923706055,1000.0,74.0,0.21040533483028412,0.02158282697200775,7.0,0.9995352029800415,0.9995352029800415,0.9995352029800415,0.022842416539788246,0.0002099999983329326,0.2990410625934601,1500000.0,-0.009763085283339024,0.0018782904371619225,0.09981869906187057,0.016841936856508255,-0.0005718134343624115,2.640193462371826,4590.89892578125,26.795421600341797,23.766748428344727,50.562171936035156,395.5526428222656
26.141761779785156,46.79999923706055,1000.0,75.0,0.20014196634292603,0.02098199538886547,6.0,0.9969706535339355,0.9969706535339355,0.9969706535339355,0.021437855437397957,0.00020880000374745578,0.29593658447265625,1520000.0,-0.011410810053348541,-0.0016477247700095177,0.06911518424749374,0.016516171395778656,-0.000325765460729599,2.6391260623931885,4638.4248046875,26.338462829589844,21.15928840637207,47.49774932861328,421.07257080078125
25.9216365814209,54.47999954223633,1000.0,76.0,0.18552149832248688,0.02092905342578888,5.0,0.9983808994293213,0.9983808994293213,0.9983808994293213,0.02190789394080639,0.00020759999461006373,0.2916564345359802,1540000.0,-0.008053391240537167,0.0033574188128113747,0.23237018287181854,0.014109838753938675,-0.002406332641839981,2.6528518199920654,4681.708984375,26.142671585083008,17.121402740478516,43.26407241821289,462.2773132324219
26.098432540893555,54.84000015258789,1000.0,77.0,0.18124546110630035,0.021542958915233612,6.0,0.998587429523468,0.998587429523468,0.998587429523468,0.02210424095392227,0.00020640000002458692,0.2904389798641205,1560000.0,-0.008115969598293304,-6.257835775613785e-05,-0.19399848580360413,0.018212050199508667,0.004102211445569992,2.645380735397339,4728.72216796875,27.035537719726562,19.95830535888672,46.99384307861328,425.5876770019531
26.088659286499023,56.20000076293945,1000.0,78.0,0.1751067042350769,0.022010046988725662,6.0,0.9983633756637573,0.9983633756637573,0.9983633756637573,0.02280254289507866,0.0002052000054391101,0.28864768147468567,1580000.0,-0.012058029882609844,-0.00394206028431654,-0.006381580606102943,0.01628151535987854,-0.001930534839630127,2.6525020599365234,4776.7021484375,27.422893524169922,20.537841796875,47.96073532104492,417.0077819824219
26.163681030273438,51.939998626708984,1000.0,79.0,0.15956464409828186,0.022348817437887192,6.0,0.9961497783660889,0.9961497783660889,0.9961497783660889,0.02257346734404564,0.00020399999630171806,0.2842102348804474,1600000.0,-0.010220067575573921,0.001837962307035923,-0.015341486781835556,0.015567425638437271,-0.0007140897214412689,2.6503660678863525,4824.23681640625,26.665260314941406,20.84914207458496,47.514400482177734,420.9250183105469
26.458595275878906,47.31999969482422,1000.0,80.0,0.14557726681232452,0.023543253540992737,5.0,0.9961310625076294,0.9961310625076294,0.9961310625076294,0.02190612256526947,0.00020280000171624124,0.28029748797416687,1620000.0,-0.009174973703920841,0.00104509387165308,-0.08818072080612183,0.020529888570308685,0.004962462931871414,2.63624906539917,4868.0986328125,25.454357147216797,18.388221740722656,43.84257888793945,456.17755126953125
26.54437828063965,50.099998474121094,1000.0,81.0,0.13544420897960663,0.02185136452317238,6.0,0.9967718720436096,0.9967718720436096,0.9967718720436096,0.0233243890106678,0.00020160000713076442,0.2774616479873657,1640000.0,-0.010305159725248814,-0.0011301860213279724,-0.2718272805213928,0.016324806958436966,-0.004205081611871719,2.651207685470581,4913.67529296875,23.771366119384766,21.773540496826172,45.54590606689453,439.117431640625
26.485395431518555,52.439998626708984,1000.0,82.0,0.1265077441930771,0.021631276234984398,5.0,0.9976917505264282,0.9976917505264282,0.9976917505264282,0.022242318838834763,0.00020039999799337238,0.2750062942504883,1660000.0,-0.009151121601462364,0.0011540381237864494,0.19635729491710663,0.01570742018520832,-0.0006173867732286453,2.638361692428589,4956.5673828125,24.98899269104004,17.88442039489746,42.8734130859375,466.48956298828125
26.629610061645508,58.02000045776367,1000.0,83.0,0.11609816551208496,0.021102799102663994,5.0,0.9970690608024597,0.9970690608024597,0.9970690608024597,0.021872689947485924,0.00019920000340789557,0.27212363481521606,1680000.0,-0.007639368996024132,0.0015117526054382324,0.24860695004463196,0.018542233854532242,0.002834813669323921,2.661463975906372,5000.236328125,26.39524269104004,17.252927780151367,43.649166107177734,458.1988830566406
26.660686492919922,55.63999938964844,1000.0,84.0,0.10561416298151016,0.02094888687133789,5.0,0.9980670213699341,0.9980670213699341,0.9980670213699341,0.022041143849492073,0.00019799999427050352,0.26930850744247437,1700000.0,-0.008852009661495686,-0.0012126406654715538,-0.10102108120918274,0.015274151228368282,-0.0032680826261639595,2.6655631065368652,5044.5869140625,25.2058048248291,19.12713623046875,44.33293914794922,451.1318054199219
26.628921508789062,57.2599983215332,1000.0,85.0,0.09879385679960251,0.022408725693821907,7.0,0.998677134513855,0.998677134513855,0.998677134513855,0.02303403615951538,0.0001967999996850267,0.267438679933548,1720000.0,-0.009606143459677696,-0.0007541337981820107,-0.30455490946769714,0.017669448629021645,0.0023952974006533623,2.6491048336029053,5093.81005859375,24.141151428222656,25.061473846435547,49.2026252746582,406.48236083984375
26.36223793029785,57.7400016784668,1000.0,86.0,0.09248729795217514,0.02304719015955925,4.0,0.9980847835540771,0.9980847835540771,0.9980847835540771,0.021865637972950935,0.0001956000050995499,0.26578783988952637,1740000.0,-0.006143754813820124,0.0034623886458575726,-0.06305985152721405,0.017641576007008553,-2.787262201309204e-05,2.667494297027588,5132.50439453125,24.618865966796875,14.053807258605957,38.67267608642578,517.1610107421875
26.408897399902344,49.900001525878906,1000.0,87.0,0.08605290204286575,0.02184290997684002,6.0,0.9980940222740173,0.9980940222740173,0.9980940222740173,0.022398117929697037,0.00019439999596215785,0.26409798860549927,1760000.0,-0.009894284419715405,-0.003750529605895281,-0.19080908596515656,0.017574220895767212,-6.735511124134064e-05,2.681558847427368,5179.4423828125,26.573535919189453,20.346052169799805,46.91958999633789,426.2611999511719
26.566539764404297,52.15999984741211,1000.0,88.0,0.07181360572576523,0.02044106461107731,6.0,1.0000109672546387,1.0000109672546387,1.0000109672546387,0.02168283984065056,0.00019320000137668103,0.2603375017642975,1780000.0,-0.011412274092435837,-0.0015179896727204323,-0.13701187074184418,0.01731015183031559,-0.000264069065451622,2.6818158626556396,5226.75,27.0654239654541,20.218189239501953,47.28361129760742,422.9795227050781
26.596446990966797,51.380001068115234,1000.0,89.0,0.06234578788280487,0.02155647799372673,3.0,0.9982941150665283,0.9982941150665283,0.9982941150665283,0.020915871486067772,0.00019200000679120421,0.25793930888175964,1800000.0,-0.003348822705447674,0.008063451386988163,0.022571099922060966,0.01847817935049534,0.0011680275201797485,2.6830875873565674,5264.0,26.05850601196289,11.172111511230469,37.23061752319336,537.1922607421875
26.573392868041992,51.86000061035156,1000.0,90.0,0.05734778568148613,0.021121850237250328,5.0,0.9975538849830627,0.9975538849830627,0.9975538849830627,0.022364255040884018,0.00019079999765381217,0.256674587726593,1820000.0,-0.007693395484238863,-0.004344572778791189,-0.22179266810417175,0.0178420078009367,-0.0006361715495586395,2.695720672607422,5307.52001953125,24.654125213623047,18.84032440185547,43.494449615478516,459.8287658691406
26.626384735107422,54.459999084472656,1000.0,91.0,0.05078210309147835,0.02566780336201191,6.0,0.9977802634239197,0.9977802634239197,0.9977802634239197,0.021845076233148575,0.00018960000306833535,0.25496646761894226,1840000.0,-0.009559431113302708,-0.0018660356290638447,0.1322505623102188,0.017666146159172058,-0.0001758616417646408,2.683556318283081,5354.80908203125,26.360919952392578,20.9095516204834,47.270469665527344,423.09710693359375
26.674972534179688,46.2400016784668,1000.0,92.0,0.045737527310848236,0.021191546693444252,5.0,0.9978757500648499,0.9978757500648499,0.9978757500648499,0.022716687992215157,0.0001883999939309433,0.2536451518535614,1860000.0,-0.006229213438928127,0.0033302176743745804,0.24770858883857727,0.01945834420621395,0.001792198047041893,2.6834192276000977,5398.84765625,25.784652709960938,18.233776092529297,44.018428802490234,454.3551330566406
26.727672576904297,54.36000061035156,1000.0,93.0,0.04007739573717117,0.020300818607211113,5.0,0.9968575835227966,0.9968575835227966,0.9968575835227966,0.022333232685923576,0.0001871999993454665,0.25223076343536377,1880000.0,-0.009638222865760326,-0.003409009426832199,-0.2357971966266632,0.018400292843580246,-0.0010580513626337051,2.6941421031951904,5442.27783203125,24.76953887939453,18.627025604248047,43.39656448364258,460.865966796875
26.694007873535156,52.86000061035156,1000.0,94.0,0.027580946683883667,0.020118840038776398,5.0,0.9982233643531799,0.9982233643531799,0.9982233643531799,0.021379807963967323,0.00018600000475998968,0.24912258982658386,1900000.0,-0.008649141527712345,0.0009890813380479813,-0.23496049642562866,0.01704917475581169,-0.0013511180877685547,2.7103264331817627,5484.3330078125,23.64808464050293,18.386381149291992,42.03446578979492,475.8000183105469
26.12417221069336,71.36000061035156,1000.0,95.0,0.018102234229445457,0.020105816423892975,3.0,1.0010124444961548,1.0010124444961548,1.0010124444961548,0.02056152932345867,0.00018479999562259763,0.24679549038410187,1920000.0,0.00039144547190517187,0.009040586999617517,0.10321711003780365,0.017551742494106293,0.0005025677382946014,2.687809705734253,5520.17724609375,25.98941993713379,9.831655502319336,35.821075439453125,558.3305053710938
26.076396942138672,71.95999908447266,1000.0,96.0,0.009260335937142372,0.02031041868031025,6.0,0.9980888366699219,0.9980888366699219,0.9980888366699219,0.022396409884095192,0.00018360000103712082,0.24460747838020325,1940000.0,-0.01031314767897129,-0.010704593150876462,0.23215965926647186,0.014563238248229027,-0.002988504245877266,2.7183854579925537,5568.15380859375,27.592432022094727,20.365623474121094,47.95805358886719,417.0310974121094
25.59072494506836,82.0999984741211,1000.0,97.0,0.002944344887509942,0.023664461448788643,6.0,1.0003230571746826,1.0003230571746826,1.0003230571746826,0.023643825203180313,0.000182400006451644,0.2430557906627655,1960000.0,-0.0024587917141616344,0.007854355964809656,-0.10354720056056976,0.0162979606539011,0.0017347224056720734,2.7052414417266846,5615.93359375,26.17164421081543,21.58681869506836,47.75846481323242,418.77392578125
26.052165985107422,67.58000183105469,1000.0,98.0,-0.002484550466760993,0.021775497123599052,2.0,1.0000261068344116,1.0000261068344116,1.0000261068344116,0.01968829706311226,0.00018119999731425196,0.2417362481355667,1980000.0,0.0008913970668800175,0.003350188781041652,-0.015380526892840862,0.01787172071635723,0.001573760062456131,2.700456142425537,5648.2265625,25.553152084350586,6.7193779945373535,32.27346420288086,619.7041625976562
25.697351455688477,70.95999908447266,1000.0,99.0,-0.006594529841095209,0.023089803755283356,2.0,1.0005607604980469,1.0005607604980469,1.0005607604980469,0.023584187030792236,0.00018000000272877514,0.24076445400714874,2000000.0,0.0024061198346316814,0.001514722767751664,0.09211232513189316,0.020334666594862938,0.002462945878505707,2.6570017337799072,5681.84326171875,27.26709747314453,6.332469940185547,33.59956741333008,595.2457275390625
26.0122013092041,61.7599983215332,1000.0,100.0,-0.010333213023841381,0.020513201132416725,5.0,1.0003238916397095,1.0003238916397095,1.0003238916397095,0.02030474878847599,0.0001787999935913831,0.23982559144496918,2020000.0,-0.007862674072384834,-0.010268793907016516,0.06952318549156189,0.018671618774533272,-0.0016630478203296661,2.651686906814575,5726.38232421875,25.908370971679688,18.610300064086914,44.51966857910156,449.2396240234375
26.004066467285156,57.84000015258789,1000.0,101.0,-0.02320358343422413,0.021856162697076797,7.0,0.9979106187820435,0.9979106187820435,0.9979106187820435,0.021273504942655563,0.00017759999900590628,0.23680534958839417,2040000.0,-0.011239868588745594,-0.0033771945163607597,0.07254606485366821,0.01622578874230385,-0.0024458300322294235,2.66339373588562,5775.55322265625,23.26970100402832,25.880998611450195,49.15169906616211,406.9035339355469
26.6093692779541,53.20000076293945,1000.0,102.0,-0.03361018747091293,0.021792856976389885,5.0,0.9983323812484741,0.9983323812484741,0.9983323812484741,0.02265111170709133,0.00017640000442042947,0.23438102006912231,2060000.0,-0.008571936748921871,0.002667931839823723,0.017150521278381348,0.020940957590937614,0.004715168848633766,2.669473886489868,5817.173828125,23.737606048583984,17.864398956298828,41.60200500488281,480.7460632324219
26.718795776367188,53.220001220703125,1000.0,103.0,-0.04331856220960617,0.020340939983725548,4.0,0.9969876408576965,0.9969876408576965,0.9969876408576965,0.021853262558579445,0.00017519999528303742,0.23210221529006958,2080000.0,-0.007116988766938448,0.0014549479819834232,0.11572017520666122,0.015743965283036232,-0.0051969923079013824,2.6727194786071777,5856.6953125,26.693267822265625,12.805288314819336,39.498558044433594,506.3476257324219
26.916461944580078,50.47999954223633,1000.0,104.0,-0.05275454372167587,0.022565918043255806,6.0,0.9977182745933533,0.9977182745933533,0.9977182745933533,0.02297510951757431,0.0001740000006975606,0.2299371063709259,2100000.0,-0.010440688580274582,-0.003323699813336134,-0.0033764317631721497,0.01728684827685356,0.0015428829938173294,2.667867660522461,5905.08203125,27.927515029907227,20.440181732177734,48.367698669433594,413.4991149902344
26.86258316040039,50.5,1000.0,105.0,-0.06364475190639496,0.02032920904457569,5.0,0.997992753982544,0.997992753982544,0.997992753982544,0.022062210366129875,0.0001728000061120838,0.22752055525779724,2120000.0,-0.007789037190377712,0.0026516513898968697,0.044912829995155334,0.018442580476403236,0.001155732199549675,2.6639516353607178,5948.623046875,26.242305755615234,17.274776458740234,43.51708221435547,459.5896301269531
26.900005340576172,52.65999984741211,1000.0,106.0,-0.0665292888879776,0.029124194756150246,1.0,1.0009316205978394,1.0009316205978394,1.0009316205978394,0.021327171474695206,0.00017159999697469175,0.22688384354114532,2140000.0,0.008626922965049744,0.016415960155427456,0.2995336353778839,0.019892623648047447,0.0014500431716442108,2.669717311859131,5977.64794921875,25.499731063842773,3.5038013458251953,29.00353240966797,689.5711669921875
27.01192855834961,53.13999938964844,1000.0,107.0,-0.07321765273809433,0.020574577152729034,5.0,0.998942494392395,0.998942494392395,0.998942494392395,0.021476872265338898,0.00017040000238921493,0.22539366781711578,2160000.0,-0.007919514551758766,-0.01654643751680851,-0.022515680640935898,0.018311070278286934,-0.0015815533697605133,2.675950765609741,6022.30517578125,27.562822341918945,17.07699203491211,44.63981628417969,448.0305480957031
26.872041702270508,56.02000045776367,1000.0,108.0,-0.08032532781362534,0.02154221571981907,5.0,0.9974426031112671,0.9974426031112671,0.9974426031112671,0.022375985980033875,0.0001691999932518229,0.2238125205039978,2180000.0,-0.007436167448759079,0.0004833471029996872,0.07548853754997253,0.015982381999492645,-0.0023286882787942886,2.6720874309539795,6065.79443359375,25.866073608398438,17.604259490966797,43.470333099365234,460.0838928222656
26.82202911376953,54.7400016784668,1000.0,109.0,-0.08803848177194595,0.021397605538368225,6.0,0.9986350536346436,0.9986350536346436,0.9986350536346436,0.022314447909593582,0.00016799999866634607,0.22212113440036774,2200000.0,-0.011109746992588043,-0.0036735795438289642,-0.03151179105043411,0.01769292913377285,0.0017105471342802048,2.6938180923461914,6112.328125,24.817913055419922,21.685653686523438,46.50356674194336,430.0745544433594
26.53628158569336,54.15999984741211,1000.0,110.0,-0.08925162255764008,0.02165287733078003,5.0,0.9990729689598083,0.9990729689598083,0.9990729689598083,0.02278893068432808,0.00016680000408086926,0.2218630313873291,2220000.0,-0.006406326312571764,0.004703420680016279,0.015065057203173637,0.018053382635116577,0.0003604535013437271,2.675680160522461,6155.56298828125,24.73171043395996,18.484130859375,43.21583938598633,462.79327392578125
26.60232925415039,53.439998626708984,1000.0,111.0,-0.0967637300491333,0.020934883505105972,5.0,0.9979631304740906,0.9979631304740906,0.9979631304740906,0.02193930186331272,0.0001655999949434772,0.22022931277751923,2240000.0,-0.007842802442610264,-0.0014364761300384998,-0.15518799424171448,0.01831587590277195,0.0002624932676553726,2.6848971843719482,6196.8984375,23.914348602294922,17.40106964111328,41.3154182434082,484.0807800292969
26.6796817779541,54.560001373291016,1000.0,112.0,-0.10909803211688995,0.022511428222060204,7.0,0.9980798363685608,0.9980798363685608,0.9980798363685608,0.023183126002550125,0.0001644000003580004,0.2176046371459961,2260000.0,-0.012484895065426826,-0.004642092622816563,-0.07635985314846039,0.01753254607319832,-0.0007833298295736313,2.685153007507324,6246.896484375,25.894895553588867,24.08417510986328,49.97907257080078,400.1675109863281
26.93720054626465,58.97999954223633,1000.0,113.0,-0.1177152469754219,0.020438410341739655,6.0,0.9987572431564331,0.9987572431564331,0.9987572431564331,0.02191290445625782,0.00016320000577252358,0.2157738357782364,2280000.0,-0.009119682013988495,0.0033652130514383316,0.007388977333903313,0.017690451815724373,0.00015790574252605438,2.685917615890503,6294.62890625,25.956310272216797,21.75176239013672,47.708072662353516,419.2162780761719
26.9771728515625,55.779998779296875,1000.0,114.0,-0.12259480357170105,0.020656775683164597,2.0,0.9995035529136658,0.9995035529136658,0.9995035529136658,0.020321547985076904,0.00016199999663513154,0.21473750472068787,2300000.0,0.0006606935057789087,0.009780375519767404,-0.19970795512199402,0.020229522138834,0.0025390703231096268,2.7019364833831787,6326.67919921875,24.764137268066406,7.267343521118164,32.03147888183594,624.3857421875
26.577354431152344,52.65999984741211,1000.0,115.0,-0.12622599303722382,0.021220751106739044,4.0,0.998813807964325,0.998813807964325,0.998813807964325,0.022014552727341652,0.00016080000204965472,0.21396970748901367,2320000.0,-0.006004753988236189,-0.006665447494015098,0.09331105649471283,0.018469251692295074,-0.0017602704465389252,2.6768994331359863,6366.28564453125,25.456518173217773,14.125640869140625,39.58315658569336,505.2654113769531
26.418058395385742,52.5,1000.0,116.0,-0.13171707093715668,0.022837545722723007,6.0,0.9977360963821411,0.9977360963821411,0.9977360963821411,0.022988470271229744,0.00015959999291226268,0.2128392904996872,2340000.0,-0.011776434257626534,-0.005771680269390345,0.18028683960437775,0.019023790955543518,0.0005545392632484436,2.6873273849487305,6413.51025390625,26.664365768432617,20.535018920898438,47.20037841796875,423.72540283203125
26.40951919555664,54.380001068115234,1000.0,117.0,-0.13822905719280243,0.023754581809043884,6.0,0.9975247383117676,0.9975247383117676,0.9975247383117676,0.021422475576400757,0.00015839999832678586,0.21147297322750092,2360000.0,-0.01053544133901596,0.0012409929186105728,-0.027098169550299644,0.01784438081085682,-0.001179410144686699,2.6888389587402344,6460.703125,26.806257247924805,20.36725616455078,47.17351150512695,423.96673583984375
26.62472152709961,53.86000061035156,1000.0,118.0,-0.14438632130622864,0.020842092111706734,3.0,0.9977627992630005,0.9977627992630005,0.9977627992630005,0.021813469007611275,0.00015720000374130905,0.21018005907535553,2380000.0,-0.0016091834986582398,0.00892625784035772,-0.052908457815647125,0.01742611452937126,-0.00041826628148555756,2.6899938583374023,6497.609375,26.580570220947266,10.305451393127441,36.88602066040039,542.2108154296875
26.841773986816406,51.380001068115234,1000.0,119.0,-0.14278587698936462,0.020799782127141953,4.0,0.9965130090713501,0.9965130090713501,0.9965130090713501,0.02092789299786091,0.000155999994603917,0.21049226820468903,2400000.0,-0.006092701572924852,-0.0044835180742666125,0.2533426880836487,0.016642872244119644,-0.0007832422852516174,2.687387466430664,6538.08154296875,26.120317459106445,14.333678245544434,40.45399475097656,494.38873291015625
26.670873641967773,49.119998931884766,1000.0,120.0,-0.15326452255249023,0.021638089790940285,7.0,0.9985256791114807,0.9985256791114807,0.9985256791114807,0.02275153435766697,0.0001548000000184402,0.20822669565677643,2420000.0,-0.010108635760843754,-0.0040159341879189014,0.1502966582775116,0.01855059340596199,0.0019077211618423462,2.697751522064209,6588.2705078125,26.006803512573242,24.156978607177734,50.16378402709961,398.69403076171875
26.689146041870117,45.720001220703125,1000.0,121.0,-0.1662522256374359,0.023761965334415436,5.0,0.9971504211425781,0.9971504211425781,0.9971504211425781,0.022036654874682426,0.00015360000543296337,0.20550526678562164,2440000.0,-0.008252576924860477,0.0018560588359832764,-0.022301390767097473,0.017426803708076477,-0.0011237896978855133,2.7011594772338867,6631.4306640625,26.612947463989258,16.52766990661621,43.14061737060547,463.6002197265625
26.577566146850586,42.08000183105469,1000.0,122.0,-0.17553380131721497,0.02106776274740696,6.0,0.9972435832023621,0.9972435832023621,0.9972435832023621,0.02169196493923664,0.00015239999629557133,0.20362263917922974,2460000.0,-0.010694680735468864,-0.002442103810608387,-0.15560686588287354,0.017472557723522186,4.575401544570923e-05,2.6879827976226807,6679.1923828125,27.517148971557617,20.22493553161621,47.74208450317383,418.9176025390625
26.772422790527344,46.08000183105469,1000.0,123.0,-0.1824849247932434,0.020096762105822563,5.0,0.99703449010849,0.99703449010849,0.99703449010849,0.022346919402480125,0.0001512000017100945,0.20215432345867157,2480000.0,-0.008248950354754925,0.0024457303807139397,0.2917465567588806,0.017922116443514824,0.00044955871999263763,2.697307825088501,6723.45556640625,26.85165023803711,17.392547607421875,44.244197845458984,452.0366516113281
26.649091720581055,51.81999969482422,1000.0,124.0,-0.19000227749347687,0.0220287274569273,6.0,0.9965224862098694,0.9965224862098694,0.9965224862098694,0.022877749055624008,0.0001500000071246177,0.20062269270420074,2500000.0,-0.010915510356426239,-0.0026665600016713142,0.06019667536020279,0.015381951816380024,-0.0025401646271348,2.6834707260131836,6770.17529296875,24.921142578125,21.778596878051758,46.700740814208984,428.25872802734375
26.583940505981445,54.279998779296875,1000.0,125.0,-0.20182590186595917,0.021080223843455315,5.0,0.9989784359931946,0.9989784359931946,0.9989784359931946,0.022187713533639908,0.00014879999798722565,0.19822897017002106,2520000.0,-0.008453150279819965,0.0024623600766062737,-0.13224489986896515,0.015991196036338806,0.0006092442199587822,2.6711583137512207,6813.62451171875,24.73528480529785,18.686113357543945,43.4213981628418,460.6023864746094
26.657089233398438,58.2400016784668,1000.0,126.0,-0.21536073088645935,0.02394283562898636,7.0,0.995463490486145,0.995463490486145,0.995463490486145,0.02242523618042469,0.00014760000340174884,0.19546686112880707,2540000.0,-0.011966485530138016,-0.0035133352503180504,-0.19571557641029358,0.01783025451004505,0.0018390584737062454,2.6791117191314697,6863.3486328125,26.641931533813477,23.063243865966797,49.705177307128906,402.3725891113281
26.745302200317383,55.900001525878906,1000.0,127.0,-0.22075368463993073,0.0201756339520216,4.0,0.9964781999588013,0.9964781999588013,0.9964781999588013,0.022161711007356644,0.0001463999942643568,0.19440072774887085,2560000.0,-0.005558655131608248,0.006407830398529768,-0.45539626479148865,0.01867150515317917,0.0008412506431341171,2.69126033782959,6903.4326171875,27.573551177978516,12.489056587219238,40.06260681152344,499.2186279296875
26.842065811157227,57.70000076293945,1000.0,128.0,-0.22671446204185486,0.022738976404070854,7.0,0.9967578649520874,0.9967578649520874,0.9967578649520874,0.022859402000904083,0.00014519999967887998,0.19326934218406677,2580000.0,-0.01099453866481781,-0.005435883533209562,0.016414642333984375,0.01673787273466587,-0.001933632418513298,2.6835570335388184,6954.33056640625,27.485881805419922,23.392168045043945,50.8780517578125,393.0968322753906
26.77764892578125,56.31999969482422,1000.0,129.0,-0.2384669929742813,0.02421441115438938,6.0,0.9963825345039368,0.9963825345039368,0.9963825345039368,0.022834351286292076,0.00014400000509340316,0.1909826397895813,2600000.0,-0.01069949846714735,0.00029504019767045975,-0.07619352638721466,0.018200308084487915,0.0014624353498220444,2.6758995056152344,7002.12353515625,27.607980728149414,20.165313720703125,47.77329635620117,418.6439208984375
26.988065719604492,55.79999923706055,1000.0,130.0,-0.2446041703224182,0.023681964725255966,4.0,0.997164785861969,0.997164785861969,0.997164785861969,0.02152061276137829,0.00014279999595601112,0.18976688385009766,2620000.0,-0.007037264294922352,0.0036622341722249985,0.21645013988018036,0.01785842515528202,-0.00034188292920589447,2.686472177505493,7042.59375,26.942420959472656,13.49802303314209,40.44044494628906,494.5544128417969
26.889808654785156,58.060001373291016,1000.0,131.0,-0.253522127866745,0.023783637210726738,6.0,0.9979127049446106,0.9979127049446106,0.9979127049446106,0.022897470742464066,0.0001416000013705343,0.18807807564735413,2640000.0,-0.010118415579199791,-0.003081151284277439,-0.023777388036251068,0.017173564061522484,-0.0006848610937595367,2.6847777366638184,7089.0927734375,25.898109436035156,20.583145141601562,46.48125457763672,430.281005859375
26.863290786743164,62.7400016784668,1000.0,132.0,-0.25994205474853516,0.020841628313064575,4.0,0.9982926845550537,0.9982926845550537,0.9982926845550537,0.02169903740286827,0.00014040000678505749,0.18691179156303406,2660000.0,-0.004916649777442217,0.005201765801757574,-0.02046651393175125,0.016453813761472702,-0.0007197503000497818,2.6842143535614014,7128.57568359375,26.6110782623291,12.830442428588867,39.442527770996094,507.06689453125
26.527585983276367,57.41999816894531,1000.0,133.0,-0.2711629867553711,0.024346929043531418,5.0,0.9982274174690247,0.9982274174690247,0.9982274174690247,0.022270888090133667,0.00013919999764766544,0.18484356999397278,2680000.0,-0.008646635338664055,-0.003729985561221838,-0.1585998684167862,0.017090991139411926,0.0006371773779392242,2.6952905654907227,7172.90771484375,28.435871124267578,15.877517700195312,44.31338882446289,451.33087158203125
26.70757293701172,54.31999969482422,1000.0,134.0,-0.28020909428596497,0.02078019455075264,5.0,0.9991775155067444,0.9991775155067444,0.9991775155067444,0.0223031397908926,0.00013800000306218863,0.1831873655319214,2700000.0,-0.008578297682106495,6.833765655755997e-05,0.1240348070859909,0.016739940270781517,-0.00035105086863040924,2.6899309158325195,7217.5908203125,28.83045196533203,15.833929061889648,44.66438293457031,447.78411865234375
26.813213348388672,50.0,1000.0,135.0,-0.28355249762535095,0.02309267967939377,3.0,0.9976586103439331,0.9976586103439331,0.9976586103439331,0.023085128515958786,0.00013679999392479658,0.18257105350494385,2720000.0,-0.0027532512322068214,0.0058250464498996735,-0.11840454488992691,0.018403038382530212,0.0016630981117486954,2.6944847106933594,7255.14013671875,27.36138916015625,10.169456481933594,37.530845642089844,532.89501953125
26.976083755493164,53.540000915527344,1000.0,136.0,-0.2885141372680664,0.022575633600354195,6.0,0.9991452693939209,0.9991452693939209,0.9991452693939209,0.022522708401083946,0.00013559999933931977,0.18165569007396698,2740000.0,-0.010019255802035332,-0.00726600456982851,-0.1464330404996872,0.020093608647584915,0.0016905702650547028,2.716130495071411,7300.6806640625,24.897323608398438,20.624530792236328,45.521854400634766,439.3493957519531
26.869661331176758,55.58000183105469,1000.0,137.0,-0.29726991057395935,0.020146308466792107,6.0,0.9968996047973633,0.9968996047973633,0.9968996047973633,0.021906962618231773,0.00013440000475384295,0.18005385994911194,2760000.0,-0.009903611615300179,0.0001156441867351532,0.0070791542530059814,0.016774695366621017,-0.0033189132809638977,2.703362464904785,7347.26123046875,26.864070892333984,19.691598892211914,46.55567169189453,429.59320068359375
26.703350067138672,53.619998931884766,1000.0,138.0,-0.3036835193634033,0.02230207435786724,5.0,0.9974510073661804,0.9974510073661804,0.9974510073661804,0.021915266290307045,0.0001331999956164509,0.1789177507162094,2780000.0,-0.008435500785708427,0.001468110829591751,0.022678405046463013,0.014451916329562664,-0.0023227790370583534,2.694807767868042,7391.22998046875,26.501041412353516,17.44767189025879,43.94871520996094,455.0758972167969
26.669139862060547,42.86000061035156,1000.0,139.0,-0.30864855647087097,0.02371201477944851,4.0,0.996672511100769,0.996672511100769,0.996672511100769,0.021697742864489555,0.0001320000010309741,0.17804086208343506,2800000.0,-0.004865111317485571,0.0035703894682228565,-0.09937018901109695,0.019551170989871025,0.005099254660308361,2.697068452835083,7431.24169921875,25.468921661376953,14.524999618530273,39.99392318725586,500.07598876953125
26.246061325073242,43.08000183105469,1000.0,140.0,-0.31744715571403503,0.02133570797741413,5.0,1.000293254852295,1.000293254852295,1.000293254852295,0.0221194289624691,0.00013080000644549727,0.17648252844810486,2820000.0,-0.0036172070540487766,0.0012479042634367943,-0.1117393895983696,0.02069653384387493,0.0011453628540039062,2.6818485260009766,7473.78564453125,25.247398376464844,17.276947021484375,42.52434539794922,470.3188171386719
26.38485336303711,45.31999969482422,1000.0,141.0,-0.31989333033561707,0.021700408309698105,4.0,0.9984526634216309,0.9984526634216309,0.9984526634216309,0.02176939882338047,0.00012959999730810523,0.1760474592447281,2840000.0,-0.006209627725183964,-0.002592420671135187,-0.3882676959037781,0.01772497221827507,-0.002971561625599861,2.6747560501098633,7512.22119140625,25.263872146606445,13.152456283569336,38.41731262207031,520.5986328125
26.327054977416992,52.70000076293945,1000.0,142.0,-0.32483917474746704,0.021616781130433083,5.0,0.9981392025947571,0.9981392025947571,0.9981392025947571,0.02124207094311714,0.00012840000272262841,0.17517505586147308,2860000.0,-0.008516703732311726,-0.002307076007127762,-0.0988197773694992,0.020133497193455696,0.002408524975180626,2.6825153827667236,7556.0908203125,26.260944366455078,17.586875915527344,43.84782028198242,456.1230163574219
26.633787155151367,54.099998474121094,1000.0,143.0,-0.33303502202033997,0.020262738689780235,5.0,0.9990867972373962,0.9990867972373962,0.9990867972373962,0.02132045477628708,0.00012719999358523637,0.1737140566110611,2880000.0,-0.007784498389810324,0.0007322053425014019,-0.07267268002033234,0.019178736954927444,-0.0009547602385282516,2.6913046836853027,7599.46337890625,25.9283390045166,17.424484252929688,43.35348129272461,461.3246154785156
26.61988067626953,52.36000061035156,1000.0,144.0,-0.34356632828712463,0.020296312868595123,6.0,0.99900221824646,0.99900221824646,0.99900221824646,0.021358810365200043,0.00012599999899975955,0.1718764305114746,2900000.0,-0.009814612567424774,-0.0020301141776144505,0.45810288190841675,0.015576930716633797,-0.0036018062382936478,2.7013704776763916,7645.486328125,25.68576431274414,20.318843841552734,46.004608154296875,434.7390441894531
26.412158966064453,49.7400016784668,1000.0,145.0,-0.3511922359466553,0.02001725509762764,5.0,0.9971669316291809,0.9971669316291809,0.9971669316291809,0.02176080085337162,0.00012480000441428274,0.17055347561836243,2920000.0,-0.00903255958110094,0.0007820529863238335,-0.008212467655539513,0.014253074303269386,-0.0013238564133644104,2.713792562484741,7689.04931640625,26.33936882019043,17.204660415649414,43.544029235839844,459.30523681640625
26.429698944091797,50.36000061035156,1000.0,146.0,-0.35344210267066956,0.026223566383123398,6.0,0.9957035183906555,0.9957035183906555,0.9957035183906555,0.022741153836250305,0.0001235999952768907,0.17018957436084747,2940000.0,-0.009435269981622696,-0.0004027104005217552,0.18880301713943481,0.016308890655636787,0.002055816352367401,2.7003262042999268,7735.8212890625,25.88450813293457,20.862319946289062,46.746826171875,427.8365173339844
26.38713836669922,53.31999969482422,1000.0,147.0,-0.3593791723251343,0.026889940723776817,3.0,0.9995269775390625,0.9995269775390625,0.9995269775390625,0.02203609235584736,0.00012240000069141388,0.16921064257621765,2960000.0,-0.004077552352100611,0.005357717629522085,0.08414702862501144,0.015812968835234642,-0.0004959218204021454,2.7257981300354004,7771.2470703125,25.236251831054688,10.170426368713379,35.40667724609375,564.865234375
26.667715072631836,51.18000030517578,1000.0,148.0,-0.36408454179763794,0.02282608114182949,4.0,0.9983324408531189,0.9983324408531189,0.9983324408531189,0.021728703752160072,0.00012119999882997945,0.16841624677181244,2980000.0,-0.005356310401111841,-0.0012787580490112305,0.03234083950519562,0.015535022132098675,-0.00027794670313596725,2.6994175910949707,7811.61865234375,26.666709899902344,13.686675071716309,40.35338592529297,495.6213684082031
26.756738662719727,53.7400016784668,1000.0,149.0,-0.36810263991355896,0.021770088002085686,5.0,0.9988285303115845,0.9988285303115845,0.9988285303115845,0.021704962477087975,0.00011999999696854502,0.16771353781223297,3000000.0,-0.00838133692741394,-0.0030250265263020992,0.13060937821865082,0.01694462075829506,0.0014095986261963844,2.701679229736328,7854.7216796875,25.539331436157227,17.54559326171875,43.084922790527344,464.1994934082031
26.959613800048828,53.20000076293945,1000.0,150.0,-0.37665069103240967,0.021220644935965538,6.0,0.9964855313301086,0.9964855313301086,0.9964855313301086,0.021870611235499382,0.0001188000023830682,0.16628454625606537,3020000.0,-0.010317781940102577,-0.0019364450126886368,-0.1548333317041397,0.017229218035936356,0.0002845972776412964,2.7234625816345215,7901.615234375,25.805980682373047,21.0673828125,46.87336349487305,426.6815490722656
27.03826141357422,52.36000061035156,1000.0,151.0,-0.3873673975467682,0.020097089931368828,5.0,0.9963476657867432,0.9963476657867432,0.9963476657867432,0.02158321626484394,0.00011760000052163377,0.16451308131217957,3040000.0,-0.007874073460698128,0.0024437084794044495,0.20487982034683228,0.01747809164226055,0.00024887360632419586,2.7240490913391113,7945.30810546875,25.840959548950195,17.830772399902344,43.672733306884766,457.95166015625
27.093097686767578,57.5,1000.0,152.0,-0.39563876390457153,0.02127082832157612,5.0,0.9977663159370422,0.9977663159370422,0.9977663159370422,0.021569928154349327,0.00011639999866019934,0.16316790878772736,3060000.0,-0.009824120439589024,-0.0019500469788908958,-0.021539732813835144,0.017659557983279228,0.00018146634101867676,2.717942476272583,7988.42138671875,26.4196720123291,16.673416137695312,43.09408950805664,464.10076904296875
26.8747501373291,60.0,1000.0,153.0,-0.3993416428565979,0.021501194685697556,5.0,0.9978044629096985,0.9978044629096985,0.9978044629096985,0.021065253764390945,0.00011519999679876491,0.16258908808231354,3080000.0,-0.008040164597332478,0.001783955842256546,-0.2371242791414261,0.01609019748866558,-0.0015693604946136475,2.7264788150787354,8031.59375,25.76825523376465,17.38429832458496,43.15255355834961,463.47198486328125
26.903615951538086,61.68000030517578,1000.0,154.0,-0.4074997305870056,0.029046248644590378,6.0,0.9980513453483582,0.9980513453483582,0.9980513453483582,0.021531378850340843,0.0001140000022132881,0.16127708554267883,3100000.0,-0.010826537385582924,-0.0027863727882504463,-0.134864941239357,0.01828731968998909,0.002197122201323509,2.7305288314819336,8078.70166015625,25.664295196533203,21.425058364868164,47.089351654052734,424.7244567871094
26.871374130249023,60.959999084472656,1000.0,155.0,-0.4160490930080414,0.021506216377019882,6.0,0.9975163340568542,0.9975163340568542,0.9975163340568542,0.02260473556816578,0.00011280000035185367,0.1598522663116455,3120000.0,-0.011717093177139759,-0.0008905557915568352,-0.014566347002983093,0.01578870601952076,-0.0024986136704683304,2.736130952835083,8125.40234375,25.054916381835938,21.625717163085938,46.680633544921875,428.4432067871094
26.83334732055664,55.68000030517578,1000.0,156.0,-0.42578092217445374,0.023508712649345398,6.0,0.9977100491523743,0.9977100491523743,0.9977100491523743,0.021829431876540184,0.00011159999849041924,0.1582871973514557,3140000.0,-0.012204705737531185,-0.0004876125603914261,-0.38973283767700195,0.016455886885523796,0.0006671808660030365,2.7224111557006836,8172.27783203125,24.976886749267578,21.87269401550293,46.850582122802734,426.8890380859375
26.684206008911133,54.63999938964844,1000.0,157.0,-0.43517473340034485,0.02241918072104454,5.0,0.9987449049949646,0.9987449049949646,0.9987449049949646,0.022201865911483765,0.00011039999662898481,0.15681107342243195,3160000.0,-0.00692969374358654,0.005275011993944645,-0.46911558508872986,0.01786968670785427,0.0014137998223304749,2.7078118324279785,8213.6025390625,23.17300796508789,18.132917404174805,41.30592346191406,484.1920471191406
26.3675594329834,50.720001220703125,1000.0,158.0,-0.4363378882408142,0.021176019683480263,1.0,0.999126672744751,0.999126672744751,0.999126672744751,0.01822337694466114,0.00010920000204350799,0.15662962198257446,3180000.0,0.008689220063388348,0.015618913806974888,0.151657372713089,0.019614506512880325,0.0017448198050260544,2.685760259628296,8242.19140625,25.2167911529541,3.352785348892212,28.569576263427734,700.0453491210938
26.30508804321289,52.20000076293945,1000.0,159.0,-0.44166669249534607,0.020120514556765556,6.0,0.9991819858551025,0.9991819858551025,0.9991819858551025,0.0209623035043478,0.00010800000018207356,0.15582168102264404,3200000.0,-0.011412739753723145,-0.020101959817111492,-0.0374540351331234,0.01617242582142353,-0.0034420806914567947,2.723299264907837,8288.3408203125,26.42354393005371,19.708415985107422,46.131961822509766,433.5389099121094
26.245315551757812,50.63999938964844,1000.0,160.0,-0.450044721364975,0.020394161343574524,6.0,0.9979071617126465,0.9979071617126465,0.9979071617126465,0.02146652154624462,0.00010679999832063913,0.1545349508523941,3220000.0,-0.012174954637885094,-0.0007622148841619492,0.19112709164619446,0.01727641187608242,0.0011039860546588898,2.7247278690338135,8335.44921875,27.212196350097656,19.877696990966797,47.08989715576172,424.7195739746094
26.58972930908203,55.20000076293945,1000.0,161.0,-0.4578388035297394,0.020357221364974976,3.0,0.9996335506439209,0.9996335506439209,0.9996335506439209,0.020339271053671837,0.0001055999964592047,0.153328537940979,3240000.0,-0.004090292379260063,0.00808466225862503,0.06540313363075256,0.016388576477766037,-0.0008878353983163834,2.7124991416931152,8371.55859375,25.89084243774414,10.200702667236328,36.09154510498047,554.1463623046875
26.7033634185791,57.13999938964844,1000.0,162.0,-0.4621767997741699,0.020440874621272087,6.0,0.9976010918617249,0.9976010918617249,0.9976010918617249,0.02212180197238922,0.00010440000187372789,0.15265029668807983,3260000.0,-0.012043457478284836,-0.007953165099024773,0.021154027432203293,0.01641981676220894,3.124028444290161e-05,2.7002124786376953,8417.513671875,25.22576332092285,20.711259841918945,45.9370231628418,435.378662109375
26.74044418334961,60.459999084472656,1000.0,163.0,-0.4681856036186218,0.02016042359173298,7.0,0.9969155192375183,0.9969155192375183,0.9969155192375183,0.022232888266444206,0.00010320000001229346,0.1516847461462021,3280000.0,-0.01138046383857727,0.0006629936397075653,0.07336613535881042,0.01540431473404169,-0.0010155020281672478,2.719085454940796,8467.376953125,27.028881072998047,22.815160751342773,49.84404373168945,401.2515563964844
26.681509017944336,60.599998474121094,1000.0,164.0,-0.4788644015789032,0.024800986051559448,7.0,0.9964409470558167,0.9964409470558167,0.9964409470558167,0.0229429192841053,0.00010199999815085903,0.1500512808561325,3300000.0,-0.012654745019972324,-0.0012742811813950539,-0.09951367974281311,0.01719358004629612,0.0017892653122544289,2.7190675735473633,8516.865234375,26.26634979248047,23.201473236083984,49.46782302856445,404.30322265625
26.746809005737305,54.779998779296875,1000.0,165.0,-0.4886171519756317,0.022608347237110138,7.0,0.9965460300445557,0.9965460300445557,0.9965460300445557,0.02273837849497795,0.00010080000356538221,0.14856886863708496,3320000.0,-0.012987983413040638,-0.0003332383930683136,0.15064087510108948,0.017289238050580025,9.565800428390503e-05,2.7115659713745117,8566.0185546875,25.962265014648438,23.17069435119629,49.132957458496094,407.0587463378906
26.728740692138672,53.880001068115234,1000.0,166.0,-0.4931679964065552,0.023166365921497345,8.0,0.9975447654724121,0.9975447654724121,0.9975447654724121,0.022221677005290985,9.960000170394778e-05,0.14791558682918549,3340000.0,-0.014467783272266388,-0.00147979985922575,0.05509724095463753,0.01639809086918831,-0.000891147181391716,2.7212178707122803,8618.2587890625,25.002344131469727,27.216529846191406,52.2188720703125,383.0032958984375
26.939199447631836,52.119998931884766,1000.0,167.0,-0.5062484741210938,0.022303510457277298,7.0,0.9969599843025208,0.9969599843025208,0.9969599843025208,0.021409057080745697,9.839999984251335e-05,0.14601288735866547,3360000.0,-0.013137155212461948,0.0013306280598044395,-0.0864047259092331,0.018323449417948723,0.0019253585487604141,2.7366271018981934,8667.77734375,25.195585250854492,24.30352020263672,49.49910354614258,404.0476989746094
26.965017318725586,53.13999938964844,1000.0,168.0,-0.5198425054550171,0.02119027078151703,8.0,0.997012197971344,0.997012197971344,0.997012197971344,0.02211320400238037,9.719999798107892e-05,0.14403972029685974,3380000.0,-0.014895475469529629,-0.0017583202570676804,0.041593633592128754,0.01728302799165249,-0.0010404214262962341,2.727860689163208,8719.1748046875,24.107006072998047,27.27058982849121,51.377593994140625,389.2747497558594
26.86054229736328,52.0,1000.0,169.0,-0.5277116894721985,0.023767579346895218,3.0,0.9974847435951233,0.9974847435951233,0.9974847435951233,0.02138528600335121,9.600000339560211e-05,0.14289283752441406,3400000.0,-0.003604524303227663,0.011290951166301966,-0.0029967669397592545,0.017785953357815742,0.0005029253661632538,2.7402093410491943,8753.8720703125,24.30837631225586,10.36767578125,34.67605209350586,576.7669067382812
26.552412033081055,50.15999984741211,1000.0,170.0,-0.5367286205291748,0.021420521661639214,8.0,0.9976096153259277,0.9976096153259277,0.9976096153259277,0.021686311811208725,9.480000153416768e-05,0.14159148931503296,3420000.0,-0.013115890324115753,-0.00951136602088809,0.13186432421207428,0.015027496963739395,-0.0027584563940763474,2.7248446941375732,8806.3505859375,25.835922241210938,26.624967575073242,52.46088790893555,381.23638916015625
26.674640655517578,48.7599983215332,1000.0,171.0,-0.548657238483429,0.022573450580239296,8.0,0.9960830211639404,0.9960830211639404,0.9960830211639404,0.02230139449238777,9.359999967273325e-05,0.1399116963148117,3440000.0,-0.013316482305526733,-0.00020059198141098022,0.0520152747631073,0.016620641574263573,0.0015931446105241776,2.712116003036499,8858.6796875,25.802074432373047,26.506187438964844,52.30826187133789,382.3487548828125
26.66793441772461,52.560001373291016,1000.0,172.0,-0.5593199133872986,0.021226465702056885,6.0,0.9970760345458984,0.9970760345458984,0.9970760345458984,0.0217179823666811,9.239999781129882e-05,0.13843706250190735,3460000.0,-0.010870024561882019,0.0024464577436447144,0.1620994657278061,0.01515851728618145,-0.0014621242880821228,2.724613904953003,8904.8017578125,26.213895797729492,19.88780403137207,46.10169982910156,433.823486328125
26.853601455688477,57.099998474121094,1000.0,173.0,-0.5657097697257996,0.020289862528443336,8.0,0.9968305826187134,0.9968305826187134,0.9968305826187134,0.022012202069163322,9.1200003225822e-05,0.13757221400737762,3480000.0,-0.01266574114561081,-0.0017957165837287903,-0.02694999799132347,0.015903908759355545,0.0007453914731740952,2.718212127685547,8957.5087890625,25.998878479003906,26.690134048461914,52.68901062011719,379.5857849121094
26.9411678314209,59.939998626708984,1000.0,174.0,-0.5738244652748108,0.023290708661079407,8.0,0.9955121874809265,0.9955121874809265,0.9955121874809265,0.022335262969136238,9.000000136438757e-05,0.13647441565990448,3500000.0,-0.013517369516193867,-0.0008516283705830574,0.19932860136032104,0.019627435132861137,0.0037235263735055923,2.712031602859497,9009.9501953125,25.850528717041016,26.5703067779541,52.42083740234375,381.5276794433594
26.983421325683594,58.060001373291016,1000.0,175.0,-0.5787354707717896,0.021029384806752205,5.0,0.9971578121185303,0.9971578121185303,0.9971578121185303,0.020879343152046204,8.879999950295314e-05,0.1357894092798233,3520000.0,-0.0081934230402112,0.005323946475982666,-0.031724393367767334,0.01679317280650139,-0.002834262326359749,2.705151319503784,9052.2265625,25.40329360961914,16.852237701416016,42.255531311035156,473.3108215332031
27.1503963470459,53.7599983215332,1000.0,176.0,-0.5816588997840881,0.021098865196108818,6.0,0.9959044456481934,0.9959044456481934,0.9959044456481934,0.02203787863254547,8.759999764151871e-05,0.13538815081119537,3540000.0,-0.01192163210362196,-0.003728209063410759,-0.21309657394886017,0.016843419522047043,5.02467155456543e-05,2.719576835632324,9097.7373046875,24.4578857421875,21.0325870513916,45.49147415161133,439.642822265625
26.889598846435547,48.400001525878906,1000.0,177.0,-0.5911323428153992,0.020359423011541367,6.0,0.9955031871795654,0.9955031871795654,0.9955031871795654,0.020974187180399895,8.64000030560419e-05,0.13412192463874817,3560000.0,-0.011651958338916302,0.00026967376470565796,-0.206845223903656,0.01784883439540863,0.0010054148733615875,2.704212188720703,9143.3056640625,25.33597183227539,20.21295738220215,45.548927307128906,439.0882568359375
26.936914443969727,47.97999954223633,1000.0,178.0,-0.5980923771858215,0.020648380741477013,6.0,0.9976426959037781,0.9976426959037781,0.9976426959037781,0.021779697388410568,8.520000119460747e-05,0.1332017332315445,3580000.0,-0.01306398306041956,-0.0014120247215032578,-0.06336474418640137,0.017275646328926086,-0.0005731880664825439,2.7087364196777344,9187.8662109375,24.303001403808594,20.238096237182617,44.54109573364258,449.0235290527344
26.920391082763672,49.119998931884766,1000.0,179.0,-0.6053627729415894,0.020704036578536034,9.0,0.9969682097434998,0.9969682097434998,0.9969682097434998,0.021810512989759445,8.399999933317304e-05,0.13223911821842194,3600000.0,-0.01419784128665924,-0.0011338582262396812,0.3132827877998352,0.01559919212013483,-0.001676454208791256,2.7131612300872803,9244.1220703125,25.204586029052734,31.02981948852539,56.234405517578125,355.6541442871094
26.81902503967285,56.439998626708984,1000.0,180.0,-0.6134623289108276,0.021232834085822105,9.0,0.9975593090057373,0.9975593090057373,0.9975593090057373,0.022005373612046242,8.27999974717386e-05,0.13117744028568268,3620000.0,-0.013607693836092949,0.0005901474505662918,0.12219241261482239,0.015856081619858742,0.0002568894997239113,2.7192959785461426,9298.4033203125,23.570287704467773,30.689672470092773,54.26095962524414,368.5891418457031
26.940414428710938,56.279998779296875,1000.0,181.0,-0.6250854134559631,0.024080902338027954,8.0,0.9961183071136475,0.9961183071136475,0.9961183071136475,0.02119693160057068,8.160000288626179e-05,0.12965711951255798,3640000.0,-0.01431111991405487,-0.0007034260779619217,0.04895246773958206,0.019725104793906212,0.00386902317404747,2.719223737716675,9349.7021484375,24.167034149169922,27.11146354675293,51.278499603271484,390.02703857421875
27.001096725463867,52.279998779296875,1000.0,182.0,-0.6340961456298828,0.021642351523041725,9.0,0.9969697594642639,0.9969697594642639,0.9969697594642639,0.022878095507621765,8.040000102482736e-05,0.12846890091896057,3660000.0,-0.015895385295152664,-0.0015842653810977936,-0.19507448375225067,0.018534472212195396,-0.0011906325817108154,2.7209770679473877,9404.7265625,24.55146598815918,30.452482223510742,55.00394821166992,363.6102600097656
27.248384475708008,48.36000061035156,1000.0,183.0,-0.6409841179847717,0.020243046805262566,9.0,0.9964430332183838,0.9964430332183838,0.9964430332183838,0.022286944091320038,7.919999916339293e-05,0.12758293747901917,3680000.0,-0.013544267043471336,0.002351118251681328,-0.13307002186775208,0.01843787170946598,-9.66005027294159e-05,2.731736183166504,9459.1796875,23.51015281677246,30.92291831970215,54.43307113647461,367.4237060546875
27.089828491210938,45.119998931884766,1000.0,184.0,-0.6492332220077515,0.020397096872329712,8.0,0.9960811734199524,0.9960811734199524,0.9960811734199524,0.021678995341062546,7.79999973019585e-05,0.1265275776386261,3700000.0,-0.014983651228249073,-0.0014393841847777367,-0.0452611967921257,0.017703507095575333,-0.0007343646138906479,2.714322566986084,9510.0,23.667930603027344,27.131603240966797,50.79953384399414,393.70440673828125
26.857194900512695,54.040000915527344,1000.0,185.0,-0.6547309160232544,0.021969884634017944,7.0,0.9948116540908813,0.9948116540908813,0.9948116540908813,0.02150789089500904,7.680000271648169e-05,0.12582571804523468,3720000.0,-0.012879075482487679,0.0021045757457613945,0.026763398200273514,0.015649719163775444,-0.0020537879317998886,2.7061097621917725,9558.1875,24.390546798706055,23.767732620239258,48.15827941894531,415.2972412109375
26.750019073486328,52.58000183105469,1000.0,186.0,-0.6597864627838135,0.020095134153962135,2.0,0.9994802474975586,0.9994802474975586,0.9994802474975586,0.018967019394040108,7.560000085504726e-05,0.12518706917762756,3740000.0,-0.001671950682066381,0.011207124800421298,0.09464790672063828,0.018711576238274574,0.0030618570744991302,2.713438034057617,9590.42578125,25.47148323059082,6.747861862182617,32.21934509277344,620.7450561523438
26.938671112060547,58.439998626708984,1000.0,187.0,-0.6692626476287842,0.020206378772854805,7.0,0.9978120923042297,0.9978120923042297,0.9978120923042297,0.020440930500626564,7.439999899361283e-05,0.12400276958942413,3760000.0,-0.013201071880757809,-0.011529121198691428,-0.03396774083375931,0.01955595798790455,0.0008443817496299744,2.719667673110962,9639.228515625,25.526737213134766,23.25860595703125,48.785343170166016,409.9591979980469
27.241783142089844,55.08000183105469,1000.0,188.0,-0.680163562297821,0.02248370833694935,8.0,0.9971730709075928,0.9971730709075928,0.9971730709075928,0.022278856486082077,7.31999971321784e-05,0.12266989052295685,3780000.0,-0.01626395806670189,-0.0030628861859440804,-0.0830959677696228,0.017172854393720627,-0.002383103594183922,2.722744941711426,9690.88671875,24.682531356811523,26.95564079284668,51.6381721496582,387.3103942871094
27.062171936035156,56.779998779296875,1000.0,189.0,-0.6896371245384216,0.022687485441565514,9.0,0.9985437393188477,0.9985437393188477,0.9985437393188477,0.0217118076980114,7.200000254670158e-05,0.12153851240873337,3800000.0,-0.015033449977636337,0.0012305080890655518,0.20907281339168549,0.01766330562531948,0.0004904512315988541,2.7105331420898438,9746.2568359375,25.292236328125,30.05785369873047,55.35009002685547,361.33636474609375
26.920679092407227,61.29999923706055,1000.0,190.0,-0.6995683312416077,0.020055798813700676,6.0,0.997733473777771,0.997733473777771,0.997733473777771,0.021090013906359673,7.080000068526715e-05,0.1203521341085434,3820000.0,-0.011757357977330685,0.0032760920003056526,0.08915525674819946,0.01612945646047592,-0.0015338491648435593,2.707726240158081,9790.8896484375,24.520458221435547,20.09140396118164,44.61186218261719,448.3112487792969
26.50454330444336,58.560001373291016,1000.0,191.0,-0.7047384977340698,0.02135663665831089,9.0,0.9957222938537598,0.9957222938537598,0.9957222938537598,0.021305665373802185,6.959999882383272e-05,0.11976239830255508,3840000.0,-0.016624517738819122,-0.004867159761488438,0.4005969762802124,0.014792847447097301,-0.0013366090133786201,2.7222096920013428,9845.666015625,24.337820053100586,30.41901397705078,54.7568359375,365.251220703125
26.45614242553711,57.900001525878906,1000.0,192.0,-0.7088629603385925,0.02107204683125019,7.0,0.9957855343818665,0.9957855343818665,0.9957855343818665,0.022356238216161728,6.839999696239829e-05,0.11929143220186234,3860000.0,-0.012368842959403992,0.004255674779415131,0.12753233313560486,0.016755061224102974,0.0019622137770056725,2.7140023708343506,9892.689453125,24.129032135009766,22.87449836730957,47.0035285949707,425.4999694824219
26.499921798706055,49.08000183105469,1000.0,193.0,-0.7176527380943298,0.021989844739437103,9.0,0.9945252537727356,0.9945252537727356,0.9945252537727356,0.02179546467959881,6.720000237692147e-05,0.11825478076934814,3880000.0,-0.016064073890447617,-0.003695230931043625,-0.25321799516677856,0.017155829817056656,0.00040076859295368195,2.7035133838653564,9947.41015625,26.537384033203125,28.162832260131836,54.700218200683594,365.6292724609375
26.610523223876953,51.18000030517578,1000.0,194.0,-0.7291578054428101,0.020775992423295975,9.0,0.9962710738182068,0.9962710738182068,0.9962710738182068,0.02182113006711006,6.600000051548705e-05,0.11690444499254227,3900000.0,-0.01610534079372883,-4.126690328121185e-05,-0.048511333763599396,0.01585281826555729,-0.0013030115514993668,2.6956887245178223,10002.720703125,27.22933578491211,28.060543060302734,55.289878845214844,361.7298583984375
26.698230743408203,47.20000076293945,1000.0,195.0,-0.7365346550941467,0.020993884652853012,9.0,0.9975488781929016,0.9975488781929016,0.9975488781929016,0.021809164434671402,6.479999865405262e-05,0.11602615565061569,3920000.0,-0.01515511516481638,0.0009502256289124489,0.019364552572369576,0.01630229875445366,0.00044948048889636993,2.691786050796509,10058.2841796875,26.962675094604492,28.578710556030273,55.541385650634766,360.09185791015625
26.615816116333008,52.619998931884766,1000.0,196.0,-0.7442411780357361,0.021183473989367485,9.0,0.9970278739929199,0.9970278739929199,0.9970278739929199,0.021179521456360817,6.359999679261819e-05,0.11513834446668625,3940000.0,-0.016765709966421127,-0.0016105948016047478,0.20541951060295105,0.018277645111083984,0.0019753463566303253,2.688260078430176,10114.0380859375,26.04306983947754,29.690156936645508,55.73422622680664,358.8459167480469
26.732765197753906,51.79999923706055,1000.0,197.0,-0.7549617290496826,0.020099928602576256,7.0,0.9980226755142212,0.9980226755142212,0.9980226755142212,0.020484818145632744,6.240000220714137e-05,0.11391546577215195,3960000.0,-0.014692991971969604,0.002072717994451523,-0.015233363956212997,0.016695955768227577,-0.0015816893428564072,2.7051258087158203,10162.0439453125,24.167516708374023,23.818496704101562,47.98601531982422,416.7881164550781
26.610620498657227,60.119998931884766,1000.0,198.0,-0.767972469329834,0.02193485200405121,10.0,0.9971579909324646,0.9971579909324646,0.9971579909324646,0.021281253546476364,6.120000034570694e-05,0.11243847012519836,3980000.0,-0.01653166487812996,-0.0018386729061603546,-0.1227419525384903,0.015775658190250397,-0.0009202975779771805,2.7110469341278076,10219.8173828125,23.920177459716797,33.8338623046875,57.75403594970703,346.296142578125
26.664426803588867,60.86000061035156,1000.0,199.0,-0.7748804092407227,0.021152501925826073,8.0,0.9964562654495239,0.9964562654495239,0.9964562654495239,0.020526573061943054,5.999999848427251e-05,0.11166462302207947,4000000.0,-0.014338333159685135,0.0021933317184448242,-0.19748328626155853,0.017755458131432533,0.0019797999411821365,2.7011220455169678,10270.37109375,23.045089721679688,27.487815856933594,50.53290557861328,395.78173828125
26.559091567993164,63.79999923706055,1000.0,200.0,-0.7795824408531189,0.02089199237525463,9.0,0.997314989566803,0.997314989566803,0.997314989566803,0.02042285166680813,5.880000026081689e-05,0.1111336201429367,4020000.0,-0.016417501494288445,-0.0020791683346033096,0.0802912563085556,0.015576298348605633,-0.0021791597828269005,2.694483995437622,10324.3916015625,24.386587142944336,29.613943099975586,54.00053024291992,370.3667297363281
26.59503746032715,55.52000045776367,1000.0,201.0,-0.7853215336799622,0.020795857533812523,9.0,0.9969499111175537,0.9969499111175537,0.9969499111175537,0.0202449019998312,5.759999839938246e-05,0.11049217730760574,4040000.0,-0.014903473667800426,0.001514027826488018,0.014705384150147438,0.015109646134078503,-0.0004666522145271301,2.7024285793304443,10378.2705078125,25.500324249267578,28.356834411621094,53.85715866088867,371.3526611328125
26.581697463989258,47.7599983215332,1000.0,202.0,-0.7935322523117065,0.020280571654438972,9.0,0.9958378076553345,0.9958378076553345,0.9958378076553345,0.020331228151917458,5.6400000175926834e-05,0.10959071666002274,4060000.0,-0.015236735343933105,-0.000333261676132679,-0.15458130836486816,0.014662002213299274,-0.0004476439207792282,2.696072816848755,10433.185546875,26.314851760864258,28.580001831054688,54.89485549926758,364.3328857421875
26.517732620239258,43.939998626708984,1000.0,203.0,-0.8039500713348389,0.022347934544086456,10.0,0.9961403012275696,0.9961403012275696,0.9961403012275696,0.020806798711419106,5.5199998314492404e-05,0.10844478756189346,4080000.0,-0.017319820821285248,-0.0020830854773521423,-0.07943716645240784,0.01538318581879139,0.000721183605492115,2.6771836280822754,10491.240234375,25.123111724853516,32.911827087402344,58.03493881225586,344.6199951171875
26.844717025756836,47.34000015258789,1000.0,204.0,-0.8155059814453125,0.022915204986929893,10.0,0.9956645965576172,0.9956645965576172,0.9956645965576172,0.020793205127120018,5.400000009103678e-05,0.1071922779083252,4100000.0,-0.015420942567288876,0.0018988782539963722,0.25580430030822754,0.01963311992585659,0.004249934107065201,2.6928634643554688,10548.900390625,23.083660125732422,34.555206298828125,57.63886642456055,346.98809814453125
26.824052810668945,47.7400016784668,1000.0,205.0,-0.824442446231842,0.021837620064616203,10.0,0.997665286064148,0.997665286064148,0.997665286064148,0.02105262503027916,5.279999822960235e-05,0.10622713714838028,4120000.0,-0.017845408990979195,-0.002424466423690319,0.06746967136859894,0.018961312249302864,-0.0006718076765537262,2.6917998790740967,10605.673828125,21.46570587158203,35.28678894042969,56.75249481201172,352.40740966796875
26.702064514160156,51.439998626708984,1000.0,206.0,-0.8335394859313965,0.020018110051751137,11.0,0.9986475706100464,0.9986475706100464,0.9986475706100464,0.020939065143465996,5.160000000614673e-05,0.10526128113269806,4140000.0,-0.019519664347171783,-0.0016742553561925888,0.24873577058315277,0.015099892392754555,-0.0038614198565483093,2.667952060699463,10665.71484375,22.095434188842773,37.92519760131836,60.0206298828125,333.21875
26.671703338623047,55.34000015258789,1000.0,207.0,-0.8501836061477661,0.020380664616823196,11.0,0.9974448680877686,0.9974448680877686,0.9974448680877686,0.02048679254949093,5.0400001782691106e-05,0.1035359650850296,4160000.0,-0.017188766971230507,0.0023308973759412766,0.8616154193878174,0.01736886240541935,0.002268970012664795,2.6834828853607178,10725.9228515625,22.590665817260742,37.596195220947266,60.18686294555664,332.2984313964844
26.7091064453125,58.619998931884766,1000.0,208.0,-0.8644833564758301,0.022716710343956947,12.0,0.9991222023963928,0.9991222023963928,0.9991222023963928,0.020676827058196068,4.9199999921256676e-05,0.10205783694982529,4180000.0,-0.019366206601262093,-0.0021774396300315857,0.051220279186964035,0.014089901000261307,-0.003278961405158043,2.6935064792633057,10788.3642578125,22.970125198364258,39.43063735961914,62.40076446533203,320.5089111328125
26.75926971435547,56.81999969482422,1000.0,209.0,-0.8775413036346436,0.020402029156684875,11.0,0.996404767036438,0.996404767036438,0.996404767036438,0.020497025921940804,4.8000001697801054e-05,0.1007302850484848,4200000.0,-0.018529197201132774,0.0008370094001293182,-0.2149777114391327,0.01739129051566124,0.003301389515399933,2.6996359825134277,10847.998046875,24.08576202392578,35.52751159667969,59.61327362060547,335.4957580566406
26.450517654418945,56.91999816894531,1000.0,210.0,-0.8918312191963196,0.020642172545194626,10.0,0.9979528188705444,0.9979528188705444,0.9979528188705444,0.02012971229851246,4.6799999836366624e-05,0.099296435713768,4220000.0,-0.016500042751431465,0.002029154449701309,0.1117548868060112,0.017325686290860176,-6.560422480106354e-05,2.681122064590454,10904.5029296875,24.096708297729492,32.38519287109375,56.481903076171875,354.0957336425781
26.590038299560547,59.65999984741211,1000.0,211.0,-0.9027566909790039,0.02174583449959755,14.0,0.9965698719024658,0.9965698719024658,0.9965698719024658,0.02090444415807724,4.5600001612911e-05,0.09819917380809784,4240000.0,-0.01935625448822975,-0.0028562117367982864,-0.16046442091464996,0.016438942402601242,-0.000886743888258934,2.6937344074249268,10973.470703125,24.126144409179688,44.82109451293945,68.94723510742188,290.0768737792969
26.65216827392578,55.119998931884766,1000.0,212.0,-0.9123051762580872,0.02162172459065914,12.0,0.9949867725372314,0.9949867725372314,0.9949867725372314,0.020832840353250504,4.439999975147657e-05,0.09725324809551239,4260000.0,-0.017961794510483742,0.0013944599777460098,-0.17649586498737335,0.019564038142561913,0.0031250957399606705,2.6976609230041504,11036.927734375,25.002201080322266,38.43401336669922,63.436214447021484,315.2773132324219
26.880138397216797,51.560001373291016,1000.0,213.0,-0.9266124963760376,0.02209402807056904,12.0,0.9983780980110168,0.9983780980110168,0.9983780980110168,0.02091621607542038,4.320000152802095e-05,0.09587673097848892,4280000.0,-0.01948842592537403,-0.0015266314148902893,-0.1026688665151596,0.016959968954324722,-0.0026040691882371902,2.716533899307251,11100.9990234375,25.475513458251953,38.573020935058594,64.04853820800781,312.26318359375
26.87990951538086,48.220001220703125,1000.0,214.0,-0.9387916326522827,0.020219383761286736,10.0,0.9977173805236816,0.9977173805236816,0.9977173805236816,0.02077825553715229,4.199999966658652e-05,0.09471192955970764,4300000.0,-0.01768958568572998,0.0017988402396440506,0.10288281738758087,0.018903588876128197,0.0019436199218034744,2.7089126110076904,11157.6591796875,23.74913787841797,32.88753128051758,56.63666915893555,353.12811279296875
26.831071853637695,47.86000061035156,1000.0,215.0,-0.9491292834281921,0.02241034433245659,15.0,0.9957770705223083,0.9957770705223083,0.9957770705223083,0.020567554980516434,4.0800001443130895e-05,0.09374292194843292,4320000.0,-0.02060087025165558,-0.002911284565925598,0.08416324853897095,0.016659298911690712,-0.0022442899644374847,2.71860671043396,11229.79296875,22.783138275146484,49.32928466796875,72.1124267578125,277.3447265625
26.86859130859375,50.939998626708984,1000.0,216.0,-0.9578943848609924,0.022596068680286407,14.0,0.9972474575042725,0.9972474575042725,0.9972474575042725,0.020787207409739494,3.9599999581696466e-05,0.09292548894882202,4340000.0,-0.019506007432937622,0.0010948628187179565,-0.010645948350429535,0.016609739512205124,-4.9559399485588074e-05,2.720477819442749,11297.3759765625,21.551651000976562,46.00783920288086,67.55949401855469,296.035400390625
26.568256378173828,57.58000183105469,1000.0,217.0,-0.9680197834968567,0.020849568769335747,12.0,0.9986445903778076,0.9986445903778076,0.9986445903778076,0.0220619086176157,3.840000135824084e-05,0.09200350940227509,4360000.0,-0.019207552075386047,0.0002984553575515747,-0.30998480319976807,0.017811063677072525,0.0012013241648674011,2.7113535404205322,11357.3974609375,21.701065063476562,38.298648834228516,59.99971389770508,333.3349304199219
26.672147750854492,62.31999969482422,1000.0,218.0,-0.9787052273750305,0.020898310467600822,13.0,0.994599461555481,0.994599461555481,0.994599461555481,0.0203046053647995,3.719999949680641e-05,0.09105280041694641,4380000.0,-0.019342822954058647,-0.0001352708786725998,0.3242252767086029,0.016691433265805244,-0.0011196304112672806,2.706308126449585,11424.0263671875,24.5164737701416,42.090694427490234,66.60717010498047,300.2679748535156
26.756006240844727,55.84000015258789,1000.0,219.0,-0.9870010018348694,0.02037789113819599,15.0,0.996315062046051,0.996315062046051,0.996315062046051,0.02072720043361187,3.600000127335079e-05,0.09031112492084503,4400000.0,-0.021435054019093513,-0.0020922310650348663,-0.06436596810817719,0.015146881341934204,-0.0015445519238710403,2.7314066886901855,11495.1220703125,23.047565460205078,48.02634811401367,71.07391357421875,281.397216796875
26.759033203125,54.540000915527344,1000.0,220.0,-0.9951392412185669,0.02068881317973137,16.0,0.9949546456336975,0.9949546456336975,0.9949546456336975,0.01971527747809887,3.479999941191636e-05,0.0895824208855629,4420000.0,-0.019705375656485558,0.001729678362607956,0.12124992907047272,0.015207956545054913,6.107520312070847e-05,2.7293648719787598,11570.5224609375,24.630815505981445,50.74711227416992,75.3779296875,265.32965087890625
26.841684341430664,52.18000030517578,1000.0,221.0,-1.0016510486602783,0.021417653188109398,17.0,0.993217945098877,0.993217945098877,0.993217945098877,0.020511822775006294,3.360000118846074e-05,0.08899527043104172,4440000.0,-0.02242163196206093,-0.002716256305575371,0.10436774045228958,0.018087998032569885,0.0028800414875149727,2.726830005645752,11648.16796875,24.174514770507812,53.44783401489258,77.62234497070312,257.6577453613281
26.917387008666992,56.0,1000.0,222.0,-1.0093979835510254,0.020534861832857132,15.0,0.9959744811058044,0.9959744811058044,0.9959744811058044,0.020494025200605392,3.239999932702631e-05,0.08829621970653534,4460000.0,-0.02197420783340931,0.00044742412865161896,-0.26344016194343567,0.01685728132724762,-0.0012307167053222656,2.740473508834839,11720.5791015625,25.608814239501953,46.77846908569336,72.38728332519531,276.2916259765625
26.8302001953125,56.060001373291016,1000.0,223.0,-1.0164521932601929,0.02041967585682869,18.0,0.9977961182594299,0.9977961182594299,0.9977961182594299,0.020353171974420547,3.1200001103570685e-05,0.08768869936466217,4480000.0,-0.02398648113012314,-0.002012273296713829,-0.002208629623055458,0.014445456676185131,-0.0024118246510624886,2.7147505283355713,11801.4482421875,23.70290184020996,57.143550872802734,80.84645080566406,247.38253784179688
26.970691680908203,52.0,1000.0,224.0,-1.0269229412078857,0.020097985863685608,17.0,0.9962597489356995,0.9962597489356995,0.9962597489356995,0.019881654530763626,2.9999999242136255e-05,0.08677776157855988,4500000.0,-0.02178739383816719,0.002199087291955948,0.03956781327724457,0.018235541880130768,0.0037900852039456367,2.726107358932495,11878.4130859375,22.373523712158203,54.56316375732422,76.93668365478516,259.9540100097656
26.743947982788086,50.900001525878906,1000.0,225.0,-1.039108157157898,0.020031489431858063,17.0,0.9956890940666199,0.9956890940666199,0.9956890940666199,0.020039867609739304,2.879999919969123e-05,0.08572182059288025,4520000.0,-0.02268020622432232,-0.0008928123861551285,0.08987446129322052,0.01626545563340187,-0.001970086246728897,2.716508150100708,11953.1279296875,22.34980583190918,52.3416862487793,74.69149017333984,267.7680969238281
26.79865074157715,51.18000030517578,1000.0,226.0,-1.0510112047195435,0.020424002781510353,17.0,0.9952682256698608,0.9952682256698608,0.9952682256698608,0.019973071292042732,2.7599999157246202e-05,0.08471404761075974,4540000.0,-0.02125006541609764,0.001430140808224678,-0.15467022359371185,0.015116028487682343,-0.0011494271457195282,2.7179901599884033,12031.88671875,25.79702377319336,52.93815994262695,78.73518371582031,254.01605224609375
26.592731475830078,50.97999954223633,1000.0,227.0,-1.061347246170044,0.021667946130037308,21.0,0.9976131916046143,0.9976131916046143,0.9976131916046143,0.020262930542230606,2.6399999114801176e-05,0.08386664092540741,4560000.0,-0.02416146732866764,-0.0029114019125699997,-0.3105543553829193,0.01478191651403904,-0.0003341119736433029,2.7309532165527344,12122.0068359375,22.572792053222656,67.52430725097656,90.09710693359375,221.98272705078125
26.556041717529297,53.459999084472656,1000.0,228.0,-1.069420576095581,0.0204156506806612,21.0,0.9980096817016602,0.9980096817016602,0.9980096817016602,0.019802717491984367,2.5200000891345553e-05,0.08320872485637665,4580000.0,-0.023187914863228798,0.0009735524654388428,0.2680925130844116,0.01623653993010521,0.0014546234160661697,2.71260666847229,12210.099609375,20.901853561401367,67.1671371459961,88.06898498535156,227.09469604492188
26.55624771118164,57.18000030517578,1000.0,229.0,-1.0808171033859253,0.020047206431627274,22.0,0.9959806203842163,0.9959806203842163,0.9959806203842163,0.01988053321838379,2.4000000848900527e-05,0.08226464688777924,4600000.0,-0.023695385083556175,-0.0005074702203273773,0.31149938702583313,0.01754072681069374,0.0013041868805885315,2.7228643894195557,12302.8955078125,24.84014320373535,67.93034362792969,92.7704849243164,215.5858154296875
26.60867691040039,57.880001068115234,1000.0,230.0,-1.0915488004684448,0.020026668906211853,19.0,0.99626624584198,0.99626624584198,0.99626624584198,0.01931295357644558,2.28000008064555e-05,0.08139827102422714,4620000.0,-0.021833650767803192,0.001861734315752983,0.2740536630153656,0.016650166362524033,-0.0008905604481697083,2.7102174758911133,12385.3701171875,21.901565551757812,60.54840087890625,82.44996643066406,242.57135009765625
26.671152114868164,57.20000076293945,1000.0,231.0,-1.1032440662384033,0.020225275307893753,23.0,0.9954851865768433,0.9954851865768433,0.9954851865768433,0.019367139786481857,2.1600000764010474e-05,0.08045551925897598,4640000.0,-0.02481606788933277,-0.002982417121529579,0.5607866644859314,0.016543779522180557,-0.00010638684034347534,2.7166223526000977,12480.3642578125,24.533588409423828,70.43720245361328,94.97079467773438,210.591064453125
26.701000213623047,53.52000045776367,1000.0,232.0,-1.1134649515151978,0.020114358514547348,25.0,0.9962171912193298,0.9962171912193298,0.9962171912193298,0.019598646089434624,2.0400000721565448e-05,0.07962193340063095,4660000.0,-0.025493092834949493,-0.0006770249456167221,0.29591095447540283,0.015935378149151802,-0.0006084013730287552,2.7200019359588623,12579.119140625,20.389463424682617,78.33946990966797,98.72893524169922,202.57485961914062
26.647642135620117,51.31999969482422,1000.0,233.0,-1.1259665489196777,0.02015206217765808,28.0,0.994304895401001,0.994304895401001,0.994304895401001,0.020036248490214348,1.920000067912042e-05,0.07860963046550751,4680000.0,-0.025470366701483727,2.2726133465766907e-05,-0.04790335148572922,0.015666762366890907,-0.0002686157822608948,2.715564012527466,12691.609375,24.609630584716797,87.85477447509766,112.46440124511719,177.83404541015625
26.712446212768555,53.619998931884766,1000.0,234.0,-1.1394761800765991,0.020587459206581116,25.0,0.9974012970924377,0.9974012970924377,0.9974012970924377,0.01972290500998497,1.8000000636675395e-05,0.0775567814707756,4700000.0,-0.025208935141563416,0.000261431559920311,-0.058920346200466156,0.016608377918601036,0.0009416155517101288,2.720564365386963,12789.6298828125,20.230730056762695,77.76398468017578,97.99471282958984,204.09263610839844
26.7269287109375,49.380001068115234,1000.0,235.0,-1.148789882659912,0.020313458517193794,31.0,0.9981882572174072,0.9981882572174072,0.9981882572174072,0.019437799230217934,1.680000059423037e-05,0.07684937864542007,4720000.0,-0.02545802854001522,-0.0002490933984518051,0.029751136898994446,0.01614297926425934,-0.0004653986543416977,2.7096810340881348,12908.6201171875,24.6726131439209,94.28995513916016,118.96257019042969,168.12010192871094
26.763654708862305,47.380001068115234,1000.0,236.0,-1.1559656858444214,0.020339302718639374,31.0,0.9968709349632263,0.9968709349632263,0.9968709349632263,0.01996920444071293,1.5600000551785342e-05,0.07629827409982681,4740000.0,-0.02655966579914093,-0.0011016372591257095,-0.1342843919992447,0.016758032143115997,0.0006150528788566589,2.687436580657959,13027.45703125,21.948802947998047,96.86012268066406,118.80892944335938,168.3375244140625
26.913373947143555,46.2400016784668,1000.0,237.0,-1.1694563627243042,0.02006259374320507,35.0,0.9948230981826782,0.9948230981826782,0.9948230981826782,0.019406411796808243,1.4399999599845614e-05,0.07526210695505142,4760000.0,-0.026926955208182335,-0.0003672894090414047,-0.26999062299728394,0.01688053086400032,0.00012249872088432312,2.6938202381134033,13156.8505859375,19.958873748779297,109.40686798095703,129.36573791503906,154.60043334960938
26.99176025390625,48.439998626708984,1000.0,238.0,-1.1815879344940186,0.020853882655501366,37.0,0.9937835931777954,0.9937835931777954,0.9937835931777954,0.01971408911049366,1.3199999557400588e-05,0.0743420273065567,4780000.0,-0.026892974972724915,3.398023545742035e-05,-0.10301670432090759,0.01947690360248089,0.002596372738480568,2.6849727630615234,13290.9140625,20.022756576538086,114.01139068603516,134.03414916992188,149.2156982421875
26.99498748779297,54.97999954223633,1000.0,239.0,-1.1909922361373901,0.020129013806581497,38.0,0.9973308444023132,0.9973308444023132,0.9973308444023132,0.019145874306559563,1.2000000424450263e-05,0.07364118099212646,4800000.0,-0.02719631977379322,-0.00030334480106830597,0.21143823862075806,0.01639499142765999,-0.0030819121748209,2.6898598670959473,13428.62109375,21.119060516357422,116.5268325805664,137.64590454101562,145.3003692626953
26.610593795776367,58.439998626708984,1000.0,240.0,-1.205981969833374,0.019715307280421257,40.0,0.9963287115097046,0.9963287115097046,0.9963287115097046,0.018987083807587624,1.0800000382005237e-05,0.07253337651491165,4820000.0,-0.028655068948864937,-0.0014587491750717163,0.10848220437765121,0.017189571633934975,0.0007945802062749863,2.6906864643096924,13573.138671875,24.025863647460938,120.45911407470703,144.4849853515625,138.42269897460938
26.45123863220215,63.119998931884766,1000.0,241.0,-1.2241297960281372,0.018169928342103958,40.0,0.9983252286911011,0.9983252286911011,0.9983252286911011,0.018161660060286522,9.60000033956021e-06,0.07121941447257996,4840000.0,-0.026504917070269585,0.002150151878595352,0.02829301357269287,0.01720798946917057,1.8417835235595703e-05,2.6850807666778564,13717.49609375,23.10631561279297,121.2195816040039,144.32589721679688,138.5752716064453
26.58861541748047,52.91999816894531,1000.0,242.0,-1.235655665397644,0.016744647175073624,40.0,0.9972745776176453,0.9972745776176453,0.9972745776176453,0.018049657344818115,8.400000297115184e-06,0.07040037959814072,4860000.0,-0.025908201932907104,0.0005967151373624802,0.09062707424163818,0.015696590766310692,-0.0015113987028598785,2.7024893760681152,13861.1767578125,22.612741470336914,121.03679656982422,143.6495361328125,139.2277374267578
26.5937442779541,54.52000045776367,1000.0,243.0,-1.2458277940750122,0.015724895521998405,40.0,0.997551679611206,0.997551679611206,0.997551679611206,0.01750735193490982,7.199999799922807e-06,0.06969163566827774,4880000.0,-0.02502116747200489,0.000887034460902214,-0.10247035324573517,0.015634041279554367,-6.254948675632477e-05,2.7069270610809326,14002.1328125,19.52362060546875,121.4010238647461,140.9246368408203,141.91981506347656
26.852500915527344,49.2599983215332,1000.0,244.0,-1.2570792436599731,0.014346799813210964,40.0,0.99615877866745,0.99615877866745,0.99615877866745,0.016408853232860565,6.000000212225132e-06,0.06892470270395279,4900000.0,-0.023332618176937103,0.0016885492950677872,0.04375062882900238,0.017333105206489563,0.001699063926935196,2.706451654434204,14143.005859375,19.909299850463867,120.93326568603516,140.84255981445312,142.00253295898438
26.8431339263916,53.880001068115234,1000.0,245.0,-1.2675635814666748,0.012254656292498112,40.0,0.9980347156524658,0.9980347156524658,0.9980347156524658,0.015463258139789104,4.800000169780105e-06,0.06820892542600632,4920000.0,-0.02310730516910553,0.00022531300783157349,0.051038458943367004,0.0162808820605278,-0.0010522231459617615,2.7023208141326904,14284.8603515625,21.116641998291016,120.70598602294922,141.8226318359375,141.02122497558594
26.864274978637695,55.68000030517578,1000.0,246.0,-1.2760412693023682,0.011134488508105278,40.0,0.9978336095809937,0.9978336095809937,0.9978336095809937,0.014442198909819126,3.5999998999614036e-06,0.0676242783665657,4940000.0,-0.021615557372570038,0.001491747796535492,0.11641166359186172,0.016996154561638832,0.0007152725011110306,2.7052907943725586,14423.8017578125,19.752225875854492,119.15666961669922,138.90989685058594,143.9782257080078
26.86248207092285,56.08000183105469,1000.0,247.0,-1.2821210622787476,0.00900818221271038,40.0,0.998110830783844,0.998110830783844,0.998110830783844,0.013393782079219818,2.4000000848900527e-06,0.06720862537622452,4960000.0,-0.018283531069755554,0.0033320263028144836,-0.05642268806695938,0.01611369289457798,-0.000882461667060852,2.7020328044891357,14567.14453125,23.295625686645508,120.01531982421875,143.31094360351562,139.5566864013672
26.722558975219727,58.380001068115234,1000.0,248.0,-1.2854597568511963,0.007273396942764521,40.0,0.998173177242279,0.998173177242279,0.998173177242279,0.012280073016881943,1.2000000424450263e-06,0.06698526442050934,4980000.0,-0.01733218878507614,0.0009513422846794128,-0.09588763117790222,0.015837661921977997,-0.0002760309725999832,2.706028461456299,14706.0556640625,19.97645378112793,118.902587890625,138.87904357910156,144.0102081298828
26.692140579223633,53.560001373291016,1000.0,249.0,-1.2874822616577148,0.004143926315009594,40.0,0.9999566078186035,0.9999566078186035,0.9999566078186035,0.009498962201178074,0.0,0.06684964150190353,5000000.0,-0.011259426362812519,0.006072762422263622,-0.083164282143116,0.014654443599283695,-0.0011832183226943016,2.703294038772583,14845.05078125,19.606517791748047,119.3575668334961,138.96408081054688,143.9220733642578
