Metrics/EpRet,Metrics/EpCost,Metrics/EpLen,Train/Epoch,Train/Entropy,Train/KL,Train/StopIter,Train/PolicyRatio,Train/PolicyRatio/Min,Train/PolicyRatio/Max,Train/PolicyRatio/Std,Train/LR,Train/PolicyStd,TotalEnvSteps,Loss/Loss_pi,Loss/Loss_pi/Delta,Value/Adv,Loss/Loss_reward_critic,Loss/Loss_reward_critic/Delta,Value/reward,Time/Total,Time/Rollout,Time/Update,Time/Epoch,Time/FPS,Metrics/EpBudget
-2.051830768585205,35.375,1000.0,0.0,1.4268063306808472,0.009174829348921776,40.0,0.9972622990608215,0.9972622990608215,0.9972622990608215,0.014079286716878414,0.00029880000511184335,1.0079084634780884,20000.0,-0.008772667497396469,-0.008772667497396469,-0.3567565083503723,0.08645560592412949,0.08645560592412949,-0.1125996932387352,141.13902282714844,20.885021209716797,120.25301361083984,141.13803100585938,141.7052459716797,-139.41845703125
-2.258382797241211,39.0,1000.0,1.0,1.424802541732788,0.012988210655748844,40.0,1.000402808189392,1.000402808189392,1.000402808189392,0.014261073432862759,0.0002975999959744513,1.0058940649032593,40000.0,-0.010276065208017826,-0.001503397710621357,-0.30539774894714355,0.13207294046878815,0.04561733454465866,-1.080603003501892,283.3887023925781,21.061016082763672,121.15740203857422,142.2184295654297,140.62875366210938,-143.9483184814453
-1.9500741958618164,54.22916793823242,1000.0,2.0,1.4230542182922363,0.01063831802457571,40.0,0.997987687587738,0.997987687587738,0.997987687587738,0.015029830858111382,0.00029639998683705926,1.0041265487670898,60000.0,-0.012997446581721306,-0.0027213813737034798,0.012303538620471954,0.2294323593378067,0.09735941886901855,-2.237125873565674,425.50262451171875,20.02329444885254,122.05953979492188,142.0828399658203,140.76295471191406,-1274.014892578125
-1.7030045986175537,63.599998474121094,1000.0,3.0,1.425299882888794,0.01093367114663124,40.0,0.9984333515167236,0.9984333515167236,0.9984333515167236,0.016011737287044525,0.00029520000680349767,1.0063855648040771,80000.0,-0.0163192767649889,-0.0033218301832675934,-0.017774619162082672,0.26071697473526,0.03128461539745331,-2.715886116027832,568.8333129882812,20.383808135986328,122.91565704345703,143.29946899414062,139.56785583496094,-879.83642578125
-1.197669267654419,63.34000015258789,1000.0,4.0,1.4140949249267578,0.013556363061070442,40.0,1.0004866123199463,1.0004866123199463,1.0004866123199463,0.017896652221679688,0.00029399999766610563,0.9951730966567993,100000.0,-0.01782442443072796,-0.0015051476657390594,-0.22029316425323486,0.32317405939102173,0.06245708465576172,-3.002779960632324,712.8950805664062,20.442720413208008,123.58737182617188,144.0308074951172,138.8591766357422,-150.6031036376953
-1.045689582824707,45.86000061035156,1000.0,5.0,1.4127280712127686,0.02017449028789997,16.0,0.998763382434845,0.998763382434845,0.998763382434845,0.016780966892838478,0.0002927999885287136,0.993833601474762,120000.0,-0.011777703650295734,0.006046720780432224,0.05903727933764458,0.23336933553218842,-0.08980472385883331,-1.551208734512329,782.83154296875,21.176679611206055,48.728492736816406,69.9051742553711,286.10186767578125,491.7234802246094
-0.7522836327552795,49.939998626708984,1000.0,6.0,1.4016908407211304,0.020845895633101463,35.0,0.9983972311019897,0.9983972311019897,0.9983972311019897,0.019270971417427063,0.000291600008495152,0.9829228520393372,140000.0,-0.020380521193146706,-0.008602817542850971,0.13800077140331268,0.47690749168395996,0.24353815615177155,-3.386122226715088,910.3712768554688,19.754528045654297,107.7626724243164,127.51719665527344,156.84158325195312,-341.1435852050781
-0.23837170004844666,44.63999938964844,1000.0,7.0,1.3934569358825684,0.02062825858592987,23.0,0.9993596076965332,0.9993596076965332,0.9993596076965332,0.020887555554509163,0.00029039999935775995,0.9748512506484985,160000.0,-0.01652623899281025,0.0038542822003364563,-0.15897077322006226,0.29205453395843506,-0.1848529577255249,-1.3554152250289917,1002.9502563476562,20.780590057373047,71.767822265625,92.54840850830078,216.10311889648438,697.9805297851562
0.05326744168996811,44.31999969482422,1000.0,8.0,1.3789160251617432,0.021091731265187263,7.0,0.9991007447242737,0.9991007447242737,0.9991007447242737,0.019376153126358986,0.0002891999902203679,0.9607797265052795,180000.0,-0.007926080375909805,0.008600158616900444,0.09281863272190094,0.35602331161499023,0.06396877765655518,-0.9366141557693481,1044.74658203125,20.668121337890625,21.102710723876953,41.77083206176758,478.8030090332031,826.095458984375
0.28688952326774597,34.900001525878906,1000.0,9.0,1.3639898300170898,0.021634800359606743,4.0,0.99891197681427,0.99891197681427,0.99891197681427,0.018642375245690346,0.0002880000101868063,0.9465510249137878,200000.0,-0.005167592316865921,0.0027584880590438843,0.15574659407138824,0.2771940529346466,-0.07882925868034363,-1.189483404159546,1079.2955322265625,21.802431106567383,12.726340293884277,34.528770446777344,579.2271118164062,762.6239013671875
0.4225218892097473,24.360000610351562,1000.0,10.0,1.3473926782608032,0.024291539564728737,17.0,1.00063157081604,1.00063157081604,1.00063157081604,0.021142849698662758,0.0002868000010494143,0.9309637546539307,220000.0,-0.011726832948625088,-0.006559240631759167,-0.009803909808397293,0.2830633521080017,0.0058692991733551025,-1.0788501501083374,1152.3497314453125,20.303302764892578,52.73337936401367,73.03668212890625,273.8349914550781,815.0578002929688
0.5880796313285828,24.0,1000.0,11.0,1.3420103788375854,0.020193686708807945,23.0,0.999753475189209,0.999753475189209,0.999753475189209,0.021549755707383156,0.00028559999191202223,0.9259593486785889,240000.0,-0.016526147723197937,-0.004799314774572849,0.09713799506425858,0.26343002915382385,-0.019633322954177856,-1.1893035173416138,1241.99365234375,19.476730346679688,70.1441650390625,89.62089538574219,223.1622314453125,822.13623046875
0.6330808401107788,24.260000228881836,1000.0,12.0,1.3370600938796997,0.020689476281404495,14.0,0.9997021555900574,0.9997021555900574,0.9997021555900574,0.019513748586177826,0.00028440001187846065,0.9214129447937012,260000.0,-0.013914995826780796,0.002611151896417141,0.008900577202439308,0.15375283360481262,-0.10967719554901123,-0.3287210166454315,1306.5855712890625,22.014570236206055,42.551902770996094,64.56647491455078,309.7582702636719,616.0582275390625
0.4969062805175781,29.3799991607666,1000.0,13.0,1.3428902626037598,0.02005106955766678,13.0,1.0004746913909912,1.0004746913909912,1.0004746913909912,0.01940644532442093,0.0002832000027410686,0.9268000721931458,280000.0,-0.013025191612541676,0.0008898042142391205,-0.04753218591213226,0.20855224132537842,0.054799407720565796,-1.221133828163147,1367.9554443359375,22.102073669433594,39.24559783935547,61.34767150878906,326.0107421875,379.8994140625
0.45847687125205994,37.720001220703125,1000.0,14.0,1.34996497631073,0.020046589896082878,29.0,1.0017340183258057,1.0017340183258057,1.0017340183258057,0.02092745155096054,0.00028199999360367656,0.9333768486976624,300000.0,-0.02028113231062889,-0.007255940698087215,0.21002495288848877,0.17456303536891937,-0.033989205956459045,-1.2445874214172363,1480.062255859375,23.195850372314453,88.88907623291016,112.08493041992188,178.43612670898438,292.4647521972656
0.5836343169212341,33.91999816894531,1000.0,15.0,1.3475350141525269,0.022061636671423912,11.0,1.0004551410675049,1.0004551410675049,1.0004551410675049,0.020465325564146042,0.00028080001357011497,0.9311347007751465,320000.0,-0.010777016170322895,0.009504116140305996,-0.20699810981750488,0.29658350348472595,0.12202046811580658,-0.8849915266036987,1534.4871826171875,20.235626220703125,34.1606559753418,54.39628219604492,367.67218017578125,803.6824951171875
0.7734358310699463,52.18000030517578,1000.0,16.0,1.3602925539016724,0.022721227258443832,25.0,1.0006060600280762,1.0006060600280762,1.0006060600280762,0.021051540970802307,0.0002796000044327229,0.9430975317955017,340000.0,-0.020836377516388893,-0.010059361346065998,0.08322103321552277,0.23579548299312592,-0.06078802049160004,-0.8420313596725464,1633.2069091796875,21.014936447143555,77.68417358398438,98.69911193847656,202.6360626220703,-39.750946044921875
0.7367907762527466,41.68000030517578,1000.0,17.0,1.3468096256256104,0.020904339849948883,13.0,1.000079870223999,1.000079870223999,1.000079870223999,0.021416841074824333,0.0002783999952953309,0.930439829826355,360000.0,-0.012934011407196522,0.007902366109192371,0.11226469278335571,0.12865354120731354,-0.10714194178581238,-0.3502393960952759,1694.8443603515625,19.788822174072266,41.821624755859375,61.61044692993164,324.6202697753906,871.9124755859375
0.5949806571006775,41.41999816894531,1000.0,18.0,1.3419846296310425,0.023727823048830032,3.0,1.000905990600586,1.000905990600586,1.000905990600586,0.019844019785523415,0.00027719998615793884,0.9259687066078186,380000.0,-0.0014082593843340874,0.011525752022862434,-0.29694515466690063,0.2682349383831024,0.13958139717578888,-0.6454558372497559,1725.337158203125,21.353944778442383,9.116557121276855,30.470502853393555,656.3724975585938,654.2023315429688
0.5402398109436035,18.65999984741211,1000.0,19.0,1.3355883359909058,0.024706246331334114,14.0,0.9972662329673767,0.9972662329673767,0.9972662329673767,0.020600751042366028,0.00027600000612437725,0.9200538396835327,400000.0,-0.0140018155798316,-0.012593556195497513,-0.32734039425849915,0.14030656218528748,-0.12792837619781494,-0.8781470656394958,1790.2103271484375,20.66513442993164,44.190513610839844,64.85564422607422,308.3771667480469,837.4302368164062
0.5739140510559082,18.459999084472656,1000.0,20.0,1.3220418691635132,0.020101139321923256,14.0,1.0008509159088135,1.0008509159088135,1.0008509159088135,0.021880293264985085,0.0002747999969869852,0.9076574444770813,420000.0,-0.012030773796141148,0.0019710417836904526,0.03791821002960205,0.19844849407672882,0.058141931891441345,-0.8112101554870605,1853.6182861328125,21.75647735595703,41.62866973876953,63.38514709472656,315.5313415527344,872.0789794921875
0.5703692436218262,17.18000030517578,1000.0,21.0,1.3182673454284668,0.020102672278881073,9.0,0.9998270273208618,0.9998270273208618,0.9998270273208618,0.01984487660229206,0.00027359998784959316,0.9042335152626038,440000.0,-0.009880638681352139,0.002150135114789009,0.0929647833108902,0.15982049703598022,-0.038627997040748596,-0.6243391036987305,1905.1099853515625,23.805744171142578,27.66293716430664,51.46868133544922,388.5858154296875,862.1085205078125
1.1895233392715454,27.700000762939453,1000.0,22.0,1.3160498142242432,0.021469738334417343,15.0,0.9977648258209229,0.9977648258209229,0.9977648258209229,0.02175326645374298,0.0002724000078160316,0.9022573232650757,460000.0,-0.016271522268652916,-0.0063908835873007774,0.26720505952835083,0.22081942856311798,0.060998931527137756,-1.583449125289917,1971.9713134765625,19.705917358398438,47.13595962524414,66.84188079833984,299.213623046875,327.7507629394531
1.4627482891082764,27.940000534057617,1000.0,23.0,1.305526852607727,0.02082269825041294,14.0,0.9997588396072388,0.9997588396072388,0.9997588396072388,0.021465135738253593,0.00027119999867863953,0.8928446173667908,480000.0,-0.016316482797265053,-4.496052861213684e-05,0.07392801344394684,0.1978132426738739,-0.02300618588924408,-1.2260955572128296,2034.944091796875,20.273895263671875,42.67243576049805,62.94633102416992,317.7309875488281,514.3655395507812
1.5682547092437744,25.600000381469727,1000.0,24.0,1.3009995222091675,0.020734291523694992,12.0,0.9996553659439087,0.9996553659439087,0.9996553659439087,0.020727727562189102,0.0002699999895412475,0.8888205289840698,500000.0,-0.013211586512625217,0.0031048962846398354,0.021898873150348663,0.2761588990688324,0.0783456563949585,-1.694165587425232,2092.584228515625,20.935157775878906,36.68259811401367,57.61775207519531,347.115234375,834.3271484375
1.2596442699432373,27.959999084472656,1000.0,25.0,1.2959071397781372,0.023332582786679268,7.0,0.9990580677986145,0.9990580677986145,0.9990580677986145,0.020730944350361824,0.0002688000095076859,0.8843263983726501,520000.0,-0.009971903637051582,0.003239682875573635,0.6494489908218384,0.63888019323349,0.3627212941646576,-3.0737195014953613,2134.74560546875,19.885089874267578,22.254627227783203,42.13971710205078,474.61163330078125,263.12451171875
1.268311858177185,33.13999938964844,1000.0,26.0,1.3028433322906494,0.02129366621375084,19.0,0.999920666217804,0.999920666217804,0.999920666217804,0.0209454745054245,0.00026760000037029386,0.8905127048492432,540000.0,-0.020201873034238815,-0.010229969397187233,0.2667190134525299,0.3245921730995178,-0.31428802013397217,-1.2748414278030396,2214.0966796875,21.441146850585938,57.88956832885742,79.33071899414062,252.10916137695312,273.67828369140625
1.2224198579788208,36.279998779296875,1000.0,27.0,1.2930835485458374,0.020626893267035484,16.0,0.9997659921646118,0.9997659921646118,0.9997659921646118,0.02113150991499424,0.0002663999912329018,0.8818154335021973,560000.0,-0.018069768324494362,0.0021321047097444534,-0.04055827856063843,0.27241724729537964,-0.052174925804138184,-1.7309967279434204,2284.923095703125,21.552759170532227,49.246639251708984,70.79940032958984,282.48828125,576.4695434570312
1.1702759265899658,30.959999084472656,1000.0,28.0,1.289612054824829,0.020283861085772514,8.0,0.9981158971786499,0.9981158971786499,0.9981158971786499,0.02260667085647583,0.0002652000111993402,0.8787901997566223,580000.0,-0.010839411988854408,0.007230356335639954,0.13438963890075684,0.5126088261604309,0.24019157886505127,-1.8046355247497559,2329.91162109375,20.7960205078125,24.169002532958984,44.96602249145508,444.7802734375,554.95458984375
1.1020150184631348,26.899999618530273,1000.0,29.0,1.2950454950332642,0.02014167420566082,5.0,0.9991955161094666,0.9991955161094666,0.9991955161094666,0.018741797655820847,0.0002640000020619482,0.8836569786071777,600000.0,-0.006435276009142399,0.004404135979712009,-0.33384817838668823,0.4413776993751526,-0.07123112678527832,-2.023538589477539,2365.4443359375,20.40850830078125,15.102818489074707,35.51132583618164,563.2005615234375,529.8369140625
1.2291131019592285,34.41999816894531,1000.0,30.0,1.2962663173675537,0.02616174891591072,12.0,1.0004562139511108,1.0004562139511108,1.0004562139511108,0.021150967106223106,0.00026279999292455614,0.8848785758018494,620000.0,-0.014159594662487507,-0.007724318653345108,0.09200419485569,0.4034471809864044,-0.03793051838874817,-1.308745265007019,2422.900146484375,20.1501407623291,37.28581619262695,57.43595504760742,348.21392822265625,569.841796875
1.153498649597168,31.579999923706055,1000.0,31.0,1.2881113290786743,0.0217947605997324,12.0,1.0014749765396118,1.0014749765396118,1.0014749765396118,0.0217392947524786,0.00026160001289099455,0.877609133720398,640000.0,-0.012559965252876282,0.0015996294096112251,-7.959641516208649e-05,0.2545844614505768,-0.14886271953582764,-1.3962677717208862,2480.145751953125,20.669593811035156,36.554832458496094,57.22442626953125,349.5010986328125,868.7110595703125
1.5025451183319092,31.299999237060547,1000.0,32.0,1.2780462503433228,0.020772650837898254,13.0,0.9998351335525513,0.9998351335525513,0.9998351335525513,0.0216964241117239,0.0002604000037536025,0.8689387440681458,660000.0,-0.017931586131453514,-0.005371620878577232,0.18261417746543884,0.3986988663673401,0.1441144049167633,-1.9445937871932983,2541.030029296875,21.545921325683594,39.316402435302734,60.86232376098633,328.61053466796875,597.8460083007812
1.6247305870056152,34.20000076293945,1000.0,33.0,1.2618870735168457,0.027610894292593002,12.0,0.998149037361145,0.998149037361145,0.998149037361145,0.02094954065978527,0.00025919999461621046,0.855049192905426,680000.0,-0.01774972304701805,0.00018186308443546295,-0.07276275753974915,0.8057913184165955,0.40709245204925537,-4.006815433502197,2598.38037109375,21.490877151489258,35.83741760253906,57.32829666137695,348.86785888671875,-113.0874252319336
1.8167756795883179,30.200000762939453,1000.0,34.0,1.248058557510376,0.024927742779254913,6.0,0.9989975094795227,0.9989975094795227,0.9989975094795227,0.019991708919405937,0.0002579999854788184,0.843329131603241,700000.0,-0.007633672561496496,0.010116050485521555,0.011578541249036789,0.5112770199775696,-0.2945142984390259,-1.1312757730484009,2639.0283203125,22.221961975097656,18.404821395874023,40.62678146362305,492.2861022949219,931.3084716796875
1.8257702589035034,33.86000061035156,1000.0,35.0,1.239981770515442,0.020586246624588966,18.0,1.0006365776062012,1.0006365776062012,1.0006365776062012,0.021225813776254654,0.00025680000544525683,0.8364681005477905,720000.0,-0.021788550540804863,-0.014154877979308367,0.09099197387695312,0.39842623472213745,-0.11285078525543213,-1.798471450805664,2714.0126953125,21.430858612060547,53.533905029296875,74.96475982666016,266.7920227050781,-25.28777313232422
2.0573177337646484,28.899999618530273,1000.0,36.0,1.2331085205078125,0.02122052013874054,7.0,0.9991536140441895,0.9991536140441895,0.9991536140441895,0.02151426300406456,0.0002555999963078648,0.8305618762969971,740000.0,-0.012361953966319561,0.009426596574485302,-0.09792359173297882,0.442141056060791,0.043714821338653564,-2.067491292953491,2756.973876953125,22.16642951965332,20.768098831176758,42.93452835083008,465.8255615234375,320.197998046875
2.1713058948516846,28.600000381469727,1000.0,37.0,1.2070462703704834,0.022941287606954575,11.0,1.0004466772079468,1.0004466772079468,1.0004466772079468,0.021857988089323044,0.00025439998717047274,0.8091511130332947,760000.0,-0.0161680169403553,-0.00380606297403574,-0.04740521311759949,0.18204618990421295,-0.26009486615657806,-1.0423681735992432,2809.83642578125,20.26157569885254,32.5814208984375,52.84299850463867,378.47967529296875,723.0709838867188
2.243414878845215,20.5,1000.0,38.0,1.194145917892456,0.021245043724775314,14.0,1.0015109777450562,1.0015109777450562,1.0015109777450562,0.02166314609348774,0.00025320000713691115,0.7987573146820068,780000.0,-0.018941309303045273,-0.002773292362689972,-0.00989912636578083,0.1915971338748932,0.009550943970680237,-0.961767852306366,2873.534912109375,20.04397201538086,43.63434600830078,63.67831802368164,314.0786437988281,770.2529296875
2.764713764190674,12.0,1000.0,39.0,1.181619644165039,0.020118508487939835,8.0,0.9989250302314758,0.9989250302314758,0.9989250302314758,0.020620781928300858,0.0002519999979995191,0.7887721657752991,800000.0,-0.012448958121240139,0.006492351181805134,0.011792853474617004,0.314655065536499,0.12305793166160583,-1.437836766242981,2917.5556640625,19.76825523376465,24.230148315429688,43.9984016418457,454.56195068359375,870.221435546875
3.3175036907196045,13.460000038146973,1000.0,40.0,1.1746838092803955,0.020244251936674118,11.0,0.9994269609451294,0.9994269609451294,0.9994269609451294,0.022110184654593468,0.00025079998886212707,0.7832974791526794,820000.0,-0.01597844995558262,-0.0035294918343424797,0.08344729244709015,0.29428479075431824,-0.020370274782180786,-1.2608563899993896,2974.12158203125,23.08639144897461,33.45090103149414,56.537296295166016,353.7488098144531,699.5233764648438
3.257272720336914,17.31999969482422,1000.0,41.0,1.170711874961853,0.022823194041848183,3.0,0.9990931153297424,0.9990931153297424,0.9990931153297424,0.020400406792759895,0.0002496000088285655,0.780212938785553,840000.0,-0.002902280306443572,0.013076169649139047,0.0237378291785717,0.4929487109184265,0.19866392016410828,-2.2536041736602783,3003.574462890625,19.839231491088867,9.593374252319336,29.432605743408203,679.5184936523438,614.1627807617188
2.7689669132232666,28.440000534057617,1000.0,42.0,1.1637955904006958,0.02140865847468376,15.0,0.9969726800918579,0.9969726800918579,0.9969726800918579,0.022449729964137077,0.00024839999969117343,0.7748309969902039,860000.0,-0.017362382262945175,-0.014460101956501603,0.027459129691123962,0.49321693181991577,0.0002682209014892578,-2.4979569911956787,3070.103759765625,21.374603271484375,45.136009216308594,66.51061248779297,300.7038879394531,128.28427124023438
2.3416128158569336,23.780000686645508,1000.0,43.0,1.153853416442871,0.02131013199687004,1.0,1.0006811618804932,1.0006811618804932,1.0006811618804932,0.019388800486922264,0.0002471999905537814,0.7671749591827393,880000.0,0.004885239060968161,0.022247621323913336,0.5931246280670166,0.5041107535362244,0.010893821716308594,-1.1858879327774048,3093.5361328125,20.358211517333984,3.0501315593719482,23.408344268798828,854.396240234375,865.6196899414062
2.5362908840179443,25.799999237060547,1000.0,44.0,1.1374118328094482,0.020646635442972183,8.0,0.997051477432251,0.997051477432251,0.997051477432251,0.021504564210772514,0.0002460000105202198,0.7547141313552856,900000.0,-0.012278922833502293,-0.017164161894470453,0.11952542513608932,0.5067228078842163,0.0026120543479919434,-2.206561326980591,3138.236328125,20.54261589050293,24.140451431274414,44.683067321777344,447.5968322753906,608.8343505859375
3.403937578201294,21.219999313354492,1000.0,45.0,1.1194629669189453,0.023819632828235626,7.0,0.998222827911377,0.998222827911377,0.998222827911377,0.021132677793502808,0.00024480000138282776,0.7412360906600952,920000.0,-0.010508516803383827,0.0017704060301184654,-0.5083703994750977,0.4362260401248932,-0.07049676775932312,-1.5382293462753296,3180.41259765625,21.102493286132812,21.054182052612305,42.156673431396484,474.42071533203125,591.3213500976562
3.3332293033599854,25.899999618530273,1000.0,46.0,1.1121816635131836,0.020343217998743057,13.0,0.9970114827156067,0.9970114827156067,0.9970114827156067,0.021748116239905357,0.00024360000679735094,0.735846757888794,940000.0,-0.018632404506206512,-0.008123887702822685,0.04877079278230667,0.500643789768219,0.0644177496433258,-2.2867252826690674,3239.468505859375,20.461515426635742,38.57271194458008,59.035240173339844,338.78070068359375,417.0101623535156
3.4454185962677,26.020000457763672,1000.0,47.0,1.0938385725021362,0.023106101900339127,7.0,0.9984480142593384,0.9984480142593384,0.9984480142593384,0.02316656894981861,0.0002423999976599589,0.7225143909454346,960000.0,-0.012953009456396103,0.0056793950498104095,0.041665658354759216,0.40952810645103455,-0.09111568331718445,-1.623742699623108,3281.299072265625,20.976896286010742,20.830524444580078,41.80741882324219,478.38397216796875,803.7168579101562
3.0214953422546387,20.399999618530273,1000.0,48.0,1.0879104137420654,0.020284434780478477,1.0,0.9989733099937439,0.9989733099937439,0.9989733099937439,0.021450357511639595,0.00024120000307448208,0.7182621955871582,980000.0,0.0037716005463153124,0.016724610002711415,-0.037431471049785614,0.8994230031967163,0.48989489674568176,-2.6061320304870605,3305.287353515625,20.95734405517578,3.0105607509613037,23.967905044555664,834.44921875,815.7545166015625
2.8032028675079346,14.399999618530273,1000.0,49.0,1.0782064199447632,0.020724058151245117,9.0,0.9982505440711975,0.9982505440711975,0.9982505440711975,0.02152230590581894,0.00023999999393709004,0.7112912535667419,1000000.0,-0.012315282598137856,-0.016086883144453168,0.18433219194412231,0.38252776861190796,-0.5168952345848083,-1.7541277408599854,3353.984375,21.648866653442383,27.030071258544922,48.67893981933594,410.8553161621094,877.4995727539062
3.0319998264312744,14.180000305175781,1000.0,50.0,1.0729999542236328,0.028395602479577065,1.0,1.0007240772247314,1.0007240772247314,1.0007240772247314,0.021466640755534172,0.00023879999935161322,0.7075854539871216,1020000.0,0.0062194266356527805,0.018534709233790636,-0.1291651427745819,1.017673134803772,0.635145366191864,-2.9452948570251465,3377.436279296875,20.25786781311035,3.172605514526367,23.43047332763672,853.5892944335938,636.5439453125
3.1382250785827637,12.479999542236328,1000.0,51.0,1.0713245868682861,0.022474689409136772,10.0,0.9983760118484497,0.9983760118484497,0.9983760118484497,0.02261374332010746,0.0002376000047661364,0.7064001560211182,1040000.0,-0.014128858223557472,-0.020348284859210253,0.11502622067928314,0.37501803040504456,-0.6426551043987274,-1.4913108348846436,3428.708984375,21.27142333984375,29.98430633544922,51.25572967529297,390.2002868652344,841.3533935546875
3.639890193939209,15.920000076293945,1000.0,52.0,1.0686029195785522,0.022191600874066353,1.0,1.000247597694397,1.000247597694397,1.000247597694397,0.022481441497802734,0.00023639999562874436,0.7044730186462402,1060000.0,0.006842304952442646,0.020971163176000118,-0.42549294233322144,0.9413407444953918,0.5663227140903473,-2.6270158290863037,3453.328369140625,21.565814971923828,3.0295023918151855,24.595317840576172,813.1629028320312,733.4656982421875
3.06697416305542,19.8799991607666,1000.0,53.0,1.0651850700378418,0.020204272121191025,6.0,1.0004981756210327,1.0004981756210327,1.0004981756210327,0.02101645991206169,0.00023520000104326755,0.7020958065986633,1080000.0,-0.009739463217556477,-0.016581768169999123,0.45172935724258423,0.5369751453399658,-0.404365599155426,-2.1609795093536377,3492.252685546875,20.895404815673828,18.011119842529297,38.906524658203125,514.0526123046875,426.640625
2.6372323036193848,17.700000762939453,1000.0,54.0,1.0488263368606567,0.020051995292305946,8.0,1.0012284517288208,1.0012284517288208,1.0012284517288208,0.020787786692380905,0.00023400000645779073,0.6907269954681396,1100000.0,-0.009685708209872246,5.3755007684230804e-05,0.3862784802913666,0.19847123324871063,-0.3385039120912552,-0.4791341722011566,3537.824951171875,21.099857330322266,24.453327178955078,45.553184509277344,439.0472717285156,1018.2411499023438
2.1745476722717285,19.760000228881836,1000.0,55.0,1.0236639976501465,0.02004462480545044,9.0,0.9975100755691528,0.9975100755691528,0.9975100755691528,0.02147706225514412,0.0002327999973203987,0.6735575795173645,1120000.0,-0.014049354940652847,-0.0043636467307806015,-0.09662134945392609,0.31668347120285034,0.11821223795413971,-1.8646491765975952,3585.83056640625,21.756145477294922,26.227033615112305,47.98318099975586,416.8127136230469,794.2694702148438
2.383072853088379,10.199999809265137,1000.0,56.0,1.0126659870147705,0.021302085369825363,3.0,1.0008894205093384,1.0008894205093384,1.0008894205093384,0.02092680148780346,0.00023160000273492187,0.6662034392356873,1140000.0,-0.0022362899035215378,0.01181306503713131,-0.021150663495063782,0.3716192841529846,0.05493581295013428,-1.3760968446731567,3617.3212890625,22.125377655029297,9.345205307006836,31.470582962036133,635.51416015625,892.276123046875
2.589240312576294,12.359999656677246,1000.0,57.0,1.0024973154067993,0.031049689278006554,12.0,0.999750018119812,0.999750018119812,0.999750018119812,0.022331934422254562,0.00023039999359752983,0.659449577331543,1160000.0,-0.01645149663090706,-0.014215206727385521,0.588175892829895,0.18700294196605682,-0.1846163421869278,-0.6862317323684692,3673.261474609375,20.299997329711914,35.62172317504883,55.92171859741211,357.6427917480469,828.4345703125
2.9408507347106934,13.899999618530273,1000.0,58.0,0.9951671957969666,0.02136896923184395,1.0,0.9992184638977051,0.9992184638977051,0.9992184638977051,0.022319868206977844,0.000229199999012053,0.6546247005462646,1180000.0,0.008351702243089676,0.024803198873996735,0.008864128962159157,0.3441641330718994,0.1571611911058426,-0.6923511028289795,3697.536376953125,21.27928924560547,2.9734930992126465,24.252782821655273,824.6476440429688,846.6513061523438
2.738661527633667,18.440000534057617,1000.0,59.0,0.9920445680618286,0.020745761692523956,1.0,0.9982046484947205,0.9982046484947205,0.9982046484947205,0.01988491229712963,0.0002280000044265762,0.6526060104370117,1200000.0,0.004969932604581118,-0.0033817696385085583,-0.1537082940340042,0.49303293228149414,0.14886879920959473,-1.5452048778533936,3721.583984375,21.02205467224121,3.0081334114074707,24.030187606811523,832.2864990234375,546.3348999023438
2.3844289779663086,23.040000915527344,1000.0,60.0,0.9935889840126038,0.02062954194843769,10.0,0.9988956451416016,0.9988956451416016,0.9988956451416016,0.021639365702867508,0.00022679999528918415,0.6537014842033386,1220000.0,-0.01603032276034355,-0.02100025536492467,-0.06857312470674515,0.27787211537361145,-0.2151608169078827,-1.0026054382324219,3771.96826171875,19.732872009277344,30.63381004333496,50.36668014526367,397.087890625,629.2916259765625
2.386655330657959,18.940000534057617,1000.0,61.0,0.9916232228279114,0.021891886368393898,9.0,0.9983406662940979,0.9983406662940979,0.9983406662940979,0.02177763730287552,0.00022560000070370734,0.6523749232292175,1240000.0,-0.012266670353710651,0.0037636524066329002,-0.2000213861465454,0.28930771350860596,0.011435598134994507,-1.256221890449524,3819.873291015625,21.000812530517578,26.883583068847656,47.884395599365234,417.672607421875,873.7782592773438
2.7304396629333496,16.8799991607666,1000.0,62.0,0.9815541505813599,0.022259319201111794,1.0,0.9999512434005737,0.9999512434005737,0.9999512434005737,0.022100556641817093,0.00022440000611823052,0.64580237865448,1260000.0,0.006494985893368721,0.018761656247079372,-0.07544530928134918,0.709456741809845,0.420149028301239,-1.2450591325759888,3844.103759765625,21.11740493774414,3.091963291168213,24.209367752075195,826.12646484375,691.5851440429688
2.490027904510498,11.420000076293945,1000.0,63.0,0.9811163544654846,0.020435336977243423,1.0,0.9989039897918701,0.9989039897918701,0.9989039897918701,0.020986085757613182,0.00022319999698083848,0.6455409526824951,1280000.0,0.00388981937430799,-0.002605166519060731,-0.26989972591400146,0.1949978619813919,-0.5144588798284531,-0.09394465386867523,3867.24365234375,19.82246208190918,3.30107045173645,23.123533248901367,864.9197387695312,1025.6162109375
2.4291481971740723,12.180000305175781,1000.0,64.0,0.9785245060920715,0.021040180698037148,5.0,1.002174973487854,1.002174973487854,1.002174973487854,0.02122136950492859,0.00022200000239536166,0.6438594460487366,1300000.0,-0.007278272416442633,-0.011168091790750623,0.12180773168802261,0.34749478101730347,0.15249691903591156,-0.7792763710021973,3904.0107421875,21.12234115600586,15.625168800354004,36.74750900268555,544.2545776367188,929.8727416992188
2.2974746227264404,8.260000228881836,1000.0,65.0,0.9751937985420227,0.020213091745972633,13.0,0.9983048439025879,0.9983048439025879,0.9983048439025879,0.0227292999625206,0.00022079999325796962,0.641706109046936,1320000.0,-0.019799472764134407,-0.012521200347691774,-0.2357996106147766,0.30484017729759216,-0.042654603719711304,-1.0538148880004883,3963.811767578125,21.620628356933594,38.1608772277832,59.7815055847168,334.5516052246094,597.0908203125
2.6442482471466064,10.119999885559082,1000.0,66.0,0.9716038703918457,0.022962460294365883,10.0,0.997774600982666,0.997774600982666,0.997774600982666,0.022839101031422615,0.0002195999986724928,0.6393483877182007,1340000.0,-0.015321103855967522,0.004478368908166885,0.0513092577457428,0.27875393629074097,-0.026086241006851196,-1.048338532447815,4015.602783203125,20.9801025390625,30.789337158203125,51.769439697265625,386.32830810546875,876.967041015625
2.9573349952697754,10.199999809265137,1000.0,67.0,0.9655210971832275,0.02065756916999817,8.0,1.0003122091293335,1.0003122091293335,1.0003122091293335,0.02319309301674366,0.00021840000408701599,0.6354719400405884,1360000.0,-0.012351094745099545,0.002970009110867977,-0.007314004469662905,0.2699355483055115,-0.008818387985229492,-1.161674976348877,4060.356201171875,21.480018615722656,23.25128173828125,44.731300354003906,447.11419677734375,877.0322265625
2.5662682056427,6.559999942779541,1000.0,68.0,0.956580400466919,0.0460689552128315,8.0,0.9976296424865723,0.9976296424865723,0.9976296424865723,0.022598497569561005,0.00021719999494962394,0.6298375725746155,1380000.0,-0.011537566781044006,0.0008135279640555382,0.2075468748807907,0.16190581023693085,-0.10802973806858063,-0.5426031947135925,4105.5869140625,21.718603134155273,23.49268341064453,45.21128463745117,442.367431640625,985.236572265625
2.741957187652588,9.020000457763672,1000.0,69.0,0.9484714865684509,0.022529615089297295,1.0,1.0001462697982788,1.0001462697982788,1.0001462697982788,0.02032945491373539,0.00021600000036414713,0.6247300505638123,1400000.0,0.0055326661095023155,0.017070232890546322,0.01448909193277359,0.6835077404975891,0.5216019302606583,-1.825455665588379,4130.955078125,22.091861724853516,3.256204605102539,25.348066329956055,789.0148315429688,632.2716064453125
3.465078353881836,6.519999980926514,1000.0,70.0,0.9380205273628235,0.021548686549067497,15.0,0.9980456233024597,0.9980456233024597,0.9980456233024597,0.02093403972685337,0.0002148000057786703,0.6182426810264587,1420000.0,-0.017209243029356003,-0.02274190913885832,0.31964609026908875,0.09008067846298218,-0.5934270620346069,0.050599392503499985,4196.86865234375,21.293785095214844,44.60281753540039,65.8966064453125,303.5057678222656,1051.66845703125
4.076554775238037,10.800000190734863,1000.0,71.0,0.935244083404541,0.02065582573413849,13.0,0.9992223978042603,0.9992223978042603,0.9992223978042603,0.021893711760640144,0.00021359999664127827,0.6165052652359009,1440000.0,-0.020947691053152084,-0.0037384480237960815,0.08670738339424133,0.29323267936706543,0.20315200090408325,-1.1919695138931274,4257.74169921875,20.64552879333496,40.20512390136719,60.85065460205078,328.6735534667969,575.1034545898438
4.441482067108154,11.899999618530273,1000.0,72.0,0.9316102266311646,0.021055852994322777,1.0,1.0006930828094482,1.0006930828094482,1.0006930828094482,0.018563777208328247,0.00021240000205580145,0.6142655611038208,1460000.0,0.00549333868548274,0.026441029738634825,0.06937897950410843,0.6771804094314575,0.3839477300643921,-1.4849175214767456,4280.375,19.637332916259766,2.974004030227661,22.611337661743164,884.5120239257812,743.6666870117188
4.065110683441162,18.3799991607666,1000.0,73.0,0.934030294418335,0.02107212133705616,5.0,1.0003504753112793,1.0003504753112793,1.0003504753112793,0.020717767998576164,0.0002111999929184094,0.6157550811767578,1480000.0,-0.009857133030891418,-0.015350471716374159,0.10808774083852768,0.5420066714286804,-0.1351737380027771,-1.9350074529647827,4316.58056640625,20.827573776245117,15.361166000366211,36.18873977661133,552.6580810546875,660.7279052734375
4.392203330993652,19.579999923706055,1000.0,74.0,0.933416485786438,0.023015787824988365,12.0,0.9989374279975891,0.9989374279975891,0.9989374279975891,0.021969307214021683,0.0002099999983329326,0.6153771877288818,1500000.0,-0.020803220570087433,-0.010946087539196014,0.2794288396835327,0.25476762652397156,-0.28723904490470886,-0.8289667963981628,4373.15234375,21.022613525390625,35.52716827392578,56.549781799316406,353.6706848144531,540.5982055664062
4.020718574523926,17.139999389648438,1000.0,75.0,0.9316624402999878,0.029077762737870216,2.0,1.0012776851654053,1.0012776851654053,1.0012776851654053,0.02378416620194912,0.00020880000374745578,0.614298939704895,1520000.0,-0.0004229364567436278,0.020380284113343805,0.24302324652671814,0.3316265940666199,0.07685896754264832,-0.40526771545410156,4400.41845703125,21.016286849975586,6.227185249328613,27.244470596313477,734.0939331054688,947.6578369140625
4.258099555969238,15.399999618530273,1000.0,76.0,0.9244574308395386,0.02005872316658497,10.0,0.9977623224258423,0.9977623224258423,0.9977623224258423,0.021522430703043938,0.00020759999461006373,0.6099060773849487,1540000.0,-0.01570524089038372,-0.015282304433640093,0.477486252784729,0.2622617185115814,-0.06936487555503845,-0.8532575368881226,4451.9443359375,20.615331649780273,30.893779754638672,51.50910949707031,388.28082275390625,836.8080444335938
4.01958703994751,6.880000114440918,1000.0,77.0,0.8991342782974243,0.020045174285769463,13.0,0.9979455471038818,0.9979455471038818,0.9979455471038818,0.020991338416934013,0.00020640000002458692,0.5946524739265442,1560000.0,-0.02099672518670559,-0.005291484296321869,0.29074522852897644,0.07569672167301178,-0.18656499683856964,0.28380346298217773,4516.107421875,19.588865280151367,44.5537109375,64.142578125,311.8053894042969,1031.8182373046875
4.404991149902344,8.680000305175781,1000.0,78.0,0.9003807902336121,0.020445698872208595,12.0,0.9997888207435608,0.9997888207435608,0.9997888207435608,0.021553756669163704,0.0002052000054391101,0.595422089099884,1580000.0,-0.02092934586107731,6.737932562828064e-05,-0.19444555044174194,0.1462351530790329,0.07053843140602112,-0.41610994935035706,4571.4609375,20.120342254638672,35.21211242675781,55.33245849609375,361.4515075683594,644.4860229492188
4.568088531494141,7.079999923706055,1000.0,79.0,0.8978402018547058,0.02001652866601944,4.0,1.0004605054855347,1.0004605054855347,1.0004605054855347,0.021629100665450096,0.00020399999630171806,0.5939329862594604,1600000.0,-0.006127151660621166,0.014802194200456142,-0.06610633432865143,0.18720459938049316,0.040969446301460266,-0.2215224653482437,4605.1416015625,21.143829345703125,12.512197494506836,33.656028747558594,594.2471923828125,942.9573364257812
4.955004692077637,15.960000038146973,1000.0,80.0,0.8955573439598083,0.026094280183315277,16.0,0.9977881908416748,0.9977881908416748,0.9977881908416748,0.021813299506902695,0.00020280000171624124,0.5925959944725037,1620000.0,-0.023158397525548935,-0.01703124586492777,0.13964858651161194,0.2931777238845825,0.10597312450408936,-1.6608121395111084,4674.36669921875,21.625741958618164,47.58021926879883,69.20596313476562,288.992431640625,318.8570251464844
5.357149600982666,15.0,1000.0,81.0,0.899113655090332,0.021984023973345757,10.0,0.9984956979751587,0.9984956979751587,0.9984956979751587,0.02209620550274849,0.00020160000713076442,0.5947754979133606,1640000.0,-0.018622122704982758,0.004536274820566177,-0.05824881047010422,0.22025440633296967,-0.07292331755161285,-0.8311151266098022,4725.66357421875,19.948949813842773,31.324798583984375,51.27375030517578,390.0631408691406,719.1507568359375
5.978858470916748,22.15999984741211,1000.0,82.0,0.8947920799255371,0.0202983058989048,11.0,0.9997764229774475,0.9997764229774475,0.9997764229774475,0.02125391736626625,0.00020039999799337238,0.5922020077705383,1660000.0,-0.018561583012342453,6.0539692640304565e-05,0.027220256626605988,0.6382197141647339,0.4179653078317642,-2.565412998199463,4778.490234375,19.955223083496094,32.8508186340332,52.80603790283203,378.74456787109375,399.04486083984375
5.966556549072266,18.239999771118164,1000.0,83.0,0.8799673914909363,0.024421466514468193,9.0,0.9995036721229553,0.9995036721229553,0.9995036721229553,0.021783335134387016,0.00019920000340789557,0.5835942029953003,1680000.0,-0.017536280676722527,0.0010253023356199265,-0.02106325514614582,0.35286134481430054,-0.28535836935043335,-1.0888402462005615,4827.3056640625,22.008106231689453,26.785572052001953,48.793678283691406,409.88916015625,619.222900390625
6.307802200317383,20.420000076293945,1000.0,84.0,0.8724249601364136,0.025122156366705894,10.0,0.998982310295105,0.998982310295105,0.998982310295105,0.021898575127124786,0.00019799999427050352,0.5792596936225891,1700000.0,-0.01600518636405468,0.0015310943126678467,-0.1314624398946762,0.26342979073524475,-0.08943155407905579,-1.0039448738098145,4877.28173828125,20.21744155883789,29.739166259765625,49.956607818603516,400.3474426269531,475.4037780761719
5.752038478851318,20.780000686645508,1000.0,85.0,0.8696131110191345,0.02020476758480072,9.0,0.9991963505744934,0.9991963505744934,0.9991963505744934,0.02234307862818241,0.0001967999996850267,0.5776185393333435,1720000.0,-0.015299410559237003,0.0007057758048176765,0.0616346150636673,0.46500372886657715,0.2015739381313324,-1.852124571800232,4925.611328125,21.663677215576172,26.643604278564453,48.307281494140625,414.0162353515625,524.3460693359375
5.474327564239502,20.760000228881836,1000.0,86.0,0.8720516562461853,0.020059859380126,11.0,0.9993417263031006,0.9993417263031006,0.9993417263031006,0.023230984807014465,0.0001956000050995499,0.5791932940483093,1740000.0,-0.016512593254446983,-0.00121318269520998,0.3105495870113373,0.5100865364074707,0.045082807540893555,-1.7254611253738403,4978.33984375,19.66244125366211,33.04556655883789,52.7080078125,379.448974609375,569.4756469726562
5.404144763946533,20.1200008392334,1000.0,87.0,0.870980978012085,0.02204333432018757,10.0,0.9984309673309326,0.9984309673309326,0.9984309673309326,0.022369449958205223,0.00019439999596215785,0.5785620212554932,1760000.0,-0.01535726897418499,0.0011553242802619934,0.3135147988796234,0.523189127445221,0.013102591037750244,-2.734541654586792,5030.49462890625,21.630931854248047,30.503360748291016,52.13429260253906,383.6246643066406,485.629638671875
5.716984748840332,18.219999313354492,1000.0,88.0,0.865491509437561,0.02011437900364399,6.0,1.000062346458435,1.000062346458435,1.000062346458435,0.02130597084760666,0.00019320000137668103,0.5753868222236633,1780000.0,-0.010723588988184929,0.004633679986000061,0.07863527536392212,0.4326329529285431,-0.09055617451667786,-1.3264538049697876,5069.80908203125,21.64793586730957,17.64588165283203,39.293819427490234,508.9859313964844,686.28759765625
5.735986709594727,18.6200008392334,1000.0,89.0,0.8537848591804504,0.021446814760565758,10.0,0.9982861280441284,0.9982861280441284,0.9982861280441284,0.021916450932621956,0.00019200000679120421,0.5687517523765564,1800000.0,-0.013839343562722206,-0.0031157545745372772,-0.19752949476242065,0.4078245460987091,-0.024808406829833984,-1.1353870630264282,5120.56298828125,20.48704719543457,30.248014450073242,50.73506164550781,394.2046813964844,737.7120361328125
6.208073139190674,21.559999465942383,1000.0,90.0,0.8481425642967224,0.022091131657361984,1.0,1.0010906457901,1.0010906457901,1.0010906457901,0.021117819473147392,0.00019079999765381217,0.5655689239501953,1820000.0,0.00581843638792634,0.019657779950648546,0.019352728500962257,1.6504123210906982,1.2425877749919891,-3.8698344230651855,5144.798828125,21.172861099243164,3.0417320728302,24.2145938873291,825.9482421875,303.6726989746094
5.7701029777526855,26.760000228881836,1000.0,91.0,0.8420462608337402,0.024733465164899826,6.0,0.9998964667320251,0.9998964667320251,0.9998964667320251,0.021270932629704475,0.00018960000306833535,0.5621928572654724,1840000.0,-0.009928950108587742,-0.015747386496514082,-0.2106867879629135,0.6003056764602661,-1.0501066446304321,-1.6529515981674194,5183.1689453125,19.47182846069336,18.88097381591797,38.35280227661133,521.4743041992188,577.3276977539062
6.400857448577881,25.1200008392334,1000.0,92.0,0.8374916911125183,0.02222435362637043,9.0,0.9960135221481323,0.9960135221481323,0.9960135221481323,0.02282785065472126,0.0001883999939309433,0.5595104098320007,1860000.0,-0.01407548226416111,-0.004146532155573368,-0.323316365480423,0.6850477457046509,0.08474206924438477,-2.142029047012329,5230.654296875,20.517906188964844,26.948453903198242,47.46635818481445,421.3510437011719,724.1614379882812
5.962420463562012,23.3799991607666,1000.0,93.0,0.8303442001342773,0.021374331787228584,5.0,1.0005912780761719,1.0005912780761719,1.0005912780761719,0.02145833522081375,0.0001871999993454665,0.5555689930915833,1880000.0,-0.008041688241064548,0.006033794023096561,0.03566670045256615,0.7288831472396851,0.04383540153503418,-1.7960937023162842,5266.2900390625,20.768678665161133,14.847216606140137,35.61589431762695,561.5469970703125,677.3506469726562
6.658078193664551,22.479999542236328,1000.0,94.0,0.8178110122680664,0.02013779617846012,8.0,0.9982742667198181,0.9982742667198181,0.9982742667198181,0.02197938971221447,0.00018600000475998968,0.548805832862854,1900000.0,-0.014020782895386219,-0.0059790946543216705,-0.06243162602186203,0.9819208979606628,0.2530377507209778,-3.5275304317474365,5310.4189453125,20.43907928466797,23.67053985595703,44.109619140625,453.41583251953125,287.0043640136719
6.566414833068848,26.040000915527344,1000.0,95.0,0.8085114359855652,0.023063814267516136,6.0,0.9985008239746094,0.9985008239746094,0.9985008239746094,0.021202327683568,0.00018479999562259763,0.5438590049743652,1920000.0,-0.010951362550258636,0.0030694203451275826,0.0518031008541584,0.8419481515884399,-0.1399727463722229,-3.960871934890747,5349.86669921875,21.38766860961914,18.038135528564453,39.425804138183594,507.2819519042969,182.96981811523438
7.046539783477783,28.860000610351562,1000.0,96.0,0.7944269180297852,0.022613441571593285,8.0,0.9981367588043213,0.9981367588043213,0.9981367588043213,0.021561166271567345,0.00018360000103712082,0.5362071990966797,1940000.0,-0.013590642251074314,-0.0026392797008156776,0.38662707805633545,0.7405911087989807,-0.10135704278945923,-2.700174331665039,5393.623046875,19.766279220581055,23.97081184387207,43.737091064453125,457.2778015136719,399.2035217285156
7.055910587310791,26.399999618530273,1000.0,97.0,0.7866405844688416,0.0261393953114748,9.0,1.0003360509872437,1.0003360509872437,1.0003360509872437,0.023758649826049805,0.000182400006451644,0.5318852066993713,1960000.0,-0.01422556396573782,-0.0006349217146635056,-0.0444561243057251,0.6649630665779114,-0.07562804222106934,-3.2672407627105713,5441.755859375,21.420665740966797,26.691930770874023,48.11259841918945,415.6915588378906,461.7240905761719
7.867253303527832,24.520000457763672,1000.0,98.0,0.7814083099365234,0.022022731602191925,1.0,1.001631259918213,1.001631259918213,1.001631259918213,0.023372121155261993,0.00018119999731425196,0.5290327668190002,1980000.0,0.007790008094161749,0.02201557205989957,0.014667510986328125,1.3491193056106567,0.6841562390327454,-2.5432324409484863,5465.60302734375,20.712528228759766,3.1141979694366455,23.826725006103516,839.3935546875,536.8106079101562
8.062565803527832,22.420000076293945,1000.0,99.0,0.7714661955833435,0.022385450080037117,8.0,0.9997316598892212,0.9997316598892212,0.9997316598892212,0.021670764312148094,0.00018000000272877514,0.5237549543380737,2000000.0,-0.014171428047120571,-0.02196143614128232,0.010060165077447891,0.9917807579040527,-0.357338547706604,-3.21008563041687,5509.78076171875,20.267719268798828,23.893129348754883,44.160850524902344,452.88983154296875,689.1741333007812
7.603916645050049,23.1200008392334,1000.0,100.0,0.761687159538269,0.02007060870528221,1.0,1.000681757926941,1.000681757926941,1.000681757926941,0.021638644859194756,0.0001787999935913831,0.5186354517936707,2020000.0,0.0037979446351528168,0.017969372682273388,0.3588015139102936,1.1611413955688477,0.16936063766479492,-3.2512340545654297,5534.32666015625,21.37014389038086,3.15574049949646,24.5258846282959,815.4649658203125,436.7294616699219
7.394292831420898,23.1200008392334,1000.0,101.0,0.7554991245269775,0.028912518173456192,3.0,0.9990956783294678,0.9990956783294678,0.9990956783294678,0.02012992836534977,0.00017759999900590628,0.5154337286949158,2040000.0,-0.003549634013324976,-0.007347578648477793,-0.18393707275390625,1.181815505027771,0.02067410945892334,-2.6119327545166016,5563.7412109375,20.514249801635742,8.882461547851562,29.3977108001709,680.3250732421875,606.3002319335938
6.732400894165039,23.420000076293945,1000.0,102.0,0.7532051801681519,0.021904664114117622,1.0,1.0019596815109253,1.0019596815109253,1.0019596815109253,0.01696493849158287,0.00017640000442042947,0.5143241286277771,2060000.0,0.00541500560939312,0.008964639622718096,-0.46912533044815063,1.2368568181991577,0.05504131317138672,-3.344165563583374,5586.54833984375,19.793668746948242,2.9959559440612793,22.78962516784668,877.5923461914062,556.0862426757812
6.293877124786377,21.600000381469727,1000.0,103.0,0.747955858707428,0.02204475738108158,10.0,0.9981534481048584,0.9981534481048584,0.9981534481048584,0.02152504399418831,0.00017519999528303742,0.5116514563560486,2080000.0,-0.01474041398614645,-0.02015541959553957,0.04571817070245743,0.5300999283790588,-0.7067568898200989,-2.28485369682312,5635.1220703125,19.207910537719727,29.3482666015625,48.55617904663086,411.89404296875,783.0095825195312
5.805360794067383,23.0,1000.0,104.0,0.74345862865448,0.021167773753404617,9.0,0.999323844909668,0.999323844909668,0.999323844909668,0.022991236299276352,0.0001740000006975606,0.5094229578971863,2100000.0,-0.016543706879019737,-0.0018032928928732872,-0.06514447927474976,0.6182122230529785,0.08811229467391968,-3.264296770095825,5685.9248046875,23.640871047973633,27.142200469970703,50.7830696105957,393.83203125,319.1969909667969
5.265596389770508,24.65999984741211,1000.0,105.0,0.7285200357437134,0.02046511135995388,8.0,0.999191164970398,0.999191164970398,0.999191164970398,0.021516263484954834,0.0001728000061120838,0.5019740462303162,2120000.0,-0.01411445438861847,0.002429252490401268,-0.04881997033953667,0.7913076281547546,0.17309540510177612,-3.584275484085083,5728.8212890625,19.498241424560547,23.378135681152344,42.87637710571289,466.4573059082031,497.87811279296875
5.644457817077637,26.600000381469727,1000.0,106.0,0.7101317048072815,0.026092980057001114,9.0,0.997940182685852,0.997940182685852,0.997940182685852,0.02188640832901001,0.00017159999697469175,0.4928337633609772,2140000.0,-0.015630342066287994,-0.0015158876776695251,0.5383020043373108,0.5074557662010193,-0.28385186195373535,-2.1236371994018555,5775.98095703125,19.55972671508789,27.57990837097168,47.13963317871094,424.27142333984375,525.1008911132812
6.597111225128174,28.979999542236328,1000.0,107.0,0.6890181303024292,0.021008390933275223,9.0,0.9992609024047852,0.9992609024047852,0.9992609024047852,0.021320516243577003,0.00017040000238921493,0.4824369549751282,2160000.0,-0.016318518668413162,-0.0006881766021251678,0.12672507762908936,0.5528789758682251,0.04542320966720581,-1.664749026298523,5822.63623046875,20.15433120727539,26.481929779052734,46.636260986328125,428.850830078125,455.27227783203125
7.148782253265381,29.3799991607666,1000.0,108.0,0.6846069693565369,0.020115533843636513,9.0,0.998661458492279,0.998661458492279,0.998661458492279,0.021939702332019806,0.0001691999932518229,0.4802613854408264,2180000.0,-0.015542343258857727,0.0007761754095554352,0.029588840901851654,0.7382087111473083,0.18532973527908325,-3.6992883682250977,5870.31689453125,20.924142837524414,26.7359561920166,47.660099029541016,419.63824462890625,322.87493896484375
6.556277275085449,27.940000534057617,1000.0,109.0,0.6790220141410828,0.020052755251526833,11.0,0.9975495338439941,0.9975495338439941,0.9975495338439941,0.02212456613779068,0.00016799999866634607,0.4775668680667877,2200000.0,-0.017884382978081703,-0.002342039719223976,-0.003590460866689682,0.7067800760269165,-0.031428635120391846,-3.624826669692993,5924.80078125,22.06562042236328,32.397674560546875,54.463294982910156,367.21978759765625,452.6584777832031
6.069111347198486,32.20000076293945,1000.0,110.0,0.6712468862533569,0.02079831250011921,7.0,0.9989434480667114,0.9989434480667114,0.9989434480667114,0.021610001102089882,0.00016680000408086926,0.4738342761993408,2220000.0,-0.014968262985348701,0.0029161199927330017,0.003984421491622925,0.610718846321106,-0.09606122970581055,-1.9743921756744385,5965.97265625,19.967172622680664,21.18385124206543,41.151023864746094,486.0146179199219,377.6708984375
6.228673934936523,25.520000457763672,1000.0,111.0,0.6689664125442505,0.021684829145669937,2.0,1.0001308917999268,1.0001308917999268,1.0001308917999268,0.01965477503836155,0.0001655999949434772,0.47271600365638733,2240000.0,-0.000999658601358533,0.013968604383990169,0.20037402212619781,0.8913098573684692,0.2805910110473633,-2.7031924724578857,5991.8642578125,19.857528686523438,6.014025688171387,25.87155532836914,773.0498046875,552.40478515625
6.486688137054443,20.139999389648438,1000.0,112.0,0.6600865125656128,0.020126603543758392,8.0,0.9985870122909546,0.9985870122909546,0.9985870122909546,0.02103435806930065,0.0001644000003580004,0.468497633934021,2260000.0,-0.014588446356356144,-0.013588787754997611,0.20505328476428986,0.25625523924827576,-0.6350546181201935,-0.3115251958370209,6037.4326171875,20.606319427490234,24.945110321044922,45.551429748535156,439.06414794921875,1032.1739501953125
6.5650954246521,14.84000015258789,1000.0,113.0,0.6526610851287842,0.02179749123752117,2.0,0.9992361664772034,0.9992361664772034,0.9992361664772034,0.02256695367395878,0.00016320000577252358,0.465088814496994,2280000.0,0.0003324257559143007,0.014920872112270445,-0.11801990866661072,0.6081867218017578,0.35193148255348206,-1.5228523015975952,6063.01708984375,19.556486129760742,6.006140232086182,25.562625885009766,782.3922119140625,773.9013061523438
5.869404315948486,14.15999984741211,1000.0,114.0,0.650749921798706,0.020106369629502296,9.0,1.0001742839813232,1.0001742839813232,1.0001742839813232,0.02276495099067688,0.00016199999663513154,0.46436256170272827,2300000.0,-0.014235561713576317,-0.014567987469490618,-0.003782793879508972,0.620516836643219,0.012330114841461182,-2.6831653118133545,6109.12744140625,19.8927001953125,26.20069694519043,46.09339904785156,433.901611328125,491.654541015625
5.914389610290527,22.399999618530273,1000.0,115.0,0.6449523568153381,0.02034587971866131,9.0,0.9989570379257202,0.9989570379257202,0.9989570379257202,0.022822432219982147,0.00016080000204965472,0.46161043643951416,2320000.0,-0.0156133733689785,-0.0013778116554021835,0.11181974411010742,0.4824029505252838,-0.13811388611793518,-1.5711169242858887,6157.66357421875,22.180328369140625,26.335811614990234,48.51613998413086,412.23394775390625,431.4715576171875
5.901479721069336,23.799999237060547,1000.0,116.0,0.640676736831665,0.020961904898285866,5.0,0.9976012706756592,0.9976012706756592,0.9976012706756592,0.021819040179252625,0.00015959999291226268,0.4596119225025177,2340000.0,-0.009799362160265446,0.005814011208713055,0.29468676447868347,0.46854713559150696,-0.013855814933776855,-1.304324984550476,6192.8701171875,20.543506622314453,14.642696380615234,35.18620300292969,568.4046020507812,718.2083740234375
5.822617053985596,22.780000686645508,1000.0,117.0,0.6403493881225586,0.02465595118701458,9.0,0.9986361861228943,0.9986361861228943,0.9986361861228943,0.02268158458173275,0.00015839999832678586,0.4594523012638092,2360000.0,-0.015406575053930283,-0.005607212893664837,0.037119366228580475,0.5426859259605408,0.07413879036903381,-1.9196425676345825,6241.09521484375,21.682697296142578,26.524234771728516,48.206932067871094,414.8780822753906,678.0470581054688
5.080652236938477,20.6200008392334,1000.0,118.0,0.6368063688278198,0.020046435296535492,6.0,0.9994418621063232,0.9994418621063232,0.9994418621063232,0.020708099007606506,0.00015720000374130905,0.45784056186676025,2380000.0,-0.010513209737837315,0.004893365316092968,-0.4202862083911896,0.5742017030715942,0.03151577711105347,-2.107290744781494,6278.623046875,20.16816520690918,17.340286254882812,37.508453369140625,533.213134765625,487.72174072265625
4.819248676300049,19.559999465942383,1000.0,119.0,0.632095456123352,0.02042674832046032,7.0,0.9995583891868591,0.9995583891868591,0.9995583891868591,0.021127047017216682,0.000155999994603917,0.4557536542415619,2400000.0,-0.012623000890016556,-0.002109791152179241,0.18492606282234192,0.6968174576759338,0.1226157546043396,-2.1115803718566895,6320.46923828125,20.317726135253906,21.508529663085938,41.826255798339844,478.1685485839844,623.8505859375
4.435903549194336,18.899999618530273,1000.0,120.0,0.6257741451263428,0.021454405039548874,7.0,0.9971797466278076,0.9971797466278076,0.9971797466278076,0.02181515470147133,0.0001548000000184402,0.4528670012950897,2420000.0,-0.01266363263130188,-4.06317412853241e-05,0.05128641799092293,0.43640944361686707,-0.2604080140590668,-1.2827507257461548,6361.626953125,20.245481491088867,20.890790939331055,41.13627243041992,486.18890380859375,610.9684448242188
4.9845662117004395,18.0,1000.0,121.0,0.617769181728363,0.02139001339673996,8.0,0.9992724657058716,0.9992724657058716,0.9992724657058716,0.021696994081139565,0.00015360000543296337,0.44936689734458923,2440000.0,-0.015166297554969788,-0.0025026649236679077,0.08906711637973785,0.3654078245162964,-0.07100161910057068,-1.0804866552352905,6406.75244140625,21.133798599243164,23.970651626586914,45.10445022583008,443.41522216796875,685.4739379882812
5.3628740310668945,13.520000457763672,1000.0,122.0,0.6042596697807312,0.022092219442129135,10.0,0.9986014366149902,0.9986014366149902,0.9986014366149902,0.021559465676546097,0.00015239999629557133,0.44336289167404175,2460000.0,-0.01495420467108488,0.00021209288388490677,-0.1304081380367279,0.22420622408390045,-0.14120160043239594,-0.5009775161743164,6456.3076171875,19.572141647338867,29.96172523498535,49.53386688232422,403.76416015625,866.2611694335938
6.718870639801025,13.520000457763672,1000.0,123.0,0.5953936576843262,0.020086735486984253,5.0,0.9977013468742371,0.9977013468742371,0.9977013468742371,0.021480880677700043,0.0001512000017100945,0.4393937587738037,2480000.0,-0.009154025465250015,0.005800179205834866,0.5273503661155701,0.45785364508628845,0.233647421002388,-1.6867278814315796,6491.3349609375,20.102479934692383,14.903990745544434,35.0064697265625,571.3229370117188,547.8995361328125
6.633347988128662,19.299999237060547,1000.0,124.0,0.5950556993484497,0.02040931209921837,8.0,1.0013824701309204,1.0013824701309204,1.0013824701309204,0.0213912483304739,0.0001500000071246177,0.4391769468784332,2500000.0,-0.012755624018609524,-0.0036015985533595085,-0.0751417875289917,0.7575375437736511,0.29968389868736267,-2.2646822929382324,6535.39697265625,20.615537643432617,23.42804718017578,44.043582916259766,454.09564208984375,566.0989379882812
5.6848578453063965,24.760000228881836,1000.0,125.0,0.5905174612998962,0.022022128105163574,7.0,0.9983499646186829,0.9983499646186829,0.9983499646186829,0.022047201171517372,0.00014879999798722565,0.4372076988220215,2520000.0,-0.012763242237269878,-7.618218660354614e-06,-0.21707439422607422,0.5775246024131775,-0.18001294136047363,-2.338217258453369,6576.353515625,20.335163116455078,20.60303497314453,40.93819808959961,488.5412902832031,465.29150390625
5.848249435424805,23.020000457763672,1000.0,126.0,0.5816643834114075,0.0238175131380558,6.0,0.9975073337554932,0.9975073337554932,0.9975073337554932,0.02214287966489792,0.00014760000340174884,0.4334532618522644,2540000.0,-0.010519417002797127,0.0022438252344727516,-0.6953281760215759,0.4377882778644562,-0.1397363245487213,-1.494012475013733,6616.60693359375,22.5884952545166,17.645376205444336,40.23387145996094,497.0935974121094,702.1415405273438
5.502062797546387,20.68000030517578,1000.0,127.0,0.5777105093002319,0.020391661673784256,11.0,1.0007325410842896,1.0007325410842896,1.0007325410842896,0.02203974686563015,0.0001463999942643568,0.43180498480796814,2560000.0,-0.01700364053249359,-0.0064842235296964645,0.1502152979373932,0.43792176246643066,0.0001334846019744873,-1.3042513132095337,6668.80322265625,19.125062942504883,33.053524017333984,52.1785888671875,383.2989807128906,527.4853515625
5.038468837738037,16.920000076293945,1000.0,128.0,0.572228729724884,0.02243758551776409,10.0,0.9999491572380066,0.9999491572380066,0.9999491572380066,0.02249988168478012,0.00014519999967887998,0.42936375737190247,2580000.0,-0.015807712450623512,0.001195928081870079,-0.08120347559452057,0.2359069287776947,-0.20201483368873596,-0.4872659742832184,6718.89453125,20.48720359802246,29.582948684692383,50.070152282714844,399.4395751953125,818.3094482421875
5.145172119140625,14.119999885559082,1000.0,129.0,0.5678122639656067,0.02326560579240322,1.0,1.0034358501434326,1.0034358501434326,1.0034358501434326,0.01972568780183792,0.00014400000509340316,0.42745620012283325,2600000.0,0.004388242959976196,0.02019595541059971,-0.01824621856212616,0.3930949866771698,0.1571880578994751,-0.5004266500473022,6743.14453125,20.97419548034668,3.2546536922454834,24.228849411010742,825.4622192382812,904.25439453125
5.751669883728027,12.680000305175781,1000.0,130.0,0.5603474378585815,0.020275747403502464,9.0,1.0013316869735718,1.0013316869735718,1.0013316869735718,0.022467339411377907,0.00014279999595601112,0.4242762327194214,2620000.0,-0.01487845927476883,-0.019266702234745026,0.06473729759454727,0.525161623954773,0.13206663727760315,-1.6667428016662598,6790.68896484375,20.67119598388672,26.854413986206055,47.526611328125,420.8168640136719,766.7119750976562
7.239881992340088,14.619999885559082,1000.0,131.0,0.5474832653999329,0.0203408170491457,6.0,1.0000118017196655,1.0000118017196655,1.0000118017196655,0.02190813608467579,0.0001416000013705343,0.41885972023010254,2640000.0,-0.010692176409065723,0.004186282865703106,-0.054091066122055054,0.6365843415260315,0.11142271757125854,-2.076748847961426,6828.5419921875,19.911624908447266,17.921640396118164,37.8332633972168,528.6353149414062,699.4006958007812
7.646403789520264,17.040000915527344,1000.0,132.0,0.5380520224571228,0.020975247025489807,9.0,0.9995481371879578,0.9995481371879578,0.9995481371879578,0.022407466545701027,0.00014040000678505749,0.41498616337776184,2660000.0,-0.013610479421913624,-0.0029183030128479004,0.07206776738166809,0.46151816844940186,-0.17506617307662964,-1.1012310981750488,6875.6201171875,19.35431671142578,27.704330444335938,47.05864715576172,425.0015869140625,664.6922607421875
7.1846394538879395,18.3799991607666,1000.0,133.0,0.5322176814079285,0.02782246097922325,1.0,1.0002952814102173,1.0002952814102173,1.0002952814102173,0.01822833903133869,0.00013919999764766544,0.41258716583251953,2680000.0,0.005461021792143583,0.019071501214057207,-0.06779542565345764,1.0202258825302124,0.5587077140808105,-2.048731565475464,6898.66943359375,20.11430549621582,2.913186550140381,23.02754020690918,868.5252685546875,500.22308349609375
6.740261077880859,15.300000190734863,1000.0,134.0,0.5273215174674988,0.021543599665164948,9.0,1.0002424716949463,1.0002424716949463,1.0002424716949463,0.021845586597919464,0.00013800000306218863,0.4106285870075226,2700000.0,-0.014637378975749016,-0.0200984007678926,0.19937929511070251,0.2352246195077896,-0.7850012630224228,-0.1731524020433426,6945.9140625,20.133262634277344,27.094831466674805,47.228092193603516,423.4767761230469,970.0602416992188
6.639301776885986,17.959999084472656,1000.0,135.0,0.515969455242157,0.02054348774254322,7.0,0.9992120862007141,0.9992120862007141,0.9992120862007141,0.0230434350669384,0.00013679999392479658,0.4060775637626648,2720000.0,-0.014278063550591469,0.000359315425157547,-0.0767817348241806,0.7762352824211121,0.5410106629133224,-2.5309064388275146,6987.05908203125,20.414169311523438,20.709701538085938,41.123870849609375,486.3355407714844,480.8607177734375
6.784075736999512,15.739999771118164,1000.0,136.0,0.5102644562721252,0.02209140732884407,4.0,1.0001616477966309,1.0001616477966309,1.0001616477966309,0.019593000411987305,0.00013559999933931977,0.4037805497646332,2740000.0,-0.006987803149968386,0.007290260400623083,0.2716386616230011,0.4907446503639221,-0.28549063205718994,-1.20423424243927,7018.31005859375,19.734901428222656,11.497237205505371,31.23213768005371,640.3660278320312,690.6795654296875
7.389219284057617,17.260000228881836,1000.0,137.0,0.5117015242576599,0.022079534828662872,9.0,1.0014383792877197,1.0014383792877197,1.0014383792877197,0.021431734785437584,0.00013440000475384295,0.4043022394180298,2760000.0,-0.014296241104602814,-0.007308437954634428,-0.11244644224643707,0.3885381817817688,-0.10220646858215332,-1.1402359008789062,7065.53759765625,20.366350173950195,26.842370986938477,47.20872116088867,423.6505432128906,659.132080078125
9.027047157287598,21.020000457763672,1000.0,138.0,0.5037328600883484,0.021643979474902153,11.0,0.9997804760932922,0.9997804760932922,0.9997804760932922,0.022023940458893776,0.0001331999956164509,0.4010952413082123,2780000.0,-0.018549930304288864,-0.00425368919968605,0.1971396654844284,0.5019516348838806,0.11341345310211182,-2.093744993209839,7117.95361328125,19.30771255493164,33.087894439697266,52.395606994628906,381.7113952636719,505.5689697265625
8.614084243774414,19.8799991607666,1000.0,139.0,0.48882970213890076,0.020438531413674355,7.0,1.0004435777664185,1.0004435777664185,1.0004435777664185,0.02137475647032261,0.0001320000010309741,0.3952484130859375,2800000.0,-0.013281370513141155,0.005268559791147709,0.14014874398708344,0.36908403038978577,-0.13286760449409485,-0.44375917315483093,7159.57861328125,21.22504997253418,20.377763748168945,41.602813720703125,480.7367248535156,810.5106201171875
7.824656963348389,18.040000915527344,1000.0,140.0,0.48186296224594116,0.020210934802889824,7.0,1.0009337663650513,1.0009337663650513,1.0009337663650513,0.022777464240789413,0.00013080000644549727,0.3925020396709442,2820000.0,-0.011492347344756126,0.0017890231683850288,-0.010850608348846436,0.31204700469970703,-0.057037025690078735,-0.043889231979846954,7200.1171875,19.921741485595703,20.59568214416504,40.517425537109375,493.6147766113281,891.722412109375
6.0821638107299805,23.600000381469727,1000.0,141.0,0.48997044563293457,0.02284853346645832,14.0,0.9976008534431458,0.9976008534431458,0.9976008534431458,0.022675227373838425,0.00012959999730810523,0.3957492709159851,2840000.0,-0.021083828061819077,-0.00959148071706295,-0.31177306175231934,0.6302210092544556,0.31817400455474854,-2.2868382930755615,7261.54052734375,19.982444763183594,41.42049026489258,61.40293502807617,325.7173156738281,79.88169860839844
6.237696647644043,25.540000915527344,1000.0,142.0,0.4848678410053253,0.021364377811551094,7.0,0.9989146590232849,0.9989146590232849,0.9989146590232849,0.022220369428396225,0.00012840000272262841,0.3936295807361603,2860000.0,-0.014602696523070335,0.006481131538748741,-0.15431684255599976,0.775443971157074,0.1452229619026184,-1.71748948097229,7302.9853515625,20.02977752685547,21.393102645874023,41.42287826538086,482.824951171875,712.979248046875
5.829265594482422,35.880001068115234,1000.0,143.0,0.48012807965278625,0.02035130001604557,10.0,0.9992109537124634,0.9992109537124634,0.9992109537124634,0.02091219834983349,0.00012719999358523637,0.3918536603450775,2880000.0,-0.01885933429002762,-0.004256637766957283,-0.11513666808605194,0.47721558809280396,-0.29822838306427,-1.7482044696807861,7353.27392578125,20.219820022583008,30.049673080444336,50.269493103027344,397.8556213378906,103.18123626708984
6.339067459106445,26.6200008392334,1000.0,144.0,0.4686092734336853,0.020862264558672905,10.0,0.9984022974967957,0.9984022974967957,0.9984022974967957,0.020201336592435837,0.00012599999899975955,0.38753747940063477,2900000.0,-0.01504155807197094,0.0038177762180566788,-0.1280127614736557,0.22098763287067413,-0.2562279552221298,0.1369323879480362,7403.50732421875,20.40953826904297,29.803327560424805,50.212867736816406,398.3042907714844,923.96533203125
5.64045524597168,21.100000381469727,1000.0,145.0,0.4609554409980774,0.020009290426969528,7.0,1.001133680343628,1.001133680343628,1.001133680343628,0.021310769021511078,0.00012480000441428274,0.3845749795436859,2920000.0,-0.013299173675477505,0.001742384396493435,0.07802969217300415,0.4358978271484375,0.21491019427776337,-1.3359780311584473,7444.7021484375,20.260921478271484,20.912649154663086,41.1735725402832,485.7485046386719,650.552978515625
6.620440483093262,14.520000457763672,1000.0,146.0,0.4624163508415222,0.020691437646746635,11.0,0.9986470341682434,0.9986470341682434,0.9986470341682434,0.022351553663611412,0.0001235999952768907,0.38510674238204956,2940000.0,-0.014764313586056232,-0.0014651399105787277,-0.24255193769931793,0.3848406970500946,-0.051057130098342896,-1.1962553262710571,7497.68505859375,19.78974151611328,33.17362594604492,52.9633674621582,377.6194763183594,756.1258544921875
7.328000068664551,23.420000076293945,1000.0,147.0,0.4541472792625427,0.021398691460490227,13.0,0.9989645481109619,0.9989645481109619,0.9989645481109619,0.02086879126727581,0.00012240000069141388,0.3819424510002136,2960000.0,-0.019664647057652473,-0.004900333471596241,-0.26405417919158936,0.8427534103393555,0.45791271328926086,-3.557729959487915,7556.4384765625,20.674488067626953,38.05711364746094,58.73160171508789,340.53216552734375,233.41734313964844
7.511842727661133,19.200000762939453,1000.0,148.0,0.44734182953834534,0.023059528321027756,8.0,0.9998587965965271,0.9998587965965271,0.9998587965965271,0.021641405299305916,0.00012119999882997945,0.3794144093990326,2980000.0,-0.014176885597407818,0.005487761460244656,0.23275980353355408,0.32971230149269104,-0.5130411088466644,-0.6643484830856323,7599.81103515625,19.757549285888672,23.591459274291992,43.34900665283203,461.37158203125,916.5950317382812
7.354130268096924,20.219999313354492,1000.0,149.0,0.44184842705726624,0.020607586950063705,1.0,1.0009183883666992,1.0009183883666992,1.0009183883666992,0.017893150448799133,0.00011999999696854502,0.3773725628852844,3000000.0,0.005053380969911814,0.01923026656731963,0.13465753197669983,1.0401407480239868,0.7104284465312958,-2.0351011753082275,7622.52392578125,19.65035057067871,3.0425446033477783,22.692895889282227,881.3331298828125,562.2313232421875
7.269916534423828,17.18000030517578,1000.0,150.0,0.43742281198501587,0.02292308770120144,9.0,0.9981698393821716,0.9981698393821716,0.9981698393821716,0.02107980102300644,0.0001188000023830682,0.3758244514465332,3020000.0,-0.016045158728957176,-0.02109853969886899,0.09669893980026245,0.6356337070465088,-0.404507040977478,-2.408839464187622,7669.67724609375,19.753549575805664,27.38166618347168,47.135215759277344,424.3111877441406,586.2969360351562
6.660153865814209,20.139999389648438,1000.0,151.0,0.42732498049736023,0.020096495747566223,10.0,0.9979410171508789,0.9979410171508789,0.9979410171508789,0.02211926132440567,0.00011760000052163377,0.37203678488731384,3040000.0,-0.01584751345217228,0.00019764527678489685,-0.12594245374202728,0.6428458094596863,0.00721210241317749,-2.3972742557525635,7719.6962890625,20.831586837768555,29.16724395751953,49.99883270263672,400.0093688964844,539.0932006835938
6.848948955535889,21.260000228881836,1000.0,152.0,0.41932475566864014,0.02188761718571186,11.0,0.9993911981582642,0.9993911981582642,0.9993911981582642,0.023026296868920326,0.00011639999866019934,0.36902227997779846,3060000.0,-0.01775042526423931,-0.0019029118120670319,0.10738809406757355,0.5692958235740662,-0.07354998588562012,-2.5105957984924316,7771.3388671875,19.880615234375,31.74019432067871,51.62080764770508,387.4406433105469,508.1988830566406
6.825921535491943,25.440000534057617,1000.0,153.0,0.4127352237701416,0.020981404930353165,8.0,1.0000207424163818,1.0000207424163818,1.0000207424163818,0.021013760939240456,0.00011519999679876491,0.3666176199913025,3080000.0,-0.01492936909198761,0.0028210561722517014,0.6254339218139648,0.9593108892440796,0.3900150656700134,-3.4113519191741943,7815.154296875,20.46868896484375,23.326169967651367,43.79486083984375,456.67462158203125,233.6552734375
7.110783576965332,24.360000610351562,1000.0,154.0,0.40298983454704285,0.021280135959386826,8.0,0.9998993873596191,0.9998993873596191,0.9998993873596191,0.021345101296901703,0.0001140000022132881,0.3630732297897339,3100000.0,-0.014642130583524704,0.0002872385084629059,0.08988337218761444,0.4459245502948761,-0.5133863389492035,-2.006796360015869,7860.21875,20.230876922607422,24.811809539794922,45.042686462402344,444.02325439453125,620.4854736328125
7.581979751586914,23.579999923706055,1000.0,155.0,0.399140864610672,0.0208005178719759,12.0,1.0010550022125244,1.0010550022125244,1.0010550022125244,0.02187735214829445,0.00011280000035185367,0.3615606427192688,3120000.0,-0.018486879765987396,-0.0038447491824626923,-0.12662334740161896,0.485329806804657,0.039405256509780884,-1.8119423389434814,7916.38671875,20.74587059020996,35.40247344970703,56.148399353027344,356.19891357421875,642.7918090820312
8.072861671447754,14.199999809265137,1000.0,156.0,0.39374199509620667,0.02300543524324894,8.0,0.999360978603363,0.999360978603363,0.999360978603363,0.0204513780772686,0.00011159999849041924,0.3595869839191437,3140000.0,-0.012678876519203186,0.00580800324678421,0.20841753482818604,0.3237801790237427,-0.1615496277809143,-0.5409628748893738,7959.8857421875,20.14383888244629,23.33500099182129,43.47883987426758,459.9938659667969,932.8931274414062
8.143497467041016,20.700000762939453,1000.0,157.0,0.3856925070285797,0.021772224456071854,10.0,0.9998438358306885,0.9998438358306885,0.9998438358306885,0.021716687828302383,0.00011039999662898481,0.35657432675361633,3160000.0,-0.016680512577295303,-0.004001636058092117,-0.05070476233959198,0.8046411871910095,0.48086100816726685,-3.9788761138916016,8009.0419921875,19.627981185913086,29.508472442626953,49.136451721191406,407.02978515625,51.93487548828125
7.958621025085449,24.299999237060547,1000.0,158.0,0.38101211190223694,0.02058994770050049,12.0,1.0005375146865845,1.0005375146865845,1.0005375146865845,0.02188141457736492,0.00010920000204350799,0.3548533618450165,3180000.0,-0.017848163843154907,-0.0011676512658596039,-0.03995267301797867,0.4460267126560211,-0.3586144745349884,-1.318329930305481,8066.12158203125,21.037214279174805,36.021671295166016,57.05888366699219,350.5151062011719,579.470947265625
6.923162460327148,27.559999465942383,1000.0,159.0,0.3672460913658142,0.02121237851679325,12.0,0.9995843768119812,0.9995843768119812,0.9995843768119812,0.022242151200771332,0.00010800000018207356,0.35001757740974426,3200000.0,-0.019296664744615555,-0.0014485009014606476,0.09336806833744049,0.4773520529270172,0.031325340270996094,-2.346923351287842,8120.94482421875,19.751419067382812,35.04866027832031,54.800079345703125,364.96295166015625,612.6688232421875
6.9187211990356445,21.700000762939453,1000.0,160.0,0.3539294898509979,0.020712343975901604,9.0,1.0017226934432983,1.0017226934432983,1.0017226934432983,0.02185838110744953,0.00010679999832063913,0.34562382102012634,3220000.0,-0.014449658803641796,0.004847005940973759,-0.006614498794078827,0.6413040161132812,0.16395196318626404,-2.1638576984405518,8167.15771484375,19.341960906982422,26.849998474121094,46.191959381103516,432.97576904296875,663.8526611328125
6.830197334289551,14.699999809265137,1000.0,161.0,0.3376656770706177,0.027654437348246574,8.0,0.9979539513587952,0.9979539513587952,0.9979539513587952,0.01998962089419365,0.0001055999964592047,0.34013450145721436,3240000.0,-0.014826556667685509,-0.0003768978640437126,0.19577139616012573,0.28190237283706665,-0.3594016432762146,-0.7972714304924011,8210.6357421875,19.309051513671875,24.149127960205078,43.45817947387695,460.2125549316406,908.7931518554688
6.680860996246338,23.040000915527344,1000.0,162.0,0.3254730701446533,0.021461013704538345,10.0,0.9985114932060242,0.9985114932060242,0.9985114932060242,0.02169022709131241,0.00010440000187372789,0.336069256067276,3260000.0,-0.018289141356945038,-0.003462584689259529,0.043229516595602036,0.5690353512763977,0.28713297843933105,-2.6338131427764893,8261.755859375,21.419523239135742,29.680143356323242,51.099666595458984,391.3919982910156,-45.92514419555664
6.326847553253174,23.520000457763672,1000.0,163.0,0.3189266622066498,0.020310528576374054,9.0,1.0003750324249268,1.0003750324249268,1.0003750324249268,0.02151542715728283,0.00010320000001229346,0.333890825510025,3280000.0,-0.01615673303604126,0.002132408320903778,-0.06396371126174927,0.660897970199585,0.09186261892318726,-2.4358062744140625,8308.3779296875,20.43362045288086,26.168275833129883,46.601898193359375,429.1670837402344,542.383056640625
5.628155708312988,29.219999313354492,1000.0,164.0,0.31327754259109497,0.023819558322429657,9.0,0.9989350438117981,0.9989350438117981,0.9989350438117981,0.02247449941933155,0.00010199999815085903,0.3319714069366455,3300000.0,-0.017595389857888222,-0.001438656821846962,0.18175359070301056,0.7016528844833374,0.04075491428375244,-2.098024368286133,8354.7373046875,20.065093994140625,26.274234771728516,46.33932876586914,431.5988464355469,540.2765502929688
6.333709716796875,25.440000534057617,1000.0,165.0,0.3111955225467682,0.021081801503896713,7.0,1.0001633167266846,1.0001633167266846,1.0001633167266846,0.02044522948563099,0.00010080000356538221,0.3312857449054718,3320000.0,-0.012508728541433811,0.0050866613164544106,-0.010728277266025543,0.9688313603401184,0.267178475856781,-2.8072569370269775,8395.685546875,19.39889907836914,21.529998779296875,40.928897857666016,488.6523132324219,313.2862854003906
6.363513946533203,23.34000015258789,1000.0,166.0,0.3121192753314972,0.027223320677876472,10.0,0.9989190697669983,0.9989190697669983,0.9989190697669983,0.021779317408800125,9.960000170394778e-05,0.33161628246307373,3340000.0,-0.017051320523023605,-0.004542591981589794,0.2978695034980774,0.4236677885055542,-0.5451635718345642,-1.559022307395935,8446.23046875,21.001869201660156,29.52141761779785,50.52328872680664,395.8570556640625,762.4326782226562
6.666966438293457,22.68000030517578,1000.0,167.0,0.30578529834747314,0.02265821397304535,7.0,0.9999225735664368,0.9999225735664368,0.9999225735664368,0.021466052159667015,9.839999984251335e-05,0.3296339511871338,3360000.0,-0.012283772230148315,0.00476754829287529,0.20214450359344482,0.5275044441223145,0.10383665561676025,-1.9902007579803467,8486.6875,20.336698532104492,20.09882354736328,40.43552017211914,494.6146240234375,534.2213745117188
6.9743266105651855,21.719999313354492,1000.0,168.0,0.30075883865356445,0.021142426878213882,9.0,0.9987949132919312,0.9987949132919312,0.9987949132919312,0.021329158917069435,9.719999798107892e-05,0.3281077742576599,3380000.0,-0.015773577615618706,-0.0034898053854703903,-0.02397806942462921,0.7671307325363159,0.23962628841400146,-3.230605363845825,8533.029296875,19.687915802001953,26.634973526000977,46.32289123535156,431.7519836425781,438.65252685546875
7.009878158569336,27.15999984741211,1000.0,169.0,0.2901219427585602,0.02081514149904251,10.0,1.0009289979934692,1.0009289979934692,1.0009289979934692,0.02085498347878456,9.600000339560211e-05,0.32467591762542725,3400000.0,-0.0158986896276474,-0.00012511201202869415,-0.25381287932395935,0.8117690086364746,0.04463827610015869,-2.4754984378814697,8582.54296875,19.473800659179688,30.01982307434082,49.49362564086914,404.09246826171875,396.47857666015625
7.59364128112793,27.040000915527344,1000.0,170.0,0.2803146243095398,0.02059684693813324,10.0,0.9996377825737,0.9996377825737,0.9996377825737,0.02153044380247593,9.480000153416768e-05,0.32146820425987244,3420000.0,-0.017186686396598816,-0.001287996768951416,-0.12408443540334702,0.915144145488739,0.1033751368522644,-3.296170711517334,8633.4375,20.931373596191406,29.940223693847656,50.87159729003906,393.1466979980469,472.7652282714844
8.307784080505371,25.31999969482422,1000.0,171.0,0.2733541429042816,0.020784443244338036,11.0,0.9982729554176331,0.9982729554176331,0.9982729554176331,0.02134302444756031,9.359999967273325e-05,0.31936267018318176,3440000.0,-0.01775490492582321,-0.0005682185292243958,-0.02211720496416092,0.6335081458091736,-0.28163599967956543,-1.9169628620147705,8685.3603515625,19.808269500732422,32.08863067626953,51.89690017700195,385.37945556640625,523.3120727539062
9.17705249786377,20.739999771118164,1000.0,172.0,0.2622441351413727,0.024828031659126282,9.0,0.99953293800354,0.99953293800354,0.99953293800354,0.02068953774869442,9.239999781129882e-05,0.31587979197502136,3460000.0,-0.01672346517443657,0.0010314397513866425,0.11389963328838348,0.5799179077148438,-0.053590238094329834,-1.8114570379257202,8731.373046875,19.928800582885742,26.064186096191406,45.99298858642578,434.8489074707031,641.7924194335938
8.818952560424805,22.079999923706055,1000.0,173.0,0.24880249798297882,0.020978383719921112,12.0,0.9988670945167542,0.9988670945167542,0.9988670945167542,0.021973591297864914,9.1200003225822e-05,0.3116419315338135,3480000.0,-0.01882064715027809,-0.002097181975841522,-0.1939096450805664,0.590894877910614,0.010976970195770264,-2.4694101810455322,8786.857421875,19.55843162536621,35.90587615966797,55.46430969238281,360.5922546386719,334.988525390625
7.763236045837402,21.440000534057617,1000.0,174.0,0.23860935866832733,0.020208297297358513,10.0,1.000798225402832,1.000798225402832,1.000798225402832,0.021435558795928955,9.000000136438757e-05,0.30864614248275757,3500000.0,-0.01596446894109249,0.0028561782091856003,-0.041797179728746414,0.531658947467804,-0.05923593044281006,-1.7817871570587158,8836.5009765625,20.226932525634766,29.39507484436035,49.622005462646484,403.0469665527344,580.4293823242188
6.0351786613464355,23.200000762939453,1000.0,175.0,0.2305053472518921,0.020410286262631416,6.0,0.9994047284126282,0.9994047284126282,0.9994047284126282,0.0200840812176466,8.879999950295314e-05,0.3062214255332947,3520000.0,-0.011851012706756592,0.004113456234335899,0.08263661712408066,0.550865113735199,0.01920616626739502,-2.0566747188568115,8873.7802734375,19.56897735595703,17.69060707092285,37.25958251953125,536.774658203125,563.3480224609375
7.337858200073242,20.239999771118164,1000.0,176.0,0.225951686501503,0.02006692625582218,8.0,0.999915361404419,0.999915361404419,0.999915361404419,0.02108631655573845,8.759999764151871e-05,0.3047705590724945,3540000.0,-0.013090320862829685,-0.0012393081560730934,-0.04189705848693848,0.5879798531532288,0.037114739418029785,-1.7344725131988525,8916.9130859375,19.63880157470703,23.474889755249023,43.11369323730469,463.8897399902344,739.8533935546875
7.305966854095459,19.459999084472656,1000.0,177.0,0.21531201899051666,0.021844986826181412,10.0,0.9998611807823181,0.9998611807823181,0.9998611807823181,0.021004531532526016,8.64000030560419e-05,0.3015223443508148,3560000.0,-0.017261715605854988,-0.004171394743025303,-0.08555657416582108,0.5965854525566101,0.008605599403381348,-1.99861741065979,8966.34765625,19.292896270751953,30.121978759765625,49.41487503051758,404.7364196777344,445.72406005859375
8.3340482711792,19.1200008392334,1000.0,178.0,0.20298603177070618,0.0226197000592947,9.0,0.9984255433082581,0.9984255433082581,0.9984255433082581,0.020665131509304047,8.520000119460747e-05,0.29793915152549744,3580000.0,-0.0134126553311944,0.0038490602746605873,-0.03695204108953476,0.516767680644989,-0.0798177719116211,-1.1316511631011963,9012.9892578125,20.59387969970703,26.026912689208984,46.620792388916016,428.9931335449219,664.492431640625
8.581607818603516,17.299999237060547,1000.0,179.0,0.19310736656188965,0.024744221940636635,12.0,1.0004090070724487,1.0004090070724487,1.0004090070724487,0.021178241819143295,8.399999933317304e-05,0.2950589656829834,3600000.0,-0.016711395233869553,-0.003298739902675152,-0.4281065762042999,0.42215970158576965,-0.09460797905921936,-0.98152756690979,9067.7822265625,19.464441299438477,35.30929183959961,54.77373123168945,365.1385192871094,670.380615234375
9.033814430236816,16.0,1000.0,180.0,0.18140022456645966,0.022417640313506126,10.0,0.999967634677887,0.999967634677887,0.999967634677887,0.02153213508427143,8.27999974717386e-05,0.2915123403072357,3620000.0,-0.017077632248401642,-0.00036623701453208923,-0.4605516195297241,0.5706092715263367,0.14844956994056702,-1.8303837776184082,9116.29296875,19.446449279785156,29.04262351989746,48.489070892333984,412.4640808105469,597.8467407226562
8.962039947509766,20.520000457763672,1000.0,181.0,0.17714837193489075,0.02355196699500084,2.0,1.0000486373901367,1.0000486373901367,1.0000486373901367,0.018740633502602577,8.160000288626179e-05,0.2902969419956207,3640000.0,-0.00021111327805556357,0.01686651897034608,-0.12438914179801941,1.2081252336502075,0.6375159621238708,-2.44303297996521,9142.416015625,20.164108276367188,5.937766075134277,26.10187530517578,766.2284545898438,493.8370056152344
8.907544136047363,27.059999465942383,1000.0,182.0,0.1801939308643341,0.020753350108861923,13.0,0.9977799654006958,0.9977799654006958,0.9977799654006958,0.021297654137015343,8.040000102482736e-05,0.2912706732749939,3660000.0,-0.0201268307864666,-0.019915717508411035,0.03140754997730255,0.5137502551078796,-0.6943749785423279,-2.0623180866241455,9201.142578125,19.682437896728516,39.02674865722656,58.70918655395508,340.66217041015625,279.1705322265625
8.454207420349121,28.260000228881836,1000.0,183.0,0.17304028570652008,0.022057758644223213,13.0,0.9980320334434509,0.9980320334434509,0.9980320334434509,0.022151904180645943,7.919999916339293e-05,0.28918346762657166,3680000.0,-0.018726971000432968,0.0013998597860336304,-0.10899382829666138,0.5144741535186768,0.0007238984107971191,-1.3404170274734497,9258.185546875,19.352895736694336,37.668800354003906,57.021697998046875,350.7436828613281,693.904541015625
8.531142234802246,28.34000015258789,1000.0,184.0,0.1569627821445465,0.021270571276545525,12.0,0.997847318649292,0.997847318649292,0.997847318649292,0.02165941521525383,7.79999973019585e-05,0.2845093607902527,3700000.0,-0.02011854760348797,-0.0013915766030550003,0.09628576040267944,0.6517386436462402,0.13726449012756348,-3.1869523525238037,9312.5732421875,19.422653198242188,34.94326400756836,54.36591720581055,367.8775329589844,374.9715576171875
9.209674835205078,22.5,1000.0,185.0,0.13608534634113312,0.022807806730270386,11.0,0.9989626407623291,0.9989626407623291,0.9989626407623291,0.021615486592054367,7.680000271648169e-05,0.27881988883018494,3720000.0,-0.018326902762055397,0.0017916448414325714,-0.14533087611198425,0.8138105273246765,0.16207188367843628,-2.8352653980255127,9366.1708984375,19.773374557495117,33.80131149291992,53.574684143066406,373.3106384277344,635.29296875
9.341819763183594,29.479999542236328,1000.0,186.0,0.11992425471544266,0.02038281038403511,13.0,1.000317931175232,1.000317931175232,1.000317931175232,0.021515849977731705,7.560000085504726e-05,0.27448928356170654,3740000.0,-0.019910961389541626,-0.001584058627486229,-0.09712351113557816,0.7516843676567078,-0.06212615966796875,-2.923171281814575,9423.0283203125,19.64335823059082,37.19277572631836,56.83613204956055,351.8888244628906,134.78436279296875
9.901922225952148,25.399999618530273,1000.0,187.0,0.10411517322063446,0.022905103862285614,11.0,0.9978629946708679,0.9978629946708679,0.9978629946708679,0.020868739113211632,7.439999899361283e-05,0.27013835310935974,3760000.0,-0.01630641706287861,0.0036045443266630173,-0.24986861646175385,0.4958798289299011,-0.25580453872680664,-1.0883394479751587,9474.2919921875,19.858158111572266,31.38397216796875,51.24216079711914,390.3035888671875,806.8234252929688
9.332871437072754,25.639999389648438,1000.0,188.0,0.09335178136825562,0.02017217129468918,10.0,1.001261830329895,1.001261830329895,1.001261830329895,0.02173960953950882,7.31999971321784e-05,0.26730620861053467,3780000.0,-0.01771664060652256,-0.0014102235436439514,-0.030133839696645737,0.6405636072158813,0.14468377828598022,-2.3394763469696045,9523.03125,19.530277252197266,29.18779754638672,48.718074798583984,410.5252685546875,525.63671875
9.139435768127441,22.18000030517578,1000.0,189.0,0.08865519613027573,0.020548202097415924,13.0,0.9989890456199646,0.9989890456199646,0.9989890456199646,0.021380608901381493,7.200000254670158e-05,0.2661147713661194,3800000.0,-0.019591456279158592,-0.001874815672636032,-0.2896786034107208,0.678634524345398,0.0380709171295166,-2.9397754669189453,9580.4521484375,19.782207489013672,37.618072509765625,57.4002799987793,348.43035888671875,545.5010986328125
8.74026870727539,22.780000686645508,1000.0,190.0,0.08405270427465439,0.02092929556965828,10.0,1.0000901222229004,1.0000901222229004,1.0000901222229004,0.021041102707386017,7.080000068526715e-05,0.265107125043869,3820000.0,-0.017750956118106842,0.0018405001610517502,0.1743636429309845,0.5239917039871216,-0.15464282035827637,-2.3084983825683594,9628.0947265625,19.238582611083984,28.382810592651367,47.62139129638672,419.97930908203125,530.3284912109375
9.279751777648926,24.420000076293945,1000.0,191.0,0.07125924527645111,0.021916335448622704,12.0,0.9982204437255859,0.9982204437255859,0.9982204437255859,0.02132316492497921,6.959999882383272e-05,0.26166585087776184,3840000.0,-0.01917560212314129,-0.0014246460050344467,-0.28216516971588135,0.8136407136917114,0.28964900970458984,-3.2586934566497803,9682.56640625,19.98410987854004,34.46645736694336,54.45056915283203,367.3056335449219,369.5074157714844
9.613874435424805,24.65999984741211,1000.0,192.0,0.05994660407304764,0.02167145349085331,13.0,1.0011112689971924,1.0011112689971924,1.0011112689971924,0.021657604724168777,6.839999696239829e-05,0.2587396204471588,3860000.0,-0.018433326855301857,0.0007422752678394318,-0.23843684792518616,0.6330857276916504,-0.18055498600006104,-2.203767776489258,9740.412109375,19.814083099365234,38.01036834716797,57.824501037597656,345.8741455078125,546.9064331054688
9.080913543701172,26.0,1000.0,193.0,0.0538967102766037,0.020850086584687233,14.0,0.9993897080421448,0.9993897080421448,0.9993897080421448,0.021883537992835045,6.720000237692147e-05,0.25718188285827637,3880000.0,-0.0226075891405344,-0.004174262285232544,-0.0590456984937191,0.7303358316421509,0.09725010395050049,-2.410299062728882,9800.2568359375,19.187442779541016,40.6356315612793,59.82307434082031,334.31915283203125,541.6251831054688
8.881767272949219,20.139999389648438,1000.0,194.0,0.04770258441567421,0.02036786451935768,14.0,0.9990565180778503,0.9990565180778503,0.9990565180778503,0.021255657076835632,6.600000051548705e-05,0.25565001368522644,3900000.0,-0.020473968237638474,0.0021336209028959274,0.233621746301651,0.5529180765151978,-0.17741775512695312,-1.3566697835922241,9859.8447265625,19.215909957885742,40.350257873535156,59.56616973876953,335.76104736328125,801.5946044921875
9.6862154006958,16.600000381469727,1000.0,195.0,0.04404269903898239,0.020237023010849953,13.0,0.9992204904556274,0.9992204904556274,0.9992204904556274,0.021549837663769722,6.479999865405262e-05,0.25480538606643677,3920000.0,-0.02171436883509159,-0.0012404005974531174,0.0051067485474050045,0.36863982677459717,-0.18427824974060059,-0.9090496897697449,9918.509765625,19.54354476928711,39.09858322143555,58.642127990722656,341.0517272949219,700.45068359375
10.452179908752441,17.780000686645508,1000.0,196.0,0.03789728879928589,0.021233275532722473,11.0,0.9989692568778992,0.9989692568778992,0.9989692568778992,0.020920010283589363,6.359999679261819e-05,0.2533411979675293,3940000.0,-0.018812894821166992,0.0029014740139245987,-0.028505288064479828,0.5531328916549683,0.1844930648803711,-2.1550710201263428,9970.21484375,19.785655975341797,31.89743423461914,51.68309020996094,386.9737548828125,470.8642272949219
10.258432388305664,24.399999618530273,1000.0,197.0,0.025855962187051773,0.02143377810716629,15.0,0.9985958933830261,0.9985958933830261,0.9985958933830261,0.020758947357535362,6.240000220714137e-05,0.2502640187740326,3960000.0,-0.0214212816208601,-0.0026083867996931076,0.08567202091217041,0.8455500602722168,0.29241716861724854,-3.656710147857666,10031.82421875,19.16738510131836,42.42171096801758,61.58909606933594,324.7328186035156,315.37030029296875
9.480755805969238,26.059999465942383,1000.0,198.0,0.018401063978672028,0.023306285962462425,14.0,0.9969925284385681,0.9969925284385681,0.9969925284385681,0.02150634117424488,6.120000034570694e-05,0.24829675257205963,3980000.0,-0.021398764103651047,2.251751720905304e-05,-0.08452845364809036,0.7128133177757263,-0.13273674249649048,-2.2842156887054443,10089.2724609375,19.467761993408203,37.960025787353516,57.42778778076172,348.2634582519531,549.6168212890625
8.409727096557617,28.399999618530273,1000.0,199.0,0.0032141772098839283,0.020145686343312263,14.0,0.9999161958694458,0.9999161958694458,0.9999161958694458,0.02066035196185112,5.999999848427251e-05,0.24456419050693512,4000000.0,-0.02122497372329235,0.00017379038035869598,0.2657192051410675,0.6717039346694946,-0.04110938310623169,-3.025728225708008,10146.103515625,19.420459747314453,37.38801193237305,56.80865478515625,352.0590515136719,375.13592529296875
7.685147285461426,30.6200008392334,1000.0,200.0,-0.01308701653033495,0.022919675335288048,15.0,0.9977789521217346,0.9977789521217346,0.9977789521217346,0.02108174003660679,5.880000026081689e-05,0.24068069458007812,4020000.0,-0.022944306954741478,-0.0017193332314491272,0.08495073765516281,0.9885081648826599,0.3168042302131653,-5.024893283843994,10208.2578125,19.297264099121094,42.835689544677734,62.133934020996094,321.88531494140625,265.4669189453125
8.200946807861328,28.780000686645508,1000.0,201.0,-0.03070349432528019,0.020056577399373055,13.0,0.9970970153808594,0.9970970153808594,0.9970970153808594,0.02051396481692791,5.759999839938246e-05,0.23666656017303467,4040000.0,-0.019746890291571617,0.003197416663169861,-0.198953315615654,0.7553129196166992,-0.2331952452659607,-2.5797858238220215,10264.10546875,18.86402130126953,36.96039581298828,55.82441711425781,358.26617431640625,550.0789794921875
9.046241760253906,26.940000534057617,1000.0,202.0,-0.04272038862109184,0.021406138315796852,16.0,0.9985066056251526,0.9985066056251526,0.9985066056251526,0.02192150428891182,5.6400000175926834e-05,0.23392194509506226,4060000.0,-0.022610453888773918,-0.002863563597202301,0.014299210160970688,0.5878556370735168,-0.16745728254318237,-2.5257225036621094,10327.8642578125,18.91144371032715,44.825138092041016,63.73657989501953,313.7915344238281,616.3113403320312
10.94420051574707,21.079999923706055,1000.0,203.0,-0.048915795981884,0.020484788343310356,16.0,0.999315619468689,0.999315619468689,0.999315619468689,0.020967353135347366,5.5199998314492404e-05,0.23240883648395538,4080000.0,-0.02248757891356945,0.00012287497520446777,-0.2615498900413513,0.4657110273838043,-0.12214460968971252,-1.8565704822540283,10391.4375,19.062725067138672,44.4892578125,63.55198287963867,314.7030029296875,565.5966796875
9.57821273803711,18.81999969482422,1000.0,204.0,-0.05604741349816322,0.02115597203373909,14.0,1.0001106262207031,1.0001106262207031,1.0001106262207031,0.020752647891640663,5.400000009103678e-05,0.2308548539876938,4100000.0,-0.017482895404100418,0.005004683509469032,0.10321228206157684,0.5593223571777344,0.09361132979393005,-2.0808844566345215,10449.576171875,19.22780418395996,38.89017868041992,58.117984771728516,344.1275634765625,689.69873046875
9.03243350982666,23.34000015258789,1000.0,205.0,-0.0655112937092781,0.022587528452277184,16.0,0.9976950883865356,0.9976950883865356,0.9976950883865356,0.021426409482955933,5.279999822960235e-05,0.22860074043273926,4120000.0,-0.023050328716635704,-0.005567433312535286,0.04085799306631088,0.8873574733734131,0.3280351161956787,-4.41314172744751,10512.9033203125,19.645158767700195,43.6592903137207,63.30446243286133,315.9335021972656,318.951904296875
7.901052951812744,23.239999771118164,1000.0,206.0,-0.07877825945615768,0.02140037715435028,9.0,0.9997007250785828,0.9997007250785828,0.9997007250785828,0.01995835453271866,5.160000000614673e-05,0.2255881279706955,4140000.0,-0.016824591904878616,0.006225736811757088,-0.22028619050979614,0.9596014618873596,0.07224398851394653,-3.0367233753204346,10557.9609375,19.313688278198242,25.722888946533203,45.03657913208008,444.0834655761719,485.2123718261719
8.329488754272461,26.059999465942383,1000.0,207.0,-0.0895918607711792,0.02207106538116932,14.0,0.9986135959625244,0.9986135959625244,0.9986135959625244,0.01963428594172001,5.0400001782691106e-05,0.22319716215133667,4160000.0,-0.02226562239229679,-0.005441030487418175,0.24282728135585785,0.5298837423324585,-0.4297177195549011,-2.0363779067993164,10615.767578125,18.85043716430664,38.936302185058594,57.786739349365234,346.10015869140625,470.44879150390625
8.859910011291504,29.420000076293945,1000.0,208.0,-0.09529825299978256,0.02053246647119522,6.0,1.0002554655075073,1.0002554655075073,1.0002554655075073,0.018039070069789886,4.9199999921256676e-05,0.22194086015224457,4180000.0,-0.012728177011013031,0.00953744538128376,-0.1558135449886322,0.9088732600212097,0.3789895176887512,-2.7137203216552734,10650.8701171875,18.721088409423828,16.361730575561523,35.08281707763672,570.0796508789062,227.99208068847656
9.000858306884766,27.100000381469727,1000.0,209.0,-0.10139213502407074,0.020090647041797638,17.0,0.9977191090583801,0.9977191090583801,0.9977191090583801,0.02102496661245823,4.8000001697801054e-05,0.22057978808879852,4200000.0,-0.023636894300580025,-0.010908717289566994,0.03259608522057533,0.5280847549438477,-0.38078850507736206,-2.3077266216278076,10716.7138671875,19.735960006713867,46.088157653808594,65.8241195678711,303.8399963378906,572.3472900390625
9.278292655944824,29.780000686645508,1000.0,210.0,-0.11889894306659698,0.022426972165703773,15.0,0.9981454610824585,0.9981454610824585,0.9981454610824585,0.02069469913840294,4.6799999836366624e-05,0.21676138043403625,4220000.0,-0.021811095997691154,0.0018257983028888702,0.03586036339402199,0.7566019296646118,0.22851717472076416,-2.9713077545166016,10777.2412109375,19.31100082397461,41.190975189208984,60.501976013183594,330.5677185058594,347.65277099609375
10.021648406982422,26.260000228881836,1000.0,211.0,-0.13052354753017426,0.02052583545446396,14.0,0.9987749457359314,0.9987749457359314,0.9987749457359314,0.020311443135142326,4.5600001612911e-05,0.214259073138237,4240000.0,-0.021315889433026314,0.0004952065646648407,0.08347339928150177,0.7087725400924683,-0.047829389572143555,-3.1190011501312256,10834.552734375,19.416969299316406,37.869384765625,57.287376403808594,349.1170349121094,458.4266357421875
9.150367736816406,28.860000610351562,1000.0,212.0,-0.14482691884040833,0.020026562735438347,15.0,0.9995195269584656,0.9995195269584656,0.9995195269584656,0.019864272326231003,4.439999975147657e-05,0.2113393247127533,4260000.0,-0.02093622460961342,0.0003796648234128952,0.12286055088043213,0.8334945440292358,0.12472200393676758,-4.300048828125,10894.38671875,19.43938636779785,40.37320327758789,59.812591552734375,334.3777770996094,231.12660217285156
9.021383285522461,26.760000228881836,1000.0,213.0,-0.15649621188640594,0.02083710767328739,17.0,0.9988807439804077,0.9988807439804077,0.9988807439804077,0.021509429439902306,4.320000152802095e-05,0.20905618369579315,4280000.0,-0.024735257029533386,-0.0037990324199199677,-0.18867620825767517,0.5201100707054138,-0.313384473323822,-2.1827592849731445,10961.67578125,19.057373046875,48.212528228759766,67.2698974609375,297.3097839355469,545.91650390625
8.938859939575195,26.219999313354492,1000.0,214.0,-0.1652538776397705,0.020238159224390984,17.0,0.9998663067817688,0.9998663067817688,0.9998663067817688,0.020645108073949814,4.199999966658652e-05,0.20727726817131042,4300000.0,-0.02330881357192993,0.0014264434576034546,0.16424453258514404,0.6144165992736816,0.09430652856826782,-2.6806304454803467,11026.7998046875,18.900005340576172,46.20058822631836,65.10059356689453,307.21685791015625,312.38409423828125
10.600872039794922,22.18000030517578,1000.0,215.0,-0.17343366146087646,0.023281054571270943,20.0,0.9995567798614502,0.9995567798614502,0.9995567798614502,0.020726509392261505,4.0800001443130895e-05,0.20563001930713654,4320000.0,-0.023837709799408913,-0.000528896227478981,-0.5887242555618286,0.3667229413986206,-0.24769365787506104,-1.6731820106506348,11100.1884765625,19.3837833404541,53.98353576660156,73.36731719970703,272.6009216308594,744.5830688476562
10.194985389709473,24.920000076293945,1000.0,216.0,-0.18100444972515106,0.020188739523291588,20.0,1.0014278888702393,1.0014278888702393,1.0014278888702393,0.020930621773004532,3.9599999581696466e-05,0.20408916473388672,4340000.0,-0.024119390174746513,-0.0002816803753376007,0.030902251601219177,0.5093840956687927,0.14266115427017212,-2.8970112800598145,11174.9658203125,19.12755584716797,55.62677001953125,74.75432586669922,267.5430603027344,399.987548828125
10.437582969665527,28.420000076293945,1000.0,217.0,-0.1903766393661499,0.02014307491481304,16.0,1.0000847578048706,1.0000847578048706,1.0000847578048706,0.02069474756717682,3.840000135824084e-05,0.20220305025577545,4360000.0,-0.023020045831799507,0.0010993443429470062,0.04492306709289551,0.8101176619529724,0.3007335662841797,-2.942981481552124,11237.2451171875,18.931751251220703,43.32539367675781,62.257144927978516,321.248291015625,437.5966796875
9.137768745422363,34.13999938964844,1000.0,218.0,-0.1993294507265091,0.020660288631916046,19.0,0.9991174340248108,0.9991174340248108,0.9991174340248108,0.02072003111243248,3.719999949680641e-05,0.20039671659469604,4380000.0,-0.02454310655593872,-0.0015230607241392136,0.09703081846237183,0.6555570363998413,-0.1545606255531311,-3.4755570888519287,11309.5205078125,18.923255920410156,53.3280143737793,72.25127410888672,276.8117370605469,241.3157958984375
8.39883041381836,35.119998931884766,1000.0,219.0,-0.20534205436706543,0.020515741780400276,19.0,0.9987555146217346,0.9987555146217346,0.9987555146217346,0.020163854584097862,3.600000127335079e-05,0.1991887241601944,4400000.0,-0.02561730518937111,-0.0010741986334323883,0.34340915083885193,0.542913019657135,-0.1126440167427063,-2.4533298015594482,11381.169921875,18.87751579284668,52.74959182739258,71.62810516357422,279.2200012207031,269.33404541015625
8.107284545898438,30.100000381469727,1000.0,220.0,-0.21771544218063354,0.02041141875088215,20.0,0.9992101788520813,0.9992101788520813,0.9992101788520813,0.0205027274787426,3.479999941191636e-05,0.19676567614078522,4420000.0,-0.02510465867817402,0.0005126465111970901,-0.06864921748638153,0.4629449248313904,-0.07996809482574463,-2.237436056137085,11455.5458984375,19.167362213134766,55.183876037597656,74.35221099853516,268.989990234375,532.7095947265625
8.686923027038574,33.29999923706055,1000.0,221.0,-0.23570434749126434,0.021294331178069115,17.0,0.9975913763046265,0.9975913763046265,0.9975913763046265,0.01984010636806488,3.360000118846074e-05,0.1932256668806076,4440000.0,-0.022324534133076668,0.002780124545097351,-0.18748314678668976,1.0149571895599365,0.5520122647285461,-4.497598648071289,11522.537109375,18.875146865844727,48.09339141845703,66.96853637695312,298.647705078125,211.03662109375
9.193038940429688,36.060001373291016,1000.0,222.0,-0.2499079555273056,0.020412668585777283,21.0,0.9977080821990967,0.9977080821990967,0.9977080821990967,0.019839879125356674,3.239999932702631e-05,0.19046296179294586,4460000.0,-0.02678137831389904,-0.0044568441808223724,-0.03827282786369324,0.7885277271270752,-0.22642946243286133,-4.453656196594238,11598.849609375,18.86381721496582,57.4254150390625,76.28923034667969,262.1601867675781,-33.10284423828125
9.634093284606934,34.36000061035156,1000.0,223.0,-0.2680479884147644,0.020542241632938385,20.0,1.0000842809677124,1.0000842809677124,1.0000842809677124,0.01971372403204441,3.1200001103570685e-05,0.18703211843967438,4480000.0,-0.025248996913433075,0.0015323814004659653,0.04032159596681595,0.6531060338020325,-0.13542169332504272,-2.14697527885437,11673.435546875,18.831192016601562,55.7307014465332,74.5618896484375,268.2335510253906,608.1254272460938
8.650102615356445,29.799999237060547,1000.0,224.0,-0.2832442820072174,0.02065919153392315,21.0,0.9991291761398315,0.9991291761398315,0.9991291761398315,0.019933197647333145,2.9999999242136255e-05,0.1842910498380661,4500000.0,-0.025305336341261864,-5.633942782878876e-05,-0.11110389232635498,0.5899680256843567,-0.06313800811767578,-3.2101824283599854,11749.6103515625,18.859140396118164,57.29130172729492,76.15044403076172,262.63800048828125,390.1261901855469
9.453393936157227,23.139999389648438,1000.0,225.0,-0.29555845260620117,0.02077011950314045,25.0,0.9981818199157715,0.9981818199157715,0.9981818199157715,0.02037556655704975,2.879999919969123e-05,0.18206429481506348,4520000.0,-0.02757510170340538,-0.0022697653621435165,-0.3352547585964203,0.5734968185424805,-0.01647120714187622,-2.145822763442993,11836.5908203125,19.134382247924805,67.82030487060547,86.9546890258789,230.00485229492188,616.5767822265625
8.652063369750977,21.639999389648438,1000.0,226.0,-0.314428448677063,0.020478982478380203,24.0,0.998464822769165,0.998464822769165,0.998464822769165,0.019472656771540642,2.7599999157246202e-05,0.17860092222690582,4540000.0,-0.02463945932686329,0.0029356423765420914,0.18622459471225739,0.33340784907341003,-0.24008896946907043,-1.242550015449524,11920.4921875,19.195415496826172,64.67992401123047,83.87533569335938,238.44911193847656,645.6680908203125
8.781136512756348,21.68000030517578,1000.0,227.0,-0.3258226811885834,0.020816227421164513,26.0,1.0001574754714966,1.0001574754714966,1.0001574754714966,0.0202830471098423,2.6399999114801176e-05,0.1764332354068756,4560000.0,-0.02607237547636032,-0.0014329161494970322,0.0585273876786232,0.4260775148868561,0.09266966581344604,-2.1142170429229736,12010.2822265625,19.290504455566406,70.47518157958984,89.76568603515625,222.80227661132812,551.0819091796875
9.7033109664917,24.420000076293945,1000.0,228.0,-0.333497017621994,0.02037185989320278,27.0,0.9991536736488342,0.9991536736488342,0.9991536736488342,0.01994118094444275,2.5200000891345553e-05,0.17517562210559845,4580000.0,-0.028144245967268944,-0.0020718704909086227,-0.0032121799886226654,0.5585091710090637,0.13243165612220764,-2.722278118133545,12103.619140625,19.623870849609375,73.68721771240234,93.31108856201172,214.33680725097656,310.9505615234375
9.322619438171387,23.799999237060547,1000.0,229.0,-0.34447184205055237,0.020416120067238808,31.0,1.0014880895614624,1.0014880895614624,1.0014880895614624,0.02021440677344799,2.4000000848900527e-05,0.17342668771743774,4600000.0,-0.028428364545106888,-0.00028411857783794403,-0.05921021103858948,0.48331591486930847,-0.07519325613975525,-2.612689256668091,12207.54296875,19.002199172973633,84.89323425292969,103.89543151855469,192.50125122070312,530.8495483398438
10.017210960388184,21.059999465942383,1000.0,230.0,-0.35868772864341736,0.02054847776889801,31.0,1.0007675886154175,1.0007675886154175,1.0007675886154175,0.01931518130004406,2.28000008064555e-05,0.17109261453151703,4620000.0,-0.026775559410452843,0.001652805134654045,0.21468931436538696,0.3253231346607208,-0.15799278020858765,-1.2616862058639526,12310.5693359375,18.81321907043457,84.18728637695312,103.0005111694336,194.17379760742188,777.2345581054688
9.190957069396973,19.18000030517578,1000.0,231.0,-0.367183655500412,0.020465679466724396,34.0,1.0013601779937744,1.0013601779937744,1.0013601779937744,0.02116929553449154,2.1600000764010474e-05,0.1696193516254425,4640000.0,-0.03145241364836693,-0.004676854237914085,-0.19215933978557587,0.40164151787757874,0.07631838321685791,-2.00570011138916,12422.478515625,18.761316299438477,93.12139129638672,111.88278198242188,178.75851440429688,465.61444091796875
9.228363037109375,22.440000534057617,1000.0,232.0,-0.3714521527290344,0.02125759795308113,32.0,0.9993404150009155,0.9993404150009155,0.9993404150009155,0.019768863916397095,2.0400000721565448e-05,0.1689292937517166,4660000.0,-0.027062052860856056,0.004390360787510872,0.2190958559513092,0.5893186330795288,0.18767711520195007,-2.784389019012451,12527.154296875,18.895095825195312,85.74747467041016,104.64257049560547,191.12680053710938,526.5145874023438
8.505138397216797,21.739999771118164,1000.0,233.0,-0.38115760684013367,0.020564651116728783,40.0,1.0005656480789185,1.0005656480789185,1.0005656480789185,0.02052699774503708,1.920000067912042e-05,0.1672631800174713,4680000.0,-0.030888987705111504,-0.0038269348442554474,0.026749983429908752,0.3522762656211853,-0.2370423674583435,-1.6150548458099365,12656.068359375,19.256366729736328,109.62975311279297,128.88612365722656,155.17575073242188,573.3001708984375
8.64551067352295,21.31999969482422,1000.0,234.0,-0.3937923312187195,0.020092690363526344,38.0,1.0002549886703491,1.0002549886703491,1.0002549886703491,0.019925342872738838,1.8000000636675395e-05,0.16513951122760773,4700000.0,-0.027541065588593483,0.0033479221165180206,-0.14225660264492035,0.38215509057044983,0.029878824949264526,-2.491623878479004,12778.8603515625,19.253673553466797,103.50596618652344,122.7606430053711,162.9186553955078,493.2310791015625
8.793723106384277,23.540000915527344,1000.0,235.0,-0.4027312695980072,0.019215187057852745,40.0,1.0019563436508179,1.0019563436508179,1.0019563436508179,0.020396925508975983,1.680000059423037e-05,0.16369199752807617,4720000.0,-0.02944004349410534,-0.001898977905511856,0.061357103288173676,0.4032922685146332,0.02113717794418335,-1.617786169052124,12905.4658203125,19.04397964477539,107.53341674804688,126.577392578125,158.006103515625,284.2191162109375
9.703163146972656,23.719999313354492,1000.0,236.0,-0.4117291271686554,0.020027436316013336,39.0,1.0017715692520142,1.0017715692520142,1.0017715692520142,0.02022107131779194,1.5600000551785342e-05,0.16219277679920197,4740000.0,-0.02581668831408024,0.0036233551800251007,-0.20450979471206665,0.33674466609954834,-0.06654760241508484,-0.354979932308197,13031.193359375,19.05002212524414,106.64618682861328,125.69621276855469,159.11378479003906,785.7362060546875
9.465200424194336,28.020000457763672,1000.0,237.0,-0.4264202415943146,0.021549971774220467,39.0,0.99751216173172,0.99751216173172,0.99751216173172,0.019992457702755928,1.4399999599845614e-05,0.15987534821033478,4760000.0,-0.030131932348012924,-0.004315244033932686,-0.02529740333557129,0.5821504592895508,0.24540579319000244,-3.0812079906463623,13157.2890625,18.895553588867188,107.16934204101562,126.06489562988281,158.64845275878906,268.9848327636719
10.374637603759766,23.739999771118164,1000.0,238.0,-0.43730428814888,0.01841110922396183,40.0,1.0001775026321411,1.0001775026321411,1.0001775026321411,0.0190302561968565,1.3199999557400588e-05,0.15811604261398315,4780000.0,-0.026400888338685036,0.0037310440093278885,0.13186189532279968,0.3552926182746887,-0.22685784101486206,-1.0833520889282227,13285.59375,18.869525909423828,109.4071044921875,128.27662658691406,155.9130401611328,736.8817749023438
9.975890159606934,27.18000030517578,1000.0,239.0,-0.4476487636566162,0.01744290627539158,40.0,1.0017261505126953,1.0017261505126953,1.0017261505126953,0.018669892102479935,1.2000000424450263e-05,0.15645147860050201,4800000.0,-0.02824496105313301,-0.0018440727144479752,0.16286839544773102,0.3913908302783966,0.036098212003707886,-2.2541112899780273,13411.916015625,18.856830596923828,107.43675994873047,126.29358673095703,158.3611602783203,383.3787536621094
9.537130355834961,24.479999542236328,1000.0,240.0,-0.45704153180122375,0.016573689877986908,40.0,0.9984818696975708,0.9984818696975708,0.9984818696975708,0.018565556034445763,1.0800000382005237e-05,0.1550041288137436,4820000.0,-0.025779351592063904,0.002465609461069107,0.15571585297584534,0.576084554195404,0.18469372391700745,-2.817830801010132,13533.9541015625,18.394248962402344,103.61199188232422,122.00624084472656,163.92604064941406,595.9671020507812
8.638053894042969,27.399999618530273,1000.0,241.0,-0.46449652314186096,0.014430929906666279,40.0,0.9999112486839294,0.9999112486839294,0.9999112486839294,0.01713414490222931,9.60000033956021e-06,0.15388202667236328,4840000.0,-0.02763322740793228,-0.0018538758158683777,-0.32128584384918213,0.3885856866836548,-0.18749886751174927,-1.103278398513794,13655.2314453125,18.518814086914062,102.72776794433594,121.2475814819336,164.9517364501953,418.8338317871094
8.692815780639648,29.65999984741211,1000.0,242.0,-0.46883198618888855,0.01330454833805561,40.0,0.9991456866264343,0.9991456866264343,0.9991456866264343,0.016299353912472725,8.400000297115184e-06,0.15324799716472626,4860000.0,-0.026205312460660934,0.001427914947271347,-0.2199763059616089,0.5206968784332275,0.13211119174957275,-3.1572768688201904,13777.7861328125,18.49712371826172,104.02979278564453,122.52691650390625,163.22943115234375,298.5664978027344
9.32583999633789,30.959999084472656,1000.0,243.0,-0.47537627816200256,0.0124109648168087,40.0,0.9996126294136047,0.9996126294136047,0.9996126294136047,0.015673115849494934,7.199999799922807e-06,0.15222607553005219,4880000.0,-0.024585694074630737,0.0016196183860301971,-0.24846342206001282,0.5737646818161011,0.053067803382873535,-3.888232469558716,13898.7578125,18.396211624145508,102.54694366455078,120.94315338134766,165.366943359375,286.6310119628906
8.780074119567871,28.639999389648438,1000.0,244.0,-0.48128029704093933,0.011199039407074451,40.0,1.0009663105010986,1.0009663105010986,1.0009663105010986,0.015124569647014141,6.000000212225132e-06,0.15132667124271393,4900000.0,-0.021824568510055542,0.0027611255645751953,0.4024295210838318,0.3888828158378601,-0.18488186597824097,-2.151674509048462,14018.94140625,18.418275833129883,101.73609924316406,120.15437316894531,166.45252990722656,540.0405883789062
7.907799243927002,24.600000381469727,1000.0,245.0,-0.48650550842285156,0.009883083403110504,40.0,1.0000910758972168,1.0000910758972168,1.0000910758972168,0.014441889710724354,4.800000169780105e-06,0.15053609013557434,4920000.0,-0.02006903663277626,0.0017555318772792816,-0.059320058673620224,0.41841113567352295,0.029528319835662842,-2.3271613121032715,14140.958984375,18.396615982055664,103.59197998046875,121.98860168457031,163.9497528076172,562.9411010742188
7.808144569396973,21.559999465942383,1000.0,246.0,-0.48879125714302063,0.010543672367930412,40.0,0.999225914478302,0.999225914478302,0.999225914478302,0.014663338661193848,3.5999998999614036e-06,0.1501714289188385,4940000.0,-0.019838497042655945,0.00023053959012031555,0.11799556016921997,0.35998108983039856,-0.05843004584312439,-1.5447735786437988,14263.7744140625,18.43877410888672,104.34461212158203,122.78338623046875,162.88848876953125,638.8575439453125
8.0850191116333,23.899999618530273,1000.0,247.0,-0.48933401703834534,0.007559589575976133,40.0,1.0005111694335938,1.0005111694335938,1.0005111694335938,0.012799916788935661,2.4000000848900527e-06,0.15006907284259796,4960000.0,-0.016684137284755707,0.003154359757900238,0.12594503164291382,0.34998050332069397,-0.01000058650970459,-1.1533031463623047,14384.6845703125,18.417495727539062,102.46441650390625,120.88191223144531,165.4507293701172,558.575439453125
8.79675579071045,22.139999389648438,1000.0,248.0,-0.4905817210674286,0.0060923038981854916,40.0,1.0002858638763428,1.0002858638763428,1.0002858638763428,0.011241874657571316,1.2000000424450263e-06,0.14985217154026031,4980000.0,-0.013508613221347332,0.003175524063408375,-0.12941230833530426,0.3498375117778778,-0.0001429915428161621,-1.3778795003890991,14502.1201171875,18.475893020629883,98.93171691894531,117.40760803222656,170.34671020507812,630.0560913085938
9.015870094299316,20.8799991607666,1000.0,249.0,-0.49119484424591064,0.0038211846258491278,40.0,0.999931812286377,0.999931812286377,0.999931812286377,0.00914082583039999,0.0,0.14974957704544067,5000000.0,-0.009000935591757298,0.0045076776295900345,-0.07416991144418716,0.33330237865448,-0.016535133123397827,-1.3738244771957397,14618.1357421875,17.88697052001953,98.1019058227539,115.98887634277344,172.43032836914062,641.8799438476562
