Metrics/EpRet,Metrics/EpCost,Metrics/EpLen,Train/Epoch,Train/Entropy,Train/KL,Train/StopIter,Train/PolicyRatio,Train/PolicyRatio/Min,Train/PolicyRatio/Max,Train/PolicyRatio/Std,Train/LR,Train/PolicyStd,TotalEnvSteps,Loss/Loss_pi,Loss/Loss_pi/Delta,Value/Adv,Loss/Loss_reward_critic,Loss/Loss_reward_critic/Delta,Value/reward,Time/Total,Time/Rollout,Time/Update,Time/Epoch,Time/FPS
-1.254857063293457,64.875,1000.0,0.0,1.4059923887252808,0.01627865806221962,40.0,1.0023255348205566,1.0023255348205566,1.0023255348205566,0.01802598498761654,0.00029880000511184335,0.9871492981910706,20000.0,-0.01691925898194313,-0.01691925898194313,-0.4136303663253784,0.004450698383152485,0.004450698383152485,-0.01255660131573677,147.23446655273438,33.403255462646484,113.83120727539062,147.23446655273438,135.8377685546875
-0.9826129674911499,57.53125,1000.0,1.0,1.3973101377487183,0.020889176055788994,21.0,0.9997458457946777,0.9997458457946777,0.9997458457946777,0.02155662700533867,0.0002975999959744513,0.9786153435707092,40000.0,-0.01903379149734974,-0.0021145325154066086,0.056720029562711716,0.004145042505115271,-0.0003056558780372143,-0.011236617341637611,238.7062225341797,30.480751037597656,60.95270919799805,91.43345642089844,218.73831176757812
-0.636497437953949,59.08333206176758,1000.0,2.0,1.3711373805999756,0.020469363778829575,14.0,0.9988493919372559,0.9988493919372559,0.9988493919372559,0.02234550751745701,0.00029639998683705926,0.9533424973487854,60000.0,-0.019108258187770844,-7.446669042110443e-05,0.11843173950910568,0.0035741538740694523,-0.0005708886310458183,-0.025754502043128014,303.15362548828125,22.848947525024414,41.57442092895508,64.42337036132812,310.44635009765625
0.13501162827014923,64.54000091552734,1000.0,3.0,1.3428220748901367,0.02008938416838646,9.0,0.9976254105567932,0.9976254105567932,0.9976254105567932,0.02171388454735279,0.00029520000680349767,0.9267497658729553,80000.0,-0.015437856316566467,0.0036704018712043762,0.012789875268936157,0.004869218450039625,0.0012950645759701729,-0.0012941461754962802,357.4260559082031,27.26692008972168,26.97797966003418,54.24489974975586,368.6982421875
1.059095025062561,56.560001373291016,1000.0,4.0,1.3125025033950806,0.02054193802177906,8.0,0.9986544251441956,0.9986544251441956,0.9986544251441956,0.02137688174843788,0.00029399999766610563,0.8990598320960999,100000.0,-0.013237197883427143,0.002200658433139324,0.06477732956409454,0.006888879928737879,0.0020196614786982536,0.057859767228364944,403.45574951171875,21.5075740814209,24.502866744995117,46.010440826416016,434.6839294433594
2.253742218017578,55.720001220703125,1000.0,5.0,1.279934287071228,0.021264322102069855,13.0,0.9972814321517944,0.9972814321517944,0.9972814321517944,0.020094506442546844,0.0002927999885287136,0.8702554106712341,120000.0,-0.016557633876800537,-0.003320435993373394,-0.01982191763818264,0.009060323238372803,0.002171443309634924,0.10472996532917023,467.21563720703125,22.31571388244629,41.425628662109375,63.74134063720703,313.7680969238281
3.6274285316467285,45.7400016784668,1000.0,6.0,1.2443526983261108,0.023983685299754143,16.0,1.0001925230026245,1.0001925230026245,1.0001925230026245,0.02111813612282276,0.000291600008495152,0.8398346900939941,140000.0,-0.020663470029830933,-0.0041058361530303955,-0.15515339374542236,0.010645967908203602,0.001585644669830799,0.19436848163604736,537.90234375,22.34788703918457,48.31679916381836,70.66468811035156,283.02679443359375
5.390285015106201,53.86000061035156,1000.0,7.0,1.2080762386322021,0.02422068826854229,10.0,0.9992466568946838,0.9992466568946838,0.9992466568946838,0.0208450760692358,0.00029039999935775995,0.8099545240402222,160000.0,-0.01800067350268364,0.002662796527147293,-0.43427062034606934,0.011870132759213448,0.0012241648510098457,0.2982182502746582,593.587890625,24.40671157836914,31.255277633666992,55.6619873046875,359.3116149902344
7.272069931030273,60.20000076293945,1000.0,8.0,1.1665186882019043,0.021192632615566254,13.0,0.9999579787254333,0.9999579787254333,0.9999579787254333,0.02098717913031578,0.0002891999902203679,0.7770215272903442,180000.0,-0.020981796085834503,-0.0029811225831508636,0.11070331931114197,0.010878984816372395,-0.000991147942841053,0.3479664921760559,656.6349487304688,22.466394424438477,40.55900955200195,63.026405334472656,317.3273010253906
8.720953941345215,62.36000061035156,1000.0,9.0,1.1321125030517578,0.020364316180348396,10.0,0.9983832240104675,0.9983832240104675,0.9983832240104675,0.020999619737267494,0.0002880000101868063,0.7507986426353455,200000.0,-0.01741711236536503,0.003564683720469475,0.18603181838989258,0.01337086409330368,0.002491879276931286,0.46274012327194214,709.458251953125,22.990999221801758,29.809778213500977,52.800777435302734,378.78228759765625
9.958539962768555,73.94000244140625,1000.0,10.0,1.1014074087142944,0.02048538252711296,7.0,0.9985604286193848,0.9985604286193848,0.9985604286193848,0.020409204065799713,0.0002868000010494143,0.7280893325805664,220000.0,-0.015349469147622585,0.002067643217742443,0.004927361384034157,0.013642357662320137,0.0002714935690164566,0.5073829293251038,757.1488037109375,26.084321975708008,21.585063934326172,47.66938781738281,419.5564880371094
11.273407936096191,69.69999694824219,1000.0,11.0,1.0645599365234375,0.021764172241091728,11.0,1.0000877380371094,1.0000877380371094,1.0000877380371094,0.020701419562101364,0.00028559999191202223,0.7017297744750977,240000.0,-0.018625328317284584,-0.0032758591696619987,-0.3160746991634369,0.013310163281857967,-0.00033219438046216965,0.572913646697998,815.17431640625,23.568758010864258,34.438270568847656,58.00702667236328,344.78582763671875
12.872950553894043,76.05999755859375,1000.0,12.0,1.0292963981628418,0.02128954418003559,6.0,0.9965779185295105,0.9965779185295105,0.9965779185295105,0.020447151735424995,0.00028440001187846065,0.6774577498435974,260000.0,-0.014359354972839355,0.004265973344445229,0.13934049010276794,0.0158152524381876,0.002505089156329632,0.7476584911346436,859.2906494140625,25.712764739990234,18.381471633911133,44.09423828125,453.5740051269531
14.290738105773926,69.77999877929688,1000.0,13.0,0.9942879676818848,0.020877575501799583,9.0,0.9976305961608887,0.9976305961608887,0.9976305961608887,0.01997748389840126,0.0002832000027410686,0.654149055480957,280000.0,-0.018735509365797043,-0.004376154392957687,0.08901026844978333,0.015615638345479965,-0.00019961409270763397,0.8565905094146729,911.9993286132812,23.765668869018555,28.924293518066406,52.689964294433594,379.5789489746094
15.477812767028809,88.0199966430664,1000.0,14.0,0.9629042148590088,0.02101830765604973,11.0,0.9979398250579834,0.9979398250579834,0.9979398250579834,0.02123236283659935,0.00028199999360367656,0.6338891983032227,300000.0,-0.020425500348210335,-0.001689990982413292,0.1378784030675888,0.016494296491146088,0.0008786581456661224,0.9162733554840088,971.2202758789062,25.67814826965332,33.51361846923828,59.191768646240234,337.88482666015625
16.72565460205078,88.0199966430664,1000.0,15.0,0.9269846081733704,0.027243804186582565,10.0,0.9991590976715088,0.9991590976715088,0.9991590976715088,0.02108333818614483,0.00028080001357011497,0.6114798784255981,320000.0,-0.019303111359477043,0.0011223889887332916,-0.2932872474193573,0.01768738403916359,0.0011930875480175018,1.0537835359573364,1029.9964599609375,27.517810821533203,31.231246948242188,58.74905776977539,340.4309997558594
17.606821060180664,82.58000183105469,1000.0,16.0,0.8999353051185608,0.020396417006850243,8.0,0.9982600212097168,0.9982600212097168,0.9982600212097168,0.020285557955503464,0.0002796000044327229,0.5951483249664307,340000.0,-0.016207372769713402,0.0030957385897636414,-0.1618715226650238,0.01833442598581314,0.0006470419466495514,1.1981955766677856,1079.1304931640625,22.556821823120117,26.552104949951172,49.108924865722656,407.2579345703125
18.910226821899414,80.68000030517578,1000.0,17.0,0.8610870838165283,0.022072263062000275,10.0,0.9977582693099976,0.9977582693099976,0.9977582693099976,0.02128935046494007,0.0002783999952953309,0.5725066661834717,360000.0,-0.020304232835769653,-0.0040968600660562515,0.16015052795410156,0.021334245800971985,0.002999819815158844,1.3403881788253784,1135.9744873046875,25.9086971282959,30.915607452392578,56.82430648803711,351.9620666503906
20.013961791992188,77.44000244140625,1000.0,18.0,0.8337836265563965,0.020039504393935204,9.0,0.99791020154953,0.99791020154953,0.99791020154953,0.020339705049991608,0.00027719998615793884,0.5570531487464905,380000.0,-0.01766992174088955,0.002634311094880104,0.040198177099227905,0.02201719954609871,0.0006829537451267242,1.430516242980957,1191.797119140625,27.130067825317383,28.67193031311035,55.801998138427734,358.41009521484375
20.837724685668945,82.08000183105469,1000.0,19.0,0.8100242018699646,0.021880323067307472,11.0,0.9961127638816833,0.9961127638816833,0.9961127638816833,0.02163945697247982,0.00027600000612437725,0.5439937710762024,400000.0,-0.021616710349917412,-0.0039467886090278625,-0.10520286858081818,0.01909489929676056,-0.00292230024933815,1.5012927055358887,1252.1002197265625,22.34598159790039,37.93754196166992,60.28352737426758,331.7655944824219
20.994186401367188,78.83999633789062,1000.0,20.0,0.7749093770980835,0.021523775532841682,7.0,1.0008567571640015,1.0008567571640015,1.0008567571640015,0.020936036482453346,0.0002747999969869852,0.5252574682235718,420000.0,-0.015834728255867958,0.005781982094049454,-0.10845910757780075,0.02074653096497059,0.0016516316682100296,1.6004236936569214,1296.98876953125,22.303449630737305,22.565574645996094,44.86902618408203,445.7418212890625
21.506790161132812,70.81999969482422,1000.0,21.0,0.7491053342819214,0.020304102450609207,8.0,0.9994397759437561,0.9994397759437561,0.9994397759437561,0.02158290520310402,0.00027359998784959316,0.5118613243103027,440000.0,-0.01611984521150589,-0.0002851169556379318,0.19210730493068695,0.02359386347234249,0.0028473325073719025,1.7059582471847534,1348.8282470703125,27.267337799072266,24.551116943359375,51.81845474243164,385.962890625
22.2210750579834,71.68000030517578,1000.0,22.0,0.7281979322433472,0.021251901984214783,8.0,0.9967111349105835,0.9967111349105835,0.9967111349105835,0.02081088349223137,0.0002724000078160316,0.5012589693069458,460000.0,-0.016243314370512962,-0.00012346915900707245,-0.23781141638755798,0.0258304663002491,0.0022366028279066086,1.752419114112854,1400.7027587890625,24.8948974609375,26.95989990234375,51.85479736328125,385.6923828125
22.894392013549805,68.77999877929688,1000.0,23.0,0.7027541399002075,0.021248796954751015,7.0,0.9986183047294617,0.9986183047294617,0.9986183047294617,0.020571446046233177,0.00027119999867863953,0.4886406660079956,480000.0,-0.015634039416909218,0.0006092749536037445,0.023798299953341484,0.02505807764828205,-0.0007723886519670486,1.8575485944747925,1446.92822265625,22.655546188354492,23.550626754760742,46.20674514770508,432.83721923828125
23.34442710876465,67.19999694824219,1000.0,24.0,0.672651469707489,0.022388247773051262,7.0,1.000032663345337,1.000032663345337,1.000032663345337,0.02121332660317421,0.0002699999895412475,0.474151611328125,500000.0,-0.015429365448653698,0.00020467396825551987,-0.10076045244932175,0.025150520727038383,9.24430787563324e-05,1.9126383066177368,1496.3873291015625,27.78614616394043,21.636356353759766,49.42250442504883,404.6739501953125
23.82970428466797,71.80000305175781,1000.0,25.0,0.6455682516098022,0.02087179198861122,8.0,0.9992159008979797,0.9992159008979797,0.9992159008979797,0.02108735404908657,0.0002688000095076859,0.46148359775543213,520000.0,-0.01660430245101452,-0.0011749370023608208,-0.4030977487564087,0.024429313838481903,-0.0007212068885564804,1.9843562841415405,1548.8668212890625,25.73696517944336,26.72393226623535,52.460899353027344,381.236328125
24.412277221679688,76.55999755859375,1000.0,26.0,0.6240829229354858,0.02058362029492855,8.0,0.9982514381408691,0.9982514381408691,0.9982514381408691,0.021272864192724228,0.00026760000037029386,0.45169398188591003,540000.0,-0.01735842041671276,-0.0007541179656982422,-0.07535447180271149,0.02695637196302414,0.0025270581245422363,2.0638673305511475,1599.895751953125,24.24632453918457,26.763078689575195,51.009403228759766,392.0845642089844
25.079885482788086,74.72000122070312,1000.0,27.0,0.5999547839164734,0.020603688433766365,7.0,0.9987854361534119,0.9987854361534119,0.9987854361534119,0.021009471267461777,0.0002663999912329018,0.44093775749206543,560000.0,-0.014777332544326782,0.0025810878723859787,-0.06922470033168793,0.02561802789568901,-0.0013383440673351288,2.183162212371826,1647.7440185546875,26.071949005126953,21.755125045776367,47.82707595825195,418.1731872558594
25.27301025390625,69.5999984741211,1000.0,28.0,0.579694390296936,0.022972149774432182,7.0,0.9999607801437378,0.9999607801437378,0.9999607801437378,0.021512318402528763,0.0002652000111993402,0.43208858370780945,580000.0,-0.015256478451192379,-0.00047914590686559677,-0.07913646101951599,0.026902111247181892,0.0012840833514928818,2.2000725269317627,1696.708740234375,26.933273315429688,22.01087188720703,48.94414520263672,408.6290588378906
25.922100067138672,77.19999694824219,1000.0,29.0,0.5622132420539856,0.02061653882265091,7.0,0.9953906536102295,0.9953906536102295,0.9953906536102295,0.021339407190680504,0.0002640000020619482,0.42462632060050964,600000.0,-0.014991075731813908,0.0002654027193784714,-0.02314746379852295,0.029396137222647667,0.0024940259754657745,2.2710437774658203,1745.486083984375,26.386390686035156,22.37189292907715,48.75828170776367,410.1867370605469
26.206239700317383,66.33999633789062,1000.0,30.0,0.5436038970947266,0.0215193759649992,7.0,0.997810423374176,0.997810423374176,0.997810423374176,0.02123134955763817,0.00026279999292455614,0.41679540276527405,620000.0,-0.014658461324870586,0.00033261440694332123,-0.21917393803596497,0.028559744358062744,-0.0008363928645849228,2.3299405574798584,1794.538818359375,27.205015182495117,21.82870101928711,49.033714294433594,407.88262939453125
27.0939998626709,60.2599983215332,1000.0,31.0,0.5246055126190186,0.022941429167985916,8.0,0.9966002702713013,0.9966002702713013,0.9966002702713013,0.022074062377214432,0.00026160001289099455,0.40890711545944214,640000.0,-0.016192233189940453,-0.0015337718650698662,0.04876010864973068,0.02919163554906845,0.0006318911910057068,2.384380578994751,1847.990966796875,27.507787704467773,25.924299240112305,53.43208694458008,374.3069152832031
27.054445266723633,55.2400016784668,1000.0,32.0,0.4982973635196686,0.021153610199689865,7.0,0.9982680678367615,0.9982680678367615,0.9982680678367615,0.021970709785819054,0.0002604000037536025,0.39831244945526123,660000.0,-0.015229090116918087,0.0009631430730223656,0.10087931156158447,0.028864320367574692,-0.00032731518149375916,2.4221951961517334,1897.1063232421875,25.30733299255371,23.788005828857422,49.0953369140625,407.37066650390625
27.29009437561035,63.08000183105469,1000.0,33.0,0.4769762456417084,0.021150048822164536,7.0,0.9984574913978577,0.9984574913978577,0.9984574913978577,0.02138756401836872,0.00025919999461621046,0.38991135358810425,680000.0,-0.013879272155463696,0.0013498179614543915,-0.29629623889923096,0.029383957386016846,0.0005196370184421539,2.5035593509674072,1945.7451171875,25.6002140045166,23.019001007080078,48.61921691894531,411.3599853515625
26.9507999420166,74.4000015258789,1000.0,34.0,0.46003884077072144,0.021366562694311142,7.0,0.9981160759925842,0.9981160759925842,0.9981160759925842,0.02226455695927143,0.0002579999854788184,0.3833974599838257,700000.0,-0.01484918687492609,-0.0009699147194623947,-0.009867126122117043,0.029908789321780205,0.0005248319357633591,2.505746603012085,1994.924560546875,27.58085823059082,21.575862884521484,49.15772247314453,406.8536682128906
26.628084182739258,77.5199966430664,1000.0,35.0,0.444016695022583,0.023191038519144058,6.0,0.9978751540184021,0.9978751540184021,0.9978751540184021,0.02146739326417446,0.00025680000544525683,0.3773064911365509,720000.0,-0.014461126178503036,0.00038806069642305374,-0.07420472055673599,0.025415316224098206,-0.004493473097681999,2.5045719146728516,2042.6109619140625,28.53182029724121,19.135391235351562,47.66720962524414,419.57562255859375
26.101459503173828,86.4000015258789,1000.0,36.0,0.4230998456478119,0.02033792808651924,5.0,0.9968909621238708,0.9968909621238708,0.9968909621238708,0.0209457166492939,0.0002555999963078648,0.3695051670074463,740000.0,-0.010003109462559223,0.004458016715943813,-0.20415295660495758,0.030750861391425133,0.005335545167326927,2.5251832008361816,2084.2333984375,25.069154739379883,16.535301208496094,41.604454040527344,480.7177429199219
26.94629669189453,81.66000366210938,1000.0,37.0,0.39934679865837097,0.02510356530547142,7.0,0.9970211982727051,0.9970211982727051,0.9970211982727051,0.022649168968200684,0.00025439998717047274,0.36082372069358826,760000.0,-0.013834219425916672,-0.0038311099633574486,-0.08605080842971802,0.027812598273158073,-0.0029382631182670593,2.606205463409424,2134.243896484375,28.43182945251465,21.560028076171875,49.991859436035156,400.0651550292969
27.229480743408203,91.5,1000.0,38.0,0.38579684495925903,0.020735055208206177,7.0,0.9969799518585205,0.9969799518585205,0.9969799518585205,0.022712618112564087,0.00025320000713691115,0.3559468388557434,780000.0,-0.01516639906913042,-0.001332179643213749,-0.05850517749786377,0.030278386548161507,0.0024657882750034332,2.638522148132324,2185.43212890625,29.610191345214844,21.557641983032227,51.1678352355957,390.8705749511719
27.320497512817383,89.36000061035156,1000.0,39.0,0.3718614876270294,0.02046304941177368,4.0,0.9982951879501343,0.9982951879501343,0.9982951879501343,0.021215038374066353,0.0002519999979995191,0.3509879410266876,800000.0,-0.008287868462502956,0.006878530606627464,0.024851180613040924,0.03091881237924099,0.000640425831079483,2.6319026947021484,2226.783935546875,28.24757194519043,13.085027694702148,41.33259963989258,483.8795471191406
27.348711013793945,84.0999984741211,1000.0,40.0,0.35912027955055237,0.0213563684374094,5.0,0.9979240894317627,0.9979240894317627,0.9979240894317627,0.021695241332054138,0.00025079998886212707,0.3465467393398285,820000.0,-0.011225217953324318,-0.0029373494908213615,0.24619710445404053,0.03209367021918297,0.0011748578399419785,2.6777138710021973,2268.343994140625,25.820402145385742,15.720600128173828,41.5410041809082,481.4520263671875
26.990915298461914,78.18000030517578,1000.0,41.0,0.3425306975841522,0.020811278373003006,6.0,0.9990363717079163,0.9990363717079163,0.9990363717079163,0.022354798391461372,0.0002496000088285655,0.3408290147781372,840000.0,-0.013012751936912537,-0.0017875339835882187,0.060839004814624786,0.026991380378603935,-0.005102289840579033,2.669947385787964,2317.26904296875,29.620586395263672,19.285480499267578,48.90606689453125,408.9472351074219
27.416215896606445,69.18000030517578,1000.0,42.0,0.32243990898132324,0.022987250238656998,6.0,0.9975472092628479,0.9975472092628479,0.9975472092628479,0.022187141701579094,0.00024839999969117343,0.33405551314353943,860000.0,-0.012926599010825157,8.615292608737946e-05,0.3339444398880005,0.0313851423561573,0.004393761977553368,2.6563124656677246,2364.642578125,26.74087142944336,20.61488151550293,47.355751037597656,422.3351745605469
26.828781127929688,80.77999877929688,1000.0,43.0,0.3005587160587311,0.023240670561790466,6.0,0.9998557567596436,0.9998557567596436,0.9998557567596436,0.023117106407880783,0.0002471999905537814,0.3268284797668457,880000.0,-0.013683483935892582,-0.0007568849250674248,-0.2593429684638977,0.02729669027030468,-0.004088452085852623,2.670273542404175,2409.263427734375,24.326120376586914,20.275344848632812,44.601463317871094,448.415771484375
27.185535430908203,81.58000183105469,1000.0,44.0,0.2827078104019165,0.020157989114522934,4.0,0.9981152415275574,0.9981152415275574,0.9981152415275574,0.02216283231973648,0.0002460000105202198,0.32104459404945374,900000.0,-0.0077856844291090965,0.005897799506783485,0.006137993186712265,0.030494149774312973,0.003197459504008293,2.6886401176452637,2448.91943359375,27.954771041870117,11.680752754211426,39.63552474975586,504.59783935546875
26.890975952148438,88.91999816894531,1000.0,45.0,0.2659243643283844,0.020056266337633133,5.0,0.9987356066703796,0.9987356066703796,0.9987356066703796,0.022275283932685852,0.00024480000138282776,0.3157007396221161,920000.0,-0.011154155246913433,-0.0033684708178043365,0.0005460083484649658,0.027339648455381393,-0.0031545013189315796,2.681764841079712,2495.1142578125,29.8492488861084,16.327606201171875,46.17685317993164,433.117431640625
27.44852066040039,78.4000015258789,1000.0,46.0,0.25001099705696106,0.02046745829284191,4.0,0.9993822574615479,0.9993822574615479,0.9993822574615479,0.022214436903595924,0.00024360000679735094,0.3107115924358368,940000.0,-0.008189295418560505,0.002964859828352928,0.2287980318069458,0.030274352058768272,0.002934703603386879,2.709078788757324,2533.67138671875,24.955028533935547,13.582976341247559,38.53800582885742,518.9682006835938
27.471141815185547,81.94000244140625,1000.0,47.0,0.23736542463302612,0.020519420504570007,3.0,0.9988924860954285,0.9988924860954285,0.9988924860954285,0.02110537327826023,0.0002423999976599589,0.3068070709705353,960000.0,-0.004125208593904972,0.004064086824655533,-0.11270525306463242,0.031122155487537384,0.0008478034287691116,2.7136685848236084,2571.36767578125,28.354671478271484,9.322100639343262,37.677772521972656,530.8169555664062
27.85940933227539,73.31999969482422,1000.0,48.0,0.22399143874645233,0.0207942184060812,6.0,0.9987360239028931,0.9987360239028931,0.9987360239028931,0.021323367953300476,0.00024120000307448208,0.30272677540779114,980000.0,-0.011800170876085758,-0.007674962282180786,-0.3373214602470398,0.029694974422454834,-0.00142718106508255,2.7214930057525635,2619.388671875,27.33953857421875,20.664562225341797,48.00410079956055,416.6310729980469
27.67525863647461,60.58000183105469,1000.0,49.0,0.2160763293504715,0.021129339933395386,5.0,0.9975176453590393,0.9975176453590393,0.9975176453590393,0.022472063079476357,0.00023999999393709004,0.30033591389656067,1000000.0,-0.0105229951441288,0.0012771757319569588,-0.1758681833744049,0.030284512788057327,0.0005895383656024933,2.724876880645752,2662.883544921875,25.141307830810547,18.334871292114258,43.47617721557617,460.02203369140625
27.24285888671875,66.55999755859375,1000.0,50.0,0.2080819308757782,0.021173318848013878,5.0,0.9984636306762695,0.9984636306762695,0.9984636306762695,0.02262381836771965,0.00023879999935161322,0.297944039106369,1020000.0,-0.01132784504443407,-0.0008048499003052711,-0.10150276124477386,0.026708414778113365,-0.003576098009943962,2.7092440128326416,2704.8701171875,24.609153747558594,17.352506637573242,41.96266174316406,476.61419677734375
27.035266876220703,69.44000244140625,1000.0,51.0,0.19713431596755981,0.02099129557609558,5.0,0.9989113807678223,0.9989113807678223,0.9989113807678223,0.022845398634672165,0.0002376000047661364,0.2947129011154175,1040000.0,-0.010758321732282639,0.000569523312151432,-0.3251020014286041,0.03011408820748329,0.0034056734293699265,2.721254825592041,2748.89599609375,27.988073348999023,16.019737243652344,44.007808685302734,454.46478271484375
27.197616577148438,76.83999633789062,1000.0,52.0,0.17846962809562683,0.024184927344322205,5.0,0.9976500868797302,0.9976500868797302,0.9976500868797302,0.022158147767186165,0.00023639999562874436,0.2892606258392334,1060000.0,-0.011058500036597252,-0.00030017830431461334,-0.27487435936927795,0.02873745746910572,-0.001376630738377571,2.7416036128997803,2792.768798828125,27.460735321044922,16.3933048248291,43.854042053222656,456.0583190917969
27.43050765991211,73.5,1000.0,53.0,0.16440673172473907,0.02486100234091282,6.0,0.9973685145378113,0.9973685145378113,0.9973685145378113,0.02390090376138687,0.00023520000104326755,0.2852184474468231,1080000.0,-0.014097301289439201,-0.0030388012528419495,-0.3003239035606384,0.028052007779479027,-0.0006854496896266937,2.7281365394592285,2841.095458984375,28.90398406982422,19.403026580810547,48.307010650634766,414.0185852050781
27.820236206054688,72.41999816894531,1000.0,54.0,0.15908755362033844,0.022762423381209373,5.0,0.9974266290664673,0.9974266290664673,0.9974266290664673,0.022945217788219452,0.00023400000645779073,0.2837025821208954,1100000.0,-0.010215705260634422,0.003881596028804779,0.05012546479701996,0.033326998353004456,0.005274990573525429,2.7675302028656006,2885.52001953125,27.626659393310547,16.779003143310547,44.405662536621094,450.39300537109375
27.99742889404297,69.27999877929688,1000.0,55.0,0.14737984538078308,0.022988272830843925,6.0,0.998102068901062,0.998102068901062,0.998102068901062,0.022643916308879852,0.0002327999973203987,0.2803988754749298,1120000.0,-0.01321766059845686,-0.0030019553378224373,-0.30611342191696167,0.03203349933028221,-0.0012934990227222443,2.8064284324645996,2933.40576171875,28.031848907470703,19.835418701171875,47.86726760864258,417.8220520019531
28.274818420410156,64.13999938964844,1000.0,56.0,0.13980966806411743,0.020876113325357437,4.0,0.9975543022155762,0.9975543022155762,0.9975543022155762,0.022559545934200287,0.00023160000273492187,0.27828145027160645,1140000.0,-0.006581082474440336,0.006636578124016523,0.09927003085613251,0.032517265528440475,0.00048376619815826416,2.8081066608428955,2974.783935546875,28.266029357910156,13.091852188110352,41.357879638671875,483.5837707519531
28.26490020751953,63.380001068115234,1000.0,57.0,0.12748998403549194,0.02086004801094532,3.0,0.997116208076477,0.997116208076477,0.997116208076477,0.02243352308869362,0.00023039999359752983,0.27487674355506897,1160000.0,-0.004365331958979368,0.002215750515460968,-0.2036798596382141,0.032063018530607224,-0.00045424699783325195,2.8245139122009277,3012.17626953125,26.475587844848633,10.899430274963379,37.37501907348633,535.1168212890625
28.632036209106445,58.400001525878906,1000.0,58.0,0.11525481194257736,0.021647879853844643,5.0,0.999159574508667,0.999159574508667,0.999159574508667,0.02240566536784172,0.000229199999012053,0.27153488993644714,1180000.0,-0.0115591399371624,-0.007193807978183031,0.06929279863834381,0.03281255066394806,0.0007495321333408356,2.8426499366760254,3056.00830078125,27.036745071411133,16.776554107666016,43.81330108642578,456.4823913574219
28.2578182220459,65.0999984741211,1000.0,59.0,0.10553230345249176,0.02029876969754696,3.0,0.9991248846054077,0.9991248846054077,0.9991248846054077,0.020770443603396416,0.0002280000044265762,0.26890355348587036,1200000.0,-0.0043328250758349895,0.00722631486132741,-0.10671897232532501,0.031777821481227875,-0.0010347291827201843,2.8197991847991943,3092.912353515625,26.94379425048828,9.941885948181152,36.88568115234375,542.2158203125
28.2372989654541,61.959999084472656,1000.0,60.0,0.09764566272497177,0.020766735076904297,4.0,0.9992123246192932,0.9992123246192932,0.9992123246192932,0.022443056106567383,0.00022679999528918415,0.26679176092147827,1220000.0,-0.008299501612782478,-0.003966676536947489,0.052716225385665894,0.029899362474679947,-0.0018784590065479279,2.8190224170684814,3134.47998046875,28.303647994995117,13.244412422180176,41.5490608215332,481.358642578125
27.948884963989258,72.30000305175781,1000.0,61.0,0.0830279290676117,0.02209477312862873,5.0,0.9979310631752014,0.9979310631752014,0.9979310631752014,0.023167448118329048,0.00022560000070370734,0.2629229724407196,1240000.0,-0.011261540465056896,-0.002962038852274418,0.10652676969766617,0.03014431521296501,0.0002449527382850647,2.8204281330108643,3178.483154296875,28.082740783691406,15.901336669921875,43.985076904296875,454.6996765136719
27.936857223510742,72.33999633789062,1000.0,62.0,0.07338599860668182,0.02160765416920185,5.0,0.9988132119178772,0.9988132119178772,0.9988132119178772,0.023242510855197906,0.00022440000611823052,0.2603982090950012,1260000.0,-0.010506953112781048,0.0007545873522758484,-0.4154776930809021,0.029422150924801826,-0.0007221642881631851,2.8177714347839355,3223.796875,28.18349838256836,17.111202239990234,45.29570388793945,441.54296875
28.0642147064209,70.87999725341797,1000.0,63.0,0.06449121981859207,0.021578796207904816,5.0,0.9963538646697998,0.9963538646697998,0.9963538646697998,0.023525364696979523,0.00022319999698083848,0.2580914795398712,1280000.0,-0.011059122160077095,-0.0005521690472960472,-0.14175215363502502,0.029583720490336418,0.00016156956553459167,2.8160314559936523,3267.428955078125,27.42695426940918,16.184864044189453,43.612796783447266,458.58099365234375
28.083740234375,72.4800033569336,1000.0,64.0,0.057231806218624115,0.022976472973823547,6.0,0.99692702293396,0.99692702293396,0.99692702293396,0.023546727374196053,0.00022200000239536166,0.25622498989105225,1300000.0,-0.012869789265096188,-0.0018106671050190926,-0.0326387956738472,0.028910167515277863,-0.0006735529750585556,2.800783157348633,3316.115234375,29.75897216796875,18.90119743347168,48.6601676940918,411.0137939453125
28.333303451538086,70.76000213623047,1000.0,65.0,0.04471421614289284,0.020875630900263786,4.0,0.9981371760368347,0.9981371760368347,0.9981371760368347,0.02188270539045334,0.00022079999325796962,0.2530377507209778,1320000.0,-0.007895545102655888,0.0049742441624403,0.19721661508083344,0.033293697983026505,0.004383530467748642,2.8423919677734375,3358.944091796875,30.325645446777344,12.483392715454102,42.80904006958008,467.1910705566406
28.379976272583008,75.72000122070312,1000.0,66.0,0.03709883615374565,0.023564299568533897,5.0,0.9981102347373962,0.9981102347373962,0.9981102347373962,0.022898556664586067,0.0002195999986724928,0.2511201500892639,1340000.0,-0.010757113806903362,-0.0028615687042474747,0.1834137737751007,0.03169556334614754,-0.0015981346368789673,2.8029725551605225,3404.2431640625,28.411714553833008,16.869421005249023,45.28113555908203,441.6850280761719
28.558534622192383,71.05999755859375,1000.0,67.0,0.027609024196863174,0.02038787491619587,3.0,0.9982050061225891,0.9982050061225891,0.9982050061225891,0.02251753769814968,0.00021840000408701599,0.24874907732009888,1360000.0,-0.004675209056586027,0.006081904750317335,-0.04406007379293442,0.0331735722720623,0.0014780089259147644,2.8507866859436035,3442.405517578125,27.52641487121582,10.615921020507812,38.142333984375,524.3517456054688
27.984390258789062,74.54000091552734,1000.0,68.0,0.017430854961276054,0.022131044417619705,5.0,0.9980145692825317,0.9980145692825317,0.9980145692825317,0.02334069088101387,0.00021719999494962394,0.24622765183448792,1380000.0,-0.011043190024793148,-0.006367980968207121,0.20257072150707245,0.028383372351527214,-0.004790199920535088,2.815647840499878,3486.1689453125,27.1315860748291,16.612812042236328,43.7443962097168,457.201416015625
28.238304138183594,60.7400016784668,1000.0,69.0,0.008378049358725548,0.022291485220193863,3.0,0.9978352189064026,0.9978352189064026,0.9978352189064026,0.023447711020708084,0.00021600000036414713,0.24400795996189117,1400000.0,-0.0062339273281395435,0.0048092626966536045,0.028861016035079956,0.029717471450567245,0.0013340990990400314,2.845970869064331,3524.6181640625,28.641260147094727,9.788073539733887,38.4293327331543,520.435791015625
28.16055679321289,63.380001068115234,1000.0,70.0,-0.0017417833441868424,0.022893380373716354,4.0,0.9983342885971069,0.9983342885971069,0.9983342885971069,0.023013265803456306,0.0002148000057786703,0.24155579507350922,1420000.0,-0.007512579206377268,-0.0012786518782377243,-0.13249973952770233,0.030229056254029274,0.0005115848034620285,2.8445076942443848,3566.39111328125,28.420066833496094,13.323543548583984,41.74361038208008,479.115234375
28.507640838623047,58.79999923706055,1000.0,71.0,-0.016160473227500916,0.021442944183945656,4.0,0.9976693391799927,0.9976693391799927,0.9976693391799927,0.022405831143260002,0.00021359999664127827,0.23810246586799622,1440000.0,-0.007507793605327606,4.785601049661636e-06,0.05772923678159714,0.032383959740400314,0.0021549034863710403,2.846874237060547,3608.54931640625,29.222476959228516,12.917741775512695,42.14021682739258,474.6059875488281
28.822568893432617,67.73999786376953,1000.0,72.0,-0.025792798027396202,0.020764313638210297,4.0,0.9993404150009155,0.9993404150009155,0.9993404150009155,0.022602666169404984,0.00021240000205580145,0.2358289659023285,1460000.0,-0.008026963099837303,-0.000519169494509697,-0.1975475549697876,0.030623499304056168,-0.0017604604363441467,2.857942819595337,3650.2431640625,28.25112533569336,13.425575256347656,41.676700592041016,479.8844299316406
28.844871520996094,65.69999694824219,1000.0,73.0,-0.035507213324308395,0.021999916061758995,1.0,0.9995341300964355,0.9995341300964355,0.9995341300964355,0.021914156153798103,0.0002111999929184094,0.23354515433311462,1480000.0,0.007179053034633398,0.015206016134470701,0.10240040719509125,0.03223675489425659,0.0016132555902004242,2.8652713298797607,3681.739990234375,27.935894012451172,3.541844129562378,31.477737426757812,635.3696899414062
28.667951583862305,66.27999877929688,1000.0,74.0,-0.041895028203725815,0.022056683897972107,3.0,0.9988778233528137,0.9988778233528137,0.9988778233528137,0.02169869840145111,0.0002099999983329326,0.23205704987049103,1500000.0,-0.0025787812191993,-0.009757834253832698,0.011067911982536316,0.029379988089203835,-0.0028567668050527573,2.845820903778076,3719.266845703125,27.937206268310547,9.570042610168457,37.50724792480469,533.2302856445312
28.481773376464844,66.54000091552734,1000.0,75.0,-0.0535464771091938,0.02308967523276806,5.0,0.9981366395950317,0.9981366395950317,0.9981366395950317,0.02314600721001625,0.00020880000374745578,0.2293679267168045,1520000.0,-0.011791284196078777,-0.009212502976879478,0.010039817541837692,0.029385561123490334,5.5730342864990234e-06,2.8585727214813232,3765.29638671875,29.420024871826172,16.59209442138672,46.01211929321289,434.6680908203125
28.248546600341797,71.4800033569336,1000.0,76.0,-0.06127210706472397,0.023215599358081818,5.0,0.9984557628631592,0.9984557628631592,0.9984557628631592,0.0233782809227705,0.00020759999461006373,0.22759510576725006,1540000.0,-0.010629389435052872,0.0011618947610259056,0.08036309480667114,0.028786947950720787,-0.0005986131727695465,2.8348095417022705,3809.72119140625,28.663490295410156,15.740440368652344,44.4039306640625,450.41058349609375
28.25946617126465,71.95999908447266,1000.0,77.0,-0.0669969841837883,0.02074410766363144,2.0,0.9979185461997986,0.9979185461997986,0.9979185461997986,0.0231245756149292,0.00020640000002458692,0.22629764676094055,1560000.0,0.0005062580457888544,0.011135647480841726,0.07146993279457092,0.02903554029762745,0.000248592346906662,2.828972578048706,3846.44140625,29.647001266479492,7.054312705993652,36.70131301879883,544.9396362304688
28.427501678466797,72.05999755859375,1000.0,78.0,-0.07392634451389313,0.0203940961509943,5.0,0.9960771203041077,0.9960771203041077,0.9960771203041077,0.023143600672483444,0.0002052000054391101,0.2247380018234253,1580000.0,-0.010726116597652435,-0.01123237464344129,-0.029466034844517708,0.03345208242535591,0.004416542127728462,2.872025489807129,3890.69189453125,25.454946517944336,18.77866554260254,44.233612060546875,452.1448669433594
29.018651962280273,63.81999969482422,1000.0,79.0,-0.07712804526090622,0.020103534683585167,4.0,0.998049795627594,0.998049795627594,0.998049795627594,0.022534264251589775,0.00020399999630171806,0.22401554882526398,1600000.0,-0.007589051499962807,0.0031370650976896286,-0.14398925006389618,0.032924629747867584,-0.000527452677488327,2.890392541885376,3931.24951171875,27.35319709777832,13.182940483093262,40.536136627197266,493.38690185546875
29.29073715209961,66.0999984741211,1000.0,80.0,-0.08640535175800323,0.025384176522493362,5.0,0.9972755312919617,0.9972755312919617,0.9972755312919617,0.022885220125317574,0.00020280000171624124,0.22194752097129822,1620000.0,-0.00946502573788166,-0.0018759742379188538,0.016690120100975037,0.035745423287153244,0.00282079353928566,2.886505126953125,3976.732421875,27.88030433654785,17.58364486694336,45.46494674682617,439.8993225097656
29.097213745117188,67.41999816894531,1000.0,81.0,-0.09309560805559158,0.02037638984620571,3.0,0.9968244433403015,0.9968244433403015,0.9968244433403015,0.023339509963989258,0.00020160000713076442,0.220479816198349,1640000.0,-0.004094231873750687,0.005370793864130974,0.3439543843269348,0.03266364708542824,-0.003081776201725006,2.9005563259124756,4014.33984375,27.078868865966797,10.508954048156738,37.58882141113281,532.0730590820312
28.40888214111328,77.0199966430664,1000.0,82.0,-0.09731195122003555,0.021280303597450256,3.0,0.9999648332595825,0.9999648332595825,0.9999648332595825,0.021890074014663696,0.00020039999799337238,0.2195722460746765,1660000.0,-0.004430688451975584,-0.0003364565782248974,0.11177189648151398,0.029734982177615166,-0.002928664907813072,2.890476703643799,4051.87353515625,27.514371871948242,9.999773025512695,37.51414489746094,533.1322021484375
28.229263305664062,81.31999969482422,1000.0,83.0,-0.10468759387731552,0.022592678666114807,5.0,0.9978064894676208,0.9978064894676208,0.9978064894676208,0.022962156683206558,0.00019920000340789557,0.21795378625392914,1680000.0,-0.011574561707675457,-0.007143873255699873,-0.1430947631597519,0.031189491972327232,0.0014545097947120667,2.8929734230041504,4097.18115234375,29.155038833618164,16.13460922241211,45.29063034057617,441.5924377441406
28.322032928466797,77.4800033569336,1000.0,84.0,-0.1096537783741951,0.02090556174516678,1.0,1.0003749132156372,1.0003749132156372,1.0003749132156372,0.0216416846960783,0.00019799999427050352,0.21687960624694824,1700000.0,0.0076280743815004826,0.01920263608917594,0.11541534215211868,0.03210769593715668,0.0009182039648294449,2.9100704193115234,4129.03955078125,28.472980499267578,3.3568553924560547,31.829835891723633,628.34130859375
28.787919998168945,77.13999938964844,1000.0,85.0,-0.11900003254413605,0.023257486522197723,4.0,0.9992028474807739,0.9992028474807739,0.9992028474807739,0.022737057879567146,0.0001967999996850267,0.21485763788223267,1720000.0,-0.007746626622974873,-0.015374701004475355,-0.08064702153205872,0.03048919327557087,-0.0016185026615858078,2.890613555908203,4170.00927734375,28.08905792236328,12.859498977661133,40.94855880737305,488.4176940917969
29.187471389770508,65.05999755859375,1000.0,86.0,-0.13024640083312988,0.020365431904792786,4.0,0.9969649314880371,0.9969649314880371,0.9969649314880371,0.023115655407309532,0.0001956000050995499,0.2124556005001068,1740000.0,-0.007267612032592297,0.000479014590382576,-0.19403578341007233,0.03067030943930149,0.00018111616373062134,2.9236674308776855,4213.65478515625,30.655580520629883,12.971170425415039,43.62675094604492,458.434326171875
29.257509231567383,66.58000183105469,1000.0,87.0,-0.13794532418251038,0.024870026856660843,4.0,0.996677577495575,0.996677577495575,0.996677577495575,0.022743472829461098,0.00019439999596215785,0.21082961559295654,1760000.0,-0.008398480713367462,-0.0011308686807751656,0.034902170300483704,0.02987726405262947,-0.00079304538667202,2.8954367637634277,4255.76806640625,28.031404495239258,14.06468391418457,42.09608840942383,475.103515625
29.152132034301758,65.80000305175781,1000.0,88.0,-0.14602544903755188,0.022343521937727928,4.0,0.9996058344841003,0.9996058344841003,0.9996058344841003,0.023811064660549164,0.00019320000137668103,0.20913761854171753,1780000.0,-0.008197463117539883,0.0002010175958275795,-0.07108913362026215,0.029371725395321846,-0.0005055386573076248,2.8786346912384033,4296.18505859375,27.27458381652832,13.122692108154297,40.397274017333984,495.0828857421875
28.70416831970215,69.44000244140625,1000.0,89.0,-0.15456175804138184,0.02326098456978798,4.0,0.9970144629478455,0.9970144629478455,0.9970144629478455,0.023077456280589104,0.00019200000679120421,0.20736782252788544,1800000.0,-0.008368420414626598,-0.0001709572970867157,-0.012671813368797302,0.027177225798368454,-0.002194499596953392,2.8570239543914795,4337.72509765625,29.059200286865234,12.46208381652832,41.52128219604492,481.6806640625
28.567419052124023,70.33999633789062,1000.0,90.0,-0.15782329440116882,0.0207022987306118,4.0,0.9970499277114868,0.9970499277114868,0.9970499277114868,0.023299094289541245,0.00019079999765381217,0.20670630037784576,1820000.0,-0.008471532724797726,-0.00010311231017112732,-0.03723849356174469,0.02967877686023712,0.0025015510618686676,2.8690810203552246,4381.05224609375,29.903926849365234,13.404677391052246,43.3086051940918,461.802001953125
28.845121383666992,73.95999908447266,1000.0,91.0,-0.1661434769630432,0.020425738766789436,4.0,1.000078558921814,1.000078558921814,1.000078558921814,0.023496175184845924,0.00018960000306833535,0.20501303672790527,1840000.0,-0.008697185665369034,-0.00022565294057130814,-0.10343489050865173,0.028808152303099632,-0.0008706245571374893,2.8718419075012207,4422.072265625,26.59612274169922,14.405734062194824,41.001853942871094,487.7828063964844
29.16205596923828,80.12000274658203,1000.0,92.0,-0.17888714373111725,0.021350663155317307,4.0,0.9969885945320129,0.9969885945320129,0.9969885945320129,0.021549684926867485,0.0001883999939309433,0.20241141319274902,1860000.0,-0.0078041586093604565,0.0008930270560085773,-0.033260948956012726,0.031010029837489128,0.002201877534389496,2.9135823249816895,4462.91259765625,26.543352127075195,14.278092384338379,40.82144546508789,489.9385681152344
29.061294555664062,82.31999969482422,1000.0,93.0,-0.18887513875961304,0.02342718280851841,4.0,0.9969646334648132,0.9969646334648132,0.9969646334648132,0.022836856544017792,0.0001871999993454665,0.20041224360466003,1880000.0,-0.007998335175216198,-0.0001941765658557415,-0.2856632471084595,0.031178593635559082,0.00016856379806995392,2.873342275619507,4505.06787109375,28.327775955200195,13.804892539978027,42.132667541503906,474.6910400390625
29.10354995727539,73.0199966430664,1000.0,94.0,-0.19487646222114563,0.020327521488070488,4.0,0.9977114796638489,0.9977114796638489,0.9977114796638489,0.02250800095498562,0.00018600000475998968,0.19920407235622406,1900000.0,-0.00803949125111103,-4.115607589483261e-05,-0.3367190957069397,0.03297688066959381,0.001798287034034729,2.9000275135040283,4546.8095703125,27.638500213623047,14.082300186157227,41.720802307128906,479.377197265625
28.947065353393555,72.0,1000.0,95.0,-0.20347058773040771,0.022079164162278175,3.0,0.9999577403068542,0.9999577403068542,0.9999577403068542,0.022411897778511047,0.00018479999562259763,0.19747169315814972,1920000.0,-0.004089588299393654,0.003949902951717377,0.3343702554702759,0.03046945296227932,-0.0025074277073144913,2.872030019760132,4585.150390625,28.416095733642578,9.905978202819824,38.32207489013672,521.8923950195312
28.929363250732422,67.91999816894531,1000.0,96.0,-0.20929300785064697,0.02065732702612877,2.0,0.9986605644226074,0.9986605644226074,0.9986605644226074,0.023117974400520325,0.00018360000103712082,0.19631719589233398,1940000.0,0.0008312903810292482,0.004920878680422902,0.05307019129395485,0.030183862894773483,-0.0002855900675058365,2.8869285583496094,4620.78515625,29.189455032348633,6.426967144012451,35.616424560546875,561.5386962890625
29.10568618774414,63.939998626708984,1000.0,97.0,-0.21340052783489227,0.02082511968910694,1.0,0.9996971487998962,0.9996971487998962,0.9996971487998962,0.020246630534529686,0.000182400006451644,0.19551825523376465,1960000.0,0.005908019375056028,0.00507672899402678,0.18770891427993774,0.03240746259689331,0.0022235997021198273,2.9062116146087646,4653.67431640625,29.31648063659668,3.5557096004486084,32.8721923828125,608.4169921875
29.01953125,66.31999969482422,1000.0,98.0,-0.22146755456924438,0.021864930167794228,4.0,0.9971747398376465,0.9971747398376465,0.9971747398376465,0.022630205377936363,0.00018119999731425196,0.19395054876804352,1980000.0,-0.009400913491845131,-0.01530893286690116,0.0698373094201088,0.02999028190970421,-0.002417180687189102,2.8778741359710693,4695.11572265625,26.855125427246094,14.56877326965332,41.42389678955078,482.8130798339844
28.957624435424805,72.0199966430664,1000.0,99.0,-0.22999577224254608,0.02221566252410412,5.0,0.9972112774848938,0.9972112774848938,0.9972112774848938,0.02345816232264042,0.00018000000272877514,0.19231559336185455,2000000.0,-0.01146804727613926,-0.0020671337842941284,-0.01099085807800293,0.02778799831867218,-0.002202283591032028,2.8830137252807617,4739.68994140625,27.68239402770996,16.871994018554688,44.554386138916016,448.8895568847656
28.897226333618164,76.68000030517578,1000.0,100.0,-0.23502318561077118,0.02221745252609253,2.0,0.9990429282188416,0.9990429282188416,0.9990429282188416,0.021727299317717552,0.0001787999935913831,0.1913505494594574,2020000.0,0.00042280269553884864,0.011890849971678108,0.14934657514095306,0.033775974065065384,0.005987975746393204,2.9055845737457275,4775.64794921875,29.628963470458984,6.310248374938965,35.939208984375,556.4952392578125
28.995494842529297,69.73999786376953,1000.0,101.0,-0.24220609664916992,0.020785631611943245,3.0,0.9998456835746765,0.9998456835746765,0.9998456835746765,0.02206023596227169,0.00017759999900590628,0.18998298048973083,2040000.0,-0.004040288273245096,-0.004463090968783945,-0.27934128046035767,0.031612154096364975,-0.002163819968700409,2.8820252418518066,4815.6650390625,29.267675399780273,10.73233413696289,40.00000762939453,499.9998779296875
29.132970809936523,75.44000244140625,1000.0,102.0,-0.2530543804168701,0.02158515155315399,4.0,0.9985837936401367,0.9985837936401367,0.9985837936401367,0.022379020228981972,0.00017640000442042947,0.18792758882045746,2060000.0,-0.008848761208355427,-0.004808472935110331,-0.06465090811252594,0.029752112925052643,-0.0018600411713123322,2.892507314682007,4856.53515625,25.97727394104004,14.863508224487305,40.840782165527344,489.70660400390625
29.050260543823242,77.72000122070312,1000.0,103.0,-0.25926798582077026,0.023538775742053986,1.0,0.9993239045143127,0.9993239045143127,0.9993239045143127,0.020608926191926003,0.00017519999528303742,0.18676148355007172,2080000.0,0.0073900604620575905,0.016238821670413017,-0.08403000235557556,0.03136782720685005,0.001615714281797409,2.892960786819458,4886.701171875,26.723865509033203,3.4242262840270996,30.14809226989746,663.3919067382812
28.870866775512695,73.76000213623047,1000.0,104.0,-0.2641342282295227,0.025104720145463943,5.0,0.9971362352371216,0.9971362352371216,0.9971362352371216,0.02312353253364563,0.0001740000006975606,0.18585851788520813,2100000.0,-0.011160647496581078,-0.018550707958638668,0.166967511177063,0.028600888326764107,-0.002766938880085945,2.8999874591827393,4932.08056640625,28.380699157714844,16.981685638427734,45.36238479614258,440.8939208984375
28.67428207397461,62.400001525878906,1000.0,105.0,-0.2695532739162445,0.02164013683795929,4.0,0.9973726868629456,0.9973726868629456,0.9973726868629456,0.023003853857517242,0.0001728000061120838,0.18485663831233978,2120000.0,-0.0077079590409994125,0.003452688455581665,0.06781046092510223,0.027326297014951706,-0.0012745913118124008,2.8939619064331055,4973.36328125,27.77866554260254,13.483999252319336,41.2631721496582,484.6936950683594
28.85281753540039,59.29999923706055,1000.0,106.0,-0.27451464533805847,0.023711739107966423,5.0,0.9962995648384094,0.9962995648384094,0.9962995648384094,0.023963602259755135,0.00017159999697469175,0.18392856419086456,2140000.0,-0.011650839820504189,-0.003942880779504776,0.03329748660326004,0.0306699201464653,0.0033436231315135956,2.915900468826294,5018.1513671875,28.384719848632812,16.379213333129883,44.76393508911133,446.78826904296875
29.00708770751953,65.30000305175781,1000.0,107.0,-0.2821946442127228,0.021923979744315147,3.0,0.9964139461517334,0.9964139461517334,0.9964139461517334,0.02249222807586193,0.00017040000238921493,0.1825152486562729,2160000.0,-0.0030906598549336195,0.008560179965570569,-0.37651073932647705,0.028512928634881973,-0.0021569915115833282,2.872667074203491,5057.2919921875,29.795330047607422,9.321516036987305,39.116844177246094,511.2886657714844
28.902328491210938,69.91999816894531,1000.0,108.0,-0.29062923789024353,0.023469701409339905,4.0,0.9967336654663086,0.9967336654663086,0.9967336654663086,0.02305741421878338,0.0001691999932518229,0.18097837269306183,2180000.0,-0.008939088322222233,-0.005848428467288613,-0.26461899280548096,0.029091916978359222,0.0005789883434772491,2.8666305541992188,5100.4853515625,29.32497215270996,13.85102653503418,43.17599868774414,463.2203063964844
28.6335506439209,65.37999725341797,1000.0,109.0,-0.2978319525718689,0.027580996975302696,4.0,0.995098352432251,0.995098352432251,0.995098352432251,0.0237031988799572,0.00016799999866634607,0.17967340350151062,2200000.0,-0.008713568560779095,0.00022551976144313812,0.060247063636779785,0.029281022027134895,0.0001891050487756729,2.8741037845611572,5141.40625,27.08147430419922,13.820838928222656,40.902313232421875,488.9698791503906
28.68219757080078,81.0999984741211,1000.0,110.0,-0.299282431602478,0.02057613804936409,2.0,0.998602032661438,0.998602032661438,0.998602032661438,0.022353455424308777,0.00016680000408086926,0.17941665649414062,2220000.0,-0.0003294228808954358,0.008384145679883659,0.3492152690887451,0.030464550480246544,0.0011835284531116486,2.889317035675049,5176.462890625,28.45477867126465,6.582518577575684,35.037296295166016,570.8203125
28.64078140258789,82.08000183105469,1000.0,111.0,-0.30201393365859985,0.022637197747826576,4.0,0.9993429183959961,0.9993429183959961,0.9993429183959961,0.02134021185338497,0.0001655999949434772,0.178920716047287,2240000.0,-0.008786517195403576,-0.00845709431450814,-0.22900831699371338,0.029359344393014908,-0.001105206087231636,2.873394250869751,5219.57275390625,29.501379013061523,13.590689659118652,43.09206771850586,464.1225280761719
28.943960189819336,79.31999969482422,1000.0,112.0,-0.3064658045768738,0.02296324074268341,4.0,0.9989778995513916,0.9989778995513916,0.9989778995513916,0.022456591948866844,0.0001644000003580004,0.1781236082315445,2260000.0,-0.008620495907962322,0.00016602128744125366,0.5498559474945068,0.030499150976538658,0.0011398065835237503,2.9074654579162598,5261.92578125,28.0341796875,14.300537109375,42.334716796875,472.4255065917969
29.048330307006836,68.5,1000.0,113.0,-0.313396155834198,0.02102765440940857,4.0,0.9986116886138916,0.9986116886138916,0.9986116886138916,0.024246208369731903,0.00016320000577252358,0.1769011914730072,2280000.0,-0.009385052137076855,-0.0007645562291145325,-0.09274112433195114,0.030921053141355515,0.0004219021648168564,2.9059407711029053,5303.83544921875,27.55837059020996,14.331888198852539,41.8902587890625,477.4379577636719
29.001943588256836,60.619998931884766,1000.0,114.0,-0.3207228183746338,0.02003527618944645,1.0,0.9999297261238098,0.9999297261238098,0.9999297261238098,0.02093050815165043,0.00016199999663513154,0.17561684548854828,2300000.0,0.006671009119600058,0.016056061256676912,0.05889962613582611,0.03166227787733078,0.0007412247359752655,2.87792706489563,5336.26611328125,29.0280818939209,3.3821375370025635,32.410221099853516,617.0892944335938
28.981191635131836,69.0199966430664,1000.0,115.0,-0.3256079852581024,0.021588310599327087,3.0,0.9987343549728394,0.9987343549728394,0.9987343549728394,0.022990696132183075,0.00016080000204965472,0.17476482689380646,2320000.0,-0.004112304653972387,-0.010783313773572445,-0.19749891757965088,0.03231532871723175,0.0006530508399009705,2.903196096420288,5374.517578125,28.329378128051758,9.905020713806152,38.234397888183594,523.0891723632812
28.961362838745117,74.83999633789062,1000.0,116.0,-0.33840298652648926,0.021219559013843536,4.0,0.9974372982978821,0.9974372982978821,0.9974372982978821,0.02199253998696804,0.00015959999291226268,0.1725444197654724,2340000.0,-0.009504500776529312,-0.005392196122556925,0.36658570170402527,0.03361125662922859,0.0012959279119968414,2.9200479984283447,5416.71337890625,28.692665100097656,13.476594924926758,42.16925811767578,474.2791442871094
29.372278213500977,73.12000274658203,1000.0,117.0,-0.3489376902580261,0.02124287188053131,5.0,0.998928427696228,0.998928427696228,0.998928427696228,0.022921280935406685,0.00015839999832678586,0.17072685062885284,2360000.0,-0.010837985202670097,-0.0013334844261407852,-0.05131940171122551,0.029277941212058067,-0.004333315417170525,2.92864727973938,5462.69775390625,29.958269119262695,16.00775146484375,45.96601867675781,435.10400390625
29.658437728881836,69.31999969482422,1000.0,118.0,-0.3600042164325714,0.021396497264504433,4.0,0.9982048273086548,0.9982048273086548,0.9982048273086548,0.02380380593240261,0.00015720000374130905,0.16883999109268188,2380000.0,-0.008695067837834358,0.002142917364835739,0.6113564968109131,0.02975560538470745,0.00047766417264938354,2.911625623703003,5505.79931640625,28.574111938476562,14.50624942779541,43.08135986328125,464.2378845214844
29.749879837036133,64.73999786376953,1000.0,119.0,-0.3712080121040344,0.02301856316626072,6.0,0.9965591430664062,0.9965591430664062,0.9965591430664062,0.02391236647963524,0.000155999994603917,0.1669590324163437,2400000.0,-0.015635227784514427,-0.006940159946680069,0.27400630712509155,0.03170622140169144,0.001950616016983986,2.91690993309021,5554.12744140625,27.56372833251953,20.745576858520508,48.30930709838867,413.9989013671875
29.710378646850586,72.76000213623047,1000.0,120.0,-0.379187673330307,0.020996902137994766,1.0,1.003043293952942,1.003043293952942,1.003043293952942,0.021723231300711632,0.0001548000000184402,0.16562668979167938,2420000.0,0.006143396254628897,0.021778624039143324,0.2443097084760666,0.036122389137744904,0.004416167736053467,2.9377403259277344,5585.3134765625,27.738088607788086,3.421945095062256,31.1600341796875,641.8478393554688
29.841075897216797,74.37999725341797,1000.0,121.0,-0.38551345467567444,0.020985830575227737,3.0,0.9986162781715393,0.9986162781715393,0.9986162781715393,0.022128021344542503,0.00015360000543296337,0.1645853966474533,2440000.0,-0.005951425991952419,-0.012094822246581316,0.013871926814317703,0.03241799771785736,-0.0037043914198875427,2.966866970062256,5624.3544921875,28.784963607788086,10.238551139831543,39.02351379394531,512.511474609375
29.433427810668945,66.54000091552734,1000.0,122.0,-0.3916099965572357,0.027793291956186295,5.0,0.9973387122154236,0.9973387122154236,0.9973387122154236,0.022925900295376778,0.00015239999629557133,0.1635887324810028,2460000.0,-0.011497952044010162,-0.005546526052057743,-0.30536767840385437,0.028412576764822006,-0.004005420953035355,2.957430362701416,5671.10791015625,28.95810890197754,17.775375366210938,46.733482360839844,427.95867919921875
29.507579803466797,54.91999816894531,1000.0,123.0,-0.3996489644050598,0.02071164920926094,4.0,0.9988566040992737,0.9988566040992737,0.9988566040992737,0.02237430401146412,0.0001512000017100945,0.16228313744068146,2480000.0,-0.008268645964562893,0.0032293060794472694,-0.0915202796459198,0.0303861815482378,0.0019736047834157944,2.9454355239868164,5712.5869140625,27.267053604125977,14.192611694335938,41.45966720581055,482.39654541015625
29.695951461791992,63.79999923706055,1000.0,124.0,-0.4065019190311432,0.02056099846959114,3.0,0.9981736540794373,0.9981736540794373,0.9981736540794373,0.02414158545434475,0.0001500000071246177,0.16117797791957855,2500000.0,-0.004794181324541569,0.003474464640021324,-0.14706890285015106,0.032803818583488464,0.0024176370352506638,2.9664154052734375,5749.9716796875,27.38751983642578,9.977984428405762,37.36550521850586,535.2530517578125
29.782014846801758,64.37999725341797,1000.0,125.0,-0.41262730956077576,0.020330050960183144,5.0,0.997992753982544,0.997992753982544,0.997992753982544,0.022680163383483887,0.00014879999798722565,0.160199835896492,2520000.0,-0.01166975125670433,-0.006875569932162762,0.07960882782936096,0.030153237283229828,-0.0026505813002586365,2.976234197616577,5795.9892578125,29.577322006225586,16.401304244995117,45.9786262512207,434.9847106933594
29.708757400512695,67.19999694824219,1000.0,126.0,-0.4215455949306488,0.022454090416431427,5.0,0.9986493587493896,0.9986493587493896,0.9986493587493896,0.0231085903942585,0.00014760000340174884,0.15878695249557495,2540000.0,-0.011356836184859276,0.0003129150718450546,0.10586558282375336,0.02916926145553589,-0.0009839758276939392,2.971803903579712,5841.99072265625,28.161691665649414,17.820816040039062,45.982505798339844,434.947998046875
29.240161895751953,64.36000061035156,1000.0,127.0,-0.4278405010700226,0.02007717825472355,3.0,0.9970489144325256,0.9970489144325256,0.9970489144325256,0.022718362510204315,0.0001463999942643568,0.1577892303466797,2560000.0,-0.0051980274729430676,0.006158808711916208,0.168798565864563,0.029106704518198967,-6.255693733692169e-05,2.9540414810180664,5879.96435546875,27.304027557373047,10.64851188659668,37.952537536621094,526.9739379882812
29.181978225708008,66.87999725341797,1000.0,128.0,-0.4359835684299469,0.021703878417611122,5.0,0.997728168964386,0.997728168964386,0.997728168964386,0.022839587181806564,0.00014519999967887998,0.15650026500225067,2580000.0,-0.012055161409080029,-0.006857133936136961,0.044891357421875,0.02964913658797741,0.0005424320697784424,2.9639227390289307,5925.65380859375,27.65683364868164,18.013586044311523,45.67142105102539,437.9106140136719
29.076051712036133,72.66000366210938,1000.0,129.0,-0.44288602471351624,0.020633405074477196,5.0,0.9963353872299194,0.9963353872299194,0.9963353872299194,0.0226463433355093,0.00014400000509340316,0.15542462468147278,2600000.0,-0.012042532674968243,1.2628734111785889e-05,0.10802777111530304,0.029375357553362846,-0.000273779034614563,2.9833009243011475,5971.62646484375,28.588451385498047,17.364543914794922,45.95299530029297,435.2273254394531
29.05215835571289,67.63999938964844,1000.0,130.0,-0.449783056974411,0.023882143199443817,3.0,0.9976805448532104,0.9976805448532104,0.9976805448532104,0.021973060443997383,0.00014279999595601112,0.154361754655838,2620000.0,-0.004512258339673281,0.007530274335294962,-0.41246408224105835,0.031832702457904816,0.0024573449045419693,2.9766886234283447,6011.546875,29.520156860351562,10.38121223449707,39.9013671875,501.2359313964844
29.129419326782227,62.18000030517578,1000.0,131.0,-0.45555245876312256,0.02187776379287243,4.0,0.9993578791618347,0.9993578791618347,0.9993578791618347,0.022249789908528328,0.0001416000013705343,0.15348881483078003,2640000.0,-0.008541902527213097,-0.004029644187539816,0.2780112028121948,0.03117147833108902,-0.0006612241268157959,2.953433036804199,6052.95654296875,26.51958465576172,14.87287425994873,41.392459869384766,483.1798095703125
29.283567428588867,67.54000091552734,1000.0,132.0,-0.4594394862651825,0.020430410280823708,3.0,0.9993322491645813,0.9993322491645813,0.9993322491645813,0.022708196192979813,0.00014040000678505749,0.15290416777133942,2660000.0,-0.005041825585067272,0.0035000769421458244,0.6376637816429138,0.029997525736689568,-0.0011739525943994522,2.935574531555176,6090.82080078125,26.800212860107422,11.045283317565918,37.845497131347656,528.4644775390625
29.493213653564453,70.18000030517578,1000.0,133.0,-0.46345779299736023,0.020626138895750046,6.0,0.9995096921920776,0.9995096921920776,0.9995096921920776,0.02306809090077877,0.00013919999764766544,0.1522991806268692,2680000.0,-0.013624243438243866,-0.008582417853176594,-0.0720924437046051,0.03156720846891403,0.0015696827322244644,2.954909086227417,6141.07958984375,29.000404357910156,21.24003028869629,50.24043273925781,398.0857238769531
29.446678161621094,75.62000274658203,1000.0,134.0,-0.4669082760810852,0.022038575261831284,4.0,0.9986576437950134,0.9986576437950134,0.9986576437950134,0.022159308195114136,0.00013800000306218863,0.15178470313549042,2700000.0,-0.009121070615947247,0.004503172822296619,-0.041194088757038116,0.029495205730199814,-0.002072002738714218,2.945687770843506,6182.64501953125,28.810022354125977,12.73466968536377,41.54469299316406,481.4092712402344
29.399852752685547,76.55999755859375,1000.0,135.0,-0.4759853482246399,0.022085681557655334,5.0,0.9993423819541931,0.9993423819541931,0.9993423819541931,0.0232488214969635,0.00013679999392479658,0.15041698515415192,2720000.0,-0.012860576622188091,-0.0037395060062408447,-0.17949950695037842,0.03044768050312996,0.0009524747729301453,2.976332902908325,6228.1171875,29.0062255859375,16.44703483581543,45.4532585144043,440.012451171875
29.306968688964844,77.9000015258789,1000.0,136.0,-0.48749950528144836,0.020998898893594742,4.0,0.9990113377571106,0.9990113377571106,0.9990113377571106,0.0218650009483099,0.00013559999933931977,0.14868314564228058,2740000.0,-0.008736382238566875,0.004124194383621216,0.04393935203552246,0.028655925765633583,-0.001791754737496376,2.939178228378296,6270.21875,28.041881561279297,14.039365768432617,42.08124542236328,475.2710876464844
29.349140167236328,69.54000091552734,1000.0,137.0,-0.49430397152900696,0.022878805175423622,3.0,1.0004074573516846,1.0004074573516846,1.0004074573516846,0.021274860948324203,0.00013440000475384295,0.14766815304756165,2760000.0,-0.006384681910276413,0.0023517003282904625,0.0401240736246109,0.02893689274787903,0.00028096698224544525,2.9379398822784424,6308.474609375,28.838359832763672,9.395867347717285,38.23422622680664,523.0914916992188
29.221263885498047,70.05999755859375,1000.0,138.0,-0.50499027967453,0.020959630608558655,5.0,0.9965867400169373,0.9965867400169373,0.9965867400169373,0.02220657654106617,0.0001331999956164509,0.1460992693901062,2780000.0,-0.011726024560630322,-0.0053413426503539085,0.16413423418998718,0.030303243547677994,0.0013663507997989655,2.9367029666900635,6354.9111328125,30.23198699951172,16.1864013671875,46.41838836669922,430.8637390136719
29.616596221923828,71.9000015258789,1000.0,139.0,-0.5136916637420654,0.021413534879684448,5.0,0.997049868106842,0.997049868106842,0.997049868106842,0.02342226915061474,0.0001320000010309741,0.14484187960624695,2800000.0,-0.012811186723411083,-0.0010851621627807617,0.11500146985054016,0.032646648585796356,0.0023434050381183624,2.9616281986236572,6401.13623046875,30.11503791809082,16.091562271118164,46.206600189208984,432.8385925292969
29.4033145904541,75.95999908447266,1000.0,140.0,-0.5195479393005371,0.02219022810459137,5.0,0.9997869729995728,0.9997869729995728,0.9997869729995728,0.022636815905570984,0.00013080000644549727,0.14398671686649323,2820000.0,-0.01226563286036253,0.0005455538630485535,0.577355146408081,0.029132094234228134,-0.003514554351568222,2.9415156841278076,6446.7841796875,29.11266326904297,16.516250610351562,45.62891387939453,438.3185729980469
29.530851364135742,74.95999908447266,1000.0,141.0,-0.5263435244560242,0.020650265738368034,3.0,0.9995693564414978,0.9995693564414978,0.9995693564414978,0.02169254794716835,0.00012959999730810523,0.14301162958145142,2840000.0,-0.0037464816123247147,0.008519151248037815,0.0002875402569770813,0.031356535851955414,0.0022244416177272797,2.969207525253296,6485.884765625,28.373126983642578,10.708342552185059,39.08146667480469,511.7514953613281
28.798694610595703,73.44000244140625,1000.0,142.0,-0.5267324447631836,0.02100389264523983,2.0,0.9992563724517822,0.9992563724517822,0.9992563724517822,0.021278617903590202,0.00012840000272262841,0.14295519888401031,2860000.0,0.00016002914344426244,0.003906510755768977,0.008954960852861404,0.03039710968732834,-0.0009594261646270752,2.959317207336426,6521.0341796875,28.246715545654297,6.8850626945495605,35.131778717041016,569.28515625
28.866270065307617,66.33999633789062,1000.0,143.0,-0.5269988775253296,0.02268771268427372,5.0,0.9971272349357605,0.9971272349357605,0.9971272349357605,0.022129783406853676,0.00012719999358523637,0.14291509985923767,2880000.0,-0.012842959724366665,-0.013002988867810927,-0.018039865419268608,0.03037348762154579,-2.3622065782546997e-05,2.9816904067993164,6566.6875,29.058284759521484,16.576221466064453,45.63450622558594,438.2648620605469
28.707138061523438,62.13999938964844,1000.0,144.0,-0.5357715487480164,0.021692555397748947,5.0,0.9972651600837708,0.9972651600837708,0.9972651600837708,0.022076483815908432,0.00012599999899975955,0.1416672319173813,2900000.0,-0.011770655401051044,0.0010723043233156204,-0.20213627815246582,0.03121841885149479,0.0008449312299489975,2.9743313789367676,6611.8623046875,27.701026916503906,17.454587936401367,45.15561294555664,442.9128112792969
28.952878952026367,54.20000076293945,1000.0,145.0,-0.5446565747261047,0.02197360247373581,5.0,0.9954104423522949,0.9954104423522949,0.9954104423522949,0.023422393947839737,0.00012480000441428274,0.14041948318481445,2920000.0,-0.013106699101626873,-0.0013360437005758286,-0.05321728438138962,0.029523981735110283,-0.0016944371163845062,2.9557478427886963,6658.32275390625,28.323606491088867,18.116130828857422,46.43973922729492,430.6656494140625
29.15243148803711,57.939998626708984,1000.0,146.0,-0.554512083530426,0.020965293049812317,5.0,0.9979938864707947,0.9979938864707947,0.9979938864707947,0.023285742849111557,0.0001235999952768907,0.13905073702335358,2940000.0,-0.013019083999097347,8.761510252952576e-05,-0.27092352509498596,0.03048171103000641,0.0009577292948961258,2.990213394165039,6702.74658203125,25.95526885986328,18.44860076904297,44.40386962890625,450.4111633300781
29.483421325683594,60.459999084472656,1000.0,147.0,-0.5669187903404236,0.020145464688539505,4.0,0.9977946281433105,0.9977946281433105,0.9977946281433105,0.022304313257336617,0.00012240000069141388,0.13733811676502228,2960000.0,-0.009706838056445122,0.0033122459426522255,0.1059294044971466,0.02997449040412903,-0.0005072206258773804,2.984126567840576,6743.779296875,27.03525733947754,13.968735694885254,41.003990173339844,487.75738525390625
29.637096405029297,67.45999908447266,1000.0,148.0,-0.5748803615570068,0.022608790546655655,4.0,0.9986495971679688,0.9986495971679688,0.9986495971679688,0.021806251257658005,0.00012119999882997945,0.13625399768352509,2980000.0,-0.009391749277710915,0.00031508877873420715,-0.1867457777261734,0.028226224705576897,-0.0017482656985521317,2.9629366397857666,6786.8203125,29.68975830078125,13.331182479858398,43.020938873291016,464.889892578125
29.284263610839844,70.19999694824219,1000.0,149.0,-0.5792955756187439,0.021104125306010246,2.0,1.0000410079956055,1.0000410079956055,1.0000410079956055,0.018803758546710014,0.00011999999696854502,0.13564784824848175,3000000.0,-0.0008685082430019975,0.008523241034708917,0.39217695593833923,0.02839677780866623,0.00017055310308933258,2.934324026107788,6822.859375,29.234106063842773,6.7860307693481445,36.020137786865234,555.2449951171875
28.72977066040039,67.5999984741211,1000.0,150.0,-0.5802720785140991,0.021065127104520798,4.0,1.0002979040145874,1.0002979040145874,1.0002979040145874,0.02189812809228897,0.0001188000023830682,0.13552096486091614,3020000.0,-0.009249399416148663,-0.008380891173146665,-0.0053097098134458065,0.03211652487516403,0.0037197470664978027,2.9308667182922363,6863.36572265625,26.543956756591797,13.94431209564209,40.4882698059082,493.97021484375
28.551340103149414,58.380001068115234,1000.0,151.0,-0.5862355828285217,0.02269972674548626,6.0,0.9978557229042053,0.9978557229042053,0.9978557229042053,0.022960053756833076,0.00011760000052163377,0.13471022248268127,3040000.0,-0.015284815803170204,-0.006035416387021542,-0.177412748336792,0.028195057064294815,-0.003921467810869217,2.962592840194702,6913.357421875,29.759252548217773,20.200122833251953,49.959373474121094,400.32525634765625
29.00799560546875,57.63999938964844,1000.0,152.0,-0.5942676663398743,0.020021088421344757,3.0,0.9989709854125977,0.9989709854125977,0.9989709854125977,0.022393031045794487,0.00011639999866019934,0.1336299628019333,3060000.0,-0.006407231092453003,0.008877584710717201,-0.014635272324085236,0.031664248555898666,0.0034691914916038513,2.945491313934326,6952.72314453125,29.49158477783203,9.846541404724121,39.33812713623047,508.4126281738281
29.291181564331055,62.29999923706055,1000.0,153.0,-0.599477231502533,0.021037837490439415,5.0,0.9977694153785706,0.9977694153785706,0.9977694153785706,0.022122874855995178,0.00011519999679876491,0.13293808698654175,3080000.0,-0.012416476383805275,-0.006009245291352272,0.01028776541352272,0.029642947018146515,-0.0020213015377521515,2.9417026042938232,6999.0029296875,29.720401763916016,16.541786193847656,46.26218795776367,432.3185119628906
29.345788955688477,74.23999786376953,1000.0,154.0,-0.6083205938339233,0.022056305781006813,7.0,0.9986730813980103,0.9986730813980103,0.9986730813980103,0.023756032809615135,0.0001140000022132881,0.13178755342960358,3100000.0,-0.015985168516635895,-0.00356869213283062,-0.008565694093704224,0.028892353177070618,-0.0007505938410758972,2.940450668334961,7051.37890625,29.044193267822266,23.313310623168945,52.35750198364258,381.98919677734375
29.516441345214844,70.19999694824219,1000.0,155.0,-0.6155311465263367,0.021854443475604057,2.0,0.998741090297699,0.998741090297699,0.998741090297699,0.019968844950199127,0.00011280000035185367,0.13084553182125092,3120000.0,0.00015059618453960866,0.016135764701175503,-0.31840020418167114,0.029588233679533005,0.0006958805024623871,2.9852073192596436,7086.51318359375,27.995359420776367,7.118790149688721,35.11415100097656,569.5709838867188
29.233657836914062,72.18000030517578,1000.0,156.0,-0.6201575994491577,0.021198902279138565,5.0,0.9986385703086853,0.9986385703086853,0.9986385703086853,0.022661495953798294,0.00011159999849041924,0.13025544583797455,3140000.0,-0.012449785135686398,-0.012600381320226006,0.053424935787916183,0.02944854460656643,-0.00013968907296657562,2.951113700866699,7131.8193359375,28.94691276550293,16.337141036987305,45.284053802490234,441.65655517578125
29.364927291870117,68.87999725341797,1000.0,157.0,-0.628677248954773,0.020387228578329086,4.0,0.9992767572402954,0.9992767572402954,0.9992767572402954,0.02161440998315811,0.00011039999662898481,0.12917008996009827,3160000.0,-0.009467990137636662,0.002981794998049736,0.04994673281908035,0.026878654956817627,-0.002569889649748802,2.9524664878845215,7174.69482421875,30.162796020507812,12.694299697875977,42.857093811035156,466.66717529296875
29.286645889282227,74.77999877929688,1000.0,158.0,-0.6388232111930847,0.022929668426513672,4.0,0.9980685114860535,0.9980685114860535,0.9980685114860535,0.02114865556359291,0.00010920000204350799,0.12787111103534698,3180000.0,-0.009909569285809994,-0.0004415791481733322,0.04179343581199646,0.03058253787457943,0.0037038829177618027,2.9633824825286865,7217.95361328125,30.586549758911133,12.652458190917969,43.239009857177734,462.5452880859375
29.719633102416992,79.0,1000.0,159.0,-0.6460201740264893,0.02407526597380638,5.0,0.9963378310203552,0.9963378310203552,0.9963378310203552,0.021724224090576172,0.00010800000018207356,0.12694375216960907,3200000.0,-0.012471187859773636,-0.002561618573963642,0.06431131809949875,0.028464529663324356,-0.0021180082112550735,2.989964723587036,7264.443359375,30.119853973388672,16.351154327392578,46.47100830078125,430.3758544921875
29.750324249267578,77.87999725341797,1000.0,160.0,-0.6504253149032593,0.022072812542319298,4.0,1.0002870559692383,1.0002870559692383,1.0002870559692383,0.02179861254990101,0.00010679999832063913,0.12637993693351746,3220000.0,-0.009436971507966518,0.0030342163518071175,0.051512397825717926,0.031060123816132545,0.0025955941528081894,2.9725136756896973,7306.6201171875,28.605188369750977,13.549561500549316,42.1557502746582,474.4311218261719
29.552881240844727,79.44000244140625,1000.0,161.0,-0.6570373177528381,0.022192595526576042,6.0,0.9975267052650452,0.9975267052650452,0.9975267052650452,0.022387908771634102,0.0001055999964592047,0.12553057074546814,3240000.0,-0.017208224162459373,-0.007771252654492855,-0.0251908116042614,0.028784967958927155,-0.002275155857205391,2.9596176147460938,7355.28125,29.299694061279297,19.34250831604004,48.64220428466797,411.16558837890625
29.563678741455078,62.15999984741211,1000.0,162.0,-0.6627671718597412,0.02084646373987198,6.0,0.9982430934906006,0.9982430934906006,0.9982430934906006,0.023096464574337006,0.00010440000187372789,0.12479938566684723,3260000.0,-0.015552799217402935,0.0016554249450564384,-0.01077151671051979,0.029455697163939476,0.0006707292050123215,2.973095417022705,7405.56201171875,29.831724166870117,20.426074981689453,50.25779724121094,397.94818115234375
29.393465042114258,61.13999938964844,1000.0,163.0,-0.6660941243171692,0.020396709442138672,4.0,0.9982466697692871,0.9982466697692871,0.9982466697692871,0.02150256186723709,0.00010320000001229346,0.12438025325536728,3280000.0,-0.010601610876619816,0.004951188340783119,0.0754881203174591,0.029619213193655014,0.00016351602971553802,2.9506683349609375,7448.4658203125,29.626110076904297,13.258548736572266,42.88465881347656,466.36724853515625
29.345914840698242,55.459999084472656,1000.0,164.0,-0.6765656471252441,0.022573258727788925,7.0,0.9978950023651123,0.9978950023651123,0.9978950023651123,0.02316288650035858,0.00010199999815085903,0.12308192998170853,3300000.0,-0.017323516309261322,-0.006721905432641506,0.05411200225353241,0.03032470867037773,0.0007054954767227173,2.9607174396514893,7501.37939453125,29.180635452270508,23.704425811767578,52.88506317138672,378.1786193847656
29.1908016204834,59.41999816894531,1000.0,165.0,-0.6864231824874878,0.025656769052147865,6.0,0.9957491159439087,0.9957491159439087,0.9957491159439087,0.021811729297041893,0.00010080000356538221,0.12188313156366348,3320000.0,-0.016494685783982277,0.0008288305252790451,0.28914350271224976,0.030920611694455147,0.0005959030240774155,3.002044677734375,7549.572265625,28.077932357788086,20.096548080444336,48.17448043823242,415.1575622558594
29.41366195678711,72.58000183105469,1000.0,166.0,-0.6941131949424744,0.022417128086090088,6.0,0.997413694858551,0.997413694858551,0.997413694858551,0.02269933745265007,9.960000170394778e-05,0.1209644228219986,3340000.0,-0.016167931258678436,0.00032675452530384064,-0.1777549833059311,0.029254354536533356,-0.001666257157921791,2.9921138286590576,7598.5302734375,28.318727493286133,20.61986541748047,48.938594818115234,408.6754150390625
29.49004364013672,74.0999984741211,1000.0,167.0,-0.7006420493125916,0.0216376893222332,4.0,0.9998772740364075,0.9998772740364075,0.9998772740364075,0.021679013967514038,9.839999984251335e-05,0.12016582489013672,3360000.0,-0.00953543558716774,0.006632495671510696,-0.18468524515628815,0.02919289655983448,-6.145797669887543e-05,2.9784066677093506,7640.2890625,27.9989013671875,13.74075698852539,41.73965835571289,479.1606140136719
29.217079162597656,81.12000274658203,1000.0,168.0,-0.7051023840904236,0.0220573041588068,5.0,0.9983455538749695,0.9983455538749695,0.9983455538749695,0.021594863384962082,9.719999798107892e-05,0.11962998658418655,3380000.0,-0.01158936507999897,-0.00205392949283123,-0.08302909135818481,0.02905680425465107,-0.00013609230518341064,2.9368481636047363,7685.6904296875,28.486644744873047,16.895769119262695,45.38241195678711,440.6993408203125
29.557233810424805,68.91999816894531,1000.0,169.0,-0.7115997076034546,0.020477037876844406,4.0,0.9982560276985168,0.9982560276985168,0.9982560276985168,0.020946132019162178,9.600000339560211e-05,0.11885455995798111,3400000.0,-0.010589933022856712,0.0009994320571422577,0.12882772088050842,0.029180364683270454,0.00012356042861938477,2.9965994358062744,7727.3916015625,28.33521842956543,13.346013069152832,41.68123245239258,479.832275390625
29.479082107543945,72.04000091552734,1000.0,170.0,-0.7182996869087219,0.02206362411379814,6.0,0.997082531452179,0.997082531452179,0.997082531452179,0.022199558094143867,9.480000153416768e-05,0.11806744337081909,3420000.0,-0.015464423224329948,-0.004874490201473236,0.1845964938402176,0.029561307281255722,0.00038094259798526764,2.9813482761383057,7776.37646484375,28.65291976928711,20.313247680664062,48.96616744995117,408.4452819824219
30.067577362060547,65.95999908447266,1000.0,171.0,-0.72802734375,0.021989677101373672,5.0,0.9990586638450623,0.9990586638450623,0.9990586638450623,0.022254282608628273,9.359999967273325e-05,0.11692795157432556,3440000.0,-0.012211908586323261,0.003252514638006687,0.3699500560760498,0.031166700646281242,0.0016053933650255203,2.998142957687378,7822.47412109375,29.221920013427734,16.85637664794922,46.07829666137695,434.0438232421875
30.046384811401367,73.31999969482422,1000.0,172.0,-0.7381210327148438,0.020154699683189392,6.0,0.9974068403244019,0.9974068403244019,0.9974068403244019,0.02153908461332321,9.239999781129882e-05,0.11574961245059967,3460000.0,-0.015820560976862907,-0.003608652390539646,0.07384426146745682,0.028021840378642082,-0.00314486026763916,2.99210262298584,7870.69580078125,27.851119995117188,20.351606369018555,48.202728271484375,414.9142761230469
30.3520450592041,76.66000366210938,1000.0,173.0,-0.7444469332695007,0.021506359800696373,5.0,0.9978204369544983,0.9978204369544983,0.9978204369544983,0.023057715967297554,9.1200003225822e-05,0.11502639949321747,3480000.0,-0.012991572730243206,0.0028289882466197014,-0.09091606736183167,0.029110820963978767,0.0010889805853366852,2.999311923980713,7916.1064453125,28.400930404663086,16.988323211669922,45.390254974365234,440.6231994628906
30.016416549682617,71.95999908447266,1000.0,174.0,-0.7485737204551697,0.021986331790685654,6.0,0.9962673187255859,0.9962673187255859,0.9962673187255859,0.021942565217614174,9.000000136438757e-05,0.11454563587903976,3500000.0,-0.01687636412680149,-0.0038847913965582848,0.27956539392471313,0.02729695849120617,-0.0018138624727725983,2.949732542037964,7966.4853515625,29.085521697998047,21.274404525756836,50.359928131103516,397.14117431640625
29.828960418701172,69.19999694824219,1000.0,175.0,-0.755334734916687,0.024400662630796432,5.0,0.996707558631897,0.996707558631897,0.996707558631897,0.02095545455813408,8.879999950295314e-05,0.113767609000206,3520000.0,-0.01515672542154789,0.001719638705253601,-0.13273251056671143,0.032947298139333725,0.005650339648127556,2.9666900634765625,8011.22509765625,27.223356246948242,17.497323989868164,44.720680236816406,447.22039794921875
29.663930892944336,69.23999786376953,1000.0,176.0,-0.7632858753204346,0.023320740088820457,6.0,0.997466504573822,0.997466504573822,0.997466504573822,0.02236860804259777,8.759999764151871e-05,0.11288372427225113,3540000.0,-0.014974060468375683,0.00018266495317220688,0.1538868099451065,0.02980557084083557,-0.0031417272984981537,2.9847536087036133,8059.6796875,27.70125961303711,20.734203338623047,48.435462951660156,412.92059326171875
29.789085388183594,71.23999786376953,1000.0,177.0,-0.7709835171699524,0.02071467973291874,5.0,0.9980610609054565,0.9980610609054565,0.9980610609054565,0.021901464089751244,8.64000030560419e-05,0.1120309829711914,3560000.0,-0.014429176226258278,0.0005448842421174049,0.09324386715888977,0.029548369348049164,-0.00025720149278640747,3.0101253986358643,8104.5380859375,27.632970809936523,17.205537796020508,44.83850860595703,446.045166015625
29.633895874023438,69.5999984741211,1000.0,178.0,-0.7765766382217407,0.020257998257875443,4.0,0.9982353448867798,0.9982353448867798,0.9982353448867798,0.020618580281734467,8.520000119460747e-05,0.11140631139278412,3580000.0,-0.009778645820915699,0.004650530405342579,-0.005560055375099182,0.02716270089149475,-0.002385668456554413,2.9897396564483643,8146.93896484375,29.127580642700195,13.254365921020508,42.3819465637207,471.8990173339844
29.383352279663086,71.72000122070312,1000.0,179.0,-0.7836719751358032,0.0207198653370142,6.0,0.9980919361114502,0.9980919361114502,0.9980919361114502,0.020873472094535828,8.399999933317304e-05,0.11063035577535629,3600000.0,-0.01605035550892353,-0.006271709688007832,0.318118691444397,0.026767173781991005,-0.00039552710950374603,2.9612293243408203,8195.509765625,29.04923439025879,19.503816604614258,48.55305099487305,411.9205627441406
29.59473419189453,68.94000244140625,1000.0,180.0,-0.7920254468917847,0.020762959495186806,6.0,0.9974132776260376,0.9974132776260376,0.9974132776260376,0.021023917943239212,8.27999974717386e-05,0.10972143709659576,3620000.0,-0.014610130339860916,0.0014402251690626144,-0.33677905797958374,0.029542990028858185,0.00277581624686718,2.9784319400787354,8244.435546875,28.90399169921875,20.00208282470703,48.90607452392578,408.9471435546875
29.9266414642334,71.26000213623047,1000.0,181.0,-0.80021071434021,0.022848371416330338,6.0,0.9963639974594116,0.9963639974594116,0.9963639974594116,0.02177327126264572,8.160000288626179e-05,0.10881748795509338,3640000.0,-0.016598930582404137,-0.0019888002425432205,-0.009863004088401794,0.029246628284454346,-0.0002963617444038391,3.001072406768799,8292.8701171875,28.986635208129883,19.427085876464844,48.41372299194336,413.10601806640625
30.4736385345459,65.86000061035156,1000.0,182.0,-0.8094777464866638,0.022637637332081795,6.0,0.9979976415634155,0.9979976415634155,0.9979976415634155,0.02154514566063881,8.040000102482736e-05,0.10781688988208771,3660000.0,-0.016237197443842888,0.0003617331385612488,-0.1591915339231491,0.030708957463502884,0.0014623291790485382,3.007298707962036,8341.8515625,29.467697143554688,19.49559783935547,48.963294982910156,408.46923828125
30.258424758911133,65.72000122070312,1000.0,183.0,-0.8169202208518982,0.02199968323111534,6.0,0.9977654814720154,0.9977654814720154,0.9977654814720154,0.022622093558311462,7.919999916339293e-05,0.10701477527618408,3680000.0,-0.01593106798827648,0.00030612945556640625,0.21587978303432465,0.026883630082011223,-0.003825327381491661,2.957280158996582,8391.0751953125,28.849241256713867,20.355228424072266,49.204471588134766,406.4671325683594
30.103618621826172,57.779998779296875,1000.0,184.0,-0.8207632303237915,0.02130695804953575,6.0,0.9968886971473694,0.9968886971473694,0.9968886971473694,0.021339287981390953,7.79999973019585e-05,0.10659978538751602,3700000.0,-0.01631155237555504,-0.0003804843872785568,-0.12527792155742645,0.027326028794050217,0.00044239871203899384,2.988910675048828,8439.0322265625,26.721622467041016,21.21269989013672,47.934322357177734,417.237548828125
29.8262996673584,59.70000076293945,1000.0,185.0,-0.8277827501296997,0.02029608190059662,6.0,0.9993836879730225,0.9993836879730225,0.9993836879730225,0.022196270525455475,7.680000271648169e-05,0.10584533959627151,3720000.0,-0.017097242176532745,-0.0007856898009777069,0.11053130775690079,0.03062370978295803,0.003297680988907814,2.994591474533081,8486.2880859375,26.505064010620117,20.728775024414062,47.23384094238281,423.42523193359375
30.385047912597656,53.52000045776367,1000.0,186.0,-0.8386561870574951,0.020850488916039467,6.0,0.9984068274497986,0.9984068274497986,0.9984068274497986,0.02147633396089077,7.560000085504726e-05,0.10469518601894379,3740000.0,-0.0151662053540349,0.0019310368224978447,0.07488049566745758,0.03194963186979294,0.0013259220868349075,3.041762590408325,8533.8642578125,27.639503479003906,19.913930892944336,47.55343246459961,420.57952880859375
30.44481658935547,59.02000045776367,1000.0,187.0,-0.8522874712944031,0.021679554134607315,7.0,0.9976595640182495,0.9976595640182495,0.9976595640182495,0.021849816665053368,7.439999899361283e-05,0.1032780259847641,3760000.0,-0.017114507034420967,-0.0019483016803860664,0.004929708316922188,0.030810754746198654,-0.001138877123594284,3.031606912612915,8585.6064453125,28.246103286743164,23.472957611083984,51.71906280517578,386.7046203613281
30.284597396850586,59.81999969482422,1000.0,188.0,-0.8588253259658813,0.021377164870500565,7.0,0.9962074160575867,0.9962074160575867,0.9962074160575867,0.02247154526412487,7.31999971321784e-05,0.10261400043964386,3780000.0,-0.016390960663557053,0.0007235463708639145,0.06008768454194069,0.032821740955114365,0.0020109862089157104,2.9943106174468994,8637.306640625,28.522737503051758,23.1573429107666,51.68008041381836,386.9963073730469
29.86587905883789,59.599998474121094,1000.0,189.0,-0.8633112907409668,0.022505536675453186,7.0,0.994774341583252,0.994774341583252,0.994774341583252,0.021326430141925812,7.200000254670158e-05,0.10217741876840591,3800000.0,-0.01835397258400917,-0.001963011920452118,0.0029320120811462402,0.031601399183273315,-0.0012203417718410492,3.0204527378082275,8689.21875,28.323226928710938,23.56084442138672,51.884071350097656,385.4747619628906
30.105365753173828,60.720001220703125,1000.0,190.0,-0.8714492321014404,0.023648299276828766,8.0,0.9985840916633606,0.9985840916633606,0.9985840916633606,0.02209830842912197,7.080000068526715e-05,0.10135270655155182,3820000.0,-0.019879238680005074,-0.001525266095995903,-0.06558036059141159,0.03367896005511284,0.0020775608718395233,3.033963203430176,8743.9208984375,27.501895904541016,27.17933464050293,54.68123245239258,365.7562255859375
29.951204299926758,58.099998474121094,1000.0,191.0,-0.8804219961166382,0.021820958703756332,7.0,0.9982823133468628,0.9982823133468628,0.9982823133468628,0.022245729342103004,6.959999882383272e-05,0.10043474286794662,3840000.0,-0.019530901685357094,0.00034833699464797974,0.19699999690055847,0.02974604070186615,-0.003932919353246689,3.023038864135742,8795.4560546875,28.549293518066406,22.965988159179688,51.515281677246094,388.23431396484375
29.521739959716797,58.02000045776367,1000.0,192.0,-0.8920007348060608,0.02225220389664173,7.0,0.9979695677757263,0.9979695677757263,0.9979695677757263,0.022466856986284256,6.839999696239829e-05,0.09927791357040405,3860000.0,-0.019704580307006836,-0.00017367862164974213,0.12115877866744995,0.029401322826743126,-0.000344717875123024,3.0191643238067627,8847.15625,28.20449447631836,23.476428985595703,51.68092346191406,386.989990234375
29.22446060180664,57.91999816894531,1000.0,193.0,-0.9050277471542358,0.02191573567688465,8.0,0.9964837431907654,0.9964837431907654,0.9964837431907654,0.022117169573903084,6.720000237692147e-05,0.09799240529537201,3880000.0,-0.02025883086025715,-0.0005542505532503128,-0.016782835125923157,0.03077133558690548,0.0013700127601623535,3.036860466003418,8901.3681640625,27.691099166870117,26.500757217407227,54.191856384277344,369.05914306640625
29.395292282104492,66.08000183105469,1000.0,194.0,-0.9142231345176697,0.02061677910387516,7.0,0.9974046945571899,0.9974046945571899,0.9974046945571899,0.022151341661810875,6.600000051548705e-05,0.09708341211080551,3900000.0,-0.018176814541220665,0.0020820163190364838,0.18786391615867615,0.028922036290168762,-0.0018492992967367172,3.024686098098755,8952.4521484375,27.97952651977539,23.08514404296875,51.06467056274414,391.66021728515625
29.8598575592041,65.16000366210938,1000.0,195.0,-0.9196221828460693,0.020841754972934723,8.0,0.9969289302825928,0.9969289302825928,0.9969289302825928,0.02205934375524521,6.479999865405262e-05,0.09655493497848511,3920000.0,-0.019926361739635468,-0.0017495471984148026,0.06583063304424286,0.029398448765277863,0.00047641247510910034,3.0629312992095947,9006.5849609375,27.114933013916016,26.997465133666992,54.112396240234375,369.60107421875
29.898521423339844,67.05999755859375,1000.0,196.0,-0.9247220754623413,0.02100463956594467,7.0,0.996761679649353,0.996761679649353,0.996761679649353,0.02100249193608761,6.359999679261819e-05,0.0960616022348404,3940000.0,-0.0182612556964159,0.0016651060432195663,-0.1497669219970703,0.029985161498188972,0.0005867127329111099,3.049029588699341,9058.224609375,27.82877540588379,23.791431427001953,51.620208740234375,387.4451599121094
29.888898849487305,55.7400016784668,1000.0,197.0,-0.932409405708313,0.022022759541869164,7.0,0.9964908957481384,0.9964908957481384,0.9964908957481384,0.021545901894569397,6.240000220714137e-05,0.09532106667757034,3960000.0,-0.01795809343457222,0.00030316226184368134,-0.01617976278066635,0.03454586863517761,0.00456070713698864,3.041416883468628,9109.2607421875,27.07858657836914,23.937999725341797,51.01658630371094,392.02935791015625
29.513097763061523,56.2599983215332,1000.0,198.0,-0.9461223483085632,0.021501900628209114,8.0,0.9969576001167297,0.9969576001167297,0.9969576001167297,0.022049451246857643,6.120000034570694e-05,0.09402307122945786,3980000.0,-0.020489949733018875,-0.0025318562984466553,-0.13766707479953766,0.03224683552980423,-0.0022990331053733826,3.0193800926208496,9163.1328125,26.60252571105957,27.248666763305664,53.851192474365234,371.3938293457031
29.601421356201172,64.36000061035156,1000.0,199.0,-0.9605061411857605,0.022310979664325714,8.0,0.9961003661155701,0.9961003661155701,0.9961003661155701,0.022287985309958458,5.999999848427251e-05,0.09269542247056961,4000000.0,-0.02075420320034027,-0.0002642534673213959,0.03311033919453621,0.031139660626649857,-0.0011071749031543732,3.0266075134277344,9216.6953125,26.433504104614258,27.106170654296875,53.5396728515625,373.55474853515625
29.835927963256836,66.33999633789062,1000.0,200.0,-0.9724822044372559,0.02611647918820381,8.0,0.9964373111724854,0.9964373111724854,0.9964373111724854,0.02125886268913746,5.880000026081689e-05,0.09159254282712936,4020000.0,-0.0206581000238657,9.610317647457123e-05,-0.06155388057231903,0.033304136246442795,0.0021644756197929382,3.0218687057495117,9270.9560546875,26.802555084228516,27.43828773498535,54.2408447265625,368.725830078125
29.99295425415039,64.9800033569336,1000.0,201.0,-0.9800827503204346,0.023665178567171097,7.0,0.9961909055709839,0.9961909055709839,0.9961909055709839,0.0217474102973938,5.759999839938246e-05,0.09090016782283783,4040000.0,-0.018843811005353928,0.0018142890185117722,-0.022248242050409317,0.034399326890707016,0.0010951906442642212,3.0313022136688232,9321.3466796875,26.83833122253418,23.523576736450195,50.361907958984375,397.12554931640625
30.065855026245117,51.68000030517578,1000.0,202.0,-0.9866030216217041,0.022334566339850426,9.0,0.996454656124115,0.996454656124115,0.996454656124115,0.021448921412229538,5.6400000175926834e-05,0.09030640125274658,4060000.0,-0.02163584902882576,-0.0027920380234718323,-0.09625429660081863,0.02959948405623436,-0.004799842834472656,3.066816806793213,9379.3896484375,27.44904899597168,30.574953079223633,58.02400207519531,344.6849365234375
29.762258529663086,55.439998626708984,1000.0,203.0,-0.9949842691421509,0.021831834688782692,9.0,0.9962570071220398,0.9962570071220398,0.9962570071220398,0.021364891901612282,5.5199998314492404e-05,0.08954019844532013,4080000.0,-0.02165287360548973,-1.7024576663970947e-05,0.10390534996986389,0.02876514196395874,-0.0008343420922756195,3.0469112396240234,9435.7734375,27.012178421020508,29.35080337524414,56.363983154296875,354.8365478515625
29.782201766967773,59.84000015258789,1000.0,204.0,-1.005710482597351,0.02297843247652054,8.0,0.9979270696640015,0.9979270696640015,0.9979270696640015,0.02134563773870468,5.400000009103678e-05,0.08857575058937073,4100000.0,-0.0210740864276886,0.0005787871778011322,0.09463302046060562,0.029455825686454773,0.0006906837224960327,3.0211737155914307,9490.04296875,28.209102630615234,26.039566040039062,54.24966812133789,368.6658630371094
29.754186630249023,60.439998626708984,1000.0,205.0,-1.0133692026138306,0.020005453377962112,8.0,0.9995423555374146,0.9995423555374146,0.9995423555374146,0.021377626806497574,5.279999822960235e-05,0.08789434283971786,4120000.0,-0.019622186198830605,0.001451900228857994,-0.05322730541229248,0.032270822674036026,0.002814996987581253,3.046748161315918,9544.208984375,28.099342346191406,26.046138763427734,54.14548110961914,369.375244140625
30.12054443359375,58.02000045776367,1000.0,206.0,-1.0203473567962646,0.0207243412733078,8.0,0.9967594742774963,0.9967594742774963,0.9967594742774963,0.02097811922430992,5.160000000614673e-05,0.08727635443210602,4140000.0,-0.019569765776395798,5.2420422434806824e-05,-0.13071592152118683,0.03063219226896763,-0.0016386304050683975,3.0386416912078857,9598.982421875,28.49210548400879,26.26093864440918,54.75304412841797,365.2764892578125
30.140056610107422,58.220001220703125,1000.0,207.0,-1.0291305780410767,0.02131282351911068,8.0,0.999238908290863,0.999238908290863,0.999238908290863,0.020785188302397728,5.0400001782691106e-05,0.08650268614292145,4160000.0,-0.020300500094890594,-0.0007307343184947968,-0.2927665710449219,0.029380304738879204,-0.0012518875300884247,3.0220510959625244,9653.515625,28.065792083740234,26.434429168701172,54.500221252441406,366.9709777832031
29.890029907226562,61.619998931884766,1000.0,208.0,-1.0360608100891113,0.02126629836857319,7.0,0.9975826740264893,0.9975826740264893,0.9975826740264893,0.019980445504188538,4.9199999921256676e-05,0.08589989691972733,4180000.0,-0.016930732876062393,0.0033697672188282013,-0.00189170241355896,0.031799331307411194,0.00241902656853199,3.0185511112213135,9703.564453125,26.815736770629883,23.2120304107666,50.027767181396484,399.7779846191406
29.701528549194336,69.76000213623047,1000.0,209.0,-1.0424171686172485,0.020861320197582245,9.0,0.9979850053787231,0.9979850053787231,0.9979850053787231,0.020356815308332443,4.8000001697801054e-05,0.08535303175449371,4200000.0,-0.02059459127485752,-0.003663858398795128,-0.030128195881843567,0.03135378286242485,-0.0004455484449863434,3.02401065826416,9760.7373046875,27.254404067993164,29.88956069946289,57.14396667480469,349.99322509765625
29.621051788330078,66.54000091552734,1000.0,210.0,-1.0518052577972412,0.021540788933634758,10.0,0.9958410263061523,0.9958410263061523,0.9958410263061523,0.021068494766950607,4.6799999836366624e-05,0.0845542922616005,4220000.0,-0.02307717502117157,-0.0024825837463140488,-0.05148404836654663,0.03058498166501522,-0.0007688011974096298,3.0117580890655518,9821.521484375,27.236602783203125,33.527099609375,60.763702392578125,329.14385986328125
29.678421020507812,65.81999969482422,1000.0,211.0,-1.0614720582962036,0.02193542942404747,10.0,0.9971627593040466,0.9971627593040466,0.9971627593040466,0.020974667742848396,4.5600001612911e-05,0.08373580873012543,4240000.0,-0.023416467010974884,-0.0003392919898033142,0.05960369110107422,0.028730245307087898,-0.0018547363579273224,3.013979196548462,9881.2158203125,27.147319793701172,32.52566909790039,59.673988342285156,335.1544189453125
29.455293655395508,62.459999084472656,1000.0,212.0,-1.06792151927948,0.02029980532824993,10.0,0.9974672794342041,0.9974672794342041,0.9974672794342041,0.021499475464224815,4.439999975147657e-05,0.08319639414548874,4260000.0,-0.02328215353190899,0.00013431347906589508,0.06638644635677338,0.02970486506819725,0.0009746197611093521,3.01042103767395,9941.5029296875,28.433155059814453,31.834346771240234,60.26750183105469,331.85382080078125
29.55417251586914,64.45999908447266,1000.0,213.0,-1.0752778053283691,0.02064039558172226,10.0,0.9976248741149902,0.9976248741149902,0.9976248741149902,0.02111103944480419,4.320000152802095e-05,0.08259177207946777,4280000.0,-0.023066826164722443,0.00021532736718654633,0.2402416169643402,0.02955334447324276,-0.00015152059495449066,3.0077738761901855,10002.1943359375,29.120229721069336,31.550880432128906,60.671112060546875,329.64617919921875
29.540098190307617,61.540000915527344,1000.0,214.0,-1.0882643461227417,0.021063800901174545,11.0,0.9971904754638672,0.9971904754638672,0.9971904754638672,0.021091278642416,4.199999966658652e-05,0.08152209222316742,4300000.0,-0.02419571578502655,-0.0011288896203041077,-0.14902320504188538,0.02916724607348442,-0.00038609839975833893,3.0534653663635254,10067.1396484375,29.59419059753418,35.32971954345703,64.92391204833984,308.05291748046875
29.416431427001953,62.63999938964844,1000.0,215.0,-1.1025820970535278,0.020857330411672592,10.0,0.9979972839355469,0.9979972839355469,0.9979972839355469,0.021028071641921997,4.0800001443130895e-05,0.08036155253648758,4320000.0,-0.02310187742114067,0.0010938383638858795,0.1792270988225937,0.02790737897157669,-0.00125986710190773,3.030531644821167,10127.6845703125,27.652145385742188,32.872310638427734,60.52445602416992,330.4449462890625
29.747779846191406,58.2599983215332,1000.0,216.0,-1.113893747329712,0.02088281139731407,11.0,0.9954110383987427,0.9954110383987427,0.9954110383987427,0.02092793956398964,3.9599999581696466e-05,0.07944949716329575,4340000.0,-0.02352718636393547,-0.0004253089427947998,0.06537936627864838,0.031237518414855003,0.0033301394432783127,3.0615077018737793,10191.09765625,26.56602668762207,36.82626724243164,63.392295837402344,315.4957580566406
29.716699600219727,63.65999984741211,1000.0,217.0,-1.1234796047210693,0.02033158950507641,11.0,0.9983378052711487,0.9983378052711487,0.9983378052711487,0.020179718732833862,3.840000135824084e-05,0.07868871092796326,4360000.0,-0.025492388755083084,-0.0019652023911476135,-0.04675193503499031,0.028925200924277306,-0.0023123174905776978,3.037446975708008,10253.8623046875,27.11482048034668,35.629005432128906,62.74382781982422,318.7564392089844
30.031003952026367,70.33999633789062,1000.0,218.0,-1.1319879293441772,0.020166903734207153,11.0,0.997138500213623,0.997138500213623,0.997138500213623,0.020096931606531143,3.719999949680641e-05,0.07802444696426392,4380000.0,-0.024147627875208855,0.0013447608798742294,0.07247995585203171,0.03183317184448242,0.0029079709202051163,3.06143856048584,10318.44921875,29.765275955200195,34.80050277709961,64.56578063964844,309.7615966796875
29.95309829711914,74.55999755859375,1000.0,219.0,-1.14299476146698,0.020009925588965416,12.0,0.9974456429481506,0.9974456429481506,0.9974456429481506,0.02038581483066082,3.600000127335079e-05,0.07717139273881912,4400000.0,-0.024751190096139908,-0.0006035622209310532,0.23268038034439087,0.02821379341185093,-0.0036193784326314926,3.0599069595336914,10385.7060546875,28.90654754638672,38.32876205444336,67.23530578613281,297.4627685546875
29.84243392944336,75.41999816894531,1000.0,220.0,-1.1543678045272827,0.020797958597540855,13.0,0.9962189793586731,0.9962189793586731,0.9962189793586731,0.019818244501948357,3.479999941191636e-05,0.07629400491714478,4420000.0,-0.02547609433531761,-0.0007249042391777039,-0.15812836587429047,0.0262866523116827,-0.0019271411001682281,3.0564606189727783,10456.0185546875,27.680356979370117,42.60966491699219,70.29002380371094,284.535400390625
29.717880249023438,64.30000305175781,1000.0,221.0,-1.1679812669754028,0.021694311872124672,12.0,0.9947691559791565,0.9947691559791565,0.9947691559791565,0.020694728940725327,3.360000118846074e-05,0.07526156306266785,4440000.0,-0.0265220794826746,-0.001045985147356987,0.28481969237327576,0.029795749112963676,0.0035090968012809753,3.0538675785064697,10520.91015625,25.550247192382812,39.312259674072266,64.86250305175781,308.34454345703125
29.86560821533203,59.13999938964844,1000.0,222.0,-1.18280827999115,0.022219069302082062,12.0,0.9962682723999023,0.9962682723999023,0.9962682723999023,0.020360281690955162,3.239999932702631e-05,0.07415392994880676,4460000.0,-0.025283582508563995,0.0012384969741106033,0.05761970579624176,0.030972745269536972,0.0011769961565732956,3.0505294799804688,10588.544921875,27.74441146850586,39.86811828613281,67.61253356933594,295.80316162109375
29.910829544067383,56.459999084472656,1000.0,223.0,-1.196696162223816,0.02043628878891468,13.0,0.9987041354179382,0.9987041354179382,0.9987041354179382,0.019676420837640762,3.1200001103570685e-05,0.07313335686922073,4480000.0,-0.025951487943530083,-0.0006679054349660873,0.28001174330711365,0.02797813154757023,-0.0029946137219667435,3.0344340801239014,10658.4794921875,26.908266067504883,43.00367736816406,69.91194152832031,286.07415771484375
30.06954574584961,55.47999954223633,1000.0,224.0,-1.2080894708633423,0.02016325481235981,12.0,0.9981483817100525,0.9981483817100525,0.9981483817100525,0.019288836047053337,2.9999999242136255e-05,0.07230506837368011,4500000.0,-0.025746917352080345,0.00020457059144973755,-0.0983022078871727,0.028527703136205673,0.0005495715886354446,3.021479606628418,10723.58984375,25.692134857177734,39.39738464355469,65.08951568603516,307.2691345214844
29.907052993774414,62.13999938964844,1000.0,225.0,-1.2162349224090576,0.021566346287727356,14.0,0.996886670589447,0.996886670589447,0.996886670589447,0.020878933370113373,2.879999919969123e-05,0.07171688973903656,4520000.0,-0.027300970628857613,-0.0015540532767772675,-0.09656462073326111,0.028407076373696327,-0.00012062676250934601,3.004781723022461,10795.0087890625,25.59404945373535,45.801300048828125,71.39534759521484,280.1302795410156
29.967470169067383,68.5199966430664,1000.0,226.0,-1.2230674028396606,0.021255910396575928,15.0,0.997795820236206,0.997795820236206,0.997795820236206,0.020321767777204514,2.7599999157246202e-05,0.07122860848903656,4540000.0,-0.027932416647672653,-0.0006314460188150406,-0.05707436427474022,0.028898291289806366,0.0004912149161100388,2.9794914722442627,10870.384765625,26.92567253112793,48.41673278808594,75.3424072265625,265.4547424316406
29.766550064086914,75.04000091552734,1000.0,227.0,-1.2327882051467896,0.021380530670285225,16.0,0.9958540201187134,0.9958540201187134,0.9958540201187134,0.019782671704888344,2.6399999114801176e-05,0.07054110616445541,4560000.0,-0.02865559421479702,-0.0007231775671243668,-0.21457736194133759,0.026949629187583923,-0.0019486621022224426,2.9910216331481934,10949.2705078125,25.99639892578125,52.86617660522461,78.86257934570312,253.605712890625
30.040098190307617,65.55999755859375,1000.0,228.0,-1.246148943901062,0.02056564949452877,17.0,0.9968035221099854,0.9968035221099854,0.9968035221099854,0.02009263075888157,2.5200000891345553e-05,0.06960418820381165,4580000.0,-0.028193941339850426,0.00046165287494659424,0.13853582739830017,0.03227682411670685,0.005327194929122925,3.0117573738098145,11029.1513671875,24.231016159057617,55.627349853515625,79.85836791992188,250.44338989257812
29.715879440307617,69.73999786376953,1000.0,229.0,-1.2583491802215576,0.02028672955930233,15.0,0.9995090961456299,0.9995090961456299,0.9995090961456299,0.019293269142508507,2.4000000848900527e-05,0.06875954568386078,4600000.0,-0.026729200035333633,0.0014647413045167923,-0.07990485429763794,0.03114217147231102,-0.0011346526443958282,3.005957841873169,11105.515625,27.772872924804688,48.56822967529297,76.34110260009766,261.9820556640625
29.831737518310547,65.30000305175781,1000.0,230.0,-1.2726229429244995,0.0200041476637125,17.0,0.9981776475906372,0.9981776475906372,0.9981776475906372,0.020059552043676376,2.28000008064555e-05,0.06778308749198914,4620000.0,-0.02892158553004265,-0.002192385494709015,0.16074730455875397,0.029664048925042152,-0.0014781225472688675,3.009544849395752,11186.3115234375,25.557422637939453,55.21627426147461,80.77369689941406,247.60536193847656
29.766416549682617,71.58000183105469,1000.0,231.0,-1.2871768474578857,0.02146545797586441,19.0,0.9969150424003601,0.9969150424003601,0.9969150424003601,0.02018097974359989,2.1600000764010474e-05,0.06680240482091904,4640000.0,-0.030492335557937622,-0.0015707500278949738,-0.2328299582004547,0.02740745060145855,-0.002256598323583603,3.004992961883545,11273.0185546875,25.670856475830078,61.014312744140625,86.68517303466797,230.719970703125
29.1152400970459,63.52000045776367,1000.0,232.0,-1.2969622611999512,0.020519599318504333,20.0,1.0001065731048584,1.0001065731048584,1.0001065731048584,0.01971590332686901,2.0400000721565448e-05,0.06615403294563293,4660000.0,-0.02882620319724083,0.0016661323606967926,0.2079305648803711,0.028443550691008568,0.0010361000895500183,2.9760563373565674,11364.529296875,27.415931701660156,64.06953430175781,91.48546600341797,218.6139678955078
29.089601516723633,58.58000183105469,1000.0,233.0,-1.3079484701156616,0.020402075722813606,22.0,0.9981904625892639,0.9981904625892639,0.9981904625892639,0.01974918320775032,1.920000067912042e-05,0.06543412059545517,4680000.0,-0.031212348490953445,-0.002386145293712616,0.07116645574569702,0.02692428231239319,-0.0015192683786153793,3.0192818641662598,11461.677734375,26.534378051757812,70.58953857421875,97.12391662597656,205.92250061035156
29.047212600708008,60.540000915527344,1000.0,234.0,-1.3206355571746826,0.020443111658096313,19.0,0.9977976679801941,0.9977976679801941,0.9977976679801941,0.019657529890537262,1.8000000636675395e-05,0.06460981070995331,4700000.0,-0.03068036586046219,0.0005319826304912567,0.10759347677230835,0.027384161949157715,0.00045987963676452637,3.0299012660980225,11547.4423828125,24.757904052734375,60.97789764404297,85.73580169677734,233.2747802734375
29.906225204467773,61.86000061035156,1000.0,235.0,-1.3333346843719482,0.020130841061472893,21.0,0.998202383518219,0.998202383518219,0.998202383518219,0.01976105198264122,1.680000059423037e-05,0.0637957900762558,4720000.0,-0.03164643049240112,-0.0009660646319389343,-0.12734229862689972,0.028787018731236458,0.001402856782078743,3.002162218093872,11639.5849609375,25.500896453857422,66.6185073852539,92.1194076538086,217.10952758789062
29.672941207885742,63.70000076293945,1000.0,236.0,-1.345505714416504,0.02032594196498394,22.0,0.9974119663238525,0.9974119663238525,0.9974119663238525,0.019203104078769684,1.5600000551785342e-05,0.0630284920334816,4740000.0,-0.03155814856290817,8.828192949295044e-05,-0.04149078577756882,0.02774280123412609,-0.0010442174971103668,2.994537830352783,11736.6328125,27.00252342224121,70.01934051513672,97.02186584472656,206.13909912109375
29.730052947998047,71.4800033569336,1000.0,237.0,-1.3583192825317383,0.02030486799776554,27.0,0.9978206157684326,0.9978206157684326,0.9978206157684326,0.019797472283244133,1.4399999599845614e-05,0.06222616881132126,4760000.0,-0.03297921270132065,-0.0014210641384124756,0.13628703355789185,0.030995361506938934,0.0032525602728128433,2.991793632507324,11846.1748046875,25.24225616455078,84.27296447753906,109.51622772216797,182.621337890625
30.22134780883789,64.22000122070312,1000.0,238.0,-1.3731995820999146,0.020724613219499588,27.0,0.9947705268859863,0.9947705268859863,0.9947705268859863,0.01935383677482605,1.3199999557400588e-05,0.06130911782383919,4780000.0,-0.0327412486076355,0.00023796409368515015,-0.17212048172950745,0.030757974833250046,-0.00023738667368888855,3.0368430614471436,11957.4482421875,26.91897201538086,84.32490539550781,111.244873046875,179.7835693359375
30.040485382080078,59.880001068115234,1000.0,239.0,-1.3876270055770874,0.020512813702225685,31.0,0.9976983666419983,0.9976983666419983,0.9976983666419983,0.019590133801102638,1.2000000424450263e-05,0.060432203114032745,4800000.0,-0.03425866365432739,-0.0015174150466918945,0.12451906502246857,0.028143038973212242,-0.0026149358600378036,3.0157835483551025,12082.6552734375,28.42877197265625,96.75106048583984,125.1798324584961,159.7701416015625
30.6276912689209,49.86000061035156,1000.0,240.0,-1.399632215499878,0.02040482871234417,34.0,0.9970859289169312,0.9970859289169312,0.9970859289169312,0.019502053037285805,1.0800000382005237e-05,0.05971304699778557,4820000.0,-0.0333499014377594,0.0009087622165679932,-0.15283627808094025,0.02877996675670147,0.0006369277834892273,3.059889793395996,12216.4423828125,26.89855194091797,106.85905456542969,133.7576141357422,149.52420043945312
30.098173141479492,64.55999755859375,1000.0,241.0,-1.4115662574768066,0.020160673186182976,37.0,0.9966660737991333,0.9966660737991333,0.9966660737991333,0.01933767832815647,9.60000033956021e-06,0.05900374799966812,4840000.0,-0.03366924077272415,-0.0003193393349647522,0.13613668084144592,0.02854137495160103,-0.00023859180510044098,3.007899045944214,12357.33984375,25.168668746948242,115.69876098632812,140.867431640625,141.9774627685547
29.787729263305664,65.26000213623047,1000.0,242.0,-1.4224951267242432,0.018988152965903282,40.0,0.9979177117347717,0.9979177117347717,0.9979177117347717,0.018835801631212234,8.400000297115184e-06,0.05835889279842377,4860000.0,-0.034699130803346634,-0.0010298900306224823,0.024072416126728058,0.028359955176711082,-0.00018141977488994598,3.021407127380371,12504.134765625,22.056049346923828,124.70836639404297,146.76441955566406,136.27281188964844
29.620718002319336,69.86000061035156,1000.0,243.0,-1.4346693754196167,0.01798192225396633,40.0,0.9975242614746094,0.9975242614746094,0.9975242614746094,0.018240999430418015,7.199999799922807e-06,0.05765296146273613,4880000.0,-0.033362921327352524,0.00133620947599411,-0.05931238830089569,0.029245156794786453,0.0008852016180753708,3.046030282974243,12653.7392578125,26.4794979095459,123.0914306640625,149.57093811035156,133.7158203125
29.99512481689453,60.91999816894531,1000.0,244.0,-1.4468694925308228,0.015913687646389008,40.0,0.9976404309272766,0.9976404309272766,0.9976404309272766,0.017264965921640396,6.000000212225132e-06,0.0569523423910141,4900000.0,-0.03201928734779358,0.0013436339795589447,-0.21533240377902985,0.028108617290854454,-0.0011365395039319992,3.051978349685669,12805.6962890625,26.885540008544922,125.035888671875,151.92141723632812,131.64700317382812
30.268049240112305,55.47999954223633,1000.0,245.0,-1.4577347040176392,0.01412701141089201,40.0,0.9982194900512695,0.9982194900512695,0.9982194900512695,0.016183340921998024,4.800000169780105e-06,0.05633729323744774,4920000.0,-0.03021889179944992,0.0018003955483436584,-0.14139655232429504,0.028209906071424484,0.00010128878057003021,3.046929359436035,12953.3828125,24.13953399658203,123.5134506225586,147.65298461914062,135.45272827148438
30.27637481689453,59.5,1000.0,246.0,-1.4657435417175293,0.012156414799392223,40.0,0.9981052279472351,0.9981052279472351,0.9981052279472351,0.014844894409179688,3.5999998999614036e-06,0.05588793382048607,4940000.0,-0.026848668232560158,0.003370223566889763,-0.12468016147613525,0.02956167422235012,0.0013517681509256363,3.0841434001922607,13100.9833984375,22.53741455078125,125.031982421875,147.56939697265625,135.5294647216797
30.52553939819336,51.060001373291016,1000.0,247.0,-1.4711134433746338,0.00969045888632536,40.0,0.9984216094017029,0.9984216094017029,0.9984216094017029,0.013660291209816933,2.4000000848900527e-06,0.05558794364333153,4960000.0,-0.024203194305300713,0.002645473927259445,0.32277587056159973,0.03022065758705139,0.0006589833647012711,3.0981063842773438,13245.900390625,21.57329559326172,123.31248474121094,144.88577270507812,138.03977966308594
30.667564392089844,48.119998931884766,1000.0,248.0,-1.4754626750946045,0.007216570898890495,40.0,0.9998878240585327,0.9998878240585327,0.9998878240585327,0.012272967956960201,1.2000000424450263e-06,0.0553462915122509,4980000.0,-0.019208140671253204,0.004995053634047508,-0.25087061524391174,0.03219173103570938,0.0019710734486579895,3.080505132675171,13390.8408203125,21.468626022338867,123.44100189208984,144.9096221923828,138.01705932617188
30.50052261352539,45.560001373291016,1000.0,249.0,-1.477505087852478,0.005335060879588127,40.0,0.9992313981056213,0.9992313981056213,0.9992313981056213,0.010781362652778625,0.0,0.055233877152204514,5000000.0,-0.014386831782758236,0.004821308888494968,0.13501061499118805,0.028311792761087418,-0.0038799382746219635,3.085470199584961,13535.8701171875,21.705568313598633,123.29232788085938,144.99789428710938,137.9330291748047
