Metrics/EpRet,Metrics/EpCost,Metrics/EpLen,Train/Epoch,Train/Entropy,Train/KL,Train/StopIter,Train/PolicyRatio,Train/PolicyRatio/Min,Train/PolicyRatio/Max,Train/PolicyRatio/Std,Train/LR,Train/PolicyStd,TotalEnvSteps,Loss/Loss_pi,Loss/Loss_pi/Delta,Value/Adv,Loss/Loss_reward_critic,Loss/Loss_reward_critic/Delta,Value/reward,Loss/Loss_cost_critic,Loss/Loss_cost_critic/Delta,Value/cost,Time/Total,Time/Rollout,Time/Update,Time/Epoch,Time/FPS,Metrics/LagrangeMultiplier,Metrics/LagrangeMultiplier/Min,Metrics/LagrangeMultiplier/Max,Metrics/LagrangeMultiplier/Std
-1.254857063293457,64.875,1000.0,0.0,1.4050039052963257,0.016027212142944336,40.0,1.0023564100265503,1.0023564100265503,1.0023564100265503,0.01807461492717266,0.00029880000511184335,0.9861729145050049,20000.0,-0.016490664333105087,-0.016490664333105087,-0.4136303663253784,0.004450698383152485,0.004450698383152485,-0.01255660131573677,1.96998131275177,1.96998131275177,0.01692366972565651,177.04776000976562,23.298891067504883,153.7478790283203,177.04676818847656,112.96450805664062,0.035999998450279236,0.035999998450279236,0.035999998450279236,0.0
-1.089294672012329,87.71875,1000.0,1.0,1.39609694480896,0.020284131169319153,24.0,0.9977239966392517,0.9977239966392517,0.9977239966392517,0.02084333822131157,0.0002975999959744513,0.9774364829063416,40000.0,-0.019806241616606712,-0.003315577283501625,-0.013712145388126373,0.0033184292260557413,-0.0011322691570967436,-0.005214680451899767,1.693453311920166,-0.276528000831604,1.1897623538970947,295.9825439453125,22.788677215576172,96.1018295288086,118.8905029296875,168.22201538085938,0.07056005299091339,0.07056005299091339,0.07056005299091339,0.0
-0.5743710994720459,79.0625,1000.0,2.0,1.368955373764038,0.022489944472908974,16.0,1.0008225440979004,1.0008225440979004,1.0008225440979004,0.021413566544651985,0.00029639998683705926,0.951265275478363,60000.0,-0.018609847873449326,0.0011963937431573868,-0.028740182518959045,0.004595946054905653,0.0012775168288499117,-0.023270823061466217,1.7189664840698242,0.025513172149658203,2.161066770553589,381.6331481933594,22.164762496948242,63.45274353027344,85.61750793457031,233.59707641601562,0.10531702637672424,0.10531702637672424,0.10531702637672424,0.0
0.4539646804332733,98.76000213623047,1000.0,3.0,1.346434473991394,0.02038796991109848,15.0,0.9981820583343506,0.9981820583343506,0.9981820583343506,0.02055422030389309,0.00029520000680349767,0.9300730228424072,80000.0,-0.021193113178014755,-0.0025832653045654297,0.09070901572704315,0.0073996675200760365,0.0028037214651703835,0.04208284616470337,3.121652603149414,1.4026861190795898,3.2180933952331543,464.46588134765625,22.431747436523438,60.37442398071289,82.8061752319336,241.52789306640625,0.1402510553598404,0.1402510553598404,0.1402510553598404,0.0
1.6269503831863403,80.12000274658203,1000.0,4.0,1.3227641582489014,0.02004333585500717,15.0,1.0008937120437622,1.0008937120437622,1.0008937120437622,0.020898792892694473,0.00029399999766610563,0.9083312749862671,100000.0,-0.021780867129564285,-0.00058775395154953,-0.27461516857147217,0.007504906039685011,0.00010523851960897446,0.06346268206834793,2.1975643634796143,-0.9240882396697998,5.398544788360596,547.303466796875,22.27164649963379,60.53951644897461,82.81116485595703,241.51333618164062,0.1750880777835846,0.1750880777835846,0.1750880777835846,0.0
2.2151737213134766,96.66000366210938,1000.0,5.0,1.296314001083374,0.02178296446800232,15.0,0.9999903440475464,0.9999903440475464,0.9999903440475464,0.020766938105225563,0.0002927999885287136,0.884610652923584,120000.0,-0.023665254935622215,-0.00188438780605793,0.1673511266708374,0.005112681537866592,-0.0023922245018184185,0.039457883685827255,2.273672580718994,0.07610821723937988,6.204303741455078,630.6675415039062,22.68255043029785,60.65401077270508,83.33656311035156,239.99070739746094,0.21020494401454926,0.21020494401454926,0.21020494401454926,0.0
2.8911187648773193,80.9000015258789,1000.0,6.0,1.2719688415527344,0.020713357254862785,14.0,0.9990929961204529,0.9990929961204529,0.9990929961204529,0.02079799585044384,0.000291600008495152,0.8633832931518555,140000.0,-0.02353655733168125,0.00012869760394096375,0.017150212079286575,0.010743768885731697,0.005631087347865105,0.16873878240585327,2.3856258392333984,0.1119532585144043,6.746866226196289,712.20703125,23.576438903808594,57.93655776977539,81.51299285888672,245.35964965820312,0.24515293538570404,0.24515293538570404,0.24515293538570404,0.0
3.4738047122955322,86.36000061035156,1000.0,7.0,1.2549262046813965,0.02168392390012741,14.0,1.0003795623779297,1.0003795623779297,1.0003795623779297,0.021149003878235817,0.00029039999935775995,0.8487805128097534,160000.0,-0.026330968365073204,-0.0027944110333919525,0.1925162971019745,0.009241163730621338,-0.0015026051551103592,0.17851358652114868,2.3953888416290283,0.009763002395629883,6.836385250091553,792.3446655273438,22.322778701782227,57.787776947021484,80.11055755615234,249.6549835205078,0.2801491320133209,0.2801491320133209,0.2801491320133209,0.0
4.465488433837891,70.04000091552734,1000.0,8.0,1.2347445487976074,0.021951021626591682,11.0,0.9998103976249695,0.9998103976249695,0.9998103976249695,0.02067728340625763,0.0002891999902203679,0.8317983746528625,180000.0,-0.02279607020318508,0.0035348981618881226,0.25091108679771423,0.011686735786497593,0.002445572055876255,0.26150888204574585,2.4419500827789307,0.046561241149902344,6.734776496887207,861.0057373046875,21.96755027770996,46.6669921875,68.6345443725586,291.3984680175781,0.3145640790462494,0.3145640790462494,0.3145640790462494,0.0
5.025184631347656,58.36000061035156,1000.0,9.0,1.2173211574554443,0.021088967099785805,14.0,1.000524878501892,1.000524878501892,1.000524878501892,0.021810952574014664,0.0002880000101868063,0.817423939704895,200000.0,-0.02496853657066822,-0.002172466367483139,-0.042686909437179565,0.012629094533622265,0.0009423587471246719,0.2986714243888855,1.680845856666565,-0.7611042261123657,5.9273247718811035,939.5267333984375,22.26738166809082,56.22853088378906,78.49591064453125,254.7903289794922,0.34790369868278503,0.34790369868278503,0.34790369868278503,0.0
6.192801475524902,59.560001373291016,1000.0,10.0,1.1957207918167114,0.02045874297618866,11.0,0.9994218945503235,0.9994218945503235,0.9994218945503235,0.02179695852100849,0.0002868000010494143,0.7999475002288818,220000.0,-0.028328942134976387,-0.0033604055643081665,-0.26234176754951477,0.012064873240888119,-0.0005642212927341461,0.41984185576438904,2.3369290828704834,0.6560832262039185,5.755454063415527,1007.2310180664062,22.848520278930664,44.83066177368164,67.67918395996094,295.5118408203125,0.3804436922073364,0.3804436922073364,0.3804436922073364,0.0
6.807271957397461,57.91999816894531,1000.0,11.0,1.175196886062622,0.020158957690000534,8.0,0.9994189739227295,0.9994189739227295,0.9994189739227295,0.020680420100688934,0.00028559999191202223,0.7837063670158386,240000.0,-0.020914509892463684,0.007414432242512703,0.08248329162597656,0.01203219685703516,-3.267638385295868e-05,0.4424886107444763,2.245675563812256,-0.09125351905822754,6.195335388183594,1063.540771484375,23.019573211669922,33.26462173461914,56.28419494628906,355.33953857421875,0.41223520040512085,0.41223520040512085,0.41223520040512085,0.0
7.373783111572266,67.4000015258789,1000.0,12.0,1.1578773260116577,0.024021541699767113,11.0,0.997672975063324,0.997672975063324,0.997672975063324,0.022112950682640076,0.00028440001187846065,0.7702710032463074,260000.0,-0.030050471425056458,-0.009135961532592773,0.07425826042890549,0.014782295562326908,0.002750098705291748,0.532842755317688,2.3935909271240234,0.14791536331176758,6.293960094451904,1131.0677490234375,22.645360946655273,44.8575553894043,67.50292205810547,296.2834777832031,0.4439430832862854,0.4439430832862854,0.4439430832862854,0.0
7.950349807739258,69.37999725341797,1000.0,13.0,1.1374882459640503,0.02072359062731266,9.0,0.9987727999687195,0.9987727999687195,0.9987727999687195,0.021208180114626884,0.0002832000027410686,0.7547755837440491,280000.0,-0.026673316955566406,0.0033771544694900513,-0.25368577241897583,0.012605439871549606,-0.002176855690777302,0.6202334761619568,2.9883952140808105,0.5948042869567871,6.924969673156738,1192.0445556640625,23.9498233795166,37.00202941894531,60.95185470581055,328.1278381347656,0.4756942689418793,0.4756942689418793,0.4756942689418793,0.0
8.909040451049805,74.62000274658203,1000.0,14.0,1.123321771621704,0.020808720961213112,10.0,1.0001708269119263,1.0001708269119263,1.0001708269119263,0.021535098552703857,0.00028199999360367656,0.744144856929779,300000.0,-0.027706343680620193,-0.0010330267250537872,-0.36934250593185425,0.014253205619752407,0.0016477657482028008,0.6581569314002991,2.557220220565796,-0.43117499351501465,7.337427139282227,1255.57373046875,23.176651000976562,40.32872009277344,63.505374908447266,314.9339904785156,0.507742166519165,0.507742166519165,0.507742166519165,0.0
9.480210304260254,70.41999816894531,1000.0,15.0,1.1050463914871216,0.020244501531124115,9.0,0.9997276067733765,0.9997276067733765,0.9997276067733765,0.020795896649360657,0.00028080001357011497,0.7306718826293945,320000.0,-0.024258386343717575,0.0034479573369026184,-0.17713701725006104,0.015404684469103813,0.001151478849351406,0.7457905411720276,2.1284265518188477,-0.42879366874694824,7.485968589782715,1315.8448486328125,23.79409408569336,36.45040512084961,60.244503021240234,331.9804992675781,0.5398494601249695,0.5398494601249695,0.5398494601249695,0.0
9.906594276428223,58.31999969482422,1000.0,16.0,1.0948295593261719,0.020427506417036057,10.0,1.0000461339950562,1.0000461339950562,1.0000461339950562,0.021019253879785538,0.0002796000044327229,0.7232239246368408,340000.0,-0.028604403138160706,-0.0043460167944431305,0.1644715666770935,0.012549434788525105,-0.0028552496805787086,0.7579466700553894,2.057138681411743,-0.07128787040710449,7.216525077819824,1380.997314453125,24.607995986938477,40.52030944824219,65.12830352783203,307.0861511230469,0.5713650584220886,0.5713650584220886,0.5713650584220886,0.0
10.170805931091309,58.20000076293945,1000.0,17.0,1.0812034606933594,0.022332381457090378,10.0,0.9998318552970886,0.9998318552970886,0.9998318552970886,0.021309727802872658,0.0002783999952953309,0.7134554982185364,360000.0,-0.029251927509903908,-0.0006475243717432022,0.2189570665359497,0.014913623221218586,0.0023641884326934814,0.8081620335578918,2.0632200241088867,0.006081342697143555,6.536403179168701,1445.233642578125,23.3504581451416,40.86161422729492,64.21207427978516,311.4679260253906,0.6023690700531006,0.6023690700531006,0.6023690700531006,0.0
10.727248191833496,54.36000061035156,1000.0,18.0,1.0656487941741943,0.02247747965157032,10.0,1.0010477304458618,1.0010477304458618,1.0010477304458618,0.021488448604941368,0.00027719998615793884,0.7024562358856201,380000.0,-0.02644454687833786,0.0028073806315660477,0.13899070024490356,0.01431084144860506,-0.0006027817726135254,0.8737300634384155,1.772886872291565,-0.2903331518173218,6.559247016906738,1510.023681640625,24.622709274291992,40.14215087890625,64.76486206054688,308.8094177246094,0.63270103931427,0.63270103931427,0.63270103931427,0.0
10.654908180236816,53.34000015258789,1000.0,19.0,1.0463789701461792,0.021901734173297882,8.0,1.0007922649383545,1.0007922649383545,1.0007922649383545,0.021929048001766205,0.00027600000612437725,0.6890910863876343,400000.0,-0.02411803789436817,0.0023265089839696884,0.20157146453857422,0.016824938356876373,0.0025140969082713127,0.9072265625,1.7080228328704834,-0.06486403942108154,6.070906162261963,1566.084228515625,24.35862922668457,31.678701400756836,56.037330627441406,356.9049377441406,0.6623867154121399,0.6623867154121399,0.6623867154121399,0.0
10.570549011230469,50.0,1000.0,20.0,1.033090353012085,0.021084247156977654,9.0,0.9997438192367554,0.9997438192367554,0.9997438192367554,0.02159913256764412,0.0002747999969869852,0.6799886226654053,420000.0,-0.024573994800448418,-0.00045595690608024597,0.3378986716270447,0.01612739823758602,-0.0006975401192903519,0.8881369829177856,1.6317253112792969,-0.07629752159118652,6.263088703155518,1627.9033203125,25.701061248779297,36.094482421875,61.7955436706543,323.6479187011719,0.6912906169891357,0.6912906169891357,0.6912906169891357,0.0
10.543719291687012,47.34000015258789,1000.0,21.0,1.0198701620101929,0.0210574958473444,8.0,1.000734806060791,1.000734806060791,1.000734806060791,0.0211584884673357,0.00027359998784959316,0.6710244417190552,440000.0,-0.0253574438393116,-0.0007834490388631821,-0.005234207957983017,0.017258210107684135,0.001130811870098114,0.9504702091217041,2.4784257411956787,0.8467004299163818,6.426696300506592,1685.78271484375,26.59866714477539,31.25665283203125,57.85531997680664,345.6899108886719,0.719325840473175,0.719325840473175,0.719325840473175,0.0
10.220030784606934,50.5,1000.0,22.0,1.015592336654663,0.020413566380739212,10.0,1.0013277530670166,1.0013277530670166,1.0013277530670166,0.02140473946928978,0.0002724000078160316,0.668171226978302,460000.0,-0.030407482758164406,-0.005050038918852806,0.21272873878479004,0.01574862003326416,-0.0015095900744199753,0.8530556559562683,2.1125590801239014,-0.36586666107177734,5.5242533683776855,1750.679931640625,24.468063354492188,40.40621566772461,64.87427520751953,308.2886047363281,0.7468175292015076,0.7468175292015076,0.7468175292015076,0.0
11.000479698181152,57.779998779296875,1000.0,23.0,0.9995773434638977,0.020227309316396713,8.0,1.0005073547363281,1.0005073547363281,1.0005073547363281,0.021811481565237045,0.00027119999867863953,0.6576066017150879,480000.0,-0.029156262055039406,0.001251220703125,-0.07842676341533661,0.018074553459882736,0.002325933426618576,1.0647196769714355,2.4025230407714844,0.289963960647583,6.9793171882629395,1809.39208984375,26.087068557739258,32.599609375,58.686676025390625,340.7928466796875,0.7743300795555115,0.7743300795555115,0.7743300795555115,0.0
11.641745567321777,59.220001220703125,1000.0,24.0,0.9861446022987366,0.020925162360072136,7.0,1.0015493631362915,1.0015493631362915,1.0015493631362915,0.02008516527712345,0.0002699999895412475,0.648776650428772,500000.0,-0.02465963363647461,0.0044966284185647964,0.16363754868507385,0.0195040013641119,0.0014294479042291641,1.1267954111099243,2.52008318901062,0.11756014823913574,7.376651763916016,1865.246826171875,25.759523391723633,30.071094512939453,55.83061599731445,358.22637939453125,0.8019689321517944,0.8019689321517944,0.8019689321517944,0.0
13.51341438293457,56.900001525878906,1000.0,25.0,0.9776831865310669,0.021905604749917984,9.0,0.9995749592781067,0.9995749592781067,0.9995749592781067,0.021465400233864784,0.0002688000095076859,0.6433127522468567,520000.0,-0.029529474675655365,-0.004869841039180756,-0.10477491468191147,0.01795179769396782,-0.0015522036701440811,1.0919266939163208,1.7505130767822266,-0.7695701122283936,6.05694055557251,1927.6282958984375,24.778053283691406,37.57992172241211,62.357975006103516,320.72882080078125,0.8295792937278748,0.8295792937278748,0.8295792937278748,0.0
13.803031921386719,62.79999923706055,1000.0,26.0,0.96916264295578,0.02052169479429722,7.0,1.0008231401443481,1.0008231401443481,1.0008231401443481,0.021967709064483643,0.00026760000037029386,0.637869119644165,540000.0,-0.028979498893022537,0.0005499757826328278,-0.04087718948721886,0.020644856616854668,0.0026930589228868484,1.158848524093628,2.8915252685546875,1.141012191772461,6.768606185913086,1984.3463134765625,26.147695541381836,30.546707153320312,56.69440460205078,352.76849365234375,0.8575636148452759,0.8575636148452759,0.8575636148452759,0.0
14.594161033630371,72.08000183105469,1000.0,27.0,0.966084361076355,0.020841151475906372,9.0,0.9992266893386841,0.9992266893386841,0.9992266893386841,0.02128264494240284,0.0002663999912329018,0.6358954310417175,560000.0,-0.035094354301691055,-0.006114855408668518,0.1050792708992958,0.023419497534632683,0.002774640917778015,1.272884726524353,2.6761116981506348,-0.21541357040405273,7.252002239227295,2047.82470703125,24.403717041015625,39.0499382019043,63.45365524291992,315.190673828125,0.8864570260047913,0.8864570260047913,0.8864570260047913,0.0
15.257817268371582,73.41999816894531,1000.0,28.0,0.9587419033050537,0.021671375259757042,9.0,1.0013455152511597,1.0013455152511597,1.0013455152511597,0.021481012925505638,0.0002652000111993402,0.6312764286994934,580000.0,-0.03466267138719559,0.00043168291449546814,0.09361780434846878,0.02239362522959709,-0.0010258723050355911,1.3107975721359253,2.3432936668395996,-0.33281803131103516,6.532069683074951,2112.31005859375,26.53279685974121,37.928524017333984,64.46131896972656,310.2635803222656,0.9162297248840332,0.9162297248840332,0.9162297248840332,0.0
15.732074737548828,63.52000045776367,1000.0,29.0,0.9438140988349915,0.020676331594586372,8.0,0.9994704723358154,0.9994704723358154,0.9994704723358154,0.020919224247336388,0.0002640000020619482,0.6219148635864258,600000.0,-0.03006032668054104,0.004602344706654549,-0.11341936886310577,0.022179506719112396,-0.00021411851048469543,1.3077958822250366,2.160303831100464,-0.18298983573913574,7.587807655334473,2172.5830078125,27.35413932800293,32.893577575683594,60.24771499633789,331.9627990722656,0.9461854100227356,0.9461854100227356,0.9461854100227356,0.0
15.153111457824707,62.119998931884766,1000.0,30.0,0.935163140296936,0.022674689069390297,8.0,0.9994004964828491,0.9994004964828491,0.9994004964828491,0.022872336208820343,0.00026279999292455614,0.6164876818656921,620000.0,-0.03796369582414627,-0.007903369143605232,-0.03642618656158447,0.01980060338973999,-0.002378903329372406,1.234980583190918,2.8746657371520996,0.7143619060516357,7.0024943351745605,2231.27685546875,24.232044219970703,34.43431091308594,58.666358947753906,340.910888671875,0.9762229919433594,0.9762229919433594,0.9762229919433594,0.0
15.019122123718262,60.68000030517578,1000.0,31.0,0.933799147605896,0.021386509761214256,9.0,1.0002899169921875,1.0002899169921875,1.0002899169921875,0.021709449589252472,0.00026160001289099455,0.6156548261642456,640000.0,-0.03575919568538666,0.002204500138759613,0.06717748194932938,0.021791215986013412,0.0019906125962734222,1.3906301259994507,2.239835023880005,-0.6348307132720947,6.824102401733398,2291.963134765625,23.39965057373047,37.26363754272461,60.66328811645508,329.6886901855469,1.0062487125396729,1.0062487125396729,1.0062487125396729,0.0
15.224817276000977,63.560001373291016,1000.0,32.0,0.9273034930229187,0.02245664969086647,8.0,0.9984484910964966,0.9984484910964966,0.9984484910964966,0.021962137892842293,0.0002604000037536025,0.6116899251937866,660000.0,-0.037350766360759735,-0.0015915706753730774,0.10989479720592499,0.022170379757881165,0.0003791637718677521,1.4374053478240967,2.5211334228515625,0.2812983989715576,7.277675151824951,2350.192138671875,25.225879669189453,32.9774055480957,58.203285217285156,343.62322998046875,1.0364584922790527,1.0364584922790527,1.0364584922790527,0.0
15.578535079956055,61.47999954223633,1000.0,33.0,0.9135234951972961,0.024800097569823265,9.0,0.9991341233253479,0.9991341233253479,0.9991341233253479,0.0218243096023798,0.00025919999461621046,0.6033205389976501,680000.0,-0.03837931156158447,-0.0010285452008247375,-0.09370807558298111,0.0234401673078537,0.0012697875499725342,1.4752565622329712,2.3232603073120117,-0.19787311553955078,6.9315314292907715,2414.15380859375,25.57642936706543,38.36160659790039,63.93803405761719,312.8028564453125,1.0667046308517456,1.0667046308517456,1.0667046308517456,0.0
15.536338806152344,60.31999969482422,1000.0,34.0,0.9083313345909119,0.023089855909347534,8.0,0.9995021820068359,0.9995021820068359,0.9995021820068359,0.021882621571421623,0.0002579999854788184,0.6001983284950256,700000.0,-0.03416461497545242,0.0042146965861320496,-0.00801805779337883,0.02482902817428112,0.0013888608664274216,1.4600114822387695,2.5487356185913086,0.22547531127929688,6.632556915283203,2472.66650390625,24.58731460571289,33.90083312988281,58.48815155029297,341.9496154785156,1.0969140529632568,1.0969140529632568,1.0969140529632568,0.0
15.333625793457031,55.220001220703125,1000.0,35.0,0.8947046995162964,0.020007789134979248,8.0,1.0007472038269043,1.0007472038269043,1.0007472038269043,0.021555200219154358,0.00025680000544525683,0.5921232104301453,720000.0,-0.02914251945912838,0.005022095516324043,0.2535247802734375,0.02629881165921688,0.0014697834849357605,1.4822025299072266,1.858622670173645,-0.6901129484176636,6.8493452072143555,2533.52880859375,27.274457931518555,33.56153869628906,60.83599853515625,328.7527160644531,1.1267505884170532,1.1267505884170532,1.1267505884170532,0.0
14.13499641418457,62.400001525878906,1000.0,36.0,0.8846188187599182,0.022281844168901443,8.0,1.0009329319000244,1.0009329319000244,1.0009329319000244,0.023388702422380447,0.0002555999963078648,0.5861636996269226,740000.0,-0.037230268120765686,-0.008087748661637306,-0.1364707350730896,0.022207340225577354,-0.004091471433639526,1.328665018081665,2.176006555557251,0.31738388538360596,7.3141303062438965,2590.713623046875,23.607501983642578,33.553489685058594,57.16099166870117,349.8889465332031,1.1567522287368774,1.1567522287368774,1.1567522287368774,0.0
14.34596061706543,58.08000183105469,1000.0,37.0,0.8749465942382812,0.02068221941590309,8.0,1.0018540620803833,1.0018540620803833,1.0018540620803833,0.022717250511050224,0.00025439998717047274,0.5805280208587646,760000.0,-0.036114830523729324,0.0011154375970363617,-0.05463087558746338,0.024466387927532196,0.0022590477019548416,1.491091012954712,1.937997817993164,-0.23800873756408691,7.304197788238525,2650.31591796875,23.952404022216797,35.627174377441406,59.57958221435547,335.68548583984375,1.1866143941879272,1.1866143941879272,1.1866143941879272,0.0
14.297054290771484,61.29999923706055,1000.0,38.0,0.8690496683120728,0.02031293697655201,7.0,1.0010035037994385,1.0010035037994385,1.0010035037994385,0.021550998091697693,0.00025320000713691115,0.5770822763442993,780000.0,-0.031000889837741852,0.0051139406859874725,0.11932140588760376,0.024192390963435173,-0.000273996964097023,1.524949550628662,1.966782808303833,0.028784990310668945,6.388919353485107,2702.8349609375,22.74999237060547,29.745269775390625,52.495872497558594,380.9823303222656,1.2165813446044922,1.2165813446044922,1.2165813446044922,0.0
15.4741792678833,53.08000183105469,1000.0,39.0,0.8674245476722717,0.02000291831791401,5.0,0.9989460706710815,0.9989460706710815,0.9989460706710815,0.02121158502995968,0.0002519999979995191,0.5761021375656128,800000.0,-0.023526491597294807,0.007474398240447044,0.1642865091562271,0.02535119280219078,0.0011588018387556076,1.524507761001587,2.7767341136932373,0.8099513053894043,6.355526447296143,2749.841796875,24.5484619140625,22.435630798339844,46.984092712402344,425.6759948730469,1.2460697889328003,1.2460697889328003,1.2460697889328003,0.0
15.63498306274414,55.119998931884766,1000.0,40.0,0.8662706613540649,0.021477535367012024,6.0,0.9986530542373657,0.9986530542373657,0.9986530542373657,0.022596823051571846,0.00025079998886212707,0.5754151940345764,820000.0,-0.03316755220293999,-0.00964106060564518,-0.22087106108665466,0.026288093999028206,0.0009369011968374252,1.5075112581253052,2.94355845451355,0.1668243408203125,6.709530353546143,2799.518798828125,23.490549087524414,26.161922454833984,49.652469635009766,402.7996826171875,1.2752842903137207,1.2752842903137207,1.2752842903137207,0.0
15.61902141571045,52.099998474121094,1000.0,41.0,0.8606445789337158,0.02078576758503914,9.0,1.0012282133102417,1.0012282133102417,1.0012282133102417,0.021593188866972923,0.0002496000088285655,0.5721902251243591,840000.0,-0.03325891122221947,-9.135901927947998e-05,0.16759037971496582,0.02710854448378086,0.000820450484752655,1.5410592555999756,1.8343064785003662,-1.1092519760131836,6.485840320587158,2863.685546875,25.310314178466797,38.831275939941406,64.14159393310547,311.8101501464844,1.3040387630462646,1.3040387630462646,1.3040387630462646,0.0
14.649754524230957,54.79999923706055,1000.0,42.0,0.857620894908905,0.022044891491532326,8.0,0.9982085227966309,0.9982085227966309,0.9982085227966309,0.022951943799853325,0.00024839999969117343,0.5704782605171204,860000.0,-0.027763424441218376,0.005495486781001091,-0.07236292958259583,0.025767039507627487,-0.0013415049761533737,1.4772201776504517,1.7149839401245117,-0.11932253837585449,6.04738187789917,2922.490234375,24.190160751342773,34.587432861328125,58.77759552001953,340.2657165527344,1.3325881958007812,1.3325881958007812,1.3325881958007812,0.0
13.775712966918945,45.63999938964844,1000.0,43.0,0.8498188257217407,0.02026149444282055,6.0,0.9993531703948975,0.9993531703948975,0.9993531703948975,0.021160146221518517,0.0002471999905537814,0.5660637617111206,880000.0,-0.027985334396362305,-0.00022190995514392853,0.016920432448387146,0.025332940742373466,-0.0004340987652540207,1.4519069194793701,2.275519847869873,0.5605359077453613,6.587223529815674,2973.031982421875,23.36237335205078,27.15283203125,50.51520538330078,395.9203796386719,1.3602620363235474,1.3602620363235474,1.3602620363235474,0.0
14.275921821594238,50.41999816894531,1000.0,44.0,0.842513382434845,0.02125331200659275,7.0,1.0011802911758423,1.0011802911758423,1.0011802911758423,0.022273126989603043,0.0002460000105202198,0.5619792342185974,900000.0,-0.029848570004105568,-0.0018632356077432632,-0.000444021075963974,0.0286230631172657,0.003290122374892235,1.5967005491256714,2.130413770675659,-0.14510607719421387,6.717970371246338,3028.388916015625,24.829204559326172,30.50150489807129,55.330711364746094,361.4629211425781,1.3875261545181274,1.3875261545181274,1.3875261545181274,0.0
14.94854736328125,49.060001373291016,1000.0,45.0,0.8273414969444275,0.02330378256738186,8.0,1.0002882480621338,1.0002882480621338,1.0002882480621338,0.02226133644580841,0.00024480000138282776,0.5535339117050171,920000.0,-0.03060402348637581,-0.0007554534822702408,-0.12445613741874695,0.030147893354296684,0.001524830237030983,1.4977246522903442,1.7397757768630981,-0.39063799381256104,6.310020446777344,3089.4462890625,25.997095108032227,35.03424072265625,61.03133773803711,327.70050048828125,1.4143232107162476,1.4143232107162476,1.4143232107162476,0.0
14.832985877990723,45.2599983215332,1000.0,46.0,0.8244889378547668,0.0206722654402256,6.0,1.0002683401107788,1.0002683401107788,1.0002683401107788,0.02209646813571453,0.00024360000679735094,0.5519818067550659,940000.0,-0.028863701969385147,0.0017403215169906616,0.10432551801204681,0.028600208461284637,-0.0015476848930120468,1.4127494096755981,1.8759799003601074,0.13620412349700928,6.347680568695068,3139.273193359375,23.656536102294922,26.14505386352539,49.80158996582031,401.5936279296875,1.4404031038284302,1.4404031038284302,1.4404031038284302,0.0
13.847491264343262,41.2599983215332,1000.0,47.0,0.8152022957801819,0.02181302197277546,7.0,1.0001028776168823,1.0001028776168823,1.0001028776168823,0.022437378764152527,0.0002423999976599589,0.546858012676239,960000.0,-0.03333750367164612,-0.004473801702260971,-0.006276465952396393,0.027330638840794563,-0.0012695696204900742,1.3932019472122192,1.8215245008468628,-0.05445539951324463,5.870245456695557,3195.83984375,25.523799896240234,31.019819259643555,56.543617248535156,353.709228515625,1.465512990951538,1.465512990951538,1.465512990951538,0.0
13.837431907653809,45.81999969482422,1000.0,48.0,0.8102217316627502,0.021160604432225227,4.0,1.0015790462493896,1.0015790462493896,1.0015790462493896,0.022301331162452698,0.00024120000307448208,0.5441807508468628,980000.0,-0.018094325438141823,0.015243178233504295,-0.1275038719177246,0.03297632187604904,0.0056456830352544785,1.5598357915878296,2.5339670181274414,0.7124425172805786,6.173913478851318,3236.27490234375,22.80048942565918,17.609357833862305,40.409847259521484,494.9288635253906,1.49013090133667,1.49013090133667,1.49013090133667,0.0
14.74907112121582,58.560001373291016,1000.0,49.0,0.8107092380523682,0.020730039104819298,7.0,1.0016119480133057,1.0016119480133057,1.0016119480133057,0.022257698699831963,0.00023999999393709004,0.5444652438163757,1000000.0,-0.03746550902724266,-0.019371183589100838,-0.19233191013336182,0.03407134488224983,0.0010950230062007904,1.583714485168457,2.5920650959014893,0.05809807777404785,6.319140434265137,3291.54052734375,24.869108200073242,30.374019622802734,55.24412536621094,362.0294189453125,1.515342354774475,1.515342354774475,1.515342354774475,0.0
15.99464225769043,60.47999954223633,1000.0,50.0,0.8089597225189209,0.02035856433212757,5.0,1.0008442401885986,1.0008442401885986,1.0008442401885986,0.021456852555274963,0.00023879999935161322,0.5435356497764587,1020000.0,-0.02882564440369606,0.0086398646235466,0.2617299258708954,0.033733073621988297,-0.00033827126026153564,1.6141408681869507,3.0230226516723633,0.430957555770874,6.743594646453857,3335.432373046875,23.490049362182617,20.377735137939453,43.86778259277344,455.9154357910156,1.5412448644638062,1.5412448644638062,1.5412448644638062,0.0
15.541362762451172,63.2400016784668,1000.0,51.0,0.8083759546279907,0.021284257993102074,6.0,1.0014493465423584,1.0014493465423584,1.0014493465423584,0.021823890507221222,0.0002376000047661364,0.5432807207107544,1040000.0,-0.03364359214901924,-0.004817947745323181,-0.012050667777657509,0.03230275586247444,-0.001430317759513855,1.5288006067276,2.8019371032714844,-0.2210855484008789,5.7736945152282715,3387.3798828125,27.879419326782227,24.044960021972656,51.92437744140625,385.175537109375,1.5679869651794434,1.5679869651794434,1.5679869651794434,0.0
16.158615112304688,55.65999984741211,1000.0,52.0,0.8042113184928894,0.0200657919049263,7.0,1.0000015497207642,1.0000015497207642,1.0000015497207642,0.02032286487519741,0.00023639999562874436,0.5409501194953918,1060000.0,-0.028189489617943764,0.005454102531075478,0.01479413453489542,0.033126965165138245,0.0008242093026638031,1.670881986618042,1.9592578411102295,-0.8426792621612549,6.642214298248291,3443.020751953125,27.125837326049805,28.49173927307129,55.61857604980469,359.59210205078125,1.594894528388977,1.594894528388977,1.594894528388977,0.0
16.243579864501953,53.52000045776367,1000.0,53.0,0.7960636615753174,0.02240544930100441,5.0,0.9998016953468323,0.9998016953468323,0.9998016953468323,0.022089606150984764,0.00023520000104326755,0.5365476608276367,1080000.0,-0.02756943181157112,0.0006200578063726425,0.17756536602973938,0.031062982976436615,-0.0020639821887016296,1.6817806959152222,2.686347723007202,0.7270898818969727,6.670332908630371,3490.134521484375,26.616046905517578,20.47405242919922,47.0900993347168,424.7177429199219,1.6217870712280273,1.6217870712280273,1.6217870712280273,0.0
17.049514770507812,50.619998931884766,1000.0,54.0,0.7899079322814941,0.02149706520140171,8.0,1.000409722328186,1.000409722328186,1.000409722328186,0.022236967459321022,0.00023400000645779073,0.5332347750663757,1100000.0,-0.04076121374964714,-0.01319178193807602,0.06266725808382034,0.02996979095041752,-0.0010931920260190964,1.6702011823654175,2.3483805656433105,-0.3379671573638916,6.184712886810303,3549.184814453125,25.359291076660156,33.6689338684082,59.02822494506836,338.8209533691406,1.648437261581421,1.648437261581421,1.648437261581421,0.0
18.417675018310547,54.70000076293945,1000.0,55.0,0.7825050354003906,0.02037767320871353,1.0,0.9997020363807678,0.9997020363807678,0.9997020363807678,0.021040955558419228,0.0002327999973203987,0.5293193459510803,1120000.0,0.016424458473920822,0.05718567222356796,-0.020600762218236923,0.0428941436111927,0.012924352660775185,1.8480494022369385,6.016053199768066,3.667672634124756,5.582877159118652,3581.42236328125,27.890335083007812,4.323746681213379,32.214080810546875,620.8464965820312,1.6752119064331055,1.6752119064331055,1.6752119064331055,0.0
18.55361557006836,62.439998626708984,1000.0,56.0,0.7821624875068665,0.021451983600854874,7.0,1.0010318756103516,1.0010318756103516,1.0010318756103516,0.02281508408486843,0.00023160000273492187,0.5291540026664734,1140000.0,-0.04014475643634796,-0.056569214910268784,0.1551939994096756,0.02988053672015667,-0.013013606891036034,1.7012180089950562,2.4604475498199463,-3.55560564994812,6.3999714851379395,3636.2314453125,22.893835067749023,31.894107818603516,54.787940979003906,365.0438232421875,1.7027266025543213,1.7027266025543213,1.7027266025543213,0.0
18.849071502685547,61.2599983215332,1000.0,57.0,0.7811169028282166,0.02147728018462658,7.0,0.9994983673095703,0.9994983673095703,0.9994983673095703,0.022673116996884346,0.00023039999359752983,0.528618335723877,1160000.0,-0.039733462035655975,0.0004112944006919861,0.06800886988639832,0.031036296859383583,0.0011557601392269135,1.6854915618896484,2.711271286010742,0.2508237361907959,6.702445983886719,3692.676025390625,24.915212631225586,31.50469207763672,56.41990661621094,354.4848327636719,1.7308156490325928,1.7308156490325928,1.7308156490325928,0.0
17.038148880004883,65.26000213623047,1000.0,58.0,0.7776334881782532,0.020787615329027176,7.0,0.9996896982192993,0.9996896982192993,0.9996896982192993,0.02250206284224987,0.000229199999012053,0.5267745852470398,1180000.0,-0.04323951527476311,-0.003506053239107132,0.0921756774187088,0.026481522247195244,-0.004554774612188339,1.6779357194900513,2.6609561443328857,-0.050315141677856445,7.2605204582214355,3747.682861328125,24.847612380981445,30.135669708251953,54.98328399658203,363.7469177246094,1.7597371339797974,1.7597371339797974,1.7597371339797974,0.0
16.387887954711914,69.18000030517578,1000.0,59.0,0.7726525068283081,0.022483481094241142,5.0,0.9977489113807678,0.9977489113807678,0.9977489113807678,0.022283103317022324,0.0002280000044265762,0.5241262912750244,1200000.0,-0.0303861815482378,0.012853333726525307,0.10892297327518463,0.02867555432021618,0.002194032073020935,1.6771399974822998,2.9838364124298096,0.32288026809692383,6.77968692779541,3794.630615234375,25.35762596130371,21.564163208007812,46.922786712646484,426.23211669921875,1.7897042036056519,1.7897042036056519,1.7897042036056519,0.0
15.574056625366211,63.040000915527344,1000.0,60.0,0.770219624042511,0.02017422392964363,7.0,0.9998452067375183,0.9998452067375183,0.9998452067375183,0.02239873632788658,0.00022679999528918415,0.5228557586669922,1220000.0,-0.03579943627119064,-0.005413254722952843,0.16342657804489136,0.02890857681632042,0.00023302249610424042,1.6869310140609741,2.045091152191162,-0.9387452602386475,6.721877574920654,3851.51953125,27.500228881835938,29.35661506652832,56.85684585571289,351.7606506347656,1.8201321363449097,1.8201321363449097,1.8201321363449097,0.0
15.717791557312012,55.0,1000.0,61.0,0.757327675819397,0.021128127351403236,7.0,0.9998896718025208,0.9998896718025208,0.9998896718025208,0.021705230697989464,0.00022560000070370734,0.5161066055297852,1240000.0,-0.0310615636408329,0.004737872630357742,-0.018931511789560318,0.026699494570493698,-0.002209082245826721,1.6685705184936523,1.836923599243164,-0.20816755294799805,6.164045333862305,3908.08154296875,27.017749786376953,29.51742172241211,56.53517150878906,353.7620849609375,1.8503373861312866,1.8503373861312866,1.8503373861312866,0.0
16.38019561767578,39.02000045776367,1000.0,62.0,0.7457306981086731,0.020882487297058105,7.0,1.0003994703292847,1.0003994703292847,1.0003994703292847,0.022248025983572006,0.00022440000611823052,0.5102114081382751,1260000.0,-0.03186536952853203,-0.0008038058876991272,0.16010260581970215,0.02819473296403885,0.0014952383935451508,1.7297663688659668,1.8437566757202148,0.006833076477050781,5.728550434112549,3962.598388671875,24.99376678466797,29.49883460998535,54.49259948730469,367.0223083496094,1.8789998292922974,1.8789998292922974,1.8789998292922974,0.0
17.01873016357422,37.560001373291016,1000.0,63.0,0.7410930395126343,0.023547615855932236,7.0,1.0010576248168945,1.0010576248168945,1.0010576248168945,0.02253141812980175,0.00022319999698083848,0.5078458189964294,1280000.0,-0.03472089022397995,-0.0028555206954479218,-0.055779263377189636,0.029493369162082672,0.0012986361980438232,1.6911165714263916,1.702223777770996,-0.14153289794921875,5.475530624389648,4019.908935546875,26.81342315673828,30.47288703918457,57.28630828857422,349.1235656738281,1.9061410427093506,1.9061410427093506,1.9061410427093506,0.0
16.981122970581055,44.29999923706055,1000.0,64.0,0.7361464500427246,0.02153078466653824,5.0,1.001631259918213,1.001631259918213,1.001631259918213,0.022572500631213188,0.00022200000239536166,0.5052923560142517,1300000.0,-0.02828272059559822,0.006438169628381729,0.03140316158533096,0.029907045885920525,0.0004136767238378525,1.707120656967163,2.7219395637512207,1.0197157859802246,6.0423736572265625,4066.94775390625,25.328027725219727,21.68616485595703,47.014190673828125,425.4034729003906,1.932504415512085,1.932504415512085,1.932504415512085,0.0
16.536046981811523,47.2599983215332,1000.0,65.0,0.7319183945655823,0.02179034799337387,6.0,1.0000884532928467,1.0000884532928467,1.0000884532928467,0.020984534174203873,0.00022079999325796962,0.5031397342681885,1320000.0,-0.029915938153862953,-0.0016332175582647324,-0.14302800595760345,0.03217172622680664,0.002264680340886116,1.6378540992736816,1.8970296382904053,-0.8249099254608154,5.464654922485352,4118.74609375,26.66661262512207,25.109086990356445,51.775699615478516,386.2816162109375,1.9584306478500366,1.9584306478500366,1.9584306478500366,0.0
15.887948036193848,53.400001525878906,1000.0,66.0,0.7341557741165161,0.020632067695260048,6.0,1.0019174814224243,1.0019174814224243,1.0019174814224243,0.02228276990354061,0.0002195999986724928,0.5042996406555176,1340000.0,-0.03296691179275513,-0.0030509736388921738,-0.26120254397392273,0.029050836339592934,-0.003120889887213707,1.69944429397583,2.2367327213287354,0.3397030830383301,5.556825160980225,4170.3173828125,26.416854858398438,25.11902618408203,51.53588104248047,388.0791320800781,1.9845011234283447,1.9845011234283447,1.9845011234283447,0.0
15.62129020690918,51.880001068115234,1000.0,67.0,0.7285358905792236,0.02065131813287735,5.0,1.000671148300171,1.000671148300171,1.000671148300171,0.022096307948231697,0.00021840000408701599,0.501468300819397,1360000.0,-0.03247708082199097,0.0004898309707641602,-0.1178632527589798,0.029817650094628334,0.0007668137550354004,1.6269196271896362,3.603302240371704,1.3665695190429688,6.002831935882568,4216.73828125,25.454654693603516,20.943391799926758,46.39804458618164,431.0526428222656,2.01057767868042,2.01057767868042,2.01057767868042,0.0
15.642909049987793,55.279998779296875,1000.0,68.0,0.7299456596374512,0.020450502634048462,7.0,1.0004878044128418,1.0004878044128418,1.0004878044128418,0.021544072777032852,0.00021719999494962394,0.5021948218345642,1380000.0,-0.03797115013003349,-0.005494069308042526,-0.16544464230537415,0.032899364829063416,0.0030817147344350815,1.656542420387268,2.4553236961364746,-1.1479785442352295,5.402355670928955,4273.12060546875,26.35846519470215,30.0009765625,56.359439849853516,354.8651123046875,2.0369601249694824,2.0369601249694824,2.0369601249694824,0.0
15.093814849853516,52.18000030517578,1000.0,69.0,0.7254505157470703,0.02421972155570984,7.0,0.9993740916252136,0.9993740916252136,0.9993740916252136,0.022656172513961792,0.00021600000036414713,0.4999646842479706,1400000.0,-0.03857056424021721,-0.0005994141101837158,-0.06255955994129181,0.028656069189310074,-0.004243295639753342,1.6288529634475708,2.0654654502868652,-0.3898582458496094,5.494075775146484,4328.52197265625,25.92053985595703,29.45751953125,55.37805938720703,361.15386962890625,2.063356637954712,2.063356637954712,2.063356637954712,0.0
14.874746322631836,55.13999938964844,1000.0,70.0,0.7199215888977051,0.021336756646633148,1.0,0.9999889135360718,0.9999889135360718,0.9999889135360718,0.0202872883528471,0.0002148000057786703,0.4972584843635559,1420000.0,0.015217441134154797,0.053788005374372005,-0.16657128930091858,0.03371324762701988,0.005057178437709808,1.6096745729446411,5.3044939041137695,3.2390284538269043,5.449163436889648,4360.2626953125,26.855865478515625,4.861921310424805,31.71778678894043,630.56103515625,2.090029239654541,2.090029239654541,2.090029239654541,0.0
15.32977294921875,49.20000076293945,1000.0,71.0,0.7208787798881531,0.021654529497027397,9.0,1.0004136562347412,1.0004136562347412,1.0004136562347412,0.022703513503074646,0.00021359999664127827,0.49774229526519775,1440000.0,-0.03918994218111038,-0.05440738331526518,-0.1452735960483551,0.03174346312880516,-0.0019697844982147217,1.6730589866638184,1.576599359512329,-3.7278945446014404,5.163524627685547,4424.7861328125,24.955936431884766,39.547119140625,64.50305938720703,310.0628356933594,2.1164371967315674,2.1164371967315674,2.1164371967315674,0.0
16.00096321105957,56.58000183105469,1000.0,72.0,0.726894199848175,0.02104145660996437,7.0,1.0020272731781006,1.0020272731781006,1.0020272731781006,0.023777274414896965,0.00021240000205580145,0.5007613897323608,1460000.0,-0.03914221003651619,4.7732144594192505e-05,0.09159213304519653,0.0323469378054142,0.0006034746766090393,1.7225295305252075,2.0712475776672363,0.4946482181549072,5.503368854522705,4483.5791015625,27.748472213745117,31.012636184692383,58.7611083984375,340.3611755371094,2.1432604789733887,2.1432604789733887,2.1432604789733887,0.0
16.479354858398438,60.779998779296875,1000.0,73.0,0.7274684309959412,0.02011142298579216,6.0,1.0000791549682617,1.0000791549682617,1.0000791549682617,0.02132439985871315,0.0002111999929184094,0.5009902715682983,1480000.0,-0.03323529288172722,0.005906917154788971,0.15904782712459564,0.030912810936570168,-0.0014341268688440323,1.7121824026107788,2.3191213607788086,0.24787378311157227,5.720768928527832,4534.73876953125,24.080577850341797,27.055479049682617,51.13605880737305,391.11346435546875,2.170823574066162,2.170823574066162,2.170823574066162,0.0
15.74515151977539,58.2400016784668,1000.0,74.0,0.7225945591926575,0.021321482956409454,7.0,1.0011146068572998,1.0011146068572998,1.0011146068572998,0.021894875913858414,0.0002099999983329326,0.49853867292404175,1500000.0,-0.03955499455332756,-0.006319701671600342,-0.05718953162431717,0.02965228445827961,-0.0012605264782905579,1.6535767316818237,1.9338854551315308,-0.38523590564727783,5.528476715087891,4589.65625,24.612972259521484,30.280384063720703,54.89335632324219,364.3428039550781,2.198836326599121,2.198836326599121,2.198836326599121,0.0
14.954558372497559,50.81999969482422,1000.0,75.0,0.7149580717086792,0.022574296221137047,7.0,1.0014598369598389,1.0014598369598389,1.0014598369598389,0.021516481414437294,0.00020880000374745578,0.4946955442428589,1520000.0,-0.033287517726421356,0.006267476826906204,0.1719985008239746,0.02974257618188858,9.029172360897064e-05,1.636031150817871,1.5408904552459717,-0.3929949998855591,5.187620162963867,4645.7705078125,26.584331512451172,29.496963500976562,56.081295013427734,356.6251525878906,2.226609706878662,2.226609706878662,2.226609706878662,0.0
15.314779281616211,48.97999954223633,1000.0,76.0,0.7043918967247009,0.021752623841166496,5.0,1.0012993812561035,1.0012993812561035,1.0012993812561035,0.022002048790454865,0.00020759999461006373,0.4894816279411316,1540000.0,-0.02696014940738678,0.006327368319034576,0.0939328670501709,0.030342984944581985,0.0006004087626934052,1.6706695556640625,2.2509191036224365,0.7100286483764648,4.792133808135986,4692.8779296875,25.90355110168457,21.179771423339844,47.08332061767578,424.77886962890625,2.254009246826172,2.254009246826172,2.254009246826172,0.0
14.72793960571289,42.439998626708984,1000.0,77.0,0.70268315076828,0.02092120423913002,8.0,1.0010737180709839,1.0010737180709839,1.0010737180709839,0.020932933315634727,0.00020640000002458692,0.48860350251197815,1560000.0,-0.03625957667827606,-0.009299427270889282,0.313628613948822,0.026897944509983063,-0.0034450404345989227,1.5286304950714111,1.4716355800628662,-0.7792835235595703,4.900609970092773,4756.0830078125,27.433490753173828,35.7484130859375,63.18190383911133,316.54632568359375,2.280482769012451,2.280482769012451,2.280482769012451,0.0
15.120769500732422,44.81999969482422,1000.0,78.0,0.7009477615356445,0.020220940932631493,6.0,1.0000015497207642,1.0000015497207642,1.0000015497207642,0.022767532616853714,0.0002052000054391101,0.48776665329933167,1580000.0,-0.03428688645362854,0.001972690224647522,0.2803703546524048,0.03008260764181614,0.0031846631318330765,1.6801700592041016,1.9007869958877563,0.42915141582489014,5.577287197113037,4807.26953125,25.680618286132812,25.481027603149414,51.16164779663086,390.9178161621094,2.306344985961914,2.306344985961914,2.306344985961914,0.0
15.111536979675293,44.13999938964844,1000.0,79.0,0.7028385996818542,0.02168113738298416,7.0,0.9998303055763245,0.9998303055763245,0.9998303055763245,0.02242257446050644,0.00020399999630171806,0.4886746406555176,1600000.0,-0.04194803908467293,-0.007661152631044388,-0.024926047772169113,0.029304567724466324,-0.0007780399173498154,1.7356208562850952,2.1606006622314453,0.25981366634368896,5.571491241455078,4864.0068359375,27.07219696044922,29.64092445373535,56.7131233215332,352.6520690917969,2.3315987586975098,2.3315987586975098,2.3315987586975098,0.0
15.648706436157227,49.91999816894531,1000.0,80.0,0.697974443435669,0.021179478615522385,8.0,1.0009886026382446,1.0009886026382446,1.0009886026382446,0.0224893931299448,0.00020280000171624124,0.48630911111831665,1620000.0,-0.04177767410874367,0.00017036497592926025,0.03993179649114609,0.03027292899787426,0.0009683612734079361,1.676845669746399,1.804693579673767,-0.3559070825576782,5.706392288208008,4925.66015625,28.099374771118164,33.529541015625,61.62891387939453,324.5229797363281,2.3568437099456787,2.3568437099456787,2.3568437099456787,0.0
15.374063491821289,54.099998474121094,1000.0,81.0,0.6946226358413696,0.022502487525343895,7.0,1.0018055438995361,1.0018055438995361,1.0018055438995361,0.02201300486922264,0.00020160000713076442,0.48470816016197205,1640000.0,-0.04248642176389694,-0.0007087476551532745,-0.2629036009311676,0.02744903415441513,-0.0028238948434591293,1.6724905967712402,1.9515186548233032,0.14682507514953613,5.721164226531982,4983.3056640625,28.181718826293945,29.438411712646484,57.6201286315918,347.1009216308594,2.382469415664673,2.382469415664673,2.382469415664673,0.0
14.510601997375488,45.040000915527344,1000.0,82.0,0.6919127106666565,0.02020643837749958,8.0,0.9988024830818176,0.9988024830818176,0.9988024830818176,0.02164415456354618,0.00020039999799337238,0.48340755701065063,1660000.0,-0.03896450251340866,0.0035219192504882812,-0.32948732376098633,0.03154110163450241,0.00409206748008728,1.5903589725494385,1.5921427011489868,-0.3593759536743164,5.4730916023254395,5044.2919921875,24.941848754882812,36.01983642578125,60.96268081665039,328.0695495605469,2.4076075553894043,2.4076075553894043,2.4076075553894043,0.0
14.093964576721191,48.2599983215332,1000.0,83.0,0.6897806525230408,0.021378740668296814,7.0,1.0009841918945312,1.0009841918945312,1.0009841918945312,0.0222894586622715,0.00019920000340789557,0.4823603630065918,1680000.0,-0.04015316441655159,-0.001188661903142929,0.2254132181406021,0.032693810760974884,0.0011527091264724731,1.5993763208389282,1.643823504447937,0.051680803298950195,5.679516792297363,5100.14306640625,24.883506774902344,30.940139770507812,55.823646545410156,358.2711181640625,2.4326136112213135,2.4326136112213135,2.4326136112213135,0.0
13.773942947387695,44.36000061035156,1000.0,84.0,0.6939656138420105,0.020607324317097664,5.0,1.002936840057373,1.002936840057373,1.002936840057373,0.02259673736989498,0.00019799999427050352,0.4843791425228119,1700000.0,-0.03129659965634346,0.00885656476020813,0.25986605882644653,0.03150322288274765,-0.0011905878782272339,1.5633835792541504,2.0618789196014404,0.4180554151535034,5.253861904144287,5148.32080078125,25.12894058227539,23.02256965637207,48.15251159667969,415.34698486328125,2.457139730453491,2.457139730453491,2.457139730453491,0.0
13.96426773071289,45.29999923706055,1000.0,85.0,0.6976227164268494,0.02035214751958847,6.0,1.0030186176300049,1.0030186176300049,1.0030186176300049,0.02121254988014698,0.0001967999996850267,0.4861334264278412,1720000.0,-0.03434362635016441,-0.0030470266938209534,0.022768579423427582,0.03259202092885971,0.0010887980461120605,1.5361562967300415,1.7270336151123047,-0.33484530448913574,4.768164157867432,5200.12744140625,25.789995193481445,25.99260711669922,51.7826042175293,386.2301025390625,2.4813284873962402,2.4813284873962402,2.4813284873962402,0.0
14.048847198486328,49.060001373291016,1000.0,86.0,0.6968263387680054,0.021436281502246857,6.0,1.0020015239715576,1.0020015239715576,1.0020015239715576,0.020975805819034576,0.0001956000050995499,0.4857393205165863,1740000.0,-0.03043556585907936,0.0039080604910850525,-0.04426884278655052,0.031732507050037384,-0.0008595138788223267,1.6067852973937988,1.9546613693237305,0.22762775421142578,5.192115306854248,5252.69140625,27.099872589111328,25.44060707092285,52.54048156738281,380.65887451171875,2.5055758953094482,2.5055758953094482,2.5055758953094482,0.0
14.192668914794922,42.41999816894531,1000.0,87.0,0.6955869197845459,0.021894894540309906,9.0,1.0013678073883057,1.0013678073883057,1.0013678073883057,0.02187340334057808,0.00019439999596215785,0.48513004183769226,1760000.0,-0.03972814977169037,-0.009292583912611008,0.07466050982475281,0.032200343906879425,0.000467836856842041,1.5648189783096313,1.364724040031433,-0.5899373292922974,5.169675350189209,5319.1669921875,26.227142333984375,40.224815368652344,66.45195770263672,300.96929931640625,2.529247760772705,2.529247760772705,2.529247760772705,0.0
13.484740257263184,44.84000015258789,1000.0,88.0,0.6911478042602539,0.021705269813537598,7.0,1.0042997598648071,1.0042997598648071,1.0042997598648071,0.023295363411307335,0.00019320000137668103,0.4829770028591156,1780000.0,-0.03838522732257843,0.0013429224491119385,0.1101030558347702,0.02987164631485939,-0.002328697592020035,1.423557996749878,1.7009577751159668,0.3362337350845337,4.630173206329346,5377.32666015625,27.152481079101562,30.98056411743164,58.1330451965332,344.03839111328125,2.5526397228240967,2.5526397228240967,2.5526397228240967,0.0
12.003069877624512,45.959999084472656,1000.0,89.0,0.6859592795372009,0.021835939958691597,8.0,1.001463532447815,1.001463532447815,1.001463532447815,0.022743292152881622,0.00019200000679120421,0.4804891347885132,1800000.0,-0.047899823635816574,-0.009514596313238144,0.16081833839416504,0.027288682758808136,-0.0025829635560512543,1.3505645990371704,1.8794209957122803,0.17846322059631348,4.479299068450928,5438.01318359375,25.294845581054688,35.368587493896484,60.66343307495117,329.6878967285156,2.5758938789367676,2.5758938789367676,2.5758938789367676,0.0
11.810799598693848,51.65999984741211,1000.0,90.0,0.6891188025474548,0.02154522016644478,6.0,1.0000518560409546,1.0000518560409546,1.0000518560409546,0.021502314135432243,0.00019079999765381217,0.4820388853549957,1820000.0,-0.03610542416572571,0.011794399470090866,0.18336841464042664,0.03258304297924042,0.0052943602204322815,1.5402390956878662,1.882632851600647,0.0032118558883666992,5.1256279945373535,5488.7939453125,25.254961013793945,25.4970703125,50.75202941894531,394.0729064941406,2.599578619003296,2.599578619003296,2.599578619003296,0.0
12.341631889343262,57.880001068115234,1000.0,91.0,0.6882216334342957,0.02187364734709263,7.0,1.0028281211853027,1.0028281211853027,1.0028281211853027,0.021842272952198982,0.00018960000306833535,0.4816255569458008,1840000.0,-0.03909521549940109,-0.0029897913336753845,-0.202540785074234,0.030633265152573586,-0.001949777826666832,1.5322351455688477,1.8881902694702148,0.005557417869567871,5.102170467376709,5545.2861328125,27.823049545288086,28.645103454589844,56.46815490722656,354.18194580078125,2.62424635887146,2.62424635887146,2.62424635887146,0.0
12.973865509033203,60.7599983215332,1000.0,92.0,0.6826098561286926,0.020947184413671494,7.0,1.000274419784546,1.000274419784546,1.000274419784546,0.02133539505302906,0.0001883999939309433,0.47892606258392334,1860000.0,-0.04261120408773422,-0.00351598858833313,-0.09613925963640213,0.030704965814948082,7.170066237449646e-05,1.3747626543045044,1.9947668313980103,0.10657656192779541,4.690139293670654,5604.1923828125,29.318897247314453,29.563007354736328,58.88190460205078,339.6629333496094,2.650069236755371,2.650069236755371,2.650069236755371,0.0
14.099206924438477,53.099998474121094,1000.0,93.0,0.6860876083374023,0.02235950157046318,8.0,1.0010515451431274,1.0010515451431274,1.0010515451431274,0.02252994105219841,0.0001871999993454665,0.480569064617157,1880000.0,-0.045180074870586395,-0.002568870782852173,-0.29586559534072876,0.03479485586285591,0.004089890047907829,1.6588242053985596,1.712928295135498,-0.2818385362625122,4.978528022766113,5663.2939453125,24.56922721862793,34.50825881958008,59.077484130859375,338.5384521484375,2.6762123107910156,2.6762123107910156,2.6762123107910156,0.0
13.263930320739746,45.220001220703125,1000.0,94.0,0.6811677813529968,0.020686060190200806,7.0,0.9995211958885193,0.9995211958885193,0.9995211958885193,0.020300088450312614,0.00018600000475998968,0.4782164394855499,1900000.0,-0.036146532744169235,0.00903354212641716,-0.019997689872980118,0.032308563590049744,-0.0024862922728061676,1.4447656869888306,1.3872815370559692,-0.3256467580795288,5.164312362670898,5719.642578125,27.391490936279297,28.933807373046875,56.32529830932617,355.0802307128906,2.7018909454345703,2.7018909454345703,2.7018909454345703,0.0
14.597557067871094,41.15999984741211,1000.0,95.0,0.673606276512146,0.021274881437420845,7.0,0.9992352724075317,0.9992352724075317,0.9992352724075317,0.021885760128498077,0.00018479999562259763,0.47465088963508606,1920000.0,-0.04010738432407379,-0.003960851579904556,0.1949288547039032,0.03279577195644379,0.00048720836639404297,1.499196171760559,1.675283432006836,0.2880018949508667,5.186766147613525,5777.234375,28.985185623168945,28.58367919921875,57.56886291503906,347.4100036621094,2.726757526397705,2.726757526397705,2.726757526397705,0.0
14.019946098327637,35.13999938964844,1000.0,96.0,0.6694927215576172,0.020442809909582138,8.0,1.001611590385437,1.001611590385437,1.001611590385437,0.02206035889685154,0.00018360000103712082,0.4726824164390564,1940000.0,-0.03455773741006851,0.0055496469140052795,-0.3618885278701782,0.032403331249952316,-0.00039244070649147034,1.543359637260437,1.3232890367507935,-0.3519943952560425,4.677053451538086,5839.1162109375,28.076923370361328,33.78140640258789,61.85832977294922,323.3194274902344,2.750293731689453,2.750293731689453,2.750293731689453,0.0
14.26842975616455,32.63999938964844,1000.0,97.0,0.6672182083129883,0.02201981283724308,8.0,1.0010980367660522,1.0010980367660522,1.0010980367660522,0.021783923730254173,0.000182400006451644,0.4716120660305023,1960000.0,-0.04010705277323723,-0.005549315363168716,-0.21425694227218628,0.032269157469272614,-0.00013417378067970276,1.5489823818206787,1.3322458267211914,0.00895678997039795,4.655222415924072,5900.40869140625,27.21877098083496,34.04832077026367,61.267093658447266,326.43951416015625,2.77237606048584,2.77237606048584,2.77237606048584,0.0
14.22452163696289,35.08000183105469,1000.0,98.0,0.6620725989341736,0.022851012647151947,8.0,1.0000245571136475,1.0000245571136475,1.0000245571136475,0.02265462838113308,0.00018119999731425196,0.46918705105781555,1980000.0,-0.041810277849435806,-0.0017032250761985779,-0.11588156223297119,0.031119663268327713,-0.0011494942009449005,1.4816482067108154,1.4699034690856934,0.13765764236450195,4.154097080230713,5962.654296875,27.31175994873047,34.90558624267578,62.218345642089844,321.4486083984375,2.79339599609375,2.79339599609375,2.79339599609375,0.0
13.352581024169922,43.91999816894531,1000.0,99.0,0.6623265147209167,0.02323034219443798,7.0,1.0027152299880981,1.0027152299880981,1.0027152299880981,0.02320084348320961,0.00018000000272877514,0.4693053662776947,2000000.0,-0.040939174592494965,0.0008711032569408417,0.07883570343255997,0.03045932576060295,-0.000660337507724762,1.3238623142242432,1.614729642868042,0.14482617378234863,4.283371925354004,6020.2607421875,27.397624969482422,30.17391014099121,57.571533203125,347.3938903808594,2.814358711242676,2.814358711242676,2.814358711242676,0.0
14.191131591796875,49.41999816894531,1000.0,100.0,0.6563150882720947,0.021769190207123756,7.0,0.9999820590019226,0.9999820590019226,0.9999820590019226,0.021538954228162766,0.0001787999935913831,0.4664872884750366,2020000.0,-0.04561742767691612,-0.004678253084421158,0.015732906758785248,0.03243725374341011,0.0019779279828071594,1.6560382843017578,1.8951479196548462,0.2804182767868042,4.738601207733154,6078.01611328125,28.405176162719727,29.324745178222656,57.729923248291016,346.4407958984375,2.8358285427093506,2.8358285427093506,2.8358285427093506,0.0
14.772848129272461,50.459999084472656,1000.0,101.0,0.651103138923645,0.02099485509097576,6.0,1.0005176067352295,1.0005176067352295,1.0005176067352295,0.02256930246949196,0.00017759999900590628,0.46408891677856445,2040000.0,-0.034905530512332916,0.010711897164583206,-0.032622963190078735,0.0321819894015789,-0.0002552643418312073,1.6142547130584717,1.90053129196167,0.0053833723068237305,4.792691707611084,6131.0244140625,28.50429916381836,24.479909896850586,52.98420715332031,377.470947265625,2.857865333557129,2.857865333557129,2.857865333557129,0.0
14.920907974243164,47.15999984741211,1000.0,102.0,0.6473199725151062,0.020041843876242638,7.0,1.0010390281677246,1.0010390281677246,1.0010390281677246,0.021899620071053505,0.00017640000442042947,0.4623742699623108,2060000.0,-0.03815444931387901,-0.003248918801546097,-0.05829862132668495,0.03345288708806038,0.0012708976864814758,1.4726964235305786,1.7050225734710693,-0.19550871849060059,4.507948398590088,6187.20849609375,26.615970611572266,29.545373916625977,56.16134262084961,356.1168212890625,2.880087375640869,2.880087375640869,2.880087375640869,0.0
14.427926063537598,31.979999542236328,1000.0,103.0,0.6436858177185059,0.020602701231837273,8.0,1.0011775493621826,1.0011775493621826,1.0011775493621826,0.021091004833579063,0.00017519999528303742,0.4606925845146179,2080000.0,-0.032693687826395035,0.005460761487483978,0.11515370011329651,0.03641080856323242,0.002957921475172043,1.4794466495513916,1.1284605264663696,-0.5765620470046997,4.318813323974609,6249.04248046875,26.180091857910156,35.629905700683594,61.810001373291016,323.5722351074219,2.9009227752685547,2.9009227752685547,2.9009227752685547,0.0
14.087108612060547,37.70000076293945,1000.0,104.0,0.63849276304245,0.020147576928138733,4.0,1.0016719102859497,1.0016719102859497,1.0016719102859497,0.022404542192816734,0.0001740000006975606,0.4583112299442291,2100000.0,-0.02566555142402649,0.0070281364023685455,0.16112227737903595,0.03788190335035324,0.001471094787120819,1.5276553630828857,2.07367205619812,0.9452115297317505,4.2180328369140625,6294.09228515625,28.09197235107422,16.933103561401367,45.02507781982422,444.1968994140625,2.9211044311523438,2.9211044311523438,2.9211044311523438,0.0
13.290139198303223,30.040000915527344,1000.0,105.0,0.6360851526260376,0.02003077045083046,9.0,0.9992135167121887,0.9992135167121887,0.9992135167121887,0.020790737122297287,0.0001728000061120838,0.45723167061805725,2120000.0,-0.03025727905333042,-0.004591727629303932,-0.2986246347427368,0.03067014180123806,-0.007211761549115181,1.3407429456710815,0.9599899053573608,-1.1136821508407593,3.9957926273345947,6357.53515625,24.939287185668945,38.480525970458984,63.420814514160156,315.3538818359375,2.939894437789917,2.939894437789917,2.939894437789917,0.0
13.794892311096191,36.560001373291016,1000.0,106.0,0.6282027959823608,0.023089095950126648,1.0,1.0020760297775269,1.0020760297775269,1.0020760297775269,0.021351469680666924,0.00017159999697469175,0.4537023603916168,2140000.0,0.018150292336940765,0.04840757139027119,-0.054019346833229065,0.03828153386712074,0.007611392065882683,1.580216407775879,3.4804842472076416,2.5204943418502808,4.455578327178955,6391.67822265625,29.250463485717773,4.864349365234375,34.114810943603516,586.255615234375,2.958118200302124,2.958118200302124,2.958118200302124,0.0
13.863982200622559,32.79999923706055,1000.0,107.0,0.6324127912521362,0.022686462849378586,8.0,1.0009804964065552,1.0009804964065552,1.0009804964065552,0.02291715145111084,0.00017040000238921493,0.45562446117401123,2160000.0,-0.04254070296883583,-0.060690995305776596,-0.10313887149095535,0.03216647356748581,-0.0061150602996349335,1.5092484951019287,1.5757726430892944,-1.9047116041183472,4.080379486083984,6451.68896484375,24.881019592285156,35.10875701904297,59.989776611328125,333.39013671875,2.975435495376587,2.975435495376587,2.975435495376587,0.0
13.855803489685059,41.79999923706055,1000.0,108.0,0.6312462091445923,0.021752705797553062,7.0,1.0037519931793213,1.0037519931793213,1.0037519931793213,0.02344377338886261,0.0001691999932518229,0.4551791250705719,2180000.0,-0.04057808220386505,0.0019626207649707794,0.12336044013500214,0.02950897254049778,-0.0026575010269880295,1.4660876989364624,1.7589430809020996,0.18317043781280518,4.528250694274902,6507.8369140625,25.719451904296875,30.4018497467041,56.12229919433594,356.3645935058594,2.9928925037384033,2.9928925037384033,2.9928925037384033,0.0
13.883559226989746,42.779998779296875,1000.0,109.0,0.6269873380661011,0.022214369848370552,8.0,1.0006988048553467,1.0006988048553467,1.0006988048553467,0.021917074918746948,0.00016799999866634607,0.45330992341041565,2200000.0,-0.045825038105249405,-0.005246955901384354,0.04964563995599747,0.03062092885375023,0.001111956313252449,1.6381783485412598,1.5528101921081543,-0.2061328887939453,4.366387367248535,6567.8125,23.715389251708984,36.23704147338867,59.95243453979492,333.5978088378906,3.010584831237793,3.010584831237793,3.010584831237793,0.0
13.335915565490723,47.81999969482422,1000.0,110.0,0.626329243183136,0.02185765467584133,7.0,1.001761794090271,1.001761794090271,1.001761794090271,0.022328924387693405,0.00016680000408086926,0.45296037197113037,2220000.0,-0.042797595262527466,0.003027442842721939,-0.1344033181667328,0.03564298897981644,0.005022060126066208,1.4692493677139282,1.869704008102417,0.3168938159942627,4.4842939376831055,6625.40185546875,25.981643676757812,31.584373474121094,57.566017150878906,347.42718505859375,3.029026508331299,3.029026508331299,3.029026508331299,0.0
14.01272964477539,48.599998474121094,1000.0,111.0,0.6216668486595154,0.022314447909593582,7.0,0.9991990327835083,0.9991990327835083,0.9991990327835083,0.021699845790863037,0.0001655999949434772,0.45088931918144226,2240000.0,-0.03942157328128815,0.003376021981239319,-0.10387249290943146,0.030862081795930862,-0.004780907183885574,1.5924097299575806,1.7976281642913818,-0.07207584381103516,4.828769683837891,6682.56201171875,24.158546447753906,32.97542190551758,57.13496398925781,350.04833984375,3.0482311248779297,3.0482311248779297,3.0482311248779297,0.0
13.322142601013184,47.86000061035156,1000.0,112.0,0.6149983406066895,0.022175481542944908,7.0,1.0006027221679688,1.0006027221679688,1.0006027221679688,0.02265838161110878,0.0001644000003580004,0.44789084792137146,2260000.0,-0.04257277771830559,-0.003151204437017441,0.37261563539505005,0.029533682391047478,-0.0013283994048833847,1.561475157737732,2.0076234340667725,0.20999526977539062,4.696685314178467,6738.8056640625,23.6300106048584,32.59164810180664,56.221656799316406,355.73480224609375,3.06805157661438,3.06805157661438,3.06805157661438,0.0
13.43703842163086,44.31999969482422,1000.0,113.0,0.6051155924797058,0.020795239135622978,7.0,1.000379204750061,1.000379204750061,1.000379204750061,0.022371947765350342,0.00016320000577252358,0.443493515253067,2280000.0,-0.04163975268602371,0.0009330250322818756,0.03317713364958763,0.029888655990362167,0.00035497359931468964,1.3979953527450562,1.6802619695663452,-0.32736146450042725,4.4589009284973145,6795.228515625,26.053112030029297,30.346662521362305,56.399776458740234,354.611328125,3.0880587100982666,3.0880587100982666,3.0880587100982666,0.0
13.942839622497559,34.619998931884766,1000.0,114.0,0.5978590250015259,0.020467856898903847,7.0,0.9997168779373169,0.9997168779373169,0.9997168779373169,0.021512294188141823,0.00016199999663513154,0.4402676820755005,2300000.0,-0.04065420478582382,0.0009855479001998901,-0.11979643255472183,0.03213968873023987,0.002251032739877701,1.6861051321029663,1.6277462244033813,-0.05251574516296387,5.494321823120117,6852.24072265625,28.166790008544922,28.820201873779297,56.98699188232422,350.957275390625,3.10719895362854,3.10719895362854,3.10719895362854,0.0
14.949690818786621,47.08000183105469,1000.0,115.0,0.6031694412231445,0.02184666320681572,6.0,1.0013242959976196,1.0013242959976196,1.0013242959976196,0.0223256703466177,0.00016080000204965472,0.4426015317440033,2320000.0,-0.04451742023229599,-0.003863215446472168,0.23327893018722534,0.0319041907787323,-0.00023549795150756836,1.692796230316162,2.104078769683838,0.47633254528045654,4.733081340789795,6905.24853515625,27.32160758972168,25.662912368774414,52.984519958496094,377.46875,3.1269001960754395,3.1269001960754395,3.1269001960754395,0.0
15.038908958435059,45.619998931884766,1000.0,116.0,0.6052001714706421,0.02120259776711464,8.0,1.0004268884658813,1.0004268884658813,1.0004268884658813,0.020998971536755562,0.00015959999291226268,0.4435592591762543,2340000.0,-0.04065921530127525,0.0038582049310207367,-0.08867379277944565,0.030878502875566483,-0.0010256879031658173,1.6531826257705688,1.5693812370300293,-0.5346975326538086,4.891510486602783,6965.8623046875,24.729127883911133,35.86064147949219,60.58977127075195,330.0887145996094,3.1469569206237793,3.1469569206237793,3.1469569206237793,0.0
14.677050590515137,42.63999938964844,1000.0,117.0,0.602425217628479,0.020034685730934143,7.0,0.9996938109397888,0.9996938109397888,0.9996938109397888,0.020874135196208954,0.00015839999832678586,0.44228243827819824,2360000.0,-0.030816085636615753,0.0098431296646595,0.04790341854095459,0.030907634645700455,2.9131770133972168e-05,1.480090618133545,1.200714349746704,-0.3686668872833252,4.328117847442627,7022.9189453125,26.10030174255371,30.93050765991211,57.03080749511719,350.6876525878906,3.167019844055176,3.167019844055176,3.167019844055176,0.0
15.011008262634277,31.020000457763672,1000.0,118.0,0.5973556637763977,0.021156461909413338,7.0,1.000594139099121,1.000594139099121,1.000594139099121,0.021964048966765404,0.00015720000374130905,0.4400779604911804,2380000.0,-0.03409832715988159,-0.0032822415232658386,-0.16368551552295685,0.03342413157224655,0.002516496926546097,1.7381832599639893,1.3549593687057495,0.1542450189590454,4.3703460693359375,7079.32177734375,24.723230361938477,31.654083251953125,56.37731170654297,354.75262451171875,3.1858248710632324,3.1858248710632324,3.1858248710632324,0.0
15.201244354248047,36.36000061035156,1000.0,119.0,0.5931277275085449,0.021535228937864304,6.0,1.001736044883728,1.001736044883728,1.001736044883728,0.02226554974913597,0.000155999994603917,0.43819722533226013,2400000.0,-0.03601238504052162,-0.00191405788064003,-0.07630343735218048,0.0330292247235775,-0.0003949068486690521,1.621044397354126,1.8637158870697021,0.5087565183639526,4.654503345489502,7129.943359375,24.64581298828125,25.948301315307617,50.594112396240234,395.3028869628906,3.204084634780884,3.204084634780884,3.204084634780884,0.0
15.602483749389648,46.52000045776367,1000.0,120.0,0.5899762511253357,0.020469587296247482,7.0,1.0011942386627197,1.0011942386627197,1.0011942386627197,0.02250227890908718,0.0001548000000184402,0.43685877323150635,2420000.0,-0.04277452081441879,-0.006762135773897171,0.10491051524877548,0.030610861256718636,-0.002418363466858864,1.5856660604476929,1.9160932302474976,0.05237734317779541,3.938960552215576,7187.7509765625,26.26382827758789,31.519678115844727,57.78350830078125,346.1195373535156,3.2229676246643066,3.2229676246643066,3.2229676246643066,0.0
14.26382827758789,41.560001373291016,1000.0,121.0,0.5855849385261536,0.022897731512784958,10.0,0.9991356134414673,0.9991356134414673,0.9991356134414673,0.020607978105545044,0.00015360000543296337,0.4349519610404968,2440000.0,-0.03645741194486618,0.006317108869552612,0.083790123462677,0.029126020148396492,-0.0014848411083221436,1.4547386169433594,1.0082769393920898,-0.9078162908554077,4.424871444702148,7257.90380859375,26.01215362548828,44.115745544433594,70.12789916992188,285.1932067871094,3.2418768405914307,3.2418768405914307,3.2418768405914307,0.0
13.399077415466309,41.97999954223633,1000.0,122.0,0.5825827717781067,0.02003747969865799,7.0,1.0002524852752686,1.0002524852752686,1.0002524852752686,0.02286064624786377,0.00015239999629557133,0.43361446261405945,2460000.0,-0.03852769732475281,-0.002070285379886627,0.20346277952194214,0.028306415304541588,-0.0008196048438549042,1.4597387313842773,1.4919376373291016,0.4836606979370117,3.824500799179077,7312.84619140625,23.316207885742188,31.598928451538086,54.915138244628906,364.19830322265625,3.260861396789551,3.260861396789551,3.260861396789551,0.0
13.591801643371582,36.060001373291016,1000.0,123.0,0.5853530764579773,0.020340370014309883,6.0,0.9998329877853394,0.9998329877853394,0.9998329877853394,0.022226806730031967,0.0001512000017100945,0.43476659059524536,2480000.0,-0.03552483767271042,0.003002859652042389,-0.26707637310028076,0.03165629506111145,0.0033498797565698624,1.574309229850769,1.7579184770584106,0.2659808397293091,3.71968936920166,7364.06005859375,24.243839263916016,26.93678855895996,51.180625915527344,390.7728576660156,3.2792632579803467,3.2792632579803467,3.2792632579803467,0.0
12.750197410583496,45.119998931884766,1000.0,124.0,0.591456949710846,0.020057756453752518,7.0,1.0028858184814453,1.0028858184814453,1.0028858184814453,0.022098083049058914,0.0001500000071246177,0.43746089935302734,2500000.0,-0.04523567855358124,-0.009710840880870819,0.10510016232728958,0.029471462592482567,-0.0021848324686288834,1.407502293586731,1.6142001152038574,-0.14371836185455322,4.382966041564941,7420.00830078125,25.99700164794922,29.927072525024414,55.924072265625,357.62774658203125,3.2981481552124023,3.2981481552124023,3.2981481552124023,0.0
13.45870590209961,43.63999938964844,1000.0,125.0,0.5915846228599548,0.02068198285996914,8.0,1.0010243654251099,1.0010243654251099,1.0010243654251099,0.020885227248072624,0.00014879999798722565,0.4375773072242737,2520000.0,-0.04166194051504135,0.0035737380385398865,-0.16689130663871765,0.026551945134997368,-0.002919517457485199,1.4367440938949585,1.4100236892700195,-0.2041764259338379,4.600191593170166,7482.21337890625,26.188669204711914,35.988826751708984,62.177494049072266,321.6597900390625,3.317310333251953,3.317310333251953,3.317310333251953,0.0
12.059958457946777,36.599998474121094,1000.0,126.0,0.5858047008514404,0.021720096468925476,8.0,1.001860499382019,1.001860499382019,1.001860499382019,0.021553106606006622,0.00014760000340174884,0.4349837601184845,2540000.0,-0.03492062911391258,0.006741311401128769,0.4828028082847595,0.02825883775949478,0.0017068926244974136,1.3427025079727173,0.9956338405609131,-0.41438984870910645,3.6520743370056152,7543.61328125,25.020061492919922,36.35591506958008,61.3759765625,325.8603820800781,3.3359429836273193,3.3359429836273193,3.3359429836273193,0.0
12.701835632324219,32.41999816894531,1000.0,127.0,0.5825684070587158,0.022625351324677467,7.0,1.000728726387024,1.000728726387024,1.000728726387024,0.02230517379939556,0.0001463999942643568,0.43365320563316345,2560000.0,-0.03847205638885498,-0.003551427274942398,-0.03667280077934265,0.03004794754087925,0.001789109781384468,1.5039288997650146,1.4675503969192505,0.4719165563583374,3.7667975425720215,7599.57568359375,23.780014038085938,32.14851760864258,55.928531646728516,357.5992126464844,3.353628635406494,3.353628635406494,3.353628635406494,0.0
12.849732398986816,36.279998779296875,1000.0,128.0,0.5806050300598145,0.02246910333633423,8.0,1.0021244287490845,1.0021244287490845,1.0021244287490845,0.022057684138417244,0.00014519999967887998,0.4328548312187195,2580000.0,-0.04211414232850075,-0.003642085939645767,-0.18768642842769623,0.028914235532283783,-0.0011337120085954666,1.4830554723739624,1.359631061553955,-0.10791933536529541,3.9444851875305176,7658.62939453125,23.766382217407227,35.25529098510742,59.021671295166016,338.85858154296875,3.3709001541137695,3.3709001541137695,3.3709001541137695,0.0
13.585901260375977,38.560001373291016,1000.0,129.0,0.5790345668792725,0.021741019561886787,7.0,1.0000492334365845,1.0000492334365845,1.0000492334365845,0.022173603996634483,0.00014400000509340316,0.43219083547592163,2600000.0,-0.03819449618458748,0.003919646143913269,0.0359216034412384,0.02787638083100319,-0.0010378547012805939,1.352163314819336,1.5427297353744507,0.1830986738204956,3.9463894367218018,7716.58935546875,25.764972686767578,32.168678283691406,57.933650970458984,345.2225036621094,3.3880605697631836,3.3880605697631836,3.3880605697631836,0.0
12.993857383728027,40.70000076293945,1000.0,130.0,0.5763686299324036,0.02345357835292816,7.0,1.0021229982376099,1.0021229982376099,1.0021229982376099,0.022045278921723366,0.00014279999595601112,0.4310069978237152,2620000.0,-0.043256986886262894,-0.005062490701675415,-0.5571060180664062,0.030777262523770332,0.0029008816927671432,1.4372316598892212,1.6401071548461914,0.09737741947174072,3.5707666873931885,7772.568359375,25.31369972229004,30.64109992980957,55.95479965209961,357.4313659667969,3.4053683280944824,3.4053683280944824,3.4053683280944824,0.0
12.5932035446167,48.79999923706055,1000.0,131.0,0.5812931656837463,0.021019071340560913,7.0,1.0034157037734985,1.0034157037734985,1.0034157037734985,0.02241445705294609,0.0001416000013705343,0.4331732988357544,2640000.0,-0.04501304402947426,-0.0017560571432113647,-0.31985193490982056,0.030083980411291122,-0.0006932821124792099,1.447081208229065,2.0619754791259766,0.42186832427978516,3.8908140659332275,7829.3291015625,27.07686424255371,29.658737182617188,56.735599517822266,352.5123596191406,3.4237282276153564,3.4237282276153564,3.4237282276153564,0.0
12.444754600524902,49.540000915527344,1000.0,132.0,0.581745982170105,0.020303955301642418,7.0,1.0022141933441162,1.0022141933441162,1.0022141933441162,0.021850354969501495,0.00014040000678505749,0.43339890241622925,2660000.0,-0.04405125603079796,0.0009617879986763,-0.009267903864383698,0.030343985185027122,0.00026000477373600006,1.3872888088226318,1.950247883796692,-0.11172759532928467,3.7913877964019775,7887.64013671875,27.873271942138672,30.41266632080078,58.28690719604492,343.1302185058594,3.4431231021881104,3.4431231021881104,3.4431231021881104,0.0
12.848611831665039,49.040000915527344,1000.0,133.0,0.5758780837059021,0.02195787988603115,8.0,1.001581072807312,1.001581072807312,1.001581072807312,0.020906271412968636,0.00013919999764766544,0.43089380860328674,2680000.0,-0.04099736362695694,0.0030538924038410187,-0.1848171353340149,0.029032716527581215,-0.0013112686574459076,1.4598422050476074,1.6712769269943237,-0.27897095680236816,4.0520782470703125,7949.693359375,26.941699981689453,35.08759307861328,62.029293060302734,322.4283142089844,3.4633984565734863,3.4633984565734863,3.4633984565734863,0.0
13.901988983154297,34.36000061035156,1000.0,134.0,0.5702883005142212,0.020928043872117996,8.0,0.9998816251754761,0.9998816251754761,0.9998816251754761,0.02097855508327484,0.00013800000306218863,0.42845046520233154,2700000.0,-0.03469052165746689,0.006306841969490051,-0.1712118685245514,0.03134186565876007,0.002309149131178856,1.535946249961853,1.0901328325271606,-0.5811440944671631,3.7543327808380127,8010.21875,25.246496200561523,35.25522232055664,60.5017204284668,330.5691223144531,3.4828038215637207,3.4828038215637207,3.4828038215637207,0.0
12.981746673583984,34.81999969482422,1000.0,135.0,0.5597843527793884,0.021015379577875137,8.0,1.0023717880249023,1.0023717880249023,1.0023717880249023,0.021854495629668236,0.00013679999392479658,0.4240199625492096,2720000.0,-0.03865263983607292,-0.003962118178606033,-0.10521776974201202,0.026155993342399597,-0.005185872316360474,1.360896110534668,1.2188332080841064,0.1287003755569458,3.5873920917510986,8069.9580078125,24.573732376098633,35.140281677246094,59.71401596069336,334.92974853515625,3.5014798641204834,3.5014798641204834,3.5014798641204834,0.0
13.215490341186523,34.81999969482422,1000.0,136.0,0.5549888014793396,0.020968640223145485,7.0,1.0006616115570068,1.0006616115570068,1.0006616115570068,0.021887410432100296,0.00013559999933931977,0.4219898283481598,2740000.0,-0.03693510591983795,0.00171753391623497,-0.12166920304298401,0.028758898377418518,0.002602905035018921,1.5033084154129028,1.4116512537002563,0.1928180456161499,4.059464931488037,8127.45556640625,24.80282974243164,32.67050552368164,57.47333526611328,347.9874572753906,3.519500970840454,3.519500970840454,3.519500970840454,0.0
12.194409370422363,40.63999938964844,1000.0,137.0,0.550849974155426,0.022020617499947548,10.0,1.0020235776901245,1.0020235776901245,1.0020235776901245,0.02163338102400303,0.00013440000475384295,0.4202904999256134,2760000.0,-0.04716785252094269,-0.010232746601104736,0.17081987857818604,0.02775701880455017,-0.0010018795728683472,1.4512797594070435,1.1618342399597168,-0.24981701374053955,4.008511543273926,8195.9365234375,24.139083862304688,44.316158294677734,68.45523834228516,292.1617126464844,3.5376083850860596,3.5376083850860596,3.5376083850860596,0.0
12.915244102478027,37.7400016784668,1000.0,138.0,0.5461502075195312,0.020077303051948547,6.0,1.0011787414550781,1.0011787414550781,1.0011787414550781,0.020915662869811058,0.0001331999956164509,0.4182741641998291,2780000.0,-0.04075738787651062,0.006410464644432068,-0.2359021157026291,0.028586436063051224,0.0008294172585010529,1.3254753351211548,1.6611920595169067,0.49935781955718994,4.235501289367676,8250.1640625,25.802207946777344,28.397537231445312,54.199745178222656,369.00543212890625,3.555462121963501,3.555462121963501,3.555462121963501,0.0
12.333965301513672,34.13999938964844,1000.0,139.0,0.5451756715774536,0.021866442635655403,8.0,1.0012112855911255,1.0012112855911255,1.0012112855911255,0.02160334214568138,0.0001320000010309741,0.4179061949253082,2800000.0,-0.04474187642335892,-0.003984488546848297,0.03942969813942909,0.0277184396982193,-0.0008679963648319244,1.4370319843292236,1.5543737411499023,-0.1068183183670044,4.327550888061523,8309.599609375,24.99950408935547,34.41270065307617,59.41220474243164,336.63116455078125,3.5726704597473145,3.5726704597473145,3.5726704597473145,0.0
12.00729751586914,39.52000045776367,1000.0,140.0,0.5418451428413391,0.021360250189900398,7.0,1.0030182600021362,1.0030182600021362,1.0030182600021362,0.02191830240190029,0.00013080000644549727,0.41654035449028015,2820000.0,-0.04632062092423439,-0.001578744500875473,0.11418140679597855,0.02741861715912819,-0.00029982253909111023,1.370022177696228,1.859153151512146,0.30477941036224365,3.945286273956299,8364.44921875,24.32876205444336,30.49690055847168,54.825660705566406,364.79266357421875,3.5899298191070557,3.5899298191070557,3.5899298191070557,0.0
11.799838066101074,32.540000915527344,1000.0,141.0,0.5344641208648682,0.02082715928554535,11.0,0.9997352361679077,0.9997352361679077,0.9997352361679077,0.02013254538178444,0.00012959999730810523,0.4135275185108185,2840000.0,-0.037523120641708374,0.008797500282526016,-0.12707941234111786,0.02801496535539627,0.0005963481962680817,1.3091524839401245,0.9074747562408447,-0.9516783952713013,3.840660572052002,8437.9765625,25.86130714416504,47.64118957519531,73.50249481201172,272.099609375,3.6064183712005615,3.6064183712005615,3.6064183712005615,0.0
11.835160255432129,40.15999984741211,1000.0,142.0,0.5267311334609985,0.021302789449691772,7.0,1.0007621049880981,1.0007621049880981,1.0007621049880981,0.022165391594171524,0.00012840000272262841,0.41035398840904236,2860000.0,-0.04248126968741417,-0.004958149045705795,-0.04515889286994934,0.028863301500678062,0.0008483361452817917,1.4695215225219727,1.4362391233444214,0.5287643671035767,4.412175178527832,8494.2255859375,27.175127029418945,29.04743003845215,56.222557067871094,355.7290954589844,3.6231133937835693,3.6231133937835693,3.6231133937835693,0.0
12.22530746459961,29.200000762939453,1000.0,143.0,0.5205193758010864,0.02014969475567341,7.0,0.9999295473098755,0.9999295473098755,0.9999295473098755,0.0213302094489336,0.00012719999358523637,0.4079485237598419,2880000.0,-0.03515658900141716,0.007324680685997009,0.06941057741641998,0.030553141608834267,0.0016898401081562042,1.427595615386963,1.340401291847229,-0.09583783149719238,4.214569568634033,8550.5,26.746109008789062,29.503028869628906,56.24913787841797,355.5610046386719,3.6386988162994385,3.6386988162994385,3.6386988162994385,0.0
12.63656234741211,40.0,1000.0,144.0,0.5180661082267761,0.020554441958665848,6.0,1.001059651374817,1.001059651374817,1.001059651374817,0.02204364724457264,0.00012599999899975955,0.4071041941642761,2900000.0,-0.04653751105070114,-0.011380922049283981,-0.07199742645025253,0.028459517285227776,-0.002093624323606491,1.4563276767730713,1.8483890295028687,0.5079877376556396,4.4056782722473145,8603.4794921875,28.015230178833008,24.9408016204834,52.956031799316406,377.67181396484375,3.6545708179473877,3.6545708179473877,3.6545708179473877,0.0
12.93118667602539,40.5,1000.0,145.0,0.5153682231903076,0.0205672774463892,9.0,1.0020498037338257,1.0020498037338257,1.0020498037338257,0.020850634202361107,0.00012480000441428274,0.4059255123138428,2920000.0,-0.044944167137145996,0.0015933439135551453,0.2761373221874237,0.029266033321619034,0.0008065160363912582,1.4244433641433716,1.507612705230713,-0.34077632427215576,4.128500938415527,8668.2470703125,26.490766525268555,38.24864959716797,64.73941802978516,308.9307861328125,3.6707653999328613,3.6707653999328613,3.6707653999328613,0.0
13.050877571105957,34.959999084472656,1000.0,146.0,0.5089400410652161,0.020118871703743935,9.0,1.002333402633667,1.002333402633667,1.002333402633667,0.02103918045759201,0.0001235999952768907,0.40335726737976074,2940000.0,-0.0427304282784462,0.0022137388586997986,-0.02927948348224163,0.03097425028681755,0.0017082169651985168,1.4934293031692505,1.2672256231307983,-0.24038708209991455,4.446072578430176,8734.494140625,25.994251251220703,40.22916030883789,66.2234115600586,302.00799560546875,3.6865947246551514,3.6865947246551514,3.6865947246551514,0.0
12.601614952087402,26.3799991607666,1000.0,147.0,0.4980800151824951,0.02013246715068817,8.0,1.0012577772140503,1.0012577772140503,1.0012577772140503,0.020511943846940994,0.00012240000069141388,0.3990142345428467,2960000.0,-0.03460928052663803,0.008121147751808167,-0.08154609799385071,0.02668595314025879,-0.004288297146558762,1.2671922445297241,0.9515198469161987,-0.3157057762145996,3.6660406589508057,8794.2998046875,25.34773826599121,34.43440628051758,59.782142639160156,334.5480651855469,3.7010607719421387,3.7010607719421387,3.7010607719421387,0.0
12.944279670715332,32.15999984741211,1000.0,148.0,0.4918231666088104,0.020334092900156975,9.0,1.0033725500106812,1.0033725500106812,1.0033725500106812,0.022023413330316544,0.00012119999882997945,0.39665165543556213,2980000.0,-0.04230727627873421,-0.007697995752096176,0.1439923197031021,0.030789505690336227,0.004103552550077438,1.4844717979431152,1.0123589038848877,0.060839056968688965,3.868002414703369,8857.16796875,22.34337615966797,40.500587463378906,62.843963623046875,318.24853515625,3.714998245239258,3.714998245239258,3.714998245239258,0.0
11.470250129699707,39.599998474121094,1000.0,149.0,0.48951485753059387,0.022461866959929466,8.0,1.0051020383834839,1.0051020383834839,1.0051020383834839,0.022863807156682014,0.00011999999696854502,0.39570605754852295,3000000.0,-0.05614551901817322,-0.01383824273943901,0.15300601720809937,0.02916107326745987,-0.001628432422876358,1.2296909093856812,1.5801128149032593,0.5677539110183716,3.227776050567627,8915.974609375,23.109813690185547,35.672847747802734,58.78266143798828,340.23638916015625,3.7293617725372314,3.7293617725372314,3.7293617725372314,0.0
11.421928405761719,43.380001068115234,1000.0,150.0,0.48916304111480713,0.020493173971772194,9.0,1.0020666122436523,1.0020666122436523,1.0020666122436523,0.020989548414945602,0.0001188000023830682,0.3954949975013733,3020000.0,-0.04489874094724655,0.011246778070926666,-0.06092971935868263,0.027955645695328712,-0.001205427572131157,1.3707664012908936,1.2283414602279663,-0.35177135467529297,4.2655348777771,8978.3603515625,23.188222885131836,39.17387390136719,62.36209487915039,320.7076416015625,3.744569778442383,3.744569778442383,3.744569778442383,0.0
10.939508438110352,32.880001068115234,1000.0,151.0,0.47897976636886597,0.021549051627516747,9.0,1.0006685256958008,1.0006685256958008,1.0006685256958008,0.021166864782571793,0.00011760000052163377,0.39143529534339905,3040000.0,-0.0399077944457531,0.004990946501493454,-0.07697517424821854,0.030225440859794617,0.0022697951644659042,1.3752069473266602,1.0261956453323364,-0.20214581489562988,4.403799533843994,9040.6513671875,23.342885971069336,38.92181396484375,62.26470184326172,321.20928955078125,3.7592711448669434,3.7592711448669434,3.7592711448669434,0.0
11.803901672363281,22.979999542236328,1000.0,152.0,0.4693218469619751,0.022228620946407318,7.0,1.000886082649231,1.000886082649231,1.000886082649231,0.02112056501209736,0.00011639999866019934,0.38773712515830994,3060000.0,-0.03636663779616356,0.0035411566495895386,-0.18781179189682007,0.02817016839981079,-0.0020552724599838257,1.5003637075424194,1.1568679809570312,0.13067233562469482,4.697338104248047,9094.6328125,24.6611270904541,29.29498291015625,53.956111907958984,370.671630859375,3.7722997665405273,3.7722997665405273,3.7722997665405273,0.0
12.32084846496582,19.639999389648438,1000.0,153.0,0.4605857729911804,0.02009018138051033,8.0,1.0000479221343994,1.0000479221343994,1.0000479221343994,0.020719273015856743,0.00011519999679876491,0.3843819499015808,3080000.0,-0.034021902829408646,0.0023447349667549133,-0.2689456641674042,0.02931366302073002,0.0011434946209192276,1.4918771982192993,0.9944931864738464,-0.16237479448318481,4.216065406799316,9154.2041015625,24.978961944580078,34.568939208984375,59.54790115356445,335.86407470703125,3.7834012508392334,3.7834012508392334,3.7834012508392334,0.0
11.974099159240723,29.020000457763672,1000.0,154.0,0.45535966753959656,0.02065092697739601,7.0,1.0036653280258179,1.0036653280258179,1.0036653280258179,0.021804457530379295,0.0001140000022132881,0.3824016749858856,3100000.0,-0.039975058287382126,-0.00595315545797348,-0.21169808506965637,0.02847038023173809,-0.0008432827889919281,1.302335500717163,1.1873475313186646,0.19285434484481812,3.8325624465942383,9210.150390625,26.537811279296875,29.38585662841797,55.923667907714844,357.6303405761719,3.793926477432251,3.793926477432251,3.793926477432251,0.0
12.813036918640137,25.520000457763672,1000.0,155.0,0.4486721456050873,0.020581679418683052,9.0,1.001014232635498,1.001014232635498,1.001014232635498,0.020866956561803818,0.00011280000035185367,0.3799501657485962,3120000.0,-0.03149312362074852,0.008481934666633606,-0.08999880403280258,0.030116774141788483,0.0016463939100503922,1.3914579153060913,0.9047698974609375,-0.28257763385772705,3.7518553733825684,9272.65625,24.40879249572754,38.074317932128906,62.48310852050781,320.0865173339844,3.803497076034546,3.803497076034546,3.803497076034546,0.0
12.7800931930542,30.239999771118164,1000.0,156.0,0.44167962670326233,0.02227005548775196,7.0,1.0001343488693237,1.0001343488693237,1.0001343488693237,0.02224770560860634,0.00011159999849041924,0.3773476779460907,3140000.0,-0.038074791431427,-0.006581667810678482,-0.3545035719871521,0.0327761173248291,0.002659343183040619,1.5513904094696045,1.3268026113510132,0.4220327138900757,4.316601753234863,9325.826171875,23.621463775634766,29.52272605895996,53.14419174194336,376.3346252441406,3.8127951622009277,3.8127951622009277,3.8127951622009277,0.0
12.824956893920898,37.02000045776367,1000.0,157.0,0.43453168869018555,0.023574303835630417,8.0,1.0031682252883911,1.0031682252883911,1.0031682252883911,0.02254522033035755,0.00011039999662898481,0.3747137784957886,3160000.0,-0.050777778029441833,-0.012702986598014832,-0.10528784245252609,0.028575951233506203,-0.004200166091322899,1.4743930101394653,1.7175201177597046,0.3907175064086914,3.672816038131714,9384.50390625,25.860389709472656,32.792823791503906,58.65321350097656,340.9873046875,3.822695255279541,3.822695255279541,3.822695255279541,0.0
12.86899185180664,41.52000045776367,1000.0,158.0,0.4352456331253052,0.02193388156592846,8.0,1.0003314018249512,1.0003314018249512,1.0003314018249512,0.020762577652931213,0.00010920000204350799,0.37485772371292114,3180000.0,-0.04722234606742859,0.0035554319620132446,0.2622087895870209,0.02948952652513981,0.000913575291633606,1.5757609605789185,1.3805477619171143,-0.33697235584259033,3.727832317352295,9443.6650390625,25.20665740966797,33.93037033081055,59.13703155517578,338.19757080078125,3.833702564239502,3.833702564239502,3.833702564239502,0.0
13.165165901184082,36.31999969482422,1000.0,159.0,0.4248443841934204,0.02073722518980503,9.0,1.0013642311096191,1.0013642311096191,1.0013642311096191,0.020329497754573822,0.00010800000018207356,0.37091371417045593,3200000.0,-0.032216377556324005,0.015005968511104584,-0.2547326683998108,0.02936640940606594,-0.0001231171190738678,1.49550199508667,0.9136704206466675,-0.4668773412704468,3.491770029067993,9505.083984375,24.963205337524414,36.42206954956055,61.385276794433594,325.81103515625,3.845064878463745,3.845064878463745,3.845064878463745,0.0
12.838234901428223,25.299999237060547,1000.0,160.0,0.4144234359264374,0.02054651826620102,8.0,1.0006444454193115,1.0006444454193115,1.0006444454193115,0.020876437425613403,0.00010679999832063913,0.36710599064826965,3220000.0,-0.033892154693603516,-0.0016757771372795105,0.0845947340130806,0.026483673602342606,-0.0028827358037233353,1.3847410678863525,0.9476866126060486,0.034016191959381104,3.065641403198242,9565.916015625,28.193580627441406,32.61430358886719,60.807884216308594,328.90472412109375,3.855363607406616,3.855363607406616,3.855363607406616,0.0
12.370050430297852,22.739999771118164,1000.0,161.0,0.41378360986709595,0.020062554627656937,8.0,1.0019752979278564,1.0019752979278564,1.0019752979278564,0.02175702154636383,0.0001055999964592047,0.3668020963668823,3240000.0,-0.04373345524072647,-0.009841300547122955,-0.08471281081438065,0.026886360719799995,0.00040268711745738983,1.433476448059082,1.249982476234436,0.30229586362838745,3.1589274406433105,9627.2265625,28.107824325561523,33.1800422668457,61.287864685058594,326.328857421875,3.8643763065338135,3.8643763065338135,3.8643763065338135,0.0
11.17919921875,27.219999313354492,1000.0,162.0,0.4050067663192749,0.021177345886826515,10.0,0.999785840511322,0.999785840511322,0.999785840511322,0.020270245149731636,0.00010440000187372789,0.3636993169784546,3260000.0,-0.037756528705358505,0.005976926535367966,0.15069939196109772,0.026125218719244003,-0.0007611420005559921,1.3001457452774048,0.8633341193199158,-0.38664835691452026,3.3848655223846436,9693.4267578125,24.378089904785156,41.79780960083008,66.1759033203125,302.2248229980469,3.8727974891662598,3.8727974891662598,3.8727974891662598,0.0
12.138751983642578,31.8799991607666,1000.0,163.0,0.3988396227359772,0.020046988502144814,8.0,1.0014100074768066,1.0014100074768066,1.0014100074768066,0.022156914696097374,0.00010320000001229346,0.3615308701992035,3280000.0,-0.041532084345817566,-0.0037755556404590607,0.03425699844956398,0.035591091960668564,0.00946587324142456,1.582142949104309,1.0843137502670288,0.22097963094711304,3.275254011154175,9752.3251953125,26.31096839904785,32.560447692871094,58.87141418457031,339.72344970703125,3.881279230117798,3.881279230117798,3.881279230117798,0.0
13.073680877685547,26.799999237060547,1000.0,164.0,0.39549827575683594,0.021085014566779137,9.0,0.999968945980072,0.999968945980072,0.999968945980072,0.020695233717560768,0.00010199999815085903,0.36048248410224915,3300000.0,-0.03141607344150543,0.010116010904312134,-0.023620136082172394,0.030354764312505722,-0.005236327648162842,1.458116888999939,0.837943434715271,-0.2463703155517578,3.1012821197509766,9814.53515625,24.214202880859375,37.97119140625,62.185394287109375,321.6189270019531,3.8891687393188477,3.8891687393188477,3.8891687393188477,0.0
14.110604286193848,25.81999969482422,1000.0,165.0,0.38934487104415894,0.02048496901988983,7.0,1.0009115934371948,1.0009115934371948,1.0009115934371948,0.020927105098962784,0.00010080000356538221,0.35837075114250183,3320000.0,-0.029083790257573128,0.0023322831839323044,0.2673484981060028,0.0328194722533226,0.0024647079408168793,1.3994077444076538,1.0150378942489624,0.1770944595336914,2.8389813899993896,9868.08984375,24.00215721130371,29.527294158935547,53.529449462890625,373.6260986328125,3.8963980674743652,3.8963980674743652,3.8963980674743652,0.0
13.408726692199707,29.040000915527344,1000.0,166.0,0.39599114656448364,0.020749302580952644,9.0,1.0018935203552246,1.0018935203552246,1.0018935203552246,0.022271517664194107,9.960000170394778e-05,0.3605901598930359,3340000.0,-0.0446760393679142,-0.015592249110341072,-0.04853535443544388,0.02951197698712349,-0.003307495266199112,1.4981576204299927,1.0885733366012573,0.07353544235229492,3.054138660430908,9928.041015625,23.839942932128906,36.08664321899414,59.92658996582031,333.7416687011719,3.903446674346924,3.903446674346924,3.903446674346924,0.0
13.459301948547363,38.119998931884766,1000.0,167.0,0.3960237503051758,0.021303493529558182,9.0,1.003538727760315,1.003538727760315,1.003538727760315,0.022435380145907402,9.839999984251335e-05,0.36053192615509033,3360000.0,-0.05336157605051994,-0.008685536682605743,0.31121912598609924,0.031004207208752632,0.0014922302216291428,1.5001006126403809,1.4214026927947998,0.3328293561935425,3.0587291717529297,9992.736328125,28.302616119384766,36.36724853515625,64.66986083984375,309.2630615234375,3.911503314971924,3.911503314971924,3.911503314971924,0.0
13.776248931884766,42.0,1000.0,168.0,0.3943330645561218,0.02172839269042015,10.0,1.0017402172088623,1.0017402172088623,1.0017402172088623,0.021994411945343018,9.719999798107892e-05,0.3600013554096222,3380000.0,-0.053839247673749924,-0.00047767162322998047,0.10283146798610687,0.03061944618821144,-0.0003847610205411911,1.513205885887146,1.2347694635391235,-0.18663322925567627,3.910269021987915,10059.484375,24.892765045166016,41.83218765258789,66.7249526977539,299.7379455566406,3.9209718704223633,3.9209718704223633,3.9209718704223633,0.0
13.54448127746582,54.63999938964844,1000.0,169.0,0.38937559723854065,0.022533750161528587,9.0,1.0040608644485474,1.0040608644485474,1.0040608644485474,0.022282009944319725,9.600000339560211e-05,0.3582780957221985,3400000.0,-0.06434570252895355,-0.010506454855203629,0.07143212854862213,0.032338034361600876,0.0017185881733894348,1.5863683223724365,1.5201549530029297,0.28538548946380615,4.887677192687988,10121.259765625,24.86089515686035,36.886409759521484,61.7473030090332,323.9007873535156,3.9333271980285645,3.9333271980285645,3.9333271980285645,0.0
13.263607025146484,51.400001525878906,1000.0,170.0,0.38688379526138306,0.02175035886466503,10.0,1.0015870332717896,1.0015870332717896,1.0015870332717896,0.020794468000531197,9.480000153416768e-05,0.3574292063713074,3420000.0,-0.055002883076667786,0.009342819452285767,0.05540183186531067,0.029651286080479622,-0.002686748281121254,1.454509973526001,1.3551706075668335,-0.1649843454360962,4.853851795196533,10186.23828125,23.324535369873047,41.6281852722168,64.95272064208984,307.9162902832031,3.947868585586548,3.947868585586548,3.947868585586548,0.0
13.213963508605957,47.65999984741211,1000.0,171.0,0.38320040702819824,0.020187310874462128,10.0,1.0012683868408203,1.0012683868408203,1.0012683868408203,0.020371589809656143,9.359999967273325e-05,0.35604625940322876,3440000.0,-0.038570571690797806,0.01643231138586998,0.2012273669242859,0.028042953461408615,-0.0016083326190710068,1.364769458770752,0.9753630757331848,-0.3798075318336487,3.8114988803863525,10252.7998046875,25.343753814697266,41.18988037109375,66.53363037109375,300.599853515625,3.9639062881469727,3.9639062881469727,3.9639062881469727,0.0
11.425688743591309,29.3799991607666,1000.0,172.0,0.3802463412284851,0.02070169523358345,9.0,1.001704216003418,1.001704216003418,1.001704216003418,0.022070975974202156,9.239999781129882e-05,0.355033278465271,3460000.0,-0.044119834899902344,-0.005549263209104538,0.04269146919250488,0.022663386538624763,-0.005379566922783852,1.1909067630767822,1.059909701347351,0.08454662561416626,3.3317110538482666,10315.208984375,25.418682098388672,36.96592712402344,62.38460922241211,320.5918884277344,3.978954315185547,3.978954315185547,3.978954315185547,0.0
11.251962661743164,32.86000061035156,1000.0,173.0,0.3804320991039276,0.020584331825375557,9.0,1.0010051727294922,1.0010051727294922,1.0010051727294922,0.02118922583758831,9.1200003225822e-05,0.355130672454834,3480000.0,-0.05060507729649544,-0.006485242396593094,-0.030531391501426697,0.027941405773162842,0.005278019234538078,1.4383944272994995,1.3903298377990723,0.3304201364517212,4.233346462249756,10377.7587890625,25.97826385498047,36.546485900878906,62.524749755859375,319.8733215332031,3.9935617446899414,3.9935617446899414,3.9935617446899414,0.0
12.253990173339844,31.559999465942383,1000.0,174.0,0.3736306428909302,0.020412331447005272,8.0,1.0006799697875977,1.0006799697875977,1.0006799697875977,0.020554473623633385,9.000000136438757e-05,0.35269761085510254,3500000.0,-0.04146219417452812,0.009142883121967316,0.1813892126083374,0.029420776292681694,0.0014793705195188522,1.4399527311325073,1.2094852924346924,-0.18084454536437988,4.733211040496826,10435.482421875,24.547378540039062,33.15153503417969,57.69891357421875,346.6269836425781,4.00760555267334,4.00760555267334,4.00760555267334,0.0
13.581482887268066,33.29999923706055,1000.0,175.0,0.36629533767700195,0.02001485601067543,9.0,1.0016251802444458,1.0016251802444458,1.0016251802444458,0.020540663972496986,8.879999950295314e-05,0.35016006231307983,3520000.0,-0.042684610933065414,-0.0012224167585372925,-0.14954271912574768,0.029876427724957466,0.0004556514322757721,1.4861868619918823,1.0993800163269043,-0.11010527610778809,4.603514671325684,10495.71875,24.06454086303711,36.14727020263672,60.21181106567383,332.1607360839844,4.021368980407715,4.021368980407715,4.021368980407715,0.0
13.834931373596191,34.02000045776367,1000.0,176.0,0.3584310710430145,0.020848624408245087,9.0,1.001370906829834,1.001370906829834,1.001370906829834,0.021180033683776855,8.759999764151871e-05,0.3472980856895447,3540000.0,-0.04814795404672623,-0.005463343113660812,-0.14175620675086975,0.02880214713513851,-0.0010742805898189545,1.4238314628601074,1.2785617113113403,0.17918169498443604,3.9383633136749268,10558.4619140625,25.93852424621582,36.781253814697266,62.71977996826172,318.878662109375,4.034976959228516,4.034976959228516,4.034976959228516,0.0
13.905411720275879,34.97999954223633,1000.0,177.0,0.3523052930831909,0.020277947187423706,10.0,1.0028327703475952,1.0028327703475952,1.0028327703475952,0.020518459379673004,8.64000030560419e-05,0.3452182412147522,3560000.0,-0.04670553654432297,0.0014424175024032593,0.12304510176181793,0.03477383032441139,0.0059716831892728806,1.6330349445343018,1.1459935903549194,-0.1325681209564209,3.812840700149536,10625.220703125,26.66705894470215,40.06807327270508,66.7351303100586,299.6922302246094,4.048572540283203,4.048572540283203,4.048572540283203,0.0
13.204394340515137,34.2599983215332,1000.0,178.0,0.3460560739040375,0.020237863063812256,10.0,1.0007585287094116,1.0007585287094116,1.0007585287094116,0.02032884769141674,8.520000119460747e-05,0.3431326150894165,3580000.0,-0.04330512136220932,0.0034004151821136475,-0.18973460793495178,0.028276512399315834,-0.006497317925095558,1.411690354347229,0.9840911030769348,-0.16190248727798462,3.518505573272705,10691.4306640625,25.154172897338867,41.0268669128418,66.18103790283203,302.20135498046875,4.062066078186035,4.062066078186035,4.062066078186035,0.0
13.538182258605957,30.739999771118164,1000.0,179.0,0.3366532027721405,0.020364422351121902,9.0,1.002429485321045,1.002429485321045,1.002429485321045,0.020591435953974724,8.399999933317304e-05,0.34000420570373535,3600000.0,-0.04541819170117378,-0.0021130703389644623,0.10717138648033142,0.030324488878250122,0.002047976478934288,1.4492559432983398,1.223300576210022,0.23920947313308716,3.703932046890259,10751.435546875,22.739112854003906,37.237937927246094,59.97705078125,333.46087646484375,4.07500696182251,4.07500696182251,4.07500696182251,0.0
12.401278495788574,25.18000030517578,1000.0,180.0,0.32628050446510315,0.02187418006360531,11.0,1.0003855228424072,1.0003855228424072,1.0003855228424072,0.020149104297161102,8.27999974717386e-05,0.3365493714809418,3620000.0,-0.03527427092194557,0.01014392077922821,-0.2401876151561737,0.024040838703513145,-0.006283650174736977,1.3365471363067627,0.8148365020751953,-0.40846407413482666,3.6745445728302,10821.3623046875,24.10890007019043,45.793827056884766,69.90272521972656,286.11187744140625,4.0867133140563965,4.0867133140563965,4.0867133140563965,0.0
12.832751274108887,22.219999313354492,1000.0,181.0,0.31412601470947266,0.020233243703842163,9.0,1.004559874534607,1.004559874534607,1.004559874534607,0.02161305770277977,8.160000288626179e-05,0.3325544595718384,3640000.0,-0.03715818375349045,-0.001883912831544876,0.1866130530834198,0.03074066899716854,0.0066998302936553955,1.4449915885925293,0.8568592071533203,0.042022705078125,3.4880805015563965,10882.666015625,24.139619827270508,37.13457489013672,61.274192810058594,326.40167236328125,4.096909523010254,4.096909523010254,4.096909523010254,0.0
12.94286823272705,27.5,1000.0,182.0,0.31048449873924255,0.02097831852734089,9.0,1.002639651298523,1.002639651298523,1.002639651298523,0.02106887847185135,8.040000102482736e-05,0.33137911558151245,3660000.0,-0.045893650501966476,-0.008735466748476028,-0.13032937049865723,0.031132744625210762,0.00039207562804222107,1.6136783361434937,1.206668734550476,0.34980952739715576,3.3723015785217285,10942.2109375,21.78666877746582,37.73445129394531,59.5211181640625,336.01519775390625,4.106447696685791,4.106447696685791,4.106447696685791,0.0
11.936872482299805,27.139999389648438,1000.0,183.0,0.3070213794708252,0.020652860403060913,11.0,1.0020142793655396,1.0020142793655396,1.0020142793655396,0.020253440365195274,7.919999916339293e-05,0.330270916223526,3680000.0,-0.039971113204956055,0.005922537297010422,-0.011680487543344498,0.02531963400542736,-0.0058131106197834015,1.3741352558135986,0.9209030270576477,-0.28576570749282837,3.7008605003356934,11010.1328125,22.668306350708008,45.22784423828125,67.89614868164062,294.5675048828125,4.115345001220703,4.115345001220703,4.115345001220703,0.0
11.479118347167969,35.15999984741211,1000.0,184.0,0.30460429191589355,0.020073944702744484,10.0,1.002761960029602,1.002761960029602,1.002761960029602,0.02127380110323429,7.79999973019585e-05,0.3295021653175354,3700000.0,-0.04516220465302467,-0.005191091448068619,0.06049644574522972,0.027615802362561226,0.0022961683571338654,1.3290369510650635,0.8815637230873108,-0.039339303970336914,3.357383966445923,11075.2861328125,24.987003326416016,40.14118194580078,65.12818145751953,307.0867004394531,4.124739646911621,4.124739646911621,4.124739646911621,0.0
10.709702491760254,33.63999938964844,1000.0,185.0,0.3015342056751251,0.020620252937078476,11.0,1.0051906108856201,1.0051906108856201,1.0051906108856201,0.021423235535621643,7.680000271648169e-05,0.3284456729888916,3720000.0,-0.04476352408528328,0.00039868056774139404,0.16786085069179535,0.030887819826602936,0.00327201746404171,1.4122068881988525,1.0127567052841187,0.13119298219680786,3.536389112472534,11145.912109375,26.71030616760254,43.8880729675293,70.5993881225586,283.28857421875,4.134383201599121,4.134383201599121,4.134383201599121,0.0
11.788565635681152,34.599998474121094,1000.0,186.0,0.29042989015579224,0.020486893132328987,12.0,1.000491976737976,1.000491976737976,1.000491976737976,0.019405927509069443,7.560000085504726e-05,0.3248467445373535,3740000.0,-0.03598960116505623,0.00877392292022705,0.09581609815359116,0.029423478990793228,-0.0014643408358097076,1.4243381023406982,0.6504602432250977,-0.362296462059021,3.141554355621338,11219.6181640625,24.920833587646484,48.76114273071289,73.68197631835938,271.4367980957031,4.144382953643799,4.144382953643799,4.144382953643799,0.0
12.616999626159668,36.2599983215332,1000.0,187.0,0.28216591477394104,0.021173793822526932,10.0,1.003851294517517,1.003851294517517,1.003851294517517,0.0221621822565794,7.439999899361283e-05,0.3221793472766876,3760000.0,-0.05823514983057976,-0.02224554866552353,-0.03454916924238205,0.027684932574629784,-0.0017385464161634445,1.493714690208435,1.1116812229156494,0.46122097969055176,3.63810658454895,11284.6435546875,22.67987060546875,42.31827163696289,64.99813842773438,307.70111083984375,4.154930591583252,4.154930591583252,4.154930591583252,0.0
12.963220596313477,30.100000381469727,1000.0,188.0,0.28008440136909485,0.020963141694664955,11.0,1.0008940696716309,1.0008940696716309,1.0008940696716309,0.02039499394595623,7.31999971321784e-05,0.3214763104915619,3780000.0,-0.04985448718070984,0.008380662649869919,0.08821061998605728,0.02798904851078987,0.0003041159361600876,1.5291396379470825,1.0427253246307373,-0.06895589828491211,3.878826141357422,11351.9638671875,22.250558853149414,45.04430389404297,67.29486083984375,297.1994934082031,4.1651434898376465,4.1651434898376465,4.1651434898376465,0.0
12.777531623840332,33.0,1000.0,189.0,0.27502042055130005,0.021471837535500526,12.0,1.0009790658950806,1.0009790658950806,1.0009790658950806,0.020258711650967598,7.200000254670158e-05,0.3198144733905792,3800000.0,-0.04235135763883591,0.007503129541873932,-0.05365649610757828,0.03072822280228138,0.0027391742914915085,1.5019183158874512,0.698969304561615,-0.3437560200691223,3.255096197128296,11424.9423828125,23.253358840942383,49.69902801513672,72.95238494873047,274.1513977050781,4.175449848175049,4.175449848175049,4.175449848175049,0.0
13.09399127960205,28.18000030517578,1000.0,190.0,0.2664222717285156,0.020450269803404808,11.0,1.0039230585098267,1.0039230585098267,1.0039230585098267,0.020537201315164566,7.080000068526715e-05,0.3169904947280884,3820000.0,-0.0380886010825634,0.004262756556272507,0.09719756990671158,0.030372384935617447,-0.0003558378666639328,1.4653607606887817,0.9345434904098511,0.23557418584823608,3.1932590007781982,11492.490234375,22.882814407348633,44.63922882080078,67.52204132080078,296.1995544433594,4.185186386108398,4.185186386108398,4.185186386108398,0.0
12.903079986572266,33.959999084472656,1000.0,191.0,0.266732782125473,0.02101939171552658,11.0,1.003655195236206,1.003655195236206,1.003655195236206,0.02181503362953663,6.959999882383272e-05,0.31712210178375244,3840000.0,-0.058228444308042526,-0.020139843225479126,0.1748441606760025,0.0277728158980608,-0.0025995690375566483,1.5075308084487915,1.2454725503921509,0.3109290599822998,3.278257131576538,11562.455078125,24.250022888183594,45.689239501953125,69.93926239013672,285.96240234375,4.195199489593506,4.195199489593506,4.195199489593506,0.0
12.684992790222168,26.540000915527344,1000.0,192.0,0.2634434401988983,0.02021046169102192,13.0,1.0022295713424683,1.0022295713424683,1.0022295713424683,0.020427977666258812,6.839999696239829e-05,0.31611841917037964,3860000.0,-0.03862473741173744,0.019603706896305084,-0.004318896681070328,0.02501346357166767,-0.0027593523263931274,1.3765922784805298,0.6979400515556335,-0.5475324988365173,2.8647301197052,11638.7041015625,22.62763023376465,53.596378326416016,76.22400665283203,262.384521484375,4.204448699951172,4.204448699951172,4.204448699951172,0.0
12.962204933166504,27.360000610351562,1000.0,193.0,0.25732797384262085,0.02108359895646572,10.0,1.0030760765075684,1.0030760765075684,1.0030760765075684,0.020744625478982925,6.720000237692147e-05,0.3141811788082123,3880000.0,-0.04377094283699989,-0.005146205425262451,0.156905859708786,0.028462843969464302,0.003449380397796631,1.4808645248413086,0.8284558057785034,0.13051575422286987,3.034393072128296,11703.0166015625,23.25006866455078,41.03608703613281,64.2861557006836,311.1089782714844,4.2131218910217285,4.2131218910217285,4.2131218910217285,0.0
12.013402938842773,23.420000076293945,1000.0,194.0,0.25624147057533264,0.020728599280118942,11.0,1.0051140785217285,1.0051140785217285,1.0051140785217285,0.020940175279974937,6.600000051548705e-05,0.3137739598751068,3900000.0,-0.04921013489365578,-0.005439192056655884,-0.21335648000240326,0.02570548839867115,-0.002757355570793152,1.2937781810760498,1.1197199821472168,0.2912641763687134,2.941067934036255,11771.427734375,22.566089630126953,45.81953048706055,68.3856201171875,292.4591369628906,4.220731258392334,4.220731258392334,4.220731258392334,0.0
12.0934419631958,29.780000686645508,1000.0,195.0,0.2521000802516937,0.02048739790916443,11.0,1.0009700059890747,1.0009700059890747,1.0009700059890747,0.020209886133670807,6.479999865405262e-05,0.3125208616256714,3920000.0,-0.0474574938416481,0.0017526410520076752,0.24791136384010315,0.030409500002861023,0.004704011604189873,1.3888250589370728,0.8931093811988831,-0.22661060094833374,3.326625108718872,11840.1015625,23.7166748046875,44.931644439697266,68.6483154296875,291.3399963378906,4.2282609939575195,4.2282609939575195,4.2282609939575195,0.0
11.911003112792969,33.220001220703125,1000.0,196.0,0.2439240962266922,0.020446909591555595,12.0,1.0032014846801758,1.0032014846801758,1.0032014846801758,0.02036520652472973,6.359999679261819e-05,0.3099561631679535,3940000.0,-0.04491962119936943,0.0025378726422786713,0.08509521186351776,0.03078579530119896,0.0003762952983379364,1.4953113794326782,0.6903886198997498,-0.2027207612991333,3.1424832344055176,11912.0712890625,22.54131507873535,49.40116882324219,71.94248962402344,277.9998474121094,4.236196517944336,4.236196517944336,4.236196517944336,0.0
12.057507514953613,25.040000915527344,1000.0,197.0,0.2401370257139206,0.02052905596792698,12.0,1.0025779008865356,1.0025779008865356,1.0025779008865356,0.020384278148412704,6.240000220714137e-05,0.30891603231430054,3960000.0,-0.042214009910821915,0.002705611288547516,-0.052115827798843384,0.027527688071131706,-0.003258107230067253,1.3930749893188477,0.7104528546333313,0.020064234733581543,3.4416792392730713,11985.083984375,25.502124786376953,47.482322692871094,72.98445129394531,274.0309753417969,4.243364334106445,4.243364334106445,4.243364334106445,0.0
12.577953338623047,27.639999389648438,1000.0,198.0,0.23357588052749634,0.020620189607143402,12.0,1.0019307136535645,1.0019307136535645,1.0019307136535645,0.021620655432343483,6.120000034570694e-05,0.3070536255836487,3980000.0,-0.055920347571372986,-0.013706337660551071,0.12957559525966644,0.02864205837249756,0.0011143703013658524,1.4077832698822021,0.9716456532478333,0.26119279861450195,3.410496473312378,12057.7060546875,24.541393280029297,48.0548210144043,72.5962142944336,275.4964599609375,4.25020170211792,4.25020170211792,4.25020170211792,0.0
13.164966583251953,27.3799991607666,1000.0,199.0,0.22380881011486053,0.021277977153658867,14.0,1.002076506614685,1.002076506614685,1.002076506614685,0.020338745787739754,5.999999848427251e-05,0.30403202772140503,4000000.0,-0.04511743783950806,0.01080290973186493,-0.2504645586013794,0.027379484847187996,-0.0012625735253095627,1.432024359703064,0.726299524307251,-0.24534612894058228,3.6592917442321777,12138.064453125,24.066774368286133,56.265724182128906,80.3324966430664,248.96524047851562,4.2567057609558105,4.2567057609558105,4.2567057609558105,0.0
12.286962509155273,31.040000915527344,1000.0,200.0,0.2173886001110077,0.0202829260379076,12.0,1.0042449235916138,1.0042449235916138,1.0042449235916138,0.0211277324706316,5.880000026081689e-05,0.3020896911621094,4020000.0,-0.05008915439248085,-0.004971716552972794,-0.10710860043764114,0.02545926719903946,-0.0019202176481485367,1.26869535446167,0.9383262991905212,0.21202677488327026,3.4260737895965576,12211.123046875,25.13597869873047,47.89464569091797,73.03062438964844,273.85772705078125,4.263422966003418,4.263422966003418,4.263422966003418,0.0
10.98425006866455,36.97999954223633,1000.0,201.0,0.2146940380334854,0.020712027326226234,13.0,1.0042178630828857,1.0042178630828857,1.0042178630828857,0.020846666768193245,5.759999839938246e-05,0.3013058304786682,4040000.0,-0.06415965408086777,-0.014070499688386917,-0.11313708126544952,0.028986908495426178,0.0035276412963867188,1.2268273830413818,1.1192176342010498,0.18089133501052856,3.6802594661712646,12288.0771484375,24.845684051513672,52.08186721801758,76.92855072021484,259.98150634765625,4.271167278289795,4.271167278289795,4.271167278289795,0.0
11.618666648864746,46.97999954223633,1000.0,202.0,0.21072165668010712,0.021471450105309486,13.0,1.004000186920166,1.004000186920166,1.004000186920166,0.021287037059664726,5.6400000175926834e-05,0.30019882321357727,4060000.0,-0.07892397046089172,-0.014764316380023956,0.0669768676161766,0.032062698155641556,0.003075789660215378,1.5127935409545898,1.4239922761917114,0.3047746419906616,4.416748523712158,12365.931640625,25.075315475463867,52.75322341918945,77.82853698730469,256.9751281738281,4.2812371253967285,4.2812371253967285,4.2812371253967285,0.0
11.00539779663086,42.779998779296875,1000.0,203.0,0.204744353890419,0.020053338259458542,14.0,0.9995754361152649,0.9995754361152649,0.9995754361152649,0.019583800807595253,5.5199998314492404e-05,0.2984682619571686,4080000.0,-0.04816675931215286,0.03075721114873886,-0.1620810329914093,0.02660985291004181,-0.005452845245599747,1.197157382965088,0.7554911971092224,-0.668501079082489,4.423810005187988,12447.1904296875,22.43183135986328,58.80033493041992,81.23217010498047,246.2078857421875,4.292819499969482,4.292819499969482,4.292819499969482,0.0
11.63782024383545,40.70000076293945,1000.0,204.0,0.199993297457695,0.020078076049685478,14.0,1.0040313005447388,1.0040313005447388,1.0040313005447388,0.02020563930273056,5.400000009103678e-05,0.2970985174179077,4100000.0,-0.054094865918159485,-0.005928106606006622,0.0850115418434143,0.028719596564769745,0.002109743654727936,1.3207294940948486,0.9106855988502502,0.15519440174102783,3.811016321182251,12528.16796875,22.44218635559082,58.509281158447266,80.95146942138672,247.06161499023438,4.305478572845459,4.305478572845459,4.305478572845459,0.0
11.067496299743652,23.31999969482422,1000.0,205.0,0.19417326152324677,0.020618045702576637,14.0,1.0037755966186523,1.0037755966186523,1.0037755966186523,0.020038271322846413,5.279999822960235e-05,0.2953806519508362,4120000.0,-0.0419536754488945,0.012141190469264984,-0.23852787911891937,0.027504850178956985,-0.0012147463858127594,1.3509156703948975,0.7158302068710327,-0.19485539197921753,3.2334303855895996,12609.37109375,22.84748077392578,58.32989501953125,81.17737579345703,246.3740692138672,4.316664218902588,4.316664218902588,4.316664218902588,0.0
11.192488670349121,27.559999465942383,1000.0,206.0,0.18477825820446014,0.020804431289434433,13.0,1.004431962966919,1.004431962966919,1.004431962966919,0.0204800833016634,5.160000000614673e-05,0.29263171553611755,4140000.0,-0.046421751379966736,-0.004468075931072235,-0.1320163905620575,0.027353443205356598,-0.00015140697360038757,1.295436143875122,0.6748643517494202,-0.04096585512161255,3.4574854373931885,12683.8583984375,21.357919692993164,53.10309600830078,74.46101379394531,268.596923828125,4.327121734619141,4.327121734619141,4.327121734619141,0.0
11.050969123840332,28.399999618530273,1000.0,207.0,0.17478971183300018,0.020118623971939087,14.0,1.0043084621429443,1.0043084621429443,1.0043084621429443,0.02040819637477398,5.0400001782691106e-05,0.2897098958492279,4160000.0,-0.053558461368083954,-0.007136709988117218,-0.15909616649150848,0.025605885311961174,-0.0017475578933954239,1.2794355154037476,0.7909788489341736,0.11611449718475342,3.3703410625457764,12764.5859375,23.43103790283203,57.270774841308594,80.70181274414062,247.82591247558594,4.337041854858398,4.337041854858398,4.337041854858398,0.0
11.986390113830566,39.47999954223633,1000.0,208.0,0.16888627409934998,0.020755432546138763,15.0,1.0036754608154297,1.0036754608154297,1.0036754608154297,0.020251156762242317,4.9199999921256676e-05,0.2880169749259949,4180000.0,-0.06186188757419586,-0.008303426206111908,-0.05924959108233452,0.028040269389748573,0.0024343840777873993,1.3979737758636475,0.7946181893348694,0.0036393404006958008,3.3925342559814453,12847.486328125,22.47161102294922,60.40037155151367,82.87197875976562,241.33609008789062,4.348051071166992,4.348051071166992,4.348051071166992,0.0
11.828822135925293,34.34000015258789,1000.0,209.0,0.15924584865570068,0.020405614748597145,16.0,0.9997597336769104,0.9997597336769104,0.9997597336769104,0.019242065027356148,4.8000001697801054e-05,0.28522738814353943,4200000.0,-0.04142932593822479,0.02043256163597107,-0.4046933352947235,0.02644314058125019,-0.0015971288084983826,1.2239009141921997,0.5823896527290344,-0.21222853660583496,2.894488573074341,12937.1025390625,21.706071853637695,67.88399505615234,89.5900650024414,223.23902893066406,4.359316825866699,4.359316825866699,4.359316825866699,0.0
12.479540824890137,40.15999984741211,1000.0,210.0,0.15718138217926025,0.02092820219695568,16.0,1.009053111076355,1.009053111076355,1.009053111076355,0.021887565031647682,4.6799999836366624e-05,0.2845698297023773,4220000.0,-0.06045696884393692,-0.019027642905712128,-0.009540822356939316,0.024299440905451775,-0.002143699675798416,1.3705801963806152,0.7556639313697815,0.17327427864074707,3.0529348850250244,13026.0751953125,23.3290958404541,65.61429595947266,88.94338989257812,224.8621368408203,4.37164306640625,4.37164306640625,4.37164306640625,0.0
11.798286437988281,37.97999954223633,1000.0,211.0,0.15325066447257996,0.020377924665808678,14.0,1.0009218454360962,1.0009218454360962,1.0009218454360962,0.019700028002262115,4.5600001612911e-05,0.28348997235298157,4240000.0,-0.048023324459791183,0.012433644384145737,-0.21558856964111328,0.027449630200862885,0.00315018929541111,1.406929850578308,0.7812448143959045,0.025580883026123047,3.205716609954834,13105.279296875,22.24062156677246,56.937110900878906,79.177734375,252.5962677001953,4.38461971282959,4.38461971282959,4.38461971282959,0.0
11.503294944763184,34.20000076293945,1000.0,212.0,0.14144931733608246,0.020277831703424454,16.0,1.0005156993865967,1.0005156993865967,1.0005156993865967,0.019437700510025024,4.439999975147657e-05,0.2801143229007721,4260000.0,-0.037228550761938095,0.010794773697853088,0.1595221757888794,0.027623023837804794,0.0001733936369419098,1.3252100944519043,0.5100891590118408,-0.2711556553840637,2.744711399078369,13192.2216796875,22.55603790283203,64.359130859375,86.91516876220703,230.1094207763672,4.397647857666016,4.397647857666016,4.397647857666016,0.0
11.844468116760254,26.899999618530273,1000.0,213.0,0.134817436337471,0.02065177634358406,14.0,1.004791498184204,1.004791498184204,1.004791498184204,0.02172272838652134,4.320000152802095e-05,0.2783387005329132,4280000.0,-0.0600903145968914,-0.022861763834953308,-0.3264845013618469,0.028312725946307182,0.000689702108502388,1.4624464511871338,0.9104805588722229,0.4003913998603821,2.997256278991699,13269.857421875,22.82135581970215,54.78401184082031,77.6053695678711,257.714111328125,4.409677505493164,4.409677505493164,4.409677505493164,0.0
11.694371223449707,22.260000228881836,1000.0,214.0,0.1277172863483429,0.020210226997733116,18.0,1.0014878511428833,1.0014878511428833,1.0014878511428833,0.0200477484613657,4.199999966658652e-05,0.27640068531036377,4300000.0,-0.05134960636496544,0.008740708231925964,-0.07437629997730255,0.029351510107517242,0.0010387841612100601,1.4130440950393677,0.6043207049369812,-0.3061598539352417,3.2489511966705322,13364.1787109375,22.704471588134766,71.58903503417969,94.29351043701172,212.1036834716797,4.420135974884033,4.420135974884033,4.420135974884033,0.0
12.198664665222168,28.15999984741211,1000.0,215.0,0.12621375918388367,0.02014785446226597,17.0,1.0051980018615723,1.0051980018615723,1.0051980018615723,0.02062026970088482,4.0800001443130895e-05,0.27585455775260925,4320000.0,-0.06710731983184814,-0.015757713466882706,-0.1263551265001297,0.026087777689099312,-0.0032637324184179306,1.4421972036361694,0.8094404935836792,0.205119788646698,2.9862470626831055,13453.5009765625,21.82445526123047,67.46927642822266,89.29373168945312,223.97988891601562,4.430030345916748,4.430030345916748,4.430030345916748,0.0
12.290887832641602,30.440000534057617,1000.0,216.0,0.12287334352731705,0.02111753635108471,19.0,1.004488229751587,1.004488229751587,1.004488229751587,0.020349645987153053,3.9599999581696466e-05,0.27483201026916504,4340000.0,-0.06468861550092697,0.002418704330921173,-0.11675156652927399,0.02641221135854721,0.00032443366944789886,1.3118993043899536,0.8146775960922241,0.005237102508544922,3.0685110092163086,13551.6171875,21.9184627532959,76.16896057128906,98.0874252319336,203.8997344970703,4.439746856689453,4.439746856689453,4.439746856689453,0.0
12.208806991577148,30.84000015258789,1000.0,217.0,0.11518193781375885,0.02078072354197502,21.0,1.001115083694458,1.001115083694458,1.001115083694458,0.019795887172222137,3.840000135824084e-05,0.27274250984191895,4360000.0,-0.036657609045505524,0.028031006455421448,0.046023063361644745,0.026108115911483765,-0.00030409544706344604,1.2981204986572266,0.45882201194763184,-0.3558555841445923,3.0030813217163086,13655.7724609375,21.450756072998047,82.67545318603516,104.12621307373047,192.07460021972656,4.4493632316589355,4.4493632316589355,4.4493632316589355,0.0
11.919734001159668,30.940000534057617,1000.0,218.0,0.10708621144294739,0.020034702494740486,17.0,1.0047487020492554,1.0047487020492554,1.0047487020492554,0.02029009349644184,3.719999949680641e-05,0.27059823274612427,4380000.0,-0.051579270511865616,-0.014921661466360092,-0.21308182179927826,0.03186652809381485,0.005758412182331085,1.3401312828063965,0.6299442648887634,0.1711222529411316,2.620398759841919,13745.6591796875,22.104467391967773,67.75252532958984,89.85699462890625,222.5758819580078,4.4589056968688965,4.4589056968688965,4.4589056968688965,0.0
10.22566032409668,19.5,1000.0,219.0,0.10138580948114395,0.020709238946437836,21.0,1.0016788244247437,1.0016788244247437,1.0016788244247437,0.01969342865049839,3.600000127335079e-05,0.2690715491771698,4400000.0,-0.03902842476963997,0.012550845742225647,-0.03676731139421463,0.025152623653411865,-0.006713904440402985,1.0946149826049805,0.48545128107070923,-0.1444929838180542,2.668696403503418,13851.890625,23.587581634521484,82.61631774902344,106.20389556884766,188.31700134277344,4.466709613800049,4.466709613800049,4.466709613800049,0.0
10.937029838562012,22.239999771118164,1000.0,220.0,0.08961406350135803,0.020611383020877838,19.0,1.0046358108520508,1.0046358108520508,1.0046358108520508,0.01966739259660244,3.479999941191636e-05,0.26593640446662903,4420000.0,-0.04381910711526871,-0.004790682345628738,0.13587942719459534,0.028897201642394066,0.0037445779889822006,1.3952943086624146,0.4903731346130371,0.004921853542327881,2.8645942211151123,13950.5087890625,22.701274871826172,75.88565063476562,98.5875015258789,202.86546325683594,4.47334623336792,4.47334623336792,4.47334623336792,0.0
11.087620735168457,20.440000534057617,1000.0,221.0,0.08513953536748886,0.020435025915503502,19.0,1.006421446800232,1.006421446800232,1.006421446800232,0.0209946446120739,3.360000118846074e-05,0.26474541425704956,4440000.0,-0.057148128747940063,-0.013329021632671356,0.10604257881641388,0.025484208017587662,-0.003412993624806404,1.4124647378921509,0.5956283211708069,0.10525518655776978,3.0693094730377197,14047.244140625,21.85359001159668,74.85306549072266,96.70665740966797,206.81100463867188,4.478662967681885,4.478662967681885,4.478662967681885,0.0
11.55289077758789,22.520000457763672,1000.0,222.0,0.08372088521718979,0.02053522691130638,19.0,1.004259467124939,1.004259467124939,1.004259467124939,0.019999664276838303,3.239999932702631e-05,0.26431652903556824,4460000.0,-0.0603274330496788,-0.003179304301738739,-0.08054663240909576,0.026893144473433495,0.0014089364558458328,1.182159423828125,0.6658228635787964,0.0701945424079895,3.062103748321533,14146.5234375,21.92641258239746,77.32475280761719,99.25116729736328,201.50897216796875,4.483094692230225,4.483094692230225,4.483094692230225,0.0
11.863999366760254,32.20000076293945,1000.0,223.0,0.0741516500711441,0.020091312006115913,19.0,1.0052164793014526,1.0052164793014526,1.0052164793014526,0.019564973190426826,3.1200001103570685e-05,0.26182273030281067,4480000.0,-0.07339263707399368,-0.01306520402431488,0.066855788230896,0.028363987803459167,0.001470843330025673,1.4274749755859375,0.8986504673957825,0.23282760381698608,4.032909393310547,14244.501953125,21.48836898803711,76.46117401123047,97.94954681396484,204.18675231933594,4.488155841827393,4.488155841827393,4.488155841827393,0.0
12.506789207458496,30.1200008392334,1000.0,224.0,0.06548964232206345,0.02001895383000374,22.0,1.0032144784927368,1.0032144784927368,1.0032144784927368,0.019326377660036087,2.9999999242136255e-05,0.2595681846141815,4500000.0,-0.05154389142990112,0.02184874564409256,-0.10367695242166519,0.028400443494319916,3.645569086074829e-05,1.3858882188796997,0.5480722784996033,-0.3505781888961792,3.0359983444213867,14354.8798828125,21.496475219726562,88.8529281616211,110.34939575195312,181.24249267578125,4.4934797286987305,4.4934797286987305,4.4934797286987305,0.0
12.102278709411621,28.399999618530273,1000.0,225.0,0.056449297815561295,0.020814064890146255,24.0,1.0014731884002686,1.0014731884002686,1.0014731884002686,0.01934828609228134,2.879999919969123e-05,0.2572544813156128,4520000.0,-0.04616141319274902,0.0053824782371521,-0.06816591322422028,0.02605089545249939,-0.002349548041820526,1.3748079538345337,0.46112367510795593,-0.08694860339164734,3.4130218029022217,14471.6083984375,21.676963806152344,95.02099609375,116.69895935058594,171.38113403320312,4.4987874031066895,4.4987874031066895,4.4987874031066895,0.0
12.646381378173828,25.84000015258789,1000.0,226.0,0.04639582708477974,0.02063075266778469,24.0,1.0034997463226318,1.0034997463226318,1.0034997463226318,0.020411329343914986,2.7599999157246202e-05,0.2546871602535248,4540000.0,-0.057267364114522934,-0.01110595092177391,0.131776362657547,0.028899263590574265,0.002848368138074875,1.5636879205703735,0.5846135020256042,0.12348982691764832,3.5399680137634277,14588.91015625,21.501821517944336,95.76898956298828,117.27081298828125,170.54542541503906,4.503701210021973,4.503701210021973,4.503701210021973,0.0
13.43206787109375,31.6200008392334,1000.0,227.0,0.041222888976335526,0.020897097885608673,23.0,1.0039485692977905,1.0039485692977905,1.0039485692977905,0.020057616755366325,2.6399999114801176e-05,0.2534007728099823,4560000.0,-0.06948160380125046,-0.012214239686727524,0.19412338733673096,0.031365469098091125,0.002466205507516861,1.6061553955078125,0.8433341383934021,0.25872063636779785,3.6810202598571777,14701.5263671875,21.42702865600586,91.15786743164062,112.58489227294922,177.6437225341797,4.509120941162109,4.509120941162109,4.509120941162109,0.0
14.95125961303711,45.31999969482422,1000.0,228.0,0.035457078367471695,0.020107852295041084,26.0,1.0051575899124146,1.0051575899124146,1.0051575899124146,0.01964162103831768,2.5200000891345553e-05,0.2519470155239105,4580000.0,-0.07797683030366898,-0.008495226502418518,-0.21252115070819855,0.030180666595697403,-0.0011848025023937225,1.6622647047042847,0.750671923160553,-0.09266221523284912,3.8658804893493652,14827.578125,23.61336898803711,102.40787506103516,126.02124786376953,158.70339965820312,4.517033576965332,4.517033576965332,4.517033576965332,0.0
14.612983703613281,49.099998474121094,1000.0,229.0,0.028795888647437096,0.020121455192565918,28.0,1.0026774406433105,1.0026774406433105,1.0026774406433105,0.019455358386039734,2.4000000848900527e-05,0.25023192167282104,4600000.0,-0.06980833411216736,0.008168496191501617,0.19131064414978027,0.030212277546525,3.161095082759857e-05,1.5880589485168457,0.6794567108154297,-0.07121521234512329,3.864363193511963,14960.08984375,23.605709075927734,108.87367248535156,132.47938537597656,150.96688842773438,4.527749538421631,4.527749538421631,4.527749538421631,0.0
14.054583549499512,38.70000076293945,1000.0,230.0,0.021487485617399216,0.02059433050453663,31.0,1.0016108751296997,1.0016108751296997,1.0016108751296997,0.01955246552824974,2.28000008064555e-05,0.2483576387166977,4620000.0,-0.04383641853928566,0.0259719155728817,-0.15618471801280975,0.027501987293362617,-0.002710290253162384,1.3615919351577759,0.3848256468772888,-0.29463106393814087,3.2399215698242188,15105.4912109375,24.322620391845703,121.04525756835938,145.3678741455078,137.58197021484375,4.539456367492676,4.539456367492676,4.539456367492676,0.0
12.520586013793945,23.84000015258789,1000.0,231.0,0.012207827530801296,0.020060060545802116,29.0,1.0015729665756226,1.0015729665756226,1.0015729665756226,0.019611548632383347,2.1600000764010474e-05,0.24614490568637848,4640000.0,-0.05178917944431305,-0.00795276090502739,0.0031493157148361206,0.03323720395565033,0.005735216662287712,1.403935432434082,0.41469860076904297,0.02987295389175415,3.4517040252685547,15242.396484375,23.2781982421875,113.58963012695312,136.86782836914062,146.12637329101562,4.549844264984131,4.549844264984131,4.549844264984131,0.0
11.825348854064941,16.84000015258789,1000.0,232.0,-0.0001682713336776942,0.020616035908460617,28.0,1.0040651559829712,1.0040651559829712,1.0040651559829712,0.01933235675096512,2.0400000721565448e-05,0.243229940533638,4660000.0,-0.04834111034870148,0.0034480690956115723,-0.11074825376272202,0.029236668720841408,-0.004000535234808922,1.434554100036621,0.4125060439109802,-0.002192556858062744,3.0336785316467285,15375.8408203125,22.76540756225586,110.64622497558594,133.41162109375,149.91197204589844,4.557988166809082,4.557988166809082,4.557988166809082,0.0
12.370331764221191,22.940000534057617,1000.0,233.0,-0.009932702407240868,0.020197778940200806,30.0,1.0071991682052612,1.0071991682052612,1.0071991682052612,0.020694725215435028,1.920000067912042e-05,0.2409614622592926,4680000.0,-0.06385461986064911,-0.015513509511947632,0.02551702968776226,0.028307439759373665,-0.0009292289614677429,1.4733792543411255,0.4962143301963806,0.08370828628540039,2.8789358139038086,15518.85546875,23.181095123291016,119.7990951538086,142.98019409179688,139.8795166015625,4.565025329589844,4.565025329589844,4.565025329589844,0.0
13.113587379455566,25.780000686645508,1000.0,234.0,-0.01867069862782955,0.02044120617210865,33.0,1.0030012130737305,1.0030012130737305,1.0030012130737305,0.019798357039690018,1.8000000636675395e-05,0.23889197409152985,4700000.0,-0.055543866008520126,0.008310753852128983,0.24559563398361206,0.029817301779985428,0.001509862020611763,1.50767183303833,0.3875347673892975,-0.10867956280708313,3.5125961303710938,15674.3037109375,24.29166030883789,131.12046813964844,155.41212463378906,128.69007873535156,4.571491718292236,4.571491718292236,4.571491718292236,0.0
12.319751739501953,32.02000045776367,1000.0,235.0,-0.021442174911499023,0.020025793462991714,38.0,1.0068453550338745,1.0068453550338745,1.0068453550338745,0.0196620374917984,1.680000059423037e-05,0.2382773756980896,4720000.0,-0.06797591596841812,-0.012432049959897995,0.2252414971590042,0.025644725188612938,-0.00417257659137249,1.322450041770935,0.4892370104789734,0.1017022430896759,2.594003438949585,15850.9248046875,23.959028244018555,152.62477111816406,176.58380126953125,113.26067352294922,4.578385353088379,4.578385353088379,4.578385353088379,0.0
10.945255279541016,38.599998474121094,1000.0,236.0,-0.02901536040008068,0.019693147391080856,40.0,1.0072170495986938,1.0072170495986938,1.0072170495986938,0.019436707720160484,1.5600000551785342e-05,0.23650534451007843,4740000.0,-0.07603726536035538,-0.008061349391937256,0.2093713879585266,0.022144997492432594,-0.0034997276961803436,1.194047212600708,0.5384814739227295,0.049244463443756104,3.213655471801758,16039.625,23.599773406982422,165.0589141845703,188.65872192382812,106.01152801513672,4.586658000946045,4.586658000946045,4.586658000946045,0.0
10.78369140625,41.119998931884766,1000.0,237.0,-0.03975876793265343,0.019632622599601746,40.0,1.005844235420227,1.005844235420227,1.005844235420227,0.018993958830833435,1.4399999599845614e-05,0.23392097651958466,4760000.0,-0.06348319351673126,0.012554071843624115,-0.05118245631456375,0.02311858721077442,0.0009735897183418274,1.4826332330703735,0.47387999296188354,-0.06460148096084595,3.433349132537842,16228.865234375,22.840049743652344,166.3616485595703,189.20169067382812,105.7072982788086,4.596555709838867,4.596555709838867,4.596555709838867,0.0
11.067012786865234,35.41999816894531,1000.0,238.0,-0.04736052826046944,0.019324863329529762,40.0,1.002397060394287,1.002397060394287,1.002397060394287,0.017892075702548027,1.3199999557400588e-05,0.23220643401145935,4780000.0,-0.06349834054708481,-1.5147030353546143e-05,0.16460295021533966,0.024947961792349815,0.0018293745815753937,1.3746460676193237,0.43828070163726807,-0.03559929132461548,3.5455565452575684,16420.564453125,24.48404312133789,167.1776885986328,191.66172790527344,104.35050964355469,4.607062816619873,4.607062816619873,4.607062816619873,0.0
11.045356750488281,27.600000381469727,1000.0,239.0,-0.05599370226264,0.016931064426898956,40.0,1.003854513168335,1.003854513168335,1.003854513168335,0.017729327082633972,1.2000000424450263e-05,0.23028449714183807,4800000.0,-0.05397992208600044,0.009518418461084366,-0.0758434385061264,0.023121638223528862,-0.0018263235688209534,1.2701483964920044,0.4189453423023224,-0.01933535933494568,2.946669101715088,16609.30859375,23.336544036865234,165.36546325683594,188.70201110839844,105.98721313476562,4.616937160491943,4.616937160491943,4.616937160491943,0.0
10.97436237335205,26.239999771118164,1000.0,240.0,-0.06829538196325302,0.016603179275989532,40.0,1.0018843412399292,1.0018843412399292,1.0018843412399292,0.01711287721991539,1.0800000382005237e-05,0.22743088006973267,4820000.0,-0.04961860924959183,0.004361312836408615,-0.11460232734680176,0.025463169440627098,0.002341531217098236,1.409570336341858,0.3583676218986511,-0.060577720403671265,3.5806093215942383,16800.330078125,23.642223358154297,167.33929443359375,190.9815216064453,104.72217559814453,4.626033782958984,4.626033782958984,4.626033782958984,0.0
11.083614349365234,18.6200008392334,1000.0,241.0,-0.0782356709241867,0.014238650910556316,40.0,0.9998313784599304,0.9998313784599304,0.9998313784599304,0.016361767426133156,9.60000033956021e-06,0.22520777583122253,4840000.0,-0.03465808555483818,0.014960523694753647,-0.048256196081638336,0.025733141228556633,0.0002699717879295349,1.2874376773834229,0.24473561346530914,-0.11363200843334198,3.162336587905884,16994.205078125,23.550907135009766,170.28366088867188,193.83555603027344,103.18024444580078,4.633263111114502,4.633263111114502,4.633263111114502,0.0
11.704242706298828,26.139999389648438,1000.0,242.0,-0.08116460591554642,0.013163107447326183,40.0,1.009859323501587,1.009859323501587,1.009859323501587,0.017263192683458328,8.400000297115184e-06,0.22458702325820923,4860000.0,-0.05705908685922623,-0.022401001304388046,-0.208234965801239,0.025970852002501488,0.00023771077394485474,1.2157341241836548,0.38885587453842163,0.1441202610731125,3.463973045349121,17188.599609375,24.025861740112305,170.32476806640625,194.3506317138672,102.90679168701172,4.639959335327148,4.639959335327148,4.639959335327148,0.0
11.649689674377441,28.899999618530273,1000.0,243.0,-0.08239208906888962,0.013007435947656631,40.0,1.0032099485397339,1.0032099485397339,1.0032099485397339,0.01578350178897381,7.199999799922807e-06,0.22426944971084595,4880000.0,-0.05012945085763931,0.006929636001586914,-0.12405488640069962,0.028178591281175613,0.0022077392786741257,1.4360302686691284,0.4174928069114685,0.028636932373046875,3.400541305541992,17383.1875,23.590198516845703,170.954345703125,194.5445556640625,102.80421447753906,4.6465983390808105,4.6465983390808105,4.6465983390808105,0.0
11.972233772277832,32.720001220703125,1000.0,244.0,-0.08624381572008133,0.01114070974290371,40.0,1.003639578819275,1.003639578819275,1.003639578819275,0.015404049307107925,6.000000212225132e-06,0.22342021763324738,4900000.0,-0.04394267499446869,0.006186775863170624,0.19857189059257507,0.030505266040563583,0.00232667475938797,1.2827666997909546,0.4432530701160431,0.025760263204574585,2.7898333072662354,17568.974609375,23.569547653198242,162.1753387451172,185.74488830566406,107.674560546875,4.653773784637451,4.653773784637451,4.653773784637451,0.0
11.549306869506836,23.8799991607666,1000.0,245.0,-0.0895070880651474,0.009114326909184456,40.0,1.0023447275161743,1.0023447275161743,1.0023447275161743,0.013673491775989532,4.800000169780105e-06,0.22269247472286224,4920000.0,-0.02783047780394554,0.016112197190523148,0.16914181411266327,0.027943164110183716,-0.0025621019303798676,1.2492727041244507,0.24620646238327026,-0.19704660773277283,2.636781692504883,17753.265625,23.328723907470703,160.92474365234375,184.2534637451172,108.54612731933594,4.660073757171631,4.660073757171631,4.660073757171631,0.0
11.915704727172852,20.959999084472656,1000.0,246.0,-0.09296865016222,0.008716722950339317,40.0,1.0016146898269653,1.0016146898269653,1.0016146898269653,0.013298504054546356,3.5999998999614036e-06,0.22192098200321198,4940000.0,-0.04532046616077423,-0.01748998835682869,-0.13022436201572418,0.029229436069726944,0.0012862719595432281,1.3847428560256958,0.3325481712818146,0.08634170889854431,2.706413984298706,17937.34375,21.73189926147461,162.3072967529297,184.03919982910156,108.67250061035156,4.665131568908691,4.665131568908691,4.665131568908691,0.0
10.619573593139648,16.520000457763672,1000.0,247.0,-0.0918479859828949,0.006193520966917276,40.0,1.000164270401001,1.000164270401001,1.000164270401001,0.011569773778319359,2.4000000848900527e-06,0.2221987545490265,4960000.0,-0.029602885246276855,0.015717580914497375,-0.21258199214935303,0.021032217890024185,-0.008197218179702759,1.027586817741394,0.27018114924430847,-0.062367022037506104,2.5499212741851807,18121.771484375,23.783340454101562,160.6054229736328,184.38876342773438,108.46647644042969,4.668378829956055,4.668378829956055,4.668378829956055,0.0
10.862213134765625,26.6200008392334,1000.0,248.0,-0.08992496877908707,0.005365358199924231,40.0,1.0001499652862549,1.0001499652862549,1.0001499652862549,0.010686889290809631,1.2000000424450263e-06,0.22264628112316132,4980000.0,-0.03135984390974045,-0.0017569586634635925,0.07163207232952118,0.024233980104327202,0.0032017622143030167,1.3600505590438843,0.4975467324256897,0.22736558318138123,2.918302059173584,18304.779296875,23.084035873413086,159.88551330566406,182.96954345703125,109.30780792236328,4.671559810638428,4.671559810638428,4.671559810638428,0.0
10.304139137268066,27.540000915527344,1000.0,249.0,-0.08933693170547485,0.003797190496698022,40.0,1.0004252195358276,1.0004252195358276,1.0004252195358276,0.00882404763251543,0.0,0.22277113795280457,5000000.0,-0.02042408101260662,0.010935762897133827,0.07305628806352615,0.02321995049715042,-0.0010140296071767807,1.15158212184906,0.3964865505695343,-0.1010601818561554,2.9856057167053223,18490.806640625,25.091629028320312,160.89491271972656,185.98654174804688,107.53466033935547,4.674824237823486,4.674824237823486,4.674824237823486,0.0
