Metrics/EpRet,Metrics/EpCost,Metrics/EpLen,Train/Epoch,Train/Entropy,Train/KL,Train/StopIter,Train/PolicyRatio,Train/PolicyRatio/Min,Train/PolicyRatio/Max,Train/PolicyRatio/Std,Train/LR,Train/PolicyStd,TotalEnvSteps,Loss/Loss_pi,Loss/Loss_pi/Delta,Value/Adv,Loss/Loss_reward_critic,Loss/Loss_reward_critic/Delta,Value/reward,Time/Total,Time/Rollout,Time/Update,Time/Epoch,Time/FPS
-1.3909698724746704,53.6875,1000.0,0.0,1.412710189819336,0.012300041504204273,40.0,0.9990143775939941,0.9990143775939941,0.9990143775939941,0.01888101175427437,0.00029880000511184335,0.9938666224479675,20000.0,-0.014841360040009022,-0.014841360040009022,-0.1596444845199585,0.005539637058973312,0.005539637058973312,0.031191183254122734,155.8118896484375,40.604461669921875,115.20556640625,155.81002807617188,128.36143493652344
-0.7526161670684814,76.09375,1000.0,1.0,1.3969788551330566,0.020161312073469162,34.0,0.9992032051086426,0.9992032051086426,0.9992032051086426,0.0205376073718071,0.0002975999959744513,0.9783552885055542,40000.0,-0.018209030851721764,-0.003367670811712742,0.06469404697418213,0.0038709810469299555,-0.001668656012043357,0.004722450394183397,292.2424621582031,36.576419830322266,99.81819152832031,136.3946075439453,146.63336181640625
0.0708032175898552,76.85416412353516,1000.0,2.0,1.3798004388809204,0.020313480868935585,16.0,0.9993442296981812,0.9993442296981812,0.9993442296981812,0.01989462971687317,0.00029639998683705926,0.9616745114326477,60000.0,-0.013529381714761257,0.0046796491369605064,0.20354051887989044,0.009044364094734192,0.005173383047804236,0.058644842356443405,378.9693298339844,38.801353454589844,47.89601516723633,86.6973648071289,230.68751525878906
1.042119026184082,110.91999816894531,1000.0,3.0,1.3500617742538452,0.020056119188666344,27.0,0.9996688365936279,0.9996688365936279,0.9996688365936279,0.01954464800655842,0.00029520000680349767,0.9334664940834045,80000.0,-0.018771890550851822,-0.005242508836090565,-0.05197662115097046,0.00631353072822094,-0.0027308333665132523,0.06728685647249222,492.9021301269531,30.77589225769043,83.1342544555664,113.91014099121094,175.5769805908203
1.7118020057678223,96.91999816894531,1000.0,4.0,1.3265151977539062,0.020776992663741112,25.0,0.9965726137161255,0.9965726137161255,0.9965726137161255,0.021032651886343956,0.00029399999766610563,0.9117358922958374,100000.0,-0.01707729697227478,0.0016945935785770416,0.14834536612033844,0.006057053804397583,-0.00025647692382335663,0.0888245478272438,600.9019775390625,30.397565841674805,77.5767593383789,107.97432708740234,185.22921752929688
2.591831922531128,104.45999908447266,1000.0,5.0,1.2978638410568237,0.020020587369799614,25.0,0.9956539869308472,0.9956539869308472,0.9956539869308472,0.020658079534769058,0.0002927999885287136,0.8859920501708984,120000.0,-0.01819363236427307,-0.001116335391998291,0.06549942493438721,0.013141644187271595,0.007084590382874012,0.17556540668010712,708.1182250976562,30.811494827270508,76.3787841796875,107.19027709960938,186.58409118652344
3.8277597427368164,68.72000122070312,1000.0,6.0,1.2676922082901,0.020232319831848145,18.0,0.9963283538818359,0.9963283538818359,0.9963283538818359,0.02078961208462715,0.000291600008495152,0.8596583008766174,140000.0,-0.018683260306715965,-0.000489627942442894,-0.24498184025287628,0.01786535605788231,0.004723711870610714,0.24142900109291077,797.6251220703125,33.328250885009766,56.15211486816406,89.48136138916016,223.51022338867188
5.348381519317627,79.76000213623047,1000.0,7.0,1.2407360076904297,0.020614134147763252,18.0,0.9975858926773071,0.9975858926773071,0.9975858926773071,0.02031519263982773,0.00029039999935775995,0.8368077278137207,160000.0,-0.019534770399332047,-0.0008515100926160812,0.08818183094263077,0.025434253737330437,0.007568897679448128,0.33657106757164,889.8746948242188,35.87677001953125,56.348228454589844,92.2249984741211,216.86094665527344
6.438510894775391,84.80000305175781,1000.0,8.0,1.2144640684127808,0.02172078937292099,12.0,0.9975478649139404,0.9975478649139404,0.9975478649139404,0.020467039197683334,0.0002891999902203679,0.8151001930236816,180000.0,-0.018683912232518196,0.0008508581668138504,-0.06128856539726257,0.02521187998354435,-0.00022237375378608704,0.4842793941497803,960.5933837890625,34.50117492675781,36.19346618652344,70.69464111328125,282.9068908691406
7.695091724395752,89.95999908447266,1000.0,9.0,1.1848355531692505,0.020217975601553917,18.0,0.9972447156906128,0.9972447156906128,0.9972447156906128,0.021465890109539032,0.0002880000101868063,0.7913099527359009,200000.0,-0.02127819135785103,-0.0025942791253328323,-0.14080935716629028,0.029078133404254913,0.0038662534207105637,0.5646902322769165,1052.7484130859375,36.45390701293945,55.678062438964844,92.13196563720703,217.07992553710938
9.155265808105469,92.05999755859375,1000.0,10.0,1.1575825214385986,0.020406559109687805,13.0,0.998529314994812,0.998529314994812,0.998529314994812,0.0200993362814188,0.0002868000010494143,0.7700284123420715,220000.0,-0.019223187118768692,0.0020550042390823364,-0.2593506872653961,0.03142644464969635,0.0023483112454414368,0.669152557849884,1131.6639404296875,38.10868835449219,40.783180236816406,78.8918685913086,253.5115509033203
9.378190994262695,88.26000213623047,1000.0,11.0,1.1382311582565308,0.020077861845493317,15.0,0.9983526468276978,0.9983526468276978,0.9983526468276978,0.021242229267954826,0.00028559999191202223,0.7552669048309326,240000.0,-0.021176083013415337,-0.0019528958946466446,0.03772343695163727,0.025724362581968307,-0.005702082067728043,0.6874178647994995,1215.10595703125,36.19876480102539,47.22177505493164,83.42053985595703,239.74911499023438
10.436687469482422,104.0999984741211,1000.0,12.0,1.1125396490097046,0.021214690059423447,11.0,0.9983438849449158,0.9983438849449158,0.9983438849449158,0.020627114921808243,0.00028440001187846065,0.736125111579895,260000.0,-0.01972007192671299,0.0014560110867023468,-0.3116079866886139,0.034043386578559875,0.008319023996591568,0.7720572352409363,1285.1474609375,36.295589447021484,33.7229118347168,70.01850128173828,285.6387939453125
10.637528419494629,125.4800033569336,1000.0,13.0,1.0920228958129883,0.023062771186232567,12.0,0.9993017911911011,0.9993017911911011,0.9993017911911011,0.01996900513768196,0.0002832000027410686,0.7211834788322449,280000.0,-0.0181419774889946,0.0015780944377183914,-0.048354215919971466,0.03178296610713005,-0.002260420471429825,0.8104405403137207,1359.3184814453125,37.03228759765625,37.11785888671875,74.150146484375,269.7229919433594
11.474164009094238,136.77999877929688,1000.0,14.0,1.0692780017852783,0.02036215178668499,10.0,0.9994183778762817,0.9994183778762817,0.9994183778762817,0.020106390118598938,0.00028199999360367656,0.7049851417541504,300000.0,-0.01844056136906147,-0.00029858388006687164,0.017046546563506126,0.03339114785194397,0.001608181744813919,1.008194088935852,1428.701416015625,38.35529708862305,31.006532669067383,69.36183166503906,288.343017578125
11.861855506896973,129.52000427246094,1000.0,15.0,1.042212963104248,0.02195778116583824,12.0,0.999328076839447,0.999328076839447,0.999328076839447,0.020712120458483696,0.00028080001357011497,0.6861828565597534,320000.0,-0.01832834631204605,0.000112215057015419,0.026899397373199463,0.03785763308405876,0.004466485232114792,1.0144344568252563,1503.4786376953125,37.76210403442383,36.99451446533203,74.75662231445312,267.53485107421875
13.30877685546875,112.77999877929688,1000.0,16.0,1.0177878141403198,0.021270109340548515,10.0,0.9980226755142212,0.9980226755142212,0.9980226755142212,0.019975166767835617,0.0002796000044327229,0.6697016954421997,340000.0,-0.01818159967660904,0.00014674663543701172,0.059619709849357605,0.042200714349746704,0.0043430812656879425,1.158955454826355,1572.55859375,36.427059173583984,32.630714416503906,69.05777740478516,289.6125793457031
14.158465385437012,119.41999816894531,1000.0,17.0,0.996434211730957,0.020068716257810593,11.0,1.0001888275146484,1.0001888275146484,1.0001888275146484,0.020658358931541443,0.0002783999952953309,0.6556180715560913,360000.0,-0.017497703433036804,0.0006838962435722351,-0.2733808755874634,0.040228404104709625,-0.001972310245037079,1.1581990718841553,1643.279296875,36.436920166015625,34.26223373413086,70.69915771484375,282.8888244628906
15.769304275512695,123.5199966430664,1000.0,18.0,0.9719549417495728,0.020187983289361,9.0,0.9972426891326904,0.9972426891326904,0.9972426891326904,0.01976385898888111,0.00027719998615793884,0.6398048996925354,380000.0,-0.016050878912210464,0.0014468245208263397,0.05063881352543831,0.05385289713740349,0.013624493032693863,1.4202543497085571,1709.7088623046875,36.99320983886719,29.414777755737305,66.40798950195312,301.1685791015625
16.838634490966797,136.22000122070312,1000.0,19.0,0.9508613348007202,0.020071154460310936,11.0,0.9972322583198547,0.9972322583198547,0.9972322583198547,0.020937016233801842,0.00027600000612437725,0.6264445185661316,400000.0,-0.0199017021805048,-0.0038508232682943344,-0.1251935362815857,0.056239042431116104,0.002386145293712616,1.469376802444458,1781.4453125,34.77986526489258,36.934661865234375,71.71453094482422,278.8835144042969
17.60456657409668,134.55999755859375,1000.0,20.0,0.9351329803466797,0.02194777876138687,11.0,0.9998753666877747,0.9998753666877747,0.9998753666877747,0.020528798922896385,0.0002747999969869852,0.6167442202568054,420000.0,-0.02030632458627224,-0.0004046224057674408,-0.03723639249801636,0.050736553966999054,-0.00550248846411705,1.5182057619094849,1851.9515380859375,34.445186614990234,36.04097366333008,70.48616027832031,283.7436218261719
17.1093807220459,142.5800018310547,1000.0,21.0,0.9085592031478882,0.02112443931400776,10.0,0.9991616010665894,0.9991616010665894,0.9991616010665894,0.021469665691256523,0.00027359998784959316,0.6005411744117737,440000.0,-0.019609292969107628,0.0006970316171646118,-0.1995096355676651,0.0518074706196785,0.0010709166526794434,1.5541136264801025,1919.2918701171875,33.826358795166016,33.491432189941406,67.31778717041016,297.0982971191406
17.120807647705078,141.77999877929688,1000.0,22.0,0.8953052759170532,0.020038088783621788,9.0,0.9990425109863281,0.9990425109863281,0.9990425109863281,0.02097981795668602,0.0002724000078160316,0.5926640033721924,460000.0,-0.01768755540251732,0.0019217375665903091,0.05716549605131149,0.05513668432831764,0.003329213708639145,1.687896490097046,1983.845703125,35.095787048339844,29.437471389770508,64.53325653076172,309.9176940917969
17.928285598754883,139.55999755859375,1000.0,23.0,0.8826863765716553,0.021765729412436485,12.0,0.9983304738998413,0.9983304738998413,0.9983304738998413,0.022239292040467262,0.00027119999867863953,0.5852110385894775,480000.0,-0.018455443903803825,-0.0007678885012865067,-0.5326179265975952,0.05869277939200401,0.003556095063686371,1.734595537185669,2059.57373046875,36.641563415527344,39.065887451171875,75.70745086669922,264.1748046875
19.580398559570312,135.82000732421875,1000.0,24.0,0.8629119396209717,0.02088659629225731,9.0,0.9995338320732117,0.9995338320732117,0.9995338320732117,0.021369488909840584,0.0002699999895412475,0.5737549066543579,500000.0,-0.01867757923901081,-0.00022213533520698547,-0.13270732760429382,0.06755407899618149,0.008861299604177475,1.7761600017547607,2126.312255859375,38.12650680541992,28.58993148803711,66.71643829345703,299.7762145996094
19.842697143554688,138.8000030517578,1000.0,25.0,0.845860481262207,0.021241914480924606,8.0,0.9991477727890015,0.9991477727890015,0.9991477727890015,0.020374568179249763,0.0002688000095076859,0.5641140937805176,520000.0,-0.01594679057598114,0.0027307886630296707,0.12723904848098755,0.07180728018283844,0.004253201186656952,1.8757089376449585,2191.207275390625,39.67823791503906,25.19692611694336,64.87516784667969,308.2843933105469
20.31041717529297,130.0399932861328,1000.0,26.0,0.8355180621147156,0.020189780741930008,7.0,0.998940646648407,0.998940646648407,0.998940646648407,0.019953714683651924,0.00026760000037029386,0.5584172010421753,540000.0,-0.013706736266613007,0.0022400543093681335,-0.04303673654794693,0.05966610088944435,-0.012141179293394089,1.8613265752792358,2252.717041015625,38.49380111694336,22.995555877685547,61.489356994628906,325.2595520019531
18.847501754760742,132.47999572753906,1000.0,27.0,0.8189477920532227,0.02091917023062706,10.0,1.0000488758087158,1.0000488758087158,1.0000488758087158,0.021006470546126366,0.0002663999912329018,0.5493245124816895,560000.0,-0.016344532370567322,-0.002637796103954315,-0.09559886902570724,0.06622035801410675,0.006554257124662399,1.8244757652282715,2321.509521484375,35.567283630371094,33.20600509643555,68.7732925415039,290.8105773925781
20.2634334564209,137.0800018310547,1000.0,28.0,0.7960494756698608,0.022574471309781075,8.0,0.9994813203811646,0.9994813203811646,0.9994813203811646,0.020968833938241005,0.0002652000111993402,0.5368853807449341,580000.0,-0.017181918025016785,-0.0008373856544494629,0.062399327754974365,0.06693550199270248,0.0007151439785957336,2.0584723949432373,2386.381591796875,38.85111999511719,26.000383377075195,64.85150146484375,308.3968505859375
20.664409637451172,134.02000427246094,1000.0,29.0,0.7722439169883728,0.020414626225829124,8.0,1.0001662969589233,1.0001662969589233,1.0001662969589233,0.020848937332630157,0.0002640000020619482,0.5241609811782837,600000.0,-0.016329113394021988,0.0008528046309947968,0.281714528799057,0.0591965988278389,-0.007738903164863586,2.028752326965332,2450.38037109375,38.595611572265625,25.38392448425293,63.97953414916992,312.5999450683594
21.805505752563477,135.39999389648438,1000.0,30.0,0.7585808634757996,0.021516483277082443,10.0,0.9973986744880676,0.9973986744880676,0.9973986744880676,0.02138707973062992,0.00026279999292455614,0.5170847177505493,620000.0,-0.018284745514392853,-0.001955632120370865,-0.3441283106803894,0.06291796267032623,0.003721363842487335,2.079981803894043,2521.96728515625,39.177818298339844,32.388545989990234,71.56636810302734,279.46087646484375
21.336435317993164,135.72000122070312,1000.0,31.0,0.7388696074485779,0.022838089615106583,10.0,1.0002905130386353,1.0002905130386353,1.0002905130386353,0.021041978150606155,0.00026160001289099455,0.5069891214370728,640000.0,-0.018128322437405586,0.00015642307698726654,0.08867709338665009,0.061641909182071686,-0.0012760534882545471,2.1481757164001465,2593.411865234375,38.479888916015625,32.943702697753906,71.42359161376953,280.01953125
21.657798767089844,143.9600067138672,1000.0,32.0,0.7220896482467651,0.020344391465187073,8.0,1.00112783908844,1.00112783908844,1.00112783908844,0.020462971180677414,0.0002604000037536025,0.4985291063785553,660000.0,-0.016307838261127472,0.0018204841762781143,0.22612294554710388,0.06794079393148422,0.006298884749412537,2.1468093395233154,2657.40380859375,36.3640022277832,27.601783752441406,63.96578598022461,312.6671447753906
21.09006118774414,151.66000366210938,1000.0,33.0,0.7057506442070007,0.020444491878151894,7.0,1.0003101825714111,1.0003101825714111,1.0003101825714111,0.020547913387417793,0.00025919999461621046,0.4904792308807373,680000.0,-0.014115960337221622,0.0021918779239058495,0.22057011723518372,0.06840834766626358,0.0004675537347793579,2.2038393020629883,2717.560791015625,34.8300895690918,25.304935455322266,60.13502502441406,332.58489990234375
19.190916061401367,163.63999938964844,1000.0,34.0,0.6913648843765259,0.0215754471719265,8.0,1.0012069940567017,1.0012069940567017,1.0012069940567017,0.020961137488484383,0.0002579999854788184,0.4834541976451874,700000.0,-0.016751058399677277,-0.002635098062455654,-0.24690543115139008,0.05215071886777878,-0.016257628798484802,2.1340413093566895,2781.97802734375,37.57741165161133,26.819194793701172,64.3976058959961,310.570556640625
19.456138610839844,165.75999450683594,1000.0,35.0,0.6727973222732544,0.020406339317560196,7.0,0.9994602203369141,0.9994602203369141,0.9994602203369141,0.021664608269929886,0.00025680000544525683,0.47451773285865784,720000.0,-0.014954943209886551,0.0017961151897907257,-0.1475897878408432,0.0734047219157219,0.021254003047943115,2.1999683380126953,2843.62548828125,38.992576599121094,22.6347713470459,61.62734603881836,324.53125
19.677791595458984,157.77999877929688,1000.0,36.0,0.652698814868927,0.020900562405586243,9.0,0.9983004331588745,0.9983004331588745,0.9983004331588745,0.021503295749425888,0.0002555999963078648,0.4651101529598236,740000.0,-0.01676514372229576,-0.0018102005124092102,0.2609274983406067,0.07035955041646957,-0.0030451714992523193,2.2368321418762207,2914.405517578125,39.32254409790039,31.437421798706055,70.75996398925781,282.64569091796875
20.388946533203125,157.9199981689453,1000.0,37.0,0.6376232504844666,0.02079661935567856,8.0,0.9978261590003967,0.9978261590003967,0.9978261590003967,0.022499926388263702,0.00025439998717047274,0.45815134048461914,760000.0,-0.015340253710746765,0.001424890011548996,0.18969877064228058,0.06503654271364212,-0.005323007702827454,2.206026554107666,2976.10302734375,34.4880256652832,27.188533782958984,61.67655944824219,324.2723083496094
21.382095336914062,149.17999267578125,1000.0,38.0,0.6284310817718506,0.021364187821745872,5.0,0.9975087642669678,0.9975087642669678,0.9975087642669678,0.019806304946541786,0.00025320000713691115,0.45400547981262207,780000.0,-0.010334085673093796,0.005006168037652969,0.1556139439344406,0.07904621958732605,0.01400967687368393,2.339388370513916,3031.430908203125,38.633087158203125,16.673213958740234,55.30630111694336,361.6224365234375
21.136497497558594,163.16000366210938,1000.0,39.0,0.6151912808418274,0.020267518237233162,5.0,1.0011621713638306,1.0011621713638306,1.0011621713638306,0.019820332527160645,0.0002519999979995191,0.4479943811893463,800000.0,-0.01079992949962616,-0.0004658438265323639,-0.190794438123703,0.06742546707391739,-0.011620752513408661,2.2892918586730957,3084.489501953125,37.10136032104492,15.93812370300293,53.039485931396484,377.07757568359375
22.83477020263672,145.97999572753906,1000.0,40.0,0.5995596051216125,0.02029266022145748,8.0,1.001416802406311,1.001416802406311,1.001416802406311,0.021924639120697975,0.00025079998886212707,0.4410190284252167,820000.0,-0.017717640846967697,-0.0069177113473415375,-0.14354538917541504,0.06679525226354599,-0.0006302148103713989,2.442298650741577,3148.808349609375,36.728538513183594,27.572437286376953,64.30097198486328,311.03729248046875
22.51189613342285,158.25999450683594,1000.0,41.0,0.5812141299247742,0.021779317408800125,7.0,0.9992547631263733,0.9992547631263733,0.9992547631263733,0.021483605727553368,0.0002496000088285655,0.4330446422100067,840000.0,-0.015447420999407768,0.002270219847559929,-0.2171923667192459,0.07225026190280914,0.005455009639263153,2.3692800998687744,3209.052734375,35.711551666259766,24.511381149291992,60.222930908203125,332.0993957519531
23.889110565185547,149.67999267578125,1000.0,42.0,0.5631805658340454,0.02058924175798893,7.0,1.00046968460083,1.00046968460083,1.00046968460083,0.022318385541439056,0.00024839999969117343,0.4253254532814026,860000.0,-0.01495281234383583,0.0004946086555719376,-0.04678165167570114,0.07860280573368073,0.006352543830871582,2.4438090324401855,3269.301025390625,36.911842346191406,23.31715965270996,60.229000091552734,332.0659484863281
23.240087509155273,151.63999938964844,1000.0,43.0,0.558093249797821,0.020271459594368935,6.0,0.9998374581336975,0.9998374581336975,0.9998374581336975,0.02197178825736046,0.0002471999905537814,0.4232175350189209,880000.0,-0.01303977519273758,0.0019130371510982513,0.04730214178562164,0.07486456632614136,-0.0037382394075393677,2.386575222015381,3328.111572265625,37.77861404418945,21.011289596557617,58.7899055480957,340.1944580078125
23.6024227142334,141.5,1000.0,44.0,0.5480887293815613,0.02053195796906948,7.0,0.9972769021987915,0.9972769021987915,0.9972769021987915,0.021699044853448868,0.0002460000105202198,0.41899004578590393,900000.0,-0.014935190789401531,-0.0018954155966639519,-0.09696047753095627,0.08963140100240707,0.014766834676265717,2.379028797149658,3388.8740234375,35.63377380371094,25.109731674194336,60.74350357055664,329.2532958984375
23.83020782470703,136.60000610351562,1000.0,45.0,0.5294004678726196,0.02041042223572731,5.0,1.0000406503677368,1.0000406503677368,1.0000406503677368,0.021477442234754562,0.00024480000138282776,0.4111858606338501,920000.0,-0.010855679400265217,0.004079511389136314,0.009530127048492432,0.08585917949676514,-0.0037722215056419373,2.5083413124084473,3444.386962890625,37.97452926635742,17.518606185913086,55.49313735961914,360.4049377441406
24.615367889404297,132.0399932861328,1000.0,46.0,0.5156142115592957,0.02118254452943802,7.0,0.9976747035980225,0.9976747035980225,0.9976747035980225,0.021712783724069595,0.00024360000679735094,0.405547559261322,940000.0,-0.013939033262431622,-0.0030833538621664047,0.10190482437610626,0.0813521295785904,-0.004507049918174744,2.518638849258423,3505.05126953125,35.13163757324219,25.501632690429688,60.633270263671875,329.8519287109375
23.8813533782959,154.82000732421875,1000.0,47.0,0.5020384788513184,0.021740026772022247,7.0,1.0010278224945068,1.0010278224945068,1.0010278224945068,0.022724732756614685,0.0002423999976599589,0.4000774323940277,960000.0,-0.015117136761546135,-0.0011781034991145134,-0.02254842035472393,0.07951642572879791,-0.0018357038497924805,2.412269115447998,3566.64892578125,37.632965087890625,23.945077896118164,61.57804489135742,324.7911071777344
21.238935470581055,173.05999755859375,1000.0,48.0,0.4900738596916199,0.023440644145011902,7.0,0.9998063445091248,0.9998063445091248,0.9998063445091248,0.022534159943461418,0.00024120000307448208,0.395378977060318,980000.0,-0.014788595959544182,0.0003285408020019531,-0.06684385985136032,0.07041025906801224,-0.009106166660785675,2.3050880432128906,3628.989501953125,38.75595474243164,23.546672821044922,62.30262756347656,321.01373291015625
20.346410751342773,172.5,1000.0,49.0,0.473169207572937,0.021851349622011185,7.0,1.000896692276001,1.000896692276001,1.000896692276001,0.021802635863423347,0.00023999999393709004,0.38872089982032776,1000000.0,-0.014769678935408592,1.89170241355896e-05,-0.14846335351467133,0.07652315497398376,0.006112895905971527,2.403500556945801,3692.425537109375,38.551055908203125,24.86466407775879,63.41572189331055,315.37921142578125
20.378437042236328,154.39999389648438,1000.0,50.0,0.458696186542511,0.02010601945221424,6.0,1.000455379486084,1.000455379486084,1.000455379486084,0.02246893383562565,0.00023879999935161322,0.38305991888046265,1020000.0,-0.014094255864620209,0.0006754230707883835,-0.009882614016532898,0.07697237282991409,0.00044921785593032837,2.4484236240386963,3750.748046875,36.846649169921875,21.444765090942383,58.291412353515625,343.10369873046875
20.849220275878906,155.36000061035156,1000.0,51.0,0.4426896870136261,0.021176716312766075,6.0,1.0015852451324463,1.0015852451324463,1.0015852451324463,0.0217816811054945,0.0002376000047661364,0.37705758213996887,1040000.0,-0.014135745353996754,-4.148948937654495e-05,-0.1028548926115036,0.07351353764533997,-0.003458835184574127,2.340252637863159,3808.5576171875,38.484458923339844,19.30647087097168,57.790931701660156,346.0750732421875
19.898557662963867,163.77999877929688,1000.0,52.0,0.4327106475830078,0.025644829496741295,7.0,1.000362753868103,1.000362753868103,1.000362753868103,0.02209681086242199,0.00023639999562874436,0.3733949661254883,1060000.0,-0.013600011356174946,0.0005357339978218079,0.10318169742822647,0.08134268969297409,0.007829152047634125,2.3492748737335205,3870.6767578125,39.434974670410156,22.665239334106445,62.10021209716797,322.0600891113281
20.664592742919922,160.1999969482422,1000.0,53.0,0.4192334711551666,0.022674884647130966,7.0,1.0001550912857056,1.0001550912857056,1.0001550912857056,0.023376770317554474,0.00023520000104326755,0.36838898062705994,1080000.0,-0.015207761898636818,-0.001607750542461872,0.20606069266796112,0.08107202500104904,-0.00027066469192504883,2.406541109085083,3934.634765625,40.390567779541016,23.53848648071289,63.929054260253906,312.8468017578125
21.60956573486328,148.47999572753906,1000.0,54.0,0.4121856689453125,0.020197957754135132,5.0,0.9987397789955139,0.9987397789955139,0.9987397789955139,0.02137814275920391,0.00023400000645779073,0.3658108711242676,1100000.0,-0.010041292756795883,0.005166469141840935,-0.05583631619811058,0.09485184401273727,0.013779819011688232,2.4778850078582764,3991.649169921875,39.61167907714844,17.381542205810547,56.99322509765625,350.9189147949219
22.749624252319336,148.3000030517578,1000.0,55.0,0.39883366227149963,0.022510144859552383,5.0,0.9989413619041443,0.9989413619041443,0.9989413619041443,0.0216353852301836,0.0002327999973203987,0.3610907793045044,1120000.0,-0.010462739504873753,-0.0004214467480778694,-0.2587214410305023,0.07333822548389435,-0.021513618528842926,2.3227880001068115,4047.309326171875,39.43764114379883,16.20354461669922,55.64118576049805,359.4459533691406
22.264789581298828,146.67999267578125,1000.0,56.0,0.38403549790382385,0.02019811049103737,5.0,1.0002459287643433,1.0002459287643433,1.0002459287643433,0.02090936154127121,0.00023160000273492187,0.35574954748153687,1140000.0,-0.011608445085585117,-0.0011457055807113647,-0.2217469960451126,0.0928189679980278,0.019480742514133453,2.3951799869537354,4101.9384765625,37.852256774902344,16.757537841796875,54.60979461669922,366.2346496582031
20.863630294799805,155.60000610351562,1000.0,57.0,0.3734985888004303,0.0201443899422884,5.0,0.9978923797607422,0.9978923797607422,0.9978923797607422,0.02180759236216545,0.00023039999359752983,0.35199835896492004,1160000.0,-0.011248498223721981,0.0003599468618631363,0.13510547578334808,0.0785004273056984,-0.014318540692329407,2.3890392780303955,4159.71630859375,40.946067810058594,16.81264305114746,57.75871276855469,346.2680969238281
21.082006454467773,145.55999755859375,1000.0,58.0,0.36173123121261597,0.021106034517288208,6.0,1.0003318786621094,1.0003318786621094,1.0003318786621094,0.022720640525221825,0.000229199999012053,0.34796521067619324,1180000.0,-0.014196311123669147,-0.0029478128999471664,-0.09529604017734528,0.0737731009721756,-0.004727326333522797,2.414447546005249,4218.87646484375,39.9732666015625,19.167375564575195,59.14064407348633,338.1769104003906
21.08623695373535,145.22000122070312,1000.0,59.0,0.35321101546287537,0.022876132279634476,6.0,0.9993211627006531,0.9993211627006531,0.9993211627006531,0.022215763106942177,0.0002280000044265762,0.3450123965740204,1200000.0,-0.013245644979178905,0.000950666144490242,0.09159734845161438,0.06920728087425232,-0.004565820097923279,2.3431975841522217,4279.7939453125,40.434913635253906,20.463970184326172,60.89888381958008,328.4132385253906
23.052204132080078,132.27999877929688,1000.0,60.0,0.34341517090797424,0.021972108632326126,6.0,1.0003477334976196,1.0003477334976196,1.0003477334976196,0.022110028192400932,0.00022679999528918415,0.34160539507865906,1220000.0,-0.011477413587272167,0.0017682313919067383,0.02187475562095642,0.0737457275390625,0.004538446664810181,2.494084596633911,4338.17578125,38.694183349609375,19.66837501525879,58.36255645751953,342.6854553222656
22.7745361328125,148.22000122070312,1000.0,61.0,0.3315620720386505,0.02081144042313099,5.0,0.9978494048118591,0.9978494048118591,0.9978494048118591,0.02249484322965145,0.00022560000070370734,0.3375495672225952,1240000.0,-0.010227266699075699,0.0012501468881964684,-0.04979430139064789,0.08514413982629776,0.01139841228723526,2.4523837566375732,4393.3359375,39.117149353027344,16.01744270324707,55.13459396362305,362.7486572265625
22.985822677612305,153.8000030517578,1000.0,62.0,0.32023298740386963,0.020338214933872223,4.0,0.9982761740684509,0.9982761740684509,0.9982761740684509,0.021622128784656525,0.00022440000611823052,0.3337327241897583,1260000.0,-0.007895358838140965,0.0023319078609347343,0.05159241706132889,0.07997170090675354,-0.00517243891954422,2.4197752475738525,4445.95849609375,39.2744255065918,13.328780174255371,52.603206634521484,380.2049560546875
22.746919631958008,168.0,1000.0,63.0,0.30885159969329834,0.02164025418460369,6.0,1.000091791152954,1.000091791152954,1.000091791152954,0.02232753299176693,0.00022319999698083848,0.3299700915813446,1280000.0,-0.012378083541989326,-0.004482724703848362,0.18988899886608124,0.09797380119562149,0.01800210028886795,2.437926769256592,4507.26904296875,40.49663543701172,20.794837951660156,61.291473388671875,326.3096618652344
22.92373275756836,159.82000732421875,1000.0,64.0,0.3008274734020233,0.021758276969194412,5.0,0.9975921511650085,0.9975921511650085,0.9975921511650085,0.022136949002742767,0.00022200000239536166,0.32738009095191956,1300000.0,-0.0114058218896389,0.0009722616523504257,-0.2704106569290161,0.08098923414945602,-0.016984567046165466,2.5719995498657227,4564.8330078125,39.137386322021484,18.406545639038086,57.5439338684082,347.560546875
22.49962615966797,159.4600067138672,1000.0,65.0,0.2910620868206024,0.02289699949324131,6.0,1.0020849704742432,1.0020849704742432,1.0020849704742432,0.021962586790323257,0.00022079999325796962,0.3241450786590576,1320000.0,-0.011619308963418007,-0.00021348707377910614,0.01516268402338028,0.06947297602891922,-0.011516258120536804,2.376579999923706,4623.900390625,38.183006286621094,20.866235733032227,59.04924011230469,338.70037841796875
22.561830520629883,149.97999572753906,1000.0,66.0,0.27995914220809937,0.02111770026385784,5.0,0.9985113143920898,0.9985113143920898,0.9985113143920898,0.021718665957450867,0.0002195999986724928,0.32061567902565,1340000.0,-0.008955470286309719,0.002663838677108288,-0.12848812341690063,0.09138709306716919,0.02191411703824997,2.521461009979248,4679.328125,38.38970947265625,17.01226806640625,55.4019775390625,360.9979553222656
22.802377700805664,151.9600067138672,1000.0,67.0,0.26529744267463684,0.020948590710759163,5.0,0.9987995624542236,0.9987995624542236,0.9987995624542236,0.02270909585058689,0.00021840000408701599,0.31602591276168823,1360000.0,-0.010916910134255886,-0.001961439847946167,-0.17942240834236145,0.08571358770132065,-0.005673505365848541,2.6036746501922607,4734.390625,38.915367126464844,16.127716064453125,55.04308319091797,363.35174560546875
23.435815811157227,154.89999389648438,1000.0,68.0,0.25531044602394104,0.021110260859131813,4.0,0.9974141120910645,0.9974141120910645,0.9974141120910645,0.02315434254705906,0.00021719999494962394,0.31295594573020935,1380000.0,-0.009350739419460297,0.0015661707147955894,-0.20703202486038208,0.09679087996482849,0.011077292263507843,2.5379514694213867,4787.22705078125,39.46575927734375,13.351175308227539,52.816932678222656,378.66644287109375
22.760326385498047,160.8000030517578,1000.0,69.0,0.2476404756307602,0.022484146058559418,5.0,0.9998517036437988,0.9998517036437988,0.9998517036437988,0.021980613470077515,0.00021600000036414713,0.31060975790023804,1400000.0,-0.00987158715724945,-0.000520847737789154,0.15621317923069,0.07661223411560059,-0.020178645849227905,2.589867115020752,4844.68212890625,39.71368408203125,17.7240047454834,57.437686920166016,348.20343017578125
21.178491592407227,177.9199981689453,1000.0,70.0,0.23667846620082855,0.02321772463619709,5.0,1.0003849267959595,1.0003849267959595,1.0003849267959595,0.023065265268087387,0.0002148000057786703,0.3072475492954254,1420000.0,-0.011914069764316082,-0.0020424826070666313,-0.008313268423080444,0.07754962891340256,0.0009373947978019714,2.4154460430145264,4901.31005859375,38.3844108581543,18.213472366333008,56.59788131713867,353.3701171875
22.168527603149414,165.89999389648438,1000.0,71.0,0.224853977560997,0.02265031263232231,3.0,0.9985495805740356,0.9985495805740356,0.9985495805740356,0.021136166527867317,0.00021359999664127827,0.30363526940345764,1440000.0,-0.004914584569633007,0.006999485194683075,-0.027215544134378433,0.09473131597042084,0.01718168705701828,2.642205238342285,4948.3876953125,36.74968719482422,10.30793285369873,47.057621002197266,425.0108642578125
23.337495803833008,163.89999389648438,1000.0,72.0,0.2125435471534729,0.02128983847796917,4.0,0.9987357258796692,0.9987357258796692,0.9987357258796692,0.021586181595921516,0.00021240000205580145,0.29988664388656616,1460000.0,-0.008419780060648918,-0.003505195491015911,0.20405225455760956,0.0868200808763504,-0.007911235094070435,2.6439709663391113,5001.61767578125,40.24833679199219,12.962465286254883,53.2118034362793,375.8564453125
24.36408042907715,156.55999755859375,1000.0,73.0,0.19876569509506226,0.023430677130818367,6.0,0.9987075924873352,0.9987075924873352,0.9987075924873352,0.02218097262084484,0.0002111999929184094,0.29581448435783386,1480000.0,-0.013006561435759068,-0.004586781375110149,-0.05150590091943741,0.0910770520567894,0.004256971180438995,2.6007604598999023,5059.72216796875,38.3813362121582,19.704648971557617,58.08598709106445,344.317138671875
23.3422908782959,169.60000610351562,1000.0,74.0,0.18571025133132935,0.020015692338347435,4.0,1.001173496246338,1.001173496246338,1.001173496246338,0.022176144644618034,0.0002099999983329326,0.29197484254837036,1500000.0,-0.008760101161897182,0.004246460273861885,0.025375962257385254,0.09888795763254166,0.007810905575752258,2.5972044467926025,5113.79443359375,40.088340759277344,13.96560287475586,54.0539436340332,370.0007629394531
22.23239517211914,168.3800048828125,1000.0,75.0,0.1756252944469452,0.02035604789853096,4.0,0.9989145994186401,0.9989145994186401,0.9989145994186401,0.02200058475136757,0.00020880000374745578,0.289078027009964,1520000.0,-0.00770781422033906,0.0010522869415581226,0.01598256081342697,0.07954190671443939,-0.019346050918102264,2.6135900020599365,5167.77880859375,39.72840881347656,14.230239868164062,53.958648681640625,370.6542053222656
23.34607696533203,162.9600067138672,1000.0,76.0,0.16881301999092102,0.02047123573720455,4.0,0.9989095330238342,0.9989095330238342,0.9989095330238342,0.022448966279625893,0.00020759999461006373,0.2871164083480835,1540000.0,-0.007581316400319338,0.00012649782001972198,0.07950221002101898,0.10365083068609238,0.024108923971652985,2.7117114067077637,5219.99658203125,38.733734130859375,13.465182304382324,52.19891357421875,383.14971923828125
23.435155868530273,152.17999267578125,1000.0,77.0,0.16074222326278687,0.021200409159064293,4.0,1.0003304481506348,1.0003304481506348,1.0003304481506348,0.021573832258582115,0.00020640000002458692,0.28477057814598083,1560000.0,-0.007864532992243767,-0.00028321659192442894,-0.09544839709997177,0.08408705145120621,-0.01956377923488617,2.598137378692627,5272.7080078125,38.04262161254883,14.647692680358887,52.691314697265625,379.5691833496094
24.06753921508789,158.17999267578125,1000.0,78.0,0.15613405406475067,0.02160901576280594,2.0,0.9980049729347229,0.9980049729347229,0.9980049729347229,0.02186480164527893,0.0002052000054391101,0.2834291160106659,1580000.0,-0.00031533162109553814,0.007549201371148229,0.19379010796546936,0.08611796051263809,0.0020309090614318848,2.6484992504119873,5319.935546875,40.34366989135742,6.862944602966309,47.20661163330078,423.6694641113281
22.817737579345703,151.72000122070312,1000.0,79.0,0.15558601915836334,0.020349815487861633,4.0,1.0001581907272339,1.0001581907272339,1.0001581907272339,0.02151443064212799,0.00020399999630171806,0.2832838296890259,1600000.0,-0.006840430665761232,-0.006525099044665694,0.07505086064338684,0.08955931663513184,0.003441356122493744,2.58685302734375,5371.2958984375,37.341529846191406,14.000781059265137,51.34231185913086,389.5422668457031
22.709980010986328,152.22000122070312,1000.0,80.0,0.15094220638275146,0.024555260315537453,5.0,0.9986271858215332,0.9986271858215332,0.9986271858215332,0.02354983426630497,0.00020280000171624124,0.28200942277908325,1620000.0,-0.01056649535894394,-0.003726064693182707,-0.09753568470478058,0.09342624992132187,0.003866933286190033,2.5502753257751465,5427.7470703125,39.35624313354492,17.076053619384766,56.43229675292969,354.406982421875
23.2830753326416,155.1199951171875,1000.0,81.0,0.14214922487735748,0.021425027400255203,4.0,0.9985284209251404,0.9985284209251404,0.9985284209251404,0.022588687017560005,0.00020160000713076442,0.27961215376853943,1640000.0,-0.009034685790538788,0.0015318095684051514,0.021855046972632408,0.0896146148443222,-0.0038116350769996643,2.60075044631958,5477.8818359375,36.626888275146484,13.478759765625,50.105648040771484,399.1565856933594
24.276561737060547,156.16000366210938,1000.0,82.0,0.1370694935321808,0.023308182135224342,3.0,0.9998248219490051,0.9998248219490051,0.9998248219490051,0.02064553275704384,0.00020039999799337238,0.27816447615623474,1660000.0,-0.003715494414791465,0.005319191375747323,0.09186571091413498,0.10053622722625732,0.01092161238193512,2.6628472805023193,5528.275390625,39.35161590576172,11.02314567565918,50.37476348876953,397.0242004394531
24.786571502685547,154.33999633789062,1000.0,83.0,0.13218481838703156,0.02011243999004364,4.0,0.9995870590209961,0.9995870590209961,0.9995870590209961,0.022165881469845772,0.00019920000340789557,0.2767186164855957,1680000.0,-0.009499754756689072,-0.005784260341897607,-0.008816495537757874,0.09663858264684677,-0.003897644579410553,2.6197407245635986,5581.11181640625,38.72368240356445,14.093307495117188,52.81698989868164,378.6660461425781
25.27361297607422,145.44000244140625,1000.0,84.0,0.12660153210163116,0.02101282589137554,4.0,0.9981573224067688,0.9981573224067688,0.9981573224067688,0.02249624952673912,0.00019799999427050352,0.2751988470554352,1700000.0,-0.007395465392619371,0.0021042893640697002,-0.16853687167167664,0.08268922567367554,-0.013949356973171234,2.711733818054199,5634.49755859375,39.36213684082031,14.003687858581543,53.36582565307617,374.7716979980469
26.05002212524414,147.67999267578125,1000.0,85.0,0.11557602882385254,0.02281387709081173,5.0,0.9980557560920715,0.9980557560920715,0.9980557560920715,0.022059891372919083,0.0001967999996850267,0.27220419049263,1720000.0,-0.01202543918043375,-0.004629973787814379,-0.12178502231836319,0.09662916511297226,0.013939939439296722,2.7709264755249023,5692.03564453125,40.60343933105469,16.904251098632812,57.5076904296875,347.7795715332031
26.029821395874023,151.10000610351562,1000.0,86.0,0.10509456694126129,0.02195834182202816,5.0,0.9972659945487976,0.9972659945487976,0.9972659945487976,0.022507579997181892,0.0001956000050995499,0.2694024443626404,1740000.0,-0.010476136580109596,0.001549302600324154,0.06080932915210724,0.08885179460048676,-0.007777370512485504,2.713759183883667,5748.18896484375,39.7093620300293,16.41263198852539,56.12199401855469,356.36651611328125
26.254209518432617,149.67999267578125,1000.0,87.0,0.09642279148101807,0.02100961282849312,5.0,0.9988813400268555,0.9988813400268555,0.9988813400268555,0.023305844515562057,0.00019439999596215785,0.2671288251876831,1760000.0,-0.010315287858247757,0.0001608487218618393,0.05010524392127991,0.08851848542690277,-0.0003333091735839844,2.740750312805176,5803.556640625,39.05052185058594,16.29422950744629,55.344749450683594,361.3712158203125
25.25853729248047,151.1999969482422,1000.0,88.0,0.08857596665620804,0.021116284653544426,5.0,0.9996292591094971,0.9996292591094971,0.9996292591094971,0.02256939932703972,0.00019320000137668103,0.2650373578071594,1780000.0,-0.011885344050824642,-0.0015700561925768852,-0.006678445264697075,0.0899365022778511,0.0014180168509483337,2.7180519104003906,5858.951171875,38.834014892578125,16.541255950927734,55.375274658203125,361.1720275878906
25.2606143951416,140.27999877929688,1000.0,89.0,0.084528848528862,0.02205195464193821,3.0,0.9983927011489868,0.9983927011489868,0.9983927011489868,0.02077406272292137,0.00019200000679120421,0.2638879418373108,1800000.0,-0.004636118188500404,0.007249225862324238,0.3028811812400818,0.08414202928543091,-0.0057944729924201965,2.6934003829956055,5908.77392578125,39.28033447265625,10.514127731323242,49.79446029663086,401.6510925292969
24.534841537475586,146.16000366210938,1000.0,90.0,0.08074475079774857,0.022733088582754135,6.0,0.9989385604858398,0.9989385604858398,0.9989385604858398,0.022569259628653526,0.00019079999765381217,0.26293930411338806,1820000.0,-0.012449027970433235,-0.00781290978193283,0.15458913147449493,0.09567806869745255,0.011536039412021637,2.6380867958068848,5969.32177734375,38.84087371826172,21.688098907470703,60.528968811035156,330.4202880859375
24.7608699798584,137.82000732421875,1000.0,91.0,0.07308196276426315,0.020355314016342163,5.0,0.9990237355232239,0.9990237355232239,0.9990237355232239,0.023906949907541275,0.00018960000306833535,0.2608531415462494,1840000.0,-0.011465393006801605,0.00098363496363163,0.279485821723938,0.08604767173528671,-0.009630396962165833,2.699688196182251,6027.4287109375,41.47804260253906,16.608619689941406,58.08666229248047,344.3131103515625
25.05669593811035,126.19999694824219,1000.0,92.0,0.057315949350595474,0.027758395299315453,5.0,0.9998349547386169,0.9998349547386169,0.9998349547386169,0.023478200659155846,0.0001883999939309433,0.25677523016929626,1860000.0,-0.012844754382967949,-0.0013793613761663437,0.02525274083018303,0.0853668600320816,-0.0006808117032051086,2.7009756565093994,6083.57666015625,39.487308502197266,16.641685485839844,56.12899398803711,356.32208251953125
25.90047836303711,131.25999450683594,1000.0,93.0,0.05346544831991196,0.021282926201820374,2.0,0.9969715476036072,0.9969715476036072,0.9969715476036072,0.020312299951910973,0.0001871999993454665,0.2558119297027588,1880000.0,0.00011965506564592943,0.012964409448613878,-0.12733162939548492,0.09667188674211502,0.011305026710033417,2.815242052078247,6130.00830078125,39.92194747924805,6.488677024841309,46.41062545776367,430.935791015625
24.782184600830078,148.8000030517578,1000.0,94.0,0.05077317729592323,0.0208896491676569,4.0,0.9997954368591309,0.9997954368591309,0.9997954368591309,0.02200193703174591,0.00018600000475998968,0.25520434975624084,1900000.0,-0.009710692800581455,-0.009830347866227385,-0.03987756371498108,0.07770344614982605,-0.01896844059228897,2.6457128524780273,6183.18603515625,40.14990997314453,12.996089935302734,53.145999908447266,376.32183837890625
25.537887573242188,145.36000061035156,1000.0,95.0,0.04710232466459274,0.02490222081542015,6.0,0.998042106628418,0.998042106628418,0.998042106628418,0.02360185980796814,0.00018479999562259763,0.2541969418525696,1920000.0,-0.011670868843793869,-0.001960176043212414,0.07885231077671051,0.09596820920705795,0.018264763057231903,2.753927230834961,6243.05615234375,39.11429214477539,20.73647689819336,59.85076904296875,334.1644592285156
24.5178279876709,151.9199981689453,1000.0,96.0,0.04077557474374771,0.020024839788675308,4.0,0.9998973608016968,0.9998973608016968,0.9998973608016968,0.022048357874155045,0.00018360000103712082,0.2525634169578552,1940000.0,-0.0071310424245893955,0.0045398264192044735,-0.13962818682193756,0.08931726217269897,-0.006650947034358978,2.7117273807525635,6297.0712890625,39.748146057128906,14.248279571533203,53.99642562866211,370.3948974609375
25.3128662109375,131.9600067138672,1000.0,97.0,0.03144075348973274,0.021905966103076935,5.0,0.9977608323097229,0.9977608323097229,0.9977608323097229,0.023666948080062866,0.000182400006451644,0.25030067563056946,1960000.0,-0.012638173997402191,-0.005507131572812796,0.14697234332561493,0.08490180224180222,-0.004415459930896759,2.7673757076263428,6353.84765625,40.33652877807617,16.414287567138672,56.750816345214844,352.4178161621094
25.876514434814453,136.86000061035156,1000.0,98.0,0.019529538229107857,0.02056676335632801,4.0,0.9990736246109009,0.9990736246109009,0.9990736246109009,0.02159973606467247,0.00018119999731425196,0.24730077385902405,1980000.0,-0.008419238030910492,0.004218935966491699,-0.0604509599506855,0.09012211114168167,0.005220308899879456,2.709886312484741,6406.416015625,39.543739318847656,13.004751205444336,52.54848861694336,380.6008605957031
25.233076095581055,134.82000732421875,1000.0,99.0,0.013086565770208836,0.022007768973708153,4.0,0.9999160766601562,0.9999160766601562,0.9999160766601562,0.022394223138689995,0.00018000000272877514,0.2457478642463684,2000000.0,-0.008550072088837624,-0.00013083405792713165,-0.01562976837158203,0.090337835252285,0.00021572411060333252,2.7301042079925537,6459.1171875,38.7608528137207,13.91696548461914,52.677818298339844,379.66644287109375
25.495744705200195,151.72000122070312,1000.0,100.0,0.004684804007411003,0.021018825471401215,4.0,0.9993159174919128,0.9993159174919128,0.9993159174919128,0.022386133670806885,0.0001787999935913831,0.24376395344734192,2020000.0,-0.009667535312473774,-0.0011174632236361504,-0.18042995035648346,0.08881108462810516,-0.00152675062417984,2.7259371280670166,6512.47802734375,38.87335968017578,14.46933364868164,53.34269332885742,374.9342041015625
24.639301300048828,169.66000366210938,1000.0,101.0,0.00047922899830155075,0.021741459146142006,5.0,1.0010250806808472,1.0010250806808472,1.0010250806808472,0.022951476275920868,0.00017759999900590628,0.24283090233802795,2040000.0,-0.010331731289625168,-0.0006641959771513939,0.028905728831887245,0.0956367775797844,0.00682569295167923,2.6725354194641113,6570.81005859375,41.75909423828125,16.548660278320312,58.30775451660156,343.0075378417969
24.95513153076172,171.89999389648438,1000.0,102.0,-0.009100716561079025,0.021655982360243797,4.0,0.9997463226318359,0.9997463226318359,0.9997463226318359,0.0218446534126997,0.00017640000442042947,0.2404756098985672,2060000.0,-0.008135000243782997,0.0021967310458421707,0.23363837599754333,0.08060010522603989,-0.015036672353744507,2.726466178894043,6623.72314453125,38.5092658996582,14.385144233703613,52.8944091796875,378.1117858886719
22.962329864501953,171.32000732421875,1000.0,103.0,-0.01287838350981474,0.02349519170820713,6.0,1.0001872777938843,1.0001872777938843,1.0001872777938843,0.022158093750476837,0.00017519999528303742,0.23952382802963257,2080000.0,-0.011739944107830524,-0.0036049438640475273,0.018433790653944016,0.075230173766613,-0.00536993145942688,2.665527820587158,6682.72314453125,39.429901123046875,19.54775047302246,58.97765350341797,339.1114807128906
22.896474838256836,165.9600067138672,1000.0,104.0,-0.021339068189263344,0.020136281847953796,5.0,1.0002167224884033,1.0002167224884033,1.0002167224884033,0.02283211052417755,0.0001740000006975606,0.23744244873523712,2100000.0,-0.01119757816195488,0.0005423659458756447,0.0068289488554000854,0.09606719762086868,0.020837023854255676,2.6932790279388428,6738.12548828125,38.975460052490234,16.40794563293457,55.38340377807617,361.1190185546875
24.505327224731445,150.8800048828125,1000.0,105.0,-0.028041861951351166,0.02289198338985443,5.0,0.9969969391822815,0.9969969391822815,0.9969969391822815,0.022090964019298553,0.0001728000061120838,0.23585869371891022,2120000.0,-0.011678493581712246,-0.0004809154197573662,0.2920586168766022,0.09503848850727081,-0.0010287091135978699,2.8435866832733154,6794.67822265625,39.26460266113281,17.267967224121094,56.532569885253906,353.7783508300781
25.4862117767334,148.75999450683594,1000.0,106.0,-0.03300761431455612,0.022713569924235344,5.0,0.9988842606544495,0.9988842606544495,0.9988842606544495,0.02359364926815033,0.00017159999697469175,0.23473338782787323,2140000.0,-0.011813989840447903,-0.00013549625873565674,0.3943699598312378,0.09194839745759964,-0.003090091049671173,2.7185511589050293,6852.37109375,41.99245834350586,15.682419776916504,57.67487716674805,346.7714538574219
25.7711124420166,139.83999633789062,1000.0,107.0,-0.0395151749253273,0.02216135337948799,5.0,0.9994869232177734,0.9994869232177734,0.9994869232177734,0.022753646597266197,0.00017040000238921493,0.2331865429878235,2160000.0,-0.010252104140818119,0.0015618856996297836,-0.23092207312583923,0.09213472157716751,0.0001863241195678711,2.8502025604248047,6908.5341796875,40.19883346557617,15.945151329040527,56.14398193359375,356.2269592285156
26.244165420532227,138.10000610351562,1000.0,108.0,-0.05271877348423004,0.021223776042461395,5.0,0.9987110495567322,0.9987110495567322,0.9987110495567322,0.02311539463698864,0.0001691999932518229,0.2301504909992218,2180000.0,-0.01027305331081152,-2.0949169993400574e-05,-0.06350314617156982,0.09325318038463593,0.0011184588074684143,2.88234543800354,6965.529296875,39.021183013916016,17.949913024902344,56.97109603881836,351.0552062988281
26.60549545288086,135.86000061035156,1000.0,109.0,-0.05854406580328941,0.02345278300344944,6.0,0.999435544013977,0.999435544013977,0.999435544013977,0.024447577074170113,0.00016799999866634607,0.22884836792945862,2200000.0,-0.013891569338738918,-0.0036185160279273987,0.12919355928897858,0.08950614184141159,-0.0037470385432243347,2.781264066696167,7026.275390625,38.86122131347656,21.866079330444336,60.727298736572266,329.3411865234375
27.23871421813965,136.02000427246094,1000.0,110.0,-0.06881913542747498,0.021905457600951195,4.0,1.0002968311309814,1.0002968311309814,1.0002968311309814,0.02233288809657097,0.00016680000408086926,0.22654807567596436,2220000.0,-0.00773623026907444,0.006155339069664478,0.2260758876800537,0.09289596974849701,0.0033898279070854187,2.9037325382232666,7076.47705078125,36.287620544433594,13.894686698913574,50.182308197021484,398.5468444824219
26.01679039001465,149.16000366210938,1000.0,111.0,-0.07834964245557785,0.022565757855772972,4.0,0.9995446801185608,0.9995446801185608,0.9995446801185608,0.021330833435058594,0.0001655999949434772,0.22443005442619324,2240000.0,-0.008603690192103386,-0.0008674599230289459,-0.07356365770101547,0.0887582078576088,-0.004137761890888214,2.759098529815674,7128.32666015625,38.92607879638672,12.904684066772461,51.83076095581055,385.8712463378906
25.746685028076172,147.1199951171875,1000.0,112.0,-0.0862814411520958,0.020336871966719627,4.0,0.997664213180542,0.997664213180542,0.997664213180542,0.02112432010471821,0.0001644000003580004,0.222720667719841,2260000.0,-0.007325934711843729,0.001277755480259657,0.12825161218643188,0.09275645762681961,0.003998249769210815,2.8114376068115234,7181.59228515625,39.20316696166992,14.043498039245605,53.246665954589844,375.6103820800781
25.68731117248535,148.16000366210938,1000.0,113.0,-0.09474708884954453,0.02001785859465599,4.0,0.9989265203475952,0.9989265203475952,0.9989265203475952,0.02251860685646534,0.00016320000577252358,0.22092226147651672,2280000.0,-0.008172808215022087,-0.0008468735031783581,-0.17544180154800415,0.09175949543714523,-0.0009969621896743774,2.8240530490875244,7232.46142578125,36.46660232543945,14.374517440795898,50.841121673583984,393.3823547363281
25.712129592895508,149.6999969482422,1000.0,114.0,-0.10565060377120972,0.022920219227671623,5.0,0.9994634985923767,0.9994634985923767,0.9994634985923767,0.022799376398324966,0.00016199999663513154,0.21851159632205963,2300000.0,-0.010397221893072128,-0.002224413678050041,0.13823336362838745,0.08888030797243118,-0.0028791874647140503,2.788957118988037,7286.85595703125,36.36898422241211,18.006322860717773,54.37530517578125,367.81402587890625
24.930683135986328,157.8800048828125,1000.0,115.0,-0.11467552185058594,0.023397885262966156,6.0,1.000422477722168,1.000422477722168,1.000422477722168,0.02267327532172203,0.00016080000204965472,0.21655406057834625,2320000.0,-0.012510254979133606,-0.0021130330860614777,-0.1403350681066513,0.0952174961566925,0.006337188184261322,2.749537467956543,7344.90869140625,38.21376419067383,19.81996726989746,58.033729553222656,344.6271667480469
24.585121154785156,164.0399932861328,1000.0,116.0,-0.12976929545402527,0.02171574905514717,5.0,0.9980207681655884,0.9980207681655884,0.9980207681655884,0.02281983196735382,0.00015959999291226268,0.21324247121810913,2340000.0,-0.010691502131521702,0.0018187528476119041,-0.1427316665649414,0.09474900364875793,-0.0004684925079345703,2.7552366256713867,7400.76025390625,39.637813568115234,16.194564819335938,55.83237838745117,358.215087890625
25.0100154876709,157.47999572753906,1000.0,117.0,-0.13955703377723694,0.021964222192764282,5.0,0.998840868473053,0.998840868473053,0.998840868473053,0.02307562530040741,0.00015839999832678586,0.21117201447486877,2360000.0,-0.01088305376470089,-0.00019155163317918777,-0.2622237205505371,0.08788228034973145,-0.006866723299026489,2.8561930656433105,7458.78271484375,40.205604553222656,17.788053512573242,57.99365997314453,344.86529541015625
25.632726669311523,162.66000366210938,1000.0,118.0,-0.14799948036670685,0.021983377635478973,5.0,0.9993818998336792,0.9993818998336792,0.9993818998336792,0.02293548732995987,0.00015720000374130905,0.20936870574951172,2380000.0,-0.011418066918849945,-0.0005350131541490555,0.2832475006580353,0.08315717428922653,-0.004725106060504913,2.7578940391540527,7514.8837890625,39.244850158691406,16.83730125427246,56.0821533203125,356.61968994140625
25.797889709472656,154.25999450683594,1000.0,119.0,-0.15785644948482513,0.02112501487135887,3.0,0.9993085861206055,0.9993085861206055,0.9993085861206055,0.022037209942936897,0.000155999994603917,0.20734812319278717,2400000.0,-0.005524886306375265,0.00589318061247468,-0.08673732727766037,0.0903068259358406,0.007149651646614075,2.779562473297119,7563.20263671875,38.086700439453125,10.198689460754395,48.28539276123047,414.2039489746094
25.93267822265625,156.72000122070312,1000.0,120.0,-0.16741347312927246,0.020180130377411842,4.0,0.9995347261428833,0.9995347261428833,0.9995347261428833,0.021833954378962517,0.0001548000000184402,0.2053534835577011,2420000.0,-0.007160021457821131,-0.0016351351514458656,-0.031664349138736725,0.09661877155303955,0.006311945617198944,2.7272098064422607,7614.12060546875,37.40520477294922,13.494405746459961,50.89960861206055,392.9303283691406
25.92508316040039,151.89999389648438,1000.0,121.0,-0.17282623052597046,0.022474465891718864,5.0,0.9982536435127258,0.9982536435127258,0.9982536435127258,0.0229288749396801,0.00015360000543296337,0.2042352557182312,2440000.0,-0.010712206363677979,-0.0035521849058568478,-0.17015641927719116,0.09755079448223114,0.0009320229291915894,2.7805724143981934,7672.63818359375,41.16466522216797,17.33524513244629,58.499908447265625,341.8808898925781
26.643798828125,142.1999969482422,1000.0,122.0,-0.17821983993053436,0.021861806511878967,4.0,0.9990297555923462,0.9990297555923462,0.9990297555923462,0.022117653861641884,0.00015239999629557133,0.20306426286697388,2460000.0,-0.00791082251816988,0.0028013838455080986,0.049604564905166626,0.10084350407123566,0.0032927095890045166,2.797840118408203,7724.30224609375,38.434993743896484,13.21095085144043,51.64594650268555,387.2520751953125
26.65212631225586,146.5,1000.0,123.0,-0.18205446004867554,0.02093018963932991,4.0,0.9978381395339966,0.9978381395339966,0.9978381395339966,0.022200588136911392,0.0001512000017100945,0.20228004455566406,2480000.0,-0.010164013132452965,-0.002253190614283085,-0.20967638492584229,0.09129133075475693,-0.00955217331647873,2.8773818016052246,7776.2724609375,37.91069412231445,14.040814399719238,51.951507568359375,384.9743957519531
27.8952693939209,137.17999267578125,1000.0,124.0,-0.18786633014678955,0.020471006631851196,5.0,0.9992773532867432,0.9992773532867432,0.9992773532867432,0.023009711876511574,0.0001500000071246177,0.20118488371372223,2500000.0,-0.012278364971280098,-0.002114351838827133,-0.04204825311899185,0.08539743721485138,-0.005893893539905548,2.9051337242126465,7833.6845703125,40.114097595214844,17.278972625732422,57.39306640625,348.4741516113281
27.219186782836914,153.66000366210938,1000.0,125.0,-0.19505558907985687,0.02137618139386177,4.0,0.9976713061332703,0.9976713061332703,0.9976713061332703,0.02228645235300064,0.00014879999798722565,0.1998298317193985,2520000.0,-0.008592681959271431,0.003685683012008667,0.14073441922664642,0.08645608276128769,0.0010586455464363098,2.9390203952789307,7886.50341796875,37.54099655151367,15.25717544555664,52.79817199707031,378.8009948730469
25.73617172241211,156.3000030517578,1000.0,126.0,-0.2036391645669937,0.020003655925393105,3.0,1.0003175735473633,1.0003175735473633,1.0003175735473633,0.022082529962062836,0.00014760000340174884,0.19817377626895905,2540000.0,-0.004017092753201723,0.004575589206069708,-0.01688067615032196,0.0807732343673706,-0.005682848393917084,2.811964511871338,7934.6513671875,37.39359664916992,10.729666709899902,48.12326431274414,415.59942626953125
24.931638717651367,169.63999938964844,1000.0,127.0,-0.2118980437517166,0.023922041058540344,3.0,1.0001473426818848,1.0001473426818848,1.0001473426818848,0.020608987659215927,0.0001463999942643568,0.1965145617723465,2560000.0,-0.0034621183294802904,0.0005549744237214327,-0.0025172987952828407,0.09371313452720642,0.012939900159835815,2.853412389755249,7983.51708984375,38.9987678527832,9.83448600769043,48.833255767822266,409.5569763183594
24.756484985351562,164.33999633789062,1000.0,128.0,-0.21689924597740173,0.028154177591204643,3.0,0.9989795088768005,0.9989795088768005,0.9989795088768005,0.020933562889695168,0.00014519999967887998,0.19550606608390808,2580000.0,-0.00293211848475039,0.0005299998447299004,-0.07470186799764633,0.0885649025440216,-0.0051482319831848145,2.87064266204834,8031.375,37.89719772338867,9.94211196899414,47.83930969238281,418.0662536621094
25.50455093383789,157.0800018310547,1000.0,129.0,-0.2200959473848343,0.02380724996328354,4.0,1.0006245374679565,1.0006245374679565,1.0006245374679565,0.023359734565019608,0.00014400000509340316,0.19491244852542877,2600000.0,-0.0077042123302817345,-0.004772093845531344,-0.07130219787359238,0.07462342828512192,-0.013941474258899689,2.84338641166687,8081.828125,36.37844467163086,14.04886531829834,50.427310943603516,396.6104736328125
25.838706970214844,146.9600067138672,1000.0,130.0,-0.22369740903377533,0.02143128216266632,1.0,1.0006712675094604,1.0006712675094604,1.0006712675094604,0.01946205273270607,0.00014279999595601112,0.19424757361412048,2620000.0,0.005301355849951506,0.01300556818023324,0.18851734697818756,0.08662232011556625,0.011998891830444336,2.7835893630981445,8124.5712890625,39.410160064697266,3.310056686401367,42.720218658447266,468.16241455078125
25.457921981811523,142.39999389648438,1000.0,131.0,-0.2262866199016571,0.02079278789460659,5.0,0.9993976950645447,0.9993976950645447,0.9993976950645447,0.02284901775419712,0.0001416000013705343,0.19373448193073273,2640000.0,-0.01044264156371355,-0.015743997413665056,0.10251360386610031,0.08574389666318893,-0.0008784234523773193,2.809633255004883,8179.32666015625,37.62421798706055,17.106964111328125,54.73118209838867,365.42242431640625
24.826210021972656,155.9199981689453,1000.0,132.0,-0.23445431888103485,0.02010207436978817,5.0,1.0001599788665771,1.0001599788665771,1.0001599788665771,0.02305210568010807,0.00014040000678505749,0.19220022857189178,2660000.0,-0.011806781403720379,-0.0013641398400068283,0.019325613975524902,0.08548111468553543,-0.0002627819776535034,2.7637908458709717,8233.1611328125,36.5526123046875,17.26362419128418,53.81623840332031,371.6350402832031
26.73712730407715,155.24000549316406,1000.0,133.0,-0.242660254240036,0.022527948021888733,4.0,0.9988375902175903,0.9988375902175903,0.9988375902175903,0.022235620766878128,0.00013919999764766544,0.19066424667835236,2680000.0,-0.00874484796077013,0.0030619334429502487,0.16444449126720428,0.09830988198518753,0.0128287672996521,2.9347546100616455,8288.7353515625,42.8564338684082,12.69906234741211,55.55549621582031,360.0003967285156
26.625041961669922,158.27999877929688,1000.0,134.0,-0.24743720889091492,0.020244793966412544,5.0,1.0012890100479126,1.0012890100479126,1.0012890100479126,0.022553974762558937,0.00013800000306218863,0.1897561103105545,2700000.0,-0.010367344133555889,-0.001622496172785759,0.17523862421512604,0.08797188103199005,-0.01033800095319748,2.867175340652466,8346.7412109375,40.834129333496094,17.150039672851562,57.985172271728516,344.9157409667969
25.665380477905273,168.0800018310547,1000.0,135.0,-0.2487950623035431,0.022329218685626984,6.0,0.9997894763946533,0.9997894763946533,0.9997894763946533,0.022993655875325203,0.00013679999392479658,0.18953177332878113,2720000.0,-0.013833917677402496,-0.003466573543846607,0.12535221874713898,0.08969561755657196,0.0017237365245819092,2.6781980991363525,8407.841796875,40.0908317565918,20.990612030029297,61.081443786621094,327.4316711425781
23.921892166137695,176.0,1000.0,136.0,-0.2517443895339966,0.020515237003564835,5.0,0.9997563362121582,0.9997563362121582,0.9997563362121582,0.0218813493847847,0.00013559999933931977,0.18895187973976135,2740000.0,-0.011743105947971344,0.0020908117294311523,0.37553665041923523,0.08510617166757584,-0.004589445888996124,2.8070719242095947,8461.27734375,37.017662048339844,16.39177703857422,53.40943908691406,374.46563720703125
23.744186401367188,180.5399932861328,1000.0,137.0,-0.2644326388835907,0.02216109074652195,5.0,0.9992638826370239,0.9992638826370239,0.9992638826370239,0.02225162647664547,0.00013440000475384295,0.18656828999519348,2760000.0,-0.01092955470085144,0.0008135512471199036,0.04542718827724457,0.09496947377920151,0.009863302111625671,2.7711851596832275,8515.904296875,38.47480392456055,16.1334171295166,54.60822296142578,366.2452087402344
24.734663009643555,173.0800018310547,1000.0,138.0,-0.2759599983692169,0.020346248522400856,5.0,1.001982569694519,1.001982569694519,1.001982569694519,0.02221420593559742,0.0001331999956164509,0.18446283042430878,2780000.0,-0.009367373771965504,0.0015621809288859367,-0.28128230571746826,0.09841534495353699,0.0034458711743354797,2.916322946548462,8570.2841796875,38.59733200073242,15.763687133789062,54.361019134521484,367.9106750488281
26.059194564819336,161.1199951171875,1000.0,139.0,-0.28696566820144653,0.02107609622180462,4.0,0.9984096884727478,0.9984096884727478,0.9984096884727478,0.02214859426021576,0.0001320000010309741,0.18242143094539642,2800000.0,-0.008271480910480022,0.0010958928614854813,0.00774054229259491,0.11271072924137115,0.014295384287834167,2.882638931274414,8622.1142578125,38.96611785888672,12.844474792480469,51.81059265136719,386.0214538574219
26.534378051757812,146.0800018310547,1000.0,140.0,-0.29709717631340027,0.02083330601453781,4.0,0.9992401003837585,0.9992401003837585,0.9992401003837585,0.02182616852223873,0.00013080000644549727,0.1805984079837799,2820000.0,-0.008420009166002274,-0.00014852825552225113,-0.32173600792884827,0.10596908628940582,-0.006741642951965332,2.874081611633301,8673.9521484375,38.764976501464844,13.053791046142578,51.81877136230469,385.9605407714844
26.81640625,128.0,1000.0,141.0,-0.30568981170654297,0.02215764857828617,5.0,0.9979713559150696,0.9979713559150696,0.9979713559150696,0.02260196954011917,0.00012959999730810523,0.17907603085041046,2840000.0,-0.011001598089933395,-0.002581588923931122,0.016769282519817352,0.07878880202770233,-0.02718028426170349,2.8885140419006348,8729.62109375,38.75060272216797,16.900039672851562,55.65064239501953,359.3848876953125
27.438495635986328,123.5199966430664,1000.0,142.0,-0.30908215045928955,0.023007189854979515,5.0,0.9975053071975708,0.9975053071975708,0.9975053071975708,0.02319597825407982,0.00012840000272262841,0.17846301198005676,2860000.0,-0.011373191140592098,-0.00037159305065870285,-0.38930872082710266,0.08520854264497757,0.006419740617275238,2.939814567565918,8783.654296875,36.92226028442383,17.090293884277344,54.012550354003906,370.2843017578125
26.24382972717285,128.3000030517578,1000.0,143.0,-0.3174717426300049,0.020500220358371735,5.0,1.001528024673462,1.001528024673462,1.001528024673462,0.02180483564734459,0.00012719999358523637,0.1769937425851822,2880000.0,-0.010446030646562576,0.0009271604940295219,-0.133987158536911,0.07751506567001343,-0.007693476974964142,2.778341293334961,8837.0390625,36.087059020996094,17.277790069580078,53.36484909057617,374.7785339355469
26.048391342163086,141.24000549316406,1000.0,144.0,-0.31962502002716064,0.020054424181580544,4.0,0.9978703260421753,0.9978703260421753,0.9978703260421753,0.02213132381439209,0.00012599999899975955,0.1766221672296524,2900000.0,-0.009579900652170181,0.000866129994392395,-0.09901747107505798,0.09155013412237167,0.014035068452358246,2.829953908920288,8889.25,38.32829284667969,13.862750053405762,52.191043853759766,383.20751953125
24.514047622680664,149.66000366210938,1000.0,145.0,-0.3214655816555023,0.02129751816391945,6.0,0.9999197125434875,0.9999197125434875,0.9999197125434875,0.022586455568671227,0.00012480000441428274,0.17632000148296356,2920000.0,-0.012307263910770416,-0.002727363258600235,-0.28878721594810486,0.07946182787418365,-0.012088306248188019,2.8249781131744385,8946.1796875,36.57040786743164,20.340641021728516,56.911048889160156,351.42559814453125
26.070331573486328,143.39999389648438,1000.0,146.0,-0.331230103969574,0.022159522399306297,4.0,0.9991893768310547,0.9991893768310547,0.9991893768310547,0.02121933363378048,0.0001235999952768907,0.174618199467659,2940000.0,-0.008358152583241463,0.0039491113275289536,-0.22967399656772614,0.10303030163049698,0.023568473756313324,2.8486483097076416,8994.978515625,35.19903564453125,13.57929801940918,48.7783317565918,410.01812744140625
25.779916763305664,152.22000122070312,1000.0,147.0,-0.33490025997161865,0.023743102326989174,6.0,0.9987078905105591,0.9987078905105591,0.9987078905105591,0.022359566763043404,0.00012240000069141388,0.17402397096157074,2960000.0,-0.013090102933347225,-0.0047319503501057625,0.26375746726989746,0.09005016833543777,-0.012980133295059204,2.8149635791778564,9052.2685546875,37.08393478393555,20.182703018188477,57.26663589477539,349.2434997558594
26.625398635864258,145.39999389648438,1000.0,148.0,-0.33899497985839844,0.020406406372785568,5.0,0.9992830157279968,0.9992830157279968,0.9992830157279968,0.02213122881948948,0.00012119999882997945,0.17334969341754913,2980000.0,-0.011115693487226963,0.001974409446120262,0.24754638969898224,0.10592739284038544,0.015877224504947662,2.8428149223327637,9106.8037109375,37.946537017822266,16.56842613220215,54.51496124267578,366.87176513671875
25.59201431274414,158.5800018310547,1000.0,149.0,-0.34267207980155945,0.02137584798038006,5.0,0.9988828897476196,0.9988828897476196,0.9988828897476196,0.02153410017490387,0.00011999999696854502,0.1727966070175171,3000000.0,-0.011011677794158459,0.00010401569306850433,0.44343122839927673,0.09043896943330765,-0.01548842340707779,2.7904293537139893,9161.6630859375,38.09575653076172,16.743383407592773,54.83913803100586,364.7030334472656
25.8212890625,165.33999633789062,1000.0,150.0,-0.34340012073516846,0.02036377042531967,4.0,0.9990490078926086,0.9990490078926086,0.9990490078926086,0.0215853713452816,0.0001188000023830682,0.17273679375648499,3020000.0,-0.009481617249548435,0.0015300605446100235,0.08096042275428772,0.09707747399806976,0.0066385045647621155,2.8428356647491455,9211.6513671875,36.51554870605469,13.448661804199219,49.964210510253906,400.2865295410156
25.187166213989258,161.13999938964844,1000.0,151.0,-0.34430116415023804,0.023399632424116135,6.0,1.0017623901367188,1.0017623901367188,1.0017623901367188,0.022698260843753815,0.00011760000052163377,0.17261938750743866,3040000.0,-0.01206881646066904,-0.0025871992111206055,-0.14803192019462585,0.09479817748069763,-0.0022792965173721313,2.8442776203155518,9268.1650390625,36.86330795288086,19.630905151367188,56.49421310424805,354.0185546875
25.05211639404297,168.6199951171875,1000.0,152.0,-0.35239365696907043,0.020337320864200592,5.0,1.0000276565551758,1.0000276565551758,1.0000276565551758,0.021472875028848648,0.00011639999866019934,0.17120498418807983,3060000.0,-0.011064441874623299,0.001004374586045742,0.024132484570145607,0.09569831937551498,0.0009001418948173523,2.807593584060669,9322.9873046875,37.87786102294922,16.925098419189453,54.80295944213867,364.94378662109375
25.70410919189453,152.82000732421875,1000.0,153.0,-0.35779815912246704,0.02173718810081482,5.0,0.9991406202316284,0.9991406202316284,0.9991406202316284,0.02153017744421959,0.00011519999679876491,0.17026042938232422,3080000.0,-0.01230556983500719,-0.001241127960383892,-0.05050855875015259,0.10250245779752731,0.006804138422012329,2.915895462036133,9375.8515625,35.81911087036133,17.024784088134766,52.843894958496094,378.4732360839844
25.681028366088867,151.0800018310547,1000.0,154.0,-0.362585186958313,0.025444304570555687,7.0,1.0003485679626465,1.0003485679626465,1.0003485679626465,0.022738339379429817,0.0001140000022132881,0.16950497031211853,3100000.0,-0.014829983003437519,-0.0025244131684303284,-0.08224639296531677,0.0923510491847992,-0.010151408612728119,2.8633463382720947,9433.904296875,35.28355026245117,22.751312255859375,58.03486251831055,344.6204528808594
25.7187442779541,144.24000549316406,1000.0,155.0,-0.3675181567668915,0.021451257169246674,5.0,0.9983949661254883,0.9983949661254883,0.9983949661254883,0.021263496950268745,0.00011280000035185367,0.16866552829742432,3120000.0,-0.012916160747408867,0.0019138222560286522,-0.03427986800670624,0.08005224168300629,-0.012298807501792908,2.887728214263916,9487.4619140625,37.54463577270508,15.993570327758789,53.5382080078125,373.56500244140625
24.994434356689453,136.94000244140625,1000.0,156.0,-0.380898118019104,0.02198045141994953,8.0,1.0015264749526978,1.0015264749526978,1.0015264749526978,0.022673489525914192,0.00011159999849041924,0.166379913687706,3140000.0,-0.015049031004309654,-0.0021328702569007874,0.1396426111459732,0.07625489681959152,-0.0037973448634147644,2.8316850662231445,9552.2685546875,38.59752655029297,26.19032859802246,64.78784942626953,308.6998291015625
24.75271987915039,142.1199951171875,1000.0,157.0,-0.38914114236831665,0.020318493247032166,4.0,1.0010892152786255,1.0010892152786255,1.0010892152786255,0.02110958844423294,0.00011039999662898481,0.1649896651506424,3160000.0,-0.008862510323524475,0.006186520680785179,-0.2874271273612976,0.09788822382688522,0.0216333270072937,2.8762035369873047,9603.76953125,37.739864349365234,13.733760833740234,51.47362518310547,388.5484924316406
24.832143783569336,144.33999633789062,1000.0,158.0,-0.3947884738445282,0.024382827803492546,6.0,0.998684287071228,0.998684287071228,0.998684287071228,0.021582478657364845,0.00010920000204350799,0.16411341726779938,3180000.0,-0.013977844268083572,-0.005115333944559097,0.15325379371643066,0.08787733316421509,-0.010010890662670135,2.894299030303955,9661.0966796875,36.75188446044922,20.55664825439453,57.30853271484375,348.9881591796875
25.581300735473633,157.5,1000.0,159.0,-0.4029235243797302,0.020133301615715027,5.0,0.9995844960212708,0.9995844960212708,0.9995844960212708,0.02140578255057335,0.00010800000018207356,0.16278740763664246,3200000.0,-0.011646865867078304,0.002330978401005268,-0.0015642046928405762,0.09545087069272995,0.007573537528514862,2.759644031524658,9714.1337890625,35.888607025146484,17.129161834716797,53.01776885986328,377.2320251464844
25.566650390625,167.39999389648438,1000.0,160.0,-0.41031700372695923,0.021911626681685448,5.0,0.9986154437065125,0.9986154437065125,0.9986154437065125,0.02134724147617817,0.00010679999832063913,0.16156528890132904,3220000.0,-0.01264276448637247,-0.0009958986192941666,-0.02505803294479847,0.09886441379785538,0.0034135431051254272,2.862168073654175,9767.2001953125,36.40837860107422,16.639385223388672,53.04776382446289,377.0187072753906
26.525650024414062,164.3000030517578,1000.0,161.0,-0.4174645245075226,0.02042989432811737,4.0,1.0006221532821655,1.0006221532821655,1.0006221532821655,0.021550757810473442,0.0001055999964592047,0.16033585369586945,3240000.0,-0.009169438853859901,0.0034733256325125694,0.030188890174031258,0.09201700240373611,-0.006847411394119263,2.931119918823242,9815.9189453125,36.01153564453125,12.688925743103027,48.70045852661133,410.6737365722656
25.504432678222656,159.47999572753906,1000.0,162.0,-0.4238361418247223,0.021418960765004158,6.0,0.998970627784729,0.998970627784729,0.998970627784729,0.022575004026293755,0.00010440000187372789,0.15927687287330627,3260000.0,-0.013204413466155529,-0.004034974612295628,-0.08011181652545929,0.09076197445392609,-0.001255027949810028,2.7969837188720703,9872.70703125,37.156280517578125,19.61380958557129,56.77008819580078,352.2982177734375
24.87973403930664,152.60000610351562,1000.0,163.0,-0.4293561279773712,0.022789424285292625,7.0,0.9981022477149963,0.9981022477149963,0.9981022477149963,0.022078577429056168,0.00010320000001229346,0.15843644738197327,3280000.0,-0.01672493666410446,-0.0035205231979489326,-0.12084521353244781,0.09869109094142914,0.007929116487503052,2.8902997970581055,9931.60546875,35.809288024902344,23.064619064331055,58.87390899658203,339.70904541015625
24.06830596923828,155.63999938964844,1000.0,164.0,-0.4340975284576416,0.021093102172017097,6.0,0.9988662004470825,0.9988662004470825,0.9988662004470825,0.021764326840639114,0.00010199999815085903,0.15768420696258545,3300000.0,-0.013159644789993763,0.0035652918741106987,-0.02883381024003029,0.10660770535469055,0.007916614413261414,2.8124523162841797,9987.4609375,35.99139404296875,19.843231201171875,55.83562469482422,358.20068359375
25.147876739501953,161.27999877929688,1000.0,165.0,-0.44111230969429016,0.02182489074766636,6.0,1.0013548135757446,1.0013548135757446,1.0013548135757446,0.022380178794264793,0.00010080000356538221,0.15655414760112762,3320000.0,-0.014816377311944962,-0.0016567325219511986,0.16672909259796143,0.0876012071967125,-0.019006498157978058,2.887253761291504,10044.0634765625,36.90851593017578,19.676401138305664,56.58491897583008,353.4510803222656
25.281694412231445,169.02000427246094,1000.0,166.0,-0.45072293281555176,0.021800270304083824,5.0,1.0003069639205933,1.0003069639205933,1.0003069639205933,0.02211703360080719,9.960000170394778e-05,0.15508273243904114,3340000.0,-0.011547699570655823,0.003268677741289139,-0.32961857318878174,0.09080493450164795,0.0032037273049354553,2.844545602798462,10095.453125,35.1082649230957,16.261863708496094,51.3701286315918,389.331298828125
25.451519012451172,170.6999969482422,1000.0,167.0,-0.4596148133277893,0.022957224398851395,6.0,0.9991438388824463,0.9991438388824463,0.9991438388824463,0.0213543139398098,9.839999984251335e-05,0.15373514592647552,3360000.0,-0.01381286233663559,-0.002265162765979767,0.06604352593421936,0.08858441561460495,-0.0022205188870429993,2.8447530269622803,10152.4130859375,36.892757415771484,20.04829978942871,56.94105911254883,351.24041748046875
25.486722946166992,171.3800048828125,1000.0,168.0,-0.4655933976173401,0.020055551081895828,6.0,1.0005186796188354,1.0005186796188354,1.0005186796188354,0.022183889523148537,9.719999798107892e-05,0.15278123319149017,3380000.0,-0.014872653409838676,-0.0010597910732030869,0.18725451827049255,0.08982843160629272,0.0012440159916877747,2.8206684589385986,10208.0263671875,35.53723907470703,20.05671501159668,55.59395217895508,359.7513732910156
25.541088104248047,163.82000732421875,1000.0,169.0,-0.4698221981525421,0.020304221659898758,6.0,1.0001039505004883,1.0001039505004883,1.0001039505004883,0.02357916161417961,9.600000339560211e-05,0.1521420031785965,3400000.0,-0.01381213404238224,0.0010605193674564362,0.16361640393733978,0.09482374787330627,0.00499531626701355,2.838625192642212,10261.94140625,34.51068115234375,19.384191513061523,53.894874572753906,371.0928039550781
26.401853561401367,162.3800048828125,1000.0,170.0,-0.47728922963142395,0.020085372030735016,6.0,1.0005638599395752,1.0005638599395752,1.0005638599395752,0.021354418247938156,9.480000153416768e-05,0.15102750062942505,3420000.0,-0.0148301487788558,-0.0010180147364735603,0.2813357412815094,0.07962633669376373,-0.015197411179542542,2.8773791790008545,10317.5341796875,36.31661605834961,19.25554847717285,55.572166442871094,359.89239501953125
26.316783905029297,155.5800018310547,1000.0,171.0,-0.4822787344455719,0.023849982768297195,7.0,0.998606264591217,0.998606264591217,0.998606264591217,0.02259211614727974,9.359999967273325e-05,0.15023958683013916,3440000.0,-0.016314290463924408,-0.0014841416850686073,-0.18331840634346008,0.07925061881542206,-0.0003757178783416748,2.8428704738616943,10375.359375,35.88929748535156,21.91571044921875,57.80500793457031,345.99078369140625
26.270776748657227,151.63999938964844,1000.0,172.0,-0.48896676301956177,0.020203514024615288,3.0,0.9987906217575073,0.9987906217575073,0.9987906217575073,0.019162669777870178,9.239999781129882e-05,0.14922143518924713,3460000.0,-0.005345213692635298,0.01096907677128911,0.3558376729488373,0.08907172083854675,0.009821102023124695,2.7934517860412598,10422.0966796875,37.43688201904297,9.281018257141113,46.717899322509766,428.1014404296875
24.960844039916992,161.39999389648438,1000.0,173.0,-0.4965738356113434,0.02168326824903488,7.0,1.0024162530899048,1.0024162530899048,1.0024162530899048,0.021695490926504135,9.1200003225822e-05,0.1480727195739746,3480000.0,-0.016994809731841087,-0.01164959603920579,-0.2435264140367508,0.07099258899688721,-0.018079131841659546,2.7854833602905273,10481.17578125,35.932594299316406,23.128572463989258,59.06116485595703,338.6319885253906
24.144887924194336,160.1199951171875,1000.0,174.0,-0.5068039298057556,0.023144828155636787,7.0,1.0011144876480103,1.0011144876480103,1.0011144876480103,0.022554468363523483,9.000000136438757e-05,0.1465442180633545,3500000.0,-0.01627400331199169,0.0007208064198493958,0.11638882756233215,0.08456191420555115,0.01356932520866394,2.725262403488159,10538.5185546875,32.79165267944336,24.531179428100586,57.32283401489258,348.901123046875
24.466886520385742,168.5800018310547,1000.0,175.0,-0.5156262516975403,0.02022300660610199,4.0,1.0004794597625732,1.0004794597625732,1.0004794597625732,0.02034737914800644,8.879999950295314e-05,0.14524905383586884,3520000.0,-0.008651047013700008,0.007622956298291683,0.20286120474338531,0.09374907612800598,0.009187161922454834,2.7582321166992188,10584.6796875,32.30964279174805,13.831357955932617,46.1410026550293,433.4539489746094
24.90731430053711,159.05999755859375,1000.0,176.0,-0.5189603567123413,0.0201336070895195,5.0,0.9997683167457581,0.9997683167457581,0.9997683167457581,0.020535511896014214,8.759999764151871e-05,0.14478470385074615,3540000.0,-0.013017762452363968,-0.0043667154386639595,0.021699272096157074,0.08415298908948898,-0.009596087038516998,2.8694796562194824,10635.70703125,35.520477294921875,15.484601020812988,51.00507736206055,392.1178283691406
25.700239181518555,156.02000427246094,1000.0,177.0,-0.5256147384643555,0.020725440233945847,7.0,0.9997521638870239,0.9997521638870239,0.9997521638870239,0.021539626643061638,8.64000030560419e-05,0.14386709034442902,3560000.0,-0.01624232530593872,-0.003224562853574753,-0.23432515561580658,0.10919243842363358,0.025039449334144592,2.845918893814087,10694.658203125,36.69414520263672,22.237260818481445,58.9314079284668,339.37762451171875
26.694232940673828,133.63999938964844,1000.0,178.0,-0.537439227104187,0.02216186746954918,7.0,1.0003440380096436,1.0003440380096436,1.0003440380096436,0.021051475778222084,8.520000119460747e-05,0.14218799769878387,3580000.0,-0.015182286500930786,0.0010600388050079346,-0.2841092646121979,0.07395436614751816,-0.03523807227611542,2.930893659591675,10755.34765625,38.1765022277832,22.491743087768555,60.668243408203125,329.6617431640625
25.398508071899414,148.02000427246094,1000.0,179.0,-0.5445446372032166,0.020568249747157097,5.0,1.0010080337524414,1.0010080337524414,1.0010080337524414,0.019908322021365166,8.399999933317304e-05,0.1412137895822525,3600000.0,-0.010717027820646763,0.004465258680284023,0.037737321108579636,0.08334828168153763,0.00939391553401947,2.7844815254211426,10806.755859375,34.685543060302734,16.7023983001709,51.38894271850586,389.18878173828125
26.297197341918945,147.67999267578125,1000.0,180.0,-0.5529465675354004,0.020946139469742775,7.0,0.9989692568778992,0.9989692568778992,0.9989692568778992,0.02140069007873535,8.27999974717386e-05,0.14000634849071503,3620000.0,-0.015882378444075584,-0.0051653506234288216,0.38798511028289795,0.091463603079319,0.008115321397781372,2.8976223468780518,10864.9248046875,35.22728729248047,22.913429260253906,58.140716552734375,343.9930114746094
25.756704330444336,158.83999633789062,1000.0,181.0,-0.5613970756530762,0.020907100290060043,5.0,0.9985110759735107,0.9985110759735107,0.9985110759735107,0.02075101248919964,8.160000288626179e-05,0.1388082355260849,3640000.0,-0.011420587077736855,0.00446179136633873,0.2180805653333664,0.10131228715181351,0.009848684072494507,2.8564181327819824,10916.837890625,35.86444091796875,16.027048110961914,51.89248275756836,385.4122619628906
26.572921752929688,159.33999633789062,1000.0,182.0,-0.5656670331954956,0.021254846826195717,7.0,0.9975820779800415,0.9975820779800415,0.9975820779800415,0.021268215030431747,8.040000102482736e-05,0.1381920427083969,3660000.0,-0.01610562764108181,-0.0046850405633449554,0.10146322846412659,0.08218429982662201,-0.019127987325191498,2.942133665084839,10975.451171875,36.32304382324219,22.27179527282715,58.5948371887207,341.3269958496094
25.840063095092773,159.82000732421875,1000.0,183.0,-0.5711540579795837,0.02263941429555416,6.0,1.0001834630966187,1.0001834630966187,1.0001834630966187,0.021020593121647835,7.919999916339293e-05,0.13744089007377625,3680000.0,-0.014041343703866005,0.002064283937215805,-0.05121017247438431,0.07789860665798187,-0.004285693168640137,2.9220921993255615,11029.83203125,35.68942642211914,18.671236038208008,54.36066436767578,367.9130859375
26.2525634765625,167.47999572753906,1000.0,184.0,-0.5760384798049927,0.02112700790166855,6.0,0.9982399344444275,0.9982399344444275,0.9982399344444275,0.02146633341908455,7.79999973019585e-05,0.1367800235748291,3700000.0,-0.014238636940717697,-0.0001972932368516922,-0.3407052755355835,0.08306590467691422,0.0051672980189323425,2.949575901031494,11085.5478515625,36.2841682434082,19.411287307739258,55.69648742675781,359.08905029296875
27.153230667114258,170.52000427246094,1000.0,185.0,-0.5823301076889038,0.02185843139886856,7.0,0.998013436794281,0.998013436794281,0.998013436794281,0.021555239334702492,7.680000271648169e-05,0.1359318047761917,3720000.0,-0.016492566093802452,-0.002253929153084755,0.06063542142510414,0.10655295103788376,0.023487046360969543,2.96307110786438,11143.90234375,35.060123443603516,23.27548599243164,58.335609436035156,342.8437805175781
27.58600616455078,168.9199981689453,1000.0,186.0,-0.5907829403877258,0.02257246896624565,7.0,0.9999129772186279,0.9999129772186279,0.9999129772186279,0.0215299092233181,7.560000085504726e-05,0.13477738201618195,3740000.0,-0.017310095950961113,-0.0008175298571586609,-0.3211694359779358,0.08914516121149063,-0.017407789826393127,2.959102153778076,11199.318359375,33.82789611816406,21.566986083984375,55.39488220214844,361.044189453125
27.143543243408203,162.1999969482422,1000.0,187.0,-0.6000959277153015,0.02375054359436035,8.0,0.9996225833892822,0.9996225833892822,0.9996225833892822,0.021367724984884262,7.439999899361283e-05,0.1334972232580185,3760000.0,-0.019076261669397354,-0.0017661657184362411,-0.07806850969791412,0.09039666503667831,0.001251503825187683,2.934985637664795,11260.37890625,36.26349639892578,24.77727508544922,61.040771484375,327.6498718261719
25.729494094848633,167.1199951171875,1000.0,188.0,-0.6091845631599426,0.022498328238725662,8.0,1.001278042793274,1.001278042793274,1.001278042793274,0.021608928218483925,7.31999971321784e-05,0.13232050836086273,3780000.0,-0.019099382683634758,-2.312101423740387e-05,0.0047180987894535065,0.07734999060630798,-0.01304667443037033,2.9375996589660645,11322.3173828125,35.960628509521484,25.956588745117188,61.91721725463867,323.0119323730469
25.091106414794922,172.86000061035156,1000.0,189.0,-0.6166428327560425,0.020328594371676445,7.0,1.0003187656402588,1.0003187656402588,1.0003187656402588,0.020956892520189285,7.200000254670158e-05,0.1313721090555191,3800000.0,-0.016400214284658432,0.002699168398976326,0.16736623644828796,0.08852717280387878,0.0111771821975708,2.9541049003601074,11378.3779296875,32.0589485168457,23.982566833496094,56.0415153503418,356.8782958984375
25.324064254760742,160.44000244140625,1000.0,190.0,-0.6226709485054016,0.020427431911230087,7.0,1.0017788410186768,1.0017788410186768,1.0017788410186768,0.021312929689884186,7.080000068526715e-05,0.13053357601165771,3820000.0,-0.01863555796444416,-0.0022353436797857285,0.2392304390668869,0.07976353913545609,-0.008763633668422699,2.9460208415985107,11435.0185546875,34.68382263183594,21.936569213867188,56.620391845703125,353.2296447753906
26.643407821655273,138.17999267578125,1000.0,191.0,-0.6307631731033325,0.02369694784283638,8.0,0.9991292953491211,0.9991292953491211,0.9991292953491211,0.021578215062618256,6.959999882383272e-05,0.12944062054157257,3840000.0,-0.018147967755794525,0.0004875902086496353,0.04298768192529678,0.09761805087327957,0.017854511737823486,3.031341075897217,11496.0556640625,35.6844596862793,25.33094024658203,61.01639938354492,327.7807312011719
28.2452335357666,120.5,1000.0,192.0,-0.6400225162506104,0.020400043576955795,7.0,0.9975928068161011,0.9975928068161011,0.9975928068161011,0.0216972678899765,6.839999696239829e-05,0.12824101746082306,3860000.0,-0.01763819344341755,0.000509774312376976,-0.22154337167739868,0.08362560719251633,-0.013992443680763245,3.078590154647827,11551.98046875,34.556251525878906,21.34829330444336,55.904544830322266,357.752685546875
27.850313186645508,131.75999450683594,1000.0,193.0,-0.6496084928512573,0.020077848806977272,7.0,1.0006623268127441,1.0006623268127441,1.0006623268127441,0.021415870636701584,6.720000237692147e-05,0.12705163657665253,3880000.0,-0.01758471131324768,5.348213016986847e-05,0.2691382169723511,0.07620310038328171,-0.007422506809234619,2.925771474838257,11609.96875,35.86363983154297,22.104961395263672,57.9695930480957,345.0084533691406
26.743192672729492,135.5,1000.0,194.0,-0.6547439098358154,0.02009669877588749,5.0,0.9994096755981445,0.9994096755981445,0.9994096755981445,0.020099319517612457,6.600000051548705e-05,0.1264362335205078,3900000.0,-0.011920254677534103,0.005664456635713577,0.13599476218223572,0.10188688337802887,0.025683782994747162,2.8161251544952393,11658.15234375,31.08163833618164,17.0837345123291,48.165374755859375,415.2360534667969
27.184694290161133,134.5800018310547,1000.0,195.0,-0.6593246459960938,0.020548369735479355,9.0,0.9986960887908936,0.9986960887908936,0.9986960887908936,0.021579014137387276,6.479999865405262e-05,0.12581025063991547,3920000.0,-0.020742328837513924,-0.00882207415997982,0.0005792351439595222,0.09068837016820908,-0.011198513209819794,3.052962303161621,11720.9111328125,34.62061309814453,28.116823196411133,62.73743438720703,318.7889404296875
26.502185821533203,140.5800018310547,1000.0,196.0,-0.6708763837814331,0.021329045295715332,9.0,1.00115168094635,1.00115168094635,1.00115168094635,0.020613713189959526,6.359999679261819e-05,0.12435512989759445,3940000.0,-0.017546849325299263,0.0031954795122146606,-0.18048709630966187,0.0755876675248146,-0.01510070264339447,2.9265520572662354,11783.2099609375,34.48381805419922,27.79349708557129,62.27738571166992,321.14385986328125
28.63671875,131.47999572753906,1000.0,197.0,-0.679974377155304,0.021099084988236427,8.0,0.9994316697120667,0.9994316697120667,0.9994316697120667,0.02085050567984581,6.240000220714137e-05,0.1232241690158844,3960000.0,-0.01936550810933113,-0.001818658784031868,0.21747423708438873,0.08143562078475952,0.005847953259944916,3.073488712310791,11841.994140625,34.439292907714844,24.324445724487305,58.763736724853516,340.345947265625
26.17789077758789,147.25999450683594,1000.0,198.0,-0.6885326504707336,0.02024202048778534,8.0,0.9993487000465393,0.9993487000465393,0.9993487000465393,0.020867887884378433,6.120000034570694e-05,0.12213204056024551,3980000.0,-0.01750139892101288,0.0018641091883182526,-0.2793097198009491,0.08134174346923828,-9.387731552124023e-05,2.911903142929077,11903.1484375,35.5426139831543,25.591249465942383,61.13386535644531,327.1509094238281
26.955673217773438,157.3800048828125,1000.0,199.0,-0.695661723613739,0.020477991551160812,7.0,1.0010014772415161,1.0010014772415161,1.0010014772415161,0.02135717310011387,5.999999848427251e-05,0.12126834690570831,4000000.0,-0.01714366115629673,0.0003577377647161484,-0.014607671648263931,0.0847519263625145,0.0034101828932762146,2.9140241146087646,11954.810546875,29.44679069519043,22.195274353027344,51.642066955566406,387.28118896484375
25.96253204345703,164.4199981689453,1000.0,200.0,-0.7010700106620789,0.020878363400697708,9.0,0.9979393482208252,0.9979393482208252,0.9979393482208252,0.02079281583428383,5.880000026081689e-05,0.12068355828523636,4020000.0,-0.020924445241689682,-0.003780784085392952,0.004618464969098568,0.0831846371293068,-0.0015672892332077026,2.908790111541748,12019.5537109375,37.252288818359375,27.47235107421875,64.72463989257812,309.0013427734375
26.2885684967041,166.82000732421875,1000.0,201.0,-0.7113833427429199,0.020325075834989548,9.0,1.0008716583251953,1.0008716583251953,1.0008716583251953,0.021345006301999092,5.759999839938246e-05,0.11948125064373016,4040000.0,-0.019101692363619804,0.0018227528780698776,0.09435820579528809,0.08509446680545807,0.0019098296761512756,2.857027769088745,12080.568359375,32.91901779174805,28.074851989746094,60.99386978149414,327.90179443359375
26.383647918701172,162.5,1000.0,202.0,-0.7222048044204712,0.020741429179906845,8.0,0.9985867142677307,0.9985867142677307,0.9985867142677307,0.021309824660420418,5.6400000175926834e-05,0.11815614253282547,4060000.0,-0.018251800909638405,0.0008498914539813995,0.011319272220134735,0.09756800532341003,0.012473538517951965,2.956271171569824,12138.8994140625,34.078636169433594,24.229429244995117,58.308067321777344,343.0057067871094
26.451581954956055,147.77999877929688,1000.0,203.0,-0.7316561341285706,0.022453485056757927,10.0,1.0014129877090454,1.0014129877090454,1.0014129877090454,0.02095150761306286,5.5199998314492404e-05,0.11706496775150299,4080000.0,-0.020420921966433525,-0.0021691210567951202,-0.1079988181591034,0.08195129781961441,-0.015616707503795624,2.976531982421875,12201.7353515625,31.79392433166504,31.022363662719727,62.816287994384766,318.3887634277344
26.97309112548828,166.55999755859375,1000.0,204.0,-0.7439991235733032,0.021269306540489197,9.0,0.9997875094413757,0.9997875094413757,0.9997875094413757,0.02058962546288967,5.400000009103678e-05,0.11566288024187088,4100000.0,-0.020937591791152954,-0.000516669824719429,0.40003785490989685,0.0884629562497139,0.006511658430099487,2.9526243209838867,12263.849609375,34.48146057128906,27.611595153808594,62.093055725097656,322.0971984863281
27.095895767211914,166.39999389648438,1000.0,205.0,-0.7559855580329895,0.02013133466243744,10.0,0.9996324777603149,0.9996324777603149,0.9996324777603149,0.021272245794534683,5.279999822960235e-05,0.11428621411323547,4120000.0,-0.02106577716767788,-0.00012818537652492523,0.11207195371389389,0.09245403856039047,0.003991082310676575,2.9557905197143555,12330.4423828125,35.00902557373047,31.56241798400879,66.57144165039062,300.4291076660156
26.48846435546875,184.27999877929688,1000.0,206.0,-0.7643350958824158,0.020927706733345985,10.0,0.9981459975242615,0.9981459975242615,0.9981459975242615,0.02135174535214901,5.160000000614673e-05,0.113327257335186,4140000.0,-0.02310495637357235,-0.00203917920589447,-0.06200020760297775,0.07599495351314545,-0.016459085047245026,2.8730080127716064,12394.041015625,32.207393646240234,31.370759963989258,63.578155517578125,314.5734558105469
25.47309112548828,172.36000061035156,1000.0,207.0,-0.7729999423027039,0.020168017596006393,9.0,0.9994124174118042,0.9994124174118042,0.9994124174118042,0.01993722841143608,5.0400001782691106e-05,0.11232465505599976,4160000.0,-0.018661905080080032,0.004443051293492317,-0.05517130345106125,0.08657807856798172,0.010583125054836273,2.871260166168213,12455.5556640625,34.27854919433594,27.214336395263672,61.49288558959961,325.2408752441406
25.051713943481445,176.0,1000.0,208.0,-0.7859432697296143,0.020581696182489395,10.0,0.9999650716781616,0.9999650716781616,0.9999650716781616,0.0204324834048748,4.9199999921256676e-05,0.11089512705802917,4180000.0,-0.02260846458375454,-0.003946559503674507,-0.05610109493136406,0.07958152890205383,-0.006996549665927887,2.8585827350616455,12518.5439453125,30.91364097595215,32.05406951904297,62.967708587646484,317.62310791015625
24.789770126342773,169.39999389648438,1000.0,209.0,-0.7979491949081421,0.022188449278473854,12.0,0.9999990463256836,0.9999990463256836,0.9999990463256836,0.020948389545083046,4.8000001697801054e-05,0.10958095639944077,4200000.0,-0.02129186876118183,0.0013165958225727081,-0.054916877299547195,0.07831312716007233,-0.0012684017419815063,2.8716745376586914,12587.9765625,33.74468994140625,35.66633224487305,69.41101837158203,288.138671875
24.63473892211914,152.24000549316406,1000.0,210.0,-0.8054729700088501,0.020011993125081062,9.0,0.9979695677757263,0.9979695677757263,0.9979695677757263,0.02102275937795639,4.6799999836366624e-05,0.10873003304004669,4220000.0,-0.020138388499617577,0.0011534802615642548,-0.1022023856639862,0.07927664369344711,0.0009635165333747864,2.8386247158050537,12649.1591796875,34.42469024658203,26.736143112182617,61.160831451416016,327.00665283203125
23.964941024780273,151.0800018310547,1000.0,211.0,-0.8151832818984985,0.02160538174211979,12.0,1.0008941888809204,1.0008941888809204,1.0008941888809204,0.020906032994389534,4.5600001612911e-05,0.10764311999082565,4240000.0,-0.021868916228413582,-0.0017305277287960052,0.0031120143830776215,0.08286499977111816,0.003588356077671051,2.8555495738983154,12720.0361328125,34.99140930175781,35.86461639404297,70.85602569580078,282.26251220703125
25.946449279785156,144.36000061035156,1000.0,212.0,-0.8247062563896179,0.020525699481368065,11.0,0.9983236789703369,0.9983236789703369,0.9983236789703369,0.02042735554277897,4.439999975147657e-05,0.10657855868339539,4260000.0,-0.022388091310858727,-0.0005191750824451447,0.28378763794898987,0.0949520617723465,0.012087062001228333,2.934169054031372,12786.2353515625,32.9631462097168,33.215450286865234,66.17859649658203,302.2124938964844
26.703584671020508,148.13999938964844,1000.0,213.0,-0.8347550630569458,0.02148371934890747,12.0,1.000553011894226,1.000553011894226,1.000553011894226,0.020472601056098938,4.320000152802095e-05,0.1054704412817955,4280000.0,-0.023685496300458908,-0.0012974049896001816,0.08742204308509827,0.07840435206890106,-0.016547709703445435,2.918779134750366,12858.5283203125,36.3817138671875,35.889503479003906,72.2712173461914,276.7353515625
27.159448623657227,143.63999938964844,1000.0,214.0,-0.8475031852722168,0.020737256854772568,12.0,0.99956214427948,0.99956214427948,0.99956214427948,0.020916007459163666,4.199999966658652e-05,0.10412982851266861,4300000.0,-0.02327476441860199,0.00041073188185691833,0.04512602835893631,0.07721491158008575,-0.0011894404888153076,2.937344789505005,12926.7275390625,31.34361457824707,36.833648681640625,68.17726135253906,293.3529357910156
25.996355056762695,156.72000122070312,1000.0,215.0,-0.8560276031494141,0.02068149670958519,11.0,0.9987354278564453,0.9987354278564453,0.9987354278564453,0.019896669313311577,4.0800001443130895e-05,0.10326605290174484,4320000.0,-0.02243766188621521,0.0008371025323867798,0.07330663502216339,0.08082827180624008,0.0036133602261543274,2.924705743789673,12993.5791015625,32.835391998291016,33.9873046875,66.82270050048828,299.29949951171875
24.982786178588867,167.44000244140625,1000.0,216.0,-0.8636061549186707,0.02140154130756855,13.0,0.9997844099998474,0.9997844099998474,0.9997844099998474,0.020265476778149605,3.9599999581696466e-05,0.1025148257613182,4340000.0,-0.023892754688858986,-0.001455092802643776,-0.2287256419658661,0.072811059653759,-0.008017212152481079,2.8818747997283936,13063.55078125,30.82388687133789,39.125919342041016,69.9498062133789,285.9193115234375
25.667335510253906,166.74000549316406,1000.0,217.0,-0.8729482293128967,0.02048681676387787,12.0,0.9983956217765808,0.9983956217765808,0.9983956217765808,0.020216042175889015,3.840000135824084e-05,0.10158005356788635,4360000.0,-0.023488614708185196,0.00040413998067379,0.19259212911128998,0.08580466359853745,0.012993603944778442,2.875821352005005,13134.16796875,34.626678466796875,35.9703254699707,70.59700012207031,283.29815673828125
25.778146743774414,163.4600067138672,1000.0,218.0,-0.8801767230033875,0.021900374442338943,12.0,0.9992141723632812,0.9992141723632812,0.9992141723632812,0.0199479591101408,3.719999949680641e-05,0.1008303239941597,4380000.0,-0.024301251396536827,-0.0008126366883516312,-0.015910707414150238,0.08294565975666046,-0.0028590038418769836,2.885298013687134,13201.017578125,30.607173919677734,36.22129821777344,66.82847595214844,299.27362060546875
25.492063522338867,167.05999755859375,1000.0,219.0,-0.8886669874191284,0.021132849156856537,12.0,0.9996044039726257,0.9996044039726257,0.9996044039726257,0.020102687180042267,3.600000127335079e-05,0.0999438613653183,4400000.0,-0.023614773526787758,0.0006864778697490692,0.04350592568516731,0.07520007342100143,-0.007745586335659027,2.8469293117523193,13272.2890625,34.869598388671875,36.37991714477539,71.24951934814453,280.7036437988281
25.364948272705078,177.44000244140625,1000.0,220.0,-0.8980917930603027,0.02021142467856407,14.0,0.9981754422187805,0.9981754422187805,0.9981754422187805,0.019784441217780113,3.479999941191636e-05,0.09900777041912079,4420000.0,-0.02356862649321556,4.614703357219696e-05,0.10272978246212006,0.06518469005823135,-0.01001538336277008,2.846161127090454,13347.0556640625,32.58771896362305,42.15657043457031,74.74529266357422,267.57537841796875
25.001693725585938,189.24000549316406,1000.0,221.0,-0.9060875773429871,0.020265091210603714,13.0,0.9994053840637207,0.9994053840637207,0.9994053840637207,0.019838422536849976,3.360000118846074e-05,0.09822390973567963,4440000.0,-0.022737421095371246,0.0008312053978443146,0.01898333430290222,0.07795582711696625,0.012771137058734894,2.8077688217163086,13417.48046875,31.245378494262695,39.15753173828125,70.40291595458984,284.07916259765625
25.984277725219727,184.22000122070312,1000.0,222.0,-0.9167834520339966,0.0202325526624918,14.0,0.9989920258522034,0.9989920258522034,0.9989920258522034,0.019641360267996788,3.239999932702631e-05,0.09717254340648651,4460000.0,-0.02460266649723053,-0.0018652454018592834,-0.06002211570739746,0.0873689129948616,0.009413085877895355,2.8400282859802246,13493.34765625,34.912391662597656,40.93385696411133,75.84624481201172,263.69134521484375
26.610193252563477,179.1199951171875,1000.0,223.0,-0.928375244140625,0.020092718303203583,13.0,0.9979245662689209,0.9979245662689209,0.9979245662689209,0.020410729572176933,3.1200001103570685e-05,0.09603995084762573,4480000.0,-0.024829905480146408,-0.0002272389829158783,0.05373210459947586,0.08203163743019104,-0.005337275564670563,2.8330016136169434,13566.6884765625,34.119544982910156,39.19906997680664,73.31861114501953,272.78204345703125
27.485057830810547,170.86000061035156,1000.0,224.0,-0.938724160194397,0.021571863442659378,15.0,0.9991047382354736,0.9991047382354736,0.9991047382354736,0.020123915746808052,2.9999999242136255e-05,0.09503568708896637,4500000.0,-0.02528618462383747,-0.00045627914369106293,0.28726252913475037,0.08507172018289566,0.0030400827527046204,2.8981564044952393,13645.7392578125,34.793556213378906,44.236839294433594,79.0303955078125,253.0671844482422
28.351015090942383,155.24000549316406,1000.0,225.0,-0.9505798816680908,0.020521966740489006,15.0,0.9973829388618469,0.9973829388618469,0.9973829388618469,0.02003098651766777,2.879999919969123e-05,0.09389863908290863,4520000.0,-0.025172384455800056,0.00011380016803741455,-0.1588207483291626,0.08321559429168701,-0.0018561258912086487,2.9020426273345947,13724.837890625,34.297420501708984,44.779541015625,79.07696533203125,252.9181671142578
27.101587295532227,154.39999389648438,1000.0,226.0,-0.9650965929031372,0.020190438255667686,15.0,1.0008553266525269,1.0008553266525269,1.0008553266525269,0.019349973648786545,2.7599999157246202e-05,0.09253227710723877,4540000.0,-0.02460278570652008,0.0005695987492799759,-0.12176860868930817,0.07523928582668304,-0.007976308465003967,2.8584346771240234,13800.65625,31.272829055786133,44.52273178100586,75.79556274414062,263.8677062988281
26.85726547241211,148.33999633789062,1000.0,227.0,-0.9766116142272949,0.021255450323224068,16.0,0.999281108379364,0.999281108379364,0.999281108379364,0.019611451774835587,2.6399999114801176e-05,0.0914904773235321,4560000.0,-0.026381757110357285,-0.001778971403837204,0.16509532928466797,0.08194664120674133,0.006707355380058289,2.8599870204925537,13880.638671875,33.04696273803711,46.91242599487305,79.95938873291016,250.12696838378906
27.219091415405273,142.9199981689453,1000.0,228.0,-0.984104573726654,0.020506195724010468,18.0,0.9997690320014954,0.9997690320014954,0.9997690320014954,0.019831782206892967,2.5200000891345553e-05,0.09080681204795837,4580000.0,-0.027756350114941597,-0.0013745930045843124,0.20632699131965637,0.0713464617729187,-0.010600179433822632,2.985001802444458,13966.4541015625,32.0892219543457,53.70322036743164,85.79244232177734,233.12075805664062
28.529462814331055,120.5999984741211,1000.0,229.0,-0.9935463666915894,0.020430974662303925,18.0,0.9974245429039001,0.9974245429039001,0.9974245429039001,0.020261798053979874,2.4000000848900527e-05,0.08994439989328384,4600000.0,-0.027436984702944756,0.00031936541199684143,-0.20473530888557434,0.0830186977982521,0.011672236025333405,2.9971821308135986,14048.099609375,28.770816802978516,52.8516845703125,81.62249755859375,245.0304718017578
28.169233322143555,127.66000366210938,1000.0,230.0,-1.0024062395095825,0.02026279829442501,21.0,0.9998757839202881,0.9998757839202881,0.9998757839202881,0.019773297011852264,2.28000008064555e-05,0.08914410322904587,4620000.0,-0.02828466147184372,-0.0008476767688989639,-0.08717139065265656,0.07234860211610794,-0.010670095682144165,2.9199070930480957,14144.0771484375,33.19662857055664,62.7581901550293,95.95481872558594,208.43142700195312
28.864946365356445,124.77999877929688,1000.0,231.0,-1.0171809196472168,0.020825600251555443,20.0,0.9964866638183594,0.9964866638183594,0.9964866638183594,0.019371528178453445,2.1600000764010474e-05,0.08784125000238419,4640000.0,-0.02850482612848282,-0.00022016465663909912,0.024082234129309654,0.08045130968093872,0.00810270756483078,2.962830066680908,14232.1708984375,30.09682273864746,57.972965240478516,88.06978607177734,227.09263610839844
27.351320266723633,150.13999938964844,1000.0,232.0,-1.0332006216049194,0.02023083157837391,20.0,0.9989576935768127,0.9989576935768127,0.9989576935768127,0.01942678540945053,2.0400000721565448e-05,0.08644112944602966,4660000.0,-0.028224874287843704,0.0002799518406391144,0.15891912579536438,0.062346067279577255,-0.018105242401361465,2.9823877811431885,14324.56640625,33.292205810546875,59.07884216308594,92.37104797363281,216.51806640625
27.335630416870117,155.05999755859375,1000.0,233.0,-1.0463364124298096,0.02058357745409012,23.0,0.99839186668396,0.99839186668396,0.99839186668396,0.020410940051078796,1.920000067912042e-05,0.08532948791980743,4680000.0,-0.029861148446798325,-0.0016362741589546204,-0.0718865841627121,0.06961023807525635,0.007264170795679092,2.892320156097412,14423.2978515625,30.842687606811523,67.86502075195312,98.70771026611328,202.61842346191406
25.960071563720703,170.8800048828125,1000.0,234.0,-1.0563108921051025,0.020335903391242027,25.0,1.000041127204895,1.000041127204895,1.000041127204895,0.019777102395892143,1.8000000636675395e-05,0.08449655771255493,4700000.0,-0.030139682814478874,-0.0002785343676805496,-0.24327334761619568,0.06272666901350021,-0.006883569061756134,2.8881547451019287,14530.5771484375,33.75136947631836,73.50127410888672,107.2536392211914,186.47384643554688
25.41596031188965,174.63999938964844,1000.0,235.0,-1.0661284923553467,0.021196089684963226,27.0,1.003239631652832,1.003239631652832,1.003239631652832,0.01973368600010872,1.680000059423037e-05,0.08366870880126953,4720000.0,-0.03103804960846901,-0.0008983667939901352,0.013116823509335518,0.0652608722448349,0.0025342032313346863,2.879783868789673,14642.4697265625,31.78116226196289,80.08405303955078,111.8652114868164,178.78659057617188
24.916215896606445,170.94000244140625,1000.0,236.0,-1.0793386697769165,0.02052539587020874,29.0,0.99888014793396,0.99888014793396,0.99888014793396,0.019497821107506752,1.5600000551785342e-05,0.08258113265037537,4740000.0,-0.031043164432048798,-5.114823579788208e-06,-0.1612551361322403,0.07833338528871536,0.013072513043880463,2.8413426876068115,14761.6123046875,32.17960739135742,86.93607330322266,119.11568450927734,167.9040069580078
25.32538414001465,163.8000030517578,1000.0,237.0,-1.0941197872161865,0.020139547064900398,29.0,0.9976380467414856,0.9976380467414856,0.9976380467414856,0.019456787034869194,1.4399999599845614e-05,0.08134956657886505,4760000.0,-0.031104112043976784,-6.0947611927986145e-05,-0.0073695313185453415,0.0730031207203865,-0.005330264568328857,2.926595449447632,14877.6611328125,28.759889602661133,87.2618637084961,116.0217514038086,172.3814697265625
26.50174331665039,156.52000427246094,1000.0,238.0,-1.1109896898269653,0.020857611671090126,29.0,0.9985219836235046,0.9985219836235046,0.9985219836235046,0.019389797002077103,1.3199999557400588e-05,0.07998044043779373,4780000.0,-0.03059314377605915,0.0005109682679176331,0.18837541341781616,0.06941715627908707,-0.0035859644412994385,2.9006099700927734,14996.0126953125,29.684818267822266,88.64038848876953,118.32521057128906,169.02569580078125
27.332334518432617,154.63999938964844,1000.0,239.0,-1.1260560750961304,0.020216697826981544,36.0,0.9979612231254578,0.9979612231254578,0.9979612231254578,0.01899668388068676,1.2000000424450263e-05,0.07878970354795456,4800000.0,-0.031208522617816925,-0.0006153788417577744,-0.2313310205936432,0.0710923969745636,0.001675240695476532,2.961639165878296,15134.431640625,28.37216567993164,110.01976776123047,138.39193725585938,144.51708984375
26.803874969482422,151.89999389648438,1000.0,240.0,-1.1389473676681519,0.020170394331216812,38.0,0.9992941617965698,0.9992941617965698,0.9992941617965698,0.01907801628112793,1.0800000382005237e-05,0.07779005914926529,4820000.0,-0.03259451687335968,-0.0013859942555427551,0.09489038586616516,0.06793636828660965,-0.003156028687953949,2.9067025184631348,15274.7568359375,28.592002868652344,111.7035903930664,140.29559326171875,142.55615234375
26.988243103027344,149.8800048828125,1000.0,241.0,-1.1517448425292969,0.01850944757461548,40.0,0.9991688132286072,0.9991688132286072,0.9991688132286072,0.018526362255215645,9.60000033956021e-06,0.07680479437112808,4840000.0,-0.03121737577021122,0.0013771411031484604,-0.07549392431974411,0.06446198374032974,-0.0034743845462799072,3.017228841781616,15425.798828125,30.841915130615234,120.170166015625,151.0120849609375,132.43972778320312
26.135072708129883,158.6999969482422,1000.0,242.0,-1.1639610528945923,0.017750566825270653,40.0,1.0006003379821777,1.0006003379821777,1.0006003379821777,0.017928974702954292,8.400000297115184e-06,0.07586564123630524,4860000.0,-0.030596880242228508,0.0006204955279827118,-0.06929996609687805,0.06881243735551834,0.004350453615188599,2.934260368347168,15574.892578125,28.67192840576172,120.39041137695312,149.0623321533203,134.17205810546875
26.92095947265625,149.5,1000.0,243.0,-1.1747691631317139,0.017193561419844627,40.0,0.9988837242126465,0.9988837242126465,0.9988837242126465,0.01761566661298275,7.199999799922807e-06,0.07503905147314072,4880000.0,-0.03202659264206886,-0.001429712399840355,0.031324759125709534,0.0687909796833992,-2.1457672119140625e-05,3.0518901348114014,15725.4794921875,30.86847496032715,119.68671417236328,150.55519104003906,132.84164428710938
26.58783721923828,154.33999633789062,1000.0,244.0,-1.1854948997497559,0.014869223348796368,40.0,0.9973834753036499,0.9973834753036499,0.9973834753036499,0.016625545918941498,6.000000212225132e-06,0.07424036413431168,4900000.0,-0.028479300439357758,0.0035472922027111053,0.2649727165699005,0.06986822932958603,0.0010772496461868286,3.0372679233551025,15877.130859375,30.787906646728516,120.83256530761719,151.62046813964844,131.90830993652344
27.825366973876953,137.60000610351562,1000.0,245.0,-1.1934866905212402,0.0131889209151268,40.0,0.9972816109657288,0.9972816109657288,0.9972816109657288,0.015806501731276512,4.800000169780105e-06,0.0736444815993309,4920000.0,-0.026433587074279785,0.0020457133650779724,-0.08938615769147873,0.06944914162158966,-0.0004190877079963684,3.0751709938049316,16029.453125,30.559816360473633,121.72885131835938,152.28866577148438,131.3295440673828
27.26236343383789,141.1199951171875,1000.0,246.0,-1.1998919248580933,0.011536376550793648,40.0,1.0001636743545532,1.0001636743545532,1.0001636743545532,0.014786910265684128,3.5999998999614036e-06,0.07316762208938599,4940000.0,-0.024322669953107834,0.0021109171211719513,-0.04195215180516243,0.0701855719089508,0.000736430287361145,2.9702308177948,16183.4560546875,31.5045223236084,122.46656799316406,153.97108459472656,129.89451599121094
27.86896514892578,142.3000030517578,1000.0,247.0,-1.206540584564209,0.01009028684347868,40.0,0.999977171421051,0.999977171421051,0.999977171421051,0.0140927042812109,2.4000000848900527e-06,0.07268127053976059,4960000.0,-0.023536624386906624,0.00078604556620121,0.10355764627456665,0.07102389633655548,0.0008383244276046753,3.012645959854126,16335.296875,29.665117263793945,122.14287567138672,151.80899047851562,131.74449157714844
26.687175750732422,164.4199981689453,1000.0,248.0,-1.2101513147354126,0.00785009190440178,40.0,0.999640166759491,0.999640166759491,0.999640166759491,0.012690633535385132,1.2000000424450263e-06,0.07242153584957123,4980000.0,-0.018966201692819595,0.0045704226940870285,0.16445238888263702,0.06624920666217804,-0.004774689674377441,3.0050833225250244,16490.080078125,32.537078857421875,122.21581268310547,154.7528839111328,129.23829650878906
26.505373001098633,169.83999633789062,1000.0,249.0,-1.212134838104248,0.005341493524610996,40.0,0.9988604187965393,0.9988604187965393,0.9988604187965393,0.010579263791441917,0.0,0.07227715849876404,5000000.0,-0.013546203263103962,0.005419998429715633,-0.08674390614032745,0.06727436929941177,0.0010251626372337341,2.944851875305176,16642.7734375,30.238719940185547,122.41184997558594,152.65057373046875,131.0181884765625
