Metrics/EpRet,Metrics/EpCost,Metrics/EpLen,Train/Epoch,Train/Entropy,Train/KL,Train/StopIter,Train/PolicyRatio,Train/PolicyRatio/Min,Train/PolicyRatio/Max,Train/PolicyRatio/Std,Train/LR,Train/PolicyStd,TotalEnvSteps,Loss/Loss_pi,Loss/Loss_pi/Delta,Value/Adv,Loss/Loss_reward_critic,Loss/Loss_reward_critic/Delta,Value/reward,Loss/Loss_cost_critic,Loss/Loss_cost_critic/Delta,Value/cost,Time/Total,Time/Rollout,Time/Update,Time/Epoch,Time/FPS,Misc/Alpha,Misc/FinalStepNorm,Misc/gradient_norm,Misc/xHx,Misc/H_inv_g,Misc/AcceptanceStep,Misc/cost_gradient_norm,Misc/A,Misc/B,Misc/q,Misc/r,Misc/s,Misc/Lambda_star,Misc/Nu_star,Misc/OptimCase
-2.21704363822937,41.4375,1000.0,0.0,1.414408802986145,0.0001324821641901508,40.0,0.999825656414032,0.999825656414032,0.999825656414032,0.00012329357559792697,0.0,0.9955493807792664,20000.0,-0.009735353291034698,-0.009735353291034698,-1.516342251761671e-08,0.004268554504960775,0.004268554504960775,0.046521205455064774,0.6203987002372742,0.6203987002372742,-0.059008415788412094,122.22209167480469,21.224071502685547,100.99801635742188,122.22209167480469,163.63653564453125,1.050106167793274,0.32757455110549927,0.09889622032642365,0.01813691109418869,0.2451471984386444,1.0,0.15041592717170715,0.01812625303864479,-3179.850341796875,0.01813691109418869,-0.0009516357677057385,0.08496931195259094,0.0,0.4851588308811188,0.0
-2.6918880939483643,40.15625,1000.0,1.0,1.4090622663497925,0.00014510225446429104,40.0,0.9987618327140808,0.9987618327140808,0.9987618327140808,0.0008755024173296988,0.0,0.9902457594871521,40000.0,-0.008845370262861252,0.0008899830281734467,-6.675719976811934e-10,0.003058882663026452,-0.0012096718419343233,0.000658633594866842,0.3796446919441223,-0.24075400829315186,0.2916107773780823,242.57119750976562,21.163562774658203,99.15115356445312,120.3147201538086,166.23069763183594,0.761638343334198,0.31624460220336914,0.15255936980247498,0.034477218985557556,0.30018216371536255,1.0,0.16330261528491974,0.03442929685115814,-2359.047607421875,0.034477218985557556,0.0021601649932563305,0.09737402200698853,0.0,0.4532036781311035,0.0
-2.675320863723755,36.58333206176758,1000.0,2.0,1.4100452661514282,0.0001424354122718796,40.0,1.000149130821228,1.000149130821228,1.000149130821228,0.00010536718764342368,0.0,0.9912664294242859,60000.0,-0.005615132860839367,0.003230237402021885,4.615187521039843e-08,0.0029432885348796844,-0.00011559412814676762,-0.02288038097321987,0.35587409138679504,-0.02377060055732727,1.1486116647720337,365.8666076660156,21.943464279174805,101.31939697265625,123.26286315917969,162.2548828125,0.7364122867584229,0.3280438184738159,0.15910400450229645,0.03687974065542221,0.2983202040195465,1.0,0.1305861920118332,0.03640122711658478,-2404.2939453125,0.03687974065542221,0.005167554132640362,0.05580534040927887,0.0,0.598655641078949,0.0
-2.7079315185546875,35.099998474121094,1000.0,3.0,1.4059683084487915,0.0001608241000212729,40.0,0.9992153644561768,0.9992153644561768,0.9992153644561768,0.0005548211047425866,0.0,0.987237274646759,80000.0,-0.004770346917212009,0.0008447859436273575,1.8882751362525596e-08,0.004230710212141275,0.001287421677261591,-0.07684151828289032,0.32716840505599976,-0.028705686330795288,1.2801710367202759,486.3689270019531,21.608366012573242,98.86138916015625,120.46975708007812,166.0167694091797,0.8071039319038391,0.30347660183906555,0.13312506675720215,0.030702300369739532,0.30123311281204224,1.0,0.19726906716823578,0.026529427617788315,-902.1270751953125,0.030702300369739532,0.02172202058136463,0.1130746454000473,0.0,0.4205642640590668,0.0
-2.6024084091186523,29.600000381469727,1000.0,4.0,1.406905174255371,0.00013515021419152617,40.0,0.9998396039009094,0.9998396039009094,0.9998396039009094,0.00011337504110997543,0.0,0.9881436228752136,100000.0,-0.008883267641067505,-0.0041129207238554955,-3.859996766664153e-08,0.0036340411752462387,-0.0005966690368950367,-0.09178366512060165,0.24949680268764496,-0.0776716023683548,1.581511378288269,606.5631103515625,21.814754486083984,98.3453369140625,120.16008758544922,166.44461059570312,0.6853240728378296,0.32675859332084656,0.16444580256938934,0.0425831638276577,0.34488630294799805,1.0,0.11799751222133636,0.04238913953304291,-407.05255126953125,0.0425831638276577,-0.003175762016326189,0.05198090523481369,0.0,0.6202874779701233,0.0
-2.5970444679260254,30.1200008392334,1000.0,5.0,1.4229520559310913,0.00012808498286176473,40.0,1.0002217292785645,1.0002217292785645,1.0002217292785645,0.00015678627823945135,0.0,1.0041931867599487,120000.0,-0.008808773010969162,7.44946300983429e-05,-9.250641141989036e-09,0.00442115543410182,0.0007871142588555813,-0.08347269892692566,0.25857800245285034,0.009081199765205383,1.4267855882644653,731.1276245117188,22.208616256713867,102.32298278808594,124.5315933227539,160.601806640625,0.7577456831932068,0.33184635639190674,0.15933369100093842,0.034832362085580826,0.28442463278770447,1.0,0.11494908481836319,0.03456945717334747,-574.261474609375,0.034832362085580826,-0.0034642373211681843,0.04564730450510979,0.0,0.6619228720664978,0.0
-2.672067165374756,17.059999465942383,1000.0,6.0,1.4343563318252563,0.00021772232139483094,40.0,0.9998746514320374,0.9998746514320374,0.9998746514320374,8.862077811500058e-05,0.0,1.0157002210617065,140000.0,-0.02100684493780136,-0.012198071926832199,-9.53674295089968e-09,0.003940369468182325,-0.00048078596591949463,-0.11734712868928909,0.23435340821743011,-0.024224594235420227,2.1418912410736084,851.4299926757812,22.14365005493164,98.12559509277344,120.26924133300781,166.29356384277344,0.680621862411499,0.2227925807237625,0.16984030604362488,0.04317358136177063,0.3273368179798126,1.0,0.08570820838212967,0.04256748780608177,-2401.06787109375,0.04317358136177063,0.003989208489656448,0.02625625766813755,1.4692445993423462,0.0,3.0
-1.757949948310852,20.940000534057617,1000.0,7.0,1.4343743324279785,0.0002186416822951287,40.0,1.0002273321151733,1.0002273321151733,1.0002273321151733,0.00016077618056442589,0.0,1.0157259702682495,160000.0,-0.020840618759393692,0.00016622617840766907,-6.103515470812226e-09,0.004607985727488995,0.0006676162593066692,-0.08853699266910553,0.3872350752353668,0.1528816670179367,3.4772043228149414,972.3232421875,22.115697860717773,98.74483489990234,120.86052703857422,165.47999572753906,0.7242456674575806,0.2428165078163147,0.15267831087112427,0.038129232823848724,0.33526816964149475,1.0,0.11753208935260773,0.03805270418524742,-338.58636474609375,0.038129232823848724,0.0019301450811326504,0.04868069291114807,1.3807469606399536,0.0,3.0
-0.6345247030258179,18.040000915527344,1000.0,8.0,1.4334837198257446,0.00022028137755114585,40.0,0.9996655583381653,0.9996655583381653,0.9996655583381653,0.00023647191119380295,0.0,1.0148228406906128,180000.0,-0.017645740881562233,0.003194877877831459,-3.027916051223656e-08,0.006543080788105726,0.0019350950606167316,-0.06937167048454285,0.3358645737171173,-0.05137050151824951,3.5753839015960693,1093.8419189453125,22.321313858032227,99.16392517089844,121.48523712158203,164.62905883789062,0.892369270324707,0.2450093775987625,0.12184007465839386,0.025115428492426872,0.2745605409145355,1.0,0.12271445244550705,0.02511540986597538,-955.127685546875,0.025115428492426872,-3.1146337278187275e-05,0.05071631446480751,1.1206122636795044,0.0,3.0
1.115004539489746,26.780000686645508,1000.0,9.0,1.439772605895996,0.0001420833432348445,40.0,1.0006059408187866,1.0006059408187866,1.0006059408187866,0.0004284929600544274,0.0,1.0212701559066772,200000.0,-0.006185554899275303,0.01146018598228693,2.0360946706432514e-08,0.007848790846765041,0.0013057100586593151,0.0020879837684333324,0.3828171491622925,0.04695257544517517,3.1721785068511963,1214.7362060546875,22.687177658081055,98.16850280761719,120.85567474365234,165.4866485595703,0.922929048538208,0.3130019009113312,0.13022582232952118,0.023479733616113663,0.2609294652938843,1.0,0.14396977424621582,0.02331577055156231,-57.4256477355957,0.023479733616113663,0.003007214516401291,0.05515477806329727,0.0,0.6021759510040283,0.0
2.4722979068756104,29.600000381469727,1000.0,10.0,1.4403225183486938,0.00016198944649659097,40.0,0.9996387958526611,0.9996387958526611,0.9996387958526611,0.0002554098900873214,0.0,1.0217400789260864,220000.0,-0.009528343565762043,-0.00334278866648674,-4.415512222522011e-08,0.010678371414542198,0.002829580567777157,0.05297336354851723,0.45410940051078796,0.07129225134849548,3.7133867740631104,1335.6607666015625,22.752586364746094,98.1382064819336,120.89079284667969,165.43856811523438,0.8992611765861511,0.3065827488899231,0.14603084325790405,0.024731935933232307,0.2553127706050873,1.0,0.1606321632862091,0.024718480184674263,-311.2040100097656,0.024731935933232307,-0.0009564509382471442,0.06798961758613586,0.0,0.5423675179481506,0.0
3.009209632873535,32.63999938964844,1000.0,11.0,1.4328352212905884,0.00015028321649879217,40.0,1.0001106262207031,1.0001106262207031,1.0001106262207031,7.822454790584743e-05,0.0,1.0141209363937378,240000.0,-0.006920302752405405,0.002608040813356638,1.3256072683986986e-08,0.007394484709948301,-0.003283886704593897,0.03241101652383804,0.35047048330307007,-0.1036389172077179,3.0884835720062256,1456.2401123046875,22.730396270751953,97.81649780273438,120.54689025878906,165.91053771972656,0.9177290797233582,0.310285359621048,0.11507657170295715,0.023746568709611893,0.2721717357635498,1.0,0.16026495397090912,0.02342916838824749,-734.7609252929688,0.023746568709611893,0.005021320655941963,0.07943807542324066,0.0,0.5017653107643127,0.0
2.7466745376586914,27.31999969482422,1000.0,12.0,1.4302488565444946,0.00014587563055101782,40.0,1.0003620386123657,1.0003620386123657,1.0003620386123657,0.00025597185594961047,0.0,1.011421799659729,260000.0,-0.0036555230617523193,0.0032647796906530857,-2.1934509764065524e-09,0.005818222649395466,-0.0015762620605528355,0.09910710901021957,0.2860003113746643,-0.06447017192840576,3.048476219177246,1578.593994140625,22.902135848999023,99.4182357788086,122.32037353515625,163.50506591796875,0.7883443832397461,0.31686073541641235,0.16288131475448608,0.03218087553977966,0.2826841473579407,1.0,0.11259129643440247,0.0315718799829483,-154.0054931640625,0.03218087553977966,0.0046131666749715805,0.034944843500852585,0.0,0.7565251588821411,0.0
2.1022989749908447,24.040000915527344,1000.0,13.0,1.4294580221176147,0.0002262924099341035,40.0,1.0002202987670898,1.0002202987670898,1.0002202987670898,0.0001558309595566243,0.0,1.010575771331787,280000.0,-0.01996055245399475,-0.01630502939224243,1.0490417423625331e-09,0.006840634625405073,0.0010224119760096073,0.11330897361040115,0.3459438383579254,0.05994352698326111,1.8282976150512695,1699.58056640625,22.583480834960938,98.36896514892578,120.95244598388672,165.354248046875,0.7480253577232361,0.22200241684913635,0.17071714997291565,0.03574351221323013,0.29678449034690857,1.0,0.12645138800144196,0.035652510821819305,-21.039016723632812,0.03574351221323013,0.001995616126805544,0.043762631714344025,1.33685302734375,0.0,3.0
2.3545660972595215,24.059999465942383,1000.0,14.0,1.4192062616348267,0.00023874467296991497,40.0,0.9996231198310852,0.9996231198310852,0.9996231198310852,0.00026645237812772393,0.0,1.000306248664856,300000.0,-0.019048169255256653,0.0009123831987380981,-1.0776520120714395e-08,0.009198293089866638,0.002357658464461565,0.143217071890831,0.3360794484615326,-0.009864389896392822,2.5899698734283447,1820.27978515625,22.48638916015625,98.17738342285156,120.66377258300781,165.7498321533203,0.8425599336624146,0.2238439917564392,0.1416836529970169,0.02817268669605255,0.26567134261131287,1.0,0.12528501451015472,0.02764580212533474,-20.60455322265625,0.02817268669605255,-0.004751095548272133,0.04284217581152916,1.186859130859375,0.0,3.0
3.740825891494751,30.18000030517578,1000.0,15.0,1.415728211402893,0.0001424900401616469,40.0,1.0007656812667847,1.0007656812667847,1.0007656812667847,0.0005413902690634131,0.0,0.9969601631164551,320000.0,-0.007168096955865622,0.011880072299391031,2.0551681245706277e-08,0.010861308313906193,0.0016630152240395546,0.2735987901687622,0.4056524932384491,0.0695730447769165,2.9760866165161133,1942.8184814453125,22.832256317138672,99.67288970947266,122.5051498413086,163.25843811035156,0.8841540217399597,0.31955769658088684,0.16200293600559235,0.025584325194358826,0.2505287528038025,1.0,0.142503559589386,0.02554825134575367,-473.57550048828125,0.025584325194358826,0.0014296101871877909,0.05665678530931473,0.0,0.5941402912139893,0.0
5.333935737609863,33.79999923706055,1000.0,16.0,1.427425742149353,0.0001467512483941391,40.0,1.0004905462265015,1.0004905462265015,1.0004905462265015,0.00034678427618928254,0.0,1.0088882446289062,340000.0,-0.004754156805574894,0.0024139401502907276,-1.7166137400437265e-09,0.010057882405817509,-0.0008034259080886841,0.30910828709602356,0.379806250333786,-0.025846242904663086,3.051466464996338,2062.96826171875,23.536348342895508,96.57869720458984,120.11505126953125,166.5070343017578,0.8153030872344971,0.31091123819351196,0.17005041241645813,0.03008788451552391,0.2724691927433014,1.0,0.13197171688079834,0.029479922726750374,-1683.25732421875,0.03008788451552391,0.005288630723953247,0.04600547254085541,0.0,0.6593411564826965,0.0
5.3094658851623535,42.02000045776367,1000.0,17.0,1.4361486434936523,0.00013986600970383734,40.0,0.9991628527641296,0.9991628527641296,0.9991628527641296,0.0005919384420849383,0.0,1.0176942348480225,360000.0,-0.008381329476833344,-0.0036271726712584496,-1.9025803155159338e-08,0.007838903926312923,-0.0022189784795045853,0.23337243497371674,0.49515196681022644,0.11534571647644043,2.2851290702819824,2185.42919921875,24.096542358398438,98.33300018310547,122.4295425415039,163.35926818847656,0.8124101758003235,0.3130393922328949,0.1857900768518448,0.030302543193101883,0.27148008346557617,1.0,0.17404407262802124,0.030009519308805466,-3012.145263671875,0.030302543193101883,0.005308490712195635,0.09617015719413757,0.0,0.45603147149086,0.0
4.2903337478637695,43.040000915527344,1000.0,18.0,1.4310579299926758,0.00015792825433891267,40.0,0.9992377758026123,0.9992377758026123,0.9992377758026123,0.0005389738944359124,0.0,1.0124623775482178,380000.0,-0.00910813920199871,-0.0007268097251653671,-9.918212917625624e-09,0.007839248515665531,3.4458935260772705e-07,0.26539507508277893,0.5242102742195129,0.0290583074092865,3.013978958129883,2306.868408203125,23.710800170898438,97.69486999511719,121.40567016601562,164.73695373535156,0.8666717410087585,0.2965056896209717,0.1483841836452484,0.026626896113157272,0.2559736967086792,1.0,0.2218489944934845,0.026412690058350563,-3115.780517578125,0.026626896113157272,0.0047300695441663265,0.10444878786802292,0.0,0.43758586049079895,0.0
3.3497116565704346,43.119998931884766,1000.0,19.0,1.409602165222168,0.00015769447782076895,40.0,0.9980999827384949,0.9980999827384949,0.9980999827384949,0.0013435010332614183,0.0,0.9909985661506653,400000.0,-0.007410242687910795,0.0016978965140879154,-2.0980834847250662e-09,0.009040054865181446,0.001200806349515915,0.33155009150505066,0.4627953767776489,-0.061414897441864014,1.9510213136672974,2429.850830078125,23.482030868530273,99.46578979492188,122.94782257080078,162.67063903808594,0.863288938999176,0.31227657198905945,0.14574141800403595,0.026835981756448746,0.26727548241615295,1.0,0.1560720056295395,0.026835981756448746,-5133.57421875,0.026835981756448746,4.491303116083145e-06,0.06395798176527023,0.0,0.5592005252838135,0.0
3.438326358795166,41.86000061035156,1000.0,20.0,1.4055665731430054,0.0001260674325749278,40.0,1.000701904296875,1.000701904296875,1.000701904296875,0.0004963212995789945,0.0,0.9869322776794434,420000.0,-0.011003329418599606,-0.0035930867306888103,-2.479553229406406e-09,0.00977538712322712,0.0007353322580456734,0.3269365727901459,0.576265275478363,0.11346989870071411,2.884815216064453,2551.788818359375,23.098085403442383,98.80376434326172,121.90184783935547,164.06642150878906,0.8046320080757141,0.3350754678249359,0.15981103479862213,0.030891232192516327,0.29222556948661804,1.0,0.15161322057247162,0.0307955052703619,-3490.39501953125,0.030891232192516327,-0.0027921246364712715,0.08144005388021469,0.0,0.4955596625804901,0.0
3.7153046131134033,30.739999771118164,1000.0,21.0,1.4046201705932617,0.00016291288193315268,40.0,0.9978750348091125,0.9978750348091125,0.9978750348091125,0.0015025632455945015,0.0,0.9858972430229187,440000.0,0.0006804503500461578,0.011683779768645763,-9.250641141989036e-09,0.00869038701057434,-0.0010850001126527786,0.35797417163848877,0.2877964675426483,-0.2884688079357147,2.6568210124969482,2673.0029296875,23.076969146728516,98.10418701171875,121.18115234375,165.0421600341797,0.82343989610672,0.2932640612125397,0.173157200217247,0.029496198520064354,0.2578774094581604,1.0,0.12546126544475555,0.024957934394478798,-924.3158569335938,0.029496198520064354,0.012718673795461655,0.03564460575580597,0.0,0.7490624189376831,0.0
3.264422655105591,31.18000030517578,1000.0,22.0,1.3904138803482056,0.00017421400116290897,40.0,1.000991940498352,1.000991940498352,1.000991940498352,0.0007014358998276293,0.0,0.9719597697257996,460000.0,-0.0054418835788965225,-0.00612233392894268,-1.440048258416482e-08,0.009105798788368702,0.0004154117777943611,0.29736390709877014,0.306065171957016,0.018268704414367676,1.9634523391723633,2793.39501953125,22.898521423339844,97.45855712890625,120.3570785522461,166.1721954345703,0.6988319158554077,0.2922280728816986,0.1951015293598175,0.04095287621021271,0.2986591160297394,1.0,0.12004578113555908,0.04085513949394226,-1042.384521484375,0.04095287621021271,0.0018923419993370771,0.036638740450143814,0.0,0.7388302683830261,0.0
2.2975704669952393,10.520000457763672,1000.0,23.0,1.3816505670547485,0.0002293390134582296,40.0,1.0000476837158203,1.0000476837158203,1.0000476837158203,3.377376924618147e-05,0.0,0.9634630084037781,480000.0,-0.02020413987338543,-0.014762256294488907,-4.482269222449986e-09,0.00818187277764082,-0.0009239260107278824,0.21988993883132935,0.13520634174346924,-0.17085883021354675,1.3635612726211548,2915.799560546875,23.72159767150879,98.64900970458984,122.37060546875,163.4379425048828,0.736544668674469,0.2259722501039505,0.17823506891727448,0.036866478621959686,0.3068004250526428,1.0,0.06550462543964386,0.03602024167776108,-16812.755859375,0.036866478621959686,0.003248589811846614,0.01247088611125946,1.3576909303665161,0.0,3.0
1.883608102798462,11.0600004196167,1000.0,24.0,1.374576210975647,0.00023104343563318253,40.0,1.000599980354309,1.000599980354309,1.000599980354309,0.00042427825974300504,0.0,0.9568805694580078,500000.0,-0.017496280372142792,0.0027078595012426376,3.290176353587526e-09,0.008377296850085258,0.00019542407244443893,0.23574428260326385,0.24606063961982727,0.11085429787635803,1.2825276851654053,3039.6591796875,24.01845932006836,99.80596160888672,123.82442474365234,161.51902770996094,0.8561381101608276,0.22399522364139557,0.15287379920482635,0.027286143973469734,0.2616344690322876,1.0,0.0750124603509903,0.026893889531493187,-13260.0146484375,0.027286143973469734,0.0023975875228643417,0.014654824510216713,1.168035864830017,0.0,3.0
2.851548194885254,10.979999542236328,1000.0,25.0,1.3653182983398438,0.000221189548028633,40.0,1.0001541376113892,1.0001541376113892,1.0001541376113892,0.00010901985660893843,0.0,0.9481759667396545,520000.0,-0.015661153942346573,0.0018351264297962189,-8.01086397217432e-09,0.012713443487882614,0.004336146637797356,0.33139365911483765,0.2512938380241394,0.005233198404312134,1.6104105710983276,3162.865234375,24.038875579833984,99.13228607177734,123.1711654663086,162.37567138671875,0.9135770797729492,0.23872296512126923,0.13925783336162567,0.023962905630469322,0.26130568981170654,1.0,0.11748182028532028,0.02360755018889904,-5112.08251953125,0.023962905630469322,0.003696408122777939,0.038450002670288086,1.094598412513733,0.0,3.0
5.142556190490723,12.5,1000.0,26.0,1.3562875986099243,0.00022023824567440897,40.0,1.0003670454025269,1.0003670454025269,1.0003670454025269,0.00025951219140551984,0.0,0.9396376609802246,540000.0,-0.017401712015271187,-0.001740558072924614,3.2281874950967904e-08,0.011929767206311226,-0.0007836762815713882,0.4590164124965668,0.1922333687543869,-0.0590604692697525,1.9852615594863892,3286.617431640625,23.560199737548828,100.15679931640625,123.71700286865234,161.65927124023438,0.8495590686798096,0.2330908328294754,0.17356839776039124,0.02771039307117462,0.2743667662143707,1.0,0.09225373715162277,0.027709506452083588,-7695.54150390625,0.02771039307117462,0.0001341995084658265,0.02030390128493309,1.1770812273025513,0.0,3.0
7.442225933074951,16.0,1000.0,27.0,1.3421133756637573,0.00022695388179272413,40.0,0.9996459484100342,0.9996459484100342,0.9996459484100342,0.00025035228463821113,0.0,0.9263299107551575,560000.0,-0.0167585127055645,0.0006431993097066879,-7.1525572131747595e-09,0.012448341585695744,0.0005185743793845177,0.5734449625015259,0.28845885396003723,0.09622548520565033,1.7214992046356201,3408.803466796875,23.19784927368164,98.94993591308594,122.14778137207031,163.736083984375,0.9484085440635681,0.23389001190662384,0.15233838558197021,0.022235089913010597,0.24661314487457275,1.0,0.1227637231349945,0.02188452146947384,-2175.971923828125,0.022235089913010597,-0.0036124398466199636,0.03722438961267471,1.0543979406356812,0.0,3.0
9.710856437683105,21.440000534057617,1000.0,28.0,1.3240877389907837,0.0002219680172856897,40.0,1.0000079870224,1.0000079870224,1.0000079870224,5.564661023527151e-06,0.0,0.9097046852111816,580000.0,-0.014421764761209488,0.002336747944355011,-9.822845647988743e-09,0.015140553005039692,0.0026922114193439484,0.6047843098640442,0.3651984930038452,0.07673963904380798,1.6713151931762695,3531.087158203125,24.031841278076172,98.2157974243164,122.24763488769531,163.6023406982422,0.9325585961341858,0.2340356558561325,0.1654997617006302,0.022997336462140083,0.2509608268737793,1.0,0.1414482295513153,0.021530119702219963,-334.1949462890625,0.022997336462140083,0.007459060288965702,0.03792048618197441,1.07231867313385,0.0,3.0
11.069998741149902,25.260000228881836,1000.0,29.0,1.314862847328186,0.00014418031787499785,40.0,0.9993479251861572,0.9993479251861572,0.9993479251861572,0.0004610865144059062,0.0,0.9015071988105774,600000.0,-0.006612681783735752,0.007809082977473736,-1.7833709620163063e-08,0.012975997291505337,-0.002164555713534355,0.7367849349975586,0.37904345989227295,0.013844966888427734,1.6468998193740845,3654.8193359375,24.90191650390625,98.79588317871094,123.69779968261719,161.68435668945312,0.8564375042915344,0.31991443037986755,0.16481752693653107,0.02726706862449646,0.27302175760269165,1.0,0.16249077022075653,0.027072666212916374,-1.0611735582351685,0.02726706862449646,0.003486392553895712,0.06252475082874298,0.0,0.5655733942985535,0.0
12.076805114746094,30.68000030517578,1000.0,30.0,1.3124598264694214,0.00015644630184397101,40.0,1.0007292032241821,1.0007292032241821,1.0007292032241821,0.0005155964754521847,0.0,0.8996379971504211,620000.0,-0.005253360606729984,0.0013593211770057678,-2.8610228852699038e-08,0.014675911515951157,0.0016999142244458199,0.8853957056999207,0.3909026086330414,0.011859148740768433,2.096139430999756,3776.487060546875,24.023826599121094,97.60865783691406,121.63248443603516,164.4297637939453,0.9031816124916077,0.3067921996116638,0.1755351722240448,0.024517696350812912,0.24699126183986664,1.0,0.16287341713905334,0.023906070739030838,-505.5207824707031,0.024517696350812912,0.006247601471841335,0.063817597925663,0.0,0.5598152279853821,0.0
12.584242820739746,26.600000381469727,1000.0,31.0,1.3110804557800293,0.00016202965343836695,40.0,1.0007362365722656,1.0007362365722656,1.0007362365722656,0.0005205978523008525,0.0,0.8984730839729309,640000.0,-0.0021042099688202143,0.00314915063790977,2.1028519370247523e-08,0.015253465622663498,0.0005775541067123413,0.946083128452301,0.30681371688842773,-0.08408889174461365,2.115561008453369,3897.95654296875,22.793262481689453,98.64175415039062,121.43502044677734,164.6971435546875,0.8290800452232361,0.30892014503479004,0.18716610968112946,0.029096242040395737,0.27275896072387695,1.0,0.14801658689975739,0.027822166681289673,-64.89862823486328,0.029096242040395737,0.007088152691721916,0.03943398967385292,0.0,0.7121632695198059,0.0
12.200326919555664,26.200000762939453,1000.0,32.0,1.3025866746902466,0.00016438632155768573,40.0,0.9999788403511047,0.9999788403511047,0.9999788403511047,1.4920103240001481e-05,0.0,0.8908103108406067,660000.0,-0.0060935961082577705,-0.003989386139437556,3.862381081631838e-09,0.014356613159179688,-0.0008968524634838104,0.9567747116088867,0.3478173613548279,0.041003644466400146,1.8827846050262451,4022.787841796875,22.13400650024414,102.66481018066406,124.79881286621094,160.2579345703125,0.8269350528717041,0.3013931214809418,0.19161559641361237,0.029247386381030083,0.2714599072933197,1.0,0.16748148202896118,0.02903195284307003,-22.197551727294922,0.029247386381030083,0.0037367104087024927,0.06481369584798813,0.0,0.5554968118667603,0.0
11.473200798034668,24.100000381469727,1000.0,33.0,1.2912193536758423,0.00023488473379984498,40.0,1.0011688470840454,1.0011688470840454,1.0011688470840454,0.0008265277720056474,0.0,0.8807414174079895,680000.0,-0.017771270126104355,-0.011677674017846584,-1.4233589418211068e-08,0.01561013888567686,0.0012535257264971733,0.9336843490600586,0.3566611409187317,0.008843779563903809,2.0858399868011475,4144.84765625,21.817888259887695,100.20889282226562,122.02678680419922,163.8984375,0.803074300289154,0.21420109272003174,0.21466156840324402,0.03101118840277195,0.26672637462615967,1.0,0.1870681345462799,0.030865378677845,-10.13161563873291,0.03101118840277195,0.0034108851104974747,0.07979017496109009,1.245214819908142,0.0,3.0
11.216766357421875,28.639999389648438,1000.0,34.0,1.298658013343811,0.00016889849212020636,40.0,0.9992398619651794,0.9992398619651794,0.9992398619651794,0.0005375128239393234,0.0,0.8877961039543152,700000.0,-0.004633207805454731,0.013138062320649624,-6.675720420901143e-09,0.01693599484860897,0.0013258559629321098,0.9906279444694519,0.4541255831718445,0.09746444225311279,2.0464022159576416,4265.26025390625,21.832571029663086,98.54744720458984,120.38001251220703,166.14053344726562,0.8570556640625,0.2878206670284271,0.19121676683425903,0.027227751910686493,0.26264962553977966,1.0,0.18065620958805084,0.025884587317705154,-219.11065673828125,0.027227751910686493,0.009011860936880112,0.06046434864401817,0.0,0.575128972530365,0.0
11.106230735778809,28.739999771118164,1000.0,35.0,1.2933224439620972,0.00016182794934138656,40.0,1.0016809701919556,1.0016809701919556,1.0016809701919556,0.0011885972926393151,0.0,0.8837318420410156,720000.0,-0.00803651474416256,-0.0034033069387078285,1.125335735707722e-08,0.018907811492681503,0.0019718166440725327,0.9932126998901367,0.3360830843448639,-0.11804249882698059,2.189819812774658,4385.56640625,21.768404006958008,98.50336456298828,120.27176666259766,166.29005432128906,0.9412723779678345,0.3042985796928406,0.15683366358280182,0.02257351391017437,0.26121237874031067,1.0,0.15510684251785278,0.02253439836204052,-240.7918243408203,0.02257351391017437,-0.0015073366230353713,0.05808517336845398,0.0,0.5867894887924194,0.0
12.624568939208984,28.600000381469727,1000.0,36.0,1.2892769575119019,0.00016511148714926094,40.0,0.9984638094902039,0.9984638094902039,0.9984638094902039,0.0010862647322937846,0.0,0.8803386688232422,740000.0,-0.007760005071759224,0.00027650967240333557,2.3794173742430758e-08,0.017133766785264015,-0.001774044707417488,1.2203928232192993,0.3236413598060608,-0.0124417245388031,2.3737030029296875,4507.59375,21.76874542236328,100.22486877441406,121.99361419677734,163.94300842285156,1.035366177558899,0.2972915470600128,0.13607408106327057,0.018656998872756958,0.24944446980953217,1.0,0.19425907731056213,0.01856977306306362,-183.35720825195312,0.018656998872756958,0.0024828589521348476,0.07067400217056274,0.0,0.5319675207138062,0.0
13.218731880187988,23.860000610351562,1000.0,37.0,1.2813851833343506,0.0002075398078886792,40.0,1.0001252889633179,1.0001252889633179,1.0001252889633179,8.850845915731043e-05,0.0,0.873121440410614,760000.0,-0.01587933488190174,-0.008119329810142517,8.77380390562621e-09,0.019430439919233322,0.002296673133969307,1.2053815126419067,0.27680084109306335,-0.046840518712997437,2.3623147010803223,4629.01318359375,21.688045501708984,99.6989974975586,121.38704681396484,164.76222229003906,0.9392946362495422,0.2422271966934204,0.16125494241714478,0.02266867272555828,0.25788208842277527,1.0,0.13128258287906647,0.022572694346308708,-33.82147979736328,0.02266867272555828,-0.0019198390655219555,0.03840252012014389,1.0646287202835083,0.0,3.0
13.977726936340332,23.059999465942383,1000.0,38.0,1.258661150932312,0.00020574025984387845,40.0,0.998951256275177,0.998951256275177,0.998951256275177,0.0007415878353640437,0.0,0.8530302047729492,780000.0,-0.014957476407289505,0.000921858474612236,-7.629394893626795e-09,0.021182173863053322,0.0017517339438199997,1.339646339416504,0.3322194516658783,0.05541861057281494,2.2753124237060547,4751.39501953125,21.746002197265625,100.6030502319336,122.34905242919922,163.46673583984375,0.9515170454978943,0.24699923396110535,0.14410574734210968,0.022090047597885132,0.2595846652984619,1.0,0.17642799019813538,0.022067002952098846,-49.736228942871094,0.022090047597885132,0.001320293522439897,0.07564081251621246,1.0509532690048218,0.0,3.0
14.264577865600586,27.360000610351562,1000.0,39.0,1.2419804334640503,0.00013884229701943696,40.0,0.999631404876709,0.999631404876709,0.999631404876709,0.00026066420832648873,0.0,0.8386736512184143,800000.0,-0.0065224869176745415,0.008434989489614964,-2.889633243796652e-08,0.01963220350444317,-0.0015499703586101532,1.2739479541778564,0.3780381381511688,0.04581868648529053,2.2586259841918945,4872.328125,21.943336486816406,98.95349884033203,120.89683532714844,165.43031311035156,0.8695192933082581,0.3275422155857086,0.18660283088684082,0.026452787220478058,0.26583635807037354,1.0,0.15674731135368347,0.026292799040675163,-83.69871520996094,0.026452787220478058,0.0032624583691358566,0.06652756780385971,0.0,0.5482948422431946,0.0
14.711152076721191,35.47999954223633,1000.0,40.0,1.2338634729385376,0.00018046102195512503,40.0,0.9993634223937988,0.9993634223937988,0.9993634223937988,0.0004501283401623368,0.0,0.8320264220237732,820000.0,-0.011773237958550453,-0.005250751040875912,8.01086397217432e-09,0.018632076680660248,-0.0010001268237829208,1.385327696800232,0.40523529052734375,0.027197152376174927,2.646806001663208,4993.63037109375,22.95505142211914,98.31401062011719,121.2690658569336,164.9225311279297,0.8184220194816589,0.28945377469062805,0.18888193368911743,0.029858997091650963,0.2875133752822876,1.0,0.24522097408771515,0.029839154332876205,-916.26123046875,0.029858997091650963,-0.0015422545839101076,0.11986536532640457,0.0,0.4084774851799011,0.0
13.74380111694336,35.2599983215332,1000.0,41.0,1.2307319641113281,0.0001597082446096465,40.0,0.9993268847465515,0.9993268847465515,0.9993268847465515,0.00047600650577805936,0.0,0.8295133709907532,840000.0,-0.006284641567617655,0.005488596390932798,-2.6702879907247734e-09,0.020579148083925247,0.0019470714032649994,1.2432780265808105,0.3665642738342285,-0.038671016693115234,2.2624871730804443,5116.322265625,24.87527847290039,97.78153228759766,122.65681457519531,163.05657958984375,0.9299358129501343,0.29953333735466003,0.13829593360424042,0.023127242922782898,0.27613648772239685,1.0,0.1924731284379959,0.02276182360947132,-1594.972900390625,0.023127242922782898,0.004910928662866354,0.06599875539541245,0.0,0.5504870414733887,0.0
13.672642707824707,37.02000045776367,1000.0,42.0,1.2408010959625244,0.00016606951248832047,40.0,1.000646948814392,1.000646948814392,1.000646948814392,0.00045737760956399143,0.0,0.8379335403442383,860000.0,-0.01171190943568945,-0.0054272678680717945,-1.115798919926192e-08,0.018405413255095482,-0.0021737348288297653,1.3496097326278687,0.41264432668685913,0.046080052852630615,2.593406915664673,5240.271484375,26.304317474365234,97.60881805419922,123.91313934326172,161.40338134765625,0.9401983022689819,0.28843551874160767,0.14005042612552643,0.022625120356678963,0.28115031123161316,1.0,0.23340623080730438,0.022548986598849297,-1500.445068359375,0.022625120356678963,-0.002707565436139703,0.09629040956497192,0.0,0.4557466208934784,0.0
13.939410209655762,30.31999969482422,1000.0,43.0,1.2410160303115845,0.0001498074852861464,40.0,1.000178337097168,1.000178337097168,1.000178337097168,0.00012615958985406905,0.0,0.8383497595787048,880000.0,-0.00733006140217185,0.004381848033517599,-8.583068700218632e-10,0.020193347707390785,0.0017879344522953033,1.386059045791626,0.4329351484775543,0.02029082179069519,2.7346973419189453,5365.07080078125,24.982011795043945,99.78412628173828,124.76614379882812,160.29989624023438,0.9841374158859253,0.31953009963035583,0.15302686393260956,0.020649917423725128,0.25343143939971924,1.0,0.1763128787279129,0.020625397562980652,-461.44195556640625,0.020649917423725128,0.0012263222597539425,0.061332013458013535,0.0,0.5710462927818298,0.0
14.588669776916504,33.2599983215332,1000.0,44.0,1.2288206815719604,0.00015653065929654986,40.0,1.000266671180725,1.000266671180725,1.000266671180725,0.00018853691290132701,0.0,0.8283349871635437,900000.0,-0.008045613765716553,-0.0007155523635447025,-1.1062621929625038e-08,0.02017342485487461,-1.9922852516174316e-05,1.4345415830612183,0.41494256258010864,-0.01799258589744568,2.9832828044891357,5487.6318359375,23.145153045654297,99.3823013305664,122.52745819091797,163.2287139892578,0.9113254547119141,0.31258106231689453,0.1621667742729187,0.024081461131572723,0.2630573511123657,1.0,0.20339199900627136,0.02400869131088257,-872.7164916992188,0.024081461131572723,0.0023851399309933186,0.0781765878200531,0.0,0.5057974457740784,0.0
13.315829277038574,26.5,1000.0,45.0,1.2227684259414673,0.00015335345233324915,40.0,1.0012283325195312,1.0012283325195312,1.0012283325195312,0.0008685622597113252,0.0,0.8230142593383789,920000.0,-0.0077946423552930355,0.00025097141042351723,1.1730193705261627e-08,0.01701895333826542,-0.003154471516609192,1.1932523250579834,0.33521324396133423,-0.07972931861877441,2.68220853805542,5611.0751953125,21.635326385498047,101.77519226074219,123.4105224609375,162.0607452392578,0.9244837164878845,0.3090885281562805,0.1556614339351654,0.02340083196759224,0.26227766275405884,1.0,0.17857153713703156,0.023363225162029266,-33.89469909667969,0.02340083196759224,0.00157955102622509,0.06634290516376495,0.0,0.5490573644638062,0.0
12.758349418640137,32.959999084472656,1000.0,46.0,1.227546215057373,0.0001488799462094903,40.0,0.9997428059577942,0.9997428059577942,0.9997428059577942,0.00018187769455835223,0.0,0.8270584940910339,940000.0,-0.009474711492657661,-0.001680069137364626,-1.2111663671987571e-08,0.016885431483387947,-0.00013352185487747192,1.4316474199295044,0.33927077054977417,0.004057526588439941,2.766568422317505,5734.2373046875,21.659793853759766,101.47013092041016,123.12992095947266,162.4300537109375,0.8149036765098572,0.31131425499916077,0.20176450908184052,0.03011738508939743,0.28351864218711853,1.0,0.159772589802742,0.02999196946620941,-1033.6226806640625,0.03011738508939743,-0.002772713080048561,0.06129929795861244,0.0,0.5711987018585205,0.0
11.827345848083496,29.600000381469727,1000.0,47.0,1.2293400764465332,0.00015933095710352063,40.0,0.9986388087272644,0.9986388087272644,0.9986388087272644,0.0009625497041270137,0.0,0.8290629386901855,960000.0,-0.007595280185341835,0.0018794313073158264,2.00271599304358e-09,0.018314722925424576,0.0014292914420366287,1.3921473026275635,0.35527172684669495,0.016000956296920776,2.87514066696167,5855.65234375,21.81008529663086,99.57255554199219,121.38264465332031,164.76820373535156,0.8958760499954224,0.3080742359161377,0.16681703925132751,0.024919193238019943,0.28307926654815674,1.0,0.165091872215271,0.0249189380556345,-364.7254333496094,0.024919193238019943,0.0001217932440340519,0.05801306664943695,0.0,0.5871540307998657,0.0
12.10374641418457,26.6200008392334,1000.0,48.0,1.2341424226760864,0.0001430838310625404,40.0,0.9997003078460693,0.9997003078460693,0.9997003078460693,0.00021191436098888516,0.0,0.8334579467773438,980000.0,-0.0041109793819487095,0.0034843008033931255,7.2479249269008506e-09,0.020989634096622467,0.0026749111711978912,1.3034064769744873,0.2874617874622345,-0.06780993938446045,2.612863063812256,5976.21875,21.68167495727539,98.85132598876953,120.53299713134766,165.92967224121094,0.9083269834518433,0.3169618844985962,0.15908600389957428,0.024240713566541672,0.2721691429615021,1.0,0.1385451853275299,0.02395383082330227,-87.2833023071289,0.024240713566541672,0.002936644945293665,0.030060742050409317,0.0,0.8156710863113403,0.0
12.144604682922363,21.81999969482422,1000.0,49.0,1.2244510650634766,0.00019623033585958183,40.0,1.0004452466964722,1.0004452466964722,1.0004452466964722,0.0003148088580928743,0.0,0.82548588514328,1000000.0,-0.015126442536711693,-0.011015463154762983,1.2922287240257901e-08,0.019965870305895805,-0.0010237637907266617,1.2756494283676147,0.26895764470100403,-0.01850414276123047,2.41100811958313,6097.16943359375,21.952770233154297,98.96544647216797,120.91822052001953,165.4010467529297,0.8998569846153259,0.2602616548538208,0.15148867666721344,0.024699198082089424,0.28922560811042786,1.0,0.1940184384584427,0.024056727066636086,-194.76824951171875,0.024699198082089424,0.005775273311883211,0.05191482976078987,1.1112877130508423,0.0,3.0
13.117740631103516,24.020000457763672,1000.0,50.0,1.2022126913070679,0.00020109846082050353,40.0,0.9995061755180359,0.9995061755180359,0.9995061755180359,0.00034922879422083497,0.0,0.8070632815361023,1020000.0,-0.014887472614645958,0.00023896992206573486,7.772445798082117e-09,0.022805171087384224,0.0028393007814884186,1.467218279838562,0.3258420526981354,0.05688440799713135,2.5385184288024902,6216.86669921875,21.919057846069336,97.74591064453125,119.66497039794922,167.13328552246094,0.9220074415206909,0.2598334550857544,0.14851172268390656,0.023526698350906372,0.28181272745132446,1.0,0.2064552754163742,0.023351112380623817,-14.533369064331055,0.023526698350906372,0.003403994021937251,0.06599152088165283,1.084589958190918,0.0,3.0
14.405622482299805,31.780000686645508,1000.0,51.0,1.1925042867660522,0.00015037899720482528,40.0,1.0000048875808716,1.0000048875808716,1.0000048875808716,3.484366061456967e-06,0.0,0.7992942929267883,1040000.0,-0.01046095322817564,0.004426519386470318,-7.820129432900558e-09,0.020064299926161766,-0.002740871161222458,1.4537264108657837,0.401574969291687,0.07573291659355164,2.660630702972412,6338.2373046875,21.777841567993164,99.55966186523438,121.3375015258789,164.82949829101562,0.9194582104682922,0.3136427402496338,0.1679258942604065,0.023657336831092834,0.279477059841156,1.0,0.2232435941696167,0.023654386401176453,-416.9266662597656,0.023657336831092834,0.0005703195929527283,0.1102500855922699,0.0,0.42591753602027893,0.0
15.829187393188477,36.31999969482422,1000.0,52.0,1.1885647773742676,0.00015777182125020772,40.0,1.000138282775879,1.000138282775879,1.000138282775879,9.78369134827517e-05,0.0,0.7961208820343018,1060000.0,-0.009550473652780056,0.0009104795753955841,1.831054774470431e-08,0.01938968524336815,-0.0006746146827936172,1.5339927673339844,0.3058885335922241,-0.09568643569946289,2.9410955905914307,6459.97607421875,22.112037658691406,99.59146881103516,121.70350646972656,164.33380126953125,0.9807117581367493,0.31060296297073364,0.16255928575992584,0.02079443261027336,0.27164509892463684,1.0,0.16846062242984772,0.020657818764448166,-2127.777099609375,0.02079443261027336,-0.002868319395929575,0.06022302061319351,0.0,0.5762801766395569,0.0
15.094326972961426,30.440000534057617,1000.0,53.0,1.1879539489746094,0.00016154535114765167,40.0,0.9999601244926453,0.9999601244926453,0.9999601244926453,2.821029738697689e-05,0.0,0.7957126498222351,1080000.0,-0.006485495716333389,0.0030649779364466667,-1.1444092340440193e-09,0.01857163943350315,-0.0008180458098649979,1.3547102212905884,0.26396432518959045,-0.04192420840263367,2.6430211067199707,6583.80712890625,22.680877685546875,101.11759948730469,123.79847717285156,161.55288696289062,0.9377274513244629,0.30170267820358276,0.14962731301784515,0.02274450846016407,0.26841631531715393,1.0,0.17121681571006775,0.022743932902812958,-555.484375,0.02274450846016407,0.0001750438823364675,0.053273387253284454,0.0,0.6127168536186218,0.0
15.029292106628418,27.899999618530273,1000.0,54.0,1.1821508407592773,0.00016878306632861495,40.0,1.0003223419189453,1.0003223419189453,1.0003223419189453,0.0002278739702887833,0.0,0.7913916707038879,1100000.0,-0.009436406195163727,-0.0029509104788303375,-6.771087690538025e-09,0.01870269514620304,0.00013105571269989014,1.5116281509399414,0.38646477460861206,0.1225004494190216,2.645247220993042,6706.7451171875,23.384201049804688,99.52145385742188,122.90565490722656,162.7264404296875,0.8559924364089966,0.30039742588996887,0.18367908895015717,0.02729543298482895,0.300630122423172,1.0,0.17452944815158844,0.026950232684612274,-138.314697265625,0.02729543298482895,-0.004581085406243801,0.06079455465078354,0.0,0.5735649466514587,0.0
14.025019645690918,28.280000686645508,1000.0,55.0,1.1842042207717896,0.00016153558681253344,40.0,1.000091552734375,1.000091552734375,1.000091552734375,6.479379953816533e-05,0.0,0.7933635115623474,1120000.0,-0.006857275031507015,0.0025791311636567116,-1.1062621929625038e-08,0.019416822120547295,0.0007141269743442535,1.408947467803955,0.31886109709739685,-0.06760367751121521,2.4391133785247803,6827.7333984375,23.654741287231445,97.3009262084961,120.9556655883789,165.34983825683594,1.0112528800964355,0.29618874192237854,0.13703617453575134,0.01955736055970192,0.2695443630218506,1.0,0.19945791363716125,0.019320476800203323,-152.71694946289062,0.01955736055970192,0.004084790125489235,0.0704374611377716,0.0,0.5328599810600281,0.0
13.786138534545898,27.15999984741211,1000.0,56.0,1.1903249025344849,0.00014412532618734986,40.0,1.0008068084716797,1.0008068084716797,1.0008068084716797,0.0005704997456632555,0.0,0.7977984547615051,1140000.0,-0.0073497421108186245,-0.0004924670793116093,-1.2207030941624453e-08,0.018082020804286003,-0.0013348013162612915,1.4272594451904297,0.2921805679798126,-0.02668052911758423,2.4945406913757324,6948.7939453125,23.35637664794922,97.66984558105469,121.02622985839844,165.25343322753906,0.8226693868637085,0.31878843903541565,0.19416610896587372,0.02955147624015808,0.29379457235336304,1.0,0.17206741869449615,0.029546866193413734,-81.53058624267578,0.02955147624015808,0.000513510312885046,0.057211101055145264,0.0,0.5912549495697021,0.0
14.068882942199707,24.700000762939453,1000.0,57.0,1.1747384071350098,0.00020067048899363726,40.0,1.000592589378357,1.000592589378357,1.000592589378357,0.00041899585630744696,0.0,0.7852277159690857,1160000.0,-0.01617114432156086,-0.008821402210742235,-2.717971847587819e-09,0.017272531986236572,-0.0008094888180494308,1.4868453741073608,0.3168295919895172,0.02464902400970459,2.5500385761260986,7071.0146484375,23.968687057495117,98.21825408935547,122.18694305419922,163.68360900878906,0.8913979530334473,0.25555220246315,0.1623251885175705,0.02517019212245941,0.2866869568824768,1.0,0.1817096769809723,0.025159230455756187,-1.7021706104278564,0.02517019212245941,0.0007568546570837498,0.052259355783462524,1.1218334436416626,0.0,3.0
15.260720252990723,23.979999542236328,1000.0,58.0,1.1532303094863892,0.00019592377066146582,40.0,0.9993616938591003,0.9993616938591003,0.9993616938591003,0.00045133655657991767,0.0,0.7678980231285095,1180000.0,-0.0144112017005682,0.0017599426209926605,-3.2424927187690855e-09,0.02167152613401413,0.004398994147777557,1.592911958694458,0.34543898701667786,0.028609395027160645,2.6231114864349365,7196.30908203125,25.504459381103516,99.75642395019531,125.26087951660156,159.66676330566406,0.961317241191864,0.2645150125026703,0.14924006164073944,0.021641947329044342,0.2751588225364685,1.0,0.17944121360778809,0.021386006847023964,-17.265613555908203,0.021641947329044342,0.00392488669604063,0.06018882617354393,1.0402393341064453,0.0,3.0
15.552884101867676,32.52000045776367,1000.0,59.0,1.1477407217025757,0.00014068993914406747,40.0,1.0002893209457397,1.0002893209457397,1.0002893209457397,0.00020460890664253384,0.0,0.7632839679718018,1200000.0,-0.011611411347985268,0.0027997903525829315,-1.1825561863076928e-08,0.01905921846628189,-0.0026123076677322388,1.5514875650405884,0.41826632618904114,0.07282733917236328,2.644773483276367,7321.54638671875,25.999731063842773,99.2032699584961,125.2030029296875,159.74057006835938,0.9921191930770874,0.31852665543556213,0.1392284780740738,0.02031898871064186,0.2803248167037964,1.0,0.21015338599681854,0.020031070336699486,-576.4381103515625,0.02031898871064186,-0.005314577370882034,0.09809975326061249,0.0,0.45152416825294495,0.0
16.542797088623047,30.360000610351562,1000.0,60.0,1.141631007194519,0.000157418311573565,40.0,1.0004920959472656,1.0004920959472656,1.0004920959472656,0.0003479643783066422,0.0,0.7583250403404236,1220000.0,-0.00873964186757803,0.002871769480407238,6.38961772381208e-09,0.020997703075408936,0.0019384846091270447,1.5940638780593872,0.29116448760032654,-0.1271018385887146,2.6526553630828857,7445.43896484375,25.23024559020996,98.62861633300781,123.8588638305664,161.47412109375,0.9414622783660889,0.30720868706703186,0.15729697048664093,0.02256440930068493,0.2842214107513428,1.0,0.17062082886695862,0.022563204169273376,-440.7685546875,0.02256440930068493,0.00028023868799209595,0.06517774611711502,0.0,0.5539432764053345,0.0
16.608829498291016,38.380001068115234,1000.0,61.0,1.1402430534362793,0.0001481430808780715,40.0,1.000676155090332,1.000676155090332,1.000676155090332,0.0004780576564371586,0.0,0.7572054862976074,1240000.0,-0.011894193477928638,-0.003154551610350609,-1.4066696252257316e-08,0.01965048722922802,-0.0013472158461809158,1.6119614839553833,0.44689640402793884,0.1557319164276123,2.650092363357544,7568.74462890625,23.924345016479492,99.34782409667969,123.27216339111328,162.2426300048828,0.9469684362411499,0.3128332793712616,0.16583171486854553,0.022302769124507904,0.28880903124809265,1.0,0.23138336837291718,0.02226410247385502,-1619.416259765625,0.022302769124507904,-0.0020674755796790123,0.11054736375808716,0.0,0.42534446716308594,0.0
16.81081771850586,35.060001373291016,1000.0,62.0,1.1482130289077759,0.0001510825677542016,40.0,1.0001211166381836,1.0001211166381836,1.0001211166381836,8.564239396946505e-05,0.0,0.7633265852928162,1260000.0,-0.007726698182523251,0.004167495295405388,5.7220459481754915e-09,0.02049487642943859,0.0008443892002105713,1.677596926689148,0.3554241359233856,-0.09147226810455322,2.594669818878174,7691.84033203125,22.84551429748535,100.21807098388672,123.06358337402344,162.51760864257812,1.0546348094940186,0.3102879524230957,0.12651577591896057,0.017981484532356262,0.2729637622833252,1.0,0.18765267729759216,0.017931368201971054,-1532.830078125,0.017981484532356262,0.0018190292175859213,0.06602316349744797,0.0,0.5503852963447571,0.0
16.98653793334961,39.08000183105469,1000.0,63.0,1.1537842750549316,0.00014867528807371855,40.0,1.0000890493392944,1.0000890493392944,1.0000890493392944,6.288321310421452e-05,0.0,0.7676100730895996,1280000.0,-0.009497559629380703,-0.0017708614468574524,-6.294250454175199e-09,0.01844308152794838,-0.0020517949014902115,1.618092656135559,0.44545644521713257,0.09003230929374695,3.0183939933776855,7813.90478515625,22.119388580322266,99.91134643554688,122.03073120117188,163.8931427001953,0.9110949635505676,0.3185453414916992,0.16666480898857117,0.024093644693493843,0.28673699498176575,1.0,0.20029255747795105,0.024091988801956177,-2316.247314453125,0.024093644693493843,-0.00037646456621587276,0.08558874577283859,0.0,0.48339998722076416,0.0
16.927831649780273,32.0,1000.0,64.0,1.1525640487670898,0.000149747560499236,40.0,0.9991461634635925,0.9991461634635925,0.9991461634635925,0.000603795750066638,0.0,0.7667157649993896,1300000.0,-0.013108102604746819,-0.0036105429753661156,-2.479553229406406e-09,0.01895676925778389,0.0005136877298355103,1.695207953453064,0.42721807956695557,-0.018238365650177002,2.9334776401519775,7933.91748046875,22.067100524902344,97.91226959228516,119.9793701171875,166.69532775878906,0.9393112659454346,0.31566566228866577,0.17685925960540771,0.02266787178814411,0.2775266468524933,1.0,0.22131046652793884,0.022338783368468285,-441.4224853515625,0.02266787178814411,-0.006043899804353714,0.11099973320960999,0.0,0.42447686195373535,0.0
16.527585983276367,38.619998931884766,1000.0,65.0,1.144265055656433,0.00013805217167828232,40.0,0.9992191195487976,0.9992191195487976,0.9992191195487976,0.0005521518178284168,0.0,0.7604969143867493,1320000.0,-0.011448726058006287,0.001659376546740532,2.956390465769232e-09,0.02102363482117653,0.002066865563392639,1.6913297176361084,0.44721609354019165,0.019998013973236084,3.5361616611480713,8057.1630859375,22.124725341796875,101.08724212646484,123.21196746826172,162.3218994140625,0.8895576000213623,0.3275531232357025,0.16026511788368225,0.025274448096752167,0.30066734552383423,1.0,0.22094114124774933,0.02523205615580082,-1704.08251953125,0.025274448096752167,-0.0021481825970113277,0.10885751247406006,0.0,0.4286331832408905,0.0
16.0758056640625,32.18000030517578,1000.0,66.0,1.140778660774231,0.00014307041419669986,40.0,0.9993994235992432,0.9993994235992432,0.9993994235992432,0.00042467162711545825,0.0,0.7581923604011536,1340000.0,-0.006327467039227486,0.005121259018778801,3.2424927187690855e-09,0.01997501030564308,-0.0010486245155334473,1.5752027034759521,0.3448962867259979,-0.10231980681419373,3.067939519882202,8179.9931640625,21.870105743408203,100.92598724365234,122.79608917236328,162.8716278076172,0.9495211243629456,0.3242269456386566,0.16255897283554077,0.022183014079928398,0.26932665705680847,1.0,0.18331670761108398,0.021628908812999725,-763.2228393554688,0.022183014079928398,0.006117710843682289,0.0675438940525055,0.0,0.5441541075706482,0.0
14.948017120361328,31.459999084472656,1000.0,67.0,1.142041802406311,0.0001674629602348432,40.0,0.9996678233146667,0.9996678233146667,0.9996678233146667,0.00023487034195568413,0.0,0.7590953707695007,1360000.0,-0.008247526362538338,-0.001920059323310852,-1.4138222148574187e-08,0.01989101804792881,-8.399225771427155e-05,1.4590476751327515,0.34339189529418945,-0.0015043914318084717,3.3849217891693115,8301.166015625,22.27081871032715,98.86919403076172,121.14000701904297,165.0982208251953,0.9677745699882507,0.293571412563324,0.14229720830917358,0.021354107186198235,0.28854259848594666,1.0,0.2391667664051056,0.021256033331155777,-493.59722900390625,0.021354107186198235,0.002879475010558963,0.0845424011349678,0.0,0.48638221621513367,0.0
13.868393898010254,27.31999969482422,1000.0,68.0,1.1373459100723267,0.0001721517473924905,40.0,0.9986328482627869,0.9986328482627869,0.9986328482627869,0.0009667363483458757,0.0,0.7555596232414246,1380000.0,-0.008108274079859257,0.00013925228267908096,-1.5544891596164234e-08,0.019894279539585114,3.2614916563034058e-06,1.5125198364257812,0.3169139623641968,-0.026477932929992676,3.260756731033325,8421.9130859375,22.47786521911621,98.23576354980469,120.71363067626953,165.68138122558594,0.8665260672569275,0.2955443263053894,0.18790289759635925,0.026635849848389626,0.298068106174469,1.0,0.25468266010284424,0.026549460366368294,-66.03248596191406,0.026635849848389626,0.0026532174088060856,0.08148668706417084,0.0,0.49541783332824707,0.0
13.435325622558594,29.239999771118164,1000.0,69.0,1.1313494443893433,0.0001409199321642518,40.0,1.0006014108657837,1.0006014108657837,1.0006014108657837,0.0004252335929777473,0.0,0.7508633136749268,1400000.0,-0.008116045035421848,-7.770955562591553e-06,-3.0708314113780943e-08,0.018035072833299637,-0.0018592067062854767,1.4535902738571167,0.26628485321998596,-0.050629109144210815,3.0049097537994385,8543.17578125,22.265827178955078,98.96406555175781,121.22989654541016,164.97581481933594,0.9540032744407654,0.3217261731624603,0.1560211479663849,0.021975059062242508,0.2815537750720978,1.0,0.1921209841966629,0.021960575133562088,-268.4575500488281,0.021975059062242508,0.000984797952696681,0.06696126610040665,0.0,0.5465162992477417,0.0
13.63509750366211,30.059999465942383,1000.0,70.0,1.1337515115737915,0.00014333076251205057,40.0,1.0005416870117188,1.0005416870117188,1.0005416870117188,0.0003830867353826761,0.0,0.7523777484893799,1420000.0,-0.005858478136360645,0.002257566899061203,-1.00135799652179e-09,0.020363984629511833,0.0023289117962121964,1.5543243885040283,0.3575560450553894,0.09127119183540344,3.057084321975708,8665.173828125,22.004722595214844,99.96106719970703,121.96578979492188,163.98040771484375,0.8750433325767517,0.3201732039451599,0.18433959782123566,0.02611985057592392,0.29996001720428467,1.0,0.178466334939003,0.02568262629210949,-425.3270568847656,0.02611985057592392,0.005130155477672815,0.06019458547234535,0.0,0.5764163136482239,0.0
13.51162338256836,34.619998931884766,1000.0,71.0,1.1332697868347168,0.00014833921159151942,40.0,0.9989401698112488,0.9989401698112488,0.9989401698112488,0.0007494552410207689,0.0,0.7523121237754822,1440000.0,-0.007329230196774006,-0.0014707520604133606,5.62667867853861e-09,0.019595593214035034,-0.000768391415476799,1.5393821001052856,0.3374527394771576,-0.02010330557823181,2.9589104652404785,8785.705078125,21.751331329345703,98.74568176269531,120.49700927734375,165.97921752929688,0.8818714022636414,0.3152066767215729,0.17171737551689148,0.025716939941048622,0.29469597339630127,1.0,0.21493059396743774,0.025427691638469696,-1174.0777587890625,0.025716939941048622,0.0047748396173119545,0.07882168889045715,0.0,0.5037233829498291,0.0
13.632730484008789,28.239999771118164,1000.0,72.0,1.1322983503341675,0.00014945886505302042,40.0,0.9991291165351868,0.9991291165351868,0.9991291165351868,0.0006157654570415616,0.0,0.7516753077507019,1460000.0,-0.005257895682007074,0.0020713345147669315,-7.820129432900558e-09,0.020808015018701553,0.0012124218046665192,1.399187684059143,0.2744562029838562,-0.06299653649330139,2.73416805267334,8907.740234375,21.45298957824707,100.54962158203125,122.00260925292969,163.93092346191406,0.9762954115867615,0.3093569874763489,0.15327680110931396,0.020982986316084862,0.27955177426338196,1.0,0.15665724873542786,0.02076737768948078,-240.7021484375,0.020982986316084862,0.0030663334764540195,0.04360876604914665,0.0,0.6772173047065735,0.0
12.627632141113281,21.760000228881836,1000.0,73.0,1.126028060913086,0.0001853808935265988,40.0,1.0002681016921997,1.0002681016921997,1.0002681016921997,0.00018960463057737797,0.0,0.7467437386512756,1480000.0,-0.01499180682003498,-0.009733911138027906,-4.100799699813251e-09,0.019947515800595284,-0.0008604992181062698,1.3328628540039062,0.24259530007839203,-0.03186090290546417,2.6557934284210205,9033.017578125,22.999074935913086,102.23992156982422,125.23899841308594,159.69467163085938,0.9370600581169128,0.2716757655143738,0.15346041321754456,0.02277691662311554,0.2899235188961029,1.0,0.1777588278055191,0.022544175386428833,-195.82080078125,0.02277691662311554,0.0035320809110999107,0.05360270291566849,1.0671674013137817,0.0,3.0
12.117622375488281,17.719999313354492,1000.0,74.0,1.1141475439071655,0.00018405495211482048,40.0,0.9995247721672058,0.9995247721672058,0.9995247721672058,0.0003360508708283305,0.0,0.7378019690513611,1500000.0,-0.014225014485418797,0.0007667923346161842,-3.5047531543597188e-09,0.02113068476319313,0.001183168962597847,1.2568966150283813,0.30160754919052124,0.05901224911212921,2.465240478515625,9155.642578125,23.38461685180664,99.20600128173828,122.59062194824219,163.14462280273438,0.9639284610748291,0.2741187512874603,0.1421935111284256,0.021524852141737938,0.2843766212463379,1.0,0.21241667866706848,0.021206775680184364,-814.72705078125,0.021524852141737938,0.004548683762550354,0.06504890322685242,1.0374213457107544,0.0,3.0
12.683965682983398,18.299999237060547,1000.0,75.0,1.0963233709335327,0.00020831594883929938,40.0,0.9990460872650146,0.9990460872650146,0.9990460872650146,0.0006745181744918227,0.0,0.7247249484062195,1520000.0,-0.016900328919291496,-0.0026753144338726997,1.0490417423625331e-09,0.025284959003329277,0.0041542742401361465,1.508760929107666,0.28739070892333984,-0.014216840267181396,2.5091302394866943,9278.083984375,23.775876998901367,98.63082122802734,122.40670013427734,163.38975524902344,0.8530788421630859,0.2516004741191864,0.17765936255455017,0.027482200413942337,0.2949322462081909,1.0,0.17311210930347443,0.027394365519285202,-822.508056640625,0.027482200413942337,0.002189446007832885,0.05457564815878868,1.1722246408462524,0.0,3.0
13.260441780090332,22.959999084472656,1000.0,76.0,1.0840320587158203,0.00017311240662820637,40.0,0.9983223080635071,0.9983223080635071,0.9983223080635071,0.0011862933170050383,0.0,0.7159373760223389,1540000.0,-0.01404021866619587,0.002860110253095627,-8.964538444899972e-09,0.025159094482660294,-0.00012586452066898346,1.1699949502944946,0.26124465465545654,-0.0261460542678833,2.2135727405548096,9400.9638671875,23.63129425048828,99.21550750732422,122.8468017578125,162.8043975830078,1.0071667432785034,0.28795793652534485,0.1339881718158722,0.019716374576091766,0.28590884804725647,1.0,0.16624777019023895,0.0195685513317585,-91.67117309570312,0.019716374576091766,0.0025902288034558296,0.04538717120885849,0.9928842782974243,0.0,3.0
14.925800323486328,26.979999542236328,1000.0,77.0,1.0811877250671387,0.00015157705638557673,40.0,0.9998783469200134,0.9998783469200134,0.9998783469200134,8.603576861787587e-05,0.0,0.7139125466346741,1560000.0,-0.008615005761384964,0.0054252129048109055,-4.768371461572052e-11,0.021935362368822098,-0.003223732113838196,1.5541956424713135,0.33815160393714905,0.0769069492816925,2.51987624168396,9523.0341796875,22.633501052856445,99.40267944335938,122.03617858886719,163.8858184814453,0.9517945051193237,0.3131222128868103,0.141572043299675,0.02207716926932335,0.3085004687309265,1.0,0.2486024647951126,0.022015031427145004,-44.014347076416016,0.02207716926932335,0.0023520635440945625,0.08903045207262039,0.0,0.4739643633365631,0.0
15.499018669128418,29.479999542236328,1000.0,78.0,1.0731148719787598,0.00015304223052226007,40.0,0.999880313873291,0.999880313873291,0.999880313873291,8.460278331767768e-05,0.0,0.7080137133598328,1580000.0,-0.008266733959317207,0.00034827180206775665,-9.059905714536853e-09,0.022444933652877808,0.0005095712840557098,1.5368316173553467,0.30443254113197327,-0.03371906280517578,2.5445961952209473,9643.0419921875,21.828060150146484,98.14690399169922,119.97496032714844,166.70144653320312,1.0094964504241943,0.31424281001091003,0.1363486349582672,0.019625473767518997,0.29196682572364807,1.0,0.21331743896007538,0.019625045359134674,-280.2441101074219,0.019625473767518997,0.00017514941282570362,0.07161243259906769,0.0,0.528470516204834,0.0
16.653810501098633,30.520000457763672,1000.0,79.0,1.0683856010437012,0.00015498502762056887,40.0,0.9997048377990723,0.9997048377990723,0.9997048377990723,0.00020868309366051108,0.0,0.7045469880104065,1600000.0,-0.006575996987521648,0.001690736971795559,9.250641141989036e-09,0.020587841048836708,-0.0018570926040410995,1.5440936088562012,0.29061752557754517,-0.0138150155544281,2.60086727142334,9763.8056640625,21.47265625,99.25833892822266,120.73099517822266,165.6575469970703,0.9175053238868713,0.3053685426712036,0.15911802649497986,0.02375815063714981,0.302143931388855,1.0,0.1976141333580017,0.023612292483448982,-507.9392395019531,0.02375815063714981,0.0029579538386315107,0.059985920786857605,0.0,0.5774179697036743,0.0
15.868278503417969,28.479999542236328,1000.0,80.0,1.067326545715332,0.00014576873218175024,40.0,1.0007482767105103,1.0007482767105103,1.0007482767105103,0.0005291958223097026,0.0,0.7037554383277893,1620000.0,-0.007595114875584841,-0.0010191178880631924,-1.0490417423625331e-08,0.020577076822519302,-1.07642263174057e-05,1.5435271263122559,0.372065007686615,0.08144748210906982,2.52004075050354,9886.119140625,21.882349014282227,100.39788055419922,122.28022766113281,163.55873107910156,0.8342723250389099,0.3196873068809509,0.18170961737632751,0.028735198080539703,0.32143956422805786,1.0,0.1906728297472,0.02868826501071453,-177.080322265625,0.028735198080539703,0.0017914730124175549,0.06838154792785645,0.0,0.5408109426498413,0.0
15.451401710510254,33.13999938964844,1000.0,81.0,1.0675315856933594,0.0001445292291464284,40.0,0.9988956451416016,0.9988956451416016,0.9988956451416016,0.0007808686932548881,0.0,0.7041106224060059,1640000.0,-0.010053256526589394,-0.002458141651004553,-6.43730180271973e-09,0.020823203027248383,0.0002461262047290802,1.5655944347381592,0.4299984574317932,0.05793344974517822,2.8767974376678467,10008.3828125,22.027599334716797,100.20452117919922,122.23212432861328,163.62310791015625,0.8727347254753113,0.3184505105018616,0.1854335069656372,0.02625822275876999,0.30061429738998413,1.0,0.248524010181427,0.02615414746105671,-622.5899658203125,0.02625822275876999,0.0033280488569289446,0.1064222976565361,0.0,0.43350955843925476,0.0
14.95689582824707,35.41999816894531,1000.0,82.0,1.0579906702041626,0.0001571981265442446,40.0,0.999073326587677,0.999073326587677,0.999073326587677,0.0006552711129188538,0.0,0.6975671648979187,1660000.0,-0.009731290861964226,0.00032196566462516785,9.298324332718266e-10,0.024066993966698647,0.003243790939450264,1.506502628326416,0.408224493265152,-0.021773964166641235,3.017228603363037,10130.822265625,22.130931854248047,100.27489471435547,122.40583038330078,163.3909149169922,0.9255196452140808,0.30843260884284973,0.16138242185115814,0.023348476737737656,0.30416491627693176,1.0,0.2518424093723297,0.023346932604908943,-1176.80517578125,0.023348476737737656,0.0003775175428017974,0.09226208925247192,0.0,0.4655896723270416,0.0
14.739245414733887,29.84000015258789,1000.0,83.0,1.0531177520751953,0.0001365901407552883,40.0,0.99961918592453,0.99961918592453,0.99961918592453,0.0002693183487281203,0.0,0.6942145228385925,1680000.0,-0.004834652878344059,0.004896637983620167,-2.1934509764065524e-09,0.025685392320156097,0.0016183983534574509,1.530799150466919,0.26675862073898315,-0.14146587252616882,3.1189284324645996,10254.83203125,21.850631713867188,102.12689971923828,123.97753143310547,161.31954956054688,0.907608151435852,0.3235936760902405,0.1500883251428604,0.024279125034809113,0.3193173110485077,1.0,0.15283039212226868,0.02388693578541279,-579.072509765625,0.024279125034809113,0.003983082249760628,0.040452249348163605,0.0,0.7031428813934326,0.0
14.342626571655273,25.5,1000.0,84.0,1.0574933290481567,0.00013955592294223607,40.0,0.9998294711112976,0.9998294711112976,0.9998294711112976,0.0001206242959597148,0.0,0.6971774101257324,1700000.0,-0.0076649002730846405,-0.0028302473947405815,-2.2888184680880386e-09,0.02170172519981861,-0.003983667120337486,1.592838168144226,0.3350735604763031,0.06831493973731995,3.059758424758911,10376.6865234375,21.563167572021484,100.25853729248047,121.82170867919922,164.17434692382812,0.8436211943626404,0.32387861609458923,0.18935082852840424,0.028101846575737,0.31864169239997864,1.0,0.2196188122034073,0.027865568175911903,-3.153974771499634,0.028101846575737,0.0043139951303601265,0.07876558601856232,0.0,0.5039027333259583,0.0
13.983077049255371,23.600000381469727,1000.0,85.0,1.0496901273727417,0.00018341199029237032,40.0,1.001877784729004,1.001877784729004,1.001877784729004,0.0013277380494400859,0.0,0.6916504502296448,1720000.0,-0.015827106311917305,-0.008162206038832664,-2.145767119543507e-09,0.02397875487804413,0.0022770296782255173,1.4078900814056396,0.32140204310417175,-0.013671517372131348,2.7230443954467773,10497.7880859375,21.443279266357422,99.62569427490234,121.06897735595703,165.19508361816406,0.9161235094070435,0.27345189452171326,0.19217200577259064,0.023829873651266098,0.29848796129226685,1.0,0.21013081073760986,0.02378891594707966,-26.70841407775879,0.023829873651266098,0.0017330592963844538,0.07333015650510788,1.0915558338165283,0.0,3.0
14.007673263549805,26.0,1000.0,86.0,1.039331316947937,0.00015215377788990736,40.0,0.9986143708229065,0.9986143708229065,0.9986143708229065,0.000979773816652596,0.0,0.684504508972168,1740000.0,-0.011231750249862671,0.004595356062054634,-6.484985437538171e-09,0.02492280676960945,0.0009440518915653229,1.4443943500518799,0.3596501350402832,0.03824809193611145,2.7738420963287354,10618.32421875,21.288986206054688,99.2099380493164,120.4989242553711,165.97659301757812,0.9133031368255615,0.32162147760391235,0.1801893264055252,0.02397727780044079,0.3100745379924774,1.0,0.23296116292476654,0.02397574484348297,-9.100528717041016,0.02397727780044079,-0.0004100410733371973,0.10964275151491165,0.0,0.42709553241729736,0.0
13.493093490600586,26.940000534057617,1000.0,87.0,1.0334858894348145,0.00016810261877253652,40.0,0.9986521601676941,0.9986521601676941,0.9986521601676941,0.0009531088289804757,0.0,0.6807424426078796,1760000.0,-0.009799429215490818,0.0014323210343718529,6.246566819356758e-09,0.02535352110862732,0.00043071433901786804,1.5242910385131836,0.3938157260417938,0.03416559100151062,3.172119617462158,10738.2822265625,21.484214782714844,98.43937683105469,119.92359161376953,166.77285766601562,0.9308273196220398,0.2952091097831726,0.15949293971061707,0.02308296412229538,0.3006419837474823,1.0,0.32118868827819824,0.02277679368853569,-27.858232498168945,0.02308296412229538,0.0064291032031178474,0.13500143587589264,0.0,0.3848980963230133,0.0
14.707371711730957,27.600000381469727,1000.0,88.0,1.0294551849365234,0.00015788427845109254,40.0,1.0013374090194702,1.0013374090194702,1.0013374090194702,0.0009456629049964249,0.0,0.6779900193214417,1780000.0,-0.009311557747423649,0.0004878714680671692,1.478195232884616e-09,0.02546001598238945,0.00010649487376213074,1.6472883224487305,0.3510851263999939,-0.04273059964179993,3.3666656017303467,10860.59765625,22.149375915527344,100.13243865966797,122.28181457519531,163.55661010742188,0.9178000092506409,0.3104800283908844,0.1685595065355301,0.02374289743602276,0.32070818543434143,1.0,0.23375700414180756,0.023694362491369247,-79.06659698486328,0.02374289743602276,0.0020368178375065327,0.08547594398260117,0.0,0.4837188720703125,0.0
13.89856243133545,22.31999969482422,1000.0,89.0,1.0211291313171387,0.00016956763283815235,40.0,1.0015243291854858,1.0015243291854858,1.0015243291854858,0.0010778354480862617,0.0,0.6723142266273499,1800000.0,-0.01568472944200039,-0.00637317169457674,2.00271599304358e-09,0.025340767577290535,-0.0001192484050989151,1.4349806308746338,0.24032068252563477,-0.11076444387435913,2.6575496196746826,10984.14453125,22.902772903442383,100.61004638671875,123.5128173828125,161.926513671875,0.949607253074646,0.29052790999412537,0.14818672835826874,0.02217898890376091,0.30594518780708313,1.0,0.11594893038272858,0.02216462790966034,-241.06431579589844,0.02217898890376091,0.0006541042821481824,0.02979206293821335,1.0530669689178467,0.0,3.0
14.202609062194824,18.420000076293945,1000.0,90.0,1.0118088722229004,0.00016530144785065204,40.0,1.0015262365341187,1.0015262365341187,1.0015262365341187,0.0010792403481900692,0.0,0.6659210324287415,1820000.0,-0.016489939764142036,-0.0008052103221416473,-4.1961669694501325e-09,0.023017676547169685,-0.0023230910301208496,1.428980827331543,0.27982622385025024,0.03950554132461548,2.569202423095703,11106.2509765625,23.29399871826172,98.77778625488281,122.07271575927734,163.83677673339844,0.8787357211112976,0.2903079390525818,0.1732228845357895,0.02590080350637436,0.33037009835243225,1.0,0.187627375125885,0.025898044928908348,-702.4429321289062,0.02590080350637436,0.0004122750833630562,0.06163512170314789,1.1379985809326172,0.0,3.0
15.451103210449219,21.440000534057617,1000.0,91.0,1.0026739835739136,0.00015850549971219152,40.0,1.0005632638931274,1.0005632638931274,1.0005632638931274,0.0003983158094342798,0.0,0.6599451899528503,1840000.0,-0.014427787624299526,0.0020621521398425102,-4.911422823994371e-09,0.02474413812160492,0.001726461574435234,1.7334829568862915,0.433418869972229,0.15359264612197876,2.9378483295440674,11227.5869140625,23.507123947143555,97.795166015625,121.30229187011719,164.87734985351562,0.9672051072120667,0.3011225759983063,0.14070887863636017,0.0213792584836483,0.31133273243904114,1.0,0.2763579189777374,0.021220386028289795,-93.32971954345703,0.0213792584836483,0.004644264932721853,0.1357646882534027,1.0339068174362183,0.0,3.0
15.916926383972168,32.400001525878906,1000.0,92.0,1.0034390687942505,0.0001466431567678228,40.0,0.9994761347770691,0.9994761347770691,0.9994761347770691,0.00037044269265607,0.0,0.6604557037353516,1860000.0,-0.009426388889551163,0.0050013987347483635,1.3351440841802287e-08,0.023109382018446922,-0.0016347561031579971,1.6377695798873901,0.4202118515968323,-0.013207018375396729,3.052023410797119,11352.947265625,23.451459884643555,101.874755859375,125.32621765136719,159.58352661132812,0.9125074148178101,0.3134598135948181,0.15631203353405,0.024019116535782814,0.32482242584228516,1.0,0.2885241210460663,0.023658430203795433,-430.6261291503906,0.024019116535782814,0.006772308144718409,0.1271578073501587,0.0,0.39659154415130615,0.0
17.085298538208008,33.91999816894531,1000.0,93.0,1.0015398263931274,0.00014375883620232344,40.0,0.9998541474342346,0.9998541474342346,0.9998541474342346,0.00010311928781447932,0.0,0.6591365933418274,1880000.0,-0.0074103823862969875,0.002016006503254175,-1.0013580187262505e-08,0.022697770968079567,-0.00041161105036735535,1.660262107849121,0.32335755228996277,-0.0968542993068695,3.218432903289795,11476.318359375,23.009754180908203,100.32766723632812,123.3374252319336,162.1567840576172,0.977526843547821,0.3196844756603241,0.1297512799501419,0.020930152386426926,0.31653955578804016,1.0,0.21351972222328186,0.020536981523036957,-935.5247802734375,0.020930152386426926,0.005782605614513159,0.08504815399646759,0.0,0.48493388295173645,0.0
17.15046501159668,31.139999389648438,1000.0,94.0,0.9992151260375977,0.00015171505219768733,40.0,0.999777615070343,0.999777615070343,0.999777615070343,0.0001572639448568225,0.0,0.657584011554718,1900000.0,-0.007064543664455414,0.0003458387218415737,2.9087066089061864e-09,0.024088211357593536,0.0013904403895139694,1.7520943880081177,0.31662383675575256,-0.006733715534210205,3.1033291816711426,11597.841796875,22.403627395629883,99.08606719970703,121.48969268798828,164.62301635742188,0.9201325178146362,0.30997180938720703,0.15331514179706573,0.023622674867510796,0.32594332098960876,1.0,0.22183801233768463,0.023350151255726814,-546.9266357421875,0.023622674867510796,0.00433409633114934,0.0689273551106453,0.0,0.5386654734611511,0.0
17.979045867919922,26.31999969482422,1000.0,95.0,1.0029407739639282,0.00015499425353482366,40.0,0.9992278218269348,0.9992278218269348,0.9992278218269348,0.0005459702806547284,0.0,0.6601128578186035,1920000.0,-0.007642417214810848,-0.0005778735503554344,-3.290176353587526e-09,0.02465919964015484,0.0005709882825613022,1.7550376653671265,0.257602721452713,-0.05902111530303955,2.948237895965576,11719.8505859375,22.114334106445312,99.8501968383789,121.96453094482422,163.9821014404297,1.0053294897079468,0.30605050921440125,0.1569807082414627,0.019788501784205437,0.29982930421829224,1.0,0.2112751007080078,0.019777728244662285,-27.689804077148438,0.019788501784205437,0.0008230510866269469,0.06288023293018341,0.0,0.5639724731445312,0.0
17.890522003173828,27.520000457763672,1000.0,96.0,1.0036835670471191,0.000154035646119155,40.0,1.0004581212997437,1.0004581212997437,1.0004581212997437,0.00032385639497078955,0.0,0.6605830788612366,1940000.0,-0.009144799783825874,-0.001502382569015026,9.489059316081239e-09,0.026790712028741837,0.002131512388586998,1.7634161710739136,0.3323582410812378,0.07475551962852478,2.8351199626922607,11841.0166015625,22.356063842773438,98.7770767211914,121.13314056396484,165.1075897216797,0.9455205798149109,0.3108346164226532,0.16857579350471497,0.02237112633883953,0.30940717458724976,1.0,0.23636743426322937,0.022364052012562752,-73.40061950683594,0.02237112633883953,0.0007822441402822733,0.08649343997240067,0.0,0.4808652400970459,0.0
18.497159957885742,26.600000381469727,1000.0,97.0,1.001949429512024,0.00012729949958156794,40.0,1.0003589391708374,1.0003589391708374,1.0003589391708374,0.0002537802211008966,0.0,0.6594375967979431,1960000.0,-0.006962132174521685,0.0021826676093041897,2.8610229740877458e-09,0.02325364574790001,-0.0035370662808418274,1.8591945171356201,0.2742314636707306,-0.0581267774105072,2.925691604614258,11963.7880859375,22.25128746032715,100.48717498779297,122.73846435546875,162.94810485839844,0.8839259743690491,0.3319842219352722,0.16831086575984955,0.025597529485821724,0.3260262608528137,1.0,0.18123191595077515,0.025597406551241875,-49.247920989990234,0.025597529485821724,8.012494072318077e-05,0.05196079611778259,0.0,0.6204075217247009,0.0
16.712541580200195,25.420000076293945,1000.0,98.0,1.0089521408081055,0.00015131989493966103,40.0,0.9994561672210693,0.9994561672210693,0.9994561672210693,0.0003845478349830955,0.0,0.6642296314239502,1980000.0,-0.007150540594011545,-0.00018840841948986053,4.935264641403592e-09,0.02324080839753151,-1.2837350368499756e-05,1.564719319343567,0.260510116815567,-0.013721346855163574,2.447188138961792,12084.9501953125,21.635038375854492,99.49417877197266,121.12921905517578,165.11293029785156,0.9424987435340881,0.31084349751472473,0.15710197389125824,0.02251480706036091,0.3193330466747284,1.0,0.18686766922473907,0.022445183247327805,-2.9042561054229736,0.02251480706036091,0.002049368107691407,0.060323040932416916,0.0,0.575802206993103,0.0
16.130420684814453,24.239999771118164,1000.0,99.0,1.0004898309707642,0.00017538003157824278,40.0,1.0000871419906616,1.0000871419906616,1.0000871419906616,6.159061013022438e-05,0.0,0.6587886214256287,2000000.0,-0.015620753169059753,-0.008470212575048208,-1.444816621898326e-08,0.02382527105510235,0.0005844626575708389,1.6990326642990112,0.31514039635658264,0.054630279541015625,2.564448595046997,12206.5966796875,21.22310447692871,100.38986206054688,121.61296844482422,164.45614624023438,0.9005559682846069,0.28494518995285034,0.14860105514526367,0.0246608704328537,0.31641024351119995,1.0,0.21219567954540253,0.024430228397250175,-7.884279727935791,0.0246608704328537,0.0041053625755012035,0.07307437062263489,1.1104251146316528,0.0,3.0
15.735932350158691,28.280000686645508,1000.0,100.0,0.9979655146598816,0.00013727562327403575,40.0,0.9997329711914062,0.9997329711914062,0.9997329711914062,0.0001888459810288623,0.0,0.6572301983833313,2020000.0,-0.00996869895607233,0.005652054212987423,-3.0994415367580075e-10,0.021746646612882614,-0.002078624442219734,1.7937510013580322,0.33854421973228455,0.023403823375701904,2.6102793216705322,12330.220703125,21.332231521606445,102.25982666015625,123.59205627441406,161.82269287109375,0.8861913084983826,0.3185819685459137,0.17951786518096924,0.02546682581305504,0.3290509581565857,1.0,0.24845941364765167,0.02540956623852253,-113.9349136352539,0.02546682581305504,-0.002325044246390462,0.09440930187702179,0.0,0.4602645933628082,0.0
17.155284881591797,26.219999313354492,1000.0,101.0,1.0006119012832642,0.00013037565804552287,40.0,1.0008436441421509,1.0008436441421509,1.0008436441421509,0.0005965745658613741,0.0,0.6588982939720154,2040000.0,-0.00709471246227622,0.00287398649379611,5.7220459481754915e-09,0.023204833269119263,0.0014581866562366486,1.757824420928955,0.2893543541431427,-0.049189865589141846,2.4317467212677,12451.2724609375,21.413738250732422,99.60411834716797,121.01785278320312,165.26487731933594,0.9851945042610168,0.3335781395435333,0.13201506435871124,0.020605627447366714,0.3204757869243622,1.0,0.17379331588745117,0.020591838285326958,-26.087182998657227,0.020605627447366714,0.0008866607677191496,0.05701105296611786,0.0,0.5922914147377014,0.0
16.8940372467041,22.420000076293945,1000.0,102.0,0.9860197901725769,0.00018371143960393965,40.0,0.9999297261238098,0.9999297261238098,0.9999297261238098,4.970518784830347e-05,0.0,0.6492812037467957,2060000.0,-0.016725361347198486,-0.009630648884922266,6.1988831845383174e-09,0.022471996024250984,-0.0007328372448682785,1.7396788597106934,0.28354156017303467,-0.005812793970108032,2.490417242050171,12571.3876953125,21.415752410888672,98.66551971435547,120.0812759399414,166.55386352539062,0.8622347116470337,0.2791997790336609,0.18723012506961823,0.026901643723249435,0.323809415102005,1.0,0.16774657368659973,0.02686982788145542,-138.02772521972656,0.026901643723249435,0.0012385919690132141,0.04821809008717537,1.159777045249939,0.0,3.0
16.798545837402344,21.219999313354492,1000.0,103.0,0.9711387157440186,0.0001752941170707345,40.0,1.0007762908935547,1.0007762908935547,1.0007762908935547,0.000548864365555346,0.0,0.6396715044975281,2080000.0,-0.015941038727760315,0.0007843226194381714,1.4305114426349519e-08,0.024526217952370644,0.0020542219281196594,1.623220443725586,0.2921842038631439,0.008642643690109253,2.347991704940796,12692.568359375,21.253026962280273,99.89447784423828,121.14750671386719,165.0880126953125,0.9415191411972046,0.28362005949020386,0.17532101273536682,0.022561684250831604,0.3012365996837616,1.0,0.2826596200466156,0.022519268095493317,-173.20115661621094,0.022561684250831604,-0.0018705034162849188,0.08248648047447205,1.0621132850646973,0.0,3.0
17.499326705932617,22.1200008392334,1000.0,104.0,0.9671163558959961,0.00017387424304615706,40.0,1.0005556344985962,1.0005556344985962,1.0005556344985962,0.0003928648366127163,0.0,0.6371594667434692,2100000.0,-0.016975650563836098,-0.0010346118360757828,9.346008411625917e-09,0.022508446127176285,-0.002017771825194359,1.9603458642959595,0.3111644983291626,0.018980294466018677,2.6621992588043213,12815.1728515625,21.778196334838867,100.77986145019531,122.55805969238281,163.18795776367188,0.842873752117157,0.27597737312316895,0.178626149892807,0.028151709586381912,0.3274243175983429,1.0,0.17120830714702606,0.02798265404999256,-185.98548889160156,0.028151709586381912,0.002745648380368948,0.04459219425916672,1.1864173412322998,0.0,3.0
18.894559860229492,28.18000030517578,1000.0,105.0,0.9702329635620117,0.0001306043122895062,40.0,1.0000489950180054,1.0000489950180054,1.0000489950180054,3.461663436610252e-05,0.0,0.6394595503807068,2120000.0,-0.008556675165891647,0.00841897539794445,4.100799699813251e-09,0.024708641692996025,0.0022001955658197403,1.8921571969985962,0.3417598307132721,0.030595332384109497,2.473299503326416,12936.576171875,22.14716148376465,99.21957397460938,121.36673736572266,164.789794921875,0.929844856262207,0.32748156785964966,0.158608540892601,0.02313176728785038,0.32421839237213135,1.0,0.1797606199979782,0.02312740869820118,-153.29376220703125,0.02313176728785038,-0.0005362277152016759,0.06595885753631592,0.0,0.5506534576416016,0.0
20.189523696899414,27.219999313354492,1000.0,106.0,0.9734432101249695,0.00014010199811309576,40.0,1.0007699728012085,1.0007699728012085,1.0007699728012085,0.0005444248672574759,0.0,0.6415885090827942,2140000.0,-0.007015961222350597,0.00154071394354105,-1.0085106083579376e-08,0.021510738879442215,-0.00319790281355381,1.880678653717041,0.317759245634079,-0.024000585079193115,2.375589370727539,13059.716796875,24.048486709594727,99.0560531616211,123.10453796386719,162.4635467529297,0.9487243294715881,0.31932899355888367,0.14905157685279846,0.022220289334654808,0.32464799284935,1.0,0.20598164200782776,0.022085970267653465,-73.0967788696289,0.022220289334654808,0.003008937230333686,0.06740445643663406,0.0,0.5447166562080383,0.0
19.85186767578125,28.479999542236328,1000.0,107.0,0.9719452261924744,0.0001429863623343408,40.0,0.9999831318855286,0.9999831318855286,0.9999831318855286,1.1913525668205693e-05,0.0,0.6406318545341492,2160000.0,-0.010448874905705452,-0.0034329136833548546,-8.392333938900265e-09,0.022504322230815887,0.0009935833513736725,1.8869906663894653,0.35747283697128296,0.03971359133720398,2.5918445587158203,13183.8115234375,25.722143173217773,98.33769226074219,124.0598373413086,161.2125244140625,0.9601318836212158,0.3214323818683624,0.12393144518136978,0.021695420145988464,0.323953241109848,1.0,0.24101366102695465,0.02149229869246483,-153.95513916015625,0.021695420145988464,-0.003996985498815775,0.07865162193775177,0.0,0.5042676329612732,0.0
19.116865158081055,28.920000076293945,1000.0,108.0,0.9707576632499695,0.0001426379894837737,40.0,1.0001052618026733,1.0001052618026733,1.0001052618026733,7.44594435673207e-05,0.0,0.6400019526481628,2180000.0,-0.006770082283765078,0.0036787926219403744,-3.7193297330873065e-09,0.024936247617006302,0.0024319253861904144,1.8392205238342285,0.2703324556350708,-0.08714038133621216,2.3506720066070557,13309.4306640625,26.80826187133789,98.77812194824219,125.58638000488281,159.2529296875,0.9807328581809998,0.32393887639045715,0.1344127655029297,0.020793534815311432,0.32181620597839355,1.0,0.15641838312149048,0.020789777860045433,-322.452880859375,0.020793534815311432,0.0004230652702972293,0.0476517528295517,0.0,0.6478515863418579,0.0
18.73283576965332,28.139999389648438,1000.0,109.0,0.9715616106987,0.00014172417286317796,40.0,1.0004583597183228,1.0004583597183228,1.0004583597183228,0.00032413736335001886,0.0,0.6403338313102722,2200000.0,-0.00683810468763113,-6.802240386605263e-05,-5.7220459481754915e-09,0.024082114920020103,-0.0008541326969861984,1.9085479974746704,0.3467366695404053,0.07640421390533447,2.675576686859131,13433.6357421875,25.675294876098633,98.49555969238281,124.17085266113281,161.06838989257812,0.8624804615974426,0.32315465807914734,0.15396155416965485,0.026886316016316414,0.33890199661254883,1.0,0.20316538214683533,0.02651522308588028,-138.85833740234375,0.026886316016316414,0.0051327855326235294,0.07099448144435883,0.0,0.5307655334472656,0.0
18.596464157104492,30.020000457763672,1000.0,110.0,0.9717628359794617,0.00015210846322588623,40.0,0.9988777041435242,0.9988777041435242,0.9988777041435242,0.0007935689645819366,0.0,0.6401497721672058,2220000.0,-0.012676340527832508,-0.005838235840201378,3.9577483512687195e-09,0.0225908812135458,-0.0014912337064743042,1.9335578680038452,0.393023818731308,0.04628714919090271,2.8111720085144043,13557.4677734375,23.623626708984375,100.17459869384766,123.79822540283203,161.55320739746094,1.0142617225646973,0.31494224071502686,0.10910281538963318,0.019441496580839157,0.315549373626709,1.0,0.2606041729450226,0.019230548292398453,-240.23805236816406,0.019441496580839157,-0.004703850019723177,0.1048889011144638,0.0,0.4366668462753296,0.0
19.290712356567383,30.559999465942383,1000.0,111.0,0.9713312983512878,0.00012574359425343573,40.0,0.9998324513435364,0.9998324513435364,0.9998324513435364,0.00011846074630739167,0.0,0.6397944092750549,2240000.0,-0.008316542953252792,0.004359797574579716,7.581711258808355e-09,0.02051631361246109,-0.002074567601084709,2.0064496994018555,0.3106653094291687,-0.08235850930213928,2.7457962036132812,13682.697265625,22.634061813354492,102.56297302246094,125.19703674316406,159.74819946289062,1.0593184232711792,0.3352165222167969,0.12038331478834152,0.017822831869125366,0.30901557207107544,1.0,0.2325967252254486,0.017780236899852753,-429.39215087890625,0.017822831869125366,0.0017511339392513037,0.0719904899597168,0.0,0.5270810723304749,0.0
18.957307815551758,29.739999771118164,1000.0,112.0,0.9657351970672607,0.00013736786786466837,40.0,0.9988360404968262,0.9988360404968262,0.9988360404968262,0.0008230155217461288,0.0,0.6363440155982971,2260000.0,-0.008091087453067303,0.00022545550018548965,-1.1873245497895368e-08,0.021282734349370003,0.0007664207369089127,1.9079571962356567,0.2644897401332855,-0.04617556929588318,2.672778844833374,13805.408203125,21.574125289916992,101.10059356689453,122.67471313476562,163.03277587890625,0.9493021368980408,0.3290368616580963,0.15689510107040405,0.022193249315023422,0.3204978406429291,1.0,0.19861461222171783,0.02215711958706379,-322.3193359375,0.022193249315023422,0.0015869354829192162,0.06970168650150299,0.0,0.5356650352478027,0.0
17.981746673583984,27.200000762939453,1000.0,113.0,0.9591211676597595,0.000133507841383107,40.0,0.9989030957221985,0.9989030957221985,0.9989030957221985,0.0007756424602121115,0.0,0.6322603821754456,2280000.0,-0.008640988729894161,-0.0005499012768268585,1.4686584393075464e-08,0.016629507765173912,-0.004653226584196091,1.816483736038208,0.258522093296051,-0.005967646837234497,2.6356399059295654,13927.4052734375,21.681747436523438,100.27830505371094,121.96005249023438,163.9881134033203,0.8243348002433777,0.3307018578052521,0.17764396965503693,0.029432188719511032,0.3357306122779846,1.0,0.21469993889331818,0.02940480224788189,-55.945735931396484,0.029432188719511032,0.0015389444306492805,0.08648154139518738,0.0,0.48089832067489624,0.0
17.009986877441406,27.0,1000.0,114.0,0.9595341682434082,0.00013888173270970583,40.0,0.9991264939308167,0.9991264939308167,0.9991264939308167,0.000617648009210825,0.0,0.6324285268783569,2300000.0,-0.009435631334781647,-0.0007946426048874855,-1.5020370502938363e-09,0.02008334919810295,0.003453841432929039,1.8354742527008057,0.35759881138801575,0.09907671809196472,2.5572214126586914,14049.1552734375,21.683259963989258,100.0320053100586,121.71526336669922,164.31793212890625,0.9282507300376892,0.32468655705451965,0.15053275227546692,0.0232112854719162,0.32403016090393066,1.0,0.20262941718101501,0.023208120837807655,-55.00374221801758,0.0232112854719162,-0.0004795893910340965,0.07269588112831116,0.0,0.5245175957679749,0.0
16.442325592041016,32.58000183105469,1000.0,115.0,0.9638054966926575,0.00015658205666113645,40.0,0.9995753169059753,0.9995753169059753,0.9995753169059753,0.0003003384335897863,0.0,0.6354144215583801,2320000.0,-0.011867833323776722,-0.0024322019889950752,1.0299682884351569e-08,0.019702499732375145,-0.0003808494657278061,1.8105156421661377,0.3922197222709656,0.03462091088294983,2.5890800952911377,14174.263671875,21.853147506713867,103.22193908691406,125.07508850097656,159.90394592285156,0.8678663969039917,0.30733272433280945,0.1883525848388672,0.026553642004728317,0.33636242151260376,1.0,0.25747761130332947,0.02655038982629776,-481.0336608886719,0.026553642004728317,0.0006232908926904202,0.11943870782852173,0.0,0.40920642018318176,0.0
16.577146530151367,40.0,1000.0,116.0,0.9628310799598694,0.00013246841263026,40.0,1.000923991203308,1.000923991203308,1.000923991203308,0.000653332332149148,0.0,0.6349608302116394,2340000.0,-0.011484823189675808,0.000383010134100914,-9.536743617033494e-10,0.021211476996541023,0.0015089772641658783,1.753820538520813,0.4092121422290802,0.016992419958114624,2.7825136184692383,14295.900390625,21.445356369018555,100.15853118896484,121.60388946533203,164.4684295654297,0.905388593673706,0.32788607478141785,0.15419329702854156,0.024398311972618103,0.3282483220100403,1.0,0.2714410722255707,0.02433016151189804,-1986.098876953125,0.024398311972618103,-0.002778578083962202,0.11328626424074173,0.0,0.4201712906360626,0.0
15.89517593383789,36.7400016784668,1000.0,117.0,0.9661899209022522,0.0001243503502337262,40.0,0.9994062781333923,0.9994062781333923,0.9994062781333923,0.00041983879054896533,0.0,0.6369308829307556,2360000.0,-0.008765628561377525,0.0027191946282982826,-5.054473728449693e-09,0.020457785576581955,-0.0007536914199590683,1.7750197649002075,0.371176153421402,-0.03803598880767822,2.776866912841797,14416.869140625,21.25143814086914,99.68331146240234,120.93475341796875,165.37843322753906,0.9237033724784851,0.33668363094329834,0.13080646097660065,0.02344038337469101,0.3335350453853607,1.0,0.19761539995670319,0.023440329357981682,-1854.758056640625,0.02344038337469101,-6.284081609919667e-05,0.07430949807167053,0.0,0.5187914371490479,0.0
16.06072425842285,33.7599983215332,1000.0,118.0,0.9602119326591492,0.00015444407472386956,40.0,1.0004029273986816,1.0004029273986816,1.0004029273986816,0.00028491270495578647,0.0,0.6331226229667664,2380000.0,-0.008906048722565174,-0.00014042016118764877,-1.430511542555024e-10,0.022178057581186295,0.0017202720046043396,1.8576740026474,0.23902276158332825,-0.13215339183807373,2.545382499694824,14540.974609375,21.292377471923828,102.7807846069336,124.07315826416016,161.19522094726562,1.012375831604004,0.3092954754829407,0.13806524872779846,0.019513998180627823,0.3136337101459503,1.0,0.20057614147663116,0.019314097240567207,-1239.835205078125,0.019513998180627823,-0.003517435397952795,0.06189235672354698,0.0,0.5684554576873779,0.0
16.620512008666992,22.700000762939453,1000.0,119.0,0.9410519003868103,0.00015390917542390525,40.0,1.0000200271606445,1.0000200271606445,1.0000200271606445,1.4161340914142784e-05,0.0,0.6214532256126404,2400000.0,-0.015688784420490265,-0.006782735697925091,2.241134611224993e-09,0.020555302500724792,-0.001622755080461502,1.7885874509811401,0.3228854835033417,0.08386272192001343,2.312915325164795,14663.9755859375,21.71674919128418,101.2501220703125,122.96695709228516,162.6453094482422,0.9487719535827637,0.31045717000961304,0.12528495490550995,0.02221805974841118,0.32721999287605286,1.0,0.19468168914318085,0.022212276235222816,-74.86038208007812,0.02221805974841118,-0.0006392307113856077,0.07064595818519592,1.053994059562683,0.0,3.0
16.63982391357422,21.239999771118164,1000.0,120.0,0.9266242384910583,0.00017305089568253607,40.0,0.9992725253105164,0.9992725253105164,0.9992725253105164,0.0005143882590346038,0.0,0.6129400730133057,2420000.0,-0.018729466944932938,-0.0030406825244426727,8.106231796922714e-10,0.020877357572317123,0.00032205507159233093,1.7597708702087402,0.2864569127559662,-0.03642857074737549,2.515923500061035,14786.2421875,21.97502899169922,100.24986267089844,122.22488403320312,163.63279724121094,0.7924703359603882,0.29025429487228394,0.18855829536914825,0.031846657395362854,0.366265207529068,1.0,0.1850288063287735,0.03168749809265137,-211.9042205810547,0.031846657395362854,0.0032584634609520435,0.06671063601970673,1.2618769407272339,0.0,3.0
16.755699157714844,23.540000915527344,1000.0,121.0,0.9204311370849609,0.00015595692093484104,40.0,0.9995470643043518,0.9995470643043518,0.9995470643043518,0.00032025983091443777,0.0,0.6091153621673584,2440000.0,-0.015043281018733978,0.0036861859261989594,-2.38418573772492e-09,0.021726051345467567,0.000848693773150444,1.8950318098068237,0.30858927965164185,0.02213236689567566,2.6720688343048096,14908.15234375,21.91840362548828,99.95799255371094,121.87639617919922,164.10067749023438,0.9161490797996521,0.30369833111763,0.1704125851392746,0.023828543722629547,0.33149442076683044,1.0,0.21286778151988983,0.023582905530929565,-28.578886032104492,0.023828543722629547,0.004278842359781265,0.07453426718711853,1.0915254354476929,0.0,3.0
17.755727767944336,21.940000534057617,1000.0,122.0,0.911489725112915,0.0001551266323076561,40.0,0.9992507100105286,0.9992507100105286,0.9992507100105286,0.0005298139876686037,0.0,0.6035947799682617,2460000.0,-0.0172513909637928,-0.0022081099450588226,-7.295608561719291e-09,0.0227173063904047,0.0009912550449371338,1.9241913557052612,0.313750296831131,0.005161017179489136,2.431964159011841,15030.5009765625,21.960189819335938,100.3527603149414,122.31295013427734,163.51498413085938,0.8797248601913452,0.3071518540382385,0.1657630056142807,0.025842592120170593,0.3491453230381012,1.0,0.24866794049739838,0.02579103410243988,-111.75151062011719,0.025842592120170593,-0.002078291727229953,0.08377444744110107,1.136718988418579,0.0,3.0
19.348663330078125,20.420000076293945,1000.0,123.0,0.9061727523803711,0.00013505402603186667,40.0,0.9991233944892883,0.9991233944892883,0.9991233944892883,0.0006198115879669785,0.0,0.60027676820755,2480000.0,-0.015771282836794853,0.0014801081269979477,-6.341934088993639e-09,0.0214530099183321,-0.0012642964720726013,1.98740816116333,0.26617029309272766,-0.04758000373840332,2.571913242340088,15153.2509765625,22.551225662231445,100.16508483886719,122.71630859375,162.97752380371094,0.9236589670181274,0.32213807106018066,0.1547395884990692,0.023442640900611877,0.34876295924186707,1.0,0.1639753133058548,0.023413747549057007,-406.083984375,0.023442640900611877,0.0012216329341754317,0.05165276676416397,1.0826506614685059,0.0,3.0
20.326457977294922,25.3799991607666,1000.0,124.0,0.9104442000389099,0.00014157075202092528,40.0,1.0001139640808105,1.0001139640808105,1.0001139640808105,8.058477396843955e-05,0.0,0.6027430891990662,2500000.0,-0.013736404478549957,0.002034878358244896,-3.433227480087453e-09,0.021977845579385757,0.0005248356610536575,2.047698736190796,0.37702006101608276,0.1108497679233551,2.5440235137939453,15274.849609375,22.680471420288086,98.88610076904297,121.56657409667969,164.51890563964844,0.9722845554351807,0.3159778118133545,0.140854611992836,0.02115646004676819,0.328493595123291,1.0,0.2881280183792114,0.02061382494866848,-1.2287102937698364,0.02115646004676819,-0.00792146846652031,0.11563879251480103,0.0,0.4158753752708435,0.0
20.372529983520508,23.540000915527344,1000.0,125.0,0.9046623110771179,0.00015564395289402455,40.0,0.9993448853492737,0.9993448853492737,0.9993448853492737,0.0004632219497580081,0.0,0.5993240475654602,2520000.0,-0.016561275348067284,-0.0028248708695173264,-9.536743617033494e-10,0.018881551921367645,-0.003096293658018112,1.9284324645996094,0.22599831223487854,-0.15102174878120422,2.3815858364105225,15398.5908203125,23.216121673583984,100.4883041381836,123.70442962646484,161.6757049560547,0.8929105401039124,0.3048526644706726,0.14469043910503387,0.02508499100804329,0.34141454100608826,1.0,0.12188757210969925,0.025035791099071503,-67.70346069335938,0.02508499100804329,-0.0012444070307537913,0.0314750112593174,1.119933009147644,0.0,3.0
20.488012313842773,32.63999938964844,1000.0,126.0,0.905600368976593,0.0001331466919509694,40.0,1.0005788803100586,1.0005788803100586,1.0005788803100586,0.0004093301831744611,0.0,0.5996432900428772,2540000.0,-0.010408584959805012,0.006152690388262272,5.221366894403445e-09,0.018643438816070557,-0.00023811310529708862,2.032026529312134,0.38291019201278687,0.15691187977790833,2.562680959701538,15523.38671875,23.188100814819336,101.57403564453125,124.76213836669922,160.30503845214844,0.9256801605224609,0.3298327624797821,0.12800845503807068,0.0233403779566288,0.3349280059337616,1.0,0.22477354109287262,0.023334739729762077,-648.6348266601562,0.0233403779566288,-0.0007123188115656376,0.08998558670282364,0.0,0.47144225239753723,0.0
20.32429313659668,26.700000762939453,1000.0,127.0,0.9114238619804382,0.0001298044080613181,40.0,1.0002336502075195,1.0002336502075195,1.0002336502075195,0.0001652156497584656,0.0,0.6029065251350403,2560000.0,-0.00704828230664134,0.0033603026531636715,3.3378602104505717e-09,0.018605899065732956,-3.753975033760071e-05,2.0563387870788574,0.24422726035118103,-0.13868293166160583,2.574810028076172,15646.6435546875,22.58831214904785,100.6330795288086,123.22138977050781,162.30947875976562,0.9310945272445679,0.3304204046726227,0.11477860808372498,0.02306971698999405,0.3426785171031952,1.0,0.14498180150985718,0.023069102317094803,-66.76078796386719,0.02306971698999405,-0.00016305132885463536,0.043275944888591766,0.0,0.6798164248466492,0.0
20.479694366455078,28.739999771118164,1000.0,128.0,0.912962019443512,0.0001279890420846641,40.0,0.9997650980949402,0.9997650980949402,0.9997650980949402,0.0001661428832449019,0.0,0.6037667393684387,2580000.0,-0.006118734832853079,0.0009295474737882614,-5.006790093631253e-09,0.018312029540538788,-0.0002938695251941681,2.0159075260162354,0.25610098242759705,0.011873722076416016,2.6091461181640625,15770.4853515625,21.738513946533203,102.06964111328125,123.80815887451172,161.54025268554688,0.9505850076675415,0.33779311180114746,0.1375647783279419,0.022133387625217438,0.33332517743110657,1.0,0.14936095476150513,0.02204563096165657,-307.0985107421875,0.022133387625217438,0.0019992117304354906,0.045544616878032684,0.0,0.6626686453819275,0.0
20.203414916992188,30.299999237060547,1000.0,129.0,0.9145277142524719,0.00013721243885811418,40.0,0.9996142387390137,0.9996142387390137,0.9996142387390137,0.00027280248468741775,0.0,0.6047044396400452,2600000.0,-0.012077121064066887,-0.005958386231213808,1.907348723406699e-09,0.017150280997157097,-0.001161748543381691,2.074491024017334,0.36940690875053406,0.11330592632293701,2.5573832988739014,15894.3994140625,21.61928939819336,102.26024627685547,123.87953186035156,161.44717407226562,0.8817010521888733,0.3231222629547119,0.15630105137825012,0.02572687901556492,0.33659133315086365,1.0,0.26569733023643494,0.02556942217051983,-264.4964599609375,0.02572687901556492,-0.004089117515832186,0.10619374364614487,0.0,0.43397581577301025,0.0
19.962203979492188,30.280000686645508,1000.0,130.0,0.9140934944152832,0.0001371926919091493,40.0,1.0009616613388062,1.0009616613388062,1.0009616613388062,0.0006799691473133862,0.0,0.6044453978538513,2620000.0,-0.007211215328425169,0.004865905735641718,-4.291534350109316e-10,0.01878640614449978,0.0016361251473426819,2.1544461250305176,0.28684765100479126,-0.0825592577457428,2.9197986125946045,16017.291015625,21.223928451538086,101.635009765625,122.85894012451172,162.78831481933594,0.9462448358535767,0.32665470242500305,0.1321893036365509,0.022336894646286964,0.3468720316886902,1.0,0.16248862445354462,0.02232271432876587,-533.7410888671875,0.022336894646286964,0.0008605886250734329,0.052230104804039,0.0,0.6188059449195862,0.0
20.73906898498535,32.7400016784668,1000.0,131.0,0.9066126942634583,0.00013760983711108565,40.0,1.0005388259887695,1.0005388259887695,1.0005388259887695,0.00038100749952718616,0.0,0.5998157858848572,2640000.0,-0.009100237861275673,-0.001889022532850504,1.1491775531169424e-08,0.018681611865758896,-0.00010479427874088287,2.1418099403381348,0.3177093267440796,0.03086167573928833,2.619520425796509,16139.46875,21.409292221069336,100.73552703857422,122.14482116699219,163.74005126953125,0.8592175841331482,0.3273387849330902,0.16151374578475952,0.027090903371572495,0.349980890750885,1.0,0.21124210953712463,0.027087602764368057,-715.3323364257812,0.027090903371572495,0.0005257748416624963,0.08374561369419098,0.0,0.4886905550956726,0.0
19.833850860595703,31.31999969482422,1000.0,132.0,0.9019746780395508,0.00014530392945744097,40.0,1.000831961631775,1.000831961631775,1.000831961631775,0.0005882576224394143,0.0,0.5974024534225464,2660000.0,-0.008690891787409782,0.0004093460738658905,1.6403198799253005e-08,0.01743295043706894,-0.0012486614286899567,2.0087192058563232,0.3057732582092285,-0.011936068534851074,2.466810941696167,16261.751953125,21.384002685546875,100.86326599121094,122.24726867675781,163.60284423828125,0.9356762766838074,0.31958165764808655,0.13830578327178955,0.022844336926937103,0.33352744579315186,1.0,0.22514554858207703,0.022792911157011986,-489.50030517578125,0.022844336926937103,0.0020484384149312973,0.08159496635198593,0.0,0.49508902430534363,0.0
19.4114933013916,31.059999465942383,1000.0,133.0,0.907308042049408,0.0001319727161899209,40.0,1.000009536743164,1.000009536743164,1.000009536743164,6.687771929136943e-06,0.0,0.6009723544120789,2680000.0,-0.009127487428486347,-0.0004365956410765648,4.1961669694501325e-09,0.01976255513727665,0.0023296047002077103,2.062772035598755,0.3359338045120239,0.03016054630279541,2.537466287612915,16384.8046875,21.658767700195312,101.36161041259766,123.02037811279297,162.57469177246094,0.8755791783332825,0.3299775719642639,0.1772179901599884,0.026087891310453415,0.35187584161758423,1.0,0.24167141318321228,0.025968050584197044,-367.5076904296875,0.026087891310453415,0.003460434265434742,0.0999206155538559,0.0,0.44739118218421936,0.0
18.273818969726562,29.8799991607666,1000.0,134.0,0.9064399600028992,0.00014508923050016165,40.0,0.9997989535331726,0.9997989535331726,0.9997989535331726,0.00014214726979844272,0.0,0.6006647348403931,2700000.0,-0.007796652149409056,0.0013308352790772915,1.4781951662712345e-08,0.018856866285204887,-0.0009056888520717621,2.0043222904205322,0.32432785630226135,-0.011605948209762573,2.621572256088257,16507.515625,21.70918083190918,100.96876525878906,122.67794799804688,163.0284881591797,0.8856624960899353,0.3246508538722992,0.15935465693473816,0.025497248396277428,0.339906245470047,1.0,0.2500998079776764,0.025056468322873116,-234.49729919433594,0.025497248396277428,0.006690269336104393,0.10154640674591064,0.0,0.4437952935695648,0.0
18.828439712524414,24.31999969482422,1000.0,135.0,0.8936765789985657,0.0001625853037694469,40.0,0.9993912577629089,0.9993912577629089,0.9993912577629089,0.0004304317117203027,0.0,0.5931167006492615,2720000.0,-0.0175597183406353,-0.009763066191226244,-1.0967254659988157e-08,0.02088414691388607,0.002027280628681183,2.099888801574707,0.27924540638923645,-0.0450824499130249,2.877225399017334,16631.228515625,21.593395233154297,102.0830307006836,123.67642211914062,161.71231079101562,0.89255291223526,0.30139437317848206,0.1706295907497406,0.025105096399784088,0.3376767039299011,1.0,0.2182440459728241,0.02485395409166813,-6.09053373336792,0.025105096399784088,-0.004359431564807892,0.07567266374826431,1.1203817129135132,0.0,3.0
19.93256187438965,23.899999618530273,1000.0,136.0,0.8761453628540039,0.0001422479544999078,40.0,1.000257134437561,1.000257134437561,1.000257134437561,0.00018184960936196148,0.0,0.582402765750885,2740000.0,-0.016006845980882645,0.001552872359752655,2.4318695945879654e-09,0.021842868998646736,0.0009587220847606659,2.063797950744629,0.28536662459373474,0.006121218204498291,2.550233840942383,16753.732421875,21.471040725708008,100.99942779541016,122.47046661376953,163.30467224121094,0.9373477697372437,0.3255923390388489,0.1112566664814949,0.022762935608625412,0.3473549485206604,1.0,0.23656442761421204,0.02276088111102581,-15.136445045471191,0.022762935608625412,-0.0004049664130434394,0.07983407378196716,1.0668399333953857,0.0,3.0
20.19350814819336,27.459999084472656,1000.0,137.0,0.8664311766624451,0.00011494599311845377,40.0,1.0010100603103638,1.0010100603103638,1.0010100603103638,0.0007142485701479018,0.0,0.5765244364738464,2760000.0,-0.008331820368766785,0.00767502561211586,-1.0585784693262212e-08,0.01987164281308651,-0.0019712261855602264,1.9643394947052002,0.3271261751651764,0.04175955057144165,2.6294569969177246,16875.74609375,21.375133514404297,100.6053695678711,121.98050689697266,163.96063232421875,0.8171064853668213,0.34791919589042664,0.14939558506011963,0.029955223202705383,0.3857167363166809,1.0,0.2141609489917755,0.029924217611551285,-77.46751403808594,0.029955223202705383,0.0015561055624857545,0.07809768617153168,0.0,0.5060528516769409,0.0
20.241361618041992,26.440000534057617,1000.0,138.0,0.8622835278511047,0.00012981593317817897,40.0,0.9992671012878418,0.9992671012878418,0.9992671012878418,0.0005182657623663545,0.0,0.5740772485733032,2780000.0,-0.008311484940350056,2.0335428416728973e-05,3.8146971692576415e-10,0.021234648302197456,0.0013630054891109467,2.0957930088043213,0.31922635436058044,-0.007899820804595947,2.8251891136169434,16997.208984375,21.49173927307129,99.93708801269531,121.42933654785156,164.70484924316406,0.8697074055671692,0.3347242474555969,0.15188910067081451,0.026441343128681183,0.3700191080570221,1.0,0.1929771453142166,0.02642865665256977,-29.0058536529541,0.026441343128681183,0.0009519885643385351,0.07143980264663696,0.0,0.5291086435317993,0.0
19.736339569091797,23.020000457763672,1000.0,139.0,0.8595026135444641,0.00013792798563372344,40.0,1.0001873970031738,1.0001873970031738,1.0001873970031738,0.00013250969641376287,0.0,0.5726468563079834,2800000.0,-0.016853854060173035,-0.008542369119822979,2.479553229406406e-09,0.02142968773841858,0.00019503943622112274,2.007425308227539,0.23897051811218262,-0.08025583624839783,2.479322671890259,17119.4765625,22.214935302734375,100.01815795898438,122.23309326171875,163.62181091308594,0.8993946313858032,0.3227737545967102,0.12557914853096008,0.024724598973989487,0.35887885093688965,1.0,0.17629766464233398,0.02472212165594101,-80.72453308105469,0.024724598973989487,0.0003468228969722986,0.04855310171842575,1.1118589639663696,0.0,3.0
20.282468795776367,19.979999542236328,1000.0,140.0,0.8553544878959656,0.00014716231089551002,40.0,0.9998681545257568,0.9998681545257568,0.9998681545257568,9.322883124696091e-05,0.0,0.5704312324523926,2820000.0,-0.017462141811847687,-0.0006082877516746521,-6.055831835993786e-09,0.020250629633665085,-0.0011790581047534943,2.0880942344665527,0.27949976921081543,0.04052925109863281,2.6159894466400146,17243.271484375,22.959396362304688,100.80072784423828,123.76012420654297,161.60293579101562,0.8691405057907104,0.31696900725364685,0.1416572779417038,0.026475844904780388,0.364692360162735,1.0,0.21027864515781403,0.026472488418221474,-341.19189453125,0.026475844904780388,-0.0004978659562766552,0.07385558634996414,1.1505619287490845,0.0,3.0
19.9326229095459,23.68000030517578,1000.0,141.0,0.8500679135322571,0.0001450552517781034,40.0,0.9993192553520203,0.9993192553520203,0.9993192553520203,0.00048140130820684135,0.0,0.5672505497932434,2840000.0,-0.015781093388795853,0.001681048423051834,1.4305114870438729e-09,0.02107972465455532,0.0008290950208902359,2.0442094802856445,0.3214212656021118,0.04192149639129639,2.243379592895508,17365.869140625,23.209016799926758,99.35318756103516,122.56221008300781,163.18243408203125,0.906765878200531,0.3199654519557953,0.15895678102970123,0.02432424947619438,0.35286447405815125,1.0,0.2217119038105011,0.02422463148832321,-22.051851272583008,0.02432424947619438,0.0028042865451425314,0.07894213497638702,1.1028205156326294,0.0,3.0
20.41718101501465,31.18000030517578,1000.0,142.0,0.8514254689216614,0.00012802609126083553,40.0,1.0001840591430664,1.0001840591430664,1.0001840591430664,0.00013020569167565554,0.0,0.5679109692573547,2860000.0,-0.010938994586467743,0.00484209880232811,-9.536742923144104e-11,0.019574513658881187,-0.0015052109956741333,2.098534107208252,0.3624032735824585,0.04098200798034668,2.4770779609680176,17488.90234375,22.697364807128906,100.30135345458984,122.99871826171875,162.6033172607422,0.8082227110862732,0.33373406529426575,0.15338940918445587,0.030617356300354004,0.38832634687423706,1.0,0.2561209797859192,0.03061734326183796,-341.54840087890625,0.030617356300354004,-3.897928399965167e-05,0.11181480437517166,0.0,0.4229269027709961,0.0
20.731172561645508,33.7400016784668,1000.0,143.0,0.8518536686897278,0.00011871534661622718,40.0,0.9995096325874329,0.9995096325874329,0.9995096325874329,0.00034669999149627984,0.0,0.568385660648346,2880000.0,-0.011750924400985241,-0.000811929814517498,3.7193297330873065e-09,0.018941158428788185,-0.0006333552300930023,2.1478347778320312,0.336407870054245,-0.0259954035282135,2.784027338027954,17611.28125,21.780242919921875,100.56433868408203,122.3445816040039,163.4727020263672,0.9037124514579773,0.3451225459575653,0.13765327632427216,0.02448890171945095,0.3618863523006439,1.0,0.21221381425857544,0.024361778050661087,-744.3366088867188,0.02448890171945095,-0.003611895954236388,0.10262234508991241,0.0,0.4414626955986023,0.0
20.714099884033203,31.899999618530273,1000.0,144.0,0.8518189787864685,0.00013379848678596318,40.0,1.001363754272461,1.001363754272461,1.001363754272461,0.000964319915510714,0.0,0.5687465071678162,2900000.0,-0.011598782613873482,0.00015214178711175919,-1.00135799652179e-09,0.019593244418501854,0.0006520859897136688,2.178635597229004,0.36864814162254333,0.03224027156829834,2.8224918842315674,17733.2734375,21.427865982055664,100.53199768066406,121.9598617553711,163.98838806152344,0.9314135909080505,0.3299708366394043,0.11424754559993744,0.023053914308547974,0.36685478687286377,1.0,0.24201616644859314,0.022756829857826233,-511.5667724609375,0.023053914308547974,-0.005258101038634777,0.0930633693933487,0.0,0.4635809659957886,0.0
21.279924392700195,37.18000030517578,1000.0,145.0,0.8559301495552063,0.00012948487710673362,40.0,0.9999210238456726,0.9999210238456726,0.9999210238456726,5.583052916335873e-05,0.0,0.5714278221130371,2920000.0,-0.01436348631978035,-0.002764703705906868,1.7166137400437265e-09,0.019032014533877373,-0.0005612298846244812,2.15104079246521,0.4640137851238251,0.09536564350128174,2.5521655082702637,17856.197265625,21.430212020874023,101.45915985107422,122.88936614990234,162.7480010986328,0.8002269268035889,0.33557528257369995,0.17720334231853485,0.03123226761817932,0.398622065782547,1.0,0.31465384364128113,0.03116592951118946,-868.0208129882812,0.03123226761817932,-0.0033671087585389614,0.17090484499931335,0.0,0.3420879542827606,0.0
21.231922149658203,30.780000686645508,1000.0,146.0,0.8586561679840088,0.0001249097113031894,40.0,1.0018013715744019,1.0018013715744019,1.0018013715744019,0.0012737339129671454,0.0,0.5729988813400269,2940000.0,-0.008710627444088459,0.005652858875691891,5.7220459481754915e-09,0.018796950578689575,-0.00023506395518779755,2.1763510704040527,0.28223395347595215,-0.18177983164787292,2.6070921421051025,17978.916015625,21.64159393310547,101.0429458618164,122.68453979492188,163.0197296142578,0.9344626665115356,0.34189578890800476,0.15139907598495483,0.02290371246635914,0.3434625267982483,1.0,0.1928251087665558,0.022902309894561768,-501.08758544921875,0.02290371246635914,0.00030571676325052977,0.06666912883520126,0.0,0.5477123856544495,0.0
20.789838790893555,34.84000015258789,1000.0,147.0,0.8527278900146484,0.0001459053746657446,40.0,0.9992327690124512,0.9992327690124512,0.9992327690124512,0.0005425423150882125,0.0,0.5694869160652161,2960000.0,-0.01422109268605709,-0.005510465241968632,-5.7220459481754915e-09,0.0189660657197237,0.00016911514103412628,2.1471784114837646,0.4043869972229004,0.12215304374694824,2.618328809738159,18100.224609375,21.637096405029297,99.6358871459961,121.27297973632812,164.9171905517578,0.9014158844947815,0.32491186261177063,0.13093684613704681,0.024613842368125916,0.3568750023841858,1.0,0.34029752016067505,0.024515856057405472,-582.9058837890625,0.024613842368125916,-0.0040343329310417175,0.16610275208950043,0.0,0.3469976782798767,0.0
20.579811096191406,33.279998779296875,1000.0,148.0,0.8574712872505188,0.00012539526505861431,40.0,1.001050591468811,1.001050591468811,1.001050591468811,0.000742852280382067,0.0,0.571864128112793,2980000.0,-0.010534887202084064,0.0036862054839730263,-7.2479249269008506e-09,0.017344146966934204,-0.0016219187527894974,2.191401481628418,0.3434500992298126,-0.06093689799308777,2.907290458679199,18222.3125,21.76424217224121,100.28851318359375,122.05274963378906,163.8635711669922,0.8051808476448059,0.33300408720970154,0.1739419847726822,0.030849134549498558,0.37916824221611023,1.0,0.29364070296287537,0.03078247793018818,-568.9905395507812,0.030849134549498558,0.002833930542692542,0.12048700451850891,0.0,0.40742239356040955,0.0
20.747522354125977,33.439998626708984,1000.0,149.0,0.8606826663017273,0.00014391023432835937,40.0,0.9995892643928528,0.9995892643928528,0.9995892643928528,0.0002904479915741831,0.0,0.5733799338340759,3000000.0,-0.00840371660888195,0.002131170593202114,7.629394338515283e-10,0.019162964075803757,0.0018188171088695526,2.186748743057251,0.23017331957817078,-0.11327677965164185,2.6748828887939453,18343.59375,21.752899169921875,99.49392700195312,121.246826171875,164.95277404785156,0.8503586649894714,0.32162579894065857,0.15382033586502075,0.027658304199576378,0.38105639815330505,1.0,0.18017446994781494,0.027560418471693993,-1432.061767578125,0.027658304199576378,-0.002206568606197834,0.049741264432668686,0.0,0.63409823179245,0.0
20.530357360839844,23.280000686645508,1000.0,150.0,0.8536055088043213,0.00014208994980435818,40.0,1.0002646446228027,1.0002646446228027,1.0002646446228027,0.00018713201279751956,0.0,0.5692610740661621,3020000.0,-0.01911206915974617,-0.01070835255086422,-6.38961772381208e-09,0.018795141950249672,-0.0003678221255540848,2.2174997329711914,0.25002726912498474,0.019853949546813965,2.8731961250305176,18466.150390625,21.56298065185547,100.96143341064453,122.5244140625,163.23277282714844,0.8065605759620667,0.32279717922210693,0.16339272260665894,0.030743682757019997,0.4002145826816559,1.0,0.1755242645740509,0.030743137001991272,-56.00837707519531,0.030743682757019997,0.0001696455292403698,0.05280175805091858,1.2398325204849243,0.0,3.0
21.112897872924805,20.440000534057617,1000.0,151.0,0.8439953327178955,0.00012909015640616417,40.0,0.999795138835907,0.999795138835907,0.999795138835907,0.0001448727707611397,0.0,0.5637833476066589,3040000.0,-0.018960436806082726,0.00015163235366344452,8.01086397217432e-09,0.018773449584841728,-2.1692365407943726e-05,2.17909574508667,0.27910399436950684,0.029076725244522095,2.666813611984253,18592.75390625,21.562055587768555,105.00843048095703,126.57048797607422,158.0147247314453,0.8154444694519043,0.33630985021591187,0.15646900236606598,0.030077453702688217,0.41242530941963196,1.0,0.23565319180488586,0.03007655404508114,-283.6156005859375,0.030077453702688217,-0.00025693769566714764,0.07331094145774841,1.2263250350952148,0.0,3.0
21.356609344482422,20.65999984741211,1000.0,152.0,0.8318789601325989,0.00014371304132509977,40.0,0.9996272921562195,0.9996272921562195,0.9996272921562195,0.00026355829322710633,0.0,0.5570010542869568,3060000.0,-0.018726607784628868,0.00023382902145385742,-6.103515470812226e-09,0.020517535507678986,0.0017440859228372574,2.2045674324035645,0.32015156745910645,0.04104757308959961,2.6657934188842773,18717.330078125,21.205408096313477,103.33558654785156,124.5409927368164,160.58969116210938,0.8232573866844177,0.3232727348804474,0.1456480622291565,0.029509276151657104,0.3926750719547272,1.0,0.2222824990749359,0.0294486191123724,-214.630859375,0.029509276151657104,-0.0023070983588695526,0.08774994313716888,1.2146869897842407,0.0,3.0
21.593612670898438,21.059999465942383,1000.0,153.0,0.822324812412262,0.0001296874397667125,40.0,1.000733733177185,1.000733733177185,1.000733733177185,0.0005187995848245919,0.0,0.5517167448997498,3080000.0,-0.018496118485927582,0.00023048929870128632,5.054473728449693e-09,0.020225072279572487,-0.0002924632281064987,2.178095579147339,0.24430042505264282,-0.07585114240646362,2.2932000160217285,18838.98828125,21.466564178466797,100.15576934814453,121.62232971191406,164.4434814453125,0.8109532594680786,0.33231380581855774,0.14731095731258392,0.030411526560783386,0.4097815752029419,1.0,0.18142037093639374,0.030377821996808052,-237.36378479003906,0.030411526560783386,0.0014846236445009708,0.06539453566074371,1.2331167459487915,0.0,3.0
21.893495559692383,29.0,1000.0,154.0,0.8149185180664062,0.00013023415522184223,40.0,0.999398410320282,0.999398410320282,0.999398410320282,0.0004254021623637527,0.0,0.5478134751319885,3100000.0,-0.012469002977013588,0.006027115508913994,4.148483334631692e-09,0.020061396062374115,-0.0001636762171983719,2.171748161315918,0.36674964427948,0.12244921922683716,2.695423126220703,18961.771484375,22.313034057617188,100.43572998046875,122.74876403808594,162.93443298339844,0.8200394511222839,0.3296045660972595,0.15879815816879272,0.029741328209638596,0.3918176293373108,1.0,0.3041572868824005,0.029659917578101158,-111.0011978149414,0.029741328209638596,-0.0034252796322107315,0.14411661028862,0.0,0.37252718210220337,0.0
21.59743881225586,25.700000762939453,1000.0,155.0,0.8159749507904053,0.00011922273552045226,40.0,0.9995864033699036,0.9995864033699036,0.9995864033699036,0.00029241482843644917,0.0,0.5484454035758972,3120000.0,-0.00911084283143282,0.0033581601455807686,8.678436635989328e-09,0.020402705296874046,0.00034130923449993134,2.1383159160614014,0.31682461500167847,-0.049925029277801514,2.543748617172241,19085.998046875,23.106021881103516,101.0858154296875,124.19183349609375,161.0411834716797,0.8284676671028137,0.34430912137031555,0.16444802284240723,0.02913927286863327,0.39455416798591614,1.0,0.24611833691596985,0.02905137650668621,-5.295384883880615,0.02913927286863327,0.0028465476352721453,0.09218543022871017,0.0,0.4657832086086273,0.0
21.45673179626465,32.13999938964844,1000.0,156.0,0.8195816874504089,0.00014272573753260076,40.0,0.9996855854988098,0.9996855854988098,0.9996855854988098,0.00022233866911847144,0.0,0.5504769086837769,3140000.0,-0.015088480897247791,-0.005977638065814972,2.5033950468156263e-09,0.02117224782705307,0.0007695425301790237,2.218567132949829,0.4083559215068817,0.09153130650520325,2.7396795749664307,19210.59375,23.95965576171875,100.601318359375,124.56096649169922,160.56393432617188,0.851579487323761,0.3199046850204468,0.17029057443141937,0.027579057961702347,0.3792616128921509,1.0,0.3959835171699524,0.027476463466882706,-271.26483154296875,0.027579057961702347,-0.004390825517475605,0.18791905045509338,0.0,0.32623425126075745,0.0
20.971342086791992,31.18000030517578,1000.0,157.0,0.8230023384094238,0.00013301247963681817,40.0,1.0005601644515991,1.0005601644515991,1.0005601644515991,0.00039606797508895397,0.0,0.5521077513694763,3160000.0,-0.010670481249690056,0.0044179996475577354,4.76837147544984e-09,0.021480584517121315,0.00030833669006824493,2.212678909301758,0.3701212704181671,-0.0382346510887146,2.9110426902770996,19334.138671875,22.628934860229492,100.8812255859375,123.51016235351562,161.92999267578125,0.8664409518241882,0.33035150170326233,0.12870407104492188,0.026641082018613815,0.37514615058898926,1.0,0.24922853708267212,0.026636743918061256,-352.1448974609375,0.026641082018613815,0.0006858392152935266,0.10845033824443817,0.0,0.4294370710849762,0.0
21.29110336303711,27.440000534057617,1000.0,158.0,0.8216249942779541,0.0001266190956812352,40.0,1.0012420415878296,1.0012420415878296,1.0012420415878296,0.0008781717042438686,0.0,0.5513083338737488,3180000.0,-0.012555308640003204,-0.0018848273903131485,4.863739189175931e-09,0.02231615222990513,0.0008355677127838135,2.1804094314575195,0.29131266474723816,-0.07880860567092896,2.894123077392578,19457.29296875,21.785236358642578,101.33554077148438,123.12078094482422,162.44212341308594,0.8005531430244446,0.33270758390426636,0.17326338589191437,0.031206823885440826,0.3947440981864929,1.0,0.28909870982170105,0.030627043917775154,-38.586822509765625,0.031206823885440826,-0.009455603547394276,0.1542111337184906,0.0,0.36012816429138184,0.0
21.166719436645508,23.239999771118164,1000.0,159.0,0.8206784129142761,0.00012878788402304053,40.0,1.0005321502685547,1.0005321502685547,1.0005321502685547,0.0003763432614505291,0.0,0.5510954260826111,3200000.0,-0.0199653971940279,-0.007410088554024696,-1.0156631091717827e-08,0.021795814856886864,-0.0005203373730182648,2.2062888145446777,0.31531640887260437,0.02400374412536621,2.8196563720703125,19579.787109375,21.71601676940918,100.74495697021484,122.46101379394531,163.31727600097656,0.8229042887687683,0.3303411304950714,0.1396353542804718,0.029534608125686646,0.40143319964408875,1.0,0.2687807083129883,0.029453981667757034,-31.153562545776367,0.029534608125686646,-0.0028304695151746273,0.09936626255512238,1.2152081727981567,0.0,3.0
21.401626586914062,22.020000457763672,1000.0,160.0,0.8200171589851379,0.00012167410022811964,40.0,0.9997668266296387,0.9997668266296387,0.9997668266296387,0.00016490656707901508,0.0,0.550849974155426,3220000.0,-0.01794332079589367,0.0020220763981342316,-6.246566819356758e-09,0.021084582433104515,-0.0007112324237823486,2.2214608192443848,0.3051586151123047,-0.010157793760299683,2.7490246295928955,19703.390625,21.309694290161133,102.25717163085938,123.56686401367188,161.85568237304688,0.8963509798049927,0.33970406651496887,0.13032692670822144,0.024892792105674744,0.3789856731891632,1.0,0.2789408564567566,0.02444525435566902,-65.09676361083984,0.024892792105674744,-0.0078124054707586765,0.1363765001296997,1.1156344413757324,0.0,3.0
21.6215877532959,26.860000610351562,1000.0,161.0,0.8185632228851318,0.00013578170910477638,40.0,1.0001322031021118,1.0001322031021118,1.0001322031021118,9.356607915833592e-05,0.0,0.5498303771018982,3240000.0,-0.01226037461310625,0.005682946182787418,-5.006790093631253e-09,0.0226206723600626,0.001536089926958084,2.2277450561523438,0.3735641837120056,0.06840556859970093,2.5241122245788574,19825.65234375,22.061229705810547,100.1662826538086,122.2275161743164,163.62928771972656,0.8593751788139343,0.3279297351837158,0.14760419726371765,0.027080971747636795,0.397938072681427,1.0,0.3068399727344513,0.027013355866074562,-27.395397186279297,0.027080971747636795,-0.002921048551797867,0.12619192898273468,0.0,0.3981064260005951,0.0
21.739463806152344,26.739999771118164,1000.0,162.0,0.8179081082344055,0.00012795746442861855,40.0,1.0008615255355835,1.0008615255355835,1.0008615255355835,0.0006092186667956412,0.0,0.5493539571762085,3260000.0,-0.006641540210694075,0.005618834402412176,1.907348723406699e-09,0.02343808300793171,0.0008174106478691101,2.234029769897461,0.2695283889770508,-0.10403579473495483,2.7097392082214355,19947.505859375,21.775787353515625,100.0445556640625,121.82034301757812,164.1761932373047,0.8272966742515564,0.33900728821754456,0.15120860934257507,0.029221821576356888,0.3920350670814514,1.0,0.18693554401397705,0.02901321090757847,-50.67103958129883,0.029221821576356888,0.0035298094153404236,0.05972650274634361,0.0,0.5786705613136292,0.0
21.873476028442383,33.63999938964844,1000.0,163.0,0.8166949152946472,0.0001215706579387188,40.0,0.9995803833007812,0.9995803833007812,0.9995803833007812,0.000296685699140653,0.0,0.5486800074577332,3280000.0,-0.012824957258999348,-0.006183417048305273,3.2424927187690855e-09,0.023479396477341652,4.131346940994263e-05,2.2607781887054443,0.41807159781455994,0.14854320883750916,2.7420575618743896,20069.126953125,21.33915901184082,100.2453384399414,121.5844955444336,164.49465942382812,0.8316830396652222,0.3444422781467438,0.1555771827697754,0.028914397582411766,0.39277786016464233,1.0,0.3201136291027069,0.028782878071069717,-551.9039916992188,0.028914397582411766,-0.0042176395654678345,0.13525336980819702,0.0,0.3845394551753998,0.0
21.603113174438477,33.0,1000.0,164.0,0.8119773864746094,0.000127287523355335,40.0,1.0006729364395142,1.0006729364395142,1.0006729364395142,0.00047592222108505666,0.0,0.5458133220672607,3300000.0,-0.009605453349649906,0.0032195039093494415,-7.581711258808355e-09,0.021634183824062347,-0.0018452126532793045,2.23468017578125,0.30283910036087036,-0.11523249745368958,2.816102981567383,20190.982421875,21.828523635864258,99.9923324584961,121.82182312011719,164.1741943359375,0.7760560512542725,0.3377670347690582,0.1558419167995453,0.03320806846022606,0.4215099811553955,1.0,0.2081434279680252,0.03320633992552757,-831.2509765625,0.03320806846022606,-0.00036476459354162216,0.0769905298948288,0.0,0.5096784830093384,0.0
21.839014053344727,33.68000030517578,1000.0,165.0,0.8114843964576721,0.00012212444562464952,40.0,1.0003012418746948,1.0003012418746948,1.0003012418746948,0.00021298207866493613,0.0,0.5453517436981201,3320000.0,-0.009647057391703129,-4.1604042053222656e-05,7.20024129208241e-09,0.02528074011206627,0.0036465562880039215,2.2481961250305176,0.3055129051208496,0.002673804759979248,2.6525418758392334,20312.990234375,21.099655151367188,100.87428283691406,121.97393798828125,163.96945190429688,0.8093134164810181,0.340251624584198,0.17245455086231232,0.030534889549016953,0.3898056447505951,1.0,0.23463261127471924,0.03053208626806736,-931.8673095703125,0.030534889549016953,-0.00047614803770557046,0.08084926009178162,0.0,0.4973669946193695,0.0
20.78064727783203,28.959999084472656,1000.0,166.0,0.8090415000915527,0.00012573139974847436,40.0,1.0000778436660767,1.0000778436660767,1.0000778436660767,5.5128206440713257e-05,0.0,0.5442649722099304,3340000.0,-0.009935574606060982,-0.00028851721435785294,-2.861023085110048e-10,0.02052287384867668,-0.004757866263389587,2.143263339996338,0.30195605754852295,-0.00355684757232666,2.515497922897339,20436.2421875,20.8970890045166,102.32035064697266,123.21743774414062,162.31468200683594,0.7997658252716064,0.3386746346950531,0.1565781533718109,0.03126829117536545,0.4052114486694336,1.0,0.23805765807628632,0.0312077384442091,-184.18496704101562,0.03126829117536545,-0.0022704433649778366,0.0851312056183815,0.0,0.48469725251197815,0.0
20.829248428344727,29.479999542236328,1000.0,167.0,0.8074245452880859,0.00012697784404736012,40.0,0.9999227523803711,0.9999227523803711,0.9999227523803711,5.459423118736595e-05,0.0,0.5436341166496277,3360000.0,-0.009550749324262142,0.00038482528179883957,3.0994415922691587e-09,0.022505318745970726,0.0019824448972940445,2.253699541091919,0.3573371171951294,0.055381059646606445,2.558546781539917,20558.34375,21.09793472290039,100.97045135498047,122.06838989257812,163.8425750732422,0.8091874718666077,0.33859437704086304,0.17725728452205658,0.030544396489858627,0.39362025260925293,1.0,0.3061143159866333,0.030366651713848114,-177.44200134277344,0.030544396489858627,0.004483572673052549,0.11309686303138733,0.0,0.4205229580402374,0.0
20.584768295288086,26.520000457763672,1000.0,168.0,0.8065125346183777,0.00012000960850855336,40.0,1.0008867979049683,1.0008867979049683,1.0008867979049683,0.0006270327139645815,0.0,0.5432607531547546,3380000.0,-0.010848626494407654,-0.0012978771701455116,-5.149841442175784e-09,0.021657321602106094,-0.0008479971438646317,2.2165544033050537,0.33923986554145813,-0.018097251653671265,2.6536448001861572,20681.193359375,21.09423828125,101.7205810546875,122.8148193359375,162.8468017578125,0.8068791031837463,0.34191665053367615,0.16783930361270905,0.030719414353370667,0.4090363681316376,1.0,0.2291407734155655,0.030711112543940544,-23.733171463012695,0.030719414353370667,-0.0008985708700492978,0.09726706147193909,0.0,0.45345279574394226,0.0
21.552167892456055,20.68000030517578,1000.0,169.0,0.7998915314674377,0.0001428817049600184,40.0,1.0019928216934204,1.0019928216934204,1.0019928216934204,0.0014092220226302743,0.0,0.5397463440895081,3400000.0,-0.021018892526626587,-0.010170266032218933,-1.430511542555024e-10,0.023387113586068153,0.001729791983962059,2.260317087173462,0.23952066898345947,-0.09971919655799866,2.454869031906128,20803.0234375,22.219575881958008,99.57605743408203,121.7956314086914,164.20950317382812,0.7549465298652649,0.3195134997367859,0.18210846185684204,0.03509113937616348,0.4232266843318939,1.0,0.21464282274246216,0.03506423160433769,-281.65753173828125,0.03509113937616348,0.0013352108653634787,0.06625446677207947,1.3245971202850342,0.0,3.0
21.85784912109375,21.5,1000.0,170.0,0.79313063621521,0.00014402216766029596,40.0,1.0004171133041382,1.0004171133041382,1.0004171133041382,0.0002949717454612255,0.0,0.5363051295280457,3420000.0,-0.018839355558156967,0.0021795369684696198,-3.1471252270875993e-09,0.021760325878858566,-0.001626787707209587,2.247993230819702,0.2930819094181061,0.053561240434646606,2.240004301071167,20929.712890625,23.436063766479492,103.22000122070312,126.65605926513672,157.907958984375,0.7910059094429016,0.31689369678497314,0.1807117611169815,0.031964682042598724,0.400621235370636,1.0,0.24149154126644135,0.03194067254662514,-133.80381774902344,0.031964682042598724,-0.0014824653044342995,0.09153825044631958,1.2642130851745605,0.0,3.0
22.72577667236328,23.84000015258789,1000.0,171.0,0.7821152210235596,0.00014419340004678816,40.0,0.9997901916503906,0.9997901916503906,0.9997901916503906,0.00014838500646874309,0.0,0.5304663777351379,3440000.0,-0.01908881962299347,-0.0002494640648365021,3.767013367905747e-09,0.022739483043551445,0.0009791571646928787,2.2963645458221436,0.31491559743881226,0.021833688020706177,2.3198583126068115,21052.771484375,23.493440628051758,99.53093719482422,123.02437591552734,162.5694122314453,0.8009489178657532,0.32275205850601196,0.1587902456521988,0.031175989657640457,0.4029621481895447,1.0,0.23780864477157593,0.031095970422029495,-13.450239181518555,0.031175989657640457,-0.002827269723638892,0.09989425539970398,1.2485190629959106,0.0,3.0
22.85944366455078,30.979999542236328,1000.0,172.0,0.7801737785339355,0.00011662091128528118,40.0,0.9998399615287781,0.9998399615287781,0.9998399615287781,0.00011315024312352762,0.0,0.5292648077011108,3460000.0,-0.012010602280497551,0.007078217342495918,2.1934509764065524e-09,0.021194202825427055,-0.0015452802181243896,2.2854957580566406,0.3424624502658844,0.027546852827072144,2.363842010498047,21175.904296875,23.93916893005371,99.16168212890625,123.1008529663086,162.46841430664062,0.7696513533592224,0.3477049767971039,0.1742708683013916,0.03376305475831032,0.43168362975120544,1.0,0.24305348098278046,0.033759161829948425,-282.35040283203125,0.03376305475831032,-0.0007022038334980607,0.12664355337619781,0.0,0.39739593863487244,0.0
23.030332565307617,29.1200008392334,1000.0,173.0,0.7823514938354492,0.00012563983909785748,40.0,1.0001970529556274,1.0001970529556274,1.0001970529556274,0.00013936558389104903,0.0,0.5303783416748047,3480000.0,-0.009052376262843609,0.002958226017653942,-4.768371808516747e-10,0.02245042286813259,0.0012562200427055359,2.2924280166625977,0.28731653094291687,-0.05514591932296753,2.4704039096832275,21301.12109375,24.903297424316406,100.27706146240234,125.18035888671875,159.76947021484375,0.815816342830658,0.3397897481918335,0.15988381206989288,0.030050039291381836,0.40290436148643494,1.0,0.24039359390735626,0.029924238100647926,-178.5257568359375,0.030050039291381836,0.003458322724327445,0.09507033973932266,0.0,0.45866167545318604,0.0
22.214235305786133,29.760000228881836,1000.0,174.0,0.7829427719116211,0.0001296885748161003,40.0,1.0001535415649414,1.0001535415649414,1.0001535415649414,0.00010862650378840044,0.0,0.5308899879455566,3500000.0,-0.015303590334951878,-0.006251214072108269,-4.863739189175931e-09,0.022173911333084106,-0.0002765115350484848,2.2903809547424316,0.3942461311817169,0.10692960023880005,2.457942485809326,21422.45703125,21.782472610473633,99.51966094970703,121.30213928222656,164.8775634765625,0.7871023416519165,0.33493298292160034,0.1662716418504715,0.032282520085573196,0.41034549474716187,1.0,0.3067623972892761,0.03200151398777962,-131.7619171142578,0.032282520085573196,-0.006950827315449715,0.17193254828453064,0.0,0.3410640358924866,0.0
21.806833267211914,30.18000030517578,1000.0,175.0,0.7792238593101501,0.00013175024650990963,40.0,1.0000673532485962,1.0000673532485962,1.0000673532485962,4.771038220496848e-05,0.0,0.5291852951049805,3520000.0,-0.01508894469588995,0.0002146456390619278,-1.1539459165987864e-08,0.021763337776064873,-0.0004105735570192337,2.2669034004211426,0.49610376358032227,0.10185763239860535,2.6035335063934326,21545.8359375,22.399394989013672,100.94459533691406,123.34398651123047,162.1481475830078,0.7690721750259399,0.3271700441837311,0.16728129982948303,0.03381393104791641,0.4216076135635376,1.0,0.35120585560798645,0.03338201344013214,-160.2699737548828,0.03381393104791641,-0.008503079414367676,0.1673991084098816,0.0,0.34565144777297974,0.0
21.705787658691406,28.100000381469727,1000.0,176.0,0.778065025806427,0.00011866564454976469,40.0,1.000388741493225,1.000388741493225,1.000388741493225,0.00027496606344357133,0.0,0.528559148311615,3540000.0,-0.008217976428568363,0.006870968267321587,3.1471252270875993e-09,0.021920181810855865,0.00015684403479099274,2.296905279159546,0.2995915114879608,-0.19651225209236145,2.847480297088623,21668.904296875,22.52408790588379,100.51100158691406,123.03508758544922,162.5552520751953,0.7470842003822327,0.3437686860561371,0.16393481194972992,0.03583362698554993,0.4391801357269287,1.0,0.22612477838993073,0.035711877048015594,-121.16921997070312,0.03583362698554993,0.003107176162302494,0.0792974978685379,0.0,0.5022098422050476,0.0
21.86800765991211,25.239999771118164,1000.0,177.0,0.774871289730072,0.00013394863344728947,40.0,1.0003142356872559,1.0003142356872559,1.0003142356872559,0.0002221981849288568,0.0,0.5267547965049744,3560000.0,-0.009854540228843689,-0.0016365638002753258,-5.149841442175784e-09,0.02433978021144867,0.002419598400592804,2.2921645641326904,0.2959495186805725,-0.0036419928073883057,2.4512929916381836,21792.642578125,23.39652442932129,100.30740356445312,123.70392608642578,161.67636108398438,0.7749380469322205,0.33005890250205994,0.15127317607402802,0.03330396115779877,0.42427048087120056,1.0,0.2355506271123886,0.033224914222955704,-0.7432421445846558,0.03330396115779877,-0.0024424272123724222,0.07546738535165787,0.0,0.5147961974143982,0.0
22.250045776367188,17.579999923706055,1000.0,178.0,0.7712706923484802,0.00012194773444207385,40.0,1.0000544786453247,1.0000544786453247,1.0000544786453247,3.85503371944651e-05,0.0,0.5249722003936768,3580000.0,-0.017082570120692253,-0.007228029891848564,-2.813339339269305e-09,0.025635311380028725,0.0012955311685800552,2.3241958618164062,0.2404022365808487,-0.055547282099723816,2.5642549991607666,21916.10546875,23.740720748901367,99.68881225585938,123.42953491210938,162.0357666015625,0.8320582509040833,0.34128105640411377,0.13669748604297638,0.02888832800090313,0.41016483306884766,1.0,0.21255746483802795,0.028818868100643158,-754.5143432617188,0.02888832800090313,0.002251299796625972,0.07296738028526306,1.2018389701843262,0.0,3.0
22.59783363342285,22.0,1000.0,179.0,0.7652587294578552,0.00014850834850221872,40.0,0.9997787475585938,0.9997787475585938,0.9997787475585938,0.00015642099606338888,0.0,0.5216400623321533,3600000.0,-0.021102003753185272,-0.004019433632493019,3.433227480087453e-09,0.025304822251200676,-0.0003304891288280487,2.343963384628296,0.3014736473560333,0.06107141077518463,2.2441680431365967,22038.078125,22.196836471557617,99.74134063720703,121.93817901611328,164.01754760742188,0.7815693020820618,0.31557804346084595,0.17413979768753052,0.03274121880531311,0.4037748873233795,1.0,0.2593154013156891,0.031905412673950195,-67.77653503417969,0.03274121880531311,-0.010533444583415985,0.13275013864040375,1.2794771194458008,0.0,3.0
22.698366165161133,22.81999969482422,1000.0,180.0,0.756843090057373,0.00013099409989081323,40.0,0.9997723698616028,0.9997723698616028,0.9997723698616028,0.00016094476450234652,0.0,0.5172067284584045,3620000.0,-0.018949607387185097,0.0021523963660001755,-5.3167341640403265e-09,0.02824634313583374,0.0029415208846330643,2.3388664722442627,0.3364661931991577,0.03499254584312439,2.3714098930358887,22161.15234375,22.68209457397461,100.35857391357422,123.0406723022461,162.54788208007812,0.7845278978347778,0.33102503418922424,0.15026845037937164,0.032494738698005676,0.42194175720214844,1.0,0.21676823496818542,0.03248639032244682,-48.84159469604492,0.032494738698005676,0.0009011654183268547,0.09726250171661377,1.2746518850326538,0.0,3.0
22.526281356811523,25.600000381469727,1000.0,181.0,0.750263512134552,0.0001299725117860362,40.0,1.0007387399673462,1.0007387399673462,1.0007387399673462,0.0005223399493843317,0.0,0.5137422680854797,3640000.0,-0.009278832003474236,0.009670775383710861,-3.814697446813398e-09,0.026656031608581543,-0.0015903115272521973,2.2883617877960205,0.2605345547199249,-0.07593163847923279,2.40885066986084,22289.166015625,21.844568252563477,106.13629913330078,127.98086547851562,156.2733612060547,0.8114599585533142,0.33688127994537354,0.15302185714244843,0.030373556539416313,0.404712438583374,1.0,0.2401217371225357,0.03034566156566143,-4.035402774810791,0.030373556539416313,0.0015735859051346779,0.08877056837081909,0.0,0.4746576249599457,0.0
21.86138153076172,28.18000030517578,1000.0,182.0,0.7486410737037659,0.00012834822700824589,40.0,1.0008264780044556,1.0008264780044556,1.0008264780044556,0.0005844925181008875,0.0,0.512936532497406,3660000.0,-0.011841412633657455,-0.00256258063018322,4.959106458812812e-09,0.02470560558140278,-0.0019504260271787643,2.286245584487915,0.34883779287338257,0.08830323815345764,2.5936546325683594,22410.900390625,21.227764129638672,100.47571563720703,121.70348358154297,164.33383178710938,0.7874358296394348,0.3363617956638336,0.15226638317108154,0.032255180180072784,0.42600148916244507,1.0,0.3226969838142395,0.03222944959998131,-79.30897521972656,0.032255180180072784,-0.0018110719975084066,0.12747424840927124,0.0,0.3960990011692047,0.0
22.34197998046875,31.579999923706055,1000.0,183.0,0.7556319236755371,0.00011276095756329596,40.0,1.0007232427597046,1.0007232427597046,1.0007232427597046,0.0005113255465403199,0.0,0.5164209008216858,3680000.0,-0.01678788848221302,-0.004946475848555565,7.462501727673043e-09,0.028078673407435417,0.0033730678260326385,2.348764181137085,0.39215534925460815,0.043317556381225586,2.4268622398376465,22535.029296875,22.994644165039062,101.10079956054688,124.09545135498047,161.166259765625,0.7364262342453003,0.3471605181694031,0.16339126229286194,0.03687833994626999,0.4448864758014679,1.0,0.3021388053894043,0.03637896478176117,-232.47718811035156,0.03687833994626999,-0.009643412195146084,0.18622329831123352,0.0,0.32771623134613037,0.0
22.2811279296875,33.41999816894531,1000.0,184.0,0.7634806036949158,0.00012080661690561101,40.0,0.9993023872375488,0.9993023872375488,0.9993023872375488,0.000493314815685153,0.0,0.520319938659668,3700000.0,-0.01030400674790144,0.006483881734311581,-1.0681151962899094e-08,0.02665768191218376,-0.0014209914952516556,2.3329732418060303,0.28142717480659485,-0.1107281744480133,2.36415696144104,22658.85546875,21.798513412475586,101.99423217773438,123.7927474975586,161.5603485107422,0.7406606674194336,0.34161242842674255,0.16753613948822021,0.03645786643028259,0.4495695233345032,1.0,0.26711443066596985,0.03637278452515602,-651.5756225585938,0.03645786643028259,0.003042551688849926,0.10880424082279205,0.0,0.4287380874156952,0.0
22.518712997436523,30.860000610351562,1000.0,185.0,0.7670174241065979,0.00012321362737566233,40.0,1.001111388206482,1.001111388206482,1.001111388206482,0.000785898242611438,0.0,0.5221787095069885,3720000.0,-0.008073665201663971,0.0022303415462374687,9.441375681262798e-09,0.024897314608097076,-0.0017603673040866852,2.226483106613159,0.2698409855365753,-0.011586189270019531,2.459150791168213,22782.07421875,21.463951110839844,101.71800231933594,123.18195343017578,162.3614501953125,0.7738877534866333,0.3406530022621155,0.18376003205776215,0.03339441865682602,0.4326612651348114,1.0,0.18787537515163422,0.033358145505189896,-511.36517333984375,0.03339441865682602,0.0015606568194925785,0.06715017557144165,0.0,0.5457470417022705,0.0
22.53217124938965,27.0,1000.0,186.0,0.7674477696418762,0.00012594556028489023,40.0,0.9989216327667236,0.9989216327667236,0.9989216327667236,0.0007625207654200494,0.0,0.5225480794906616,3740000.0,-0.013664732687175274,-0.005591067485511303,-6.008148201175345e-09,0.02365029603242874,-0.001247018575668335,2.35150408744812,0.3877321779727936,0.11789119243621826,2.3707122802734375,22903.93359375,21.210121154785156,100.61709594726562,121.82721710205078,164.16693115234375,0.8299681544303894,0.34129461646080017,0.17423878610134125,0.029034005478024483,0.40159618854522705,1.0,0.34154239296913147,0.02901780791580677,-21.127607345581055,0.029034005478024483,0.0017503207782283425,0.18914666771888733,0.0,0.32517385482788086,0.0
22.92373275756836,22.520000457763672,1000.0,187.0,0.7582089900970459,0.00013440559268929064,40.0,0.9998447299003601,0.9998447299003601,0.9998447299003601,0.00010980659135384485,0.0,0.5179839134216309,3760000.0,-0.017556970939040184,-0.00389223825186491,7.915496702537439e-09,0.026388047263026237,0.002737751230597496,2.3674726486206055,0.2886573374271393,-0.0990748405456543,2.5337350368499756,23027.677734375,22.272287368774414,101.43860626220703,123.71089172363281,161.66725158691406,0.8038735389709473,0.32754090428352356,0.14383964240550995,0.030949551612138748,0.407453328371048,1.0,0.3432975113391876,0.030931249260902405,-37.674869537353516,0.030949551612138748,0.0017280783504247665,0.1631627082824707,1.2439767122268677,0.0,3.0
23.32391357421875,22.81999969482422,1000.0,188.0,0.7511947751045227,0.00013194384519010782,40.0,1.0011582374572754,1.0011582374572754,1.0011582374572754,0.0008189975051209331,0.0,0.5143570899963379,3780000.0,-0.01799900084733963,-0.0004420299082994461,2.861023085110048e-10,0.026011209934949875,-0.0003768373280763626,2.3546879291534424,0.26908057928085327,-0.01957675814628601,2.4850268363952637,23152.046875,21.870758056640625,102.46411895751953,124.33487701416016,160.8559112548828,0.7799404263496399,0.32560548186302185,0.1640777885913849,0.03287811949849129,0.4174748659133911,1.0,0.21671488881111145,0.03278708830475807,-58.653053283691406,0.03287811949849129,0.002715384354814887,0.0809980109333992,1.2821491956710815,0.0,3.0
23.53097152709961,25.81999969482422,1000.0,189.0,0.7501277923583984,0.00012189489643787965,40.0,1.0000072717666626,1.0000072717666626,1.0000072717666626,5.227568635746138e-06,0.0,0.5137844681739807,3800000.0,-0.012945976108312607,0.005053024739027023,-1.6212463593845428e-09,0.026734141632914543,0.0007229316979646683,2.3259308338165283,0.39113929867744446,0.12205871939659119,2.400864362716675,23276.06640625,22.73435401916504,101.24931335449219,123.9836654663086,161.3115692138672,0.7807005047798157,0.33971014618873596,0.15272857248783112,0.032814133912324905,0.44127804040908813,1.0,0.32216548919677734,0.032813671976327896,-4.031747341156006,0.032814133912324905,-0.00027643342036753893,0.16595295071601868,0.0,0.3471542298793793,0.0
23.376462936401367,28.559999465942383,1000.0,190.0,0.7525663375854492,0.00012812906061299145,40.0,1.0007246732711792,1.0007246732711792,1.0007246732711792,0.0005123933078721166,0.0,0.5151939392089844,3820000.0,-0.01075216755270958,0.0021938085556030273,-5.531310964812519e-09,0.028471244499087334,0.0017371028661727905,2.343352794647217,0.37419259548187256,-0.0169467031955719,2.528785467147827,23400.005859375,21.29288673400879,102.61427307128906,123.90715789794922,161.4111785888672,0.7885286211967468,0.3345181345939636,0.1525283306837082,0.03216584026813507,0.42535150051116943,1.0,0.2874656915664673,0.03210190683603287,-103.6468734741211,0.03216584026813507,0.0027957598213106394,0.12225309014320374,0.0,0.4044688045978546,0.0
23.275144577026367,33.79999923706055,1000.0,191.0,0.7539998888969421,0.00010782043682411313,40.0,0.9999716281890869,0.9999716281890869,0.9999716281890869,2.006189970416017e-05,0.0,0.515977144241333,3840000.0,-0.011616555042564869,-0.0008643874898552895,2.6226043559063328e-09,0.026881515979766846,-0.001589728519320488,2.3199775218963623,0.44029727578163147,0.06610468029975891,2.7123844623565674,23524.552734375,21.760372161865234,102.7529296875,124.51329803466797,160.6254119873047,0.7873334288597107,0.3547716438770294,0.17733412981033325,0.03226357325911522,0.42276397347450256,1.0,0.2557258903980255,0.03223935887217522,-686.622802734375,0.03226357325911522,-0.0016526078106835485,0.11278058588504791,0.0,0.42111217975616455,0.0
22.752897262573242,30.1200008392334,1000.0,192.0,0.7486608028411865,0.00012102736945962533,40.0,0.9996607899665833,0.9996607899665833,0.9996607899665833,0.0002398436627117917,0.0,0.5135257840156555,3860000.0,-0.012089014984667301,-0.00047245994210243225,-7.3909758313561724e-09,0.026207854971289635,-0.000673661008477211,2.3124942779541016,0.37690725922584534,-0.06339001655578613,2.579563617706299,23649.583984375,22.998123168945312,102.00106811523438,124.99919128417969,160.00103759765625,0.8014694452285767,0.3451496362686157,0.14137457311153412,0.031135505065321922,0.4421476423740387,1.0,0.29436320066452026,0.031122654676437378,-177.42269897460938,0.031135505065321922,-0.001377822714857757,0.14773447811603546,0.0,0.36793747544288635,0.0
21.746877670288086,33.41999816894531,1000.0,193.0,0.7506773471832275,0.00012095712008886039,40.0,1.001410961151123,1.001410961151123,1.001410961151123,0.0009977001463994384,0.0,0.5145856738090515,3880000.0,-0.011374189518392086,0.0007148254662752151,-9.822845647988743e-09,0.024975402280688286,-0.0012324526906013489,2.254586696624756,0.44573166966438293,0.0688244104385376,2.776340961456299,23776.791015625,24.261371612548828,102.90579223632812,127.16716766357422,157.27330017089844,0.8042706251144409,0.33973029255867004,0.16447070240974426,0.030919000506401062,0.4120154082775116,1.0,0.29970985651016235,0.030889976769685745,-514.3043823242188,0.030919000506401062,0.002000177977606654,0.13784366846084595,0.0,0.380909264087677,0.0
21.667020797729492,28.6200008392334,1000.0,194.0,0.7489766478538513,0.0001154897254309617,40.0,0.9995250701904297,0.9995250701904297,0.9995250701904297,0.00033582610194571316,0.0,0.5135895609855652,3900000.0,-0.012361557222902775,-0.0009873677045106888,-7.867813067718998e-09,0.0302848182618618,0.005309415981173515,2.259436845779419,0.33517521619796753,-0.1105564534664154,2.9275364875793457,23901.21875,21.682132720947266,102.71121978759766,124.39335632324219,160.78028869628906,0.8069763779640198,0.3471308946609497,0.14142408967018127,0.030712004750967026,0.41177135705947876,1.0,0.2620207667350769,0.030544517561793327,-109.0406265258789,0.030712004750967026,-0.004486074671149254,0.12015707045793533,0.0,0.40798136591911316,0.0
21.865798950195312,29.34000015258789,1000.0,195.0,0.7447953224182129,0.00012447296467144042,40.0,1.00017511844635,1.00017511844635,1.00017511844635,0.00012385554146021605,0.0,0.511533260345459,3920000.0,-0.011283031664788723,0.0010785255581140518,-4.100799699813251e-09,0.028890566900372505,-0.001394251361489296,2.296612501144409,0.3436873257160187,0.008512109518051147,2.8894264698028564,24026.984375,21.831893920898438,103.90152740478516,125.7334213256836,159.0666961669922,0.8040913939476013,0.33649009466171265,0.14704357087612152,0.03093278594315052,0.4192364811897278,1.0,0.29918935894966125,0.030824603512883186,-126.76123809814453,0.03093278594315052,0.004009034484624863,0.14856773614883423,0.0,0.36690422892570496,0.0
22.31928253173828,32.41999816894531,1000.0,196.0,0.746903121471405,0.00013044069055467844,40.0,1.0005782842636108,1.0005782842636108,1.0005782842636108,0.00040888061630539596,0.0,0.5127191543579102,3940000.0,-0.012592383660376072,-0.001309351995587349,-3.433227480087453e-09,0.025378044694662094,-0.003512522205710411,2.291846990585327,0.4650847613811493,0.12139743566513062,3.017887830734253,24153.021484375,22.292261123657227,103.70935821533203,126.00161743164062,158.72811889648438,0.7665722370147705,0.33312293887138367,0.18083815276622772,0.03403483331203461,0.4181399643421173,1.0,0.3268128037452698,0.03400478884577751,-423.72283935546875,0.03403483331203461,-0.001975733321160078,0.12992872297763824,0.0,0.392339825630188,0.0
22.135576248168945,31.5,1000.0,197.0,0.7508683204650879,0.00012987467925995588,40.0,1.0006440877914429,1.0006440877914429,1.0006440877914429,0.0004554107435978949,0.0,0.5146046280860901,3960000.0,-0.009501117281615734,0.003091266378760338,5.340575981449547e-09,0.02467966079711914,-0.0006983838975429535,2.288220167160034,0.4015939235687256,-0.0634908378124237,2.9602813720703125,24279.626953125,23.160762786865234,103.40852355957031,126.5702896118164,158.0149688720703,0.7180129289627075,0.33224159479141235,0.2148090898990631,0.03879407048225403,0.4303712546825409,1.0,0.3142819404602051,0.038607407361269,-358.1007080078125,0.03879407048225403,0.004692749585956335,0.11797697842121124,0.0,0.4117336571216583,0.0
21.916954040527344,35.86000061035156,1000.0,198.0,0.7489614486694336,0.00012010252248728648,40.0,1.0003124475479126,1.0003124475479126,1.0003124475479126,0.0002210181119153276,0.0,0.5134653449058533,3980000.0,-0.010281337425112724,-0.0007802201434969902,-7.629394893626795e-09,0.02503020502626896,0.0003505442291498184,2.3138270378112793,0.36302635073661804,-0.038567572832107544,3.053467035293579,24404.91796875,22.594078063964844,102.66302490234375,125.2571029663086,159.6715850830078,0.8159539699554443,0.3458095192909241,0.14196889102458954,0.03003990277647972,0.4267835021018982,1.0,0.23363463580608368,0.030009036883711815,-1112.4044189453125,0.03003990277647972,0.0018089936347678304,0.10602033138275146,0.0,0.4343305826187134,0.0
22.202787399291992,25.459999084472656,1000.0,199.0,0.7449278831481934,0.00011782225919887424,40.0,0.9993185997009277,0.9993185997009277,0.9993185997009277,0.00048185090417973697,0.0,0.5112045407295227,4000000.0,-0.00941547192633152,0.0008658654987812042,7.486343100993054e-09,0.026893386617302895,0.0018631815910339355,2.2617688179016113,0.2527492046356201,-0.11027714610099792,3.1298136711120605,24529.724609375,22.159574508666992,102.61248779296875,124.77205657958984,160.29229736328125,0.7667115926742554,0.3494143784046173,0.16269730031490326,0.03402246534824371,0.4330822825431824,1.0,0.2003287822008133,0.03400086238980293,-2.931837558746338,0.03402246534824371,-0.0012444683816283941,0.071683868765831,0.0,0.5282071232795715,0.0
22.36980438232422,35.400001525878906,1000.0,200.0,0.7519402503967285,0.00013072365254629403,40.0,1.000828742980957,1.000828742980957,1.000828742980957,0.000586009758990258,0.0,0.5145929455757141,4020000.0,-0.013935461640357971,-0.004519989714026451,-2.0503998499066256e-09,0.02825709618628025,0.001363709568977356,2.3066723346710205,0.47956448793411255,0.22681528329849243,2.8446459770202637,24656.875,21.67748260498047,105.44023895263672,127.11772155761719,157.33447265625,0.8174782991409302,0.32949796319007874,0.15984804928302765,0.029927976429462433,0.4121381342411041,1.0,0.32268086075782776,0.02987174317240715,-695.0126953125,0.029927976429462433,-0.002958185039460659,0.1556186079978943,0.0,0.35849592089653015,0.0
22.518537521362305,35.70000076293945,1000.0,201.0,0.7571144700050354,0.00011912424815818667,40.0,1.0004639625549316,1.0004639625549316,1.0004639625549316,0.00032807106617838144,0.0,0.5172354578971863,4040000.0,-0.015625227242708206,-0.001689765602350235,-8.964538444899972e-09,0.031240586191415787,0.002983490005135536,2.3427274227142334,0.4667060971260071,-0.012858390808105469,3.2120399475097656,24782.37109375,22.997406005859375,102.46622467041016,125.46363067626953,159.4087371826172,0.774104118347168,0.3458101153373718,0.15117211639881134,0.033375754952430725,0.4252791702747345,1.0,0.2669559717178345,0.032958511263132095,-760.3543090820312,0.033375754952430725,-0.007926205173134804,0.1505705714225769,0.0,0.36445584893226624,0.0
22.393028259277344,37.459999084472656,1000.0,202.0,0.7573966979980469,0.00011949860345339403,40.0,1.0005086660385132,1.0005086660385132,1.0005086660385132,0.00035970931639894843,0.0,0.5171940922737122,4060000.0,-0.01268289890140295,0.002942328341305256,-9.536742923144104e-11,0.029352402314543724,-0.0018881838768720627,2.2576186656951904,0.3526723384857178,-0.1140337586402893,3.095400810241699,24910.287109375,22.707368850708008,105.17524719238281,127.88261413574219,156.39341735839844,0.8062951564788818,0.3426763415336609,0.13523270189762115,0.03076392598450184,0.42263585329055786,1.0,0.2904960513114929,0.030415888875722885,-1191.6163330078125,0.03076392598450184,-0.006733772344887257,0.13028433918952942,0.0,0.3918039798736572,0.0
22.389881134033203,32.91999816894531,1000.0,203.0,0.7574880123138428,0.00013616608339361846,40.0,0.9998735785484314,0.9998735785484314,0.9998735785484314,8.940752013586462e-05,0.0,0.516939103603363,4080000.0,-0.011632750742137432,0.0010501481592655182,4.291534239087014e-09,0.029255978763103485,-9.642355144023895e-05,2.3057808876037598,0.34805381298065186,-0.004618525505065918,3.2293434143066406,25035.41015625,21.674531936645508,103.41429901123047,125.08882904052734,159.88638305664062,0.7577362656593323,0.32705697417259216,0.18193425238132477,0.03483323007822037,0.4272453486919403,1.0,0.3143305480480194,0.03481845557689667,-427.6846618652344,0.03483323007822037,-0.001472030533477664,0.14665813744068146,0.0,0.3692851960659027,0.0
21.921062469482422,30.18000030517578,1000.0,204.0,0.7577610015869141,0.0001142002220149152,40.0,0.9998307824134827,0.9998307824134827,0.9998307824134827,0.00011964085570070893,0.0,0.5170303583145142,4100000.0,-0.012489236891269684,-0.0008564861491322517,3.2424927187690855e-09,0.02995094284415245,0.0006949640810489655,2.32696795463562,0.3547275960445404,0.00667378306388855,3.0590662956237793,25162.791015625,23.542360305786133,103.80403137207031,127.34638977050781,157.0519561767578,0.8086221218109131,0.34750258922576904,0.15347915887832642,0.030587121844291687,0.42104169726371765,1.0,0.2701614499092102,0.030508143827319145,-200.8009796142578,0.030587121844291687,-0.003248480148613453,0.13361352682113647,0.0,0.38689202070236206,0.0
21.993141174316406,25.81999969482422,1000.0,205.0,0.7572484016418457,0.00012299361696932465,40.0,1.0005728006362915,1.0005728006362915,1.0005728006362915,0.00040500311297364533,0.0,0.5165925621986389,4120000.0,-0.011460491456091404,0.0010287454351782799,-2.574920721087892e-09,0.026822352781891823,-0.0031285900622606277,2.319492816925049,0.3164280354976654,-0.038299560546875,2.8632214069366455,25289.083984375,21.93638038635254,104.322021484375,126.2583999633789,158.40530395507812,0.7703312635421753,0.3424403667449951,0.17952197790145874,0.033703483641147614,0.4113906919956207,1.0,0.3067570626735687,0.03370044752955437,-5.333670139312744,0.033703483641147614,-0.000617458950728178,0.12559598684310913,0.0,0.3990497887134552,0.0
22.332475662231445,23.360000610351562,1000.0,206.0,0.7518040537834167,0.00012832293577957898,40.0,1.0000581741333008,1.0000581741333008,1.0000581741333008,4.107920540263876e-05,0.0,0.5138120651245117,4140000.0,-0.01889115758240223,-0.007430666126310825,-5.817413217812373e-09,0.031134361401200294,0.004312008619308472,2.3556973934173584,0.3688885569572449,0.05246052145957947,2.882471799850464,25414.474609375,21.63492202758789,103.72186279296875,125.3567886352539,159.54461669921875,0.8070072531700134,0.337186336517334,0.14279021322727203,0.030709657818078995,0.4178231656551361,1.0,0.32256829738616943,0.030647166073322296,-16.743074417114258,0.030709657818078995,-0.003166493959724903,0.16044776141643524,1.2391462326049805,0.0,3.0
21.743192672729492,25.1200008392334,1000.0,207.0,0.7483823895454407,0.00012575808796100318,40.0,1.0004311800003052,1.0004311800003052,1.0004311800003052,0.0003049184160772711,0.0,0.5122426152229309,4160000.0,-0.011698450893163681,0.007192706689238548,1.7166137400437265e-09,0.026182884350419044,-0.00495147705078125,2.20418119430542,0.38193777203559875,0.013049215078353882,2.7247562408447266,25541.060546875,21.948970794677734,104.6014404296875,126.5504150390625,158.03977966308594,0.8366141319274902,0.339819073677063,0.16696280241012573,0.02857455611228943,0.3978536128997803,1.0,0.31194260716438293,0.02854655310511589,-0.07897725701332092,0.02857455611228943,0.002018427010625601,0.14548999071121216,0.0,0.37076473236083984,0.0
22.34430503845215,27.399999618530273,1000.0,208.0,0.7495484352111816,0.00011642539175227284,40.0,1.0002269744873047,1.0002269744873047,1.0002269744873047,0.00016055141168180853,0.0,0.5128050446510315,4180000.0,-0.010198574513196945,0.0014998763799667358,4.506111039859206e-09,0.028873765841126442,0.0026908814907073975,2.3126039505004883,0.29928308725357056,-0.0826546847820282,2.9560539722442627,25670.806640625,23.224319458007812,106.48899841308594,129.71331787109375,154.18617248535156,0.8128538727760315,0.34958669543266296,0.1387699395418167,0.030269475653767586,0.41767603158950806,1.0,0.24122825264930725,0.030258946120738983,-60.94739532470703,0.030269475653767586,-0.0009974341373890638,0.09447669237852097,0.0,0.4601004421710968,0.0
20.92672348022461,30.8799991607666,1000.0,209.0,0.7541584372520447,0.00011499891843413934,40.0,0.9998860359191895,0.9998860359191895,0.9998860359191895,8.05566887720488e-05,0.0,0.5151203274726868,4200000.0,-0.01079555880278349,-0.000596984289586544,1.0728836485895954e-08,0.026416132226586342,-0.0024576336145401,2.2686569690704346,0.3758470118045807,0.07656392455101013,2.8747825622558594,25796.681640625,21.404314041137695,104.43534851074219,125.83966064453125,158.93240356445312,0.7818690538406372,0.3478137254714966,0.18878349661827087,0.032716117799282074,0.40536725521087646,1.0,0.26402711868286133,0.03265576437115669,-290.24993896484375,0.032716117799282074,0.0026812260039150715,0.11911115795373917,0.0,0.409768670797348,0.0
20.947328567504883,31.420000076293945,1000.0,210.0,0.7605680823326111,0.00012044330651406199,40.0,0.9997356534004211,0.9997356534004211,0.9997356534004211,0.00018690721481107175,0.0,0.5185062885284424,4220000.0,-0.010977406054735184,-0.0001818472519516945,-2.2220611128886958e-08,0.030522631481289864,0.004106499254703522,2.207411050796509,0.342008113861084,-0.033838897943496704,2.7835590839385986,25923.314453125,22.939193725585938,103.66226959228516,126.6014633178711,157.97605895996094,0.7941101789474487,0.3407749831676483,0.1381407082080841,0.031715258955955505,0.42979127168655396,1.0,0.24073374271392822,0.031709715723991394,-407.1878967285156,0.031715258955955505,-0.000749081140384078,0.10121709108352661,0.0,0.44451668858528137,0.0
20.276853561401367,31.81999969482422,1000.0,211.0,0.7689643502235413,0.00010888554970733821,40.0,1.0007346868515015,1.0007346868515015,1.0007346868515015,0.0005195301491767168,0.0,0.5229434370994568,4240000.0,-0.011209261603653431,-0.00023185554891824722,-1.0824203755532835e-08,0.028607703745365143,-0.0019149277359247208,2.223757266998291,0.336145281791687,-0.005862832069396973,2.7715659141540527,26051.359375,23.792015075683594,104.21813201904297,128.01014709472656,156.23760986328125,0.7900242805480957,0.3510952591896057,0.1611582189798355,0.03204416483640671,0.41310492157936096,1.0,0.27304980158805847,0.03201707452535629,-449.64788818359375,0.03204416483640671,-0.0016739387065172195,0.10343721508979797,0.0,0.43972036242485046,0.0
20.77979278564453,30.299999237060547,1000.0,212.0,0.7635080814361572,0.0001334660773864016,40.0,0.9997727274894714,0.9997727274894714,0.9997727274894714,0.0001607480808161199,0.0,0.5200443267822266,4260000.0,-0.010823815129697323,0.0003854464739561081,-5.745887765584712e-09,0.029300719499588013,0.0006930157542228699,2.1349592208862305,0.29326435923576355,-0.04288092255592346,2.579108953475952,26177.927734375,21.93246841430664,104.60328674316406,126.53575897216797,158.05809020996094,0.8161276578903198,0.3360183537006378,0.1444968581199646,0.03002711944282055,0.42187222838401794,1.0,0.283639520406723,0.030027000233530998,-241.50161743164062,0.03002711944282055,-0.00011780671775341034,0.11630424857139587,0.0,0.41468390822410583,0.0
20.374820709228516,24.260000228881836,1000.0,213.0,0.7528894543647766,0.00012884355965070426,40.0,0.9996976852416992,0.9996976852416992,0.9996976852416992,0.00021379691315814853,0.0,0.5144099593162537,4280000.0,-0.019528651610016823,-0.0087048364803195,-6.341934088993639e-09,0.02836076356470585,-0.000939955934882164,2.0656211376190186,0.23108212649822235,-0.0621822327375412,2.3162682056427,26305.583984375,23.701435089111328,103.92031860351562,127.62174987792969,156.71310424804688,0.7861765027046204,0.3341064453125,0.1478525549173355,0.032358601689338684,0.4249764382839203,1.0,0.26566413044929504,0.031962670385837555,-6.010076999664307,0.032358601689338684,-0.005996247753500938,0.09081138670444489,1.2719789743423462,0.0,3.0
19.632780075073242,25.639999389648438,1000.0,214.0,0.7504849433898926,0.00013320182915776968,40.0,1.0019334554672241,1.0019334554672241,1.0019334554672241,0.0013671875931322575,0.0,0.5131513476371765,4300000.0,-0.010266311466693878,0.009262340143322945,3.6954879156780862e-09,0.026627710089087486,-0.0017330534756183624,2.1255548000335693,0.28512850403785706,0.054046377539634705,2.206986427307129,26431.265625,23.242534637451172,102.40563201904297,125.6481704711914,159.17462158203125,0.7468862533569336,0.3343452513217926,0.18338622152805328,0.035852622240781784,0.43839895725250244,1.0,0.30943775177001953,0.035797953605651855,-3.773098945617676,0.035852622240781784,0.0024296962656080723,0.10798536241054535,0.0,0.4303606152534485,0.0
19.874351501464844,22.479999542236328,1000.0,215.0,0.7532060742378235,0.00014272215776145458,40.0,1.0006847381591797,1.0006847381591797,1.0006847381591797,0.000484239193610847,0.0,0.514516294002533,4320000.0,-0.01979367621243,-0.009527364745736122,-4.625320570994518e-09,0.027991997078061104,0.0013642869889736176,2.1742546558380127,0.2988191545009613,0.013690650463104248,2.387892007827759,26556.69921875,23.15223503112793,102.2459945678711,125.39823150634766,159.49188232421875,0.7308691740036011,0.32047179341316223,0.16800396144390106,0.03744126856327057,0.4384803771972656,1.0,0.2563680112361908,0.037330262362957,-51.188148498535156,0.03744126856327057,0.0037102503702044487,0.1240115538239479,1.3682339191436768,0.0,3.0
21.312955856323242,26.65999984741211,1000.0,216.0,0.7485072016716003,0.00013200311514083296,40.0,1.0002127885818481,1.0002127885818481,1.0002127885818481,0.00015049235662445426,0.0,0.512110710144043,4340000.0,-0.009394370019435883,0.010399306192994118,1.7404556018618678e-08,0.03220296651124954,0.004210969433188438,2.282841682434082,0.3080008327960968,0.009181678295135498,2.638078451156616,26682.984375,21.634729385375977,104.61538696289062,126.2501220703125,158.4156951904297,0.7579354047775269,0.3382352888584137,0.15856386721134186,0.034814924001693726,0.4425150454044342,1.0,0.22068184614181519,0.03473972529172897,-30.428997039794922,0.034814924001693726,0.002608721610158682,0.09049884974956512,0.0,0.4701034426689148,0.0
22.834749221801758,25.15999984741211,1000.0,217.0,0.7441031336784363,0.00012020110443700105,40.0,0.9997938275337219,0.9997938275337219,0.9997938275337219,0.00014574380475096405,0.0,0.5098406672477722,4360000.0,-0.011209500022232533,-0.00181513000279665,8.344650304081824e-09,0.030033649876713753,-0.0021693166345357895,2.339643716812134,0.3120705783367157,0.0040697455406188965,2.7630457878112793,26809.240234375,22.844022750854492,103.37713623046875,126.22116088867188,158.45204162597656,0.7877751588821411,0.3460029363632202,0.14416342973709106,0.032227400690317154,0.4294072091579437,1.0,0.2437775731086731,0.032223738729953766,-0.2044282853603363,0.032227400690317154,0.0006462635938078165,0.11406739056110382,0.0,0.41873013973236084,0.0
22.924354553222656,26.899999618530273,1000.0,218.0,0.7393414974212646,0.00011485222057672217,40.0,1.0003911256790161,1.0003911256790161,1.0003911256790161,0.00027659573242999613,0.0,0.507355809211731,4380000.0,-0.012121561914682388,-0.0009120618924498558,-8.869171175263091e-09,0.026651257649064064,-0.0033823922276496887,2.2943716049194336,0.32606005668640137,0.013989478349685669,2.748767614364624,26938.052734375,25.813325881958008,102.96630096435547,128.77963256835938,155.30406188964844,0.7333727478981018,0.34899652004241943,0.18951170146465302,0.037186071276664734,0.446432888507843,1.0,0.27633655071258545,0.03707954287528992,-31.527267456054688,0.037186071276664734,-0.003491449635475874,0.11443140357732773,0.0,0.41806361079216003,0.0
22.214628219604492,30.200000762939453,1000.0,219.0,0.7421206831932068,0.0001211872004205361,40.0,1.000544548034668,1.000544548034668,1.000544548034668,0.0003851098008453846,0.0,0.508711576461792,4400000.0,-0.012155503034591675,-3.39411199092865e-05,-2.574920721087892e-09,0.0252991933375597,-0.001352064311504364,2.260491371154785,0.4056066572666168,0.07954660058021545,2.733431577682495,27064.47265625,22.753902435302734,103.63179016113281,126.38569641113281,158.24575805664062,0.7296664714813232,0.34373241662979126,0.17928171157836914,0.037564802914857864,0.437153160572052,1.0,0.3091016411781311,0.03740084916353226,-166.83827209472656,0.037564802914857864,0.005154536105692387,0.16205373406410217,0.0,0.35130590200424194,0.0
22.024194717407227,33.20000076293945,1000.0,220.0,0.742347240447998,0.00011998337140539661,40.0,1.000001311302185,1.000001311302185,1.000001311302185,9.000103773360024e-07,0.0,0.5087601542472839,4420000.0,-0.01376024167984724,-0.0016047386452555656,3.290176353587526e-09,0.028408298268914223,0.0031091049313545227,2.3401172161102295,0.41535767912864685,0.00975102186203003,2.755635976791382,27189.23828125,21.65383529663086,103.07730865478516,124.73114013671875,160.34487915039062,0.7638356685638428,0.34430184960365295,0.16081206500530243,0.034279145300388336,0.43408411741256714,1.0,0.2751293182373047,0.03409910202026367,-477.8713073730469,0.034279145300388336,-0.005033135414123535,0.14070145785808563,0.0,0.37702110409736633,0.0
21.656635284423828,31.139999389648438,1000.0,221.0,0.74333256483078,0.00011975703091593459,40.0,0.9995980262756348,0.9995980262756348,0.9995980262756348,0.00028421025490388274,0.0,0.5091992020606995,4440000.0,-0.013206420466303825,0.0005538212135434151,1.3351439953623867e-09,0.027328411117196083,-0.0010798871517181396,2.2100424766540527,0.38170984387397766,-0.03364783525466919,2.71354079246521,27314.189453125,21.336761474609375,103.5831069946289,124.91986846923828,160.10263061523438,0.7976914644241333,0.34548428654670715,0.16662678122520447,0.03143112361431122,0.4239968955516815,1.0,0.2814332842826843,0.03130725398659706,-298.55029296875,0.03143112361431122,-0.003954803105443716,0.12626704573631287,0.0,0.3979879915714264,0.0
20.675573348999023,26.420000076293945,1000.0,222.0,0.7446253895759583,0.00011979709233855829,40.0,0.9991652369499207,0.9991652369499207,0.9991652369499207,0.0005903088022023439,0.0,0.5098230838775635,4460000.0,-0.011907550506293774,0.0012988699600100517,7.128715395765539e-09,0.02851664461195469,0.001188233494758606,2.0889320373535156,0.28908777236938477,-0.0926220715045929,2.6638901233673096,27440.47265625,22.626060485839844,103.62395477294922,126.25001525878906,158.4158172607422,0.7599446773529053,0.34604400396347046,0.1914934366941452,0.034631069749593735,0.4310988187789917,1.0,0.284559041261673,0.034579988569021225,-15.509184837341309,0.034631069749593735,-0.0025754403322935104,0.12984582781791687,0.0,0.3924650251865387,0.0
19.86931800842285,26.020000457763672,1000.0,223.0,0.7443228363990784,0.00013228737225290388,40.0,0.9993366599082947,0.9993366599082947,0.9993366599082947,0.0004690663190558553,0.0,0.5096672177314758,4480000.0,-0.009873602539300919,0.002033947966992855,-5.245208711812666e-10,0.027433160692453384,-0.0010834839195013046,2.2434232234954834,0.290526419878006,0.0014386475086212158,2.8754355907440186,27565.80859375,23.22176742553711,102.08020782470703,125.30197143554688,159.61441040039062,0.7130839228630066,0.3275083899497986,0.19373920559883118,0.039332225918769836,0.454986572265625,1.0,0.3141425549983978,0.03930890932679176,-9.261297225952148,0.039332225918769836,0.001616726745851338,0.11209648847579956,0.0,0.4223951995372772,0.0
20.218595504760742,24.81999969482422,1000.0,224.0,0.7392606139183044,0.00014455032942350954,40.0,1.000134825706482,1.000134825706482,1.000134825706482,9.536428115097806e-05,0.0,0.5071977972984314,4500000.0,-0.02022591233253479,-0.010352309793233871,-1.645088176793763e-09,0.028840241953730583,0.0014070812612771988,2.2619147300720215,0.3318839371204376,0.04135751724243164,2.837524652481079,27691.681640625,23.1942195892334,102.64411926269531,125.83833312988281,158.93408203125,0.7273951172828674,0.3178417980670929,0.18306195735931396,0.03779976814985275,0.4369589686393738,1.0,0.24675528705120087,0.03776676580309868,-0.30244144797325134,0.03779976814985275,0.0018210854614153504,0.10048368573188782,1.374768614768982,0.0,3.0
20.81180191040039,27.81999969482422,1000.0,225.0,0.732211172580719,0.00012129577953601256,40.0,0.9994664192199707,0.9994664192199707,0.9994664192199707,0.0003772704803850502,0.0,0.5038602948188782,4520000.0,-0.013021593913435936,0.007204318419098854,-1.521110526425673e-08,0.028678670525550842,-0.0001615714281797409,2.092134714126587,0.43915361166000366,0.10726967453956604,2.6859753131866455,27818.556640625,21.87565803527832,104.96519470214844,126.84085083007812,157.6779022216797,0.8068029284477234,0.3398396074771881,0.14943328499794006,0.03072521463036537,0.4123589098453522,1.0,0.3099174201488495,0.03072325885295868,-46.6739387512207,0.03072521463036537,-0.0005770025309175253,0.17030899226665497,0.0,0.34268584847450256,0.0
21.330921173095703,24.100000381469727,1000.0,226.0,0.7257227897644043,0.00013247299648355693,40.0,0.9993942379951477,0.9993942379951477,0.9993942379951477,0.00042835247586481273,0.0,0.5009731650352478,4540000.0,-0.01848040148615837,-0.005458807572722435,-1.4305114870438729e-09,0.033311858773231506,0.004633188247680664,2.2422776222229004,0.2977812588214874,-0.14137235283851624,2.8005547523498535,27944.87890625,21.678592681884766,104.61198425292969,126.29057312011719,158.3649444580078,0.7736614346504211,0.33364740014076233,0.15885786712169647,0.03341396152973175,0.4312576353549957,1.0,0.28817543387413025,0.03332936763763428,-6.424171447753906,0.03341396152973175,0.003260844387114048,0.1256948560476303,1.2925550937652588,0.0,3.0
20.693227767944336,23.040000915527344,1000.0,227.0,0.7205802798271179,0.00012966517533641309,40.0,1.0008697509765625,1.0008697509765625,1.0008697509765625,0.0006150068365968764,0.0,0.49856117367744446,4560000.0,-0.020431872457265854,-0.001951470971107483,-5.006790093631253e-09,0.029854174703359604,-0.0034576840698719025,2.026662588119507,0.2569536864757538,-0.04082757234573364,2.5466842651367188,28072.0546875,25.936582565307617,101.20378875732422,127.14037322998047,157.3064422607422,0.7591875195503235,0.33517947793006897,0.16245731711387634,0.0347001776099205,0.44149765372276306,1.0,0.2578302025794983,0.03453374654054642,-37.62183380126953,0.0347001776099205,-0.004121319390833378,0.10205655544996262,1.3171976804733276,0.0,3.0
22.023361206054688,21.360000610351562,1000.0,228.0,0.7119767069816589,0.00013916342868469656,40.0,0.9998915791511536,0.9998915791511536,0.9998915791511536,7.665107114007697e-05,0.0,0.49431756138801575,4580000.0,-0.01918179541826248,0.0012500770390033722,1.516342251761671e-08,0.03424999117851257,0.004395816475152969,2.251006603240967,0.2438729703426361,-0.013080716133117676,2.5316574573516846,28202.2890625,24.67864418029785,105.51992797851562,130.19857788085938,153.61151123046875,0.7177648544311523,0.3252284824848175,0.18182434141635895,0.03882088512182236,0.45311295986175537,1.0,0.19636502861976624,0.03847072273492813,-166.59950256347656,0.03882088512182236,0.005276835523545742,0.07952006161212921,1.3932139873504639,0.0,3.0
21.99854278564453,26.280000686645508,1000.0,229.0,0.7091686129570007,0.00011453247861936688,40.0,0.9990907311439514,0.9990907311439514,0.9990907311439514,0.0006429360946640372,0.0,0.4930364191532135,4600000.0,-0.013446641154587269,0.005735154263675213,1.0108947456899386e-08,0.03298483043909073,-0.0012651607394218445,2.2647323608398438,0.3478546738624573,0.10398170351982117,2.4972803592681885,28330.5390625,22.806007385253906,105.40941619873047,128.21542358398438,155.9874725341797,0.754586398601532,0.3484779894351959,0.16288034617900848,0.03512464463710785,0.4317387342453003,1.0,0.27129554748535156,0.03478104993700981,-12.63548755645752,0.03512464463710785,-0.0066695003770291805,0.12946175038814545,0.0,0.3930467665195465,0.0
23.115615844726562,29.719999313354492,1000.0,230.0,0.7083263397216797,0.00012359007087070495,40.0,0.9999613761901855,0.9999613761901855,0.9999613761901855,2.731115819187835e-05,0.0,0.4929448068141937,4620000.0,-0.014905847609043121,-0.0014592064544558525,-2.956390465769232e-09,0.029287710785865784,-0.003697119653224945,2.2772600650787354,0.40505099296569824,0.05719631910324097,2.506742238998413,28457.6953125,21.400074005126953,105.72119140625,127.12126922607422,157.33009338378906,0.755520224571228,0.34053337574005127,0.17148001492023468,0.03503786772489548,0.42658567428588867,1.0,0.3173414468765259,0.03449903801083565,-134.12045288085938,0.03503786772489548,-0.00945994071662426,0.16608256101608276,0.0,0.3470187485218048,0.0
23.124990463256836,32.220001220703125,1000.0,231.0,0.7078869938850403,0.00012031286314595491,40.0,1.0009945631027222,1.0009945631027222,1.0009945631027222,0.0007032342255115509,0.0,0.4927774965763092,4640000.0,-0.01378779485821724,0.001118052750825882,3.1471252270875993e-09,0.030618498101830482,0.0013307873159646988,2.2402143478393555,0.30919891595840454,-0.0958520770072937,2.6629958152770996,28584.52734375,23.760942459106445,103.03430938720703,126.79524993896484,157.734619140625,0.7361484169960022,0.34586668014526367,0.18160606920719147,0.036906175315380096,0.4373701214790344,1.0,0.274563729763031,0.03660441190004349,-451.9584655761719,0.036906175315380096,-0.0058994414284825325,0.11533385515213013,0.0,0.41642481088638306,0.0
23.402667999267578,32.79999923706055,1000.0,232.0,0.7108674049377441,0.0001136607606895268,40.0,1.0006519556045532,1.0006519556045532,1.0006519556045532,0.0004609741154126823,0.0,0.4940701425075531,4660000.0,-0.010732561349868774,0.003055233508348465,-2.6226043559063328e-09,0.030368167906999588,-0.00025033019483089447,2.2962486743927,0.3581613302230835,0.048962414264678955,2.627578020095825,28712.3046875,23.336788177490234,104.4029541015625,127.73973846435547,156.56834411621094,0.7055680155754089,0.34574297070503235,0.16955527663230896,0.04017465189099312,0.46269768476486206,1.0,0.27927297353744507,0.0400090254843235,-416.9526672363281,0.04017465189099312,0.004915937315672636,0.14590880274772644,0.0,0.3702322244644165,0.0
23.313182830810547,27.719999313354492,1000.0,233.0,0.7117094397544861,0.00012250682630110532,40.0,0.998896598815918,0.998896598815918,0.998896598815918,0.0007802224718034267,0.0,0.4944070279598236,4680000.0,-0.010193371213972569,0.0005391901358962059,-4.00543198608716e-09,0.029208475723862648,-0.00115969218313694,2.228278398513794,0.2777624726295471,-0.08039885759353638,2.6006956100463867,28837.994140625,22.922433853149414,102.72991180419922,125.65234375,159.16932678222656,0.8085466623306274,0.3406268358230591,0.14689531922340393,0.03059283085167408,0.43250709772109985,1.0,0.24570326507091522,0.030582472681999207,-81.28730010986328,0.03059283085167408,-0.0009708754951134324,0.0909930095076561,0.0,0.46882522106170654,0.0
23.513145446777344,25.1200008392334,1000.0,234.0,0.7117891907691956,0.00012818157847505063,40.0,0.999737560749054,0.999737560749054,0.999737560749054,0.00018553044355940074,0.0,0.4944848120212555,4700000.0,-0.012016908265650272,-0.0018235370516777039,6.961822673900997e-09,0.029816361144185066,0.0006078854203224182,2.340954542160034,0.35447603464126587,0.07671356201171875,2.502363681793213,28965.212890625,23.860187530517578,103.32202911376953,127.18221282958984,157.2546844482422,0.7009484171867371,0.33640968799591064,0.18650707602500916,0.040705934166908264,0.45648086071014404,1.0,0.3297187387943268,0.04067256674170494,-0.07288059592247009,0.040705934166908264,0.002274502068758011,0.1550399214029312,0.0,0.3591643273830414,0.0
23.045320510864258,22.0,1000.0,235.0,0.7084004282951355,0.0001378308079438284,40.0,1.0002679824829102,1.0002679824829102,1.0002679824829102,0.00018943604663945735,0.0,0.49292245507240295,4720000.0,-0.020217880606651306,-0.008200972341001034,-6.771087690538025e-09,0.030150482431054115,0.00033412128686904907,2.275465250015259,0.31470656394958496,-0.03976947069168091,2.245758056640625,29092.56640625,24.4888858795166,102.82659912109375,127.31549072265625,157.09007263183594,0.7471720576286316,0.3291115164756775,0.18411608040332794,0.035825200378894806,0.4404762089252472,1.0,0.2759025990962982,0.03582429513335228,-89.34050750732422,0.035825200378894806,-0.00030187726952135563,0.10071562975645065,1.3383798599243164,0.0,3.0
23.147748947143555,25.239999771118164,1000.0,236.0,0.7070412635803223,0.00011197828280273825,40.0,1.0016206502914429,1.0016206502914429,1.0016206502914429,0.0011459446977823973,0.0,0.49220600724220276,4740000.0,-0.012060340493917465,0.008157540112733841,9.536743617033494e-10,0.032244227826595306,0.002093745395541191,2.217346668243408,0.358383446931839,0.04367688298225403,2.2244274616241455,29218.986328125,23.10733413696289,103.27503204345703,126.38236236572266,158.2499237060547,0.7091274261474609,0.35192665457725525,0.17765916883945465,0.03977235406637192,0.4621199667453766,1.0,0.2635537385940552,0.03973909839987755,-0.4402580261230469,0.03977235406637192,-0.002040010876953602,0.12514694035053253,0.0,0.3997650742530823,0.0
22.89081382751465,23.760000228881836,1000.0,237.0,0.7051403522491455,0.00012546428479254246,40.0,1.0011638402938843,1.0011638402938843,1.0011638402938843,0.0008229312370531261,0.0,0.4913085997104645,4760000.0,-0.019185833632946014,-0.007125493139028549,-6.508827254947391e-09,0.032501716166734695,0.00025748834013938904,2.2591612339019775,0.25963425636291504,-0.09874919056892395,2.395343780517578,29347.341796875,23.12438201904297,105.1966552734375,128.32102966308594,155.8590850830078,0.7766731381416321,0.33928877115249634,0.1363142430782318,0.03315532207489014,0.4368487596511841,1.0,0.27965885400772095,0.033153824508190155,-13.380736351013184,0.03315532207489014,-0.0004143158148508519,0.11473991721868515,1.2875429391860962,0.0,3.0
22.35797119140625,25.1200008392334,1000.0,238.0,0.7047988772392273,0.00012734306801576167,40.0,0.9993140697479248,0.9993140697479248,0.9993140697479248,0.0004850259283557534,0.0,0.4913686215877533,4780000.0,-0.009662187658250332,0.009523645974695683,0.0,0.02959069423377514,-0.0029110219329595566,2.273099184036255,0.30093616247177124,0.0413019061088562,2.3234188556671143,29473.53515625,21.549436569213867,104.61064910888672,126.16008758544922,158.52874755859375,0.7306443452835083,0.33575770258903503,0.18268243968486786,0.037464313209056854,0.4473705291748047,1.0,0.27032142877578735,0.0371684692800045,-0.09370815753936768,0.037464313209056854,0.006120962090790272,0.12664175033569336,0.0,0.39739876985549927,0.0
22.82209014892578,26.200000762939453,1000.0,239.0,0.7067441940307617,0.00011961297423113137,40.0,1.0005183219909668,1.0005183219909668,1.0005183219909668,0.0003665089898277074,0.0,0.49276018142700195,4800000.0,-0.014815459959208965,-0.005153272300958633,3.7193297330873065e-09,0.030297476798295975,0.0007067825645208359,2.219123601913452,0.35988086462020874,0.0589447021484375,2.3306639194488525,29599.259765625,21.814645767211914,103.87462615966797,125.68927001953125,159.12257385253906,0.7458050847053528,0.3435932695865631,0.1536579728126526,0.03595665097236633,0.46026846766471863,1.0,0.3209308385848999,0.035671088844537735,-8.435736656188965,0.03595665097236633,-0.006973600015044212,0.17029878497123718,0.0,0.3426961302757263,0.0
22.227479934692383,29.0,1000.0,240.0,0.7051241993904114,0.00011821574298664927,40.0,1.0003124475479126,1.0003124475479126,1.0003124475479126,0.00022090568381827325,0.0,0.4922204911708832,4820000.0,-0.010199150070548058,0.004616309888660908,1.2683868177987279e-08,0.029401199892163277,-0.0008962769061326981,2.2732932567596436,0.3219500482082367,-0.037930816411972046,2.3851301670074463,29726.4375,23.498130798339844,103.64436340332031,127.14249420166016,157.30381774902344,0.7363177537918091,0.3435782194137573,0.18619683384895325,0.036889202892780304,0.43923184275627136,1.0,0.2880686819553375,0.03677494451403618,-130.4834442138672,0.036889202892780304,0.0037427544593811035,0.12260212004184723,0.0,0.4038926959037781,0.0
22.171239852905273,28.040000915527344,1000.0,241.0,0.699556827545166,0.00013635281356982887,40.0,1.0003591775894165,1.0003591775894165,1.0003591775894165,0.0002540050190873444,0.0,0.4896337687969208,4840000.0,-0.00988961011171341,0.00030953995883464813,-5.269050529221886e-09,0.03036019764840603,0.0009589977562427521,2.24985408782959,0.2670571208000183,-0.054892927408218384,2.478896379470825,29852.689453125,23.03895378112793,103.18064880371094,126.21959686279297,158.45399475097656,0.727095365524292,0.32811465859413147,0.17187589406967163,0.037830933928489685,0.4474826157093048,1.0,0.2666582465171814,0.03780964016914368,-81.10832977294922,0.037830933928489685,0.0015575061552226543,0.11391343176364899,0.0,0.41901302337646484,0.0
21.872909545898438,26.780000686645508,1000.0,242.0,0.7027997374534607,0.00011937724048038945,40.0,1.0007988214492798,1.0007988214492798,1.0007988214492798,0.0005649363738484681,0.0,0.49135270714759827,4860000.0,-0.012776251882314682,-0.0028866417706012726,-9.965896552444065e-09,0.03040699101984501,4.67933714389801e-05,2.2003586292266846,0.3601124882698059,0.0930553674697876,2.4756054878234863,29983.400390625,26.419578552246094,104.254150390625,130.67373657226562,153.05294799804688,0.7453950047492981,0.34193354845046997,0.18760766088962555,0.035996221005916595,0.44874370098114014,1.0,0.273193359375,0.03586636483669281,-25.380046844482422,0.035996221005916595,-0.004024720750749111,0.12474001944065094,0.0,0.40041661262512207,0.0
21.59221839904785,29.579999923706055,1000.0,243.0,0.7046709656715393,0.0001362502371193841,40.0,0.9992556571960449,0.9992556571960449,0.9992556571960449,0.0005263579660095274,0.0,0.4924217164516449,4880000.0,-0.013912283815443516,-0.0011360319331288338,-1.2397766369076635e-08,0.03199731186032295,0.0015903208404779434,2.295855760574341,0.37251991033554077,0.012407422065734863,2.5766661167144775,30108.611328125,24.490530014038086,100.68399810791016,125.17453002929688,159.77691650390625,0.742778480052948,0.3334842920303345,0.15712778270244598,0.036250270903110504,0.4459116458892822,1.0,0.3366777300834656,0.036232028156518936,-132.75674438476562,0.036250270903110504,-0.0016976825427263975,0.1579824537038803,0.0,0.3558037579059601,0.0
20.83658218383789,33.720001220703125,1000.0,244.0,0.7041050791740417,0.00011895928764715791,40.0,0.9999406337738037,0.9999406337738037,0.9999406337738037,4.1978262743214145e-05,0.0,0.4917677342891693,4900000.0,-0.010174109600484371,0.0037381742149591446,-5.531310964812519e-09,0.03182606399059296,-0.00017124786972999573,2.244446039199829,0.3299577832221985,-0.042562127113342285,2.5743942260742188,30236.693359375,24.855958938598633,103.19123840332031,128.0471954345703,156.19241333007812,0.754162073135376,0.3439243733882904,0.175193190574646,0.03516417741775513,0.44246774911880493,1.0,0.23925833404064178,0.035127028822898865,-721.92529296875,0.03516417741775513,0.001978066749870777,0.10532434284687042,0.0,0.43576323986053467,0.0
20.862642288208008,32.91999816894531,1000.0,245.0,0.7021472454071045,0.00013460284390021116,40.0,0.9992068409919739,0.9992068409919739,0.9992068409919739,0.0005608059582300484,0.0,0.4906238615512848,4920000.0,-0.009912943467497826,0.00026116613298654556,-3.6239624634504253e-09,0.032419681549072266,0.0005936175584793091,2.157853364944458,0.2898145318031311,-0.04014325141906738,2.565523147583008,30363.873046875,24.53999900817871,102.60457611083984,127.14457702636719,157.30123901367188,0.7478445172309875,0.33153200149536133,0.17720693349838257,0.035760801285505295,0.4384377896785736,1.0,0.2855907380580902,0.0357089564204216,-633.3491821289062,0.035760801285505295,0.0022659411188215017,0.09903602302074432,0.0,0.44938477873802185,0.0
20.89133071899414,27.100000381469727,1000.0,246.0,0.6991130709648132,0.00014075289072934538,40.0,1.0000616312026978,1.0000616312026978,1.0000616312026978,4.366429857327603e-05,0.0,0.4891606569290161,4940000.0,-0.01159696001559496,-0.0016840165480971336,-1.6260147006619263e-08,0.03397350013256073,0.0015538185834884644,2.1902520656585693,0.30507951974868774,0.01526498794555664,2.5623884201049805,30489.810546875,24.294950485229492,101.60747528076172,125.90242767333984,158.85317993164062,0.7488458156585693,0.33074548840522766,0.19075879454612732,0.035665228962898254,0.4415380358695984,1.0,0.35268619656562805,0.03565671294927597,-29.177518844604492,0.035665228962898254,0.001134109334088862,0.15104027092456818,0.0,0.3638887107372284,0.0
20.73029136657715,24.559999465942383,1000.0,247.0,0.6891530156135559,0.0001354539708700031,40.0,1.0005179643630981,1.0005179643630981,1.0005179643630981,0.0003662841918412596,0.0,0.48433300852775574,4960000.0,-0.02244468405842781,-0.010847724042832851,1.034736651917001e-08,0.027598807588219643,-0.006374692544341087,2.238093376159668,0.2636355757713318,-0.04144394397735596,2.6032450199127197,30616.2734375,23.39850425720215,103.03179168701172,126.4302978515625,158.18994140625,0.6984890103340149,0.3275013864040375,0.17690278589725494,0.0409930944442749,0.46887120604515076,1.0,0.31273189187049866,0.04060583934187889,-1.3687809705734253,0.0409930944442749,-0.0073474375531077385,0.13940316438674927,1.4316617250442505,0.0,3.0
20.9971981048584,26.520000457763672,1000.0,248.0,0.6852712631225586,0.000146888050949201,40.0,0.9997372627258301,0.9997372627258301,0.9997372627258301,0.00018575519789010286,0.0,0.4823853075504303,4980000.0,-0.01516239158809185,0.00728229247033596,8.487701208537146e-09,0.028771210461854935,0.001172402873635292,2.296393394470215,0.3547554910182953,0.0911199152469635,2.6541659832000732,30742.8671875,23.45292091369629,103.10681915283203,126.55974578857422,158.02813720703125,0.7312524318695068,0.3197694718837738,0.1852222979068756,0.03740203380584717,0.4660123884677887,1.0,0.4006446897983551,0.0371767096221447,-11.993494987487793,0.03740203380584717,-0.0065828594379127026,0.1923171579837799,0.0,0.3224823772907257,0.0
21.235675811767578,25.18000030517578,1000.0,249.0,0.6854208111763,0.00011599110439419746,40.0,0.9995056986808777,0.9995056986808777,0.9995056986808777,0.000349537847796455,0.0,0.48247408866882324,5000000.0,-0.010149474255740643,0.005012917332351208,-1.7166137400437265e-09,0.030765345320105553,0.001994134858250618,2.2511186599731445,0.25599539279937744,-0.09876009821891785,2.591029405593872,30869.744140625,24.337352752685547,102.50448608398438,126.84184265136719,157.6766815185547,0.704442024230957,0.34559985995292664,0.1908113956451416,0.04030318558216095,0.4680090844631195,1.0,0.2502324879169464,0.0402953140437603,-0.2868950664997101,0.04030318558216095,0.000911551236640662,0.10557389259338379,0.0,0.43524792790412903,0.0
