Metrics/EpRet,Metrics/EpCost,Metrics/EpLen,Train/Epoch,Train/Entropy,Train/KL,Train/StopIter,Train/PolicyRatio,Train/PolicyRatio/Min,Train/PolicyRatio/Max,Train/PolicyRatio/Std,Train/LR,Train/PolicyStd,TotalEnvSteps,Loss/Loss_pi,Loss/Loss_pi/Delta,Value/Adv,Loss/Loss_reward_critic,Loss/Loss_reward_critic/Delta,Value/reward,Loss/Loss_cost_critic,Loss/Loss_cost_critic/Delta,Value/cost,Time/Total,Time/Rollout,Time/Update,Time/Epoch,Time/FPS,Misc/Alpha,Misc/FinalStepNorm,Misc/gradient_norm,Misc/xHx,Misc/H_inv_g,Misc/AcceptanceStep,Misc/cost_gradient_norm,Misc/A,Misc/B,Misc/q,Misc/r,Misc/s,Misc/Lambda_star,Misc/Nu_star,Misc/OptimCase
-0.5241097807884216,111.5,1000.0,0.0,1.4198333024978638,0.00014605493925046176,40.0,1.0001602172851562,1.0001602172851562,1.0001602172851562,0.00011329072731314227,0.0,1.001207947731018,20000.0,-0.011405933648347855,-0.011405933648347855,5.912780931538464e-09,0.005361090414226055,0.005361090414226055,-0.08273129910230637,1.061690330505371,1.061690330505371,-0.01230218168348074,127.39481353759766,22.146451950073242,105.24736785888672,127.39381408691406,156.9934844970703,0.8593019843101501,0.30918169021606445,0.11845538020133972,0.02708558365702629,0.27874037623405457,1.0,0.20400141179561615,0.027078669518232346,-63135.56640625,0.02708558365702629,0.0009052410605363548,0.11851080507040024,0.0,0.41080528497695923,0.0
-0.5758889317512512,73.875,1000.0,1.0,1.4310013055801392,0.00012174253060948104,40.0,1.0003066062927246,1.0003066062927246,1.0003066062927246,0.0002168033825000748,0.0,1.0126525163650513,40000.0,-0.008045102469623089,0.0033608311787247658,-2.479553229406406e-09,0.00571458088234067,0.0003534904681146145,-0.058335430920124054,0.46190834045410156,-0.5997819900512695,1.1424893140792847,250.16966247558594,20.545818328857422,102.19544982910156,122.74127197265625,162.9443817138672,0.8669857978820801,0.3404480516910553,0.12762896716594696,0.026607610285282135,0.27309924364089966,1.0,0.0975465402007103,0.02654772810637951,-58412.671875,0.026607610285282135,-0.0015648751286789775,0.04089462012052536,0.0,0.6993294954299927,0.0
-0.5966486930847168,64.83333587646484,1000.0,2.0,1.437198519706726,0.00014813293819315732,40.0,1.0004687309265137,1.0004687309265137,1.0004687309265137,0.00033144280314445496,0.0,1.0189216136932373,60000.0,-0.011028409004211426,-0.002983306534588337,4.768371808516747e-10,0.004326322115957737,-0.0013882587663829327,-0.05636526644229889,0.5437334775924683,0.0818251371383667,1.8829691410064697,374.0712585449219,21.576900482177734,102.28998565673828,123.86688232421875,161.46365356445312,0.7290122509002686,0.3136225938796997,0.14586102962493896,0.03763224929571152,0.316364586353302,1.0,0.13804632425308228,0.03721371293067932,-24447.083984375,0.03763224929571152,-0.005211936309933662,0.06490316987037659,0.0,0.5551137924194336,0.0
-0.8099005222320557,33.08000183105469,1000.0,3.0,1.4366812705993652,0.00015140263712964952,40.0,1.000575065612793,1.000575065612793,1.000575065612793,0.0004065765824634582,0.0,1.0187573432922363,80000.0,-0.01120342593640089,-0.00017501693218946457,4.959106458812812e-09,0.003944072872400284,-0.00038224924355745316,-0.03631627932190895,0.37921708822250366,-0.1645163893699646,1.9056404829025269,501.6815490722656,22.093536376953125,105.48111724853516,127.57465362548828,156.7709503173828,0.7864670157432556,0.3087059259414673,0.11484716832637787,0.032334696501493454,0.32793888449668884,1.0,0.11164591461420059,0.03084026463329792,-1585.6231689453125,0.032334696501493454,-0.00784416776150465,0.041173458099365234,0.0,0.6969574689865112,0.0
-0.7375501394271851,25.639999389648438,1000.0,4.0,1.4436492919921875,0.00016885867808014154,40.0,0.999030590057373,0.999030590057373,0.999030590057373,0.0006854763487353921,0.0,1.0260883569717407,100000.0,-0.007731613703072071,0.0034718122333288193,-2.00271599304358e-09,0.005078156478703022,0.0011340836063027382,-0.05551419034600258,0.2693801522254944,-0.10983693599700928,2.0365488529205322,632.86376953125,21.62251091003418,109.52661895751953,131.1491241455078,152.49815368652344,0.7645397186279297,0.30648794770240784,0.14578962326049805,0.03421603888273239,0.30411943793296814,1.0,0.10020475834608078,0.03404657170176506,-12.25528335571289,0.03421603888273239,-0.0023779685143381357,0.033367786556482315,0.0,0.7741965055465698,0.0
-0.6279100775718689,13.699999809265137,1000.0,5.0,1.4552444219589233,0.00021885694877710193,40.0,1.0004558563232422,1.0004558563232422,1.0004558563232422,0.0003223390958737582,0.0,1.0382146835327148,120000.0,-0.020025499165058136,-0.012293885461986065,7.152557435219364e-10,0.005314513109624386,0.00023635663092136383,-0.053532958030700684,0.27899765968322754,0.009617507457733154,1.7012150287628174,762.5352172851562,21.45830726623535,108.18000793457031,129.63832092285156,154.27537536621094,0.7415652871131897,0.21717463433742523,0.16536404192447662,0.03636897727847099,0.292859822511673,1.0,0.10837982594966888,0.035844333469867706,-4005.278564453125,0.03636897727847099,0.00408971169963479,0.03188025951385498,1.3484989404678345,0.0,3.0
0.13052649796009064,25.079999923706055,1000.0,6.0,1.4446369409561157,0.00016429339302703738,40.0,1.0009361505508423,1.0009361505508423,1.0009361505508423,0.0006619864725507796,0.0,1.028097152709961,140000.0,-0.008692453615367413,0.011333045549690723,-1.4305114426349519e-08,0.00604935921728611,0.0007348461076617241,-0.01880394108593464,0.5762762427330017,0.29727858304977417,2.2411234378814697,895.0933837890625,22.43635368347168,110.08965301513672,132.5260009765625,150.9137725830078,0.686517059803009,0.3080919086933136,0.18859274685382843,0.04243529215455055,0.30890703201293945,1.0,0.16847887635231018,0.042398322373628616,-0.0625423789024353,0.04243529215455055,0.0016931082354858518,0.07753577828407288,0.0,0.5078832507133484,0.0
0.7041668891906738,27.719999313354492,1000.0,7.0,1.4272726774215698,0.0001865812810137868,40.0,0.9989868998527527,0.9989868998527527,0.9989868998527527,0.0007164121489040554,0.0,1.0107847452163696,160000.0,-0.006136564537882805,0.0025558890774846077,6.055831835993786e-09,0.005129747558385134,-0.0009196116589009762,0.00032335109426639974,0.5475220680236816,-0.02875417470932007,3.5985219478607178,1026.5396728515625,23.306615829467773,108.10489654541016,131.41151428222656,152.19366455078125,0.9795729517936707,0.2601809501647949,0.11150119453668594,0.020842809230089188,0.241861492395401,1.0,0.20414505898952484,0.02064572647213936,-130.0058135986328,0.020842809230089188,0.003348712809383869,0.056899432092905045,0.0,0.5928720831871033,0.0
0.7630065679550171,33.880001068115234,1000.0,8.0,1.418300986289978,0.0001620419352548197,40.0,1.0014915466308594,1.0014915466308594,1.0014915466308594,0.001054682768881321,0.0,1.002010464668274,180000.0,-0.002846561372280121,0.003290003165602684,-5.4836273299940785e-09,0.004625432658940554,-0.0005043148994445801,-0.04890432581305504,0.4905683696269989,-0.05695369839668274,2.906766891479492,1156.5311279296875,20.896547317504883,109.03805541992188,129.93460083007812,153.923583984375,0.7016449570655823,0.2938989996910095,0.15551891922950745,0.04062516242265701,0.35137251019477844,1.0,0.15616025030612946,0.037798892706632614,-1167.933837890625,0.04062516242265701,0.013813599944114685,0.06751500070095062,0.0,0.5442705750465393,0.0
0.27396348118782043,23.719999313354492,1000.0,9.0,1.4191280603408813,0.00021050912619102746,40.0,0.9998297095298767,0.9998297095298767,0.9998297095298767,0.00012042759772157297,0.0,1.0033715963363647,200000.0,-0.02112996205687523,-0.018283400684595108,-1.907348723406699e-09,0.0045190551318228245,-0.00010637752711772919,-0.020985985174775124,0.4280242323875427,-0.06254413723945618,2.457882881164551,1286.6832275390625,20.072925567626953,110.043701171875,130.1166229248047,153.708251953125,0.6513597965240479,0.24130766093730927,0.176553413271904,0.04713982716202736,0.37046754360198975,1.0,0.1261052042245865,0.04486062377691269,-36.41751480102539,0.04713982716202736,0.010123424232006073,0.044964682310819626,1.5352498292922974,0.0,3.0
0.604133129119873,30.5,1000.0,10.0,1.4189857244491577,0.00014191289665177464,40.0,1.0000213384628296,1.0000213384628296,1.0000213384628296,1.5060526493471116e-05,0.0,1.0043851137161255,220000.0,-0.010872658342123032,0.010257303714752197,-1.4925003455346086e-08,0.007082364987581968,0.002563309855759144,0.03809511661529541,0.5445224642753601,0.11649823188781738,3.008037805557251,1414.85546875,21.782859802246094,106.355224609375,128.13809204101562,156.0816192626953,0.8622069954872131,0.3246425688266754,0.1342485547065735,0.026903372257947922,0.2705117166042328,1.0,0.1345401555299759,0.0265397559851408,-489.45489501953125,0.026903372257947922,-0.004740439355373383,0.06180090829730034,0.0,0.5688758492469788,0.0
1.0711593627929688,31.15999984741211,1000.0,11.0,1.413739562034607,0.0001612569612916559,40.0,1.001160740852356,1.001160740852356,1.001160740852356,0.0008207958308048546,0.0,1.0006157159805298,240000.0,-0.004620813298970461,0.006251845043152571,-6.198883073516015e-10,0.0064858184196054935,-0.0005965465679764748,0.11310078203678131,0.4773670732975006,-0.0671553909778595,3.086270809173584,1543.9918212890625,22.591413497924805,106.50865173339844,129.10006713867188,154.9185791015625,0.8329369425773621,0.2953954339027405,0.136381134390831,0.028827404603362083,0.2798677682876587,1.0,0.1543288677930832,0.02819814532995224,-693.2525024414062,0.028827404603362083,0.0058687226846814156,0.054734013974666595,0.0,0.6044860482215881,0.0
1.5357857942581177,27.639999389648438,1000.0,12.0,1.4072160720825195,0.00017854181351140141,40.0,0.9999899864196777,0.9999899864196777,0.9999899864196777,7.080670457071392e-06,0.0,0.9942090511322021,260000.0,-0.00884191133081913,-0.004221098031848669,-3.910064716450279e-09,0.006475142668932676,-1.067575067281723e-05,0.10330978780984879,0.5569747686386108,0.07960769534111023,3.708177328109741,1671.6622314453125,22.13532829284668,105.50013732910156,127.63545989990234,156.69625854492188,0.9384381175041199,0.28698280453681946,0.1175820603966713,0.022710071876645088,0.27612605690956116,1.0,0.1856306940317154,0.02267008274793625,-100.96355438232422,0.022710071876645088,-0.0016613228945061564,0.06901714205741882,0.0,0.5383149981498718,0.0
1.0958099365234375,23.15999984741211,1000.0,13.0,1.4041414260864258,0.00018947271746583283,40.0,0.9998667240142822,0.9998667240142822,0.9998667240142822,9.424035670235753e-05,0.0,0.9908379912376404,280000.0,-0.016337379813194275,-0.007495468482375145,1.8596648665436533e-09,0.005764585919678211,-0.0007105567492544651,0.07475278526544571,0.46166375279426575,-0.09531101584434509,2.3638288974761963,1798.0823974609375,20.50741195678711,105.87974548339844,126.38715362548828,158.24392700195312,0.8826054930686951,0.2676723897457123,0.11863675713539124,0.025674181059002876,0.3032752573490143,1.0,0.11985655128955841,0.025516944006085396,-84.43212890625,0.025674181059002876,0.002510666847229004,0.04008898138999939,1.1330090761184692,0.0,3.0
1.2115297317504883,21.18000030517578,1000.0,14.0,1.4024615287780762,0.0002308647526660934,40.0,1.0016378164291382,1.0016378164291382,1.0016378164291382,0.0011581392027437687,0.0,0.988774836063385,300000.0,-0.018644314259290695,-0.0023069344460964203,-3.051757735406113e-09,0.007360924035310745,0.001596338115632534,0.14593900740146637,0.33506205677986145,-0.1266016960144043,2.8402678966522217,1926.243408203125,22.043087005615234,106.084716796875,128.1278076171875,156.09414672851562,0.8047865033149719,0.22633258998394012,0.15374544262886047,0.030879374593496323,0.2812330722808838,1.0,0.1526796817779541,0.030608950182795525,-298.00213623046875,0.030879374593496323,0.0036388318985700607,0.048964131623506546,1.2425655126571655,0.0,3.0
2.7645888328552246,23.479999542236328,1000.0,15.0,1.4027818441390991,0.00021070247748866677,40.0,1.0005451440811157,1.0005451440811157,1.0005451440811157,0.0003855031682178378,0.0,0.9893491864204407,320000.0,-0.013958385214209557,0.004685929045081139,-1.4877318932349226e-08,0.008958479389548302,0.0015975553542375565,0.26424485445022583,0.5380029678344727,0.2029409110546112,3.793546438217163,2054.005615234375,20.39214324951172,107.33751678466797,127.72966003417969,156.58070373535156,0.9202925562858582,0.2428741753101349,0.13463860750198364,0.023614458739757538,0.2639097571372986,1.0,0.17567895352840424,0.020848460495471954,-50.059783935546875,0.023614458739757538,0.01129635889083147,0.046134401112794876,1.086611032485962,0.0,3.0
5.328369140625,29.360000610351562,1000.0,16.0,1.4015125036239624,0.00012412997602950782,40.0,0.999070942401886,0.999070942401886,0.999070942401886,0.0006569289253093302,0.0,0.9880287051200867,340000.0,-0.004938019439578056,0.0090203657746315,-3.3187866677053535e-08,0.012514801695942879,0.003556322306394577,0.3896262049674988,0.4796607494354248,-0.05834221839904785,3.627664566040039,2181.443115234375,20.892166137695312,106.51168060302734,127.40384674072266,156.9811248779297,1.0693724155426025,0.3268205523490906,0.115616075694561,0.017489273101091385,0.23554454743862152,1.0,0.13271456956863403,0.016913527622818947,-339.47088623046875,0.017489273101091385,0.005677900277078152,0.05599444359540939,0.0,0.5976439118385315,0.0
7.386660575866699,45.060001373291016,1000.0,17.0,1.3935261964797974,0.00016100681386888027,40.0,0.9989661574363708,0.9989661574363708,0.9989661574363708,0.0007310511427931488,0.0,0.9804075360298157,360000.0,-0.007152197416871786,-0.0022141779772937298,-8.106231796922714e-10,0.01193245593458414,-0.0005823457613587379,0.469967246055603,0.5956198573112488,0.11595910787582397,4.068283557891846,2308.388427734375,20.522354125976562,106.38877868652344,126.9111328125,157.59059143066406,0.893090546131134,0.3077702820301056,0.12853547930717468,0.025074880570173264,0.2622368633747101,1.0,0.16070857644081116,0.024540269747376442,-5348.44189453125,0.025074880570173264,0.006342137232422829,0.07523725926876068,0.0,0.5155829191207886,0.0
7.365634918212891,43.599998474121094,1000.0,18.0,1.3848875761032104,0.00017057862714864314,40.0,1.0011831521987915,1.0011831521987915,1.0011831521987915,0.0008365868707187474,0.0,0.9726746678352356,380000.0,-0.007630653213709593,-0.0004784557968378067,7.1525572131747595e-09,0.009310522116720676,-0.0026219338178634644,0.35778480768203735,0.4254659414291382,-0.1701539158821106,3.6624984741210938,2435.928466796875,21.199947357177734,106.30677795410156,127.50672149658203,156.85447692871094,0.881346583366394,0.29844802618026733,0.1388673037290573,0.025747578591108322,0.26854923367500305,1.0,0.18635185062885284,0.02574688382446766,-5324.47900390625,0.025747578591108322,0.00021251640282571316,0.06497510522603989,0.0,0.5548064112663269,0.0
6.1088643074035645,49.36000061035156,1000.0,19.0,1.385634422302246,0.00015339271340053529,40.0,1.0006952285766602,1.0006952285766602,1.0006952285766602,0.0004916570615023375,0.0,0.9730260968208313,400000.0,-0.011944403871893883,-0.00431375065818429,1.196861276753225e-08,0.010300759226083755,0.000990237109363079,0.3328087031841278,0.589812695980072,0.16434675455093384,3.46530818939209,2562.88037109375,20.55624008178711,106.36295318603516,126.91919708251953,157.58058166503906,0.833194375038147,0.29744312167167664,0.13511011004447937,0.028809595853090286,0.28350499272346497,1.0,0.1969199925661087,0.02829226478934288,-5992.955078125,0.028809595853090286,-0.007157148327678442,0.09901753067970276,0.0,0.4494267702102661,0.0
4.213116645812988,35.34000015258789,1000.0,20.0,1.3913065195083618,0.00017384761304128915,40.0,0.9998723864555359,0.9998723864555359,0.9998723864555359,9.02785686776042e-05,0.0,0.9781724810600281,420000.0,-0.004014515317976475,0.007929888553917408,6.961822673900997e-09,0.00926258321851492,-0.0010381760075688362,0.28512999415397644,0.34588709473609924,-0.24392560124397278,3.144308090209961,2691.350830078125,21.89898109436035,106.53178405761719,128.43077087402344,155.72592163085938,0.7644903063774109,0.29737451672554016,0.1501934826374054,0.034220464527606964,0.3291279077529907,1.0,0.16634729504585266,0.032951969653367996,-1994.224365234375,0.034220464527606964,0.008246611803770065,0.05361207574605942,0.0,0.6107783317565918,0.0
3.2119531631469727,31.079999923706055,1000.0,21.0,1.3858966827392578,0.0001579892123118043,40.0,1.0004743337631226,1.0004743337631226,1.0004743337631226,0.0003354327054694295,0.0,0.9730636477470398,440000.0,0.002032407559454441,0.006046922877430916,-1.8119812317252126e-09,0.010585084557533264,0.0013225013390183449,0.22663477063179016,0.1986778974533081,-0.14720919728279114,2.085686445236206,2819.51416015625,21.841873168945312,106.28551483154297,128.1273956298828,156.0946502685547,0.8918273448944092,0.2912554442882538,0.11439339816570282,0.025145960971713066,0.30110087990760803,1.0,0.07662273943424225,0.02252272143959999,-2913.390625,0.025145960971713066,0.005769280716776848,0.012688348069787025,0.0,1.255487084388733,0.0
2.9171502590179443,24.81999969482422,1000.0,22.0,1.3770824670791626,0.00022387129138223827,40.0,1.000367522239685,1.000367522239685,1.000367522239685,0.0002598493592813611,0.0,0.9648163914680481,460000.0,-0.021638814359903336,-0.023671221919357777,-1.3589859237939095e-09,0.00914126168936491,-0.001443822868168354,0.34665215015411377,0.3078625500202179,0.10918465256690979,2.187224864959717,2946.958251953125,23.100011825561523,104.30963897705078,127.40965270996094,156.97398376464844,0.7147514224052429,0.24222874641418457,0.15199947357177734,0.039148926734924316,0.3388992249965668,1.0,0.15803669393062592,0.03914881870150566,-0.7327172756195068,0.039148926734924316,6.837112596258521e-05,0.043044187128543854,1.3990877866744995,0.0,3.0
4.160451412200928,14.279999732971191,1000.0,23.0,1.3694761991500854,0.00022197588987182826,40.0,1.0003217458724976,1.0003217458724976,1.0003217458724976,0.00022748058836441487,0.0,0.9573290944099426,480000.0,-0.016475137323141098,0.0051636770367622375,-1.840591501434119e-08,0.01275688037276268,0.00361561868339777,0.4689600467681885,0.24656559526920319,-0.06129695475101471,2.424205780029297,3076.01123046875,23.975923538208008,105.039794921875,129.01571655273438,155.01986694335938,0.9068337082862854,0.2333196997642517,0.14413674175739288,0.024320611730217934,0.2572905421257019,1.0,0.08542235940694809,0.02387767843902111,-4960.88427734375,0.024320611730217934,0.003203196916729212,0.023164799436926842,1.1027380228042603,0.0,3.0
7.25128173828125,19.68000030517578,1000.0,24.0,1.3566498756408691,0.00020726592629216611,40.0,1.0016425848007202,1.0016425848007202,1.0016425848007202,0.0011615109397098422,0.0,0.9456670880317688,500000.0,-0.01520276628434658,0.0012723710387945175,1.8787384092888715e-08,0.018381211906671524,0.005624331533908844,0.7642218470573425,0.3504191040992737,0.1038535088300705,3.0595664978027344,3206.78955078125,24.294424057006836,106.44636535644531,130.74078369140625,152.9744415283203,0.9515755772590637,0.25639984011650085,0.11902421712875366,0.022087331861257553,0.2694477438926697,1.0,0.09973528981208801,0.021547511219978333,-1269.1512451171875,0.022087331861257553,0.0034695754293352365,0.02229989506304264,1.0508886575698853,0.0,3.0
10.250507354736328,15.880000114440918,1000.0,25.0,1.3355846405029297,0.00021770804596599191,40.0,1.000290870666504,1.000290870666504,1.000290870666504,0.00020562043937388808,0.0,0.9260549545288086,520000.0,-0.012545287609100342,0.0026574786752462387,-2.884864791496966e-08,0.020981088280677795,0.0025998763740062714,0.8688114285469055,0.30953362584114075,-0.040885478258132935,3.3953781127929688,3334.093017578125,23.758583068847656,103.51111602783203,127.26969909667969,157.14659118652344,1.1434630155563354,0.24805223941802979,0.12932586669921875,0.01529626827687025,0.21693070232868195,1.0,0.11029078811407089,0.015077611431479454,-3378.085205078125,0.01529626827687025,0.0023202744778245687,0.02462160401046276,0.874536395072937,0.0,3.0
12.484013557434082,26.6200008392334,1000.0,26.0,1.3154550790786743,0.00016906119708437473,40.0,0.9998461604118347,0.9998461604118347,0.9998461604118347,0.00010882318019866943,0.0,0.9073319435119629,540000.0,-0.007096727844327688,0.005448559764772654,-6.103515470812226e-09,0.020725181326270103,-0.00025590695440769196,0.9110721945762634,0.4999295771121979,0.19039595127105713,3.674314022064209,3461.91748046875,22.477102279663086,105.31404876708984,127.79115295410156,156.50535583496094,0.9353321194648743,0.30331704020500183,0.138155996799469,0.02286115102469921,0.25698816776275635,1.0,0.20635062456130981,0.022437898442149162,-29.071569442749023,0.02286115102469921,0.0061791823245584965,0.09021178632974625,0.0,0.4708508253097534,0.0
12.80772590637207,28.020000457763672,1000.0,27.0,1.3091610670089722,0.0001395223953295499,40.0,0.9990723133087158,0.9990723133087158,0.9990723133087158,0.0006559735629707575,0.0,0.9022960662841797,560000.0,-0.002182826865464449,0.004913900978863239,3.0708314113780943e-08,0.01996552012860775,-0.0007596611976623535,0.8707836866378784,0.40222370624542236,-0.09770587086677551,3.165620803833008,3588.770263671875,21.208932876586914,105.61148071289062,126.8204116821289,157.7033233642578,1.0844835042953491,0.31914475560188293,0.13149510324001312,0.017005283385515213,0.23204810917377472,1.0,0.11811264604330063,0.015845609828829765,-295.8658447265625,0.017005283385515213,0.005978780332952738,0.030824046581983566,0.0,0.8055084347724915,0.0
12.829620361328125,33.34000015258789,1000.0,28.0,1.304094672203064,0.0001666941388975829,40.0,1.001344084739685,1.001344084739685,1.001344084739685,0.0009503833134658635,0.0,0.897653341293335,580000.0,-0.004462522454559803,-0.002279695589095354,3.0994415922691587e-09,0.021776750683784485,0.001811230555176735,1.042997121810913,0.5353422164916992,0.13311851024627686,3.409731149673462,3715.4072265625,19.942209243774414,106.66180419921875,126.60401153564453,157.97286987304688,1.1406989097595215,0.29150405526161194,0.14267346262931824,0.015370488166809082,0.21576887369155884,1.0,0.15996193885803223,0.015030943788588047,-2005.8031005859375,0.015370488166809082,0.003431373741477728,0.03467682749032974,0.0,0.7594431042671204,0.0
12.137429237365723,38.7400016784668,1000.0,29.0,1.297239065170288,0.00015592426643706858,40.0,1.0004926919937134,1.0004926919937134,1.0004926919937134,0.0003484139160718769,0.0,0.8919424414634705,600000.0,-0.006702341139316559,-0.002239818684756756,8.964538444899972e-09,0.019081177189946175,-0.0026955734938383102,0.8923476338386536,0.5296729803085327,-0.005669236183166504,2.822953224182129,3840.188720703125,19.929195404052734,104.81913757324219,124.74832916259766,160.32278442382812,0.9896029233932495,0.31839144229888916,0.14827141165733337,0.020422451198101044,0.23899079859256744,1.0,0.1595311462879181,0.020024610683321953,-2976.287353515625,0.020422451198101044,0.0050234501250088215,0.06343014538288116,0.0,0.5615224242210388,0.0
12.18562126159668,30.780000686645508,1000.0,30.0,1.3056423664093018,0.00015705566329415888,40.0,1.000870704650879,1.000870704650879,1.000870704650879,0.0006157373427413404,0.0,0.8992464542388916,620000.0,-0.0026302062906324863,0.0040721348486840725,5.722046170220096e-10,0.02062411606311798,0.0015429388731718063,1.0278027057647705,0.38626593351364136,-0.14340704679489136,3.631321907043457,3966.53564453125,20.797168731689453,105.51593017578125,126.31310272216797,158.33670043945312,0.9237847924232483,0.2971380352973938,0.16088703274726868,0.023436255753040314,0.25855758786201477,1.0,0.1479349136352539,0.021795347332954407,-887.9373168945312,0.023436255753040314,0.007857311517000198,0.03762387856841087,0.0,0.7290933728218079,0.0
10.194890975952148,30.5,1000.0,31.0,1.3239907026290894,0.00016566705016884953,40.0,1.0014570951461792,1.0014570951461792,1.0014570951461792,0.0010302937589585781,0.0,0.9149901866912842,640000.0,-0.0047956667840480804,-0.002165460493415594,2.00271599304358e-09,0.019565511494874954,-0.0010586045682430267,0.8051773309707642,0.35782888531684875,-0.028437048196792603,2.750864028930664,4094.41357421875,20.137680053710938,107.70635223388672,127.84403228759766,156.4406280517578,0.9003918170928955,0.2854688763618469,0.1604231745004654,0.024669863283634186,0.26913803815841675,1.0,0.13972799479961395,0.024301940575242043,-763.5797729492188,0.024669863283634186,0.0038177547976374626,0.03961498290300369,0.0,0.7105345129966736,0.0
8.555062294006348,29.459999084472656,1000.0,32.0,1.336478590965271,0.000142646036692895,40.0,1.000925064086914,1.000925064086914,1.000925064086914,0.0006541190668940544,0.0,0.9266611933708191,660000.0,-0.0073878224939107895,-0.002592155709862709,-3.862381081631838e-09,0.019455617293715477,-0.00010989420115947723,0.8624527454376221,0.44534292817115784,0.08751404285430908,2.9201793670654297,4221.74560546875,21.531343460083008,105.76636505126953,127.29771423339844,157.1120147705078,1.0360993146896362,0.319583535194397,0.1339425891637802,0.018630605190992355,0.24680042266845703,1.0,0.15748417377471924,0.01856997422873974,-337.29840087890625,0.018630605190992355,0.0018908607307821512,0.05896976962685585,0.0,0.5823716521263123,0.0
8.065895080566406,27.940000534057617,1000.0,33.0,1.3431881666183472,0.00014373005251400173,40.0,1.0004078149795532,1.0004078149795532,1.0004078149795532,0.00028834064141847193,0.0,0.9332232475280762,680000.0,-0.006190504878759384,0.0011973176151514053,3.767013367905747e-09,0.02150997892022133,0.0020543616265058517,0.9620556831359863,0.40492740273475647,-0.04041552543640137,3.4113261699676514,4348.82568359375,20.113304138183594,106.93343353271484,127.04773712158203,157.42237854003906,1.1355154514312744,0.3124862015247345,0.11627421528100967,0.015511135570704937,0.23319268226623535,1.0,0.13048313558101654,0.01550730224698782,-233.518310546875,0.015511135570704937,0.00037665804848074913,0.037011489272117615,0.0,0.7351003885269165,0.0
8.232410430908203,29.780000686645508,1000.0,34.0,1.349265694618225,0.00015748127771075815,40.0,1.0004749298095703,1.0004749298095703,1.0004749298095703,0.0003357699024491012,0.0,0.9388750195503235,700000.0,-0.004635934252291918,0.0015545706264674664,5.245208711812666e-10,0.020008428022265434,-0.0015015508979558945,0.9534899592399597,0.3795585632324219,-0.025368839502334595,3.2398273944854736,4473.39501953125,20.560897827148438,103.97515869140625,124.53605651855469,160.59605407714844,0.9394897818565369,0.3065420985221863,0.15659132599830627,0.022659258916974068,0.2597554624080658,1.0,0.1511046290397644,0.02160261943936348,-402.7825622558594,0.022659258916974068,0.007741857320070267,0.05672357603907585,0.0,0.5937903523445129,0.0
8.611135482788086,31.059999465942383,1000.0,35.0,1.3478339910507202,0.00014057205407880247,40.0,0.999406635761261,0.999406635761261,0.999406635761261,0.0004195297078695148,0.0,0.9379648566246033,720000.0,-0.00849731732159853,-0.003861383069306612,2.9325484263154067e-09,0.022194107994437218,0.0021856799721717834,0.8862589001655579,0.36573857069015503,-0.013819992542266846,2.574648857116699,4599.6142578125,20.298187255859375,105.8873519897461,126.18553924560547,158.49676513671875,1.0841236114501953,0.32401615381240845,0.12285906076431274,0.01701657474040985,0.2368088960647583,1.0,0.1457131803035736,0.016991714015603065,-610.1572265625,0.01701657474040985,-0.0012232029112055898,0.06018511578440666,0.0,0.5764616131782532,0.0
7.716342926025391,26.459999084472656,1000.0,36.0,1.3388285636901855,0.00017090524488594383,40.0,1.0009585618972778,1.0009585618972778,1.0009585618972778,0.0006778336828574538,0.0,0.9304097294807434,740000.0,-0.004176035523414612,0.004321281798183918,-1.1444091896350983e-08,0.01846541278064251,-0.0037286952137947083,0.7774956822395325,0.25714218616485596,-0.10859638452529907,2.3161137104034424,4725.24169921875,22.228397369384766,103.36329650878906,125.59169006347656,159.24620056152344,1.025121808052063,0.30479565262794495,0.14314067363739014,0.01903175190091133,0.24145814776420593,1.0,0.10561485588550568,0.018991736695170403,-86.13064575195312,0.01903175190091133,0.000995030626654625,0.024742664769291878,0.0,0.8990662097930908,0.0
5.7552900314331055,17.15999984741211,1000.0,37.0,1.3296574354171753,0.0001983875990845263,40.0,0.9992801547050476,0.9992801547050476,0.9992801547050476,0.0005090496852062643,0.0,0.9220185875892639,760000.0,-0.014732335694134235,-0.010556300170719624,1.3208389049168545e-08,0.018096676096320152,-0.0003687366843223572,0.6540631055831909,0.18318143486976624,-0.07396075129508972,2.073197603225708,4851.412109375,22.172143936157227,103.9629135131836,126.13505554199219,158.56019592285156,0.9183586239814758,0.25208398699760437,0.14452190697193146,0.02371402084827423,0.2744940519332886,1.0,0.13317662477493286,0.022202549502253532,-2288.366455078125,0.02371402084827423,0.006371641997247934,0.026859790086746216,1.0888992547988892,0.0,3.0
5.177099227905273,11.579999923706055,1000.0,38.0,1.3202849626541138,0.00022435431310441345,40.0,1.0001415014266968,1.0001415014266968,1.0001415014266968,0.00010008472600020468,0.0,0.9130370616912842,780000.0,-0.01730460673570633,-0.002572271041572094,-8.249283034444943e-09,0.01886146515607834,0.0007647890597581863,0.7092496156692505,0.15327990055084229,-0.02990153431892395,1.8707526922225952,4979.65234375,23.419113159179688,104.78589630126953,128.20501708984375,156.00013732910156,0.8636637926101685,0.23136532306671143,0.19283881783485413,0.026812691241502762,0.2678881883621216,1.0,0.07484748214483261,0.026807155460119247,-13260.2353515625,0.026812691241502762,-0.00027422187849879265,0.013581660576164722,1.1578580141067505,0.0,3.0
6.745232105255127,12.739999771118164,1000.0,39.0,1.3178834915161133,0.00018245087994728237,40.0,0.9999868273735046,0.9999868273735046,0.9999868273735046,9.356790542369708e-06,0.0,0.9109484553337097,800000.0,-0.012692276388406754,0.004612330347299576,-3.1471252270875993e-09,0.027716809883713722,0.008855344727635384,0.9768407940864563,0.33808839321136475,0.18480849266052246,2.5087456703186035,5105.125,22.15305519104004,103.28526306152344,125.43831634521484,159.44091796875,1.1374945640563965,0.26995694637298584,0.12280787527561188,0.015457208268344402,0.23732593655586243,1.0,0.12518566846847534,0.015387432649731636,-4456.2490234375,0.015457208268344402,0.0015341121470555663,0.03372946009039879,0.8791250586509705,0.0,3.0
9.458622932434082,20.299999237060547,1000.0,40.0,1.311671257019043,0.00018605183868203312,40.0,0.9994165301322937,0.9994165301322937,0.9994165301322937,0.00041256143595092,0.0,0.9059906005859375,820000.0,-0.011502818204462528,0.0011894581839442253,2.3555756456516974e-08,0.026686107739806175,-0.001030702143907547,1.0000717639923096,0.41526246070861816,0.07717406749725342,2.8323028087615967,5230.9033203125,22.337562561035156,103.40532684326172,125.74288177490234,159.05471801757812,1.1668334007263184,0.2696523666381836,0.11963960528373718,0.014689668081700802,0.23109760880470276,1.0,0.16992148756980896,0.014482986181974411,-379.60784912109375,0.014689668081700802,0.003467925824224949,0.05818857252597809,0.857020378112793,0.0,3.0
12.524020195007324,31.420000076293945,1000.0,41.0,1.318353295326233,0.00013942336954642087,40.0,1.001074194908142,1.001074194908142,1.001074194908142,0.0007595986244268715,0.0,0.9118306636810303,840000.0,-0.007537570782005787,0.003965247422456741,-2.861023085110048e-10,0.027332331985235214,0.000646224245429039,1.2335803508758545,0.5006097555160522,0.08534729480743408,2.9427237510681152,5357.478515625,21.77357292175293,104.76880645751953,126.5423812866211,158.04981994628906,1.0678073167800903,0.31659141182899475,0.14640147984027863,0.01754057966172695,0.2462000697851181,1.0,0.1950197070837021,0.017517635598778725,-708.376708984375,0.01754057966172695,0.0011553813237696886,0.05818263813853264,0.0,0.5862977504730225,0.0
13.482677459716797,40.040000915527344,1000.0,42.0,1.3290300369262695,0.00014722147898282856,40.0,0.9996234774589539,0.9996234774589539,0.9996234774589539,0.0002662275801412761,0.0,0.9215602874755859,860000.0,-0.008854537270963192,-0.001316966488957405,-4.386901952813105e-09,0.023211311548948288,-0.004121020436286926,1.187488317489624,0.4459907114505768,-0.054619044065475464,3.171495199203491,5483.2919921875,21.312911987304688,104.46723175048828,125.78014373779297,159.0076141357422,1.0869243144989014,0.31240177154541016,0.14303068816661835,0.01692899316549301,0.2413344383239746,1.0,0.16666913032531738,0.0169245395809412,-3378.3369140625,0.01692899316549301,-0.0005460167303681374,0.06695610284805298,0.0,0.5465373992919922,0.0
14.165340423583984,39.880001068115234,1000.0,43.0,1.3297964334487915,0.00014821514196228236,40.0,0.9999569058418274,0.9999569058418274,0.9999569058418274,3.043008291570004e-05,0.0,0.9221159815788269,880000.0,-0.0074631329625844955,0.0013914043083786964,-4.1961669694501325e-09,0.02434464730322361,0.001133335754275322,1.1125339269638062,0.40010765194892883,-0.04588305950164795,3.2324798107147217,5608.88525390625,21.35264778137207,104.2077865600586,125.56043243408203,159.2858428955078,1.153114676475525,0.31999069452285767,0.1091911792755127,0.015041274949908257,0.2443961799144745,1.0,0.13905593752861023,0.015031632967293262,-5286.8505859375,0.015041274949908257,-0.0006354600191116333,0.0418800450861454,0.0,0.691053032875061,0.0
13.517690658569336,44.08000183105469,1000.0,44.0,1.3235365152359009,0.0001505940454080701,40.0,0.9997897148132324,0.9997897148132324,0.9997897148132324,0.00014869407459627837,0.0,0.9163596034049988,900000.0,-0.01087184902280569,-0.0034087160602211952,-3.910064716450279e-09,0.022588204592466354,-0.0017564427107572556,1.207321047782898,0.5549226999282837,0.15481504797935486,3.5285234451293945,5734.865234375,20.87588119506836,105.0704345703125,125.94631958007812,158.7978057861328,1.0269986391067505,0.31450214982032776,0.15846382081508636,0.018962256610393524,0.2477346807718277,1.0,0.2120380699634552,0.01883489266037941,-4090.18603515625,0.018962256610393524,-0.0033668968826532364,0.08900442719459534,0.0,0.4740336537361145,0.0
11.64030647277832,41.7400016784668,1000.0,45.0,1.3295615911483765,0.00016001227777451277,40.0,0.9998086094856262,0.9998086094856262,0.9998086094856262,0.0001352913968730718,0.0,0.9219096302986145,920000.0,-0.006422644481062889,0.004449204541742802,-2.0980834847250662e-09,0.022207925096154213,-0.0003802794963121414,1.0490553379058838,0.4533267617225647,-0.101595938205719,2.6021947860717773,5860.572265625,20.68144989013672,104.99353790283203,125.67498016357422,159.14065551757812,1.2050001621246338,0.30721837282180786,0.10583766549825668,0.013773852959275246,0.22821594774723053,1.0,0.1798977106809616,0.013375219888985157,-4485.30126953125,0.013773852959275246,0.0049905176274478436,0.06247659772634506,0.0,0.5657913088798523,0.0
11.16211223602295,40.79999923706055,1000.0,46.0,1.3338384628295898,0.00016481999773532152,40.0,1.0010896921157837,1.0010896921157837,1.0010896921157837,0.0007705005700699985,0.0,0.9264788031578064,940000.0,-0.00623167771846056,0.00019096676260232925,-5.340575981449547e-09,0.02762778289616108,0.0054198578000068665,1.157239556312561,0.3903482258319855,-0.06297853589057922,3.3700504302978516,5984.16455078125,20.58127212524414,102.97773742675781,123.55901336669922,161.86598205566406,1.0056363344192505,0.2969205379486084,0.1491030901670456,0.019776426255702972,0.2543366551399231,1.0,0.1712891310453415,0.01957176811993122,-4969.6826171875,0.019776426255702972,0.0032063128892332315,0.05023236200213432,0.0,0.6309909820556641,0.0
10.90258502960205,29.100000381469727,1000.0,47.0,1.337044596672058,0.00014524832658935338,40.0,1.0000377893447876,1.0000377893447876,1.0000377893447876,2.6693032850744203e-05,0.0,0.9323984980583191,960000.0,-0.004272540099918842,0.0019591376185417175,6.38961772381208e-09,0.02322492189705372,-0.004402860999107361,1.1872795820236206,0.29951319098472595,-0.09083503484725952,3.6385691165924072,6108.21533203125,20.537351608276367,103.4791259765625,124.0164794921875,161.26889038085938,1.0343188047409058,0.3165929615497589,0.14013971388339996,0.0186948049813509,0.24359232187271118,1.0,0.11908480525016785,0.018467800691723824,-556.4345703125,0.0186948049813509,0.0026186974719166756,0.03020911104977131,0.0,0.8136655688285828,0.0
10.363447189331055,28.260000228881836,1000.0,48.0,1.3445414304733276,0.00015174190048128366,40.0,0.9992082715034485,0.9992082715034485,0.9992082715034485,0.0005597944837063551,0.0,0.9417182803153992,980000.0,-0.00910813920199871,-0.004835599102079868,8.535384843355587e-09,0.022406132891774178,-0.000818789005279541,1.090042233467102,0.39457201957702637,0.09505882859230042,3.141414165496826,6231.23046875,19.714048385620117,103.26699829101562,122.98104858398438,162.62667846679688,1.0348060131072998,0.3105226755142212,0.1221485510468483,0.018677202984690666,0.25549226999282837,1.0,0.15293581783771515,0.018575191497802734,-190.05035400390625,0.018677202984690666,-0.0023882766254246235,0.055914025753736496,0.0,0.5980734825134277,0.0
9.24264907836914,27.440000534057617,1000.0,49.0,1.3514580726623535,0.00017195245891343802,40.0,1.0007740259170532,1.0007740259170532,1.0007740259170532,0.0005472908960655332,0.0,0.9491065144538879,1000000.0,-0.003400354413315654,0.005707784788683057,8.869171175263091e-09,0.022265493869781494,-0.0001406390219926834,1.017722725868225,0.44339340925216675,0.04882138967514038,3.6478567123413086,6354.67578125,20.306358337402344,103.10604095458984,123.41239929199219,162.0582733154297,0.9372097253799438,0.2908152937889099,0.16477981209754944,0.022769642993807793,0.26932293176651,1.0,0.1681259274482727,0.021702634170651436,-130.20335388183594,0.022769642993807793,0.0069844042882323265,0.04571837931871414,0.0,0.6614081263542175,0.0
9.387648582458496,30.920000076293945,1000.0,50.0,1.361203670501709,0.00015908846398815513,40.0,1.000592589378357,1.000592589378357,1.000592589378357,0.0004190520558040589,0.0,0.9580219388008118,1020000.0,-0.00967678427696228,-0.0062764298636466265,1.1539459165987864e-08,0.023504845798015594,0.0012393519282341003,1.1100109815597534,0.3273216485977173,-0.11607176065444946,3.435523748397827,6479.16748046875,20.9642333984375,103.49555969238281,124.45979309082031,160.6944580078125,0.952156662940979,0.2896398603916168,0.1758667677640915,0.02206037938594818,0.2551785111427307,1.0,0.17560561001300812,0.02189229056239128,-624.6936645507812,0.02206037938594818,-0.0030707886908203363,0.05609993264079094,0.0,0.59708172082901,0.0
9.353196144104004,26.899999618530273,1000.0,51.0,1.365774154663086,0.000171348758158274,40.0,0.9996893405914307,0.9996893405914307,0.9996893405914307,0.00021966936765238643,0.0,0.9638651013374329,1040000.0,-0.004715294111520052,0.004961490165442228,2.2888184680880386e-09,0.024390174075961113,0.0008853282779455185,0.9908987283706665,0.2664060592651367,-0.060915589332580566,2.9484734535217285,6602.50146484375,20.912742614746094,102.3873519897461,123.30009460449219,162.20587158203125,0.9723601341247559,0.29448309540748596,0.15108832716941833,0.021153170615434647,0.2553526759147644,1.0,0.15165090560913086,0.02071560174226761,-82.88166809082031,0.021153170615434647,0.004365106113255024,0.04354553669691086,0.0,0.6777088046073914,0.0
8.695978164672852,22.079999923706055,1000.0,52.0,1.359167218208313,0.00020262609177734703,40.0,1.0008630752563477,1.0008630752563477,1.0008630752563477,0.0006103425403125584,0.0,0.9595462679862976,1060000.0,-0.014848755672574043,-0.010133461561053991,5.722046170220096e-10,0.021269751712679863,-0.00312042236328125,0.9038802981376648,0.23313210904598236,-0.03327395021915436,2.365738868713379,6730.31396484375,19.97076416015625,107.80791473388672,127.77867889404297,156.5206298828125,1.0151456594467163,0.24975959956645966,0.14382696151733398,0.01940765418112278,0.24603325128555298,1.0,0.09194368124008179,0.019376320764422417,-422.76593017578125,0.01940765418112278,-0.0007949328282848,0.020167171955108643,0.9850803017616272,0.0,3.0
8.261152267456055,19.719999313354492,1000.0,53.0,1.3511890172958374,0.00020280889293644577,40.0,0.9993464946746826,0.9993464946746826,0.9993464946746826,0.00046209801803343,0.0,0.9527533650398254,1080000.0,-0.015035395510494709,-0.00018663983792066574,6.008148201175345e-09,0.022852802649140358,0.001583050936460495,0.9723497033119202,0.32057425379753113,0.08744214475154877,2.776542901992798,6854.64599609375,19.94403076171875,104.3519058227539,124.29593658447266,160.90631103515625,0.9489402770996094,0.25843745470046997,0.14437204599380493,0.02221018075942993,0.272343248128891,1.0,0.16467398405075073,0.02204323373734951,-493.9532470703125,0.02221018075942993,0.003069525584578514,0.056437067687511444,1.0538071393966675,0.0,3.0
9.536857604980469,24.34000015258789,1000.0,54.0,1.3365503549575806,0.00020105927251279354,40.0,0.9993083477020264,0.9993083477020264,0.9993083477020264,0.0004890720010735095,0.0,0.9394413828849792,1100000.0,-0.014272753149271011,0.0007626423612236977,7.2479249269008506e-09,0.029315661638975143,0.0064628589898347855,1.171209454536438,0.3504240810871124,0.0298498272895813,3.0320699214935303,6978.12890625,19.850778579711914,103.59385681152344,123.44463348388672,162.01596069335938,1.0106439590454102,0.2581762671470642,0.14900703728199005,0.019580936059355736,0.2554571330547333,1.0,0.12864521145820618,0.019344722852110863,-11.76746654510498,0.019580936059355736,0.0029545144643634558,0.036954477429389954,0.9894681572914124,0.0,3.0
11.820304870605469,27.31999969482422,1000.0,55.0,1.3344388008117676,0.00015566694492008537,40.0,1.0018810033798218,1.0018810033798218,1.0018810033798218,0.001330098370090127,0.0,0.9382438659667969,1120000.0,-0.006633392069488764,0.0076393610797822475,1.8119812317252126e-09,0.03178487345576286,0.0024692118167877197,1.1269794702529907,0.3175160884857178,-0.03290799260139465,3.7805280685424805,7101.06787109375,20.00217628479004,102.9021987915039,122.90437316894531,162.72813415527344,1.0034639835357666,0.30419811606407166,0.1496744453907013,0.01986214891076088,0.25875064730644226,1.0,0.20112010836601257,0.019838625565171242,-116.66120910644531,0.01986214891076088,0.0010416755685582757,0.04612908512353897,0.0,0.6584571599960327,0.0
13.507723808288574,35.5,1000.0,56.0,1.3359509706497192,0.00016047399549279362,40.0,1.0017324686050415,1.0017324686050415,1.0017324686050415,0.0012250683503225446,0.0,0.9393947124481201,1140000.0,-0.007128157652914524,-0.0004947655834257603,-1.6689301052252858e-09,0.028528772294521332,-0.0032561011612415314,1.2289584875106812,0.6430565118789673,0.3255404233932495,3.540750741958618,7222.51806640625,20.498262405395508,100.9179916381836,121.416259765625,164.7225799560547,1.062915563583374,0.29249289631843567,0.14139489829540253,0.01770240068435669,0.2438269704580307,1.0,0.23928900063037872,0.017548425123095512,-1594.4984130859375,0.01770240068435669,0.003262872342020273,0.06914312392473221,0.0,0.5378243923187256,0.0
13.098247528076172,32.7599983215332,1000.0,57.0,1.352951169013977,0.00016760163998696953,40.0,1.000265121459961,1.000265121459961,1.000265121459961,0.00018746918067336082,0.0,0.9560526013374329,1160000.0,-0.005819687154144049,0.0013084704987704754,-5.57899459963096e-09,0.02589416690170765,-0.0026346053928136826,1.1870392560958862,0.4238645136356354,-0.2191919982433319,4.0065155029296875,7344.6748046875,21.668241500854492,100.45430755615234,122.12255096435547,163.76991271972656,0.964448094367981,0.2875984311103821,0.17242120206356049,0.021501664072275162,0.2694629430770874,1.0,0.2037327140569687,0.02069670334458351,-924.8724975585938,0.021501664072275162,0.007239412982016802,0.06510763615369797,0.0,0.5542414784431458,0.0
12.561444282531738,33.720001220703125,1000.0,58.0,1.3624430894851685,0.00014752615243196487,40.0,1.0002654790878296,1.0002654790878296,1.0002654790878296,0.0001876939641078934,0.0,0.9659256339073181,1180000.0,-0.007136255502700806,-0.001316568348556757,1.0967254659988157e-08,0.02723332867026329,0.0013391617685556412,1.166000485420227,0.38569390773773193,-0.03817060589790344,3.393134355545044,7467.54443359375,21.437480926513672,101.3983154296875,122.8357925415039,162.81898498535156,0.9552620053291321,0.3105538785457611,0.15645958483219147,0.021917186677455902,0.26247069239616394,1.0,0.13843300938606262,0.02191704884171486,-1534.085205078125,0.021917186677455902,8.272472769021988e-05,0.04956531152129173,0.0,0.6352227330207825,0.0
11.00727653503418,20.459999084472656,1000.0,59.0,1.3615034818649292,0.00018724941764958203,40.0,1.0002241134643555,1.0002241134643555,1.0002241134643555,0.0001584721467224881,0.0,0.9652843475341797,1200000.0,-0.014778178185224533,-0.007641922682523727,-3.767013367905747e-09,0.02533699944615364,-0.0018963292241096497,0.9799652099609375,0.2353358119726181,-0.15035809576511383,2.6364834308624268,7592.29443359375,24.314603805541992,100.39910125732422,124.71370697021484,160.36729431152344,0.9499102234840393,0.25322869420051575,0.16034381091594696,0.02216484397649765,0.26658162474632263,1.0,0.10186094045639038,0.02208390273153782,-802.7005004882812,0.02216484397649765,0.0014416517224162817,0.025677181780338287,1.0527310371398926,0.0,3.0
11.879650115966797,20.260000228881836,1000.0,60.0,1.3538328409194946,0.00017071714682970196,40.0,0.9996820092201233,0.9996820092201233,0.9996820092201233,0.0002248393720947206,0.0,0.9577169418334961,1220000.0,-0.011677859351038933,0.0031003188341856003,8.630753001170888e-09,0.030878834426403046,0.005541834980249405,1.2911070585250854,0.4485055208206177,0.21316970884799957,3.2950565814971924,7717.03857421875,22.198978424072266,102.51326751708984,124.71224212646484,160.36917114257812,1.2042567729949951,0.285399854183197,0.12127281725406647,0.013790864497423172,0.23699256777763367,1.0,0.24404799938201904,0.013758238404989243,-229.1125030517578,0.013790864497423172,0.0017886182758957148,0.09805503487586975,0.8303877115249634,0.0,3.0
11.971400260925293,21.459999084472656,1000.0,61.0,1.3446403741836548,0.00016637254157103598,40.0,1.0009593963623047,1.0009593963623047,1.0009593963623047,0.0006783394492231309,0.0,0.9498017430305481,1240000.0,-0.013420742005109787,-0.0017428826540708542,2.8610229740877458e-09,0.029946984723210335,-0.0009318497031927109,1.2208216190338135,0.3456658720970154,-0.1028396487236023,3.421689748764038,7843.6650390625,20.901676177978516,105.69164276123047,126.59332275390625,157.98622131347656,1.1408469676971436,0.2949649691581726,0.10287748277187347,0.01536649651825428,0.25854912400245667,1.0,0.11323191970586777,0.015355611220002174,-424.97052001953125,0.01536649651825428,-0.0005665416829288006,0.029486780986189842,0.8765417337417603,0.0,3.0
14.055364608764648,28.059999465942383,1000.0,62.0,1.3424524068832397,0.00014459424710366875,40.0,1.0009570121765137,1.0009570121765137,1.0009570121765137,0.0006767097511328757,0.0,0.9509234428405762,1260000.0,-0.009388849139213562,0.004031892865896225,0.0,0.031646471470594406,0.0016994867473840714,1.4307758808135986,0.42248597741127014,0.07682010531425476,3.5847132205963135,7966.41845703125,21.278108596801758,101.44273376464844,122.7208480834961,162.97149658203125,1.0680558681488037,0.31947532296180725,0.12562887370586395,0.01753241941332817,0.25737565755844116,1.0,0.16772964596748352,0.017469223588705063,-148.57492065429688,0.01753241941332817,-0.0019955632742494345,0.06301423907279968,0.0,0.5633724927902222,0.0
15.715893745422363,32.97999954223633,1000.0,63.0,1.3419831991195679,0.00013488892000168562,40.0,0.9997854232788086,0.9997854232788086,0.9997854232788086,0.00015170055849011987,0.0,0.952862024307251,1280000.0,-0.007399275898933411,0.0019895732402801514,-1.196861276753225e-08,0.03000662475824356,-0.0016398467123508453,1.5637658834457397,0.4959670305252075,0.07348105311393738,3.5173094272613525,8088.37548828125,19.995777130126953,101.92771911621094,121.92350006103516,164.03729248046875,1.1368889808654785,0.3287540078163147,0.09337693452835083,0.015473679639399052,0.260786771774292,1.0,0.14687508344650269,0.015473535284399986,-1188.22119140625,0.015473679639399052,8.803964010439813e-05,0.053592126816511154,0.0,0.6108919978141785,0.0
17.015975952148438,37.220001220703125,1000.0,64.0,1.342015266418457,0.00014636482228524983,40.0,0.9983784556388855,0.9983784556388855,0.9983784556388855,0.001146647147834301,0.0,0.9534416198730469,1300000.0,-0.0073802475817501545,1.902831718325615e-05,9.536743617033494e-10,0.029185788705945015,-0.0008208360522985458,1.4725359678268433,0.44503432512283325,-0.05093270540237427,3.2409861087799072,8210.77734375,19.901870727539062,102.46806335449219,122.36993408203125,163.4388427734375,1.221893310546875,0.32158926129341125,0.09496447443962097,0.013395627960562706,0.2434326857328415,1.0,0.16364921629428864,0.0133826257660985,-2609.50244140625,0.013395627960562706,0.0008625657064840198,0.057224418967962265,0.0,0.5911861658096313,0.0
17.55327606201172,33.7400016784668,1000.0,65.0,1.3508158922195435,0.00014604302123188972,40.0,0.9994154572486877,0.9994154572486877,0.9994154572486877,0.00041332008549943566,0.0,0.9636557102203369,1320000.0,-0.00572288129478693,0.0016573662869632244,6.38961772381208e-09,0.0289131011813879,-0.00027268752455711365,1.5322856903076172,0.4386095106601715,-0.006424814462661743,3.788118839263916,8333.0458984375,20.41935920715332,101.81614685058594,122.23550415039062,163.6185760498047,1.093816876411438,0.31255507469177246,0.10321832448244095,0.016716312617063522,0.26343637704849243,1.0,0.16586512327194214,0.016454264521598816,-1544.96337890625,0.016716312617063522,0.0035994877107441425,0.0494423508644104,0.0,0.636012077331543,0.0
16.849380493164062,30.34000015258789,1000.0,66.0,1.3496570587158203,0.0001684003946138546,40.0,1.0003494024276733,1.0003494024276733,1.0003494024276733,0.00024709291756153107,0.0,0.9647836089134216,1340000.0,-0.00782658439129591,-0.00210370309650898,1.7166137400437265e-09,0.02966955490410328,0.0007564537227153778,1.5718417167663574,0.48343461751937866,0.04482510685920715,3.575082778930664,8455.7294921875,20.37236213684082,102.2783432006836,122.65070343017578,163.064697265625,1.048073649406433,0.2959080636501312,0.1321699619293213,0.018207326531410217,0.25349923968315125,1.0,0.15867896378040314,0.01820370927453041,-525.1470947265625,0.018207326531410217,0.0004431935667525977,0.05429814010858536,0.0,0.6069074869155884,0.0
16.284975051879883,26.31999969482422,1000.0,67.0,1.3500782251358032,0.00016326122567988932,40.0,0.9996421933174133,0.9996421933174133,0.9996421933174133,0.00025296537205576897,0.0,0.9659505486488342,1360000.0,-0.008160841651260853,-0.00033425725996494293,-2.2888184680880386e-09,0.030829720199108124,0.0011601652950048447,1.527140498161316,0.405974805355072,-0.07745981216430664,4.0663652420043945,8576.36328125,20.01117515563965,100.58950805664062,120.6006851196289,165.83653259277344,1.1456708908081055,0.29449033737182617,0.11445874720811844,0.01523736771196127,0.23795051872730255,1.0,0.21110092103481293,0.015232316218316555,-28.692380905151367,0.01523736771196127,0.0005536875105462968,0.060684580355882645,0.0,0.574084460735321,0.0
14.723248481750488,25.34000015258789,1000.0,68.0,1.3486469984054565,0.00016900150512810796,40.0,1.000508427619934,1.000508427619934,1.000508427619934,0.0003595406888052821,0.0,0.9661104679107666,1380000.0,-0.003984575625509024,0.004176266025751829,2.8276444297148373e-08,0.031051285564899445,0.0002215653657913208,1.3890637159347534,0.3243512809276581,-0.08162352442741394,3.614607095718384,8699.7490234375,20.90934181213379,102.44300079345703,123.35234069824219,162.13717651367188,1.006016492843628,0.2932879328727722,0.12894131243228912,0.01976148411631584,0.2509845793247223,1.0,0.1907295286655426,0.019006019458174706,-2.369865894317627,0.01976148411631584,0.006045040208846331,0.04837094992399216,0.0,0.6430172920227051,0.0
11.563637733459473,27.479999542236328,1000.0,69.0,1.3463064432144165,0.0001932349696289748,40.0,0.9984426498413086,0.9984426498413086,0.9984426498413086,0.0011011847527697682,0.0,0.9657724499702454,1400000.0,-0.014109047129750252,-0.010124471504241228,-1.2302399099439754e-08,0.026203827932476997,-0.004847457632422447,1.3034257888793945,0.5001814961433411,0.17583021521568298,3.5008788108825684,8822.64453125,19.768596649169922,103.09310150146484,122.8616943359375,162.78466796875,1.0065933465957642,0.25162145495414734,0.1338508576154709,0.01973884366452694,0.26541319489479065,1.0,0.3674677014350891,0.019736329093575478,-41.982913970947266,0.01973884366452694,-0.0006068411748856306,0.14642786979675293,0.0,0.3695754408836365,0.0
10.746620178222656,25.65999984741211,1000.0,70.0,1.3462873697280884,0.00017044160631485283,40.0,1.0010563135147095,1.0010563135147095,1.0010563135147095,0.0007470107520930469,0.0,0.9666820168495178,1420000.0,-0.002500347327440977,0.011608699802309275,4.339218317994664e-09,0.02747979760169983,0.0012759696692228317,1.3472710847854614,0.3048540949821472,-0.19532740116119385,3.2410502433776855,8943.544921875,19.77867889404297,101.08890533447266,120.86758422851562,165.4703369140625,0.9787142276763916,0.2951396405696869,0.11416926980018616,0.02087939903140068,0.2762086093425751,1.0,0.1319182813167572,0.019765248522162437,-11.501730918884277,0.02087939903140068,0.006490183994174004,0.03780679032206535,0.0,0.7273275256156921,0.0
10.638445854187012,24.81999969482422,1000.0,71.0,1.341817021369934,0.0002079212135868147,40.0,0.9991461634635925,0.9991461634635925,0.9991461634635925,0.000603795750066638,0.0,0.9612083435058594,1440000.0,-0.014711439609527588,-0.01221109228208661,4.863739189175931e-09,0.02645702473819256,-0.0010227728635072708,1.390942096710205,0.3027803897857666,-0.0020737051963806152,3.131582498550415,9065.4482421875,19.97674560546875,101.89400482177734,121.8707504272461,164.10829162597656,0.9210871458053589,0.24503867328166962,0.1595008820295334,0.0235737357288599,0.26603206992149353,1.0,0.1353374868631363,0.022655416280031204,-0.9152146577835083,0.0235737357288599,0.005640456452965736,0.034644559025764465,1.0856735706329346,0.0,3.0
12.242985725402832,24.040000915527344,1000.0,72.0,1.3269476890563965,0.00016476107703056186,40.0,1.000555396080017,1.000555396080017,1.000555396080017,0.00039275240851566195,0.0,0.9462353587150574,1460000.0,-0.012034411542117596,0.0026770280674099922,2.479553229406406e-09,0.02981467731297016,0.003357652574777603,1.484316349029541,0.4962316155433655,0.19345122575759888,3.192063570022583,9187.1669921875,19.732620239257812,101.95292663574219,121.685546875,164.35806274414062,1.2656117677688599,0.30110859870910645,0.09934383630752563,0.012486152350902557,0.23791545629501343,1.0,0.15732407569885254,0.012479201890528202,-18.881912231445312,0.012486152350902557,-0.0005821260856464505,0.04875686392188072,0.790131688117981,0.0,3.0
12.725561141967773,25.100000381469727,1000.0,73.0,1.316605567932129,0.00013493905134964734,40.0,0.9998070597648621,0.9998070597648621,0.9998070597648621,0.00013641529949381948,0.0,0.9360525012016296,1480000.0,-0.006369628477841616,0.00566478306427598,-1.7166137400437265e-09,0.03020380064845085,0.00038912333548069,1.3252085447311401,0.3223778009414673,-0.1738538146018982,2.926975727081299,9311.955078125,20.186765670776367,104.56715393066406,124.75391387939453,160.31561279296875,1.0148894786834717,0.3298165202140808,0.12416830658912659,0.019417453557252884,0.27239638566970825,1.0,0.12240661680698395,0.019413089379668236,-0.2570244073867798,0.019417453557252884,-0.0003969337558373809,0.036098163574934006,0.0,0.7443417906761169,0.0
13.471064567565918,26.65999984741211,1000.0,74.0,1.3196991682052612,0.00016398557636421174,40.0,0.9997460246086121,0.9997460246086121,0.9997460246086121,0.00017957367526832968,0.0,0.940570056438446,1500000.0,-0.010633718222379684,-0.004264089744538069,1.1444092340440193e-09,0.030441436916589737,0.0002376362681388855,1.4272701740264893,0.3742044270038605,0.05182662606239319,3.2061378955841064,9433.0107421875,19.79181480407715,101.23091888427734,121.02273559570312,165.25820922851562,1.1912015676498413,0.29050126671791077,0.11804859340190887,0.01409480907022953,0.24189747869968414,1.0,0.2434011548757553,0.013956698589026928,-28.213624954223633,0.01409480907022953,-0.003671458689495921,0.09759990870952606,0.0,0.452678918838501,0.0
14.664331436157227,25.6200008392334,1000.0,75.0,1.3212591409683228,0.0001426562521373853,40.0,1.0001970529556274,1.0001970529556274,1.0001970529556274,0.00013936558389104903,0.0,0.9421069622039795,1520000.0,-0.00706363283097744,0.0035700853914022446,1.0299682884351569e-08,0.027998069301247597,-0.00244336761534214,1.5137875080108643,0.3788706064224243,0.004666179418563843,3.6405789852142334,9555.5185546875,20.417572021484375,102.05635070800781,122.47392272949219,163.30006408691406,1.048037052154541,0.3184009790420532,0.1162058413028717,0.018208596855401993,0.29117119312286377,1.0,0.1440601646900177,0.01820462755858898,-9.139419555664062,0.018208596855401993,-0.0004081781953573227,0.04196782782673836,0.0,0.690329909324646,0.0
15.311344146728516,23.68000030517578,1000.0,76.0,1.3178114891052246,0.00017899622616823763,40.0,0.998667299747467,0.998667299747467,0.998667299747467,0.0009423473384231329,0.0,0.9405930042266846,1540000.0,-0.013114966452121735,-0.006051333621144295,-5.292892346631106e-09,0.029170699417591095,0.0011726301163434982,1.4433423280715942,0.3868185877799988,0.007947981357574463,3.14874529838562,9677.2470703125,20.572551727294922,101.12187194824219,121.69441986083984,164.3460693359375,1.1002362966537476,0.28529825806617737,0.1055140420794487,0.016521817073225975,0.25930631160736084,1.0,0.21972641348838806,0.016503790393471718,-20.8748836517334,0.016521817073225975,0.0012260399525985122,0.0833887904882431,0.9088956713676453,0.0,3.0
16.322778701782227,23.540000915527344,1000.0,77.0,1.3158866167068481,0.00015321731916628778,40.0,1.0019102096557617,1.0019102096557617,1.0019102096557617,0.0013507221592590213,0.0,0.9404881596565247,1560000.0,-0.01271580345928669,0.00039916299283504486,-2.2125243859250077e-08,0.02922666259109974,5.5963173508644104e-05,1.6232738494873047,0.35966500639915466,-0.027153581380844116,3.4761850833892822,9799.4697265625,22.163490295410156,100.02322387695312,122.18672180175781,163.6839141845703,1.12427818775177,0.30587244033813477,0.11459732800722122,0.01582275703549385,0.27206122875213623,1.0,0.15474149584770203,0.01564309187233448,-48.29892349243164,0.01582275703549385,0.002815307816490531,0.04411515220999718,0.8894595503807068,0.0,3.0
17.321491241455078,26.84000015258789,1000.0,78.0,1.3116182088851929,0.00012324460840318352,40.0,1.0003973245620728,1.0003973245620728,1.0003973245620728,0.00028092280263081193,0.0,0.9345217347145081,1580000.0,-0.004819975700229406,0.007895827759057283,2.7656554824062596e-09,0.030714519321918488,0.0014878567308187485,1.786257028579712,0.49785494804382324,0.13818994164466858,3.281447649002075,9925.63671875,23.545124053955078,102.58724212646484,126.13236236572266,158.56358337402344,1.146567702293396,0.34109288454055786,0.11904093623161316,0.015213540755212307,0.2641586661338806,1.0,0.15606354176998138,0.01478080078959465,-80.11129760742188,0.015213540755212307,0.004275925923138857,0.042250655591487885,0.0,0.6880154609680176,0.0
18.625797271728516,34.18000030517578,1000.0,79.0,1.3073618412017822,0.00014692102558910847,40.0,1.0009340047836304,1.0009340047836304,1.0009340047836304,0.0006604130030609667,0.0,0.9293567538261414,1600000.0,-0.008085312321782112,-0.0032653366215527058,-6.294250454175199e-09,0.031752556562423706,0.0010380372405052185,1.7569842338562012,0.4988361597061157,0.0009812116622924805,3.478588342666626,10051.4326171875,25.169021606445312,100.59201049804688,125.76103210449219,159.03176879882812,1.1228293180465698,0.3124794363975525,0.11842004954814911,0.01586361788213253,0.26051169633865356,1.0,0.16681508719921112,0.01583446003496647,-1439.602783203125,0.01586361788213253,-0.001306470250710845,0.05853782966732979,0.0,0.5845163464546204,0.0
19.723360061645508,40.91999816894531,1000.0,80.0,1.3034886121749878,0.00014348440163303167,40.0,1.0005189180374146,1.0005189180374146,1.0005189180374146,0.0003669585566967726,0.0,0.925410270690918,1620000.0,-0.005978220142424107,0.0021070921793580055,2.7656554824062596e-09,0.03217928111553192,0.00042672455310821533,1.7836357355117798,0.4218105673789978,-0.07702559232711792,3.5834741592407227,10177.7666015625,26.198040008544922,100.10345458984375,126.3014907836914,158.35125732421875,1.1927562952041626,0.32304540276527405,0.12535817921161652,0.014058087021112442,0.24355515837669373,1.0,0.18386873602867126,0.013902691192924976,-5491.173828125,0.014058087021112442,0.0026781130582094193,0.046155039221048355,0.0,0.6582719683647156,0.0
19.002033233642578,43.02000045776367,1000.0,81.0,1.3068442344665527,0.0001624824508326128,40.0,1.0001710653305054,1.0001710653305054,1.0001710653305054,0.00012098955630790442,0.0,0.9271121025085449,1640000.0,-0.01239839568734169,-0.0064201755449175835,-3.3855438452690123e-09,0.029460573568940163,-0.0027187075465917587,1.771904468536377,0.6026802659034729,0.1808696985244751,3.508012533187866,10302.5361328125,24.590404510498047,100.14533996582031,124.7357406616211,160.33895874023438,1.1254374980926514,0.28964754939079285,0.14047923684120178,0.015790175646543503,0.25937047600746155,1.0,0.26632705330848694,0.015325799584388733,-3276.54150390625,0.015790175646543503,-0.006783916614949703,0.09910401701927185,0.0,0.4492306113243103,0.0
18.267210006713867,41.0,1000.0,82.0,1.308450698852539,0.00015218296903185546,40.0,1.0000332593917847,1.0000332593917847,1.0000332593917847,2.3489878003601916e-05,0.0,0.9277799129486084,1660000.0,-0.007017083466053009,0.005381312221288681,-4.76837147544984e-09,0.031970083713531494,0.0025095101445913315,1.7019779682159424,0.5234983563423157,-0.07918190956115723,3.4917213916778564,10425.5908203125,21.697872161865234,101.32445526123047,123.02232360839844,162.57211303710938,1.1157126426696777,0.3125901222229004,0.13248558342456818,0.016066640615463257,0.2637660503387451,1.0,0.1885938197374344,0.015777869150042534,-4195.427734375,0.016066640615463257,0.004197660833597183,0.061018504202365875,0.0,0.5725114345550537,0.0
17.533361434936523,38.68000030517578,1000.0,83.0,1.2974587678909302,0.0001512176386313513,40.0,1.0010265111923218,1.0010265111923218,1.0010265111923218,0.0007258249097503722,0.0,0.9213336110115051,1680000.0,-0.0073206499218940735,-0.00030356645584106445,-4.911422823994371e-09,0.03270683437585831,0.0007367506623268127,1.7729253768920898,0.42588019371032715,-0.09761816263198853,3.5890352725982666,10547.81640625,20.646339416503906,101.54635620117188,122.19269561767578,163.6759033203125,1.1184862852096558,0.3162214457988739,0.11683104187250137,0.015987053513526917,0.261960506439209,1.0,0.15120573341846466,0.01594332605600357,-4518.41455078125,0.015987053513526917,-0.0013457683380693197,0.041417524218559265,0.0,0.6949009299278259,0.0
17.37830352783203,36.02000045776367,1000.0,84.0,1.2975984811782837,0.00014178476703818887,40.0,0.9987759590148926,0.9987759590148926,0.9987759590148926,0.0008655557758174837,0.0,0.9218597412109375,1700000.0,-0.007135188207030296,0.00018546171486377716,-4.863739189175931e-09,0.029911410063505173,-0.002795424312353134,1.7150952816009521,0.4189973771572113,-0.006882816553115845,3.9363086223602295,10670.21875,20.12158966064453,102.24779510498047,122.369384765625,163.4395751953125,1.0802081823349,0.3172772526741028,0.1535678207874298,0.017140159383416176,0.26591137051582336,1.0,0.19936275482177734,0.017121821641921997,-2048.046630859375,0.017140159383416176,0.001042733434587717,0.05929512903094292,0.0,0.5807716846466064,0.0
17.562984466552734,35.439998626708984,1000.0,85.0,1.2936676740646362,0.00013904026127420366,40.0,1.0016371011734009,1.0016371011734009,1.0016371011734009,0.0011576333781704307,0.0,0.9162643551826477,1720000.0,-0.00896215345710516,-0.0018269652500748634,-1.0108947456899386e-08,0.031078772619366646,0.001167362555861473,1.7792712450027466,0.4219871759414673,0.0029897987842559814,3.63000226020813,10792.0810546875,20.404499053955078,101.42363739013672,121.82814025878906,164.1656951904297,1.0900543928146362,0.323310524225235,0.10826539248228073,0.016831910237669945,0.28050175309181213,1.0,0.20102965831756592,0.01683150790631771,-1468.7860107421875,0.016831910237669945,-0.00017282902263104916,0.07420554757118225,0.0,0.5191546678543091,0.0
17.330608367919922,34.84000015258789,1000.0,86.0,1.2807847261428833,0.00013733511150348932,40.0,0.9996859431266785,0.9996859431266785,0.9996859431266785,0.0002221139002358541,0.0,0.9036593437194824,1740000.0,-0.008529137820005417,0.0004330156370997429,2.1934509764065524e-09,0.032729484140872955,0.0016507115215063095,1.7318345308303833,0.43497830629348755,0.012991130352020264,3.622379779815674,10914.2451171875,20.196842193603516,101.93489837646484,122.1317367553711,163.75759887695312,1.0992571115493774,0.32811567187309265,0.12071611732244492,0.016551265493035316,0.26546451449394226,1.0,0.15703967213630676,0.016498876735568047,-1725.8980712890625,0.016551265493035316,-0.0017143560107797384,0.056100912392139435,0.0,0.5970765352249146,0.0
16.2871150970459,33.79999923706055,1000.0,87.0,1.264334797859192,0.00015574846474919468,40.0,1.000104546546936,1.000104546546936,1.000104546546936,7.389748498098925e-05,0.0,0.8911685943603516,1760000.0,-0.009078402072191238,-0.0005492642521858215,-1.754760781125242e-08,0.03041081316769123,-0.0023186709731817245,1.6543021202087402,0.8150901794433594,0.3801118731498718,3.6518476009368896,11040.9970703125,20.072664260864258,106.64631652832031,126.71897888183594,157.82955932617188,1.0400123596191406,0.3102940320968628,0.13632996380329132,0.01849067211151123,0.26168328523635864,1.0,0.19212080538272858,0.01848580688238144,-1142.715576171875,0.01849067211151123,-0.0005742156645283103,0.0677671879529953,0.0,0.5432568788528442,0.0
16.078279495239258,33.380001068115234,1000.0,88.0,1.2553187608718872,0.00012330891331657767,40.0,0.99957674741745,0.99957674741745,0.99957674741745,0.00029927073046565056,0.0,0.883652925491333,1780000.0,-0.009144731797277927,-6.6329725086689e-05,1.3065338144713223e-08,0.029924452304840088,-0.0004863608628511429,1.6920183897018433,0.554183840751648,-0.2609063386917114,3.6852309703826904,11162.361328125,20.159391403198242,101.16958618164062,121.3289794921875,164.84107971191406,1.0063202381134033,0.3440122604370117,0.1485462635755539,0.019749553874135017,0.27908408641815186,1.0,0.16206291317939758,0.01967364363372326,-1159.0380859375,0.019749553874135017,-0.002144584432244301,0.060587476938962936,0.0,0.5745443105697632,0.0
16.673080444335938,34.58000183105469,1000.0,89.0,1.2505937814712524,0.00017170212231576443,40.0,0.9985119700431824,0.9985119700431824,0.9985119700431824,0.0010521820513531566,0.0,0.8809639811515808,1800000.0,-0.009337392635643482,-0.0001926608383655548,1.8119812317252126e-09,0.029279125854372978,-0.0006453264504671097,1.8497892618179321,0.5161908268928528,-0.037993013858795166,3.8276758193969727,11285.2060546875,20.07513427734375,102.73695373535156,122.81208801269531,162.8504180908203,1.0016380548477173,0.29764410853385925,0.13808003067970276,0.019934630021452904,0.28659600019454956,1.0,0.24019144475460052,0.01991584151983261,-1322.04296875,0.019934630021452904,-0.0011420573573559523,0.06941910088062286,0.0,0.5367542505264282,0.0
16.690343856811523,37.84000015258789,1000.0,90.0,1.2453206777572632,0.0001549585140310228,40.0,0.9992273449897766,0.9992273449897766,0.9992273449897766,0.0005463074776344001,0.0,0.8791602253913879,1820000.0,-0.009401424787938595,-6.403215229511261e-05,-5.435943695175638e-09,0.03030508942902088,0.0010259635746479034,1.7591311931610107,0.47251182794570923,-0.043678998947143555,3.7855424880981445,11406.5556640625,19.914886474609375,101.40157318115234,121.31645965576172,164.85809326171875,1.1351847648620605,0.3151126205921173,0.11705923080444336,0.01552017405629158,0.26854008436203003,1.0,0.21285782754421234,0.015518530271947384,-1942.8865966796875,0.01552017405629158,0.00037345290184020996,0.08485512435436249,0.0,0.48548513650894165,0.0
16.084257125854492,38.779998779296875,1000.0,91.0,1.2468810081481934,0.00015191019338089973,40.0,1.0001564025878906,1.0001564025878906,1.0001564025878906,0.00011059333337470889,0.0,0.8820099830627441,1840000.0,-0.00784490630030632,0.0015565184876322746,1.4305114870438729e-09,0.03132609277963638,0.0010210033506155014,1.6521317958831787,0.48621678352355957,0.013704955577850342,4.002383708953857,11528.6904296875,20.10970687866211,101.99083709716797,122.10054779052734,163.7994384765625,1.031671166419983,0.311371386051178,0.17032794654369354,0.01879088021814823,0.2723713517189026,1.0,0.2328989952802658,0.01867685280740261,-2576.50927734375,0.01879088021814823,0.0028989112470299006,0.07369928061962128,0.0,0.5209347605705261,0.0
15.182284355163574,35.13999938964844,1000.0,92.0,1.2498551607131958,0.00015668592823203653,40.0,0.9989892840385437,0.9989892840385437,0.9989892840385437,0.0007146700518205762,0.0,0.8834697604179382,1860000.0,-0.0068120998330414295,0.0010328064672648907,-6.198883073516015e-10,0.032445356249809265,0.001119263470172882,1.6208319664001465,0.38789331912994385,-0.09832346439361572,3.943575382232666,11650.7734375,20.389902114868164,101.66058349609375,122.05048370361328,163.8666229248047,1.0507014989852905,0.3051537573337555,0.14780272543430328,0.018116366118192673,0.28608474135398865,1.0,0.18336054682731628,0.01799110323190689,-1978.0343017578125,0.018116366118192673,0.002551701618358493,0.0519801527261734,0.0,0.6202920079231262,0.0
14.795434951782227,32.119998931884766,1000.0,93.0,1.2514156103134155,0.0001699878048384562,40.0,0.9984391331672668,0.9984391331672668,0.9984391331672668,0.001103713526390493,0.0,0.8823469281196594,1880000.0,-0.007353958208113909,-0.0005418583750724792,1.759529055789244e-08,0.03198260813951492,-0.00046274811029434204,1.6550054550170898,0.45523005723953247,0.06733673810958862,3.5945589542388916,11775.314453125,20.974950790405273,103.53193664550781,124.50688934326172,160.63368225097656,0.9891607165336609,0.2947169244289398,0.15652841329574585,0.020440714433789253,0.27829208970069885,1.0,0.24495463073253632,0.01972254365682602,-560.0763549804688,0.020440714433789253,0.00806236732751131,0.09051010012626648,0.0,0.47007423639297485,0.0
13.98122787475586,28.3799991607666,1000.0,94.0,1.247015118598938,0.00011856009223265573,40.0,1.0001006126403809,1.0001006126403809,1.0001006126403809,7.114387699402869e-05,0.0,0.879227340221405,1900000.0,-0.00829518772661686,-0.0009412295185029507,-9.536742923144104e-11,0.02966945804655552,-0.002313150092959404,1.4725139141082764,0.3758177161216736,-0.07941234111785889,3.355471134185791,11897.6201171875,21.148162841796875,101.1238021850586,122.27196502685547,163.56979370117188,0.9605289697647095,0.3445383906364441,0.13065341114997864,0.02167748473584652,0.29969149827957153,1.0,0.1416291445493698,0.021677451208233833,-200.08334350585938,0.02167748473584652,-4.3238571379333735e-05,0.05709246173501015,0.0,0.5918689370155334,0.0
13.685851097106934,25.899999618530273,1000.0,95.0,1.2483856678009033,0.00016051453712861985,40.0,1.001002311706543,1.001002311706543,1.001002311706543,0.0007087414269335568,0.0,0.8807487487792969,1920000.0,-0.0062027014791965485,0.002092486247420311,-1.1301040991895661e-08,0.033514603972435,0.0038451459258794785,1.6427929401397705,0.38753846287727356,0.011720746755599976,3.6698458194732666,12020.6123046875,20.59349250793457,102.36641693115234,122.95991516113281,162.65463256835938,0.967816948890686,0.2969822287559509,0.12846028804779053,0.021352235227823257,0.30070117115974426,1.0,0.19240358471870422,0.021040378138422966,-14.530352592468262,0.021352235227823257,0.004166619386523962,0.05566868931055069,0.0,0.5993899703025818,0.0
13.214922904968262,20.219999313354492,1000.0,96.0,1.2408350706100464,0.00016765750478953123,40.0,1.0001791715621948,1.0001791715621948,1.0001791715621948,0.00012666532711591572,0.0,0.8724939227104187,1940000.0,-0.012806851416826248,-0.0066041499376297,-7.486343100993054e-09,0.031252674758434296,-0.002261929214000702,1.5524301528930664,0.2945738732814789,-0.09296458959579468,3.410386800765991,12144.8359375,20.769453048706055,103.42139434814453,124.19084167480469,161.04246520996094,1.0210100412368774,0.29352495074272156,0.13303031027317047,0.019185353070497513,0.2874848246574402,1.0,0.16505588591098785,0.01851285807788372,-527.2545166015625,0.019185353070497513,0.005398266948759556,0.0433330237865448,0.9794222712516785,0.0,3.0
13.586091041564941,18.6200008392334,1000.0,97.0,1.2313232421875,0.00017959372780751437,40.0,0.9992532730102539,0.9992532730102539,0.9992532730102539,0.000528015720192343,0.0,0.8645080924034119,1960000.0,-0.013318348675966263,-0.0005114972591400146,1.0251999249533128e-08,0.03101513162255287,-0.00023754313588142395,1.5759527683258057,0.32479843497276306,0.03022456169128418,3.2723069190979004,12267.513671875,20.630290985107422,102.01173400878906,122.64302825927734,163.0749053955078,1.03964364528656,0.2827901840209961,0.15013137459754944,0.018503792583942413,0.2720068395137787,1.0,0.16180552542209625,0.018351882696151733,-863.9425659179688,0.018503792583942413,0.0026752601843327284,0.04711358994245529,0.9618680477142334,0.0,3.0
15.50418472290039,24.799999237060547,1000.0,98.0,1.227918028831482,0.00015153212007135153,40.0,0.9999213814735413,0.9999213814735413,0.9999213814735413,5.5577645980520174e-05,0.0,0.8638761639595032,1980000.0,-0.013286855071783066,3.149360418319702e-05,-2.574920721087892e-09,0.030633920803666115,-0.0003812108188867569,1.7332206964492798,0.3963504433631897,0.07155200839042664,3.421084403991699,12391.3193359375,20.618408203125,103.15471649169922,123.77312469482422,161.58596801757812,1.1110419034957886,0.30695685744285583,0.13828328251838684,0.016202010214328766,0.27627840638160706,1.0,0.21918973326683044,0.016182079911231995,-0.4462934732437134,0.016202010214328766,0.0013075266033411026,0.08578352630138397,0.9000560641288757,0.0,3.0
16.522855758666992,26.520000457763672,1000.0,99.0,1.2288869619369507,0.00014701382315251976,40.0,1.0006217956542969,1.0006217956542969,1.0006217956542969,0.00043973210267722607,0.0,0.8663772940635681,2000000.0,-0.007443311624228954,0.0058435434475541115,2.5272368642248466e-09,0.03428221493959427,0.003648294135928154,1.697614073753357,0.36774441599845886,-0.028606027364730835,3.44980788230896,12514.3359375,21.05327033996582,101.9314193725586,122.98468780517578,162.6218719482422,1.0256612300872803,0.31668806076049805,0.10844577848911285,0.019011743366718292,0.27972573041915894,1.0,0.17974472045898438,0.019011717289686203,-49.33493423461914,0.019011743366718292,-3.507413202896714e-05,0.04681195318698883,0.0,0.6536369323730469,0.0
17.01496124267578,29.020000457763672,1000.0,100.0,1.2378159761428833,0.0001378563465550542,40.0,1.0004695653915405,1.0004695653915405,1.0004695653915405,0.000332060968503356,0.0,0.8739411234855652,2020000.0,-0.0070349727757275105,0.00040833884850144386,5.197525076994225e-09,0.03068867325782776,-0.00359354168176651,1.7580105066299438,0.5734675526618958,0.2057231366634369,3.7043910026550293,12636.611328125,20.87217140197754,101.36943054199219,122.24160766601562,163.61041259765625,1.0314818620681763,0.32003214955329895,0.12039806693792343,0.018797781318426132,0.28560397028923035,1.0,0.17798180878162384,0.018739137798547745,-304.3758850097656,0.018797781318426132,0.0017644749023020267,0.05309008061885834,0.0,0.6137737035751343,0.0
17.00068473815918,30.280000686645508,1000.0,101.0,1.241469383239746,0.00013086586841382086,40.0,1.0007416009902954,1.0007416009902954,1.0007416009902954,0.0005243629566393793,0.0,0.8765659332275391,2040000.0,-0.00737279187887907,-0.00033781910315155983,5.2452087118126656e-09,0.03313732147216797,0.00244864821434021,1.7782906293869019,0.5077341794967651,-0.06573337316513062,3.2431113719940186,12760.357421875,20.859289169311523,102.853515625,123.71280670166016,161.6647491455078,1.1726189851760864,0.33158010244369507,0.10870280116796494,0.014545071870088577,0.2687574326992035,1.0,0.1616058498620987,0.014541645534336567,-528.226318359375,0.014545071870088577,0.0004252116195857525,0.05277537927031517,0.0,0.6156008839607239,0.0
16.62761688232422,31.059999465942383,1000.0,102.0,1.2426868677139282,0.000134265108499676,40.0,1.0000091791152954,1.0000091791152954,1.0000091791152954,6.5188337430299725e-06,0.0,0.8797245025634766,2060000.0,-0.006839333567768335,0.0005334583111107349,1.1444092340440193e-09,0.031404100358486176,-0.0017332211136817932,1.7744431495666504,0.4299846887588501,-0.07774949073791504,3.247159004211426,12884.4248046875,20.925243377685547,103.10952758789062,124.0347671508789,161.24510192871094,1.0315520763397217,0.32670077681541443,0.15890488028526306,0.01879522018134594,0.29495105147361755,1.0,0.16614077985286713,0.018711555749177933,-644.240234375,0.01879522018134594,0.002183800097554922,0.05700116604566574,0.0,0.592342734336853,0.0
16.563190460205078,37.2599983215332,1000.0,103.0,1.244633674621582,0.00015761374379508197,40.0,0.9985030293464661,0.9985030293464661,0.9985030293464661,0.0010585321579128504,0.0,0.8830048441886902,2080000.0,-0.010306098498404026,-0.0034667649306356907,7.39097616442308e-10,0.03458292782306671,0.003178827464580536,1.7231699228286743,0.5182918906211853,0.0883072018623352,3.177025318145752,13006.55078125,21.07251739501953,101.02012634277344,122.09264373779297,163.81002807617188,1.0305010080337524,0.29239317774772644,0.14091633260250092,0.01883358508348465,0.27656906843185425,1.0,0.31489747762680054,0.018831932917237282,-1258.1839599609375,0.01883358508348465,-0.0004443102516233921,0.11946198344230652,0.0,0.409166544675827,0.0
15.7572021484375,33.060001373291016,1000.0,104.0,1.2427369356155396,0.0001598936942173168,40.0,0.9985739588737488,0.9985739588737488,0.9985739588737488,0.0010084054665639997,0.0,0.881706714630127,2100000.0,-0.006411061156541109,0.003895037341862917,4.100799699813251e-09,0.03443022072315216,-0.00015270709991455078,1.7166301012039185,0.35419994592666626,-0.16409194469451904,3.2142651081085205,13128.40625,20.73602867126465,101.08619689941406,121.82222747802734,164.1736602783203,1.0106139183044434,0.30783405900001526,0.13249093294143677,0.019582096487283707,0.2752196192741394,1.0,0.16742439568042755,0.019546378403902054,-1491.8294677734375,0.019582096487283707,0.001247154432348907,0.0435456857085228,0.0,0.6777076125144958,0.0
15.82927131652832,32.41999816894531,1000.0,105.0,1.2377008199691772,0.00015112655819393694,40.0,0.9994626045227051,0.9994626045227051,0.9994626045227051,0.0003800240810960531,0.0,0.8772892951965332,2120000.0,-0.0074601368978619576,-0.0010490757413208485,7.820129432900558e-09,0.029485855251550674,-0.004944365471601486,1.659118413925171,0.3970654010772705,0.04286545515060425,3.0698788166046143,13250.2236328125,21.317960739135742,100.46600341796875,121.7839584350586,164.22523498535156,1.0144779682159424,0.3164815902709961,0.1506412774324417,0.01943320780992508,0.2880227565765381,1.0,0.20259691774845123,0.019384529441595078,-981.4996337890625,0.01943320780992508,0.001652439241297543,0.05609297752380371,0.0,0.5971187353134155,0.0
15.449402809143066,26.15999984741211,1000.0,106.0,1.240038514137268,0.00014770629059057683,40.0,0.9997197985649109,0.9997197985649109,0.9997197985649109,0.00019814637198578566,0.0,0.8778943419456482,2140000.0,-0.00890149176120758,-0.001441354863345623,-5.006790093631253e-09,0.030728349462151527,0.001242494210600853,1.646836280822754,0.42930373549461365,0.03223833441734314,3.1689252853393555,13372.2255859375,21.624069213867188,100.3443832397461,121.96845245361328,163.97683715820312,1.0530550479888916,0.3073328733444214,0.11947996914386749,0.01803547702729702,0.28247424960136414,1.0,0.19682586193084717,0.018016815185546875,-18.727813720703125,0.01803547702729702,-0.0011573281371966004,0.07177367061376572,0.0,0.5278765559196472,0.0
15.198001861572266,29.68000030517578,1000.0,107.0,1.2446192502975464,0.00015352452464867383,40.0,1.000030517578125,1.000030517578125,1.000030517578125,2.1635527446051128e-05,0.0,0.881298303604126,2160000.0,-0.007809966336935759,0.001091525424271822,2.1409988448795048e-08,0.0307282917201519,-5.774199962615967e-08,1.689873456954956,0.3801557719707489,-0.049147963523864746,3.3855557441711426,13496.6181640625,22.218734741210938,102.1406021118164,124.35933685302734,160.8242645263672,1.0052379369735718,0.3151427209377289,0.13754098117351532,0.019792107865214348,0.2940281331539154,1.0,0.2046460658311844,0.01973627135157585,-299.31378173828125,0.019792107865214348,0.0020212791860103607,0.0731704980134964,0.0,0.5228137373924255,0.0
13.451691627502441,27.520000457763672,1000.0,108.0,1.2485185861587524,0.00016351589874830097,40.0,0.9996421337127686,0.9996421337127686,0.9996421337127686,0.0002530496858526021,0.0,0.8850556015968323,2180000.0,-0.008367355912923813,-0.0005573895759880543,9.918212917625624e-09,0.031231187283992767,0.0005028955638408661,1.410327672958374,0.32160696387290955,-0.058548808097839355,2.536020040512085,13620.2177734375,22.890480041503906,100.67552947998047,123.56600952148438,161.8568115234375,1.046471357345581,0.2928437888622284,0.16618315875530243,0.01826312579214573,0.28245946764945984,1.0,0.25983113050460815,0.018084149807691574,-61.876686096191406,0.01826312579214573,0.0042851269245147705,0.10259680449962616,0.0,0.4415176510810852,0.0
13.977500915527344,25.559999465942383,1000.0,109.0,1.2555791139602661,0.0001294412068091333,40.0,0.9997246861457825,0.9997246861457825,0.9997246861457825,0.00019469033577479422,0.0,0.8914313316345215,2200000.0,-0.008182093501091003,0.00018526241183280945,-1.444816621898326e-08,0.03919615224003792,0.00796496495604515,1.7318555116653442,0.34938013553619385,0.027773171663284302,3.1337223052978516,13744.92578125,23.073400497436523,101.60118103027344,124.6745834350586,160.41761779785156,1.0631160736083984,0.3371394872665405,0.11728083342313766,0.017695726826786995,0.2913737893104553,1.0,0.17676927149295807,0.017677603289484978,-6.573812007904053,0.017695726826786995,-0.0009283892577514052,0.04755964130163193,0.0,0.648478627204895,0.0
14.297032356262207,24.360000610351562,1000.0,110.0,1.2593269348144531,0.0001508641435066238,40.0,1.000395655632019,1.000395655632019,1.000395655632019,0.0002797427005134523,0.0,0.8960494995117188,2220000.0,-0.012306347489356995,-0.004124253988265991,-1.1491775531169424e-08,0.029165256768465042,-0.010030895471572876,1.5456218719482422,0.36698415875434875,0.017604023218154907,3.1532022953033447,13867.7373046875,22.218116760253906,100.55638885498047,122.77450561523438,162.9002685546875,1.1711896657943726,0.31336748600006104,0.11570718884468079,0.014580595307052135,0.2675634026527405,1.0,0.1512228101491928,0.014415794052183628,-7.939157485961914,0.014580595307052135,0.002912235213443637,0.051462624222040176,0.8538326621055603,0.0,3.0
15.573785781860352,23.8799991607666,1000.0,111.0,1.2596880197525024,0.00016184503328986466,40.0,1.0004924535751343,1.0004924535751343,1.0004924535751343,0.00034818914718925953,0.0,0.8966550230979919,2240000.0,-0.0138369370251894,-0.001530589535832405,3.0994415922691587e-09,0.03310217335820198,0.0039369165897369385,1.5749590396881104,0.38714563846588135,0.020161479711532593,3.3380661010742188,13992.02734375,21.821653366088867,102.43228149414062,124.25493621826172,160.9593963623047,1.0929447412490845,0.2922253906726837,0.1449025571346283,0.016743002459406853,0.2673743963241577,1.0,0.159683957695961,0.016711125150322914,-32.422603607177734,0.016743002459406853,-0.0011101893614977598,0.038665253669023514,0.9149593114852905,0.0,3.0
15.909961700439453,24.639999389648438,1000.0,112.0,1.2543978691101074,0.0001728908100631088,40.0,1.000428557395935,1.000428557395935,1.000428557395935,0.00030300774960778654,0.0,0.8905914425849915,2260000.0,-0.013553555123507977,0.0002833819016814232,-6.866454960174906e-09,0.03197791799902916,-0.001124255359172821,1.7059452533721924,0.4054226875305176,0.01827704906463623,3.0536444187164307,14115.123046875,21.75570297241211,101.30611419677734,123.06182098388672,162.5199432373047,1.0492810010910034,0.2924850583076477,0.15808790922164917,0.018165450543165207,0.27874815464019775,1.0,0.18687494099140167,0.01799653470516205,-2.1694629192352295,0.018165450543165207,0.003162048291414976,0.05919278785586357,0.9530335664749146,0.0,3.0
15.859699249267578,25.719999313354492,1000.0,113.0,1.253217339515686,0.0001238807599293068,40.0,0.9997363090515137,0.9997363090515137,0.9997363090515137,0.00018645766249392182,0.0,0.8876857757568359,2280000.0,-0.005985407158732414,0.007568147964775562,5.62667867853861e-09,0.030178142711520195,-0.0017997752875089645,1.6748266220092773,0.33896398544311523,-0.06645870208740234,3.0823440551757812,14237.0068359375,21.023771286010742,100.82479858398438,121.84857177734375,164.13816833496094,1.0331964492797852,0.3396334946155548,0.17700248956680298,0.01873544231057167,0.2856680452823639,1.0,0.13324475288391113,0.01871545799076557,-13.245744705200195,0.01873544231057167,0.0008837210480123758,0.0390780046582222,0.0,0.7153996825218201,0.0
17.185697555541992,27.15999984741211,1000.0,114.0,1.2563725709915161,0.00013833698176313192,40.0,0.9989495277404785,0.9989495277404785,0.9989495277404785,0.0007427959935739636,0.0,0.8874459266662598,2300000.0,-0.007144867442548275,-0.0011594602838158607,-5.722046170220096e-10,0.035039592534303665,0.00486144982278347,1.7466869354248047,0.3862367868423462,0.04727280139923096,3.275735855102539,14359.341796875,21.60675811767578,100.6928482055664,122.29960632324219,163.53282165527344,1.1122822761535645,0.3219022750854492,0.13947680592536926,0.016165893524885178,0.27605727314949036,1.0,0.16811330616474152,0.01612524501979351,-87.15692901611328,0.016165893524885178,0.0014749495312571526,0.05351872742176056,0.0,0.6113107800483704,0.0
17.299728393554688,28.940000534057617,1000.0,115.0,1.2549279928207397,0.00015635645831935108,40.0,1.0006040334701538,1.0006040334701538,1.0006040334701538,0.00042708805995061994,0.0,0.8848819732666016,2320000.0,-0.007568933069705963,-0.00042406562715768814,2.6702879907247734e-09,0.03237389773130417,-0.0026656948029994965,1.7956029176712036,0.38129037618637085,-0.004946410655975342,3.379193067550659,14482.6455078125,22.020732879638672,101.24571990966797,123.2664566040039,162.25013732910156,1.018563151359558,0.3009697198867798,0.16763955354690552,0.01927763782441616,0.2877959609031677,1.0,0.22079665958881378,0.01923481561243534,-240.75341796875,0.01927763782441616,0.0016615992644801736,0.06447390466928482,0.0,0.5569586753845215,0.0
17.452865600585938,31.200000762939453,1000.0,116.0,1.2592359781265259,0.0001632229977985844,40.0,1.0015640258789062,1.0015640258789062,1.0015640258789062,0.001105933333747089,0.0,0.8893429636955261,2340000.0,-0.006089698523283005,0.0014792345464229584,-1.9073485846288207e-10,0.030332451686263084,-0.0020414460450410843,1.6772457361221313,0.3433169424533844,-0.03797343373298645,3.1674511432647705,14605.3408203125,21.690431594848633,100.97106170654297,122.66152954101562,163.05030822753906,0.9967142939567566,0.3005034327507019,0.1617777943611145,0.020132068544626236,0.27326932549476624,1.0,0.2047719657421112,0.019763939082622528,-717.4441528320312,0.020132068544626236,0.004441112745553255,0.05357758700847626,0.0,0.610974907875061,0.0
16.79792022705078,29.200000762939453,1000.0,117.0,1.2542670965194702,0.00015450961655005813,40.0,0.9990677237510681,0.9990677237510681,0.9990677237510681,0.0006592329009436071,0.0,0.8854205012321472,2360000.0,-0.006041310261934996,4.838826134800911e-05,9.822845647988743e-09,0.030892474576830864,0.0005600228905677795,1.812928318977356,0.32929861545562744,-0.014018326997756958,3.1513991355895996,14728.95703125,21.55409049987793,102.02783966064453,123.58192443847656,161.83596801757812,0.9771965146064758,0.309317946434021,0.1461649090051651,0.020944304764270782,0.28214240074157715,1.0,0.17022503912448883,0.02077190764248371,-373.9878845214844,0.020944304764270782,0.002851510187610984,0.04716479033231735,0.0,0.6511874198913574,0.0
16.687108993530273,27.079999923706055,1000.0,118.0,1.266487717628479,0.0001459267659811303,40.0,1.000044345855713,1.000044345855713,1.000044345855713,3.135725637548603e-05,0.0,0.898051917552948,2380000.0,-0.0033338814973831177,0.002707428764551878,8.77380390562621e-09,0.03171169385313988,0.0008192192763090134,1.7541990280151367,0.29257717728614807,-0.03672143816947937,2.821035623550415,14851.9423828125,21.42875862121582,101.52323913574219,122.9520034790039,162.66510009765625,1.0251562595367432,0.3112860918045044,0.14372903108596802,0.019030477851629257,0.2779400646686554,1.0,0.14786310493946075,0.01818031445145607,-135.66531372070312,0.019030477851629257,0.005206528585404158,0.031885530799627304,0.0,0.7919870615005493,0.0
16.175195693969727,20.31999969482422,1000.0,119.0,1.2688084840774536,0.00017783597286324948,40.0,1.000282645225525,1.000282645225525,1.000282645225525,0.0001998884545173496,0.0,0.900493323802948,2400000.0,-0.013524916023015976,-0.010191034525632858,2.1171569386524425e-08,0.02809075638651848,-0.003620937466621399,1.7646273374557495,0.21577222645282745,-0.07680495083332062,2.8265252113342285,14974.923828125,21.936689376831055,101.00811767578125,122.94480895996094,162.67462158203125,1.086504578590393,0.2817421853542328,0.15750177204608917,0.01694207638502121,0.25931069254875183,1.0,0.1145198866724968,0.016935914754867554,-974.4917602539062,0.01694207638502121,0.0003721390967257321,0.02247524820268154,0.9203826785087585,0.0,3.0
17.121030807495117,19.780000686645508,1000.0,120.0,1.2574807405471802,0.00015944095503073186,40.0,0.9989212155342102,0.9989212155342102,0.9989212155342102,0.0007628017337992787,0.0,0.8916943669319153,2420000.0,-0.013736248016357422,-0.00021133199334144592,4.577636936176077e-09,0.03270011022686958,0.004609353840351105,1.8795682191848755,0.34016406536102295,0.1243918389081955,2.7875847816467285,15098.861328125,22.633726119995117,101.26858520507812,123.90231323242188,161.41748046875,1.0439510345458984,0.30437541007995605,0.12057838588953018,0.018351413309574127,0.2915608882904053,1.0,0.12888680398464203,0.018314188346266747,-754.9116821289062,0.018351413309574127,0.00115914735943079,0.03609383851289749,0.9578993320465088,0.0,3.0
17.613096237182617,22.940000534057617,1000.0,121.0,1.2402700185775757,0.00015998148592188954,40.0,0.9992955327033997,0.9992955327033997,0.9992955327033997,0.0004981476231478155,0.0,0.878253698348999,2440000.0,-0.014764070510864258,-0.001027822494506836,-5.7220459481754915e-09,0.03149029240012169,-0.0012098178267478943,1.9151201248168945,0.4499761462211609,0.10981208086013794,2.7789266109466553,15223.6318359375,22.723350524902344,102.01213836669922,124.73548889160156,160.33929443359375,1.008963942527771,0.3028275966644287,0.11832771450281143,0.019646193832159042,0.30013731122016907,1.0,0.26479095220565796,0.019597195088863373,-43.379547119140625,0.019646193832159042,-0.002188847167417407,0.0977797657251358,0.9911156892776489,0.0,3.0
19.60462188720703,28.68000030517578,1000.0,122.0,1.2269457578659058,0.0001477677869843319,40.0,0.9983057379722595,0.9983057379722595,0.9983057379722595,0.001198038225993514,0.0,0.8662535548210144,2460000.0,-0.009871212765574455,0.0048928577452898026,3.433227480087453e-09,0.031726203858852386,0.00023591145873069763,1.9939970970153809,0.3704819083213806,-0.07949423789978027,3.15061616897583,15346.611328125,21.451566696166992,101.494873046875,122.94644165039062,162.67247009277344,1.1947160959243774,0.3119910955429077,0.1098768338561058,0.014012003317475319,0.27329549193382263,1.0,0.20966002345085144,0.013892403803765774,-184.68850708007812,0.014012003317475319,-0.0029612076468765736,0.07331769168376923,0.0,0.5222886204719543,0.0
19.232568740844727,28.68000030517578,1000.0,123.0,1.2271076440811157,0.00013275889796204865,40.0,0.9999659657478333,0.9999659657478333,0.9999659657478333,2.4079907234408893e-05,0.0,0.8644847273826599,2480000.0,-0.006120143923908472,0.003751068841665983,7.438659466174613e-09,0.030655477195978165,-0.0010707266628742218,1.8398385047912598,0.33250969648361206,-0.037972211837768555,2.8713362216949463,15468.625,20.67426872253418,101.30577087402344,121.98004150390625,163.9612579345703,1.070940375328064,0.3275066316127777,0.159509539604187,0.017438098788261414,0.25889697670936584,1.0,0.14403773844242096,0.017360717058181763,-305.3197021484375,0.017438098788261414,0.001852565910667181,0.044351913034915924,0.0,0.6715196967124939,0.0
18.974824905395508,30.719999313354492,1000.0,124.0,1.2321264743804932,0.00015286001143977046,40.0,0.9990738034248352,0.9990738034248352,0.9990738034248352,0.0006549058016389608,0.0,0.8673388361930847,2500000.0,-0.012486934661865234,-0.006366790737956762,-1.0967254882032762e-09,0.034342408180236816,0.0036869309842586517,1.8574175834655762,0.37249359488487244,0.039983898401260376,2.762876272201538,15593.5712890625,20.338369369506836,104.57373809814453,124.912109375,160.11257934570312,1.076521635055542,0.30215388536453247,0.14916998147964478,0.017257753759622574,0.28247761726379395,1.0,0.25977852940559387,0.016777196899056435,-317.7608337402344,0.017257753759622574,-0.00703402841463685,0.10295897722244263,0.0,0.4407404065132141,0.0
18.815237045288086,32.959999084472656,1000.0,125.0,1.239280343055725,0.0001382431946694851,40.0,0.999051570892334,0.999051570892334,0.999051570892334,0.0006706406129524112,0.0,0.8747755885124207,2520000.0,-0.0077322362922132015,0.004754698369652033,-3.337859988405967e-10,0.031678084284067154,-0.0026643238961696625,1.9854917526245117,0.40717294812202454,0.0346793532371521,2.97409725189209,15716.8623046875,20.000043869018555,103.25662994384766,123.25666809082031,162.26303100585938,1.155719518661499,0.3233273923397064,0.12115738540887833,0.014973549172282219,0.2610984742641449,1.0,0.17665523290634155,0.014971788972616196,-1243.92041015625,0.014973549172282219,-0.0002994001843035221,0.050936177372932434,0.0,0.6266164183616638,0.0
18.62289810180664,30.139999389648438,1000.0,126.0,1.2306803464889526,0.00015512402751483023,40.0,1.000349998474121,1.000349998474121,1.000349998474121,0.0002474301145412028,0.0,0.8668883442878723,2540000.0,-0.00494344811886549,0.0027887881733477116,5.435943695175638e-09,0.03280353546142578,0.0011254511773586273,1.89875328540802,0.32430076599121094,-0.0828721821308136,2.7676055431365967,15839.21875,19.886898040771484,102.43682861328125,122.32373046875,163.50057983398438,1.1947294473648071,0.3144393861293793,0.11674977093935013,0.014011690393090248,0.25958913564682007,1.0,0.14975424110889435,0.013914871960878372,-721.285888671875,0.014011690393090248,0.0018831368070095778,0.03662743419408798,0.0,0.7389442920684814,0.0
18.8397159576416,28.65999984741211,1000.0,127.0,1.2240194082260132,0.00014362201909534633,40.0,1.000679850578308,1.000679850578308,1.000679850578308,0.0004806988581549376,0.0,0.8619071841239929,2560000.0,-0.006059182342141867,-0.0011157342232763767,-2.7656554824062596e-09,0.029539059847593307,-0.0032644756138324738,1.9393173456192017,0.4026530086994171,0.07835224270820618,2.6705408096313477,15961.859375,19.77056884765625,102.83584594726562,122.60641479492188,163.1236114501953,1.0051766633987427,0.31834280490875244,0.12396367639303207,0.019794519990682602,0.30609992146492004,1.0,0.20000271499156952,0.01950286328792572,-221.63125610351562,0.019794519990682602,0.004198381211608648,0.0604354590177536,0.0,0.575266420841217,0.0
18.73636245727539,26.360000610351562,1000.0,128.0,1.216930866241455,0.00014115830708760768,40.0,1.0005031824111938,1.0005031824111938,1.0005031824111938,0.0003557755844667554,0.0,0.8544266819953918,2580000.0,-0.0058536469005048275,0.00020553544163703918,-7.152557435219364e-10,0.029673350974917412,0.0001342911273241043,1.9818103313446045,0.3669931888580322,-0.03565981984138489,3.000447988510132,16084.0947265625,19.84511947631836,102.353515625,122.1986312866211,163.66795349121094,0.9401537775993347,0.3229014277458191,0.1594969779253006,0.022627264261245728,0.2845456302165985,1.0,0.15719591081142426,0.02244613505899906,-34.90764236450195,0.022627264261245728,0.0030970554798841476,0.052955228835344315,0.0,0.6145546436309814,0.0
18.656103134155273,25.700000762939453,1000.0,129.0,1.2142620086669922,0.00013611794565804303,40.0,1.0002654790878296,1.0002654790878296,1.0002654790878296,0.00018775016360450536,0.0,0.8498706817626953,2600000.0,-0.0031453538686037064,0.002708293031901121,4.911422823994371e-09,0.02948799543082714,-0.000185355544090271,1.8901236057281494,0.278435081243515,-0.08855810761451721,2.9322636127471924,16207.3203125,19.753938674926758,103.4371566772461,123.19109344482422,162.34939575195312,0.9809434413909912,0.32712632417678833,0.16338887810707092,0.020784609019756317,0.2839219868183136,1.0,0.14447174966335297,0.019777322188019753,-12.745895385742188,0.020784609019756317,0.006217983551323414,0.038383591920137405,0.0,0.7218419909477234,0.0
16.910375595092773,23.479999542236328,1000.0,130.0,1.2055410146713257,0.0001596126239746809,40.0,1.0003677606582642,1.0003677606582642,1.0003677606582642,0.0002600741572678089,0.0,0.8418563008308411,2620000.0,-0.012534829787909985,-0.009389475919306278,-6.008148201175345e-09,0.028596730902791023,-0.0008912645280361176,1.5687816143035889,0.25947266817092896,-0.01896241307258606,2.213409662246704,16329.0048828125,19.726093292236328,101.92567443847656,121.65176391601562,164.40370178222656,1.1164889335632324,0.3011198341846466,0.13924618065357208,0.01604430377483368,0.2697024345397949,1.0,0.14812442660331726,0.015986371785402298,-56.28604507446289,0.01604430377483368,0.0015417798422276974,0.04103291034698486,0.8956649303436279,0.0,3.0
16.103429794311523,21.81999969482422,1000.0,131.0,1.1950777769088745,0.000168017199030146,40.0,1.0004644393920898,1.0004644393920898,1.0004644393920898,0.00032835203455761075,0.0,0.8326225280761719,2640000.0,-0.013179076835513115,-0.0006442470476031303,7.915496702537439e-09,0.03302246704697609,0.004425736144185066,1.8029004335403442,0.316227525472641,0.056754857301712036,2.3119242191314697,16452.501953125,19.79130744934082,103.67063903808594,123.46194458007812,161.9932403564453,1.0852768421173096,0.28867313265800476,0.14042116701602936,0.016980428248643875,0.265990287065506,1.0,0.1243153065443039,0.016942333430051804,-295.4408264160156,0.016980428248643875,0.0011418539797887206,0.03422585129737854,0.9214238524436951,0.0,3.0
16.39887046813965,22.200000762939453,1000.0,132.0,1.1882658004760742,0.00017012469470500946,40.0,0.998847484588623,0.998847484588623,0.998847484588623,0.0008149233763106167,0.0,0.8266181945800781,2660000.0,-0.012830939143896103,0.000348137691617012,7.2479249269008506e-09,0.03526363894343376,0.002241171896457672,1.8711109161376953,0.26954594254493713,-0.04668158292770386,2.276137113571167,16575.8984375,19.83713722229004,103.52767181396484,123.36480712890625,162.12078857421875,1.12123703956604,0.2920854091644287,0.15425744652748108,0.015908706933259964,0.26050281524658203,1.0,0.10932324081659317,0.015856187790632248,-279.66278076171875,0.015908706933259964,0.001213348237797618,0.028031734749674797,0.8918720483779907,0.0,3.0
19.007003784179688,25.0,1000.0,133.0,1.1850508451461792,3.142623583585191e-08,40.0,0.9999318718910217,0.9999318718910217,0.9999318718910217,5.7055520301219076e-05,0.0,0.8245616555213928,2680000.0,-0.003835709299892187,0.008995229844003916,1.4877318932349226e-08,0.0346466563642025,-0.0006169825792312622,1.964157223701477,0.4241717457771301,0.154625803232193,2.544401168823242,16701.703125,21.196048736572266,104.57151794433594,125.76757049560547,159.0235137939453,1.1142913103103638,0.0,0.10636360943317413,0.016107652336359024,0.2796379625797272,0.0,0.12954920530319214,0.016072606667876244,0.019999999552965164,0.016107652336359024,0.001178952632471919,0.03965945914387703,0.8974311351776123,0.0,1.0
19.568748474121094,28.959999084472656,1000.0,134.0,1.1850484609603882,0.0001439200568711385,40.0,0.9992697238922119,0.9992697238922119,0.9992697238922119,0.0005163832101970911,0.0,0.8245087265968323,2700000.0,-0.00518032256513834,-0.0013446132652461529,3.1471252270875993e-09,0.02980918250977993,-0.004837473854422569,1.9374923706054688,0.39109188318252563,-0.03307986259460449,2.6570241451263428,16826.70703125,21.746679306030273,103.22303009033203,124.96971130371094,160.03878784179688,0.9289990663528442,0.31352749466896057,0.1836959421634674,0.023173905909061432,0.27889284491539,1.0,0.18749286234378815,0.02268679253757,-316.8523864746094,0.023173905909061432,0.004909847863018513,0.04948865994811058,0.0,0.6357144713401794,0.0
19.807571411132812,27.760000228881836,1000.0,135.0,1.182052731513977,0.00015766567958053201,40.0,0.9998695254325867,0.9998695254325867,0.9998695254325867,9.230161958839744e-05,0.0,0.8230223655700684,2720000.0,-0.005435950122773647,-0.0002556275576353073,-1.1873245497895368e-08,0.035053953528404236,0.005244771018624306,1.9905052185058594,0.31471744179725647,-0.07637444138526917,2.4501311779022217,16949.955078125,23.00342559814453,100.21157836914062,123.21600341796875,162.3165740966797,1.0840394496917725,0.30845263600349426,0.10200192779302597,0.01701921597123146,0.2893570363521576,1.0,0.15827439725399017,0.016940375789999962,-185.9895477294922,0.01701921597123146,0.0017968701431527734,0.04095273092389107,0.0,0.698833167552948,0.0
19.456809997558594,24.739999771118164,1000.0,136.0,1.1758084297180176,0.00016546073311474174,40.0,1.0001063346862793,1.0001063346862793,1.0001063346862793,7.518997881561518e-05,0.0,0.8184251189231873,2740000.0,-0.01468295231461525,-0.009247002191841602,4.720687840631399e-09,0.031418465077877045,-0.003635488450527191,1.9633679389953613,0.29248884320259094,-0.022228598594665527,2.355374336242676,17074.587890625,23.484468460083008,101.11453247070312,124.5989990234375,160.51492309570312,1.0331947803497314,0.29146090149879456,0.15742641687393188,0.018735503777861595,0.28209683299064636,1.0,0.1514766663312912,0.01869187131524086,-1.4830222129821777,0.018735503777861595,-0.0014008781872689724,0.044976115226745605,0.9678717255592346,0.0,3.0
18.995361328125,21.760000228881836,1000.0,137.0,1.1672606468200684,0.00017502062837593257,40.0,1.000825047492981,1.000825047492981,1.000825047492981,0.0005834247567690909,0.0,0.811087429523468,2760000.0,-0.015345906838774681,-0.0006629545241594315,-3.8146971692576415e-10,0.03039436787366867,-0.001024097204208374,1.9223911762237549,0.3132040202617645,0.020715177059173584,2.3782052993774414,17200.142578125,22.95402717590332,102.56732177734375,125.52134704589844,159.33544921875,1.001948356628418,0.28779324889183044,0.15385569632053375,0.01992228254675865,0.2872336506843567,1.0,0.1526997685432434,0.0197963435202837,-281.5476989746094,0.01992228254675865,-0.002166870515793562,0.03728267177939415,0.9980554580688477,0.0,3.0
19.385395050048828,24.479999542236328,1000.0,138.0,1.158775806427002,0.0001517650089226663,40.0,0.9997736811637878,0.9997736811637878,0.9997736811637878,0.0001600175310159102,0.0,0.8032186031341553,2780000.0,-0.012748278677463531,0.0025976281613111496,-2.7656554824062596e-09,0.0327795036137104,0.002385135740041733,1.9977892637252808,0.34544846415519714,0.03224444389343262,2.9367661476135254,17322.810546875,21.598615646362305,101.03598022460938,122.63459777832031,163.08612060546875,1.1213047504425049,0.3134698271751404,0.1108427420258522,0.015906784683465958,0.2795580327510834,1.0,0.22076372802257538,0.0158284530043602,-5.75582218170166,0.015906784683465958,0.0019149823347106576,0.046815916895866394,0.8918182253837585,0.0,3.0
19.379945755004883,28.540000915527344,1000.0,139.0,1.1604009866714478,0.0001343302574241534,40.0,0.9995186924934387,0.9995186924934387,0.9995186924934387,0.0003402936563361436,0.0,0.8037714958190918,2800000.0,-0.008066713809967041,0.0046815648674964905,9.536743617033494e-10,0.02737373672425747,-0.005405766889452934,1.9309546947479248,0.4034419059753418,0.05799344182014465,2.759727954864502,17446.564453125,20.527938842773438,103.19086456298828,123.71880340576172,161.6569061279297,0.9947371482849121,0.327503502368927,0.1558399200439453,0.02021217718720436,0.28209176659584045,1.0,0.1414193958044052,0.02017258107662201,-286.7247619628906,0.02021217718720436,-0.0013154662447050214,0.04370298981666565,0.0,0.6764868497848511,0.0
20.483671188354492,31.719999313354492,1000.0,140.0,1.162030577659607,0.0001360848400508985,40.0,0.999591588973999,0.999591588973999,0.999591588973999,0.0002887902082875371,0.0,0.8056454658508301,2820000.0,-0.007455024868249893,0.0006116889417171478,-2.336502102906479e-09,0.029013948515057564,0.0016402117908000946,2.0426039695739746,0.43983256816864014,0.03639066219329834,3.1835074424743652,17568.236328125,19.861656188964844,101.77734375,121.63899993896484,164.4209442138672,1.024150013923645,0.3255757689476013,0.15336814522743225,0.01906789094209671,0.2924007773399353,1.0,0.16282589733600616,0.019067417830228806,-934.4191284179688,0.01906789094209671,-0.0001512393355369568,0.04832671955227852,0.0,0.6433114409446716,0.0
20.58310317993164,37.099998474121094,1000.0,141.0,1.1651490926742554,0.00011951738269999623,40.0,0.9991838335990906,0.9991838335990906,0.9991838335990906,0.0005771589349023998,0.0,0.8081428408622742,2840000.0,-0.008359718136489391,-0.0009046932682394981,9.536743617033494e-10,0.029048748314380646,3.479979932308197e-05,2.0585968494415283,0.4271053671836853,-0.012727200984954834,3.236825942993164,17689.873046875,19.951629638671875,101.65363311767578,121.60526275634766,164.46656799316406,1.057738184928894,0.34377387166023254,0.127017080783844,0.017876124009490013,0.2804945409297943,1.0,0.16239050030708313,0.01787569746375084,-2486.750244140625,0.017876124009490013,-0.0001583517005201429,0.058875538408756256,0.0,0.5828375220298767,0.0
20.995586395263672,37.2400016784668,1000.0,142.0,1.1717592477798462,0.0001261020079255104,40.0,0.9995312690734863,0.9995312690734863,0.9995312690734863,0.00033144280314445496,0.0,0.8132330775260925,2860000.0,-0.00769029650837183,0.0006694216281175613,-6.38961772381208e-09,0.02889026515185833,-0.00015848316252231598,1.9563740491867065,0.3646346628665924,-0.062470704317092896,3.171555757522583,17811.287109375,19.943710327148438,101.43557739257812,121.37928771972656,164.7727508544922,1.1228368282318115,0.33180996775627136,0.10278408974409103,0.015863405540585518,0.2855914831161499,1.0,0.14544467628002167,0.015854166820645332,-3402.47900390625,0.015863405540585518,-0.0006377854151651263,0.04403163492679596,0.0,0.6739575266838074,0.0
21.022113800048828,35.36000061035156,1000.0,143.0,1.1734707355499268,0.00014607752382289618,40.0,1.0000978708267212,1.0000978708267212,1.0000978708267212,6.923323235241696e-05,0.0,0.8165988922119141,2880000.0,-0.005932613275945187,0.0017576832324266434,1.9073485846288207e-10,0.030100533738732338,0.0012102685868740082,2.043623924255371,0.381360799074173,0.016726136207580566,3.632627010345459,17932.54296875,19.537982940673828,101.68389129638672,121.22187042236328,164.98672485351562,1.0474214553833008,0.3243826925754547,0.11509018391370773,0.018230006098747253,0.2952116131782532,1.0,0.174983412027359,0.01811978779733181,-2435.256591796875,0.018230006098747253,0.002204009797424078,0.04407285153865814,0.0,0.6736423373222351,0.0
20.832744598388672,29.239999771118164,1000.0,144.0,1.1776255369186401,0.00014331455167848617,40.0,0.9988818764686584,0.9988818764686584,0.9988818764686584,0.0007906187092885375,0.0,0.8205914497375488,2900000.0,-0.007053944282233715,-0.0011213310062885284,1.6689301052252858e-09,0.028781473636627197,-0.0013190601021051407,2.0453293323516846,0.4025479257106781,0.021187126636505127,3.439941883087158,18055.171875,19.583906173706055,103.01136016845703,122.59526824951172,163.13844299316406,1.0640339851379395,0.31792062520980835,0.16657227277755737,0.017665207386016846,0.2776639461517334,1.0,0.1833091676235199,0.0176478773355484,-348.8587341308594,0.017665207386016846,0.0009449742501601577,0.05152963846921921,0.0,0.6229976415634155,0.0
21.2548770904541,30.18000030517578,1000.0,145.0,1.1788493394851685,0.0001247546315426007,40.0,0.999579906463623,0.999579906463623,0.999579906463623,0.00029702289612032473,0.0,0.8207367062568665,2920000.0,-0.006895557977259159,0.00015838630497455597,1.3136864041030094e-08,0.030950849875807762,0.002169376239180565,2.1201705932617188,0.4750420153141022,0.07249408960342407,3.6204159259796143,18178.287109375,19.687856674194336,103.3957290649414,123.08358764648438,162.4912109375,1.0550965070724487,0.33601507544517517,0.11471056938171387,0.017965752631425858,0.2987186312675476,1.0,0.1628435105085373,0.01789461262524128,-441.12652587890625,0.017965752631425858,0.002080153673887253,0.060824234038591385,0.0,0.5734250545501709,0.0
20.86932373046875,28.059999465942383,1000.0,146.0,1.180740237236023,0.0001203389692818746,40.0,0.9992227554321289,0.9992227554321289,0.9992227554321289,0.0005496229860000312,0.0,0.8206070065498352,2940000.0,-0.006125424988567829,0.00077013298869133,-3.433227480087453e-09,0.030183669179677963,-0.0007671806961297989,2.0791804790496826,0.42319101095199585,-0.05185100436210632,3.860243797302246,18300.181640625,19.650169372558594,102.2103271484375,121.8604965209961,164.12210083007812,0.9686427116394043,0.3436208665370941,0.18720394372940063,0.021315844729542732,0.2892586588859558,1.0,0.15267525613307953,0.02096981555223465,-177.1633758544922,0.021315844729542732,0.0042762840166687965,0.052846916019916534,0.0,0.6151841282844543,0.0
20.234966278076172,30.860000610351562,1000.0,147.0,1.188730239868164,0.0001561328099342063,40.0,0.9996150135993958,0.9996150135993958,0.9996150135993958,0.00027224054792895913,0.0,0.8272891044616699,2960000.0,-0.01166739221662283,-0.005541967228055,-2.574920721087892e-09,0.028248336166143417,-0.001935333013534546,1.937233567237854,0.3400467038154602,-0.08314430713653564,3.3114354610443115,18423.150390625,19.83722496032715,103.09986114501953,122.93708801269531,162.68482971191406,1.0549217462539673,0.30005979537963867,0.12658339738845825,0.01797170378267765,0.2890169024467468,1.0,0.23265236616134644,0.01797153614461422,-356.2984924316406,0.01797170378267765,-0.00012678862549364567,0.09637334942817688,0.0,0.4555504620075226,0.0
19.713397979736328,31.979999542236328,1000.0,148.0,1.1938749551773071,0.0001568810985190794,40.0,0.999631941318512,0.999631941318512,0.999631941318512,0.0002602427266538143,0.0,0.8310382962226868,2980000.0,-0.008068428374826908,0.0035989638417959213,2.884864791496966e-09,0.0318114198744297,0.0035630837082862854,2.0616202354431152,0.4305134415626526,0.09046673774719238,3.6116538047790527,18546.544921875,19.819608688354492,103.54219055175781,123.36180114746094,162.12474060058594,1.0154889822006226,0.30380740761756897,0.12281005084514618,0.019394535571336746,0.29459697008132935,1.0,0.1869104951620102,0.019393259659409523,-898.8726196289062,0.019394535571336746,-0.0002629576192703098,0.05420045182108879,0.0,0.6074541807174683,0.0
19.636550903320312,31.739999771118164,1000.0,149.0,1.1984106302261353,0.00014117587124928832,40.0,0.9999399185180664,0.9999399185180664,0.9999399185180664,4.2455943912500516e-05,0.0,0.8356776833534241,3000000.0,-0.005075190216302872,0.0029932381585240364,8.77380390562621e-09,0.030551088973879814,-0.0012603309005498886,2.0599560737609863,0.4064357280731201,-0.02407771348953247,3.608992576599121,18669.267578125,19.892982482910156,102.79615783691406,122.68914031982422,163.01361083984375,1.088431715965271,0.3316816985607147,0.13418294489383698,0.016882136464118958,0.2787255644798279,1.0,0.21490012109279633,0.016323048621416092,-917.0901489257812,0.016882136464118958,0.005262464750558138,0.04953340068459511,0.0,0.6354272961616516,0.0
20.498760223388672,28.920000076293945,1000.0,150.0,1.2094844579696655,0.00013084460806567222,40.0,1.0015825033187866,1.0015825033187866,1.0015825033187866,0.0011189145734533668,0.0,0.846580982208252,3020000.0,-0.007022584788501263,-0.001947394572198391,-2.6226043559063328e-09,0.03452368453145027,0.0039725955575704575,2.0496604442596436,0.3493840992450714,-0.057051628828048706,3.3106324672698975,18791.443359375,19.742259979248047,102.40003204345703,122.14228820800781,163.7434539794922,1.0188685655593872,0.33533477783203125,0.14749941229820251,0.01926608383655548,0.2847530245780945,1.0,0.13198024034500122,0.019263342022895813,-387.0364990234375,0.01926608383655548,-0.0003299540840089321,0.03970065712928772,0.0,0.7097674608230591,0.0
19.214454650878906,26.65999984741211,1000.0,151.0,1.2176092863082886,0.00013231253251433372,40.0,1.0004997253417969,1.0004997253417969,1.0004997253417969,0.00035335918073542416,0.0,0.8540731072425842,3040000.0,-0.005973269697278738,0.0010493150912225246,1.3875961712983553e-08,0.027187395840883255,-0.007336288690567017,1.9982472658157349,0.3780704438686371,0.028686344623565674,3.2792768478393555,18915.34375,20.028701782226562,103.83865356445312,123.86735534667969,161.46304321289062,0.9776524305343628,0.32821670174598694,0.1619417518377304,0.020924776792526245,0.30702218413352966,1.0,0.16256999969482422,0.02062559686601162,-49.444217681884766,0.020924776792526245,0.004082522355020046,0.05570893734693527,0.0,0.599173367023468,0.0
19.549030303955078,33.13999938964844,1000.0,152.0,1.2169990539550781,0.00014355930034071207,40.0,0.9993820190429688,0.9993820190429688,0.9993820190429688,0.0004369785310700536,0.0,0.856174647808075,3060000.0,-0.007590059656649828,-0.00161678995937109,5.149841442175784e-09,0.03133781999349594,0.004150424152612686,2.12890887260437,0.5244655609130859,0.14639511704444885,3.7183282375335693,19037.361328125,20.532888412475586,101.45067596435547,121.98356628417969,163.95651245117188,1.0969188213348389,0.3241274952888489,0.15077996253967285,0.016621902585029602,0.28975191712379456,1.0,0.20061179995536804,0.01657811924815178,-1062.5213623046875,0.016621902585029602,0.0016523723024874926,0.0623595267534256,0.0,0.5663221478462219,0.0
19.373729705810547,36.70000076293945,1000.0,153.0,1.2206469774246216,0.00011482233094284311,40.0,1.0013309717178345,1.0013309717178345,1.0013309717178345,0.0009411672363057733,0.0,0.8605257868766785,3080000.0,-0.008215809240937233,-0.000625749584287405,5.006790093631253e-09,0.027783041819930077,-0.0035547781735658646,2.1092538833618164,0.4529406726360321,-0.07152488827705383,3.792492151260376,19159.396484375,20.935678482055664,101.0683822631836,122.00405883789062,163.92897033691406,0.964036762714386,0.3493809103965759,0.15660017728805542,0.021520016714930534,0.29776111245155334,1.0,0.24359764158725739,0.021519318222999573,-2166.8388671875,0.021520016714930534,0.00021003291476517916,0.06317439675331116,0.0,0.56265789270401,0.0
19.95439910888672,40.619998931884766,1000.0,154.0,1.2224947214126587,0.00015465839533135295,40.0,0.9999341368675232,0.9999341368675232,0.9999341368675232,4.6586319513153285e-05,0.0,0.863257646560669,3100000.0,-0.009141392074525356,-0.0009255828335881233,-7.915496702537439e-09,0.02883530966937542,0.001052267849445343,2.03531551361084,0.43443763256073,-0.018503040075302124,3.979241132736206,19281.03125,21.253755569458008,100.34774780273438,121.60150146484375,164.47164916992188,1.000554084777832,0.316724568605423,0.1470312774181366,0.01997784525156021,0.29663804173469543,1.0,0.2730543911457062,0.019977832213044167,-3306.809326171875,0.01997784525156021,-3.024714533239603e-05,0.07378195971250534,0.0,0.5206428170204163,0.0
18.63097381591797,34.41999816894531,1000.0,155.0,1.221447467803955,0.00014955096412450075,40.0,0.9983313679695129,0.9983313679695129,0.9983313679695129,0.0011798589257523417,0.0,0.8634470105171204,3120000.0,-0.007321485783904791,0.0018199062906205654,-1.1444091896350983e-08,0.027680659666657448,-0.0011546500027179718,1.9229356050491333,0.424319326877594,-0.010118305683135986,3.9853358268737793,19404.673828125,21.449575424194336,102.15856170654297,123.60813903808594,161.8016357421875,1.003903865814209,0.3163287341594696,0.16152052581310272,0.019844746217131615,0.2900257408618927,1.0,0.2008955031633377,0.019844647496938705,-1718.0196533203125,0.019844746217131615,-7.121689850464463e-05,0.05164976418018341,0.0,0.6222727298736572,0.0
17.90895652770996,26.3799991607666,1000.0,156.0,1.2255549430847168,0.0001319798902841285,40.0,1.0009422302246094,1.0009422302246094,1.0009422302246094,0.0006662011728622019,0.0,0.8678145408630371,3140000.0,-0.005331631749868393,0.001989854034036398,-3.2424927187690855e-09,0.02920440584421158,0.0015237461775541306,1.98611581325531,0.3445011079311371,-0.07981821894645691,3.841982841491699,19528.310546875,20.65007209777832,102.95438385009766,123.60445404052734,161.8064727783203,1.0003225803375244,0.32879796624183655,0.2010570466518402,0.019987093284726143,0.28759944438934326,1.0,0.14478538930416107,0.0198941882699728,-52.250789642333984,0.019987093284726143,0.0018397954991087317,0.03643329441547394,0.0,0.7409104108810425,0.0
17.15782356262207,22.920000076293945,1000.0,157.0,1.2210098505020142,0.00016960076754912734,40.0,1.0002855062484741,1.0002855062484741,1.0002855062484741,0.0002018553059315309,0.0,0.8647269606590271,3160000.0,-0.013408269733190536,-0.008076637983322144,6.103515470812226e-09,0.03589983657002449,0.006695430725812912,1.876041054725647,0.3017752170562744,-0.04272589087486267,3.361593246459961,19651.263671875,20.25959587097168,102.66007995605469,122.919677734375,162.7078857421875,0.9811695218086243,0.28872472047805786,0.14959533512592316,0.02077503129839897,0.29426583647727966,1.0,0.13100582361221313,0.01976086013019085,-107.84733581542969,0.02077503129839897,0.0063778432086110115,0.040108516812324524,1.019191861152649,0.0,3.0
18.32306480407715,20.299999237060547,1000.0,158.0,1.2094885110855103,0.0001485419343225658,40.0,1.000792384147644,1.000792384147644,1.000792384147644,0.0005602720775641501,0.0,0.8540902733802795,3180000.0,-0.013769892044365406,-0.00036162231117486954,-1.7166137400437265e-09,0.03510800376534462,-0.0007918328046798706,2.0129475593566895,0.31905582547187805,0.017280608415603638,3.326220989227295,19774.10546875,19.665977478027344,103.14208221435547,122.80805969238281,162.8557586669922,1.0461822748184204,0.31259477138519287,0.14369119703769684,0.01827321946620941,0.2987956702709198,1.0,0.23979605734348297,0.01822863146662712,-548.8219604492188,0.01827321946620941,0.0013396204449236393,0.040248382836580276,0.9558563828468323,0.0,3.0
18.192506790161133,23.860000610351562,1000.0,159.0,1.1983314752578735,0.00015537130821030587,40.0,0.999108612537384,0.999108612537384,0.999108612537384,0.0006302639376372099,0.0,0.845417320728302,3200000.0,-0.014461015351116657,-0.0006911233067512512,5.769729582993932e-09,0.03051351010799408,-0.00459449365735054,1.8667441606521606,0.4512735605239868,0.13221773505210876,3.1164908409118652,19896.681640625,19.74413299560547,102.79856872558594,122.54371643066406,163.20706176757812,1.0254865884780884,0.30345746874809265,0.1466042846441269,0.01901821792125702,0.2959155738353729,1.0,0.1820252388715744,0.019015301018953323,-20.71468734741211,0.01901821792125702,-0.0004275317769497633,0.06267750263214111,0.9751468300819397,0.0,3.0
18.63275909423828,23.440000534057617,1000.0,160.0,1.192444920539856,0.0001687854528427124,40.0,0.9994916915893555,0.9994916915893555,0.9994916915893555,0.0003594564041122794,0.0,0.8423897624015808,3220000.0,-0.014838781207799911,-0.00037776585668325424,-9.012222079718413e-09,0.033524297177791595,0.003010787069797516,1.8642464876174927,0.3514563739299774,-0.0998171865940094,3.3240914344787598,20023.498046875,19.69462013244629,107.08871459960938,126.78333282470703,157.7494354248047,0.9455679655075073,0.2911864221096039,0.17071537673473358,0.022368883714079857,0.3079487085342407,1.0,0.1632583886384964,0.021979177370667458,-49.78342056274414,0.022368883714079857,0.004363784566521645,0.04886406660079956,1.057565450668335,0.0,3.0
18.7982120513916,29.920000076293945,1000.0,161.0,1.1916152238845825,0.0001425868977094069,40.0,1.001102328300476,1.001102328300476,1.001102328300476,0.0007794356788508594,0.0,0.8444257378578186,3240000.0,-0.0054000867530703545,0.009438694454729557,9.536743617033494e-10,0.03079121746122837,-0.002733079716563225,2.0554897785186768,0.4384607970714569,0.08700442314147949,3.3031821250915527,20145.14453125,19.992204666137695,101.62088012695312,121.61308288574219,164.45599365234375,0.9514026641845703,0.3195285201072693,0.15419228374958038,0.02209535986185074,0.3144932687282562,1.0,0.17969927191734314,0.021574027836322784,-431.8033447265625,0.02209535986185074,0.005405915901064873,0.056056246161460876,0.0,0.5973143577575684,0.0
19.528284072875977,27.5,1000.0,162.0,1.1850732564926147,0.00015309535956475884,40.0,1.0010771751403809,1.0010771751403809,1.0010771751403809,0.0007616778020747006,0.0,0.8397789001464844,3260000.0,-0.006332173012197018,-0.0009320862591266632,-3.3378602104505717e-09,0.03640121966600418,0.00561000220477581,1.973088264465332,0.39464154839515686,-0.04381924867630005,3.173236608505249,20267.220703125,20.137117385864258,101.90521240234375,122.04232788085938,163.8775634765625,0.9272844195365906,0.3081177771091461,0.15570977330207825,0.023259688168764114,0.33188876509666443,1.0,0.16516441106796265,0.023065956309437752,-111.02084350585938,0.023259688168764114,0.003302175085991621,0.05628558248281479,0.0,0.5960962176322937,0.0
20.276445388793945,27.559999465942383,1000.0,163.0,1.183384895324707,0.0001579321251483634,40.0,1.0002025365829468,1.0002025365829468,1.0002025365829468,0.00014313074643723667,0.0,0.838508129119873,3280000.0,-0.005187014117836952,0.0011451588943600655,3.9577483512687195e-09,0.03202134370803833,-0.004379875957965851,2.0202927589416504,0.3308720588684082,-0.06376948952674866,3.256553888320923,20392.458984375,20.282772064208984,104.92281341552734,125.20658874511719,159.7360076904297,0.9690048694610596,0.30087900161743164,0.14589489996433258,0.02129991538822651,0.3128424882888794,1.0,0.25265535712242126,0.020632384344935417,-119.73090362548828,0.02129991538822651,0.006044161040335894,0.05472690612077713,0.0,0.6045253276824951,0.0
20.550737380981445,23.520000457763672,1000.0,164.0,1.1689848899841309,0.0001491903094574809,40.0,1.0001044273376465,1.0001044273376465,1.0001044273376465,7.384127820841968e-05,0.0,0.826866865158081,3300000.0,-0.012480905279517174,-0.0072938911616802216,-3.600120646041205e-09,0.029120979830622673,-0.002900363877415657,2.0604207515716553,0.35355690121650696,0.022684842348098755,3.102921962738037,20516.654296875,20.747140884399414,103.41658782958984,124.16372680664062,161.07763671875,1.1536833047866821,0.3236289620399475,0.10542217642068863,0.015026453882455826,0.2805180251598358,1.0,0.11239444464445114,0.014917442575097084,-68.69334411621094,0.015026453882455826,0.0018641322385519743,0.03187733143568039,0.8667889833450317,0.0,3.0
20.024757385253906,24.719999313354492,1000.0,165.0,1.157094120979309,0.00015468803758267313,40.0,1.0006014108657837,1.0006014108657837,1.0006014108657837,0.0004252335929777473,0.0,0.8159691691398621,3320000.0,-0.013254420831799507,-0.0007735155522823334,5.054473728449693e-09,0.031778715550899506,0.0026577357202768326,2.01835298538208,0.3831956684589386,0.02963876724243164,3.106501579284668,20639.3046875,20.427021026611328,102.18949127197266,122.61651611328125,163.11016845703125,0.9941086173057556,0.30648136138916016,0.12247054278850555,0.020237743854522705,0.30829763412475586,1.0,0.21347171068191528,0.019859252497553825,-1.0041537284851074,0.020237743854522705,0.005382759962230921,0.07655137777328491,1.005926251411438,0.0,3.0
19.324996948242188,28.260000228881836,1000.0,166.0,1.1560345888137817,0.00014109266339801252,40.0,1.0002031326293945,1.0002031326293945,1.0002031326293945,0.00014369266864378005,0.0,0.8132984638214111,3340000.0,-0.007614064030349255,0.0056403568014502525,-9.536743617033494e-10,0.029505373910069466,-0.00227334164083004,1.9787060022354126,0.40240398049354553,0.019208312034606934,3.048905611038208,20762.673828125,19.83711051940918,103.50003814697266,123.33714294433594,162.1571502685547,1.0696121454238892,0.32382553815841675,0.10775688290596008,0.01748143509030342,0.2992140054702759,1.0,0.23684978485107422,0.01731800101697445,-156.2281494140625,0.01748143509030342,0.003334128065034747,0.06801744550466537,0.0,0.5422565340995789,0.0
18.891712188720703,32.7599983215332,1000.0,167.0,1.1577496528625488,0.00013726366159971803,40.0,0.9987637996673584,0.9987637996673584,0.9987637996673584,0.0008741256315261126,0.0,0.8147415518760681,3360000.0,-0.007444924209266901,0.0001691398210823536,-3.910064716450279e-09,0.03296630084514618,0.0034609269350767136,2.00284481048584,0.43060165643692017,0.028197675943374634,3.3219058513641357,20885.38671875,20.042593002319336,102.6358642578125,122.67845916748047,163.02780151367188,0.9907466173171997,0.3240521550178528,0.1569185107946396,0.02037532813847065,0.3037915825843811,1.0,0.21896566450595856,0.02017550729215145,-855.6988525390625,0.02037532813847065,0.00374986813403666,0.07037074118852615,0.0,0.5331125259399414,0.0
19.43277931213379,32.97999954223633,1000.0,168.0,1.15877366065979,0.00016317110566888005,40.0,1.0001916885375977,1.0001916885375977,1.0001916885375977,0.00013548809511121362,0.0,0.8165242075920105,3380000.0,-0.011103940196335316,-0.0036590159870684147,-3.0994415922691587e-09,0.035260505974292755,0.002294205129146576,2.116391897201538,0.3991328179836273,-0.03146883845329285,3.049487590789795,21006.119140625,20.018993377685547,100.67974853515625,120.69874572753906,165.70181274414062,0.9034332633018494,0.29436996579170227,0.16321364045143127,0.0245040375739336,0.32832592725753784,1.0,0.27905160188674927,0.02416832000017166,-749.0471801757812,0.0245040375739336,-0.005342321470379829,0.08501291275024414,0.0,0.48503437638282776,0.0
20.236337661743164,35.86000061035156,1000.0,169.0,1.1644185781478882,0.00013546533591579646,40.0,1.0008894205093384,1.0008894205093384,1.0008894205093384,0.0006289433804340661,0.0,0.8218925595283508,3400000.0,-0.007844126783311367,0.0032598134130239487,-6.151199549719877e-09,0.03513719141483307,-0.00012331455945968628,2.0785129070281982,0.6341695785522461,0.23503676056861877,3.299262046813965,21127.875,20.379867553710938,101.34397888183594,121.72384643554688,164.3063507080078,1.0616542100906372,0.3249491751194,0.11347738653421402,0.01774449273943901,0.30658531188964844,1.0,0.1679384708404541,0.017724229022860527,-1960.0972900390625,0.01774449273943901,0.0011041763937100768,0.060169659554958344,0.0,0.5765356421470642,0.0
20.51694107055664,32.7599983215332,1000.0,170.0,1.1622357368469238,0.00011877352517331019,40.0,1.0001147985458374,1.0001147985458374,1.0001147985458374,8.120293932734057e-05,0.0,0.8214524388313293,3420000.0,-0.006605794653296471,0.0012383321300148964,-3.528594971768939e-09,0.03416091948747635,-0.00097627192735672,1.9776403903961182,0.4974866509437561,-0.13668292760849,3.104979991912842,21249.59375,21.337644577026367,100.34600067138672,121.68364715576172,164.36062622070312,0.9942111968994141,0.34651708602905273,0.12456925958395004,0.02023356780409813,0.30679628252983093,1.0,0.22231648862361908,0.019985269755125046,-999.80078125,0.02023356780409813,0.0038671139627695084,0.06022835522890091,0.0,0.576254665851593,0.0
19.9531192779541,37.08000183105469,1000.0,171.0,1.1550838947296143,0.00014022283721715212,40.0,0.999576985836029,0.999576985836029,0.999576985836029,0.00029913021717220545,0.0,0.817480742931366,3440000.0,-0.010504836216568947,-0.003899041563272476,-6.580352707175052e-09,0.035153768956661224,0.0009928494691848755,1.9984484910964966,0.4818473160266876,-0.01563933491706848,3.6590678691864014,21373.685546875,22.160219192504883,101.89775085449219,124.05796813964844,161.21495056152344,1.0537456274032593,0.3290889263153076,0.12199980020523071,0.018011845648288727,0.307142436504364,1.0,0.1984369307756424,0.017969805747270584,-1777.5289306640625,0.018011845648288727,-0.001857758965343237,0.08209417760372162,0.0,0.4935814142227173,0.0
19.73331069946289,32.459999084472656,1000.0,172.0,1.1503971815109253,0.00014083842688705772,40.0,0.9994373321533203,0.9994373321533203,0.9994373321533203,0.0003978943277616054,0.0,0.8146553039550781,3460000.0,-0.00999510008841753,0.0005097361281514168,-9.155273872352154e-09,0.02954927831888199,-0.005604490637779236,2.0734641551971436,0.41959744691848755,-0.06224986910820007,4.440918922424316,21497.3046875,22.340991973876953,101.24479675292969,123.58578491210938,161.83090209960938,1.0219846963882446,0.32147130370140076,0.13763074576854706,0.019148774445056915,0.31232187151908875,1.0,0.21691453456878662,0.0191054530441761,-712.86474609375,0.019148774445056915,-0.001838979311287403,0.07806532084941864,0.0,0.5061577558517456,0.0
19.77229881286621,30.020000457763672,1000.0,173.0,1.1434966325759888,0.0001432873832527548,40.0,1.0002788305282593,1.0002788305282593,1.0002788305282593,0.0001971910533029586,0.0,0.8087863922119141,3480000.0,-0.008018448948860168,0.0019766511395573616,8.106231796922714e-10,0.03098670020699501,0.0014374218881130219,2.071805477142334,0.4127558767795563,-0.006841570138931274,3.7443389892578125,21621.439453125,22.18793296813965,101.91568756103516,124.10362243652344,161.15565490722656,0.957067608833313,0.3250056803226471,0.16208620369434357,0.021834565326571465,0.3011292517185211,1.0,0.19653941690921783,0.021767498925328255,-362.4147033691406,0.021834565326571465,0.00215944554656744,0.06953087449073792,0.0,0.5363226532936096,0.0
19.61498260498047,27.1200008392334,1000.0,174.0,1.1476293802261353,0.00012723113468382508,40.0,0.9998103976249695,0.9998103976249695,0.9998103976249695,0.00013411128020379692,0.0,0.8115065097808838,3500000.0,-0.008375278674066067,-0.0003568297252058983,-1.6689301052252858e-09,0.031444892287254333,0.0004581920802593231,1.9733554124832153,0.3660372197628021,-0.04671865701675415,3.4070422649383545,21745.32421875,21.70201301574707,102.14837646484375,123.85039520263672,161.4851531982422,1.0434261560440063,0.33621037006378174,0.11835717409849167,0.018369879573583603,0.3037126958370209,1.0,0.19271475076675415,0.018369873985648155,-80.84249114990234,0.018369879573583603,1.638283720239997e-05,0.05558080971240997,0.0,0.599863588809967,0.0
19.435482025146484,26.899999618530273,1000.0,175.0,1.1543514728546143,0.00014187616761773825,40.0,1.0003150701522827,1.0003150701522827,1.0003150701522827,0.00022270398039836437,0.0,0.816056489944458,3520000.0,-0.006323280744254589,0.0020519979298114777,6.38961772381208e-09,0.033346183598041534,0.001901291310787201,2.092388391494751,0.3475622534751892,-0.018474966287612915,3.6048686504364014,21867.669921875,20.665563583374023,101.64698028564453,122.31254577636719,163.51553344726562,1.0045956373214722,0.3176778256893158,0.12626732885837555,0.019817424938082695,0.3148377537727356,1.0,0.1877119392156601,0.019539397209882736,-66.66938781738281,0.019817424938082695,0.003879445604979992,0.05413151904940605,0.0,0.6078408360481262,0.0
19.34328269958496,22.780000686645508,1000.0,176.0,1.1472011804580688,0.00015467681805603206,40.0,1.0004749298095703,1.0004749298095703,1.0004749298095703,0.00033588227233849466,0.0,0.8079312443733215,3540000.0,-0.013532187789678574,-0.0072089070454239845,3.218650901359865e-09,0.03312191367149353,-0.00022426992654800415,2.044985771179199,0.3216897249221802,-0.025872528553009033,2.9300625324249268,21991.17578125,20.692636489868164,102.78096771240234,123.47360229492188,161.97793579101562,1.0590271949768066,0.3108205497264862,0.12042827904224396,0.017832636833190918,0.2934962809085846,1.0,0.187941774725914,0.017769450321793556,-85.13143920898438,0.017832636833190918,0.001912361360155046,0.05787801370024681,0.9442628026008606,0.0,3.0
19.563621520996094,24.559999465942383,1000.0,177.0,1.1318206787109375,0.000171815074281767,40.0,1.0005525350570679,1.0005525350570679,1.0005525350570679,0.000390673172660172,0.0,0.7935684323310852,3560000.0,-0.015363624319434166,-0.0018314365297555923,9.298324332718266e-10,0.033281709998846054,0.0001597963273525238,2.0821664333343506,0.37215059995651245,0.050460875034332275,3.056941509246826,22114.21875,21.018291473388672,101.99192810058594,123.01021575927734,162.58811950683594,0.9868148565292358,0.29046571254730225,0.1829361766576767,0.02053801342844963,0.29434674978256226,1.0,0.16292186081409454,0.020479734987020493,-4.827387809753418,0.02053801342844963,-0.0015256429323926568,0.03993912413716316,1.0133613348007202,0.0,3.0
19.999004364013672,24.31999969482422,1000.0,178.0,1.1138023138046265,0.00015107095532584935,40.0,0.9984362721443176,0.9984362721443176,0.9984362721443176,0.0011057365918532014,0.0,0.7800398468971252,3580000.0,-0.014196505770087242,0.0011671185493469238,-9.63211022053656e-09,0.031797464936971664,-0.0014842450618743896,2.090878963470459,0.3424230217933655,-0.029727578163146973,3.3999581336975098,22236.654296875,21.47766876220703,100.9258804321289,122.40354919433594,163.39395141601562,1.02518630027771,0.316729336977005,0.10327077656984329,0.01902936026453972,0.3089480400085449,1.0,0.17285437881946564,0.018982091918587685,-9.025033950805664,0.01902936026453972,0.0015545097412541509,0.05112200975418091,0.9754324555397034,0.0,3.0
20.894508361816406,31.239999771118164,1000.0,179.0,1.105706810951233,0.00012161242921138182,40.0,0.9997575879096985,0.9997575879096985,0.9997575879096985,0.00017142528668045998,0.0,0.7730950713157654,3600000.0,-0.010362126864492893,0.003834378905594349,9.53674295089968e-09,0.031987156718969345,0.00018969178199768066,2.182133913040161,0.4112299680709839,0.06880694627761841,3.280179977416992,22360.095703125,21.75334930419922,101.65484619140625,123.40819549560547,162.0637969970703,0.979432225227356,0.3415146768093109,0.12973156571388245,0.020848795771598816,0.3214239776134491,1.0,0.1701730191707611,0.020537983626127243,-584.0357666015625,0.020848795771598816,-0.004552044440060854,0.0666675865650177,0.0,0.5477187037467957,0.0
21.2608642578125,34.08000183105469,1000.0,180.0,1.0993965864181519,0.00013682332064490765,40.0,1.0001147985458374,1.0001147985458374,1.0001147985458374,8.109062764560804e-05,0.0,0.7655960917472839,3620000.0,-0.007711864076554775,0.002650262787938118,3.433227480087453e-09,0.029524846002459526,-0.002462310716509819,2.1649510860443115,0.42973336577415466,0.018503397703170776,3.585240125656128,22483.93359375,21.513751983642578,102.29193878173828,123.80569458007812,161.54345703125,1.004867434501648,0.32868778705596924,0.13165350258350372,0.01980670541524887,0.321468710899353,1.0,0.21592602133750916,0.019775118678808212,-1242.4864501953125,0.01980670541524887,0.0014477279037237167,0.06635493040084839,0.0,0.5490075945854187,0.0
21.349891662597656,38.599998474121094,1000.0,181.0,1.1025861501693726,0.00012192553549539298,40.0,1.0006946325302124,1.0006946325302124,1.0006946325302124,0.0004910950665362179,0.0,0.7657632827758789,3640000.0,-0.007877707481384277,-0.0001658434048295021,-1.0633468328080653e-08,0.03260905295610428,0.0030842069536447525,2.1630990505218506,0.43811535835266113,0.00838199257850647,3.472808599472046,22607.138671875,20.794132232666016,102.37830352783203,123.17243194580078,162.37399291992188,1.0028895139694214,0.34081488847732544,0.14593493938446045,0.019884906709194183,0.3097570538520813,1.0,0.20448341965675354,0.01982702687382698,-2677.029052734375,0.019884906709194183,0.0019997316412627697,0.06909097731113434,0.0,0.538027286529541,0.0
21.167234420776367,33.86000061035156,1000.0,182.0,1.1043378114700317,0.00013146389392204583,40.0,0.9986302852630615,0.9986302852630615,0.9986302852630615,0.0009685345576144755,0.0,0.7655960917472839,3660000.0,-0.0073310500010848045,0.0005466574802994728,-7.438659466174613e-09,0.03148499131202698,-0.001124061644077301,2.1701114177703857,0.36887773871421814,-0.069237619638443,3.2280049324035645,22730.923828125,20.43350601196289,103.31770324707031,123.75120544433594,161.6145782470703,1.0526351928710938,0.33134546875953674,0.14349491894245148,0.01804986596107483,0.3144364356994629,1.0,0.17339491844177246,0.018049651756882668,-1661.589111328125,0.01804986596107483,-0.00010049264528788626,0.047243114560842514,0.0,0.6506474018096924,0.0
21.417509078979492,31.219999313354492,1000.0,183.0,1.1017323732376099,0.00013226077135186642,40.0,0.9996741414070129,0.9996741414070129,0.9996741414070129,0.0002303746878169477,0.0,0.7628328204154968,3680000.0,-0.006759448908269405,0.0005716010928153992,-1.1444092340440193e-09,0.030196143314242363,-0.0012888479977846146,2.192688226699829,0.3485056459903717,-0.020372092723846436,3.1004891395568848,22853.015625,20.451034545898438,101.60724639892578,122.05828094482422,163.8561553955078,1.0676289796829224,0.33650922775268555,0.12259791791439056,0.01754644326865673,0.2980210483074188,1.0,0.15550169348716736,0.017542647197842598,-868.988525390625,0.01754644326865673,0.00041114259511232376,0.04452013969421387,0.0,0.6702497601509094,0.0
21.61841583251953,28.65999984741211,1000.0,184.0,1.1055505275726318,0.0001222164137288928,40.0,1.0008260011672974,1.0008260011672974,1.0008260011672974,0.0005840991507284343,0.0,0.7647499442100525,3700000.0,-0.005127409007400274,0.001632039900869131,-4.386901952813105e-09,0.02743554674088955,-0.0027605965733528137,2.1570234298706055,0.4010744094848633,0.05256876349449158,3.4346160888671875,22975.349609375,20.368074417114258,101.93378448486328,122.3018569946289,163.52981567382812,0.9545825719833374,0.3418723940849304,0.13488920032978058,0.021948395296931267,0.33460137248039246,1.0,0.16185560822486877,0.021337758749723434,-263.4809875488281,0.021948395296931267,0.005571617744863033,0.05083698779344559,0.0,0.6272274255752563,0.0
20.9222469329834,27.799999237060547,1000.0,185.0,1.114133358001709,0.00012998013698961586,40.0,1.000277042388916,1.000277042388916,1.000277042388916,0.00019589855219237506,0.0,0.7705380320549011,3720000.0,-0.007273737341165543,-0.0021463283337652683,-1.287460360543946e-09,0.03158066049218178,0.004145113751292229,2.1017768383026123,0.3977082073688507,-0.0033662021160125732,3.6571977138519287,23099.224609375,20.250869750976562,103.59146881103516,123.84233856201172,161.49566650390625,0.9578806161880493,0.3321485221385956,0.14531023800373077,0.02179751731455326,0.31698206067085266,1.0,0.1956554502248764,0.021545931696891785,-117.341796875,0.02179751731455326,0.004099555313587189,0.06680193543434143,0.0,0.5471677184104919,0.0
20.551555633544922,31.18000030517578,1000.0,186.0,1.1196120977401733,0.00012679665815085173,40.0,0.9988739490509033,0.9988739490509033,0.9988739490509033,0.0007962382514961064,0.0,0.7741787433624268,3740000.0,-0.008651269599795341,-0.0013775322586297989,-1.907348723406699e-09,0.03440907225012779,0.0028284117579460144,2.152273416519165,0.436812162399292,0.039103955030441284,3.700730562210083,23222.447265625,20.107389450073242,103.07992553710938,123.18831634521484,162.35305786132812,1.024298906326294,0.33397993445396423,0.16053561866283417,0.0190623477101326,0.3137345612049103,1.0,0.18163637816905975,0.018997754901647568,-468.5744934082031,0.0190623477101326,0.00229446217417717,0.08150415867567062,0.0,0.4953647553920746,0.0
20.39440155029297,30.260000228881836,1000.0,187.0,1.1186360120773315,0.00010818244481924921,40.0,0.9995681643486023,0.9995681643486023,0.9995681643486023,0.0003053679538425058,0.0,0.7740618586540222,3760000.0,-0.007962606847286224,0.0006886627525091171,-4.386901952813105e-09,0.02929934673011303,-0.005109725520014763,2.116152763366699,0.4350946545600891,-0.0017175078392028809,4.201190948486328,23344.9921875,20.278396606445312,102.23457336425781,122.51296997070312,163.24801635742188,0.9926385283470154,0.3550707995891571,0.13498973846435547,0.020297732204198837,0.3120018541812897,1.0,0.1906195431947708,0.020297659561038017,-446.9847717285156,0.020297732204198837,-6.710889283567667e-05,0.06189553067088127,0.0,0.568440854549408,0.0
20.179027557373047,28.459999084472656,1000.0,188.0,1.1225138902664185,0.00014296721201390028,40.0,0.999139130115509,0.999139130115509,0.999139130115509,0.0006086847861297429,0.0,0.7760190963745117,3780000.0,-0.007817022502422333,0.0001455843448638916,3.3378602104505717e-09,0.02771596983075142,-0.0015833768993616104,2.1076765060424805,0.3425517976284027,-0.0925428569316864,4.132906436920166,23467.88671875,20.495859146118164,102.36335754394531,122.85921478271484,162.78794860839844,0.9348347783088684,0.3183612823486328,0.17653894424438477,0.022885482758283615,0.3200634717941284,1.0,0.21133635938167572,0.0227679293602705,-181.6929168701172,0.022885482758283615,0.0027829159516841173,0.06588190048933029,0.0,0.5509750247001648,0.0
19.596641540527344,28.440000534057617,1000.0,189.0,1.1259444952011108,0.00011618488497333601,40.0,1.0002533197402954,1.0002533197402954,1.0002533197402954,0.0001791522081475705,0.0,0.7775753140449524,3800000.0,-0.009090084582567215,-0.0012730620801448822,-1.287460360543946e-08,0.031481608748435974,0.003765638917684555,2.0867350101470947,0.41557076573371887,0.07301896810531616,3.8398663997650146,23592.169921875,21.02032470703125,103.23041534423828,124.25074005126953,160.96484375,0.9857602715492249,0.34615346789360046,0.12651269137859344,0.020581983029842377,0.32579341530799866,1.0,0.1900707632303238,0.020567037165164948,-183.51318359375,0.020581983029842377,-0.0009816315723583102,0.0644766315817833,0.0,0.556946873664856,0.0
19.619543075561523,27.84000015258789,1000.0,190.0,1.1271129846572876,0.0001261196011910215,40.0,0.9998180866241455,0.9998180866241455,0.9998180866241455,0.000128632178530097,0.0,0.778564453125,3820000.0,-0.0074861058965325356,0.0016039786860346794,-1.907348723406699e-09,0.03330213204026222,0.0018205232918262482,2.0952308177948,0.3943551182746887,-0.02121564745903015,3.8984155654907227,23714.619140625,21.32044219970703,101.09223175048828,122.41267395019531,163.38177490234375,0.9171386361122131,0.33842721581459045,0.15264606475830078,0.023777151480317116,0.3533118665218353,1.0,0.18358556926250458,0.023676445707678795,-128.91651916503906,0.023777151480317116,0.0025099129416048527,0.06255480647087097,0.0,0.5654374957084656,0.0
20.330224990844727,27.360000610351562,1000.0,191.0,1.1182729005813599,0.00014130599447526038,40.0,0.9998250603675842,0.9998250603675842,0.9998250603675842,0.00012368695752229542,0.0,0.772092342376709,3840000.0,-0.008219358511269093,-0.000733252614736557,-1.9073485846288207e-10,0.03327788785099983,-2.4244189262390137e-05,2.085279703140259,0.396680623292923,0.002325505018234253,3.7787399291992188,23838.94921875,21.92263412475586,102.3729019165039,124.2955322265625,160.90682983398438,0.9477943181991577,0.32495132088661194,0.16581782698631287,0.022263919934630394,0.30435532331466675,1.0,0.19593927264213562,0.022214675322175026,-75.59519958496094,0.022263919934630394,0.00190454232506454,0.07365718483924866,0.0,0.5210835933685303,0.0
20.164533615112305,26.079999923706055,1000.0,192.0,1.1122103929519653,0.00011874277697643265,40.0,0.9994792938232422,0.9994792938232422,0.9994792938232422,0.00036819485831074417,0.0,0.7691013216972351,3860000.0,-0.010445266962051392,-0.002225908450782299,-2.38418573772492e-09,0.031711164861917496,-0.0015667229890823364,2.033102035522461,0.37964490056037903,-0.017035722732543945,3.7955262660980225,23961.9765625,22.313003540039062,100.68006134033203,122.9930648803711,162.6107940673828,1.036072850227356,0.34276410937309265,0.14204052090644836,0.01863155886530876,0.310642808675766,1.0,0.23466241359710693,0.018132884055376053,-15.57048511505127,0.01863155886530876,-0.006108044646680355,0.07481484115123749,0.0,0.5170363783836365,0.0
19.442420959472656,27.860000610351562,1000.0,193.0,1.112359642982483,0.0001328714715782553,40.0,1.001347541809082,1.001347541809082,1.001347541809082,0.0009527997463010252,0.0,0.7701354026794434,3880000.0,-0.006807615514844656,0.0036376514472067356,3.8146971692576415e-10,0.03029865026473999,-0.0014125145971775055,1.9855990409851074,0.38589611649513245,0.006251215934753418,3.4693078994750977,24084.9921875,22.019882202148438,100.96288299560547,122.9827651977539,162.62442016601562,0.9434755444526672,0.3311290442943573,0.1229359358549118,0.022468212991952896,0.3372904658317566,1.0,0.1979370266199112,0.02205059304833412,-112.92701721191406,0.022468212991952896,0.00549944955855608,0.07241982221603394,0.0,0.5255163908004761,0.0
17.677757263183594,29.020000457763672,1000.0,194.0,1.1118831634521484,0.00013733863306697458,40.0,0.9994941353797913,0.9994941353797913,0.9994941353797913,0.00035768625093623996,0.0,0.7707986831665039,3900000.0,-0.006759273819625378,4.8341695219278336e-05,-1.1444092340440193e-09,0.031783971935510635,0.0014853216707706451,1.8812426328659058,0.3886779248714447,0.002781808376312256,3.4685451984405518,24209.083984375,21.401657104492188,102.6557846069336,124.05744171142578,161.21563720703125,0.9943622350692749,0.3268224895000458,0.1685912162065506,0.020227421075105667,0.31513625383377075,1.0,0.22202593088150024,0.019830936565995216,-215.50453186035156,0.020227421075105667,0.005452437326312065,0.07498172670602798,0.0,0.516460657119751,0.0
16.891887664794922,31.34000015258789,1000.0,195.0,1.103272557258606,0.00014273999840952456,40.0,0.9994298815727234,0.9994298815727234,0.9994298815727234,0.00040317673119716346,0.0,0.7654110789299011,3920000.0,-0.00821390189230442,-0.0014546280726790428,-8.869171175263091e-09,0.03370309993624687,0.0019191280007362366,1.918150782585144,0.5046221613883972,0.11594423651695251,3.658862590789795,24331.955078125,20.564590454101562,102.27318572998047,122.83777618408203,162.8163604736328,0.9128332734107971,0.3243010938167572,0.17014718055725098,0.024001970887184143,0.34219396114349365,1.0,0.22553519904613495,0.023943983018398285,-536.5218505859375,0.024001970887184143,0.0020842815283685923,0.0749160498380661,0.0,0.5166869759559631,0.0
16.798377990722656,25.1200008392334,1000.0,196.0,1.1075774431228638,0.00013357587158679962,40.0,1.000659465789795,1.000659465789795,1.000659465789795,0.00046631271834485233,0.0,0.7696310877799988,3940000.0,-0.005634607747197151,0.0025792941451072693,-2.870559612233592e-08,0.03359522670507431,-0.00010787323117256165,1.9540085792541504,0.3149567246437073,-0.18966543674468994,3.6054999828338623,24454.134765625,20.14972686767578,101.99601745605469,122.14574432373047,163.7388153076172,0.9174441695213318,0.3293193578720093,0.183393657207489,0.023761317133903503,0.3265478312969208,1.0,0.1595490425825119,0.023328730836510658,-0.2742217183113098,0.023761317133903503,0.004601324908435345,0.048943355679512024,0.0,0.6392461061477661,0.0
16.101058959960938,23.780000686645508,1000.0,197.0,1.103427767753601,0.00015390978660434484,40.0,1.0010141134262085,1.0010141134262085,1.0010141134262085,0.0007171145989559591,0.0,0.7667312622070312,3960000.0,-0.017716215923428535,-0.012081608176231384,-2.470016546851639e-08,0.029142171144485474,-0.004453055560588837,1.7622400522232056,0.31041219830513,-0.0045445263385772705,2.93681001663208,24578.08984375,20.005693435668945,103.9154281616211,123.9211196899414,161.3929901123047,0.8099706768989563,0.30415576696395874,0.21091073751449585,0.030485358089208603,0.37551456689834595,1.0,0.22849825024604797,0.030477730557322502,-21.217851638793945,0.030485358089208603,0.0007311012595891953,0.07008232921361923,1.2346125841140747,0.0,3.0
17.26885223388672,21.8799991607666,1000.0,198.0,1.0967718362808228,0.0001353290572296828,40.0,1.0004137754440308,1.0004137754440308,1.0004137754440308,0.0002925553417298943,0.0,0.762143075466156,3980000.0,-0.016404826194047928,0.0013113897293806076,-1.0490417423625331e-08,0.033887289464473724,0.004745118319988251,2.0308167934417725,0.3254770040512085,0.015064805746078491,3.3155081272125244,24701.93359375,20.007055282592773,103.80386352539062,123.81092071533203,161.53663635253906,0.9112166166305542,0.3265741169452667,0.13482673466205597,0.02408721297979355,0.3583935499191284,1.0,0.19717048108577728,0.024079088121652603,-179.6410369873047,0.02408721297979355,0.0006634620949625969,0.05418204888701439,1.0974339246749878,0.0,3.0
18.327760696411133,23.700000762939453,1000.0,199.0,1.0949580669403076,0.00014931012992747128,40.0,1.0001734495162964,1.0001734495162964,1.0001734495162964,0.00012261923984624445,0.0,0.7604212760925293,4000000.0,-0.016197994351387024,0.00020683184266090393,6.628036341993493e-09,0.03149155154824257,-0.0023957379162311554,2.000396966934204,0.2869223356246948,-0.03855466842651367,3.0104498863220215,24825.974609375,20.009048461914062,103.99774169921875,124.00679016113281,161.281494140625,0.9531740546226501,0.315389484167099,0.16906370222568512,0.022013314068317413,0.33088335394859314,1.0,0.1962766945362091,0.021944625303149223,-27.495838165283203,0.022013314068317413,-0.0020539769902825356,0.06141909211874008,1.049126386642456,0.0,3.0
19.358152389526367,26.81999969482422,1000.0,200.0,1.094511866569519,0.00014540136908181012,40.0,0.9997506141662598,0.9997506141662598,0.9997506141662598,0.00017631432274356484,0.0,0.7589106559753418,4020000.0,-0.008752063848078251,0.007445930503308773,7.867813067718998e-09,0.030966324731707573,-0.000525226816534996,1.937349557876587,0.4002392590045929,0.11331692337989807,2.9729158878326416,24948.767578125,19.960649490356445,102.79916381835938,122.75981140136719,162.91976928710938,0.9576348662376404,0.3156141936779022,0.1852191835641861,0.02180870622396469,0.3247445821762085,1.0,0.2906407415866852,0.021629394963383675,-37.090904235839844,0.02180870622396469,0.0040005953051149845,0.08925674110651016,0.0,0.47336316108703613,0.0
19.274934768676758,30.239999771118164,1000.0,201.0,1.093800663948059,0.0001345639320788905,40.0,0.9993161559104919,0.9993161559104919,0.9993161559104919,0.000483564828755334,0.0,0.75729900598526,4040000.0,-0.011232164688408375,-0.002480100840330124,-6.38961772381208e-09,0.032395750284194946,0.0014294255524873734,1.9437044858932495,0.4137212634086609,0.013482004404067993,3.270996570587158,25072.208984375,20.11332893371582,103.29486083984375,123.40818786621094,162.0637969970703,0.9107206463813782,0.32828888297080994,0.13742560148239136,0.024113457649946213,0.34526267647743225,1.0,0.3072524666786194,0.024083776399493217,-216.86009216308594,0.024113457649946213,-0.0019384934566915035,0.1266026496887207,0.0,0.39746013283729553,0.0
19.04743194580078,31.719999313354492,1000.0,202.0,1.0904511213302612,0.00013922092330176383,40.0,1.0000205039978027,1.0000205039978027,1.0000205039978027,1.4498516065941658e-05,0.0,0.7542912364006042,4060000.0,-0.008960949257016182,0.002271215431392193,2.7656554824062596e-09,0.033392079174518585,0.000996328890323639,2.05621075630188,0.3639508783817291,-0.04977038502693176,3.452728509902954,25193.87890625,20.03000259399414,101.60525512695312,121.63525390625,164.42601013183594,0.9078815579414368,0.32879161834716797,0.17655180394649506,0.02426450327038765,0.3357554078102112,1.0,0.23733161389827728,0.024240713566541672,-549.0428466796875,0.02426450327038765,0.0013987721176818013,0.08224629610776901,0.0,0.49312472343444824,0.0
19.462156295776367,37.34000015258789,1000.0,203.0,1.0866165161132812,0.00014664165792055428,40.0,1.0004481077194214,1.0004481077194214,1.0004481077194214,0.00031683192355558276,0.0,0.7517170906066895,4080000.0,-0.012099805288016796,-0.003138856031000614,-3.814697446813398e-09,0.032675229012966156,-0.0007168501615524292,1.943695068359375,1.1202729940414429,0.7563221156597137,3.0881757736206055,25315.2265625,20.02086639404297,101.29537963867188,121.31624603271484,164.85838317871094,0.8884948492050171,0.31357696652412415,0.19964683055877686,0.02533494494855404,0.342144250869751,1.0,0.28155517578125,0.02527783252298832,-1231.123779296875,0.02533494494855404,-0.0026578051038086414,0.123686283826828,0.0,0.40211865305900574,0.0
18.893932342529297,34.79999923706055,1000.0,204.0,1.0921186208724976,0.00011329430708428845,40.0,0.9988126754760742,0.9988126754760742,0.9988126754760742,0.0008395652403123677,0.0,0.7569658756256104,4100000.0,-0.006176060065627098,0.005923745222389698,4.577636936176077e-09,0.03282232955098152,0.0001471005380153656,1.857672095298767,0.4383125305175781,-0.6819604635238647,3.1144754886627197,25436.1640625,20.432498931884766,100.47097778320312,120.90347290039062,165.4212188720703,0.9844846725463867,0.34803876280784607,0.16225269436836243,0.020635351538658142,0.32539764046669006,1.0,0.18302452564239502,0.02030119113624096,-1616.0528564453125,0.020635351538658142,0.004456283058971167,0.05942799523472786,0.0,0.5801221132278442,0.0
18.546688079833984,33.97999954223633,1000.0,205.0,1.0995206832885742,0.00010732555529102683,40.0,1.0009568929672241,1.0009568929672241,1.0009568929672241,0.0006766535807400942,0.0,0.7621625065803528,4120000.0,-0.006857325788587332,-0.0006812657229602337,-2.956390465769232e-09,0.035287171602249146,0.002464842051267624,1.9270243644714355,0.3432493209838867,-0.0950632095336914,3.1961517333984375,25559.23046875,20.76739501953125,102.26488494873047,123.03227996826172,162.5589599609375,0.942435085773468,0.3520830273628235,0.13376107811927795,0.022517850622534752,0.32784169912338257,1.0,0.15454570949077606,0.022455085068941116,-1561.602783203125,0.022517850622534752,0.001800323138013482,0.051638826727867126,0.0,0.6223386526107788,0.0
18.547956466674805,27.299999237060547,1000.0,206.0,1.1029890775680542,0.00012480313307605684,40.0,0.9999153017997742,0.9999153017997742,0.9999153017997742,5.993284867145121e-05,0.0,0.7632739543914795,4140000.0,-0.006803238298743963,5.408748984336853e-05,3.528594971768939e-09,0.0326535589993,-0.0026336126029491425,1.9555281400680542,0.3588573932647705,0.015608072280883789,3.519965648651123,25682.03125,21.062789916992188,101.70475006103516,122.76753997802734,162.90951538085938,0.857416570186615,0.33909866213798523,0.19348736107349396,0.027204833924770355,0.3513850271701813,1.0,0.18969585001468658,0.027001256123185158,-80.76223754882812,0.027204833924770355,0.0036511970683932304,0.06548464298248291,0.0,0.5526437163352966,0.0
19.036951065063477,23.68000030517578,1000.0,207.0,1.0981992483139038,0.0001692814112175256,40.0,0.9989731907844543,0.9989731907844543,0.9989731907844543,0.0007260778220370412,0.0,0.7584946751594543,4160000.0,-0.015381050296127796,-0.008577811997383833,-7.820129432900558e-09,0.03188594430685043,-0.0007676146924495697,2.0067901611328125,0.28500285744667053,-0.07385453581809998,3.1761250495910645,25805.44140625,21.85970687866211,101.51496124267578,123.37466430664062,162.1078338623047,0.8810490965843201,0.289695143699646,0.18328143656253815,0.025764968246221542,0.3288070857524872,1.0,0.1980554163455963,0.025199318304657936,-36.0411491394043,0.025764968246221542,0.00522790988907218,0.04831789433956146,1.1350104808807373,0.0,3.0
19.841224670410156,24.540000915527344,1000.0,208.0,1.0879276990890503,0.00015522385365329683,40.0,0.998943567276001,0.998943567276001,0.998943567276001,0.0007470107520930469,0.0,0.7513746619224548,4180000.0,-0.014898802153766155,0.00048224814236164093,1.907348723406699e-09,0.031269386410713196,-0.0006165578961372375,2.029172897338867,0.35204076766967773,0.0670379102230072,3.1575183868408203,25931.017578125,22.497591018676758,103.0443115234375,125.54190063476562,159.30935668945312,0.928004264831543,0.3106671869754791,0.14601510763168335,0.023223619908094406,0.3347691595554352,1.0,0.20989282429218292,0.023118343204259872,-2.879714012145996,0.023223619908094406,0.0027716848999261856,0.07297241687774658,1.0775812864303589,0.0,3.0
20.365659713745117,24.18000030517578,1000.0,209.0,1.0796388387680054,0.0001346231874777004,40.0,1.000306248664856,1.000306248664856,1.000306248664856,0.00021657861361745745,0.0,0.746608555316925,4200000.0,-0.016437117010354996,-0.0015383148565888405,3.9577483512687195e-09,0.03374723345041275,0.0024778470396995544,2.0907413959503174,0.3080517649650574,-0.04398900270462036,3.2415127754211426,26055.1015625,23.016721725463867,101.0330810546875,124.0498046875,161.22557067871094,0.9185342788696289,0.3271021246910095,0.12390411645174026,0.023704951629042625,0.3561131954193115,1.0,0.19257602095603943,0.02361561730504036,-13.083292007446289,0.023704951629042625,0.0021410819608718157,0.0513153001666069,1.088690996170044,0.0,3.0
19.796327590942383,23.860000610351562,1000.0,210.0,1.074004054069519,0.00015082400932442397,40.0,1.000205636024475,1.000205636024475,1.000205636024475,0.0001453785371268168,0.0,0.7424383163452148,4220000.0,-0.01497843861579895,0.0014586783945560455,-4.887581006585151e-09,0.02931917831301689,-0.004428055137395859,2.0048656463623047,0.296008437871933,-0.01204332709312439,2.881438970565796,26180.185546875,23.032453536987305,102.01806640625,125.05052185058594,159.93536376953125,0.9308043122291565,0.31204497814178467,0.15192078053951263,0.02308410406112671,0.33524221181869507,1.0,0.1922532320022583,0.022714834660291672,-20.720991134643555,0.02308410406112671,0.004810184706002474,0.06265845149755478,1.0743396282196045,0.0,3.0
20.976844787597656,26.639999389648438,1000.0,211.0,1.0751152038574219,0.00012151611008448526,40.0,0.9998698234558105,0.9998698234558105,0.9998698234558105,9.20206293812953e-05,0.0,0.7438127994537354,4240000.0,-0.00949163269251585,0.0054868059232831,1.8978118632162477e-08,0.029032200574874878,-0.00028697773814201355,2.1976964473724365,0.42565348744392395,0.12964504957199097,3.200817584991455,26305.333984375,22.555706024169922,102.55955505371094,125.11526489257812,159.85260009765625,1.003087043762207,0.33910807967185974,0.12366391718387604,0.019877079874277115,0.3255098760128021,1.0,0.18149717152118683,0.019735097885131836,-42.63340377807617,0.019877079874277115,-0.002992141991853714,0.0630570501089096,0.0,0.5631812214851379,0.0
21.340652465820312,31.139999389648438,1000.0,212.0,1.0721451044082642,0.0001501576480222866,40.0,1.0014983415603638,1.0014983415603638,1.0014983415603638,0.0010595156345516443,0.0,0.7435769438743591,4260000.0,-0.008942161686718464,0.0005494710057973862,-1.7404556684752492e-09,0.029666775837540627,0.0006345752626657486,2.1589863300323486,0.4563107490539551,0.030657261610031128,3.363166332244873,26429.40625,21.570127487182617,102.46851348876953,124.03864288330078,161.24008178710938,0.8848046660423279,0.3140776455402374,0.17170202732086182,0.025546712800860405,0.35735586285591125,1.0,0.23269186913967133,0.025545237585902214,-555.6488647460938,0.025546712800860405,-0.0003163549117743969,0.067845419049263,0.0,0.5429435968399048,0.0
21.923494338989258,36.380001068115234,1000.0,213.0,1.0675327777862549,0.00013341792509891093,40.0,0.9999062418937683,0.9999062418937683,0.9999062418937683,6.628294795518741e-05,0.0,0.7402922511100769,4280000.0,-0.0086145531386137,0.00032760854810476303,-2.1934509764065524e-09,0.024646490812301636,-0.005020285025238991,2.149374485015869,0.44557860493659973,-0.010732144117355347,3.3079867362976074,26552.197265625,20.798908233642578,101.95698547363281,122.75589752197266,162.92495727539062,1.0169003009796143,0.3337991535663605,0.11443124711513519,0.019340738654136658,0.32370343804359436,1.0,0.21200521290302277,0.019331226125359535,-1659.32177734375,0.019340738654136658,-0.0008616417180746794,0.07804565131664276,0.0,0.5062215328216553,0.0
22.251449584960938,36.34000015258789,1000.0,214.0,1.062231421470642,0.0001398719905409962,40.0,1.0007470846176147,1.0007470846176147,1.0007470846176147,0.0005282404599711299,0.0,0.7384331226348877,4300000.0,-0.009241554886102676,-0.0006270017474889755,-7.629394893626795e-09,0.026594044640660286,0.0019475538283586502,2.2278687953948975,0.41771888732910156,-0.02785971760749817,3.4238500595092773,26674.181640625,20.4278621673584,101.52442169189453,121.95228576660156,163.99856567382812,0.9041727781295776,0.32791662216186523,0.16001065075397491,0.024463970214128494,0.3523285388946533,1.0,0.21060174703598022,0.024420203641057014,-1983.1365966796875,0.024463970214128494,-0.0016846293583512306,0.06484388560056686,0.0,0.5553674697875977,0.0
21.873489379882812,33.13999938964844,1000.0,215.0,1.057285189628601,0.00013885264343116432,40.0,1.0007529258728027,1.0007529258728027,1.0007529258728027,0.0005323989898897707,0.0,0.7347661852836609,4320000.0,-0.0090330233797431,0.00020853150635957718,-9.53674295089968e-09,0.02649683877825737,-9.720586240291595e-05,2.203514575958252,0.3891870975494385,-0.028531789779663086,3.1854543685913086,26799.25390625,20.257017135620117,104.7822494506836,125.03926849365234,159.9497528076172,0.8670183420181274,0.3297821879386902,0.1509205847978592,0.02660561352968216,0.356321781873703,1.0,0.22123533487319946,0.02649541012942791,-761.3241577148438,0.02660561352968216,0.003096921369433403,0.08702974021434784,0.0,0.47938135266304016,0.0
22.248369216918945,31.780000686645508,1000.0,216.0,1.0513222217559814,0.00013613674673251808,40.0,0.999520480632782,0.999520480632782,0.999520480632782,0.000339057354722172,0.0,0.7296018600463867,4340000.0,-0.00790227297693491,0.0011307504028081894,4.720687840631399e-09,0.027505839243531227,0.0010090004652738571,2.2426860332489014,0.37936854362487793,-0.009818553924560547,3.3011317253112793,26921.841796875,20.251739501953125,102.30307006835938,122.5548095703125,163.19229125976562,0.9194628596305847,0.3304262161254883,0.1267271339893341,0.023657096549868584,0.35300225019454956,1.0,0.22290772199630737,0.023325130343437195,-505.65020751953125,0.023657096549868584,0.005493421573191881,0.09090590476989746,0.0,0.4690497815608978,0.0
21.483606338500977,30.81999969482422,1000.0,217.0,1.044506311416626,0.00012799946125596762,40.0,0.9995579719543457,0.9995579719543457,0.9995579719543457,0.00031258913804776967,0.0,0.7243500351905823,4360000.0,-0.008671499788761139,-0.0007692268118262291,6.532669072356612e-09,0.026422487571835518,-0.0010833516716957092,2.1489734649658203,0.4370848834514618,0.05771633982658386,3.46934175491333,27045.728515625,20.63155174255371,103.22163391113281,123.85317993164062,161.4815216064453,0.9051249623298645,0.33311110734939575,0.1658981740474701,0.024412527680397034,0.33570510149002075,1.0,0.2638322412967682,0.02432616800069809,-354.72967529296875,0.024412527680397034,0.002871569013223052,0.09548252075910568,0.0,0.4576706290245056,0.0
21.62665367126465,29.760000228881836,1000.0,218.0,1.0464993715286255,0.00013105029938742518,40.0,1.0006446838378906,1.0006446838378906,1.0006446838378906,0.000455916509963572,0.0,0.7253572940826416,4380000.0,-0.006023118272423744,0.0026483815163373947,1.0108947456899386e-08,0.027945751324295998,0.0015232637524604797,2.2230405807495117,0.35206541419029236,-0.08501946926116943,3.389953851699829,27168.486328125,20.282386779785156,102.44287109375,122.72526550292969,162.96563720703125,0.9666298031806946,0.3324613869190216,0.11701251566410065,0.02140471339225769,0.34245896339416504,1.0,0.19500137865543365,0.020892811939120293,-399.3786926269531,0.02140471339225769,0.005388855002820492,0.0567292794585228,0.0,0.5937605500221252,0.0
22.071815490722656,28.299999237060547,1000.0,219.0,1.0458641052246094,0.00012909424549434334,40.0,0.9995112419128418,0.9995112419128418,0.9995112419128418,0.00034563225926831365,0.0,0.7254998683929443,4400000.0,-0.008182946592569351,-0.002159828320145607,6.818771325356465e-09,0.029903965070843697,0.001958213746547699,2.2632734775543213,0.3881138563156128,0.036048442125320435,3.391737461090088,27293.541015625,20.715097427368164,104.3051986694336,125.02029418945312,159.97402954101562,0.9980267286300659,0.3321976959705353,0.10928468406200409,0.020079154521226883,0.3415064215660095,1.0,0.21421858668327332,0.02002670429646969,-138.79884338378906,0.020079154521226883,0.00202842871658504,0.07844751328229904,0.0,0.5049232840538025,0.0
21.37397003173828,25.68000030517578,1000.0,220.0,1.0472279787063599,0.00013535104517359287,40.0,0.9988012313842773,0.9988012313842773,0.9988012313842773,0.000847685500048101,0.0,0.727077066898346,4420000.0,-0.00840005837380886,-0.00021711178123950958,-4.959106458812812e-09,0.026815693825483322,-0.0030882712453603745,2.120084047317505,0.3528178632259369,-0.0352959930896759,3.0448596477508545,27420.41796875,20.96002960205078,105.88133239746094,126.84136199951172,157.67727661132812,0.8826195597648621,0.3278457224369049,0.16164974868297577,0.025673359632492065,0.34910258650779724,1.0,0.28355148434638977,0.025592483580112457,-5.278968811035156,0.025673359632492065,0.002656572265550494,0.08726233243942261,0.0,0.4787420630455017,0.0
20.605009078979492,27.979999542236328,1000.0,221.0,1.0476527214050293,0.0001320869050687179,40.0,1.000200629234314,1.000200629234314,1.000200629234314,0.00014178204583004117,0.0,0.7274866104125977,4440000.0,-0.006096585188060999,0.002303473185747862,4.0292738034963804e-09,0.030656279996037483,0.003840586170554161,2.1421704292297363,0.40601685643196106,0.05319899320602417,3.3521437644958496,27543.9765625,20.337921142578125,103.18682098388672,123.52474212646484,161.91087341308594,0.9337812066078186,0.3312121033668518,0.16391867399215698,0.02293715626001358,0.34124571084976196,1.0,0.20706960558891296,0.022498534992337227,-145.06021118164062,0.02293715626001358,0.005181520711630583,0.06121024116873741,0.0,0.5716140270233154,0.0
20.131994247436523,25.299999237060547,1000.0,222.0,1.0486154556274414,0.00013045511150266975,40.0,1.0010946989059448,1.0010946989059448,1.0010946989059448,0.0007740409346297383,0.0,0.7266483306884766,4460000.0,-0.007785435300320387,-0.001688850112259388,2.2888184680880386e-09,0.02962867170572281,-0.0010276082903146744,2.2141709327697754,0.3292425870895386,-0.07677426934242249,3.543783187866211,27668.818359375,20.475088119506836,104.33293151855469,124.80901336669922,160.24484252929688,0.9102599024772644,0.33001822233200073,0.12820236384868622,0.024137871339917183,0.3617555797100067,1.0,0.20578457415103912,0.02413022518157959,-1.5723415613174438,0.024137871339917183,0.0006574124563485384,0.056520238518714905,0.0,0.5948575139045715,0.0
20.547285079956055,29.860000610351562,1000.0,223.0,1.0439189672470093,0.00012198228796478361,40.0,1.000065803527832,1.000065803527832,1.000065803527832,4.653012001654133e-05,0.0,0.7222042679786682,4480000.0,-0.006907290313392878,0.0008781449869275093,9.536743617033494e-10,0.030076991766691208,0.00044832006096839905,2.1647896766662598,0.3652619421482086,0.036019355058670044,3.273473024368286,27791.73828125,20.24618148803711,102.64189910888672,122.88807678222656,162.7497100830078,0.8674210906028748,0.34312713146209717,0.13218091428279877,0.02658091112971306,0.3764065206050873,1.0,0.27910172939300537,0.026402579620480537,-374.3956298828125,0.02658091112971306,0.0033540730364620686,0.06308391690254211,0.0,0.5630612373352051,0.0
21.382211685180664,24.18000030517578,1000.0,224.0,1.0435905456542969,0.00013331424270290881,40.0,1.0009431838989258,1.0009431838989258,1.0009431838989258,0.0006668755668215454,0.0,0.7215754389762878,4500000.0,-0.017182452604174614,-0.010275162290781736,-3.2424927187690855e-09,0.029819609597325325,-0.0002573821693658829,2.2397985458374023,0.31660494208335876,-0.048657000064849854,3.259359359741211,27914.88671875,20.171571731567383,102.94335174560547,123.11492156982422,162.44984436035156,0.9039732217788696,0.32687556743621826,0.13450053334236145,0.024474775418639183,0.36159878969192505,1.0,0.17211008071899414,0.02447216771543026,-13.58491325378418,0.024474775418639183,-0.00035900509101338685,0.04942327365279198,1.1062275171279907,0.0,3.0
20.50641632080078,25.81999969482422,1000.0,225.0,1.0430299043655396,0.00013400982425082475,40.0,0.9997518658638,0.9997518658638,0.9997518658638,0.00017544327420182526,0.0,0.7205710411071777,4520000.0,-0.010940399020910263,0.006242053583264351,1.8119812317252126e-09,0.028270136564970016,-0.0015494730323553085,2.1077663898468018,0.32326358556747437,0.006658643484115601,3.054990530014038,28037.2265625,20.11261558532715,102.19208526611328,122.30469512939453,163.52601623535156,0.7723678946495056,0.3282657861709595,0.2120431363582611,0.0335259735584259,0.3860624134540558,1.0,0.23506402969360352,0.03340296819806099,-7.862037658691406,0.0335259735584259,-0.0032393294386565685,0.08530782163143158,0.0,0.4841952621936798,0.0
21.016376495361328,23.219999313354492,1000.0,226.0,1.0361263751983643,0.0001359282759949565,40.0,0.9986490607261658,0.9986490607261658,0.9986490607261658,0.0009552724077366292,0.0,0.7168951034545898,4540000.0,-0.014277929440140724,-0.003337530419230461,-9.441375681262798e-09,0.02903560921549797,0.0007654726505279541,2.2750983238220215,0.353547602891922,0.030284017324447632,3.111156940460205,28160.5390625,21.130699157714844,102.14678955078125,123.2774887084961,162.23562622070312,0.9524523019790649,0.32916468381881714,0.12224132567644119,0.022046687081456184,0.3455969989299774,1.0,0.1616353690624237,0.021677497774362564,-56.30023193359375,0.022046687081456184,0.0045573534443974495,0.05625690147280693,1.0499213933944702,0.0,3.0
21.450157165527344,27.639999389648438,1000.0,227.0,1.0368753671646118,0.00011764843657147139,40.0,1.00039803981781,1.00039803981781,1.00039803981781,0.00028142856899648905,0.0,0.7173669934272766,4560000.0,-0.00772173423320055,0.006556195206940174,1.0967254882032762e-09,0.027645055204629898,-0.0013905540108680725,2.2747480869293213,0.3701232075691223,0.016575604677200317,3.1705574989318848,28284.611328125,21.958091735839844,102.07826232910156,124.03636169433594,161.2430419921875,0.8886914849281311,0.3418475389480591,0.1265932321548462,0.025323737412691116,0.37147361040115356,1.0,0.2014877051115036,0.02529173530638218,-114.73204040527344,0.025323737412691116,0.0013941775541752577,0.060736142098903656,0.0,0.5738407373428345,0.0
22.682838439941406,29.920000076293945,1000.0,228.0,1.042500615119934,0.0001223116705659777,40.0,0.9985344409942627,0.9985344409942627,0.9985344409942627,0.0010363066103309393,0.0,0.721308708190918,4580000.0,-0.009737321175634861,-0.002015586942434311,6.484985437538171e-09,0.028468459844589233,0.0008234046399593353,2.2815585136413574,0.3723997175693512,0.002276510000228882,3.1960015296936035,28408.8125,21.949539184570312,102.21894073486328,124.1684799194336,161.07147216796875,0.8913800716400146,0.3399825990200043,0.1659778505563736,0.025171205401420593,0.3484427332878113,1.0,0.20702391862869263,0.025166386738419533,-321.2305603027344,0.025171205401420593,-0.0006025274633429945,0.07535052299499512,0.0,0.5151952505111694,0.0
22.9614200592041,31.84000015258789,1000.0,229.0,1.046603798866272,0.00012738941586576402,40.0,1.0008301734924316,1.0008301734924316,1.0008301734924316,0.0005870212917216122,0.0,0.7246902585029602,4600000.0,-0.007829474285244942,0.0019078468903899193,-1.1825561863076928e-08,0.02938169613480568,0.0009132362902164459,2.2786731719970703,0.4077449142932892,0.03534519672393799,3.3065452575683594,28532.755859375,21.609281539916992,102.29936218261719,123.90864562988281,161.40924072265625,0.9269135594367981,0.3368431329727173,0.11912299692630768,0.023278305307030678,0.3493688404560089,1.0,0.19126194715499878,0.02317408099770546,-618.7194213867188,0.023278305307030678,0.002807274693623185,0.07561437785625458,0.0,0.5142955780029297,0.0
22.52835464477539,33.79999923706055,1000.0,230.0,1.042148470878601,0.00013687940372619778,40.0,1.0005773305892944,1.0005773305892944,1.0005773305892944,0.000408206251449883,0.0,0.7213312983512878,4620000.0,-0.007709728088229895,0.00011974619701504707,1.0538101058443772e-08,0.026947908103466034,-0.0024337880313396454,2.2644481658935547,0.38437730073928833,-0.023367613554000854,3.2632651329040527,28655.443359375,20.699214935302734,101.95415496826172,122.65337371826172,163.0611572265625,0.9446913599967957,0.3290453255176544,0.1320170909166336,0.02241041511297226,0.3403187394142151,1.0,0.1957716941833496,0.022410200908780098,-1398.1514892578125,0.02241041511297226,0.00010886718519032001,0.055386606603860855,0.0,0.6009143590927124,0.0
21.96188735961914,32.34000015258789,1000.0,231.0,1.0395607948303223,0.0001364616909995675,40.0,1.0000718832015991,1.0000718832015991,1.0000718832015991,5.085721204522997e-05,0.0,0.7188928127288818,4640000.0,-0.008852857165038586,-0.001143129076808691,3.600120646041205e-09,0.02920203097164631,0.002254122868180275,2.2013750076293945,0.39515167474746704,0.010774374008178711,3.3194124698638916,28778.58203125,20.248416900634766,102.8562240600586,123.1046371459961,162.46340942382812,0.9881824254989624,0.3209612965583801,0.14196276664733887,0.020481204614043236,0.3364246189594269,1.0,0.24298842251300812,0.020476501435041428,-756.6151733398438,0.020481204614043236,0.0005786650581285357,0.07120419293642044,0.0,0.5299832820892334,0.0
21.810243606567383,27.719999313354492,1000.0,232.0,1.037535309791565,0.00012513258843682706,40.0,1.0003509521484375,1.0003509521484375,1.0003509521484375,0.0002482168492861092,0.0,0.716595470905304,4660000.0,-0.007041410077363253,0.001811447087675333,9.012222079718413e-09,0.03332427889108658,0.0041222479194402695,2.255617141723633,0.3179263770580292,-0.07722529768943787,3.282369613647461,28901.728515625,20.053863525390625,103.0582275390625,123.11209106445312,162.45358276367188,0.9360969662666321,0.3412422239780426,0.11218517273664474,0.022823810577392578,0.35171136260032654,1.0,0.1809694916009903,0.02281780354678631,-164.63148498535156,0.022823810577392578,0.0005195566918700933,0.044933661818504333,0.0,0.6671584844589233,0.0
20.733043670654297,33.08000183105469,1000.0,233.0,1.0462065935134888,0.00011807627743110061,40.0,1.0004138946533203,1.0004138946533203,1.0004138946533203,0.00029272394021973014,0.0,0.7226454615592957,4680000.0,-0.009615433402359486,-0.002574023324996233,-1.4686584393075464e-08,0.026630770415067673,-0.006693508476018906,2.122385263442993,0.6203363537788391,0.30240997672080994,3.2130649089813232,29024.119140625,20.03578758239746,102.31954193115234,122.35533142089844,163.45834350585938,0.9363881945610046,0.3374139070510864,0.16286519169807434,0.02280961349606514,0.3337828516960144,1.0,0.3049515187740326,0.022778386250138283,-594.2506713867188,0.02280961349606514,0.0018522029276937246,0.10985974967479706,0.0,0.4266735017299652,0.0
20.405174255371094,31.8799991607666,1000.0,234.0,1.0504016876220703,0.00013014463183935732,40.0,1.000353217124939,1.000353217124939,1.000353217124939,0.00024979031877592206,0.0,0.7254509925842285,4700000.0,-0.009823215194046497,-0.00020778179168701172,1.1444092340440193e-09,0.03317440301179886,0.006543632596731186,2.086155414581299,0.3823345899581909,-0.2380017638206482,2.941004514694214,29146.28515625,20.240468978881836,101.89168548583984,122.13215637207031,163.7570343017578,0.9481760263442993,0.33754804730415344,0.11679892241954803,0.022245997563004494,0.3456859290599823,1.0,0.19887590408325195,0.022118303924798965,-692.3258056640625,0.022245997563004494,-0.002954694442451,0.06836812198162079,0.0,0.540864109992981,0.0
19.63121795654297,32.060001373291016,1000.0,235.0,1.0565179586410522,0.00013639182725455612,40.0,0.9998206496238708,0.9998206496238708,0.9998206496238708,0.00012683391105383635,0.0,0.7299898266792297,4720000.0,-0.008093005046248436,0.0017302101477980614,4.482269222449986e-09,0.036863602697849274,0.003689199686050415,2.1097633838653564,0.3273632526397705,-0.05497133731842041,3.2607905864715576,29268.41015625,20.756572723388672,101.33525085449219,122.0918197631836,163.81114196777344,0.8944190144538879,0.324573814868927,0.16363680362701416,0.025000445544719696,0.34525948762893677,1.0,0.19327913224697113,0.02499973401427269,-848.8040161132812,0.025000445544719696,0.0002044307766482234,0.05872077867388725,0.0,0.5836050510406494,0.0
20.093358993530273,27.200000762939453,1000.0,236.0,1.0667074918746948,0.00012424736632965505,40.0,1.0007463693618774,1.0007463693618774,1.0007463693618774,0.0005277347518131137,0.0,0.7367482781410217,4740000.0,-0.008924514055252075,-0.0008315090090036392,4.959106458812812e-09,0.03582919016480446,-0.001034412533044815,2.144185781478882,0.3835948705673218,0.05623161792755127,3.155595302581787,29392.13671875,20.834598541259766,102.85809326171875,123.69369506835938,161.68972778320312,1.0130085945129395,0.336422324180603,0.12404971569776535,0.019489625468850136,0.33412694931030273,1.0,0.21465469896793365,0.019480733200907707,-62.222537994384766,0.019489625468850136,0.0008315023733302951,0.07776036858558655,0.0,0.5071492791175842,0.0
19.944307327270508,24.18000030517578,1000.0,237.0,1.0639938116073608,0.00016486931417603046,40.0,0.9996832013130188,0.9996832013130188,0.9996832013130188,0.00022399643785320222,0.0,0.7339412569999695,4760000.0,-0.01665467396378517,-0.007730159908533096,7.629394338515283e-10,0.03089762106537819,-0.0049315690994262695,2.058506488800049,0.31983253359794617,-0.06376233696937561,3.184965133666992,29514.9375,20.709489822387695,102.05779266357422,122.76728057861328,162.90985107421875,0.8334535360336304,0.29433363676071167,0.23032253980636597,0.028791680932044983,0.3531494736671448,1.0,0.23947033286094666,0.028715748339891434,-9.078554153442383,0.028791680932044983,0.0023688836954534054,0.07390178740024567,1.199826955795288,0.0,3.0
20.017030715942383,27.6200008392334,1000.0,238.0,1.0562281608581543,0.00013667480379808694,40.0,0.9999446868896484,0.9999446868896484,0.9999446868896484,3.908419603249058e-05,0.0,0.7274830937385559,4780000.0,-0.010429201647639275,0.006225472316145897,-8.392333938900265e-09,0.03637317195534706,0.005475550889968872,2.0709714889526367,0.4132964611053467,0.09346392750740051,3.099024772644043,29639.046875,20.310897827148438,103.76509857177734,124.07599639892578,161.1915283203125,0.9353033304214478,0.3269343674182892,0.1666516363620758,0.02286255918443203,0.3274874985218048,1.0,0.291528582572937,0.022856686264276505,-66.97611999511719,0.02286255918443203,-0.0007756617851555347,0.10245972871780396,0.0,0.4418128728866577,0.0
20.036928176879883,26.479999542236328,1000.0,239.0,1.059112787246704,0.00012580829206854105,40.0,0.9994108080863953,0.9994108080863953,0.9994108080863953,0.0004166356229688972,0.0,0.7288138270378113,4800000.0,-0.010759708471596241,-0.0003305068239569664,1.3399124476620727e-08,0.03876722604036331,0.0023940540850162506,2.1046018600463867,0.41658562421798706,0.003289163112640381,3.145045280456543,29761.4921875,20.170089721679688,102.24163818359375,122.41226196289062,163.38232421875,0.8629764914512634,0.33587414026260376,0.16815827786922455,0.02685541845858097,0.3578011095523834,1.0,0.2433163970708847,0.02684354968369007,-22.207752227783203,0.02685541845858097,-0.001081500668078661,0.09854341298341751,0.0,0.45050662755966187,0.0
20.21772003173828,35.220001220703125,1000.0,240.0,1.066184163093567,0.00011697419540723786,40.0,1.000275731086731,1.000275731086731,1.000275731086731,0.00019499943300615996,0.0,0.733085572719574,4820000.0,-0.010959303006529808,-0.00019959453493356705,2.9087066089061864e-09,0.03800923749804497,-0.0007579885423183441,2.0940706729888916,0.4621504843235016,0.045564860105514526,3.608814001083374,29883.6484375,20.268329620361328,101.85446166992188,122.12278747558594,163.76959228515625,0.854312539100647,0.34352365136146545,0.15206854045391083,0.027402883395552635,0.36491820216178894,1.0,0.24064931273460388,0.027397027239203453,-1150.712158203125,0.027402883395552635,-0.0007290232460945845,0.09076692163944244,0.0,0.46940872073173523,0.0
19.800844192504883,39.099998474121094,1000.0,241.0,1.0696969032287598,0.00011948635801672935,40.0,0.9988778233528137,0.9988778233528137,0.9988778233528137,0.0007934565655887127,0.0,0.7344505190849304,4840000.0,-0.008738701231777668,0.00222060177475214,2.241134611224993e-09,0.03326771780848503,-0.0047415196895599365,2.062781810760498,0.45623070001602173,-0.005919784307479858,4.136032581329346,30007.54296875,21.3847599029541,102.47596740722656,123.86072540283203,161.4716796875,0.9105940461158752,0.34588587284088135,0.16765353083610535,0.024120159447193146,0.33484914898872375,1.0,0.22688965499401093,0.023817451670765877,-1956.338134765625,0.024120159447193146,0.005546342581510544,0.10162246227264404,0.0,0.4436292052268982,0.0
19.879682540893555,36.84000015258789,1000.0,242.0,1.0644383430480957,0.00012965868518222123,40.0,0.9999599456787109,0.9999599456787109,0.9999599456787109,2.8322681828285567e-05,0.0,0.72980135679245,4860000.0,-0.008694656193256378,4.4045038521289825e-05,7.629394338515283e-10,0.030532678589224815,-0.0027350392192602158,2.082852602005005,0.35951682925224304,-0.09671387076377869,3.936933994293213,30131.22265625,21.93145751953125,101.71288299560547,123.64434051513672,161.7542724609375,0.9329343438148499,0.33888670802116394,0.1383449137210846,0.02297881618142128,0.34490200877189636,1.0,0.18474675714969635,0.022961048409342766,-2014.2799072265625,0.02297881618142128,0.001112003461457789,0.06959519535303116,0.0,0.5360747575759888,0.0
20.037189483642578,35.02000045776367,1000.0,243.0,1.0689663887023926,0.00012843946751672775,40.0,1.000684142112732,1.000684142112732,1.000684142112732,0.0004836772568523884,0.0,0.732692539691925,4880000.0,-0.0086530651897192,4.159100353717804e-05,3.528594971768939e-09,0.030573014169931412,4.0335580706596375e-05,2.0820274353027344,0.39416253566741943,0.03464570641517639,3.627049207687378,30255.783203125,22.982818603515625,101.54381561279297,124.5266342163086,160.60821533203125,0.8855822086334229,0.33015206456184387,0.1375354379415512,0.02550186961889267,0.3540082275867462,1.0,0.23823294043540955,0.02547268010675907,-1334.07275390625,0.02550186961889267,0.0014821534277871251,0.07525743544101715,0.0,0.5155137777328491,0.0
20.45831298828125,29.020000457763672,1000.0,244.0,1.0767971277236938,0.00012141345359850675,40.0,0.9997138381004333,0.9997138381004333,0.9997138381004333,0.00020236105774529278,0.0,0.7387585639953613,4900000.0,-0.0067442599684000015,0.0019088052213191986,-6.1988831845383174e-09,0.03866925835609436,0.008096244186162949,2.078383207321167,0.3784874677658081,-0.015675067901611328,3.5446054935455322,30379.80859375,22.914199829101562,101.07777404785156,123.99197387695312,161.30076599121094,0.8766288161277771,0.34347525238990784,0.15361857414245605,0.026025455445051193,0.3597223460674286,1.0,0.18330849707126617,0.025705611333251,-248.96774291992188,0.026025455445051193,0.004556231200695038,0.06490440666675568,0.0,0.5551084876060486,0.0
20.198444366455078,30.559999465942383,1000.0,245.0,1.0764745473861694,0.00012491678353399038,40.0,0.9985080361366272,0.9985080361366272,0.9985080361366272,0.0010549636790528893,0.0,0.7390763163566589,4920000.0,-0.009751678444445133,-0.0030074184760451317,4.553794674677647e-09,0.030789567157626152,-0.007879691198468208,1.992329716682434,0.35403069853782654,-0.024456769227981567,3.336810827255249,30504.513671875,21.924577713012695,102.74812316894531,124.67269897460938,160.4200439453125,0.9270020723342896,0.3391669988632202,0.13123610615730286,0.023273861035704613,0.34217894077301025,1.0,0.23456619679927826,0.02305191569030285,-432.93341064453125,0.023273861035704613,-0.003980864305049181,0.07140165567398071,0.0,0.5292499661445618,0.0
19.7658634185791,27.719999313354492,1000.0,246.0,1.0840245485305786,0.00012693395547103137,40.0,0.9989550709724426,0.9989550709724426,0.9989550709724426,0.0007388342637568712,0.0,0.7443005442619324,4940000.0,-0.0071507110260427,0.0026009674184024334,-2.0980834847250662e-09,0.034813106060028076,0.004023538902401924,1.9259274005889893,0.2880835235118866,-0.06594717502593994,2.953000783920288,30628.580078125,21.7344970703125,102.29705810546875,124.03155517578125,161.24928283691406,0.8717344403266907,0.3304045498371124,0.19738365709781647,0.026318516582250595,0.34197258949279785,1.0,0.1703430861234665,0.026317903771996498,-169.83583068847656,0.026318516582250595,0.00016345316544175148,0.043556906282901764,0.0,0.6776202917098999,0.0
18.732088088989258,28.920000076293945,1000.0,247.0,1.0958694219589233,0.00012531130050774664,40.0,0.9990236163139343,0.9990236163139343,0.9990236163139343,0.0006904496694914997,0.0,0.7547075152397156,4960000.0,-0.009400129318237305,-0.002249418292194605,6.38961772381208e-09,0.03203687444329262,-0.0027762316167354584,1.986271858215332,0.3780202567577362,0.08993673324584961,3.2626094818115234,30752.1171875,20.150300979614258,103.35408782958984,123.50439453125,161.93756103515625,0.8691214323043823,0.3332594931125641,0.16674721240997314,0.026477009057998657,0.3582553267478943,1.0,0.20232480764389038,0.02642842009663582,-195.62899780273438,0.026477009057998657,-0.00195350032299757,0.07854064553976059,0.0,0.5046238303184509,0.0
18.67571449279785,29.6200008392334,1000.0,248.0,1.099660038948059,0.00012534865527413785,40.0,1.0003385543823242,1.0003385543823242,1.0003385543823242,0.0002394503098912537,0.0,0.7587733268737793,4980000.0,-0.008563586510717869,0.0008365428075194359,2.9325484263154067e-09,0.03731813654303551,0.005281262099742889,1.9363824129104614,0.3640297055244446,-0.013990551233291626,3.274928569793701,30874.83203125,20.150440216064453,102.53077697753906,122.68122100830078,163.02413940429688,0.8926658630371094,0.339504212141037,0.16842171549797058,0.02509874477982521,0.3548848628997803,1.0,0.21027329564094543,0.025097912177443504,-310.5523681640625,0.02509874477982521,-0.0002391650341451168,0.06872603297233582,0.0,0.5394538640975952,0.0
18.824329376220703,29.5,1000.0,249.0,1.0980159044265747,0.000127445426187478,40.0,0.9996235966682434,0.9996235966682434,0.9996235966682434,0.0002661432954482734,0.0,0.7576005458831787,5000000.0,-0.01087910495698452,-0.002315518446266651,-3.9577483512687195e-09,0.03509043902158737,-0.0022276975214481354,2.002506971359253,0.37684696912765503,0.01281726360321045,3.435393810272217,30999.65625,20.903121948242188,103.88742065429688,124.79054260253906,160.2685546875,0.8048571944236755,0.33889660239219666,0.16014662384986877,0.030873948708176613,0.3953237533569336,1.0,0.19719253480434418,0.030657274648547173,-252.2617645263672,0.030873948708176613,-0.004170354455709457,0.08026738464832306,0.0,0.49916648864746094,0.0
