Metrics/EpRet,Metrics/EpCost,Metrics/EpLen,Train/Epoch,Train/Entropy,Train/KL,Train/StopIter,Train/PolicyRatio,Train/PolicyRatio/Min,Train/PolicyRatio/Max,Train/PolicyRatio/Std,Train/LR,Train/PolicyStd,TotalEnvSteps,Loss/Loss_pi,Loss/Loss_pi/Delta,Value/Adv,Loss/Loss_reward_critic,Loss/Loss_reward_critic/Delta,Value/reward,Loss/Loss_cost_critic,Loss/Loss_cost_critic/Delta,Value/cost,Time/Total,Time/Rollout,Time/Update,Time/Epoch,Time/FPS,Metrics/LagrangeMultiplier,Metrics/LagrangeMultiplier/Min,Metrics/LagrangeMultiplier/Max,Metrics/LagrangeMultiplier/Std
-1.34096097946167,33.375,1000.0,0.0,1.4190993309020996,0.016680791974067688,40.0,0.9994882345199585,0.9994882345199585,0.9994882345199585,0.01824216917157173,0.00029880000511184335,1.0001808404922485,20000.0,-0.01710386760532856,-0.01710386760532856,0.060658324509859085,0.004247595556080341,0.004247595556080341,-0.09566637873649597,0.7928052544593811,0.7928052544593811,-0.0178652536123991,175.9067840576172,21.82994842529297,154.07583618164062,175.9067840576172,113.69658660888672,0.035999998450279236,0.035999998450279236,0.035999998450279236,0.0
-1.061808705329895,23.4375,1000.0,1.0,1.4023003578186035,0.022583184763789177,18.0,0.9993796348571777,0.9993796348571777,0.9993796348571777,0.02230680175125599,0.0002975999959744513,0.983509361743927,40000.0,-0.021988388150930405,-0.004884520545601845,0.013202965259552002,0.0029226024635136127,-0.0013249930925667286,-0.08726628124713898,0.5438636541366577,-0.2489416003227234,0.9105319380760193,268.70111083984375,21.629606246948242,71.12779998779297,92.75740814208984,215.6162109375,0.05427486076951027,0.05427486076951027,0.05427486076951027,0.0
-0.6365413069725037,36.6875,1000.0,2.0,1.380348801612854,0.02335698902606964,16.0,0.9995739459991455,0.9995739459991455,0.9995739459991455,0.02077420800924301,0.00029639998683705926,0.9621735215187073,60000.0,-0.017443230375647545,0.00454515777528286,0.03223739191889763,0.00425882451236248,0.0013362220488488674,-0.06932125240564346,1.9865028858184814,1.4426392316818237,1.1371549367904663,354.3081970214844,22.718013763427734,62.86186599731445,85.57987976074219,233.69979858398438,0.08066470921039581,0.08066470921039581,0.08066470921039581,0.0
0.7461038827896118,69.22000122070312,1000.0,3.0,1.3539955615997314,0.02092968486249447,14.0,1.000059723854065,1.000059723854065,1.000059723854065,0.020396176725625992,0.00029520000680349767,0.9371426701545715,80000.0,-0.018193263560533524,-0.0007500331848859787,0.10782340914011002,0.007790542207658291,0.0035317176952958107,-0.015304737724363804,3.023174524307251,1.0366716384887695,2.066361665725708,432.7815856933594,21.79148292541504,56.65488815307617,78.44637298583984,254.9512481689453,0.10671288520097733,0.10671288520097733,0.10671288520097733,0.0
2.4701452255249023,91.5999984741211,1000.0,4.0,1.3283787965774536,0.020357906818389893,11.0,0.9993224143981934,0.9993224143981934,0.9993224143981934,0.019892724230885506,0.00029399999766610563,0.9134451150894165,100000.0,-0.016246315091848373,0.0019469484686851501,0.28838175535202026,0.008873837068676949,0.0010832948610186577,0.07132375985383987,2.470090866088867,-0.5530836582183838,3.275447368621826,498.27215576171875,22.228853225708008,43.23521041870117,65.46406555175781,305.5111389160156,0.1349707394838333,0.1349707394838333,0.1349707394838333,0.0
4.014634132385254,76.55999755859375,1000.0,5.0,1.2943611145019531,0.021741259843111038,15.0,0.9996002316474915,0.9996002316474915,0.9996002316474915,0.02069464698433876,0.0002927999885287136,0.8829109072685242,120000.0,-0.019123373553156853,-0.0028770584613084793,-0.22992277145385742,0.010184390470385551,0.001310553401708603,0.09581713378429413,1.0244308710098267,-1.4456599950790405,3.711665153503418,580.2011108398438,22.804779052734375,59.09879684448242,81.90357971191406,244.1895751953125,0.1653265804052353,0.1653265804052353,0.1653265804052353,0.0
5.383456230163574,53.540000915527344,1000.0,6.0,1.2673354148864746,0.021890534088015556,15.0,0.9975222945213318,0.9975222945213318,0.9975222945213318,0.021054377779364586,0.000291600008495152,0.8593422770500183,140000.0,-0.02193531021475792,-0.0028119366616010666,-0.14108382165431976,0.011323792859911919,0.0011394023895263672,0.21726374328136444,1.6078017950057983,0.5833709239959717,2.9682493209838867,662.5376586914062,23.0129451751709,59.29758071899414,82.3105239868164,242.98228454589844,0.19578441977500916,0.19578441977500916,0.19578441977500916,0.0
6.568087577819824,46.599998474121094,1000.0,7.0,1.2475124597549438,0.020751621574163437,16.0,0.9998697638511658,0.9998697638511658,0.9998697638511658,0.021034423261880875,0.00029039999935775995,0.8424749970436096,160000.0,-0.024435311555862427,-0.0025000013411045074,0.07875829935073853,0.010830293409526348,-0.0004934994503855705,0.26389971375465393,2.014991283416748,0.4071894884109497,3.922476053237915,748.1506958007812,22.4777889251709,63.10834884643555,85.58613586425781,233.68270874023438,0.22568780183792114,0.22568780183792114,0.22568780183792114,0.0
7.797108173370361,76.23999786376953,1000.0,8.0,1.222299337387085,0.02036139741539955,13.0,1.0009417533874512,1.0009417533874512,1.0009417533874512,0.02016027830541134,0.0002891999902203679,0.8214951157569885,180000.0,-0.02399040199816227,0.00044490955770015717,-0.05920194089412689,0.01116026658564806,0.00032997317612171173,0.38781610131263733,3.1253514289855957,1.1103601455688477,4.240257263183594,822.038330078125,22.890350341796875,50.970314025878906,73.86066436767578,270.7801208496094,0.2570818364620209,0.2570818364620209,0.2570818364620209,0.0
8.675264358520508,92.9000015258789,1000.0,9.0,1.2079051733016968,0.020402243360877037,14.0,0.999143660068512,0.999143660068512,0.999143660068512,0.02144794538617134,0.0002880000101868063,0.8097856044769287,200000.0,-0.02745800092816353,-0.003467598930001259,-0.07113394141197205,0.01308696623891592,0.0019266996532678604,0.4154960811138153,2.711698055267334,-0.4136533737182617,5.127568244934082,901.1138916015625,24.128021240234375,54.92188262939453,79.0499038696289,253.00473022460938,0.2898296117782593,0.2898296117782593,0.2898296117782593,0.0
9.426531791687012,96.9000015258789,1000.0,10.0,1.1920961141586304,0.02070082724094391,10.0,0.9983190894126892,0.9983190894126892,0.9983190894126892,0.02070879004895687,0.0002868000010494143,0.7970645427703857,220000.0,-0.024052150547504425,0.0034058503806591034,0.26188457012176514,0.011582164093852043,-0.001504802145063877,0.5166493058204651,2.614104986190796,-0.09759306907653809,5.866479873657227,963.2105102539062,22.503843307495117,39.567481994628906,62.071327209472656,322.2099609375,0.32367146015167236,0.32367146015167236,0.32367146015167236,0.0
10.299771308898926,85.5,1000.0,11.0,1.1689667701721191,0.020339911803603172,11.0,0.9998733997344971,0.9998733997344971,0.9998733997344971,0.02164701372385025,0.00028559999191202223,0.778861939907074,240000.0,-0.028102634474635124,-0.004050483927130699,0.20050902664661407,0.012175733223557472,0.0005935691297054291,0.5627993941307068,2.6867878437042236,0.07268285751342773,5.544485092163086,1029.4791259765625,22.32750129699707,43.917015075683594,66.24451446533203,301.9117736816406,0.35818225145339966,0.35818225145339966,0.35818225145339966,0.0
11.226780891418457,76.04000091552734,1000.0,12.0,1.1412162780761719,0.020767904818058014,10.0,1.0001071691513062,1.0001071691513062,1.0001071691513062,0.020626304671168327,0.00028440001187846065,0.7575200796127319,260000.0,-0.02773325704038143,0.0003693774342536926,-0.22210073471069336,0.013733582571148872,0.0015578493475914001,0.6934848427772522,3.0821022987365723,0.39531445503234863,5.468176364898682,1092.7369384765625,23.966114044189453,39.265140533447266,63.23125457763672,316.2992858886719,0.39291632175445557,0.39291632175445557,0.39291632175445557,0.0
12.020040512084961,73.95999908447266,1000.0,13.0,1.1238330602645874,0.020382020622491837,11.0,1.0000468492507935,1.0000468492507935,1.0000468492507935,0.020947027951478958,0.0002832000027410686,0.7444661259651184,280000.0,-0.02789146639406681,-0.00015820935368537903,0.1825195997953415,0.014402826316654682,0.0006692437455058098,0.7308457493782043,2.5092873573303223,-0.57281494140625,5.5518107414245605,1160.060546875,23.478351593017578,43.8207893371582,67.29914093017578,297.1806335449219,0.42774853110313416,0.42774853110313416,0.42774853110313416,0.0
13.071083068847656,72.33999633789062,1000.0,14.0,1.100437045097351,0.020842256024479866,11.0,0.9999217391014099,0.9999217391014099,0.9999217391014099,0.020919915288686752,0.00028199999360367656,0.7272469401359558,300000.0,-0.028032243251800537,-0.0001407768577337265,0.24154651165008545,0.017856931313872337,0.003454104997217655,0.8489875197410583,2.2707130908966064,-0.23857426643371582,6.188272476196289,1226.32177734375,22.84664535522461,43.389259338378906,66.23590087890625,301.9510498046875,0.46259239315986633,0.46259239315986633,0.46259239315986633,0.0
13.646308898925781,67.12000274658203,1000.0,15.0,1.0762604475021362,0.0237040463835001,11.0,0.9986479878425598,0.9986479878425598,0.9986479878425598,0.020784271880984306,0.00028080001357011497,0.7098917961120605,320000.0,-0.030806105583906174,-0.0027738623321056366,-0.1037304699420929,0.01614043116569519,-0.001716500148177147,0.9734009504318237,2.2601749897003174,-0.010538101196289062,5.795300483703613,1292.9169921875,22.503620147705078,44.06667709350586,66.57029724121094,300.4342956542969,0.4972005784511566,0.4972005784511566,0.4972005784511566,0.0
14.299424171447754,73.66000366210938,1000.0,16.0,1.0562303066253662,0.022163089364767075,9.0,1.0000805854797363,1.0000805854797363,1.0000805854797363,0.021010393276810646,0.0002796000044327229,0.6957935094833374,340000.0,-0.028551938012242317,0.0022541675716638565,-0.07157696783542633,0.017259841784834862,0.0011194106191396713,0.979034960269928,3.0161073207855225,0.7559323310852051,6.057409763336182,1351.72216796875,22.7613525390625,36.01776885986328,58.77912139892578,340.2568664550781,0.5319201946258545,0.5319201946258545,0.5319201946258545,0.0
14.687910079956055,68.41999816894531,1000.0,17.0,1.0377329587936401,0.020570553839206696,10.0,0.9991334676742554,0.9991334676742554,0.9991334676742554,0.020832855254411697,0.0002783999952953309,0.683041512966156,360000.0,-0.029057882726192474,-0.0005059447139501572,0.0016774237155914307,0.01748122274875641,0.00022138096392154694,1.066009521484375,2.448504686355591,-0.5676026344299316,6.267973899841309,1413.827880859375,22.51199722290039,39.56924819946289,62.08124542236328,322.1584777832031,0.5664873719215393,0.5664873719215393,0.5664873719215393,0.0
14.863755226135254,75.87999725341797,1000.0,18.0,1.0326385498046875,0.021203333511948586,8.0,1.0001211166381836,1.0001211166381836,1.0001211166381836,0.021518539637327194,0.00027719998615793884,0.6795883178710938,380000.0,-0.027444303035736084,0.0016135796904563904,-0.09036901593208313,0.01870518922805786,0.0012239664793014526,1.1567553281784058,2.542941093444824,0.0944364070892334,6.604167938232422,1468.9453125,22.973278045654297,32.120540618896484,55.09381866455078,363.0171203613281,0.601275622844696,0.601275622844696,0.601275622844696,0.0
15.700967788696289,55.68000030517578,1000.0,19.0,1.0194439888000488,0.020777232944965363,11.0,0.9987785220146179,0.9987785220146179,0.9987785220146179,0.021874286234378815,0.00027600000612437725,0.6706912517547607,400000.0,-0.032979510724544525,-0.005535207688808441,0.3501023054122925,0.02137082628905773,0.0026656370609998703,1.2325210571289062,1.9995722770690918,-0.5433688163757324,6.80643892288208,1535.0731201171875,22.309234619140625,43.79507827758789,66.10430908203125,302.5521240234375,0.6351872086524963,0.6351872086524963,0.6351872086524963,0.0
16.136320114135742,49.400001525878906,1000.0,20.0,1.0038001537322998,0.020685750991106033,10.0,0.9984931349754333,0.9984931349754333,0.9984931349754333,0.02172696404159069,0.0002747999969869852,0.6602618098258972,420000.0,-0.032877154648303986,0.00010235607624053955,-0.04884816333651543,0.019924430176615715,-0.0014463961124420166,1.289520263671875,2.164506673812866,0.16493439674377441,7.2131876945495605,1596.6309814453125,21.479305267333984,40.054481506347656,61.53378677368164,325.0246887207031,0.6679249405860901,0.6679249405860901,0.6679249405860901,0.0
16.96517562866211,46.02000045776367,1000.0,21.0,0.9914429783821106,0.02064654603600502,8.0,0.9998695254325867,0.9998695254325867,0.9998695254325867,0.021071838214993477,0.00027359998784959316,0.6521651148796082,440000.0,-0.02782617136836052,0.005050983279943466,-0.11718510091304779,0.02062394842505455,0.0006995182484388351,1.369602918624878,2.4153900146484375,0.2508833408355713,6.784091949462891,1651.0252685546875,21.978382110595703,32.392337799072266,54.37071990966797,367.84503173828125,0.6993891596794128,0.6993891596794128,0.6993891596794128,0.0
16.799415588378906,59.47999954223633,1000.0,22.0,0.9843478798866272,0.02178550325334072,10.0,1.000072956085205,1.000072956085205,1.000072956085205,0.02094273269176483,0.0002724000078160316,0.6476077437400818,460000.0,-0.033474668860435486,-0.005648497492074966,0.49745166301727295,0.021678371354937553,0.0010544229298830032,1.3825982809066772,2.2016639709472656,-0.21372604370117188,6.447053909301758,1712.0816650390625,21.54316520690918,39.489234924316406,61.03240203857422,327.6947937011719,0.7306307554244995,0.7306307554244995,0.7306307554244995,0.0
16.772153854370117,62.86000061035156,1000.0,23.0,0.9714487791061401,0.02025335095822811,8.0,1.0008682012557983,1.0008682012557983,1.0008682012557983,0.021228063851594925,0.00027119999867863953,0.6393582224845886,480000.0,-0.02627161331474781,0.0072030555456876755,-0.018657773733139038,0.020266661420464516,-0.0014117099344730377,1.4150135517120361,2.2770636081695557,0.07539963722229004,6.643025875091553,1766.2777099609375,22.06472396850586,32.10478210449219,54.16950607299805,369.2113952636719,0.7618935704231262,0.7618935704231262,0.7618935704231262,0.0
16.81222915649414,63.040000915527344,1000.0,24.0,0.9664594531059265,0.02147796005010605,9.0,0.9990969300270081,0.9990969300270081,0.9990969300270081,0.021835932508111,0.0002699999895412475,0.6362171769142151,500000.0,-0.03372576832771301,-0.007454155012965202,0.08972452580928802,0.02150007151067257,0.0012334100902080536,1.4718997478485107,2.48056960105896,0.2035059928894043,7.023538112640381,1827.7156982421875,24.609708786010742,36.803768157958984,61.41347885131836,325.6614074707031,0.7931939959526062,0.7931939959526062,0.7931939959526062,0.0
16.904287338256836,69.0,1000.0,25.0,0.9520488381385803,0.0200276430696249,7.0,0.9987858533859253,0.9987858533859253,0.9987858533859253,0.02121993899345398,0.0002688000095076859,0.6271554231643677,520000.0,-0.03268434852361679,0.001041419804096222,0.3124655485153198,0.021573800593614578,7.372908294200897e-05,1.5117735862731934,3.423419713973999,0.9428501129150391,6.7516865730285645,1880.7430419921875,24.512657165527344,28.4896183013916,53.00227355957031,377.34228515625,0.8248873949050903,0.8248873949050903,0.8248873949050903,0.0
17.646623611450195,74.18000030517578,1000.0,26.0,0.9435704946517944,0.023433854803442955,9.0,0.9999064803123474,0.9999064803123474,0.9999064803123474,0.02066618762910366,0.00026760000037029386,0.6218081712722778,540000.0,-0.03256475180387497,0.00011959671974182129,0.04666673392057419,0.02448403276503086,0.0029102321714162827,1.5914411544799805,2.379362106323242,-1.0440576076507568,7.5308709144592285,1941.5126953125,23.693134307861328,37.05360794067383,60.746742248535156,329.2357482910156,0.8572158813476562,0.8572158813476562,0.8572158813476562,0.0
18.286771774291992,68.83999633789062,1000.0,27.0,0.9369543194770813,0.020358586683869362,9.0,0.9989171624183655,0.9989171624183655,0.9989171624183655,0.021607710048556328,0.0002663999912329018,0.6176851987838745,560000.0,-0.03244076669216156,0.00012398511171340942,0.21933111548423767,0.022670689970254898,-0.0018133427947759628,1.6285111904144287,2.076550006866455,-0.3028120994567871,6.718555450439453,2005.92431640625,26.55474281311035,37.832786560058594,64.38752746582031,310.619140625,0.8898031115531921,0.8898031115531921,0.8898031115531921,0.0
18.973474502563477,59.7599983215332,1000.0,28.0,0.9263998866081238,0.02092798985540867,8.0,1.0011626482009888,1.0011626482009888,1.0011626482009888,0.022110993042588234,0.0002652000111993402,0.6111745834350586,580000.0,-0.03292950242757797,-0.0004887357354164124,-0.32907986640930176,0.02540152706205845,0.0027308370918035507,1.6540316343307495,2.477757215499878,0.40120720863342285,7.084813117980957,2064.8046875,25.02259063720703,33.8342399597168,58.85683059692383,339.8076477050781,0.922073483467102,0.922073483467102,0.922073483467102,0.0
18.710649490356445,56.08000183105469,1000.0,29.0,0.916624128818512,0.020582936704158783,7.0,1.001192331314087,1.001192331314087,1.001192331314087,0.02098490297794342,0.0002640000020619482,0.605219304561615,600000.0,-0.028828999027609825,0.004100503399968147,-0.3467731475830078,0.02555069886147976,0.00014917179942131042,1.7056841850280762,2.843966245651245,0.3662090301513672,7.287557601928711,2120.087646484375,25.715991973876953,29.539794921875,55.25678634643555,361.9465026855469,0.9538288712501526,0.9538288712501526,0.9538288712501526,0.0
18.5779972076416,70.16000366210938,1000.0,30.0,0.9115727543830872,0.021064026281237602,9.0,0.9994641542434692,0.9994641542434692,0.9994641542434692,0.022239675745368004,0.00026279999292455614,0.6022098064422607,620000.0,-0.03798083961009979,-0.009151840582489967,0.17551840841770172,0.024762587621808052,-0.0007881112396717072,1.683882474899292,2.66770076751709,-0.17626547813415527,7.281260967254639,2181.80517578125,25.325115203857422,36.363433837890625,61.68854904174805,324.20928955078125,0.9860156774520874,0.9860156774520874,0.9860156774520874,0.0
18.36467933654785,66.94000244140625,1000.0,31.0,0.9064331650733948,0.0206646416336298,7.0,0.9987546801567078,0.9987546801567078,0.9987546801567078,0.020955191925168037,0.00026160001289099455,0.5991134643554688,640000.0,-0.02982282266020775,0.008158016949892044,0.0866156741976738,0.02413349598646164,-0.0006290916353464127,1.7571467161178589,2.486877202987671,-0.18082356452941895,7.57289981842041,2236.82666015625,26.336118698120117,28.661787033081055,54.99790573120117,363.65020751953125,1.0183932781219482,1.0183932781219482,1.0183932781219482,0.0
17.7497615814209,73.69999694824219,1000.0,32.0,0.9002732038497925,0.0206074807792902,7.0,0.9990599751472473,0.9990599751472473,0.9990599751472473,0.021965520456433296,0.0002604000037536025,0.5954792499542236,660000.0,-0.03576574847102165,-0.005942925810813904,0.23382748663425446,0.025749821215867996,0.0016163252294063568,1.7653998136520386,2.7771966457366943,0.29031944274902344,7.618264198303223,2288.716552734375,22.777990341186523,29.088245391845703,51.86623764038086,385.6072998046875,1.0513408184051514,1.0513408184051514,1.0513408184051514,0.0
18.396154403686523,67.62000274658203,1000.0,33.0,0.8965172171592712,0.02062653750181198,7.0,0.9997626543045044,0.9997626543045044,0.9997626543045044,0.02226787433028221,0.00025919999461621046,0.5932095646858215,680000.0,-0.03337092325091362,0.0023948252201080322,-0.1895734965801239,0.02737361751496792,0.0016237962990999222,1.8634968996047974,2.6963870525360107,-0.0808095932006836,7.305253028869629,2342.820068359375,24.852313995361328,29.22793960571289,54.08025360107422,369.82073974609375,1.08443284034729,1.08443284034729,1.08443284034729,0.0
19.189895629882812,62.380001068115234,1000.0,34.0,0.8922020792961121,0.021005291491746902,8.0,1.000491976737976,1.000491976737976,1.000491976737976,0.022109616547822952,0.0002579999854788184,0.5906255841255188,700000.0,-0.03574521094560623,-0.0023742876946926117,0.019478458911180496,0.025616228580474854,-0.0017573889344930649,1.8937218189239502,2.3181772232055664,-0.37820982933044434,7.39358377456665,2400.42578125,23.325294494628906,34.255279541015625,57.581573486328125,347.3333435058594,1.1173300743103027,1.1173300743103027,1.1173300743103027,0.0
19.443754196166992,63.459999084472656,1000.0,35.0,0.8847623467445374,0.021154696121811867,7.0,0.9999372363090515,0.9999372363090515,0.9999372363090515,0.02188701182603836,0.00025680000544525683,0.5862383842468262,720000.0,-0.03381635248661041,0.001928858458995819,0.11031588166952133,0.026337003335356712,0.0007207747548818588,1.8274577856063843,2.990316867828369,0.6721396446228027,6.875768184661865,2452.777587890625,22.9588623046875,29.369844436645508,52.328704833984375,382.19940185546875,1.1501274108886719,1.1501274108886719,1.1501274108886719,0.0
19.969850540161133,56.97999954223633,1000.0,36.0,0.8685983419418335,0.02345864847302437,8.0,1.0014212131500244,1.0014212131500244,1.0014212131500244,0.02103077806532383,0.0002555999963078648,0.5769036412239075,740000.0,-0.031950175762176514,0.001866176724433899,-0.2106429785490036,0.026585612446069717,0.00024860911071300507,1.930114984512329,2.159856081008911,-0.830460786819458,6.942880630493164,2510.045654296875,23.980554580688477,33.264503479003906,57.245059967041016,349.3751220703125,1.1824135780334473,1.1824135780334473,1.1824135780334473,0.0
19.7040958404541,58.02000045776367,1000.0,37.0,0.8586964011192322,0.020799659192562103,7.0,0.9999827146530151,0.9999827146530151,0.9999827146530151,0.021616440266370773,0.00025439998717047274,0.5713796615600586,760000.0,-0.031643763184547424,0.00030641257762908936,0.12607993185520172,0.026897508651018143,0.0003118962049484253,1.8494395017623901,2.2804996967315674,0.12064361572265625,7.014993667602539,2562.453125,23.623483657836914,28.76000213623047,52.383487701416016,381.7997131347656,1.2143185138702393,1.2143185138702393,1.2143185138702393,0.0
20.3369140625,55.13999938964844,1000.0,38.0,0.8530692458152771,0.02426295541226864,8.0,0.9996465444564819,0.9996465444564819,0.9996465444564819,0.022995909675955772,0.00025320000713691115,0.5682880282402039,780000.0,-0.03328058123588562,-0.0016368180513381958,0.12055189907550812,0.027442870661616325,0.0005453620105981827,1.97462797164917,2.4660215377807617,0.18552184104919434,6.836124897003174,2618.589599609375,23.607248306274414,32.50566864013672,56.112918853759766,356.4241638183594,1.245689034461975,1.245689034461975,1.245689034461975,0.0
19.84543800354004,59.91999816894531,1000.0,39.0,0.8469939231872559,0.02169383317232132,7.0,0.9980356097221375,0.9980356097221375,0.9980356097221375,0.02174603007733822,0.0002519999979995191,0.5647802948951721,800000.0,-0.03292006254196167,0.0003605186939239502,-0.017829300835728645,0.026157692074775696,-0.0012851785868406296,1.9750080108642578,2.6260480880737305,0.16002655029296875,6.774893760681152,2673.258056640625,26.731557846069336,27.912912368774414,54.64447021484375,366.00225830078125,1.276918649673462,1.276918649673462,1.276918649673462,0.0
19.916677474975586,60.52000045776367,1000.0,40.0,0.8367583751678467,0.021282503381371498,8.0,0.9998224377632141,0.9998224377632141,0.9998224377632141,0.021465696394443512,0.00025079998886212707,0.559004545211792,820000.0,-0.03593455255031586,-0.003014490008354187,-0.02844352275133133,0.028089802712202072,0.0019321106374263763,1.9643744230270386,2.317227840423584,-0.3088202476501465,6.897625923156738,2730.217529296875,23.85245704650879,33.08335494995117,56.93581008911133,351.27276611328125,1.3080695867538452,1.3080695867538452,1.3080695867538452,0.0
19.671926498413086,58.2400016784668,1000.0,41.0,0.8285917043685913,0.020551810041069984,8.0,1.000224232673645,1.000224232673645,1.000224232673645,0.02232746221125126,0.0002496000088285655,0.5544956922531128,840000.0,-0.033950988203287125,0.0019835643470287323,0.1776811182498932,0.023931708186864853,-0.004158094525337219,2.0177814960479736,2.1376125812530518,-0.17961525917053223,7.019649028778076,2787.976318359375,25.55678367614746,32.176979064941406,57.733760833740234,346.4177551269531,1.338997721672058,1.338997721672058,1.338997721672058,0.0
19.703407287597656,54.81999969482422,1000.0,42.0,0.8223967552185059,0.021051056683063507,6.0,1.0012356042861938,1.0012356042861938,1.0012356042861938,0.021789733320474625,0.00024839999969117343,0.5510150790214539,860000.0,-0.029375210404396057,0.0045757777988910675,0.33012154698371887,0.026896240189671516,0.0029645320028066635,2.0211684703826904,2.595475912094116,0.45786333084106445,6.582300186157227,2839.08837890625,26.289752960205078,24.797927856445312,51.08768081665039,391.48382568359375,1.3694883584976196,1.3694883584976196,1.3694883584976196,0.0
20.2154598236084,47.459999084472656,1000.0,43.0,0.8155817985534668,0.023239199072122574,8.0,0.9987501502037048,0.9987501502037048,0.9987501502037048,0.02188868261873722,0.0002471999905537814,0.5473278760910034,880000.0,-0.0305901188403368,-0.0012149084359407425,-0.23377880454063416,0.028227010741829872,0.0013307705521583557,2.063997507095337,1.920717716217041,-0.6747581958770752,6.42191219329834,2897.607177734375,25.909740447998047,32.58320617675781,58.492942810058594,341.92156982421875,1.3990436792373657,1.3990436792373657,1.3990436792373657,0.0
20.774791717529297,54.459999084472656,1000.0,44.0,0.8154325485229492,0.022186165675520897,7.0,0.9995210766792297,0.9995210766792297,0.9995210766792297,0.022424248978495598,0.0002460000105202198,0.5473011136054993,900000.0,-0.034743547439575195,-0.004153428599238396,0.12596961855888367,0.028567738831043243,0.0003407280892133713,2.077197551727295,2.510835886001587,0.5901181697845459,6.257781505584717,2951.45849609375,25.663545608520508,28.16373062133789,53.827274322509766,371.558837890625,1.428290843963623,1.428290843963623,1.428290843963623,0.0
22.069826126098633,42.47999954223633,1000.0,45.0,0.803215742111206,0.02077290415763855,8.0,0.9967944025993347,0.9967944025993347,0.9967944025993347,0.02111894078552723,0.00024480000138282776,0.5405868887901306,920000.0,-0.029313668608665466,0.005429878830909729,0.20404598116874695,0.028363700956106186,-0.0002040378749370575,2.153748035430908,1.5431885719299316,-0.9676473140716553,5.906745910644531,3011.18603515625,27.208532333374023,32.49555206298828,59.70408630371094,334.9854431152344,1.4563426971435547,1.4563426971435547,1.4563426971435547,0.0
22.29940414428711,44.58000183105469,1000.0,46.0,0.7996115684509277,0.023167692124843597,7.0,0.9998313188552856,0.9998313188552856,0.9998313188552856,0.02283858135342598,0.00024360000679735094,0.5386019349098206,940000.0,-0.03130755200982094,-0.001993883401155472,0.06422358751296997,0.029151732102036476,0.0007880311459302902,2.1302549839019775,1.756420373916626,0.21323180198669434,5.718424320220947,3066.8564453125,27.326725006103516,28.319732666015625,55.64645767211914,359.41192626953125,1.4834872484207153,1.4834872484207153,1.4834872484207153,0.0
22.90251922607422,35.880001068115234,1000.0,47.0,0.7930559515953064,0.021478643640875816,7.0,1.0013622045516968,1.0013622045516968,1.0013622045516968,0.021705076098442078,0.0002423999976599589,0.5350485444068909,960000.0,-0.03230346366763115,-0.0009959116578102112,0.09609119594097137,0.030779337510466576,0.0016276054084300995,2.151991128921509,1.9814214706420898,0.22500109672546387,5.513585090637207,3121.797119140625,26.670438766479492,28.246665954589844,54.91804885864258,364.17901611328125,1.5091006755828857,1.5091006755828857,1.5091006755828857,0.0
21.840959548950195,45.84000015258789,1000.0,48.0,0.7889931797981262,0.023642800748348236,7.0,1.0009080171585083,1.0009080171585083,1.0009080171585083,0.021762078627943993,0.00024120000307448208,0.5328259468078613,980000.0,-0.03391869366168976,-0.001615229994058609,-0.02831985056400299,0.027824824675917625,-0.00295451283454895,2.078301191329956,2.499994993209839,0.518573522567749,5.980653762817383,3177.336669921875,26.312929153442383,29.204002380371094,55.51693344116211,360.2504577636719,1.5341590642929077,1.5341590642929077,1.5341590642929077,0.0
21.9981746673584,45.31999969482422,1000.0,49.0,0.7862501740455627,0.02010256052017212,7.0,0.9986348748207092,0.9986348748207092,0.9986348748207092,0.021147925406694412,0.00023999999393709004,0.5313391089439392,1000000.0,-0.030297383666038513,0.003621309995651245,0.0006054788827896118,0.031272731721401215,0.003447907045483589,2.2311153411865234,1.8534997701644897,-0.6464952230453491,5.5194830894470215,3232.076171875,26.17227554321289,28.541683197021484,54.713958740234375,365.5374450683594,1.5586812496185303,1.5586812496185303,1.5586812496185303,0.0
21.401016235351562,49.040000915527344,1000.0,50.0,0.7812076807022095,0.02252201922237873,7.0,0.9997124075889587,0.9997124075889587,0.9997124075889587,0.022172721102833748,0.00023879999935161322,0.528705358505249,1020000.0,-0.03266757354140282,-0.0023701898753643036,-0.28866127133369446,0.030458245426416397,-0.0008144862949848175,2.0781538486480713,1.9933151006698608,0.1398153305053711,5.374855041503906,3286.019775390625,24.231277465820312,29.68384552001953,53.915122985839844,370.95343017578125,1.5830345153808594,1.5830345153808594,1.5830345153808594,0.0
21.072500228881836,45.5,1000.0,51.0,0.7735353708267212,0.022116929292678833,7.0,1.0008023977279663,1.0008023977279663,1.0008023977279663,0.022561896592378616,0.0002376000047661364,0.5247134566307068,1040000.0,-0.03457789123058319,-0.0019103176891803741,0.18381595611572266,0.0327703058719635,0.002312060445547104,2.1116061210632324,2.174619674682617,0.18130457401275635,5.41084623336792,3337.878173828125,23.677358627319336,28.157567977905273,51.83492660522461,385.8402099609375,1.606950283050537,1.606950283050537,1.606950283050537,0.0
20.46086311340332,52.400001525878906,1000.0,52.0,0.7751215100288391,0.020846856757998466,7.0,0.9985603094100952,0.9985603094100952,0.9985603094100952,0.022331934422254562,0.00023639999562874436,0.5255856513977051,1060000.0,-0.03207511827349663,0.002502772957086563,0.03754178434610367,0.02908533811569214,-0.0036849677562713623,2.1667723655700684,1.9497026205062866,-0.22491705417633057,5.7668681144714355,3392.35107421875,26.528743743896484,27.920495986938477,54.449241638183594,367.3145751953125,1.631054162979126,1.631054162979126,1.631054162979126,0.0
21.007762908935547,56.779998779296875,1000.0,53.0,0.7681599259376526,0.02204238809645176,7.0,1.0006654262542725,1.0006654262542725,1.0006654262542725,0.021644188091158867,0.00023520000104326755,0.5219177007675171,1080000.0,-0.037205617874860764,-0.005130499601364136,-0.0921325534582138,0.03362564742565155,0.004540309309959412,2.1928796768188477,2.2525219917297363,0.3028193712234497,5.585391998291016,3446.814208984375,26.083391189575195,28.35481834411621,54.438209533691406,367.3890075683594,1.6556949615478516,1.6556949615478516,1.6556949615478516,0.0
22.16718292236328,57.29999923706055,1000.0,54.0,0.7634027600288391,0.021164415404200554,6.0,0.9997708201408386,0.9997708201408386,0.9997708201408386,0.021474462002515793,0.00023400000645779073,0.5194735527038574,1100000.0,-0.0341038815677166,0.003101736307144165,-0.19775357842445374,0.031256914138793945,-0.002368733286857605,2.2280330657958984,2.3797616958618164,0.12723970413208008,5.583179473876953,3496.440185546875,25.234058380126953,24.368202209472656,49.60226058959961,403.2074279785156,1.6808688640594482,1.6808688640594482,1.6808688640594482,0.0
22.687397003173828,59.459999084472656,1000.0,55.0,0.7559917569160461,0.020021598786115646,7.0,1.000118613243103,1.000118613243103,1.000118613243103,0.022029655054211617,0.0002327999973203987,0.5156362652778625,1120000.0,-0.03783951699733734,-0.003735635429620743,0.06814920157194138,0.033341798931360245,0.0020848847925662994,2.1932451725006104,2.5906572341918945,0.21089553833007812,6.281761169433594,3550.72119140625,25.958614349365234,28.300525665283203,54.25914001464844,368.60150146484375,1.7067039012908936,1.7067039012908936,1.7067039012908936,0.0
22.706497192382812,60.81999969482422,1000.0,56.0,0.7570428848266602,0.020687993615865707,7.0,1.0001581907272339,1.0001581907272339,1.0001581907272339,0.02311844751238823,0.00023160000273492187,0.5161169767379761,1140000.0,-0.040196407586336136,-0.0023568905889987946,0.1677374541759491,0.03312680497765541,-0.00021499395370483398,2.22646164894104,2.677549362182617,0.08689212799072266,6.4117326736450195,3606.06689453125,27.413244247436523,27.90946388244629,55.32270812988281,361.51519775390625,1.7332476377487183,1.7332476377487183,1.7332476377487183,0.0
22.164695739746094,57.939998626708984,1000.0,57.0,0.7578721046447754,0.020881596952676773,6.0,0.9995083212852478,0.9995083212852478,0.9995083212852478,0.022733785212039948,0.00023039999359752983,0.5164572596549988,1160000.0,-0.03379683569073677,0.006399571895599365,-0.04179952293634415,0.03235888108611107,-0.000767923891544342,2.124976634979248,2.575449228286743,-0.10210013389587402,6.2025980949401855,3658.357666015625,27.187889099121094,25.079708099365234,52.26759719848633,382.646240234375,1.7602015733718872,1.7602015733718872,1.7602015733718872,0.0
21.640546798706055,58.7599983215332,1000.0,58.0,0.7509665489196777,0.02003696747124195,6.0,1.0019962787628174,1.0019962787628174,1.0019962787628174,0.02251325361430645,0.000229199999012053,0.512867271900177,1180000.0,-0.03434982895851135,-0.0005529932677745819,0.1285751909017563,0.033545732498168945,0.0011868514120578766,2.1464076042175293,2.763641119003296,0.18819189071655273,6.643582820892334,3709.79541015625,25.522029876708984,25.89289093017578,51.414920806884766,388.99212646484375,1.7875968217849731,1.7875968217849731,1.7875968217849731,0.0
21.343605041503906,49.2400016784668,1000.0,59.0,0.7406376004219055,0.021816108375787735,7.0,0.9992365837097168,0.9992365837097168,0.9992365837097168,0.021372076123952866,0.0002280000044265762,0.5075978636741638,1200000.0,-0.03381466865539551,0.0005351603031158447,-0.09315727651119232,0.027592888101935387,-0.005952844396233559,2.181206226348877,2.0794003009796143,-0.6842408180236816,6.315262794494629,3762.999267578125,23.452844619750977,29.7274169921875,53.18026351928711,376.0793762207031,1.8146082162857056,1.8146082162857056,1.8146082162857056,0.0
21.780282974243164,50.91999816894531,1000.0,60.0,0.7276265025138855,0.020362356677651405,6.0,1.0011427402496338,1.0011427402496338,1.0011427402496338,0.021773144602775574,0.00022679999528918415,0.5010958909988403,1220000.0,-0.028945358470082283,0.004869310185313225,0.26327264308929443,0.03258851170539856,0.004995623603463173,2.2275846004486084,2.3355355262756348,0.2561352252960205,5.773967742919922,3813.818603515625,24.30170249938965,26.493562698364258,50.795265197753906,393.73748779296875,1.8414230346679688,1.8414230346679688,1.8414230346679688,0.0
21.91278839111328,42.619998931884766,1000.0,61.0,0.7201178669929504,0.022470509633421898,7.0,1.0015220642089844,1.0015220642089844,1.0015220642089844,0.022596757858991623,0.00022560000070370734,0.49729645252227783,1240000.0,-0.03664226084947586,-0.007696902379393578,-0.008602675050497055,0.034381408244371414,0.0017928965389728546,2.2028374671936035,2.1476457118988037,-0.18788981437683105,5.921585559844971,3866.231201171875,23.124042510986328,29.262971878051758,52.38802719116211,381.77398681640625,1.8673518896102905,1.8673518896102905,1.8673518896102905,0.0
21.212390899658203,46.279998779296875,1000.0,62.0,0.7139894366264343,0.02090967260301113,5.0,1.0001639127731323,1.0001639127731323,1.0001639127731323,0.022359510883688927,0.00022440000611823052,0.49425849318504333,1260000.0,-0.028524568304419518,0.008117692545056343,-0.09656323492527008,0.036150529980659485,0.0017691217362880707,2.1026055812835693,2.3987531661987305,0.25110745429992676,5.703497886657715,3912.595703125,26.078182220458984,20.26230239868164,46.34148406982422,431.5787658691406,1.8928078413009644,1.8928078413009644,1.8928078413009644,0.0
20.859546661376953,48.959999084472656,1000.0,63.0,0.7084948420524597,0.021314218640327454,6.0,1.0014082193374634,1.0014082193374634,1.0014082193374634,0.022319762036204338,0.00022319999698083848,0.49154290556907654,1280000.0,-0.030243102461099625,-0.0017185341566801071,0.20989829301834106,0.03179476410150528,-0.004355765879154205,2.150726079940796,2.2207190990448,-0.17803406715393066,5.456617832183838,3962.693115234375,25.07543182373047,24.999942779541016,50.075374603271484,399.3979187011719,1.9180786609649658,1.9180786609649658,1.9180786609649658,0.0
19.821067810058594,57.939998626708984,1000.0,64.0,0.7105342149734497,0.020013973116874695,4.0,0.9987416863441467,0.9987416863441467,0.9987416863441467,0.021745964884757996,0.00022200000239536166,0.492607057094574,1300000.0,-0.025807645171880722,0.004435457289218903,-0.10899005085229874,0.033258743584156036,0.0014639794826507568,2.033470630645752,3.654655694961548,1.433936595916748,5.193449020385742,4005.48681640625,26.2929744720459,16.47822380065918,42.77119827270508,467.6044006347656,1.943962574005127,1.943962574005127,1.943962574005127,0.0
20.163007736206055,59.119998931884766,1000.0,65.0,0.7073609828948975,0.021118171513080597,7.0,0.9995453953742981,0.9995453953742981,0.9995453953742981,0.022244980558753014,0.00022079999325796962,0.491013765335083,1320000.0,-0.03699977323412895,-0.01119212806224823,0.2360488921403885,0.03029009699821472,-0.0029686465859413147,2.1384987831115723,2.713304042816162,-0.9413516521453857,6.375330448150635,4061.14111328125,26.736494064331055,28.89580535888672,55.632301330566406,359.5033874511719,1.9705027341842651,1.9705027341842651,1.9705027341842651,0.0
19.23806381225586,58.7400016784668,1000.0,66.0,0.6986299753189087,0.020040281116962433,6.0,1.0015805959701538,1.0015805959701538,1.0015805959701538,0.0214224960654974,0.0002195999986724928,0.4867223799228668,1340000.0,-0.03654495254158974,0.0004548206925392151,0.19973230361938477,0.03463766351342201,0.004347566515207291,2.0002365112304688,2.528225898742676,-0.18507814407348633,5.557791233062744,4112.3740234375,26.435487747192383,24.774675369262695,51.21016311645508,390.5474853515625,1.9976052045822144,1.9976052045822144,1.9976052045822144,0.0
18.93146514892578,57.599998474121094,1000.0,67.0,0.6885029077529907,0.022669553756713867,7.0,1.0019351243972778,1.0019351243972778,1.0019351243972778,0.022760478779673576,0.00021840000408701599,0.4817749261856079,1360000.0,-0.04243747144937515,-0.005892518907785416,0.0177021361887455,0.03217935562133789,-0.0024583078920841217,1.9697167873382568,2.397580862045288,-0.1306450366973877,5.911160469055176,4166.3603515625,24.97646713256836,28.98799705505371,53.9644660949707,370.6142578125,2.0251214504241943,2.0251214504241943,2.0251214504241943,0.0
19.561315536499023,53.540000915527344,1000.0,68.0,0.6862518787384033,0.020633937790989876,7.0,0.9993093609809875,0.9993093609809875,0.9993093609809875,0.022221362218260765,0.00021719999494962394,0.4806865453720093,1380000.0,-0.046277593821287155,-0.0038401223719120026,0.05459688603878021,0.03317762166261673,0.0009982660412788391,2.209907054901123,2.428670644760132,0.03108978271484375,6.030633449554443,4220.66259765625,25.234193801879883,29.045259475708008,54.27945327758789,368.46356201171875,2.0526673793792725,2.0526673793792725,2.0526673793792725,0.0
20.146827697753906,56.65999984741211,1000.0,69.0,0.6833918690681458,0.022674141451716423,5.0,1.0001416206359863,1.0001416206359863,1.0001416206359863,0.022581730037927628,0.00021600000036414713,0.4792877435684204,1400000.0,-0.03527706861495972,0.011000525206327438,0.028431832790374756,0.03480403125286102,0.0016264095902442932,2.129889726638794,3.0002121925354004,0.5715415477752686,5.870023250579834,4267.61572265625,25.682201385498047,21.245437622070312,46.92763900756836,426.1880798339844,2.080515146255493,2.080515146255493,2.080515146255493,0.0
21.752849578857422,51.099998474121094,1000.0,70.0,0.6779068112373352,0.02189355529844761,7.0,1.0006792545318604,1.0006792545318604,1.0006792545318604,0.022075077518820763,0.0002148000057786703,0.47664496302604675,1420000.0,-0.035834893584251404,-0.000557824969291687,0.1432972252368927,0.03269669786095619,-0.002107333391904831,2.202467441558838,1.8857769966125488,-1.1144351959228516,5.8042073249816895,4320.87255859375,23.66423988342285,29.570898056030273,53.235137939453125,375.69171142578125,2.1081578731536865,2.1081578731536865,2.1081578731536865,0.0
22.124858856201172,46.08000183105469,1000.0,71.0,0.6712943911552429,0.020289672538638115,6.0,1.0016131401062012,1.0016131401062012,1.0016131401062012,0.02205534279346466,0.00021359999664127827,0.4734936058521271,1440000.0,-0.0320560559630394,0.0037788376212120056,0.07175405323505402,0.034166671335697174,0.001469973474740982,2.229851484298706,2.031332015991211,0.1455550193786621,5.491058826446533,4370.99658203125,24.824216842651367,25.276567459106445,50.10078430175781,399.1953430175781,2.135176420211792,2.135176420211792,2.135176420211792,0.0
21.511157989501953,51.34000015258789,1000.0,72.0,0.677785336971283,0.022277144715189934,5.0,0.9994886517524719,0.9994886517524719,0.9994886517524719,0.023411089554429054,0.00021240000205580145,0.4765799641609192,1460000.0,-0.03217769041657448,-0.00012163445353507996,0.049746133387088776,0.032928287982940674,-0.0012383833527565002,2.111586809158325,2.9604201316833496,0.9290881156921387,5.392719745635986,4418.4951171875,26.60126304626465,20.873191833496094,47.47445297241211,421.2792053222656,2.1621084213256836,2.1621084213256836,2.1621084213256836,0.0
20.24449920654297,66.05999755859375,1000.0,73.0,0.6792504787445068,0.022531399503350258,1.0,1.0006881952285767,1.0006881952285767,1.0006881952285767,0.021752340719103813,0.0002111999929184094,0.47726425528526306,1480000.0,0.020011629909276962,0.05218932032585144,-0.06405168771743774,0.03593713417649269,0.003008846193552017,2.1020562648773193,7.235352516174316,4.274932384490967,5.731468200683594,4450.6162109375,27.858028411865234,4.239846229553223,32.09787368774414,623.09423828125,2.190241575241089,2.190241575241089,2.190241575241089,0.0
19.394752502441406,63.91999816894531,1000.0,74.0,0.6772292852401733,0.02089823968708515,7.0,0.9999869465827942,0.9999869465827942,0.9999869465827942,0.021194759756326675,0.0002099999983329326,0.4763115644454956,1500000.0,-0.03772296383976936,-0.057734593749046326,0.3695913553237915,0.03371330723166466,-0.0022238269448280334,2.112849712371826,2.365919589996338,-4.8694329261779785,6.182737827301025,4505.439453125,25.8956356048584,28.905736923217773,54.80137252807617,364.9543762207031,2.219268321990967,2.219268321990967,2.219268321990967,0.0
18.499547958374023,58.08000183105469,1000.0,75.0,0.6726576685905457,0.02214563824236393,7.0,0.999993085861206,0.999993085861206,0.999993085861206,0.021947000175714493,0.00020880000374745578,0.47414594888687134,1520000.0,-0.03361254185438156,0.004110421985387802,0.09461227059364319,0.031093379482626915,-0.0026199277490377426,1.9866416454315186,1.7961689233779907,-0.5697506666183472,5.356197834014893,4559.8359375,24.984439849853516,29.38829231262207,54.37273406982422,367.8314208984375,2.2485992908477783,2.2485992908477783,2.2485992908477783,0.0
18.869640350341797,48.63999938964844,1000.0,76.0,0.6700859069824219,0.020035460591316223,5.0,1.00065279006958,1.00065279006958,1.00065279006958,0.02319295145571232,0.00020759999461006373,0.47293993830680847,1540000.0,-0.031110964715480804,0.002501577138900757,0.14667944610118866,0.033526670187711716,0.0024332907050848007,2.078319549560547,2.8468687534332275,1.0506998300552368,5.372827529907227,4605.65673828125,23.88294219970703,21.913633346557617,45.796573638916016,436.7138977050781,2.277378559112549,2.277378559112549,2.277378559112549,0.0
19.1846923828125,39.220001220703125,1000.0,77.0,0.6690521836280823,0.021383896470069885,8.0,0.9972414970397949,0.9972414970397949,0.9972414970397949,0.021508123725652695,0.00020640000002458692,0.47244223952293396,1560000.0,-0.03337874263525009,-0.002267777919769287,0.009247757494449615,0.031071022152900696,-0.00245564803481102,2.1353096961975098,1.60801100730896,-1.2388577461242676,5.09580135345459,4662.16845703125,22.82661247253418,33.661766052246094,56.48837661743164,354.0551452636719,2.304804801940918,2.304804801940918,2.304804801940918,0.0
20.317724227905273,41.2599983215332,1000.0,78.0,0.6667329668998718,0.020653637126088142,6.0,1.0000920295715332,1.0000920295715332,1.0000920295715332,0.022507401183247566,0.0002052000054391101,0.4713621735572815,1580000.0,-0.035360731184482574,-0.001981988549232483,0.14379069209098816,0.03369464725255966,0.002623625099658966,2.135287284851074,2.105588912963867,0.4975779056549072,5.019069671630859,4711.9443359375,24.30635643005371,25.44515037536621,49.75150680541992,401.9978942871094,2.331202745437622,2.331202745437622,2.331202745437622,0.0
20.065797805786133,36.20000076293945,1000.0,79.0,0.6601763963699341,0.021230049431324005,7.0,1.0003100633621216,1.0003100633621216,1.0003100633621216,0.021907275542616844,0.00020399999630171806,0.4682711958885193,1600000.0,-0.0320729985833168,0.0032877326011657715,-0.3368748426437378,0.032169535756111145,-0.0015251114964485168,2.067176103591919,1.6346505880355835,-0.4709383249282837,4.611035346984863,4768.88818359375,25.160900115966797,31.75802993774414,56.91893005371094,351.376953125,2.35619854927063,2.35619854927063,2.35619854927063,0.0
19.5894832611084,39.79999923706055,1000.0,80.0,0.6611490249633789,0.020067131146788597,6.0,1.0019807815551758,1.0019807815551758,1.0019807815551758,0.02328493446111679,0.00020280000171624124,0.46871548891067505,1620000.0,-0.0355754978954792,-0.0035024993121623993,-0.015149439685046673,0.03246479853987694,0.00029526278376579285,2.0689146518707275,2.6135849952697754,0.9789344072341919,4.805231094360352,4817.57958984375,22.125019073486328,26.54403305053711,48.66905212402344,410.9387512207031,2.3802733421325684,2.3802733421325684,2.3802733421325684,0.0
19.076074600219727,40.02000045776367,1000.0,81.0,0.6657180190086365,0.0207566749304533,7.0,1.0003610849380493,1.0003610849380493,1.0003610849380493,0.022138839587569237,0.00020160000713076442,0.4708576798439026,1640000.0,-0.04035814851522446,-0.0047826506197452545,0.11821327358484268,0.0338662751019001,0.0014014765620231628,2.0309598445892334,1.8639466762542725,-0.7496383190155029,4.861847877502441,4871.7490234375,23.820980072021484,30.323959350585938,54.14493942260742,369.3789367675781,2.4035418033599854,2.4035418033599854,2.4035418033599854,0.0
19.262603759765625,43.0,1000.0,82.0,0.6652255654335022,0.020556049421429634,7.0,0.9996131062507629,0.9996131062507629,0.9996131062507629,0.021586325019598007,0.00020039999799337238,0.4706270098686218,1660000.0,-0.03983491659164429,0.0005232319235801697,0.0897657573223114,0.03231656923890114,-0.0015497058629989624,2.0278127193450928,1.84285569190979,-0.021090984344482422,4.6545515060424805,4927.19873046875,26.348251342773438,29.07625389099121,55.42450714111328,360.8511962890625,2.4263722896575928,2.4263722896575928,2.4263722896575928,0.0
19.17494773864746,39.08000183105469,1000.0,83.0,0.6635576486587524,0.024110224097967148,6.0,0.999138355255127,0.999138355255127,0.999138355255127,0.02130664885044098,0.00019920000340789557,0.46986833214759827,1680000.0,-0.030070392414927483,0.009764524176716805,0.14970125257968903,0.027778269723057747,-0.004538299515843391,2.0179426670074463,1.632321834564209,-0.21053385734558105,4.398852348327637,4979.66015625,27.51568603515625,24.92076873779297,52.43645477294922,381.4140319824219,2.4484357833862305,2.4484357833862305,2.4484357833862305,0.0
18.490446090698242,45.400001525878906,1000.0,84.0,0.6621960401535034,0.02022460848093033,6.0,1.0000962018966675,1.0000962018966675,1.0000962018966675,0.022446298971772194,0.00019799999427050352,0.4692838788032532,1700000.0,-0.03852790594100952,-0.008457513526082039,0.11611592769622803,0.030345208942890167,0.0025669392198324203,2.0041425228118896,2.2418925762176514,0.6095707416534424,5.12838077545166,5030.9306640625,24.94288444519043,26.30351448059082,51.24639892578125,390.2713317871094,2.4704225063323975,2.4704225063323975,2.4704225063323975,0.0
18.958154678344727,44.779998779296875,1000.0,85.0,0.6560609936714172,0.021973740309476852,6.0,1.000803828239441,1.000803828239441,1.000803828239441,0.021739937365055084,0.0001967999996850267,0.4664047956466675,1720000.0,-0.03425277769565582,0.004275128245353699,-0.009025774896144867,0.03356391564011574,0.0032187066972255707,2.0533447265625,2.185739755630493,-0.0561528205871582,4.910314559936523,5081.53759765625,25.818031311035156,24.764677047729492,50.582706451416016,395.39202880859375,2.4922871589660645,2.4922871589660645,2.4922871589660645,0.0
18.817285537719727,52.13999938964844,1000.0,86.0,0.6516292095184326,0.02149987407028675,6.0,1.0003259181976318,1.0003259181976318,1.0003259181976318,0.021867547184228897,0.0001956000050995499,0.4643489420413971,1740000.0,-0.03315190598368645,0.0011008717119693756,0.23603346943855286,0.03204645961523056,-0.0015174560248851776,1.9868797063827515,2.2637295722961426,0.07798981666564941,5.021847724914551,5133.2646484375,27.51674461364746,24.187419891357422,51.70416259765625,386.8160400390625,2.5147545337677,2.5147545337677,2.5147545337677,0.0
18.94586753845215,53.15999984741211,1000.0,87.0,0.6458327770233154,0.020464889705181122,6.0,0.9995855093002319,0.9995855093002319,0.9995855093002319,0.022681016474962234,0.00019439999596215785,0.4616958796977997,1760000.0,-0.03599085286259651,-0.0028389468789100647,0.053844429552555084,0.03189597651362419,-0.00015048310160636902,1.9781142473220825,2.430007219314575,0.16627764701843262,4.983211517333984,5185.49365234375,27.593292236328125,24.610462188720703,52.20375442504883,383.11419677734375,2.5378682613372803,2.5378682613372803,2.5378682613372803,0.0
18.520793914794922,50.619998931884766,1000.0,88.0,0.642241358757019,0.022873591631650925,7.0,1.0020781755447388,1.0020781755447388,1.0020781755447388,0.022355331107974052,0.00019320000137668103,0.46009430289268494,1780000.0,-0.04016577824950218,-0.00417492538690567,-0.025765759870409966,0.029005082324147224,-0.002890894189476967,1.9174185991287231,2.15710711479187,-0.2729001045227051,4.7512407302856445,5240.84765625,25.806039810180664,29.52373504638672,55.32977294921875,361.4690246582031,2.5613274574279785,2.5613274574279785,2.5613274574279785,0.0
18.431123733520508,65.94000244140625,1000.0,89.0,0.6447619795799255,0.020224837586283684,6.0,1.0011168718338013,1.0011168718338013,1.0011168718338013,0.02297789789736271,0.00019200000679120421,0.4612267315387726,1800000.0,-0.046959288418293,-0.006793510168790817,0.3978767395019531,0.030242376029491425,0.0012372937053442001,1.958408236503601,2.861236095428467,0.7041289806365967,4.548772811889648,5291.482421875,25.349552154541016,25.262279510498047,50.61183166503906,395.1645202636719,2.586538314819336,2.586538314819336,2.586538314819336,0.0
19.335721969604492,66.45999908447266,1000.0,90.0,0.6431308388710022,0.021226784214377403,7.0,1.0005403757095337,1.0005403757095337,1.0005403757095337,0.020587969571352005,0.00019079999765381217,0.46051087975502014,1820000.0,-0.044176243245601654,0.002783045172691345,-0.28850552439689636,0.03387245908379555,0.003630083054304123,2.0680336952209473,2.466775894165039,-0.39446020126342773,4.800638675689697,5347.07666015625,25.47311019897461,30.098058700561523,55.5711669921875,359.89886474609375,2.613360643386841,2.613360643386841,2.613360643386841,0.0
19.422136306762695,67.45999908447266,1000.0,91.0,0.6427260041236877,0.022225283086299896,4.0,0.9983448386192322,0.9983448386192322,0.9983448386192322,0.021006271243095398,0.00018960000306833535,0.4603113532066345,1840000.0,-0.02584167569875717,0.018334567546844482,0.001566937193274498,0.033267613500356674,-0.0006048455834388733,2.0060155391693115,2.659341335296631,0.1925654411315918,4.625583648681641,5389.88720703125,25.789573669433594,16.996002197265625,42.78557586669922,467.447265625,2.6417107582092285,2.6417107582092285,2.6417107582092285,0.0
19.818069458007812,55.86000061035156,1000.0,92.0,0.6377139091491699,0.022015124559402466,7.0,1.0010849237442017,1.0010849237442017,1.0010849237442017,0.020173896104097366,0.0001883999939309433,0.4580087661743164,1860000.0,-0.03373386710882187,-0.007892191410064697,-0.3607703745365143,0.030401604250073433,-0.0028660092502832413,2.0747570991516113,1.8095498085021973,-0.8497915267944336,4.8297834396362305,5444.74462890625,24.312522888183594,30.52197265625,54.834495544433594,364.7339172363281,2.6703696250915527,2.6703696250915527,2.6703696250915527,0.0
19.734386444091797,36.900001525878906,1000.0,93.0,0.6293824315071106,0.020844794809818268,7.0,1.0007472038269043,1.0007472038269043,1.0007472038269043,0.021589698269963264,0.0001871999993454665,0.4541946351528168,1880000.0,-0.036665938794612885,-0.0029320716857910156,0.06662283092737198,0.031355276703834534,0.0009536724537611008,2.0200722217559814,1.6256487369537354,-0.18390107154846191,4.427663326263428,5498.32763671875,24.015037536621094,29.542375564575195,53.55741500854492,373.4310302734375,2.6974966526031494,2.6974966526031494,2.6974966526031494,0.0
19.31998062133789,39.279998779296875,1000.0,94.0,0.6332972645759583,0.02117691934108734,6.0,1.0019718408584595,1.0019718408584595,1.0019718408584595,0.023523671552538872,0.00018600000475998968,0.4560334384441376,1900000.0,-0.0418165847659111,-0.005150645971298218,0.2560165226459503,0.031022032722830772,-0.0003332439810037613,2.0690855979919434,2.469233512878418,0.8435847759246826,4.557735919952393,5549.59228515625,26.17731475830078,25.06182098388672,51.23967361450195,390.3225402832031,2.723477840423584,2.723477840423584,2.723477840423584,0.0
18.96256446838379,43.29999923706055,1000.0,95.0,0.6332771182060242,0.02167239598929882,8.0,1.0000157356262207,1.0000157356262207,1.0000157356262207,0.021843716502189636,0.00018479999562259763,0.45606258511543274,1920000.0,-0.0434187687933445,-0.0016021840274333954,0.05595727264881134,0.032491691410541534,0.001469658687710762,2.0127053260803223,1.9415727853775024,-0.5276607275009155,4.655725955963135,5610.6943359375,27.685924530029297,33.39280319213867,61.07872772216797,327.44622802734375,2.748824119567871,2.748824119567871,2.748824119567871,0.0
19.26848602294922,43.540000915527344,1000.0,96.0,0.6291094422340393,0.020975720137357712,7.0,1.0006643533706665,1.0006643533706665,1.0006643533706665,0.02167024277150631,0.00018360000103712082,0.45419538021087646,1940000.0,-0.0376872643828392,0.005731504410505295,-0.18494558334350586,0.03287075087428093,0.00037905946373939514,2.088801145553589,1.909932017326355,-0.03164076805114746,4.051130294799805,5665.3984375,25.52566909790039,29.154565811157227,54.680233001708984,365.76287841796875,2.7736263275146484,2.7736263275146484,2.7736263275146484,0.0
18.36777687072754,34.84000015258789,1000.0,97.0,0.6259956359863281,0.02074579894542694,7.0,1.0018579959869385,1.0018579959869385,1.0018579959869385,0.02124088443815708,0.000182400006451644,0.4528534412384033,1960000.0,-0.03626113384962082,0.0014261305332183838,0.10673132538795471,0.03428121656179428,0.0014104656875133514,1.9211468696594238,1.4057121276855469,-0.5042198896408081,3.643527030944824,5720.36669921875,26.309179306030273,28.632965087890625,54.942142486572266,364.019287109375,2.7970736026763916,2.7970736026763916,2.7970736026763916,0.0
19.3215389251709,45.380001068115234,1000.0,98.0,0.6239521503448486,0.02124464325606823,6.0,1.0000245571136475,1.0000245571136475,1.0000245571136475,0.02304055728018284,0.00018119999731425196,0.4519485831260681,1980000.0,-0.04358912259340286,-0.0073279887437820435,-0.04273782670497894,0.036879103630781174,0.0025978870689868927,2.0386555194854736,2.3904218673706055,0.9847097396850586,4.391786098480225,5773.0927734375,28.745195388793945,23.957054138183594,52.702247619628906,379.4904479980469,2.82035756111145,2.82035756111145,2.82035756111145,0.0
18.778732299804688,42.380001068115234,1000.0,99.0,0.6123566031455994,0.022094540297985077,8.0,1.0021928548812866,1.0021928548812866,1.0021928548812866,0.02155780978500843,0.00018000000272877514,0.4466979205608368,2000000.0,-0.0398561991751194,0.0037329234182834625,-0.12208697944879532,0.03850969672203064,0.001630593091249466,2.038947582244873,1.6476452350616455,-0.74277663230896,4.64060640335083,5833.3984375,27.438827514648438,32.84104919433594,60.27987289428711,331.78570556640625,2.843200445175171,2.843200445175171,2.843200445175171,0.0
18.594079971313477,37.2599983215332,1000.0,100.0,0.5952544212341309,0.020455343648791313,7.0,1.001516580581665,1.001516580581665,1.001516580581665,0.02162008546292782,0.0001787999935913831,0.43912893533706665,2020000.0,-0.032385773956775665,0.007470425218343735,-0.18365415930747986,0.03577250987291336,-0.002737186849117279,1.8866560459136963,1.330780029296875,-0.3168652057647705,4.195976734161377,5889.3408203125,27.097064971923828,28.82098388671875,55.91804885864258,357.666259765625,2.8651320934295654,2.8651320934295654,2.8651320934295654,0.0
18.602432250976562,40.439998626708984,1000.0,101.0,0.591659426689148,0.022124698385596275,4.0,1.0030664205551147,1.0030664205551147,1.0030664205551147,0.02422267757356167,0.00017759999900590628,0.43764209747314453,2040000.0,-0.01902507059276104,0.013360703364014626,0.19431057572364807,0.03459995612502098,-0.0011725537478923798,2.0415163040161133,2.5684962272644043,1.2377161979675293,4.911915302276611,5932.2392578125,25.4591064453125,17.414472579956055,42.87358093261719,466.4877624511719,2.8865694999694824,2.8865694999694824,2.8865694999694824,0.0
16.69831085205078,40.91999816894531,1000.0,102.0,0.591012179851532,0.020369695499539375,7.0,1.0014240741729736,1.0014240741729736,1.0014240741729736,0.02092624455690384,0.00017640000442042947,0.43738117814064026,2060000.0,-0.03212037682533264,-0.013095306232571602,-0.09041433781385422,0.0321570560336113,-0.0024429000914096832,1.71494722366333,1.4452189207077026,-1.1232773065567017,3.96075439453125,5987.38134765625,24.560836791992188,30.555652618408203,55.11648941040039,362.8677978515625,2.9076149463653564,2.9076149463653564,2.9076149463653564,0.0
17.03003692626953,44.400001525878906,1000.0,103.0,0.582597017288208,0.02074827067553997,4.0,1.0020519495010376,1.0020519495010376,1.0020519495010376,0.02107587642967701,0.00017519999528303742,0.4337609112262726,2080000.0,-0.023403342813253403,0.008717034012079239,0.18821103870868683,0.036533936858177185,0.0043768808245658875,1.8826984167099,2.0045225620269775,0.5593036413192749,4.267075061798096,6028.64404296875,23.855016708374023,17.384260177612305,41.23927688598633,484.9745788574219,2.9286675453186035,2.9286675453186035,2.9286675453186035,0.0
16.899002075195312,41.20000076293945,1000.0,104.0,0.5792699456214905,0.0208603423088789,7.0,1.0012526512145996,1.0012526512145996,1.0012526512145996,0.021638663485646248,0.0001740000006975606,0.4322955310344696,2100000.0,-0.03998961299657822,-0.016586270183324814,0.3125847280025482,0.03222711384296417,-0.004306823015213013,1.878687858581543,1.6876808404922485,-0.316841721534729,4.2941203117370605,6084.701171875,26.5775146484375,29.4556827545166,56.033199310302734,356.9312744140625,2.94940447807312,2.94940447807312,2.94940447807312,0.0
17.96929359436035,42.41999816894531,1000.0,105.0,0.5766724944114685,0.023695748299360275,7.0,1.0007704496383667,1.0007704496383667,1.0007704496383667,0.022975491359829903,0.0001728000061120838,0.4311685264110565,2120000.0,-0.03892716392874718,0.0010624490678310394,0.014257058501243591,0.034053556621074677,0.0018264427781105042,1.829781413078308,1.7469360828399658,0.059255242347717285,4.24362325668335,6138.98291015625,25.805152893066406,28.451648712158203,54.25680160522461,368.61737060546875,2.9699878692626953,2.9699878692626953,2.9699878692626953,0.0
17.563838958740234,42.47999954223633,1000.0,106.0,0.5761318206787109,0.0205438993871212,8.0,1.0025012493133545,1.0025012493133545,1.0025012493133545,0.022267423570156097,0.00017159999697469175,0.4309450685977936,2140000.0,-0.0394219271838665,-0.0004947632551193237,0.05699610710144043,0.03938214108347893,0.005328584462404251,1.804677963256836,1.6184589862823486,-0.1284770965576172,3.9614992141723633,6198.48974609375,26.859891891479492,32.621490478515625,59.482383728027344,336.2340087890625,2.9904444217681885,2.9904444217681885,2.9904444217681885,0.0
17.74030303955078,41.18000030517578,1000.0,107.0,0.57913738489151,0.022055599838495255,6.0,1.0018491744995117,1.0018491744995117,1.0018491744995117,0.022970573976635933,0.00017040000238921493,0.4322686493396759,2160000.0,-0.03775937482714653,0.0016625523567199707,-0.08095663785934448,0.038234543055295944,-0.0011475980281829834,1.9554994106292725,1.9666634798049927,0.34820449352264404,4.113916873931885,6251.109375,26.913795471191406,25.68122100830078,52.59501647949219,380.26416015625,3.01065731048584,3.01065731048584,3.01065731048584,0.0
18.031339645385742,45.97999954223633,1000.0,108.0,0.5806366205215454,0.021137073636054993,7.0,1.0001544952392578,1.0001544952392578,1.0001544952392578,0.021999327465891838,0.0001691999932518229,0.43288686871528625,2180000.0,-0.04483184218406677,-0.007072467356920242,0.23036137223243713,0.03755601495504379,-0.0006785281002521515,1.9273253679275513,2.1281912326812744,0.16152775287628174,4.10890531539917,6306.8935546875,27.04793357849121,28.712997436523438,55.761932373046875,358.6676330566406,3.0311548709869385,3.0311548709869385,3.0311548709869385,0.0
17.604063034057617,47.2599983215332,1000.0,109.0,0.5750192999839783,0.023127319291234016,8.0,1.0014302730560303,1.0014302730560303,1.0014302730560303,0.02222156524658203,0.00016799999866634607,0.43047866225242615,2200000.0,-0.04122905060648918,0.003602791577577591,0.29787352681159973,0.0380900502204895,0.0005340352654457092,1.763615608215332,1.6051408052444458,-0.5230504274368286,4.3027191162109375,6367.126953125,26.550302505493164,33.659629821777344,60.20993423461914,332.1711120605469,3.0520479679107666,3.0520479679107666,3.0520479679107666,0.0
17.877727508544922,47.599998474121094,1000.0,110.0,0.5721465945243835,0.02136746421456337,7.0,1.0001258850097656,1.0001258850097656,1.0001258850097656,0.022132210433483124,0.00016680000408086926,0.4291980266571045,2220000.0,-0.04730144515633583,-0.006072394549846649,0.22591716051101685,0.040469881147146225,0.002379830926656723,1.9346716403961182,1.8970093727111816,0.29186856746673584,4.4806365966796875,6423.57373046875,26.84464454650879,29.571453094482422,56.41609573364258,354.5087585449219,3.073338508605957,3.073338508605957,3.073338508605957,0.0
18.093027114868164,35.459999084472656,1000.0,111.0,0.5630698800086975,0.02199425734579563,9.0,1.000723958015442,1.000723958015442,1.000723958015442,0.02083008363842964,0.0001655999949434772,0.4252833425998688,2240000.0,-0.03637450560927391,0.01092693954706192,-0.09751269221305847,0.03696912154555321,-0.0035007596015930176,1.9438894987106323,1.213731050491333,-0.6832783222198486,4.387795925140381,6487.1826171875,25.87972640991211,37.705928802490234,63.585655212402344,314.5363464355469,3.0937156677246094,3.0937156677246094,3.0937156677246094,0.0
18.612140655517578,42.47999954223633,1000.0,112.0,0.5575886964797974,0.0208396278321743,5.0,1.000881314277649,1.000881314277649,1.000881314277649,0.02365167811512947,0.0001644000003580004,0.4229084253311157,2260000.0,-0.03015119396150112,0.006223311647772789,0.013464957475662231,0.04068225994706154,0.0037131384015083313,1.8930195569992065,2.034201145172119,0.8204700946807861,3.8909268379211426,6532.63037109375,25.267881393432617,20.15472412109375,45.422603607177734,440.3094177246094,3.114017963409424,3.114017963409424,3.114017963409424,0.0
18.146799087524414,37.29999923706055,1000.0,113.0,0.5584428906440735,0.021621370688080788,8.0,1.0012600421905518,1.0012600421905518,1.0012600421905518,0.020927714183926582,0.00016320000577252358,0.4232071042060852,2280000.0,-0.040525052696466446,-0.010373858734965324,-0.03891633450984955,0.03751957789063454,-0.003162682056427002,1.7764111757278442,1.504909873008728,-0.5292912721633911,4.243478298187256,6594.681640625,28.363422393798828,33.664188385009766,62.027610778808594,322.43707275390625,3.133706569671631,3.133706569671631,3.133706569671631,0.0
16.994930267333984,42.5,1000.0,114.0,0.549932062625885,0.022784458473324776,8.0,1.000710368156433,1.000710368156433,1.000710368156433,0.02197503112256527,0.00016199999663513154,0.41961947083473206,2300000.0,-0.033246271312236786,0.00727878138422966,0.05359978228807449,0.03187849745154381,-0.005641080439090729,1.7646757364273071,1.272539734840393,-0.23237013816833496,4.055126190185547,6653.9248046875,25.828332901000977,33.39030075073242,59.218631744384766,337.7315368652344,3.1534016132354736,3.1534016132354736,3.1534016132354736,0.0
16.697107315063477,39.86000061035156,1000.0,115.0,0.5440440773963928,0.020777452737092972,7.0,1.0003275871276855,1.0003275871276855,1.0003275871276855,0.02184840850532055,0.00016080000204965472,0.41711995005607605,2320000.0,-0.03637789189815521,-0.0031316205859184265,0.029004141688346863,0.03785500302910805,0.0059765055775642395,1.8320937156677246,1.523054599761963,0.2505148649215698,4.160384178161621,6710.734375,27.8790340423584,28.905296325683594,56.784332275390625,352.2098388671875,3.1728250980377197,3.1728250980377197,3.1728250980377197,0.0
17.134483337402344,42.97999954223633,1000.0,116.0,0.5383234024047852,0.02093203365802765,1.0,1.0001609325408936,1.0001609325408936,1.0001609325408936,0.02506551332771778,0.00015959999291226268,0.4147249758243561,2340000.0,0.025109045207500458,0.06148693710565567,0.24468301236629486,0.0424489825963974,0.004593979567289352,1.9034080505371094,5.2687506675720215,3.7456960678100586,3.9625601768493652,6742.2099609375,27.32866859436035,4.12244987487793,31.45111846923828,635.907470703125,3.1923441886901855,3.1923441886901855,3.1923441886901855,0.0
17.453351974487305,55.619998931884766,1000.0,117.0,0.5395182371139526,0.021246321499347687,6.0,1.0024815797805786,1.0024815797805786,1.0024815797805786,0.022950218990445137,0.00015839999832678586,0.4152080714702606,2360000.0,-0.04612992703914642,-0.07123897224664688,-0.09259269386529922,0.036434222012758255,-0.006014760583639145,1.7915167808532715,2.521275758743286,-2.7474749088287354,4.630507946014404,6792.697265625,24.582063674926758,25.88428497314453,50.46635055541992,396.3036804199219,3.2132959365844727,3.2132959365844727,3.2132959365844727,0.0
17.057857513427734,56.619998931884766,1000.0,118.0,0.5399687886238098,0.023480495437979698,8.0,1.0028271675109863,1.0028271675109863,1.0028271675109863,0.022355802357196808,0.00015720000374130905,0.4153621792793274,2380000.0,-0.051955267786979675,-0.005825340747833252,-0.07028220593929291,0.0373547300696373,0.0009205080568790436,1.8456835746765137,2.0761022567749023,-0.4451735019683838,5.154623985290527,6852.29931640625,25.913684844970703,33.66481018066406,59.57849884033203,335.69158935546875,3.235642671585083,3.235642671585083,3.235642671585083,0.0
17.04462242126465,50.060001373291016,1000.0,119.0,0.5270185470581055,0.022028503939509392,9.0,1.00026273727417,1.00026273727417,1.00026273727417,0.020738033577799797,0.000155999994603917,0.41002434492111206,2400000.0,-0.03856871277093887,0.013386555016040802,0.33487915992736816,0.03343786671757698,-0.003916863352060318,1.8349493741989136,1.4136714935302734,-0.6624307632446289,4.595224380493164,6916.1513671875,25.8226318359375,38.00576400756836,63.82839584350586,313.34014892578125,3.258558511734009,3.258558511734009,3.258558511734009,0.0
17.196929931640625,35.97999954223633,1000.0,120.0,0.5167498588562012,0.020210403949022293,6.0,0.9978886842727661,0.9978886842727661,0.9978886842727661,0.021811040118336678,0.0001548000000184402,0.4058125615119934,2420000.0,-0.03600665554404259,0.002562057226896286,-2.4266541004180908e-05,0.03603329882025719,0.0025954321026802063,1.904649257659912,1.6778781414031982,0.2642066478729248,5.339878082275391,6968.67236328125,26.85357666015625,25.64020347595215,52.49378204345703,380.99749755859375,3.2804813385009766,3.2804813385009766,3.2804813385009766,0.0
17.720237731933594,41.0,1000.0,121.0,0.5193535685539246,0.020774265751242638,6.0,1.0015902519226074,1.0015902519226074,1.0015902519226074,0.022245677188038826,0.00015360000543296337,0.4068371653556824,2440000.0,-0.03826995566487312,-0.002263300120830536,-0.23870545625686646,0.0370931550860405,0.00105985626578331,1.9357941150665283,2.202418565750122,0.5245404243469238,4.592981815338135,7020.6953125,25.714366912841797,26.285114288330078,51.999481201171875,384.61920166015625,3.3020572662353516,3.3020572662353516,3.3020572662353516,0.0
17.579082489013672,38.31999969482422,1000.0,122.0,0.5203770399093628,0.0202366691082716,8.0,1.0004531145095825,1.0004531145095825,1.0004531145095825,0.02061215601861477,0.00015239999629557133,0.40729138255119324,2460000.0,-0.03746010735630989,0.0008098483085632324,-0.23816168308258057,0.034328050911426544,-0.0027651041746139526,1.7506121397018433,1.4273265600204468,-0.7750920057296753,4.4999799728393555,7079.16943359375,23.534236907958984,34.916263580322266,58.45050048828125,342.16986083984375,3.323033094406128,3.323033094406128,3.323033094406128,0.0
17.855268478393555,34.599998474121094,1000.0,123.0,0.5140608549118042,0.021181169897317886,7.0,1.000143051147461,1.000143051147461,1.000143051147461,0.020600413903594017,0.0001512000017100945,0.40471789240837097,2480000.0,-0.033036038279533386,0.0044240690767765045,0.1701350063085556,0.037961896508932114,0.0036338455975055695,1.9080204963684082,1.2567224502563477,-0.17060410976409912,4.213803291320801,7133.9423828125,24.604873657226562,30.138805389404297,54.74367904663086,365.3389892578125,3.343061923980713,3.343061923980713,3.343061923980713,0.0
17.03436851501465,31.979999542236328,1000.0,124.0,0.5141080617904663,0.020676497370004654,6.0,1.0003114938735962,1.0003114938735962,1.0003114938735962,0.021645929664373398,0.0001500000071246177,0.4047335684299469,2500000.0,-0.038581427186727524,-0.005545388907194138,0.048833929002285004,0.04034320265054703,0.002381306141614914,1.855162501335144,1.857150673866272,0.6004282236099243,4.147579193115234,7185.63818359375,25.010507583618164,26.66105079650879,51.67155838012695,387.0601501464844,3.3619470596313477,3.3619470596313477,3.3619470596313477,0.0
16.53990936279297,39.220001220703125,1000.0,125.0,0.518477201461792,0.023033222183585167,5.0,1.0009102821350098,1.0009102821350098,1.0009102821350098,0.022045182064175606,0.00014879999798722565,0.40651723742485046,2520000.0,-0.03095175325870514,0.007629673928022385,-0.17268536984920502,0.03798608481884003,-0.0023571178317070007,1.793487310409546,2.0865237712860107,0.22937309741973877,4.5206804275512695,7231.7265625,25.871854782104492,20.190095901489258,46.06195068359375,434.1978454589844,3.3806076049804688,3.3806076049804688,3.3806076049804688,0.0
17.0273380279541,38.18000030517578,1000.0,126.0,0.5226998329162598,0.02120460756123066,8.0,1.00080406665802,1.00080406665802,1.00080406665802,0.020723987370729446,0.00014760000340174884,0.40824052691459656,2540000.0,-0.033479493111371994,-0.002527739852666855,-0.0008190944790840149,0.04056432843208313,0.002578243613243103,1.930478572845459,1.2658854722976685,-0.8206382989883423,4.227745532989502,7292.06396484375,27.627832412719727,32.686180114746094,60.31401062011719,331.597900390625,3.3989546298980713,3.3989546298980713,3.3989546298980713,0.0
15.913712501525879,36.63999938964844,1000.0,127.0,0.5210856795310974,0.02004488743841648,7.0,1.0013465881347656,1.0013465881347656,1.0013465881347656,0.022503331303596497,0.0001463999942643568,0.4075545072555542,2560000.0,-0.03969987481832504,-0.006220381706953049,-0.03801141679286957,0.0388922244310379,-0.001672104001045227,1.7341099977493286,1.6099408864974976,0.3440554141998291,4.030728816986084,7348.65283203125,28.00748634338379,28.55762481689453,56.56510925292969,353.5748291015625,3.4168508052825928,3.4168508052825928,3.4168508052825928,0.0
16.392627716064453,29.15999984741211,1000.0,128.0,0.5194015502929688,0.021877318620681763,8.0,1.0004998445510864,1.0004998445510864,1.0004998445510864,0.02159731462597847,0.00014519999967887998,0.4068569540977478,2580000.0,-0.03643345087766647,0.0032664239406585693,-0.0817384421825409,0.03895040228962898,5.817785859107971e-05,1.7783052921295166,1.1770062446594238,-0.43293464183807373,4.189706325531006,7408.916015625,27.5397891998291,32.69900131225586,60.238792419433594,332.011962890625,3.4334983825683594,3.4334983825683594,3.4334983825683594,0.0
16.096378326416016,27.18000030517578,1000.0,129.0,0.5144153833389282,0.022144753485918045,8.0,1.0020793676376343,1.0020793676376343,1.0020793676376343,0.02177578955888748,0.00014400000509340316,0.4048270881175995,2600000.0,-0.03405971825122833,0.002373732626438141,0.2724800109863281,0.04007387161254883,0.0011234693229198456,1.7830630540847778,1.2089530229568481,0.031946778297424316,3.793550729751587,7469.04443359375,27.487890243530273,32.61341094970703,60.10186767578125,332.76837158203125,3.4487926959991455,3.4487926959991455,3.4487926959991455,0.0
16.741819381713867,28.420000076293945,1000.0,130.0,0.5122535824775696,0.020787440240383148,6.0,0.999440610408783,0.999440610408783,0.999440610408783,0.022310039028525352,0.00014279999595601112,0.40396302938461304,2620000.0,-0.03461596742272377,-0.0005562491714954376,0.16206851601600647,0.043989941477775574,0.003916069865226746,1.8323745727539062,1.614142894744873,0.4051898717880249,4.0991411209106445,7521.830078125,27.854642868041992,24.893869400024414,52.748512268066406,379.1576232910156,3.4630072116851807,3.4630072116851807,3.4630072116851807,0.0
16.862035751342773,35.2400016784668,1000.0,131.0,0.5120877623558044,0.021381013095378876,7.0,1.0027110576629639,1.0027110576629639,1.0027110576629639,0.022130129858851433,0.0001416000013705343,0.4039227068424225,2640000.0,-0.03666456416249275,-0.002048596739768982,-0.3634442389011383,0.037492044270038605,-0.006497897207736969,1.7312843799591064,1.81965970993042,0.20551681518554688,3.9660773277282715,7578.4296875,27.67796516418457,28.897727966308594,56.57569122314453,353.5086975097656,3.4770302772521973,3.4770302772521973,3.4770302772521973,0.0
15.607736587524414,43.15999984741211,1000.0,132.0,0.5145899057388306,0.020260874181985855,7.0,1.0023175477981567,1.0023175477981567,1.0023175477981567,0.021548675373196602,0.00014040000678505749,0.404930055141449,2660000.0,-0.04193105176091194,-0.0052664875984191895,-0.15500134229660034,0.0379960760474205,0.000504031777381897,1.7200521230697632,2.0054004192352295,0.18574070930480957,3.9294323921203613,7633.9365234375,26.89673614501953,28.58597755432129,55.48271179199219,360.4726257324219,3.491788387298584,3.491788387298584,3.491788387298584,0.0
14.750402450561523,42.08000183105469,1000.0,133.0,0.5137619376182556,0.02390681393444538,7.0,0.9996455311775208,0.9996455311775208,0.9996455311775208,0.022607894614338875,0.00013919999764766544,0.4045650362968445,2680000.0,-0.04549599066376686,-0.0035649389028549194,0.14519958198070526,0.03674303740262985,-0.0012530386447906494,1.7166080474853516,1.811206340789795,-0.19419407844543457,3.4456729888916016,7689.4033203125,25.82784652709961,29.61377716064453,55.44162368774414,360.73980712890625,3.507091999053955,3.507091999053955,3.507091999053955,0.0
15.361915588378906,48.65999984741211,1000.0,134.0,0.5168797969818115,0.020686347037553787,8.0,1.001707673072815,1.001707673072815,1.001707673072815,0.023239007219672203,0.00013800000306218863,0.4058571755886078,2700000.0,-0.052238721400499344,-0.006742730736732483,0.1575273871421814,0.03864428773522377,0.0019012503325939178,1.7575080394744873,1.9615278244018555,0.15032148361206055,3.5777382850646973,7749.93701171875,27.07616424560547,33.43465042114258,60.51081466674805,330.5194396972656,3.5236401557922363,3.5236401557922363,3.5236401557922363,0.0
16.55095863342285,43.58000183105469,1000.0,135.0,0.5086318254470825,0.020562997087836266,8.0,1.0015769004821777,1.0015769004821777,1.0015769004821777,0.021151820197701454,0.00013679999392479658,0.40255141258239746,2720000.0,-0.040325555950403214,0.01191316545009613,0.12472766637802124,0.03628169000148773,-0.002362597733736038,1.8506109714508057,1.5217283964157104,-0.439799427986145,3.6040217876434326,7808.876953125,24.972354888916016,33.94387435913086,58.916229248046875,339.46502685546875,3.5407378673553467,3.5407378673553467,3.5407378673553467,0.0
17.861770629882812,45.2400016784668,1000.0,136.0,0.5056472420692444,0.020583011209964752,7.0,1.0018788576126099,1.0018788576126099,1.0018788576126099,0.022087721154093742,0.00013559999933931977,0.40133723616600037,2740000.0,-0.04094740375876427,-0.0006218478083610535,-0.03997836261987686,0.038172781467437744,0.0018910914659500122,1.7735230922698975,1.8784239292144775,0.3566955327987671,3.6269421577453613,7862.35009765625,23.14289665222168,30.305932998657227,53.448829650878906,374.1896667480469,3.558525323867798,3.558525323867798,3.558525323867798,0.0
17.709793090820312,30.700000762939453,1000.0,137.0,0.5038779973983765,0.020327677950263023,8.0,1.0002909898757935,1.0002909898757935,1.0002909898757935,0.02103736437857151,0.00013440000475384295,0.40059834718704224,2760000.0,-0.035804543644189835,0.005142860114574432,0.030793964862823486,0.0345274843275547,-0.0036452971398830414,1.798296332359314,1.1218962669372559,-0.7565276622772217,3.4733128547668457,7921.41162109375,25.07231330871582,33.966007232666016,59.0383186340332,338.7630310058594,3.575263261795044,3.575263261795044,3.575263261795044,0.0
16.936124801635742,36.31999969482422,1000.0,138.0,0.5008066892623901,0.020710961893200874,7.0,1.0019915103912354,1.0019915103912354,1.0019915103912354,0.022719494998455048,0.0001331999956164509,0.39937838912010193,2780000.0,-0.040565814822912216,-0.004761271178722382,-0.07646647095680237,0.03633715212345123,0.0018096677958965302,1.8261820077896118,1.7943222522735596,0.6724259853363037,3.253272294998169,7976.00048828125,25.35039520263672,29.212833404541016,54.563228607177734,366.5472412109375,3.591710329055786,3.591710329055786,3.591710329055786,0.0
15.513382911682129,31.719999313354492,1000.0,139.0,0.5000894069671631,0.021400945261120796,9.0,1.0025386810302734,1.0025386810302734,1.0025386810302734,0.02108234539628029,0.0001320000010309741,0.39909374713897705,2800000.0,-0.04013000428676605,0.00043581053614616394,0.13813695311546326,0.03564649447798729,-0.0006906576454639435,1.6862174272537231,1.2387337684631348,-0.5555884838104248,3.4221277236938477,8039.37939453125,26.506683349609375,36.846435546875,63.353118896484375,315.69085693359375,3.607361078262329,3.607361078262329,3.607361078262329,0.0
15.112953186035156,36.31999969482422,1000.0,140.0,0.4944876432418823,0.02301701344549656,8.0,1.0021308660507202,1.0021308660507202,1.0021308660507202,0.022829504683613777,0.00013080000644549727,0.3968617916107178,2820000.0,-0.03865085542201996,0.0014791488647460938,0.244587242603302,0.03170185163617134,-0.0039446428418159485,1.6898066997528076,1.254145622253418,0.015411853790283203,3.356773853302002,8099.4951171875,26.89418601989746,33.19705581665039,60.09224319458008,332.8216552734375,3.6228349208831787,3.6228349208831787,3.6228349208831787,0.0
15.688446998596191,44.52000045776367,1000.0,141.0,0.48893100023269653,0.020917467772960663,7.0,1.0023016929626465,1.0023016929626465,1.0023016929626465,0.021884309127926826,0.00012959999730810523,0.39466145634651184,2840000.0,-0.04613001272082329,-0.0074791572988033295,-0.08620388060808182,0.040502872318029404,0.008801020681858063,1.8169609308242798,1.749294638633728,0.49514901638031006,3.435030460357666,8156.314453125,28.2288818359375,28.565216064453125,56.794097900390625,352.1492614746094,3.639110565185547,3.639110565185547,3.639110565185547,0.0
16.945396423339844,39.91999816894531,1000.0,142.0,0.48897644877433777,0.023352080956101418,9.0,0.9991584420204163,0.9991584420204163,0.9991584420204163,0.021782997995615005,0.00012840000272262841,0.3946668803691864,2860000.0,-0.04884279519319534,-0.002712782472372055,-0.32729512453079224,0.04011189937591553,-0.00039097294211387634,1.8743839263916016,1.5387409925460815,-0.21055364608764648,3.99350905418396,8220.6904296875,26.640735626220703,37.71014404296875,64.35087585449219,310.79608154296875,3.6555776596069336,3.6555776596069336,3.6555776596069336,0.0
17.599035263061523,45.619998931884766,1000.0,143.0,0.486689031124115,0.02018929459154606,7.0,1.0019454956054688,1.0019454956054688,1.0019454956054688,0.021823029965162277,0.00012719999358523637,0.39373788237571716,2880000.0,-0.04548883065581322,0.003353964537382126,0.1505661904811859,0.039441946893930435,-0.0006699524819850922,1.8077692985534668,1.8770636320114136,0.33832263946533203,3.6333863735198975,8277.654296875,28.27948760986328,28.66134262084961,56.94083023071289,351.2418212890625,3.6728878021240234,3.6728878021240234,3.6728878021240234,0.0
18.271711349487305,43.15999984741211,1000.0,144.0,0.48297393321990967,0.020514123141765594,8.0,1.000571846961975,1.000571846961975,1.000571846961975,0.020216524600982666,0.00012599999899975955,0.39228731393814087,2900000.0,-0.043325383216142654,0.0021634474396705627,0.112046979367733,0.038031842559576035,-0.0014101043343544006,1.906343936920166,1.642336368560791,-0.23472726345062256,3.4674155712127686,8335.05859375,23.977619171142578,33.40324783325195,57.3808708190918,348.5482177734375,3.690675735473633,3.690675735473633,3.690675735473633,0.0
17.5303897857666,41.7599983215332,1000.0,145.0,0.48094046115875244,0.02018364518880844,8.0,0.9998739361763,0.9998739361763,0.9998739361763,0.0215456485748291,0.00012480000441428274,0.3915267288684845,2920000.0,-0.03921477869153023,0.004110604524612427,-0.03910117596387863,0.03554963320493698,-0.0024822093546390533,1.691798448562622,1.1703681945800781,-0.4719681739807129,4.0075249671936035,8394.068359375,25.31770133972168,33.667457580566406,58.98516082763672,339.0683288574219,3.7087349891662598,3.7087349891662598,3.7087349891662598,0.0
16.4202938079834,35.2400016784668,1000.0,146.0,0.4774782657623291,0.021888822317123413,8.0,1.0039262771606445,1.0039262771606445,1.0039262771606445,0.022574065253138542,0.0001235999952768907,0.3901750147342682,2940000.0,-0.04671233147382736,-0.007497552782297134,-0.061512306332588196,0.03771650418639183,0.0021668709814548492,1.7086101770401,1.6989578008651733,0.5285896062850952,3.829223871231079,8453.8564453125,25.339872360229492,34.41299057006836,59.75286102294922,334.7120056152344,3.7262730598449707,3.7262730598449707,3.7262730598449707,0.0
15.017565727233887,34.900001525878906,1000.0,147.0,0.47204580903053284,0.02124645747244358,8.0,1.0015110969543457,1.0015110969543457,1.0015110969543457,0.020803863182663918,0.00012240000069141388,0.38805490732192993,2960000.0,-0.042599719017744064,0.004112612456083298,0.08112947642803192,0.03924573212862015,0.0015292279422283173,1.7896254062652588,1.3016700744628906,-0.3972877264022827,3.886592149734497,8511.40234375,23.741573333740234,33.78054428100586,57.522117614746094,347.6923522949219,3.7433035373687744,3.7433035373687744,3.7433035373687744,0.0
14.701952934265137,32.540000915527344,1000.0,148.0,0.4613225758075714,0.020202944055199623,9.0,1.0011708736419678,1.0011708736419678,1.0011708736419678,0.02005813643336296,0.00012119999882997945,0.38390934467315674,2980000.0,-0.03626123443245888,0.006338484585285187,-0.23817673325538635,0.034087128937244415,-0.005158603191375732,1.7212443351745605,1.1175559759140015,-0.18411409854888916,3.568312406539917,8575.03125,25.54216194152832,38.06200408935547,63.60416793823242,314.44482421875,3.759596109390259,3.759596109390259,3.759596109390259,0.0
14.171527862548828,36.279998779296875,1000.0,149.0,0.4571906626224518,0.023102136328816414,8.0,1.002750039100647,1.002750039100647,1.002750039100647,0.02326914109289646,0.00011999999696854502,0.38232848048210144,3000000.0,-0.04852022975683212,-0.012258995324373245,0.18723776936531067,0.03538506478071213,0.0012979358434677124,1.672689437866211,1.4996709823608398,0.3821150064468384,3.6451992988586426,8632.4072265625,23.375213623046875,33.94809341430664,57.323307037353516,348.8982238769531,3.775675058364868,3.775675058364868,3.775675058364868,0.0
14.757579803466797,34.459999084472656,1000.0,150.0,0.4523473381996155,0.0221363827586174,9.0,0.999258279800415,0.999258279800415,0.999258279800415,0.020719014108181,0.0001188000023830682,0.38049745559692383,3020000.0,-0.039014782756567,0.009505447000265121,0.019084066152572632,0.03813620284199715,0.002751138061285019,1.7097257375717163,1.0631563663482666,-0.43651461601257324,3.6661295890808105,8695.1904296875,24.92820930480957,37.830379486083984,62.75858688354492,318.6814880371094,3.7913453578948975,3.7913453578948975,3.7913453578948975,0.0
14.154130935668945,32.619998931884766,1000.0,151.0,0.4439626932144165,0.02009497955441475,7.0,0.9987133145332336,0.9987133145332336,0.9987133145332336,0.022074304521083832,0.00011760000052163377,0.37730810046195984,3040000.0,-0.037184178829193115,0.001830603927373886,-0.3618837594985962,0.03564535826444626,-0.002490844577550888,1.6270053386688232,1.4208275079727173,0.3576711416244507,3.5679550170898438,8750.888671875,27.07221221923828,28.60123062133789,55.67344284057617,359.2377014160156,3.806427240371704,3.806427240371704,3.806427240371704,0.0
14.625826835632324,31.65999984741211,1000.0,152.0,0.44239264726638794,0.02128010056912899,8.0,1.0018067359924316,1.0018067359924316,1.0018067359924316,0.022904453799128532,0.00011639999866019934,0.3767165243625641,3060000.0,-0.04809447377920151,-0.010910294950008392,0.17310525476932526,0.04090527817606926,0.005259919911623001,1.571518898010254,1.8577163219451904,0.43688881397247314,3.3985238075256348,8808.8193359375,25.434757232666016,32.47074890136719,57.90550231933594,345.39031982421875,3.820863723754883,3.820863723754883,3.820863723754883,0.0
14.807952880859375,40.63999938964844,1000.0,153.0,0.43746644258499146,0.020709773525595665,7.0,1.001836895942688,1.001836895942688,1.001836895942688,0.021736454218626022,0.00011519999679876491,0.3748721182346344,3080000.0,-0.047276660799980164,0.000817812979221344,0.09052636474370956,0.03587160259485245,-0.005033675581216812,1.806969165802002,1.9721108675003052,0.11439454555511475,4.179187774658203,8864.5380859375,26.855079650878906,28.84062957763672,55.695709228515625,359.0940856933594,3.835812568664551,3.835812568664551,3.835812568664551,0.0
16.057411193847656,45.47999954223633,1000.0,154.0,0.4324515461921692,0.02036452665925026,8.0,1.003363847732544,1.003363847732544,1.003363847732544,0.02092420682311058,0.0001140000022132881,0.37299495935440063,3100000.0,-0.04539984464645386,0.0018768161535263062,-0.1167995035648346,0.03670318052172661,0.0008315779268741608,1.8060306310653687,1.7326472997665405,-0.23946356773376465,3.9326062202453613,8922.8857421875,23.729339599609375,34.59461212158203,58.323951721191406,342.91229248046875,3.8518126010894775,3.8518126010894775,3.8518126010894775,0.0
16.184757232666016,40.52000045776367,1000.0,155.0,0.43067532777786255,0.020255688577890396,8.0,1.0004650354385376,1.0004650354385376,1.0004650354385376,0.020987199619412422,0.00011280000035185367,0.37238964438438416,3120000.0,-0.04103495925664902,0.00436488538980484,0.00945884920656681,0.035999640822410583,-0.0007035396993160248,1.7460545301437378,1.3993996381759644,-0.33324766159057617,4.225956916809082,8981.05078125,23.2558650970459,34.88491439819336,58.14179992675781,343.9866027832031,3.8681647777557373,3.8681647777557373,3.8681647777557373,0.0
16.046607971191406,39.34000015258789,1000.0,156.0,0.43033143877983093,0.02269805036485195,8.0,1.0037646293640137,1.0037646293640137,1.0037646293640137,0.022111011669039726,0.00011159999849041924,0.3722996115684509,3140000.0,-0.046493012458086014,-0.0054580532014369965,-0.19106127321720123,0.03766545653343201,0.0016658157110214233,1.629262924194336,1.481621503829956,0.0822218656539917,4.023277759552002,9038.048828125,22.485929489135742,34.48444366455078,56.97137451171875,351.0534973144531,3.884695529937744,3.884695529937744,3.884695529937744,0.0
16.502199172973633,36.619998931884766,1000.0,157.0,0.4264897406101227,0.021768612787127495,9.0,1.002794623374939,1.002794623374939,1.002794623374939,0.022071467712521553,0.00011039999662898481,0.3708067536354065,3160000.0,-0.051036637276411057,-0.004543624818325043,-0.14276517927646637,0.037511155009269714,-0.00015430152416229248,1.7891783714294434,1.4346215724945068,-0.04699993133544922,4.170500755310059,9099.5810546875,24.455650329589844,37.04838943481445,61.5040397644043,325.181884765625,3.9010586738586426,3.9010586738586426,3.9010586738586426,0.0
16.75782585144043,34.2400016784668,1000.0,158.0,0.4209834635257721,0.021722376346588135,8.0,1.0005989074707031,1.0005989074707031,1.0005989074707031,0.020532039925456047,0.00010920000204350799,0.36877432465553284,3180000.0,-0.037760477513074875,0.013276159763336182,0.15461160242557526,0.03705846145749092,-0.00045269355177879333,1.8002156019210815,1.183833360671997,-0.25078821182250977,3.881446599960327,9158.767578125,25.86602210998535,33.29413604736328,59.161155700683594,338.05963134765625,3.9169814586639404,3.9169814586639404,3.9169814586639404,0.0
17.424514770507812,31.860000610351562,1000.0,159.0,0.41543057560920715,0.02002316527068615,8.0,1.001621127128601,1.001621127128601,1.001621127128601,0.021043449640274048,0.00010800000018207356,0.36670804023742676,3200000.0,-0.03759114816784859,0.00016932934522628784,-0.07239591330289841,0.037785086780786514,0.0007266253232955933,1.7672375440597534,1.1417335271835327,-0.042099833488464355,3.5686397552490234,9217.869140625,25.840911865234375,33.236778259277344,59.07769012451172,338.5372619628906,3.9322149753570557,3.9322149753570557,3.9322149753570557,0.0
16.80360221862793,27.920000076293945,1000.0,160.0,0.4098242223262787,0.020253557711839676,8.0,1.0028934478759766,1.0028934478759766,1.0028934478759766,0.021724989637732506,0.00010679999832063913,0.36463040113449097,3220000.0,-0.037243667989969254,0.0003474801778793335,-0.18281881511211395,0.0392598956823349,0.0014748089015483856,1.7286312580108643,1.2998558282852173,0.15812230110168457,3.3432676792144775,9276.060546875,25.7219295501709,32.44538879394531,58.16731643676758,343.835693359375,3.9463369846343994,3.9463369846343994,3.9463369846343994,0.0
16.166162490844727,26.739999771118164,1000.0,161.0,0.39941102266311646,0.02047421969473362,9.0,1.0005719661712646,1.0005719661712646,1.0005719661712646,0.02052450366318226,0.0001055999964592047,0.3608364760875702,3240000.0,-0.03494097664952278,0.002302691340446472,-0.22808480262756348,0.0390169657766819,-0.00024292990565299988,1.7980916500091553,1.0268950462341309,-0.2729607820510864,3.5616238117218018,9338.1904296875,24.29926300048828,37.80685806274414,62.10612106323242,322.0294494628906,3.959308385848999,3.959308385848999,3.959308385848999,0.0
16.613245010375977,25.420000076293945,1000.0,162.0,0.38817521929740906,0.020001154392957687,8.0,1.0009244680404663,1.0009244680404663,1.0009244680404663,0.02142958715558052,0.00010440000187372789,0.3567824065685272,3260000.0,-0.03613051772117615,-0.001189541071653366,0.010234273970127106,0.038443680852651596,-0.000573284924030304,1.8350300788879395,1.183318853378296,0.15642380714416504,3.5044007301330566,9394.3017578125,22.825834274291992,33.261131286621094,56.08696746826172,356.5890808105469,3.9710745811462402,3.9710745811462402,3.9710745811462402,0.0
16.001340866088867,18.760000228881836,1000.0,163.0,0.3800875246524811,0.021580327302217484,9.0,1.0002316236495972,1.0002316236495972,1.0002316236495972,0.021112481132149696,0.00010320000001229346,0.35390767455101013,3280000.0,-0.02754192240536213,0.008588595315814018,0.21224647760391235,0.03967240825295448,0.001228727400302887,1.697089433670044,0.752943754196167,-0.4303750991821289,2.7613580226898193,9456.7685546875,24.55754280090332,37.88603591918945,62.44357681274414,320.2891540527344,3.980907440185547,3.980907440185547,3.980907440185547,0.0
16.350412368774414,20.3799991607666,1000.0,164.0,0.37328431010246277,0.02135527692735195,8.0,1.001250147819519,1.001250147819519,1.001250147819519,0.022145085036754608,0.00010199999815085903,0.3514848053455353,3300000.0,-0.035222914069890976,-0.007680991664528847,0.22278402745723724,0.03904253989458084,-0.000629868358373642,1.725860595703125,0.8784748911857605,0.1255311369895935,2.9388630390167236,9512.76953125,23.457902908325195,32.51824188232422,55.97614288330078,357.2950744628906,3.9891984462738037,3.9891984462738037,3.9891984462738037,0.0
15.99887466430664,20.3799991607666,1000.0,165.0,0.37160491943359375,0.022507531568408012,8.0,1.0007960796356201,1.0007960796356201,1.0007960796356201,0.022112345322966576,0.00010080000356538221,0.3508918881416321,3320000.0,-0.03181421011686325,0.0034087039530277252,0.020387953147292137,0.04001293331384659,0.0009703934192657471,1.783949851989746,1.0350830554962158,0.15660816431045532,2.894017219543457,9571.58984375,25.89828872680664,32.89601516723633,58.79544448852539,340.16241455078125,3.9960954189300537,3.9960954189300537,3.9960954189300537,0.0
15.067822456359863,24.719999313354492,1000.0,166.0,0.36744424700737,0.02149069868028164,8.0,1.0024209022521973,1.0024209022521973,1.0024209022521973,0.02180701494216919,9.960000170394778e-05,0.3494303226470947,3340000.0,-0.03440995141863823,-0.0025957413017749786,0.009541653096675873,0.035404253751039505,-0.004608679562807083,1.538819670677185,1.0887635946273804,0.05368053913116455,2.389417886734009,9631.62109375,27.050662994384766,32.9557991027832,60.0064582824707,333.2974548339844,4.0022873878479,4.0022873878479,4.0022873878479,0.0
15.15379524230957,24.399999618530273,1000.0,167.0,0.360573947429657,0.02006685547530651,8.0,1.0012084245681763,1.0012084245681763,1.0012084245681763,0.0221547894179821,9.839999984251335e-05,0.3470328450202942,3360000.0,-0.03361799567937851,0.0007919557392597198,0.18877366185188293,0.039545267820358276,0.004141014069318771,1.826851725578308,1.0737355947494507,-0.015027999877929688,2.93668532371521,9688.58203125,23.648719787597656,33.28767395019531,56.93639373779297,351.2691650390625,4.007801055908203,4.007801055908203,4.007801055908203,0.0
13.728288650512695,24.8799991607666,1000.0,168.0,0.35054653882980347,0.020058101043105125,7.0,1.0014607906341553,1.0014607906341553,1.0014607906341553,0.020643172785639763,9.719999798107892e-05,0.3435686528682709,3380000.0,-0.03363189101219177,-1.389533281326294e-05,0.3879162669181824,0.034831322729587555,-0.0047139450907707214,1.6283605098724365,1.0873976945877075,0.013662099838256836,2.785179376602173,9744.15234375,26.957717895507812,28.58932113647461,55.54703903198242,360.0552062988281,4.012763977050781,4.012763977050781,4.012763977050781,0.0
14.593465805053711,24.31999969482422,1000.0,169.0,0.34339526295661926,0.020838649943470955,10.0,1.0003085136413574,1.0003085136413574,1.0003085136413574,0.020893679931759834,9.600000339560211e-05,0.3411341607570648,3400000.0,-0.03038354404270649,0.003248346969485283,0.0038344934582710266,0.03718632087111473,0.002354998141527176,1.6795482635498047,0.7531143426895142,-0.33428335189819336,2.415177822113037,9809.359375,23.51775550842285,41.66633987426758,65.18509674072266,306.82330322265625,4.017157077789307,4.017157077789307,4.017157077789307,0.0
14.821598052978516,23.459999084472656,1000.0,170.0,0.33857864141464233,0.020432140678167343,9.0,1.0019497871398926,1.0019497871398926,1.0019497871398926,0.021598530933260918,9.480000153416768e-05,0.3394869863986969,3420000.0,-0.030102532356977463,0.0002810116857290268,0.208358496427536,0.040757033973932266,0.0035707131028175354,1.783419132232666,0.8792725205421448,0.12615817785263062,2.0651133060455322,9870.5634765625,24.089672088623047,37.08740997314453,61.17708206176758,326.9197998046875,4.020924091339111,4.020924091339111,4.020924091339111,0.0
15.81184196472168,21.979999542236328,1000.0,171.0,0.33035925030708313,0.020759258419275284,9.0,1.0022764205932617,1.0022764205932617,1.0022764205932617,0.020856216549873352,9.359999967273325e-05,0.33670467138290405,3440000.0,-0.02808675915002823,0.002015773206949234,0.047463320195674896,0.039905477315187454,-0.000851556658744812,1.761673092842102,0.7170268893241882,-0.16224563121795654,2.2730906009674072,9929.6650390625,22.9534854888916,36.123497009277344,59.07698440551758,338.54132080078125,4.023932933807373,4.023932933807373,4.023932933807373,0.0
16.690135955810547,20.639999389648438,1000.0,172.0,0.3283748924732208,0.020186180248856544,9.0,1.0023852586746216,1.0023852586746216,1.0023852586746216,0.02186097577214241,9.239999781129882e-05,0.33603888750076294,3460000.0,-0.03319338709115982,-0.005106627941131592,-0.2101464867591858,0.04025798663496971,0.0003525093197822571,1.7881468534469604,0.8654670715332031,0.1484401822090149,2.047044277191162,9994.091796875,28.072114944458008,36.329383850097656,64.40150451660156,310.5517578125,4.026081085205078,4.026081085205078,4.026081085205078,0.0
16.729881286621094,24.760000228881836,1000.0,173.0,0.3293246924877167,0.021484259516000748,8.0,1.0044976472854614,1.0044976472854614,1.0044976472854614,0.022085335105657578,9.1200003225822e-05,0.3363547921180725,3480000.0,-0.04349178448319435,-0.01029839739203453,0.12633967399597168,0.039792437106370926,-0.0004655495285987854,1.8605201244354248,1.4566057920455933,0.5911387205123901,2.1213505268096924,10051.9970703125,24.265993118286133,33.61427307128906,57.881263732910156,345.5349426269531,4.027988910675049,4.027988910675049,4.027988910675049,0.0
17.449134826660156,31.860000610351562,1000.0,174.0,0.3291252851486206,0.020413706079125404,9.0,1.0019506216049194,1.0019506216049194,1.0019506216049194,0.02168378420174122,9.000000136438757e-05,0.33628571033477783,3500000.0,-0.04882189631462097,-0.0053301118314266205,-0.0062395259737968445,0.03742610290646553,-0.0023663341999053955,1.8470724821090698,1.4597281217575073,0.0031223297119140625,2.6814985275268555,10113.5244140625,24.781169891357422,36.72352981567383,61.50469970703125,325.17840576171875,4.03061056137085,4.03061056137085,4.03061056137085,0.0
17.191123962402344,34.5,1000.0,175.0,0.33003678917884827,0.02216637134552002,10.0,1.0018724203109741,1.0018724203109741,1.0018724203109741,0.02153734117746353,8.879999950295314e-05,0.33659711480140686,3520000.0,-0.04000461474061012,0.008817281574010849,0.09609285742044449,0.03947881981730461,0.002052716910839081,1.819725751876831,0.9720214605331421,-0.48770666122436523,2.5823781490325928,10177.7451171875,23.07330322265625,41.12358474731445,64.19688415527344,311.5415954589844,4.034224987030029,4.034224987030029,4.034224987030029,0.0
16.474809646606445,27.84000015258789,1000.0,176.0,0.3195180296897888,0.022067395970225334,11.0,0.9991490840911865,0.9991490840911865,0.9991490840911865,0.019702617079019547,8.759999764151871e-05,0.33308145403862,3540000.0,-0.02928198128938675,0.010722633451223373,-0.1103602945804596,0.03829207643866539,-0.0011867433786392212,1.741633415222168,0.6278789043426514,-0.3441425561904907,2.5248005390167236,10246.6875,23.228654861450195,45.689327239990234,68.91798400878906,290.20001220703125,4.037862300872803,4.037862300872803,4.037862300872803,0.0
15.709461212158203,23.299999237060547,1000.0,177.0,0.3137972354888916,0.02116846852004528,9.0,1.0023422241210938,1.0023422241210938,1.0023422241210938,0.02185804396867752,8.64000030560419e-05,0.33117949962615967,3560000.0,-0.039851050823926926,-0.010569069534540176,-0.18857651948928833,0.03830675780773163,1.4681369066238403e-05,1.8005542755126953,1.0687541961669922,0.4408752918243408,2.438070774078369,10308.9970703125,24.800128936767578,37.48414611816406,62.28427505493164,321.10833740234375,4.040921211242676,4.040921211242676,4.040921211242676,0.0
16.465797424316406,25.020000457763672,1000.0,178.0,0.3121419847011566,0.021515950560569763,11.0,1.00099778175354,1.00099778175354,1.00099778175354,0.020642437040805817,8.520000119460747e-05,0.3306325078010559,3580000.0,-0.03938094526529312,0.0004701055586338043,0.024341974407434464,0.04007430002093315,0.0017675422132015228,1.9120433330535889,0.8220993876457214,-0.24665480852127075,2.501934766769409,10378.0947265625,23.90159797668457,45.17021942138672,69.07181549072266,289.5536804199219,4.043685436248779,4.043685436248779,4.043685436248779,0.0
16.85889434814453,30.920000076293945,1000.0,179.0,0.3077518343925476,0.02072119526565075,9.0,1.0021891593933105,1.0021891593933105,1.0021891593933105,0.021567784249782562,8.399999933317304e-05,0.3291923999786377,3600000.0,-0.04538331180810928,-0.006002366542816162,-0.18244963884353638,0.036413367837667465,-0.003660932183265686,1.7895461320877075,1.1781349182128906,0.3560355305671692,2.811126470565796,10439.7666015625,24.437400817871094,37.20845413208008,61.64585494995117,324.4338073730469,4.04696798324585,4.04696798324585,4.04696798324585,0.0
16.7714900970459,25.920000076293945,1000.0,180.0,0.30504149198532104,0.02043875679373741,10.0,1.0005658864974976,1.0005658864974976,1.0005658864974976,0.020672835409641266,8.27999974717386e-05,0.32830649614334106,3620000.0,-0.04053502529859543,0.004848286509513855,-0.08874309062957764,0.03856872767210007,0.002155359834432602,1.6629905700683594,0.8469295501708984,-0.3312053680419922,2.9881627559661865,10503.1103515625,22.788719177246094,40.53021240234375,63.3199577331543,315.8561706542969,4.05005407333374,4.05005407333374,4.05005407333374,0.0
15.783369064331055,22.860000610351562,1000.0,181.0,0.29905521869659424,0.022620901465415955,9.0,1.0033427476882935,1.0033427476882935,1.0033427476882935,0.022032760083675385,8.160000288626179e-05,0.3263484239578247,3640000.0,-0.03862829506397247,0.0019067302346229553,-0.1089201346039772,0.04332568868994713,0.004756961017847061,1.7353800535202026,1.2549375295639038,0.40800797939300537,3.0052175521850586,10563.8916015625,24.37432098388672,36.37885284423828,60.75417709350586,329.1954650878906,4.052553653717041,4.052553653717041,4.052553653717041,0.0
15.40717887878418,21.260000228881836,1000.0,182.0,0.29241687059402466,0.020891617983579636,9.0,1.0037171840667725,1.0037171840667725,1.0037171840667725,0.022277992218732834,8.040000102482736e-05,0.32417893409729004,3660000.0,-0.04736298695206642,-0.008734691888093948,-0.2757275700569153,0.036130327731370926,-0.007195360958576202,1.6555136442184448,1.4722461700439453,0.2173086404800415,2.7437567710876465,10625.4580078125,25.570459365844727,35.970272064208984,61.540733337402344,324.9880065917969,4.054307460784912,4.054307460784912,4.054307460784912,0.0
14.167675018310547,17.420000076293945,1000.0,183.0,0.284894198179245,0.021911831572651863,11.0,0.9990383982658386,0.9990383982658386,0.9990383982658386,0.019487863406538963,7.919999916339293e-05,0.3217374086380005,3680000.0,-0.03442728891968727,0.01293569803237915,-0.12021832168102264,0.03664941340684891,0.0005190856754779816,1.57537043094635,0.8639817833900452,-0.6082643866539001,3.0809638500213623,10695.748046875,24.952392578125,45.31029510498047,70.26268768310547,284.6460876464844,4.054870128631592,4.054870128631592,4.054870128631592,0.0
13.365023612976074,22.559999465942383,1000.0,184.0,0.2839655876159668,0.02147148735821247,10.0,1.0011948347091675,1.0011948347091675,1.0011948347091675,0.021330049261450768,7.79999973019585e-05,0.32143309712409973,3700000.0,-0.03738376870751381,-0.002956479787826538,0.021683916449546814,0.03960766643285751,0.002958253026008606,1.5288223028182983,0.8051472902297974,-0.0588344931602478,2.9189417362213135,10759.005859375,22.60462760925293,40.628841400146484,63.23347091674805,316.2881774902344,4.05504846572876,4.05504846572876,4.05504846572876,0.0
14.451491355895996,26.479999542236328,1000.0,185.0,0.28015491366386414,0.020544392988085747,9.0,1.0037206411361694,1.0037206411361694,1.0037206411361694,0.021883085370063782,7.680000271648169e-05,0.32020944356918335,3720000.0,-0.04706920310854912,-0.009685434401035309,-0.07008924335241318,0.04235919192433357,0.002751525491476059,1.8163836002349854,1.1534782648086548,0.3483309745788574,3.1008663177490234,10820.453125,24.283084869384766,37.13662338256836,61.419708251953125,325.62835693359375,4.055409908294678,4.055409908294678,4.055409908294678,0.0
15.128508567810059,35.560001373291016,1000.0,186.0,0.2720735967159271,0.0221587922424078,11.0,1.003380298614502,1.003380298614502,1.003380298614502,0.021407147869467735,7.560000085504726e-05,0.3176399767398834,3740000.0,-0.051042746752500534,-0.003973543643951416,0.3239993155002594,0.04171406477689743,-0.000645127147436142,1.671693205833435,1.3100159168243408,0.15653765201568604,3.0420737266540527,10889.083984375,23.422582626342773,45.18287658691406,68.60546112060547,291.52197265625,4.057169437408447,4.057169437408447,4.057169437408447,0.0
15.631885528564453,36.560001373291016,1000.0,187.0,0.2653118073940277,0.020309604704380035,11.0,1.0019410848617554,1.0019410848617554,1.0019410848617554,0.020884202793240547,7.439999899361283e-05,0.31550171971321106,3760000.0,-0.04327991232275963,0.007762834429740906,-0.04512932896614075,0.036613669246435165,-0.005100395530462265,1.5043810606002808,1.0352280139923096,-0.27478790283203125,2.915640115737915,10956.404296875,22.012550354003906,45.283843994140625,67.29639434814453,297.1927490234375,4.060329437255859,4.060329437255859,4.060329437255859,0.0
14.146662712097168,33.720001220703125,1000.0,188.0,0.2654147148132324,0.020195411518216133,9.0,1.0028129816055298,1.0028129816055298,1.0028129816055298,0.02174302376806736,7.31999971321784e-05,0.31553563475608826,3780000.0,-0.04341362044215202,-0.00013370811939239502,-0.18966230750083923,0.040578849613666534,0.003965180367231369,1.580175518989563,1.4901643991470337,0.4549363851547241,2.8216185569763184,11016.1025390625,22.70496368408203,36.96855926513672,59.67352294921875,335.15704345703125,4.064370155334473,4.064370155334473,4.064370155334473,0.0
14.471811294555664,32.15999984741211,1000.0,189.0,0.26321345567703247,0.020292548462748528,10.0,1.0031944513320923,1.0031944513320923,1.0031944513320923,0.02018585428595543,7.200000254670158e-05,0.31484079360961914,3800000.0,-0.04356532171368599,-0.00015170127153396606,0.12373033165931702,0.035207439213991165,-0.005371410399675369,1.5868563652038574,0.888267457485199,-0.6018969416618347,2.6217286586761475,11080.3740234375,23.774356842041016,40.46913146972656,64.24349212646484,311.3155822753906,4.068995952606201,4.068995952606201,4.068995952606201,0.0
15.079455375671387,33.779998779296875,1000.0,190.0,0.25826504826545715,0.020233795046806335,9.0,1.0003615617752075,1.0003615617752075,1.0003615617752075,0.019853608682751656,7.080000068526715e-05,0.3132804036140442,3820000.0,-0.04071972891688347,0.0028455927968025208,0.00808281172066927,0.042817868292331696,0.00761042907834053,1.711641788482666,1.190401315689087,0.30213385820388794,3.208552360534668,11142.5869140625,26.588218688964844,35.59939956665039,62.187618255615234,321.607421875,4.074373722076416,4.074373722076416,4.074373722076416,0.0
14.841203689575195,31.8799991607666,1000.0,191.0,0.2549870014190674,0.02153169922530651,11.0,1.0030568838119507,1.0030568838119507,1.0030568838119507,0.020653845742344856,6.959999882383272e-05,0.31225454807281494,3840000.0,-0.04246199503540993,-0.0017422661185264587,-0.14613394439220428,0.03957880660891533,-0.0032390616834163666,1.585770606994629,0.9697339534759521,-0.22066736221313477,3.0336718559265137,11210.86328125,23.700578689575195,44.54747772216797,68.24805450439453,293.04864501953125,4.080172538757324,4.080172538757324,4.080172538757324,0.0
16.201763153076172,34.560001373291016,1000.0,192.0,0.2505592405796051,0.020202739164233208,10.0,1.000714898109436,1.000714898109436,1.000714898109436,0.020864516496658325,6.839999696239829e-05,0.3108712434768677,3860000.0,-0.04263722151517868,-0.00017522647976875305,-0.06242687255144119,0.0399867445230484,0.0004079379141330719,1.7818481922149658,0.9876729249954224,0.017938971519470215,3.4876387119293213,11273.791015625,22.11100959777832,40.790000915527344,62.90100860595703,317.9599304199219,4.086721897125244,4.086721897125244,4.086721897125244,0.0
15.897366523742676,26.81999969482422,1000.0,193.0,0.24176152050495148,0.022100061178207397,12.0,1.002746343612671,1.002746343612671,1.002746343612671,0.020414598286151886,6.720000237692147e-05,0.308151513338089,3880000.0,-0.03416333347558975,0.008473888039588928,-0.021427005529403687,0.043435581028461456,0.0034488365054130554,1.6962857246398926,0.6554170250892639,-0.33225589990615845,2.9288055896759033,11344.9814453125,22.788393020629883,48.37605285644531,71.16444396972656,281.0392150878906,4.092884540557861,4.092884540557861,4.092884540557861,0.0
17.339344024658203,28.959999084472656,1000.0,194.0,0.23407793045043945,0.02069159224629402,10.0,1.000649094581604,1.000649094581604,1.000649094581604,0.021648040041327477,6.600000051548705e-05,0.30579039454460144,3900000.0,-0.04750042408704758,-0.013337090611457825,-0.23309382796287537,0.03808949142694473,-0.005346089601516724,1.8399322032928467,1.0166529417037964,0.36123591661453247,3.1960747241973877,11407.8525390625,22.82653045654297,40.01880645751953,62.8453369140625,318.2415771484375,4.098995208740234,4.098995208740234,4.098995208740234,0.0
16.036611557006836,26.739999771118164,1000.0,195.0,0.23014883697032928,0.020094530656933784,10.0,1.002630591392517,1.002630591392517,1.002630591392517,0.019985320046544075,6.479999865405262e-05,0.30459141731262207,3920000.0,-0.04237290471792221,0.005127519369125366,0.031904466450214386,0.04001329466700554,0.0019238032400608063,1.7543548345565796,1.0401445627212524,0.023491621017456055,2.9333958625793457,11473.25390625,25.473846435546875,39.90200424194336,65.3758544921875,305.9233703613281,4.104752063751221,4.104752063751221,4.104752063751221,0.0
15.748061180114746,34.79999923706055,1000.0,196.0,0.23013919591903687,0.020376019179821014,10.0,1.0022716522216797,1.0022716522216797,1.0022716522216797,0.0209492277354002,6.359999679261819e-05,0.3045877516269684,3940000.0,-0.048897597938776016,-0.0065246932208538055,-0.09407531470060349,0.042775142937898636,0.002761848270893097,1.71481192111969,1.140801191329956,0.10065662860870361,3.1068150997161865,11536.1357421875,22.752819061279297,40.09954833984375,62.85236740112305,318.20599365234375,4.111310958862305,4.111310958862305,4.111310958862305,0.0
15.487835884094238,28.600000381469727,1000.0,197.0,0.2249794602394104,0.02094932645559311,13.0,1.0024166107177734,1.0024166107177734,1.0024166107177734,0.020513970404863358,6.240000220714137e-05,0.3030226230621338,3960000.0,-0.04452887549996376,0.004368722438812256,-0.17286594212055206,0.03970203548669815,-0.0030731074512004852,1.699097990989685,0.8768097758293152,-0.26399141550064087,2.7591710090637207,11612.4189453125,24.335582733154297,51.920745849609375,76.2563247680664,262.2733154296875,4.117733001708984,4.117733001708984,4.117733001708984,0.0
15.537384033203125,26.360000610351562,1000.0,198.0,0.2184344381093979,0.02037002518773079,11.0,1.0006458759307861,1.0006458759307861,1.0006458759307861,0.019620712846517563,6.120000034570694e-05,0.30104580521583557,3980000.0,-0.03847489878535271,0.0060539767146110535,0.07582786679267883,0.04242866113781929,0.0027266256511211395,1.653734803199768,0.9403102993965149,0.06350052356719971,2.979654550552368,11680.8037109375,23.946765899658203,44.41217041015625,68.35893249511719,292.57330322265625,4.123719215393066,4.123719215393066,4.123719215393066,0.0
16.131317138671875,34.31999969482422,1000.0,199.0,0.21415190398693085,0.02101508527994156,10.0,1.0055824518203735,1.0055824518203735,1.0055824518203735,0.021407583728432655,5.999999848427251e-05,0.29976171255111694,4000000.0,-0.05944759026169777,-0.020972691476345062,-0.061727967113256454,0.037775538861751556,-0.004653122276067734,1.8003734350204468,1.5356091260910034,0.5952988266944885,3.5194289684295654,11743.1845703125,22.66921043395996,39.68611145019531,62.355323791503906,320.7424621582031,4.130428314208984,4.130428314208984,4.130428314208984,0.0
15.898029327392578,32.81999969482422,1000.0,200.0,0.20761433243751526,0.021069535985589027,14.0,0.9993360042572021,0.9993360042572021,0.9993360042572021,0.019455036148428917,5.880000026081689e-05,0.297807902097702,4020000.0,-0.040512554347515106,0.018935035914182663,0.19999364018440247,0.037559494376182556,-0.00021604448556900024,1.6625995635986328,0.7115235328674316,-0.8240855932235718,2.932939291000366,11824.2705078125,25.375673294067383,55.68494415283203,81.06061553955078,246.72894287109375,4.137582302093506,4.137582302093506,4.137582302093506,0.0
16.92652702331543,31.639999389648438,1000.0,201.0,0.1970687061548233,0.02084031142294407,14.0,1.0016449689865112,1.0016449689865112,1.0016449689865112,0.020053675398230553,5.759999839938246e-05,0.29468241333961487,4040000.0,-0.03968663886189461,0.0008259154856204987,-0.32852429151535034,0.04019828513264656,0.0026387907564640045,1.7530527114868164,0.6575042009353638,-0.05401933193206787,3.0947840213775635,11904.818359375,24.574787139892578,55.945068359375,80.51985931396484,248.3859405517578,4.144974708557129,4.144974708557129,4.144974708557129,0.0
16.73125648498535,27.780000686645508,1000.0,202.0,0.1936187595129013,0.020802291110157967,14.0,1.0053116083145142,1.0053116083145142,1.0053116083145142,0.021677788347005844,5.6400000175926834e-05,0.2936694622039795,4060000.0,-0.05872505530714989,-0.01903841644525528,0.32963207364082336,0.04029224440455437,9.39592719078064e-05,1.6353232860565186,1.0076560974121094,0.3501518964767456,3.01131010055542,11986.08984375,26.02229118347168,55.22190475463867,81.24419403076172,246.1714324951172,4.152039051055908,4.152039051055908,4.152039051055908,0.0
15.597424507141113,36.560001373291016,1000.0,203.0,0.1935000866651535,0.021299799904227257,15.0,1.005863904953003,1.005863904953003,1.005863904953003,0.021152259781956673,5.5199998314492404e-05,0.29363495111465454,4080000.0,-0.06649595499038696,-0.007770899683237076,-0.3559361696243286,0.04549442231655121,0.005202177911996841,1.6101757287979126,1.0299869775772095,0.022330880165100098,3.0873494148254395,12070.4345703125,24.523439407348633,59.7894172668457,84.31285095214844,237.2117462158203,4.160049915313721,4.160049915313721,4.160049915313721,0.0
14.834800720214844,38.08000183105469,1000.0,204.0,0.18310365080833435,0.02094682678580284,14.0,0.9993597269058228,0.9993597269058228,0.9993597269058228,0.0194945577532053,5.400000009103678e-05,0.2905983030796051,4100000.0,-0.04405350983142853,0.022442445158958435,0.2895886301994324,0.03811551257967949,-0.007378909736871719,1.5453720092773438,0.7624427080154419,-0.2675442695617676,3.083914041519165,12150.603515625,23.949970245361328,56.192100524902344,80.14207458496094,249.5568084716797,4.169132232666016,4.169132232666016,4.169132232666016,0.0
14.927577018737793,33.29999923706055,1000.0,205.0,0.17508141696453094,0.020169105380773544,13.0,1.0042468309402466,1.0042468309402466,1.0042468309402466,0.020371712744235992,5.279999822960235e-05,0.28827595710754395,4120000.0,-0.051650937646627426,-0.007597427815198898,-0.03180999308824539,0.0441894456744194,0.006073933094739914,1.728915810585022,0.8518731594085693,0.08943045139312744,2.8608922958374023,12227.1201171875,25.06865692138672,51.419151306152344,76.48780822753906,261.4795837402344,4.1785078048706055,4.1785078048706055,4.1785078048706055,0.0
14.522356033325195,32.13999938964844,1000.0,206.0,0.16699661314487457,0.020260965451598167,14.0,1.0033620595932007,1.0033620595932007,1.0033620595932007,0.0205177441239357,5.160000000614673e-05,0.2859554886817932,4140000.0,-0.04204414784908295,0.00960678979754448,-0.21402432024478912,0.037408191710710526,-0.0067812539637088776,1.6352413892745972,0.7575080990791321,-0.09436506032943726,3.0250797271728516,12307.7294921875,25.208415985107422,55.372100830078125,80.58052062988281,248.19895935058594,4.187985897064209,4.187985897064209,4.187985897064209,0.0
15.62075424194336,39.15999984741211,1000.0,207.0,0.1608733981847763,0.02037367783486843,13.0,1.0052595138549805,1.0052595138549805,1.0052595138549805,0.021135671064257622,5.0400001782691106e-05,0.28420472145080566,4160000.0,-0.06678640842437744,-0.024742260575294495,0.06953761726617813,0.04133074730634689,0.003922555595636368,1.7573431730270386,1.2183947563171387,0.4608866572380066,3.028423309326172,12384.16015625,25.999067306518555,50.401790618896484,76.4008560180664,261.77716064453125,4.198556900024414,4.198556900024414,4.198556900024414,0.0
15.162212371826172,44.15999984741211,1000.0,208.0,0.15626418590545654,0.02004777267575264,14.0,1.0042966604232788,1.0042966604232788,1.0042966604232788,0.020290132611989975,4.9199999921256676e-05,0.2829011380672455,4180000.0,-0.06240935996174812,0.004377048462629318,-0.22534874081611633,0.03519377484917641,-0.0061369724571704865,1.5956538915634155,1.0592502355575562,-0.15914452075958252,2.5243828296661377,12466.1630859375,26.918315887451172,55.057552337646484,81.97586822509766,243.9742431640625,4.2108235359191895,4.2108235359191895,4.2108235359191895,0.0
16.176225662231445,37.34000015258789,1000.0,209.0,0.14756730198860168,0.020041700452566147,15.0,0.9996238350868225,0.9996238350868225,0.9996238350868225,0.019260508939623833,4.8000001697801054e-05,0.2804548442363739,4200000.0,-0.0365946963429451,0.025814663618803024,0.1184341087937355,0.0376533567905426,0.0024595819413661957,1.7536017894744873,0.60342937707901,-0.45582085847854614,2.9862380027770996,12553.978515625,27.182979583740234,60.59236526489258,87.77534484863281,227.8544158935547,4.223655700683594,4.223655700683594,4.223655700683594,0.0
15.342398643493652,30.600000381469727,1000.0,210.0,0.13863636553287506,0.020309878513216972,14.0,1.0054115056991577,1.0054115056991577,1.0054115056991577,0.02014821395277977,4.6799999836366624e-05,0.2779599130153656,4220000.0,-0.04472431540489197,-0.008129619061946869,0.06165018677711487,0.035233959555625916,-0.002419397234916687,1.6633340120315552,0.7022444605827332,0.09881508350372314,2.8239293098449707,12634.8466796875,26.420757293701172,54.41924285888672,80.83999633789062,247.40228271484375,4.236038684844971,4.236038684844971,4.236038684844971,0.0
15.291193962097168,19.139999389648438,1000.0,211.0,0.13544784486293793,0.020178351551294327,14.0,1.004656434059143,1.004656434059143,1.004656434059143,0.020622065290808678,4.5600001612911e-05,0.27707386016845703,4240000.0,-0.047078825533390045,-0.0023545101284980774,-0.11381269991397858,0.035148803144693375,-8.51564109325409e-05,1.6276402473449707,0.795920729637146,0.09367626905441284,2.52093505859375,12714.0771484375,23.498502731323242,55.70486068725586,79.20336151123047,252.5145263671875,4.246366500854492,4.246366500854492,4.246366500854492,0.0
15.784711837768555,22.0,1000.0,212.0,0.13019134104251862,0.02061881124973297,17.0,1.003099799156189,1.003099799156189,1.003099799156189,0.020282050594687462,4.439999975147657e-05,0.2756248414516449,4260000.0,-0.04745513200759888,-0.0003763064742088318,-0.38598746061325073,0.03762785717844963,0.002479054033756256,1.6682082414627075,0.65218186378479,-0.14373886585235596,2.639319896697998,12805.255859375,23.482349395751953,67.67112731933594,91.15348052978516,219.41015625,4.255251407623291,4.255251407623291,4.255251407623291,0.0
15.383439064025879,17.34000015258789,1000.0,213.0,0.117144875228405,0.021208539605140686,17.0,1.0027443170547485,1.0027443170547485,1.0027443170547485,0.019702741876244545,4.320000152802095e-05,0.2720569670200348,4280000.0,-0.03962436318397522,0.007830768823623657,0.41646483540534973,0.03790178522467613,0.00027392804622650146,1.7088158130645752,0.5099490880966187,-0.1422327756881714,2.8265137672424316,12894.6064453125,22.994930267333984,66.32819366455078,89.3231201171875,223.90618896484375,4.262156963348389,4.262156963348389,4.262156963348389,0.0
15.067333221435547,24.18000030517578,1000.0,214.0,0.11365403234958649,0.020138481631875038,17.0,1.0079506635665894,1.0079506635665894,1.0079506635665894,0.021586284041404724,4.199999966658652e-05,0.2711077630519867,4300000.0,-0.0514845997095108,-0.011860236525535583,-0.10948747396469116,0.0326266847550869,-0.005275100469589233,1.6064331531524658,0.7623860836029053,0.2524369955062866,2.236806631088257,12988.0546875,26.219335556030273,67.20045471191406,93.41978454589844,214.08741760253906,4.268269062042236,4.268269062042236,4.268269062042236,0.0
13.962915420532227,26.600000381469727,1000.0,215.0,0.11197483539581299,0.02070537768304348,18.0,1.0042871236801147,1.0042871236801147,1.0042871236801147,0.020355582237243652,4.0800001443130895e-05,0.27064597606658936,4320000.0,-0.05520620197057724,-0.0037216022610664368,0.08679401874542236,0.03466189280152321,0.00203520804643631,1.6522090435028076,0.8377413153648376,0.07535523176193237,2.477916717529297,13083.7001953125,25.377168655395508,70.22901153564453,95.60618591308594,209.19149780273438,4.274016857147217,4.274016857147217,4.274016857147217,0.0
14.090978622436523,32.91999816894531,1000.0,216.0,0.10918846726417542,0.020501766353845596,17.0,1.004233479499817,1.004233479499817,1.004233479499817,0.02023584581911564,3.9599999581696466e-05,0.26988834142684937,4340000.0,-0.05952541157603264,-0.0043192096054553986,0.19277244806289673,0.03822106868028641,0.003559175878763199,1.6031516790390015,0.7675744891166687,-0.07016682624816895,2.7581443786621094,13174.8134765625,23.58649444580078,67.49773406982422,91.084228515625,219.5769805908203,4.280357837677002,4.280357837677002,4.280357837677002,0.0
16.20872688293457,27.979999542236328,1000.0,217.0,0.09929559379816055,0.02036895789206028,17.0,1.001010537147522,1.001010537147522,1.001010537147522,0.019190076738595963,3.840000135824084e-05,0.26723340153694153,4360000.0,-0.04336774721741676,0.016157664358615875,-0.08747153729200363,0.04317064955830574,0.004949580878019333,1.8043484687805176,0.6277270913124084,-0.13984739780426025,2.9320688247680664,13265.0263671875,23.433216094970703,66.75215148925781,90.18537139892578,221.7654571533203,4.286515235900879,4.286515235900879,4.286515235900879,0.0
15.314836502075195,27.360000610351562,1000.0,218.0,0.09318168461322784,0.02010229602456093,18.0,1.0044530630111694,1.0044530630111694,1.0044530630111694,0.020330721512436867,3.719999949680641e-05,0.26560431718826294,4380000.0,-0.05052189901471138,-0.007154151797294617,0.07771293818950653,0.037580545991659164,-0.005590103566646576,1.512298583984375,0.5650707483291626,-0.06265634298324585,2.5608386993408203,13358.9560546875,21.943857192993164,71.95771789550781,93.90157318115234,212.9889678955078,4.292417049407959,4.292417049407959,4.292417049407959,0.0
15.061946868896484,27.34000015258789,1000.0,219.0,0.08884229511022568,0.020706932991743088,18.0,1.0045193433761597,1.0045193433761597,1.0045193433761597,0.020162761211395264,3.600000127335079e-05,0.26445239782333374,4400000.0,-0.05307755991816521,-0.002555660903453827,-0.23235240578651428,0.039317719638347626,0.0017371736466884613,1.7127691507339478,0.8117309212684631,0.24666017293930054,3.0592565536499023,13451.859375,21.454938888549805,71.42091369628906,92.8758544921875,215.34121704101562,4.298086166381836,4.298086166381836,4.298086166381836,0.0
14.816131591796875,26.299999237060547,1000.0,220.0,0.08404462784528732,0.020165937021374702,17.0,1.0002202987670898,1.0002202987670898,1.0002202987670898,0.018706219270825386,3.479999941191636e-05,0.26318782567977905,4420000.0,-0.044773928821086884,0.008303631097078323,-0.2900569438934326,0.042251843959093094,0.002934124320745468,1.642959713935852,0.6506712436676025,-0.1610596776008606,3.0459933280944824,13541.376953125,21.41324234008789,68.074462890625,89.48873138427734,223.4918212890625,4.3033928871154785,4.3033928871154785,4.3033928871154785,0.0
14.471675872802734,30.799999237060547,1000.0,221.0,0.07623960822820663,0.021112915128469467,21.0,1.0090856552124023,1.0090856552124023,1.0090856552124023,0.020611658692359924,3.360000118846074e-05,0.26114481687545776,4440000.0,-0.06027821823954582,-0.015504289418458939,0.09882546961307526,0.03890582174062729,-0.003346022218465805,1.5248167514801025,0.748060405254364,0.09738916158676147,2.7713851928710938,13644.5,21.604351043701172,81.49056243896484,103.09490966796875,193.99600219726562,4.309037685394287,4.309037685394287,4.309037685394287,0.0
13.766861915588379,24.299999237060547,1000.0,222.0,0.06943528354167938,0.020244121551513672,21.0,1.0031301975250244,1.0031301975250244,1.0031301975250244,0.019554661586880684,3.239999932702631e-05,0.25937217473983765,4460000.0,-0.050088319927453995,0.010189898312091827,-0.19956044852733612,0.03339075297117233,-0.005515068769454956,1.5083776712417603,0.6169872879981995,-0.13107311725616455,2.767101764678955,13749.8955078125,22.038671493530273,83.32705688476562,105.36573028564453,189.81504821777344,4.314026832580566,4.314026832580566,4.314026832580566,0.0
14.183820724487305,24.260000228881836,1000.0,223.0,0.061443399637937546,0.02008667029440403,23.0,1.009160041809082,1.009160041809082,1.009160041809082,0.01994447410106659,3.1200001103570685e-05,0.2573060095310211,4480000.0,-0.06413040310144424,-0.01404208317399025,-0.1820443570613861,0.03569554537534714,0.0023047924041748047,1.6108037233352661,0.5526553392410278,-0.06433194875717163,2.5095291137695312,13862.9658203125,22.906871795654297,90.13368225097656,113.0405502319336,176.9276580810547,4.318418502807617,4.318418502807617,4.318418502807617,0.0
14.547154426574707,19.979999542236328,1000.0,224.0,0.05331307277083397,0.02040746994316578,22.0,1.003430724143982,1.003430724143982,1.003430724143982,0.019328495487570763,2.9999999242136255e-05,0.2552239000797272,4500000.0,-0.04867790266871452,0.015452500432729721,0.183679461479187,0.03605575114488602,0.0003602057695388794,1.6272931098937988,0.6221058964729309,0.06945055723190308,2.6727170944213867,13972.9658203125,24.004419326782227,85.96517944335938,109.96959686279297,181.8684539794922,4.3216328620910645,4.3216328620910645,4.3216328620910645,0.0
14.818351745605469,26.059999465942383,1000.0,225.0,0.04962538182735443,0.020012961700558662,22.0,1.0057783126831055,1.0057783126831055,1.0057783126831055,0.02053050883114338,2.879999919969123e-05,0.2542876601219177,4520000.0,-0.059876859188079834,-0.01119895651936531,-0.37357038259506226,0.03127500042319298,-0.004780750721693039,1.6554384231567383,0.7049028277397156,0.08279693126678467,2.588460683822632,14081.3095703125,22.56413459777832,85.74844360351562,108.31257629394531,184.6507568359375,4.324691295623779,4.324691295623779,4.324691295623779,0.0
14.56682014465332,22.040000915527344,1000.0,226.0,0.04220326244831085,0.020573733374476433,26.0,1.004574179649353,1.004574179649353,1.004574179649353,0.01959860697388649,2.7599999157246202e-05,0.25241950154304504,4540000.0,-0.05509413778781891,0.004782721400260925,0.14859631657600403,0.03691451624035835,0.005639515817165375,1.508684754371643,0.5264871716499329,-0.17841565608978271,2.8648452758789062,14207.392578125,24.997529983520508,101.05510711669922,126.05264282226562,158.66387939453125,4.32700777053833,4.32700777053833,4.32700777053833,0.0
14.792644500732422,20.520000457763672,1000.0,227.0,0.0316368006169796,0.02056793123483658,24.0,1.00031578540802,1.00031578540802,1.00031578540802,0.019288260489702225,2.6399999114801176e-05,0.2497701197862625,4560000.0,-0.045588791370391846,0.009505346417427063,0.04844798147678375,0.03756817802786827,0.0006536617875099182,1.6716742515563965,0.4409595727920532,-0.08552759885787964,2.887075185775757,14327.716796875,24.00749969482422,96.28550720214844,120.29300689697266,166.26071166992188,4.328425407409668,4.328425407409668,4.328425407409668,0.0
14.468252182006836,14.699999809265137,1000.0,228.0,0.020604664459824562,0.020018650218844414,25.0,1.0029549598693848,1.0029549598693848,1.0029549598693848,0.019707433879375458,2.5200000891345553e-05,0.24703356623649597,4580000.0,-0.046296216547489166,-0.0007074251770973206,0.061505235731601715,0.03443076089024544,-0.0031374171376228333,1.573759913444519,0.42551904916763306,-0.015440523624420166,2.897298812866211,14448.53125,22.92766571044922,97.85301208496094,120.78067779541016,165.5894012451172,4.328155994415283,4.328155994415283,4.328155994415283,0.0
15.162169456481934,22.700000762939453,1000.0,229.0,0.018573081120848656,0.02051331289112568,25.0,1.006252408027649,1.006252408027649,1.006252408027649,0.02010342851281166,2.4000000848900527e-05,0.24653901159763336,4600000.0,-0.05961554870009422,-0.013319332152605057,-0.07505156099796295,0.03865986689925194,0.0042291060090065,1.7497745752334595,0.621175229549408,0.1956561803817749,3.0530059337615967,14568.490234375,22.24976348876953,97.67823791503906,119.9280014038086,166.7667236328125,4.327566623687744,4.327566623687744,4.327566623687744,0.0
15.901028633117676,26.5,1000.0,230.0,0.013672996312379837,0.020592181012034416,27.0,1.002571702003479,1.002571702003479,1.002571702003479,0.01953938417136669,2.28000008064555e-05,0.2453458458185196,4620000.0,-0.060522641986608505,-0.0009070932865142822,0.15874497592449188,0.036075904965400696,-0.002583961933851242,1.7361702919006348,0.7825266718864441,0.16135144233703613,3.183851957321167,14697.654296875,23.693273544311523,105.43724822998047,129.13052368164062,154.88204956054688,4.327261447906494,4.327261447906494,4.327261447906494,0.0
16.010215759277344,26.260000228881836,1000.0,231.0,-0.0015451227081939578,0.020020581781864166,28.0,1.0011404752731323,1.0011404752731323,1.0011404752731323,0.018791550770401955,2.1600000764010474e-05,0.24165698885917664,4640000.0,-0.04136715829372406,0.019155483692884445,0.13049101829528809,0.029996853321790695,-0.006079051643610001,1.622036337852478,0.3855311870574951,-0.396995484828949,2.6687254905700684,14830.9892578125,22.798084259033203,110.50263214111328,133.30072021484375,150.0366973876953,4.327176570892334,4.327176570892334,4.327176570892334,0.0
15.406817436218262,20.959999084472656,1000.0,232.0,-0.014964574947953224,0.020000334829092026,28.0,1.0038312673568726,1.0038312673568726,1.0038312673568726,0.018903542309999466,2.0400000721565448e-05,0.23844632506370544,4660000.0,-0.042953573167324066,-0.001586414873600006,-0.0498041957616806,0.03165418654680252,0.0016573332250118256,1.679090976715088,0.4465401768684387,0.061008989810943604,2.476019859313965,14963.583984375,22.96800994873047,109.59300231933594,132.56100463867188,150.87391662597656,4.326487064361572,4.326487064361572,4.326487064361572,0.0
13.798369407653809,16.979999542236328,1000.0,233.0,-0.02771550603210926,0.020053992047905922,32.0,1.0045561790466309,1.0045561790466309,1.0045561790466309,0.019238803535699844,1.920000067912042e-05,0.2354481816291809,4680000.0,-0.04054724797606468,0.002406325191259384,0.08009509742259979,0.026880888268351555,-0.004773298278450966,1.5521939992904663,0.3376360833644867,-0.10890409350395203,2.121448516845703,15112.671875,23.841861724853516,125.2134780883789,149.0553436279297,134.17835998535156,4.32464599609375,4.32464599609375,4.32464599609375,0.0
14.666675567626953,16.700000762939453,1000.0,234.0,-0.04234486073255539,0.02005225047469139,33.0,1.003298044204712,1.003298044204712,1.003298044204712,0.019350651651620865,1.8000000636675395e-05,0.23202504217624664,4700000.0,-0.04257737845182419,-0.0020301304757595062,-0.28377678990364075,0.032478123903274536,0.005597235634922981,1.7230298519134521,0.3440394401550293,0.0064033567905426025,2.569096803665161,15263.8125,22.07329750061035,129.03012084960938,151.10340881347656,132.35968017578125,4.321721076965332,4.321721076965332,4.321721076965332,0.0
15.642851829528809,21.31999969482422,1000.0,235.0,-0.05438906326889992,0.020080212503671646,34.0,1.0067780017852783,1.0067780017852783,1.0067780017852783,0.019712595269083977,1.680000059423037e-05,0.2292245477437973,4720000.0,-0.0533427931368351,-0.01076541468501091,0.2137744426727295,0.030659163370728493,-0.0018189605325460434,1.7230054140090942,0.4747854769229889,0.1307460367679596,2.38482403755188,15419.7373046875,21.710233688354492,134.1765899658203,155.88682556152344,128.29820251464844,4.318520545959473,4.318520545959473,4.318520545959473,0.0
16.177959442138672,19.5,1000.0,236.0,-0.06615827232599258,0.020329724997282028,36.0,1.0028175115585327,1.0028175115585327,1.0028175115585327,0.019153697416186333,1.5600000551785342e-05,0.22653920948505402,4740000.0,-0.04178822785615921,0.011554565280675888,-0.026835190132260323,0.02913709357380867,-0.0015220697969198227,1.6153205633163452,0.33835369348526,-0.13643178343772888,2.3610665798187256,15585.060546875,22.681631088256836,142.60635375976562,165.28797912597656,121.00093841552734,4.314792156219482,4.314792156219482,4.314792156219482,0.0
15.1343994140625,19.959999084472656,1000.0,237.0,-0.07783010601997375,0.019494615495204926,40.0,1.0038713216781616,1.0038713216781616,1.0038713216781616,0.019028937444090843,1.4399999599845614e-05,0.2239040732383728,4760000.0,-0.04397005960345268,-0.0021818317472934723,0.08337900042533875,0.02717151865363121,-0.0019655749201774597,1.4368771314620972,0.35843563079833984,0.020081937313079834,2.266324996948242,15764.578125,21.55695915222168,157.92462158203125,179.48158264160156,111.43204498291016,4.31065559387207,4.31065559387207,4.31065559387207,0.0
13.649510383605957,18.18000030517578,1000.0,238.0,-0.0865534096956253,0.019923465326428413,40.0,1.0077515840530396,1.0077515840530396,1.0077515840530396,0.019861893728375435,1.3199999557400588e-05,0.22196407616138458,4780000.0,-0.05661480873823166,-0.012644749134778976,-0.009592041373252869,0.0316372811794281,0.00446576252579689,1.6557644605636597,0.45896753668785095,0.10053190588951111,2.5092270374298096,15951.7373046875,23.960132598876953,163.1609649658203,187.12109375,106.88265228271484,4.3058762550354,4.3058762550354,4.3058762550354,0.0
13.593374252319336,24.520000457763672,1000.0,239.0,-0.0918179377913475,0.0185785423964262,40.0,1.0036885738372803,1.0036885738372803,1.0036885738372803,0.018733929842710495,1.2000000424450263e-05,0.22080300748348236,4800000.0,-0.06337103247642517,-0.006756223738193512,-0.2872471213340759,0.03438398987054825,0.0027467086911201477,1.6965935230255127,0.5847494602203369,0.12578192353248596,2.8465332984924316,16138.900390625,24.58811378479004,162.53695678710938,187.1250762939453,106.88038635253906,4.301490783691406,4.301490783691406,4.301490783691406,0.0
13.359607696533203,28.280000686645508,1000.0,240.0,-0.09958154708147049,0.016763724386692047,40.0,1.0072064399719238,1.0072064399719238,1.0072064399719238,0.017946891486644745,1.0800000382005237e-05,0.2190978229045868,4820000.0,-0.05472773686051369,0.008643295615911484,-0.23561058938503265,0.033187586814165115,-0.001196403056383133,1.5023348331451416,0.5134397745132446,-0.07130968570709229,2.6376616954803467,16328.6748046875,25.0400390625,164.69606018066406,189.73609924316406,105.40956115722656,4.298041343688965,4.298041343688965,4.298041343688965,0.0
13.152907371520996,29.520000457763672,1000.0,241.0,-0.1074754148721695,0.015953755006194115,40.0,1.005403995513916,1.005403995513916,1.005403995513916,0.01799197308719158,9.60000033956021e-06,0.2173752784729004,4840000.0,-0.04189814254641533,0.012829594314098358,0.35065099596977234,0.030654069036245346,-0.0025335177779197693,1.472017526626587,0.6877605319023132,0.1743207573890686,2.411175012588501,16517.87109375,25.033906936645508,164.1127471923828,189.1466522216797,105.7380599975586,4.295629501342773,4.295629501342773,4.295629501342773,0.0
11.822282791137695,27.440000534057617,1000.0,242.0,-0.11177511513233185,0.013494460843503475,40.0,1.0025286674499512,1.0025286674499512,1.0025286674499512,0.016112981364130974,8.400000297115184e-06,0.21644286811351776,4860000.0,-0.04187178984284401,2.635270357131958e-05,-0.11462394893169403,0.031746864318847656,0.0010927952826023102,1.591304898262024,0.4797522723674774,-0.20800825953483582,2.448957681655884,16706.822265625,25.04950714111328,163.86370849609375,188.91380310058594,105.8683853149414,4.293832778930664,4.293832778930664,4.293832778930664,0.0
11.378218650817871,28.239999771118164,1000.0,243.0,-0.11490631848573685,0.012228097766637802,40.0,1.005139708518982,1.005139708518982,1.005139708518982,0.015722019597887993,7.199999799922807e-06,0.2157653570175171,4880000.0,-0.052953433245420456,-0.011081643402576447,0.269849568605423,0.03112572617828846,-0.0006211381405591965,1.475234031677246,0.4492705464363098,-0.030481725931167603,2.477186441421509,16896.615234375,24.812891006469727,164.93704223632812,189.74993896484375,105.4018783569336,4.292715549468994,4.292715549468994,4.292715549468994,0.0
13.28567123413086,28.979999542236328,1000.0,244.0,-0.11868182569742203,0.011081644333899021,40.0,1.0013433694839478,1.0013433694839478,1.0013433694839478,0.014607753604650497,6.000000212225132e-06,0.21496090292930603,4900000.0,-0.04099627956748009,0.011957153677940369,-0.0021048709750175476,0.032446518540382385,0.0013207923620939255,1.725481390953064,0.42251336574554443,-0.02675718069076538,2.628046751022339,17085.998046875,24.778730392456055,164.56448364257812,189.3432159423828,105.62828826904297,4.292327880859375,4.292327880859375,4.292327880859375,0.0
13.422972679138184,34.65999984741211,1000.0,245.0,-0.12193667888641357,0.00964616984128952,40.0,1.0044883489608765,1.0044883489608765,1.0044883489608765,0.01414076704531908,4.800000169780105e-06,0.21428175270557404,4920000.0,-0.04596586525440216,-0.004969585686922073,0.03336586430668831,0.029585907235741615,-0.00286061130464077,1.6059719324111938,0.5317594408988953,0.10924607515335083,2.6007752418518066,17275.78515625,24.41912078857422,165.3191680908203,189.73829650878906,105.4083480834961,4.293486595153809,4.293486595153809,4.293486595153809,0.0
14.794072151184082,28.040000915527344,1000.0,246.0,-0.11974861472845078,0.008311632089316845,40.0,1.0024229288101196,1.0024229288101196,1.0024229288101196,0.012677246704697609,3.5999998999614036e-06,0.21474778652191162,4940000.0,-0.03255557641386986,0.013410288840532303,-0.02398638427257538,0.03500191122293472,0.005416003987193108,1.6887797117233276,0.5429551005363464,0.011195659637451172,2.908188581466675,17464.408203125,25.2448673248291,163.33755493164062,188.58241271972656,106.05442810058594,4.295007705688477,4.295007705688477,4.295007705688477,0.0
14.841330528259277,36.65999984741211,1000.0,247.0,-0.1178160160779953,0.006766634527593851,40.0,1.0025901794433594,1.0025901794433594,1.0025901794433594,0.011964567005634308,2.4000000848900527e-06,0.21515341103076935,4960000.0,-0.040676701813936234,-0.008121125400066376,0.1650085598230362,0.03386200591921806,-0.0011399053037166595,1.7339751720428467,0.5868167281150818,0.04386162757873535,2.7636163234710693,17649.685546875,25.675582885742188,159.56051635742188,185.23609924316406,107.9703140258789,4.298206329345703,4.298206329345703,4.298206329345703,0.0
14.254965782165527,33.7599983215332,1000.0,248.0,-0.11640346795320511,0.0054623642936348915,40.0,0.999855101108551,0.999855101108551,0.999855101108551,0.011110267601907253,1.2000000424450263e-06,0.21545863151550293,4980000.0,-0.029444316402077675,0.011232385411858559,0.18887832760810852,0.03371209651231766,-0.00014990940690040588,1.7006345987319946,0.5345554351806641,-0.052261292934417725,2.7048909664154053,17832.654296875,24.80851173400879,158.1211395263672,182.93019104003906,109.3313217163086,4.30246639251709,4.30246639251709,4.30246639251709,0.0
13.816922187805176,27.920000076293945,1000.0,249.0,-0.11538228392601013,0.003960492089390755,40.0,1.0003238916397095,1.0003238916397095,1.0003238916397095,0.009007713757455349,0.0,0.21568050980567932,5000000.0,-0.01095572765916586,0.018488588742911816,-0.1019965410232544,0.032709427177906036,-0.001002669334411621,1.569351315498352,0.2813979983329773,-0.25315743684768677,2.8468658924102783,18018.265625,24.739107131958008,160.8321990966797,185.57131958007812,107.77527618408203,4.306768417358398,4.306768417358398,4.306768417358398,0.0
