Metrics/EpRet,Metrics/EpCost,Metrics/EpLen,Train/Epoch,Train/Entropy,Train/KL,Train/StopIter,Train/PolicyRatio,Train/PolicyRatio/Min,Train/PolicyRatio/Max,Train/PolicyRatio/Std,Train/LR,Train/PolicyStd,TotalEnvSteps,Loss/Loss_pi,Loss/Loss_pi/Delta,Value/Adv,Loss/Loss_reward_critic,Loss/Loss_reward_critic/Delta,Value/reward,Time/Total,Time/Rollout,Time/Update,Time/Epoch,Time/FPS,Metrics/EpBudget
0.12598322331905365,34.125,1000.0,0.0,1.4166139364242554,0.005172251258045435,40.0,1.000405192375183,1.000405192375183,1.000405192375183,0.012973060831427574,0.00029880000511184335,0.9976860284805298,20000.0,-0.004139731638133526,-0.004139731638133526,0.1723204255104065,0.06027345359325409,0.06027345359325409,-0.18485239148139954,133.4353790283203,20.547687530517578,112.88668823242188,133.4343719482422,149.88641357421875,651.8958740234375
-0.017082083970308304,57.28125,1000.0,1.0,1.4125758409500122,0.00704293604940176,40.0,0.9994063377380371,0.9994063377380371,0.9994063377380371,0.01196996122598648,0.0002975999959744513,0.9936702251434326,40000.0,-0.005756421014666557,-0.0016166893765330315,0.03371007740497589,0.14006702601909637,0.07979357242584229,-0.8685028553009033,266.3253173828125,18.81838035583496,114.04049682617188,132.85887145996094,150.53567504882812,-529.0995483398438
-0.2571004033088684,49.9375,1000.0,2.0,1.422288417816162,0.009367442689836025,40.0,0.9993571043014526,0.9993571043014526,0.9993571043014526,0.013799364678561687,0.00029639998683705926,1.003361701965332,60000.0,-0.008187510073184967,-0.0024310890585184097,0.19673193991184235,0.13007783889770508,-0.009989187121391296,-0.9602214097976685,400.32501220703125,18.985525131225586,114.98211669921875,133.9676513671875,149.28977966308594,527.5554809570312
-0.5312306880950928,50.91999816894531,1000.0,3.0,1.4236104488372803,0.007292286492884159,40.0,0.9987704157829285,0.9987704157829285,0.9987704157829285,0.013958542607724667,0.00029520000680349767,1.004698395729065,80000.0,-0.01042514480650425,-0.0022376347333192825,-0.04746274650096893,0.25386306643486023,0.12378522753715515,-1.5272160768508911,534.9602661132812,20.381916046142578,114.22032928466797,134.6022491455078,148.5859375,452.2973327636719
-0.5565599203109741,37.040000915527344,1000.0,4.0,1.445515513420105,0.008707238361239433,40.0,0.9969645738601685,0.9969645738601685,0.9969645738601685,0.01524294912815094,0.00029399999766610563,1.0269453525543213,100000.0,-0.012008484452962875,-0.0015833396464586258,0.19389575719833374,0.17410023510456085,-0.07976283133029938,-1.1306865215301514,668.801025390625,18.63412094116211,115.17633819580078,133.81045532226562,149.46514892578125,454.37164306640625
-0.4434514343738556,41.599998474121094,1000.0,5.0,1.45761239528656,0.01160870399326086,40.0,0.9993541836738586,0.9993541836738586,0.9993541836738586,0.015417436137795448,0.0002927999885287136,1.0394542217254639,120000.0,-0.011701453477144241,0.00030703097581863403,-0.1696019470691681,0.2360396385192871,0.06193940341472626,-1.3598021268844604,804.4439697265625,19.472604751586914,116.13831329345703,135.6109161376953,147.48074340820312,54.13055419921875
-0.09017372876405716,41.0,1000.0,6.0,1.4656270742416382,0.011484874412417412,40.0,0.9990782141685486,0.9990782141685486,0.9990782141685486,0.016755975782871246,0.000291600008495152,1.0478025674819946,140000.0,-0.014402889646589756,-0.0027014361694455147,0.00572967529296875,0.3516805171966553,0.11564087867736816,-1.8096226453781128,939.268798828125,18.049551010131836,116.7442398071289,134.79379272460938,148.37478637695312,352.96173095703125
-0.06947022676467896,37.560001373291016,1000.0,7.0,1.4631094932556152,0.015533942729234695,40.0,0.9994206428527832,0.9994206428527832,0.9994206428527832,0.019503232091665268,0.00029039999935775995,1.045229196548462,160000.0,-0.012480090372264385,0.0019227992743253708,-0.05692127346992493,0.2395734190940857,-0.11210709810256958,-1.0266057252883911,1074.2752685546875,17.438432693481445,117.53704071044922,134.97547912597656,148.17506408691406,846.2174682617188
0.011992650106549263,30.81999969482422,1000.0,8.0,1.4631589651107788,0.01591210998594761,40.0,1.001453161239624,1.001453161239624,1.001453161239624,0.018214410170912743,0.0002891999902203679,1.0452245473861694,180000.0,-0.013239175081253052,-0.0007590847089886665,0.09177456796169281,0.16733615100383759,-0.07223726809024811,-1.0823841094970703,1208.3336181640625,18.66614532470703,115.35914611816406,134.02528381347656,149.22557067871094,492.8176574707031
0.0569872185587883,28.479999542236328,1000.0,9.0,1.4497848749160767,0.012409565970301628,40.0,1.000679850578308,1.000679850578308,1.000679850578308,0.017670754343271255,0.0002880000101868063,1.0313643217086792,200000.0,-0.01536664180457592,-0.0021274667233228683,0.2070714831352234,0.18265046179294586,0.015314310789108276,-1.3557273149490356,1343.4141845703125,18.929445266723633,116.1202163696289,135.04966735839844,148.0936737060547,537.4885864257812
0.5322703719139099,21.68000030517578,1000.0,10.0,1.4358464479446411,0.016978411003947258,40.0,1.0004279613494873,1.0004279613494873,1.0004279613494873,0.018957119435071945,0.0002868000010494143,1.0171617269515991,220000.0,-0.017181435599923134,-0.0018147937953472137,0.2725074887275696,0.21834322810173035,0.035692766308784485,-1.4480986595153809,1478.6683349609375,19.31481170654297,115.90728759765625,135.2220916748047,147.90481567382812,910.372314453125
0.675518810749054,23.8799991607666,1000.0,11.0,1.4440785646438599,0.013268910348415375,40.0,1.0011497735977173,1.0011497735977173,1.0011497735977173,0.017808232456445694,0.00028559999191202223,1.0255390405654907,240000.0,-0.016283005475997925,0.000898430123925209,-0.0937671810388565,0.2143528163433075,-0.0039904117584228516,-1.5066202878952026,1613.62255859375,18.17668342590332,116.74352264404297,134.9202117919922,148.2357635498047,371.3312072753906
0.7201655507087708,19.440000534057617,1000.0,12.0,1.4538753032684326,0.014250530861318111,40.0,0.999606192111969,0.999606192111969,0.999606192111969,0.019695691764354706,0.00028440001187846065,1.035599946975708,260000.0,-0.015653880313038826,0.0006291251629590988,0.23464135825634003,0.1770908534526825,-0.037261962890625,-1.429404854774475,1749.60986328125,19.576522827148438,116.3754653930664,135.95298767089844,147.10968017578125,777.7371215820312
0.594293475151062,19.239999771118164,1000.0,13.0,1.4646114110946655,0.021570030599832535,37.0,0.9986886978149414,0.9986886978149414,0.9986886978149414,0.021105533465743065,0.0002832000027410686,1.0468173027038574,280000.0,-0.016818739473819733,-0.0011648591607809067,0.11467733979225159,0.302739679813385,0.12564882636070251,-1.7767622470855713,1876.519287109375,19.139812469482422,107.73661804199219,126.87643432617188,157.63368225097656,708.770263671875
0.5839851498603821,16.260000228881836,1000.0,14.0,1.4657329320907593,0.01743040606379509,40.0,0.9984065294265747,0.9984065294265747,0.9984065294265747,0.020402781665325165,0.00028199999360367656,1.0480319261550903,300000.0,-0.01692930981516838,-0.00011057034134864807,-0.196061909198761,0.5569814443588257,0.2542417645454407,-3.0259361267089844,2013.4794921875,20.799697875976562,116.12651062011719,136.92620849609375,146.06407165527344,488.535888671875
0.682077169418335,25.760000228881836,1000.0,15.0,1.469893455505371,0.017308782786130905,40.0,0.9974390864372253,0.9974390864372253,0.9974390864372253,0.019653676077723503,0.00028080001357011497,1.0524295568466187,320000.0,-0.018632709980010986,-0.0017034001648426056,-0.11766745150089264,0.6063299775123596,0.049348533153533936,-3.3323235511779785,2149.5166015625,19.686073303222656,116.31542205810547,136.00149536132812,147.0572052001953,164.0489501953125
0.5658904910087585,30.760000228881836,1000.0,16.0,1.4690017700195312,0.020683463662862778,37.0,0.9993171691894531,0.9993171691894531,0.9993171691894531,0.02093224599957466,0.0002796000044327229,1.0514289140701294,340000.0,-0.019625946879386902,-0.0009932368993759155,-0.04208020120859146,0.33073586225509644,-0.2755941152572632,-2.5071606636047363,2277.206787109375,19.752094268798828,107.90241241455078,127.65450286865234,156.67288208007812,456.62713623046875
0.8312820196151733,28.18000030517578,1000.0,17.0,1.4564177989959717,0.020976779982447624,33.0,0.9983232617378235,0.9983232617378235,0.9983232617378235,0.020556094124913216,0.0002783999952953309,1.0382251739501953,360000.0,-0.016950244084000587,0.0026757027953863144,-0.10973747074604034,0.3283193111419678,-0.002416551113128662,-2.0192301273345947,2395.73828125,20.311555862426758,98.18862915039062,118.50018310546875,168.77610778808594,654.9750366210938
0.561734676361084,21.260000228881836,1000.0,18.0,1.448142409324646,0.020302150398492813,36.0,1.0006428956985474,1.0006428956985474,1.0006428956985474,0.020884709432721138,0.00027719998615793884,1.0298163890838623,380000.0,-0.015915457159280777,0.0010347869247198105,-0.09252844005823135,0.2554755210876465,-0.07284379005432129,-1.490951418876648,2522.868408203125,18.546483993530273,108.55430603027344,127.10079193115234,157.35543823242188,534.6482543945312
0.41818714141845703,15.579999923706055,1000.0,19.0,1.4370787143707275,0.022055597975850105,24.0,0.9998059272766113,0.9998059272766113,0.9998059272766113,0.020413443446159363,0.00027600000612437725,1.0185983180999756,400000.0,-0.016115982085466385,-0.0002005249261856079,0.3120160698890686,0.3569100499153137,0.10143452882766724,-2.425114870071411,2614.583984375,20.088029861450195,71.59762573242188,91.68565368652344,218.13662719726562,524.2247924804688
0.2589924931526184,22.139999389648438,1000.0,20.0,1.4313477277755737,0.024957306683063507,31.0,0.9988190531730652,0.9988190531730652,0.9988190531730652,0.020783469080924988,0.0002747999969869852,1.012871503829956,420000.0,-0.017312856391072273,-0.0011968743056058884,-0.08362738788127899,0.19967086613178253,-0.1572391837835312,-1.726824164390564,2728.17578125,19.442001342773438,94.12519073486328,113.56719207763672,176.10719299316406,426.4705505371094
0.7340654134750366,15.260000228881836,1000.0,21.0,1.41719651222229,0.022318650037050247,36.0,0.9974569082260132,0.9974569082260132,0.9974569082260132,0.020626027137041092,0.00027359998784959316,0.9988453388214111,440000.0,-0.018633076921105385,-0.0013202205300331116,0.11230507493019104,0.08914393931627274,-0.1105269268155098,-0.8693032264709473,2855.504150390625,18.27151107788086,109.02827453613281,127.2997817993164,157.10946655273438,1051.66845703125
1.141911506652832,12.579999923706055,1000.0,22.0,1.39763343334198,0.020791495218873024,25.0,0.9959904551506042,0.9959904551506042,0.9959904551506042,0.02123807743191719,0.0002724000078160316,0.9795694351196289,460000.0,-0.013126500882208347,0.0055065760388970375,0.025486860424280167,0.1880217343568802,0.09887779504060745,-0.9733034372329712,2949.645263671875,19.38633155822754,74.72003173828125,94.10736083984375,212.52322387695312,948.2891235351562
1.325032353401184,16.899999618530273,1000.0,23.0,1.3946672677993774,0.02802249789237976,25.0,0.998451292514801,0.998451292514801,0.998451292514801,0.020790347829461098,0.00027119999867863953,0.9767807722091675,480000.0,-0.017848093062639236,-0.004721592180430889,0.003604114055633545,0.37093669176101685,0.18291495740413666,-1.7292710542678833,3041.908447265625,20.248455047607422,71.98668670654297,92.23514556884766,216.8370819091797,506.66827392578125
1.6810249090194702,21.219999313354492,1000.0,24.0,1.3900806903839111,0.021478600800037384,20.0,1.0002081394195557,1.0002081394195557,1.0002081394195557,0.021876003593206406,0.0002699999895412475,0.9723292589187622,500000.0,-0.01572249084711075,0.002125602215528488,0.29905882477760315,0.24218112230300903,-0.1287555694580078,-1.1482536792755127,3119.631591796875,18.191631317138672,59.50594711303711,77.69757843017578,257.4082946777344,735.75
2.025867462158203,22.860000610351562,1000.0,25.0,1.3866939544677734,0.021769840270280838,14.0,0.998635470867157,0.998635470867157,0.998635470867157,0.01986364647746086,0.0002688000095076859,0.9689339399337769,520000.0,-0.013123119249939919,0.0025993715971708298,-0.2893616259098053,0.18232178688049316,-0.05985933542251587,-0.9691367149353027,3179.12841796875,17.832616806030273,41.63812255859375,59.470741271972656,336.2998352050781,781.525146484375
2.035188913345337,21.059999465942383,1000.0,26.0,1.385756492614746,0.021219002082943916,6.0,0.999900221824646,0.999900221824646,0.999900221824646,0.019123008474707603,0.00026760000037029386,0.9678506851196289,540000.0,-0.006336676422506571,0.006786442827433348,-0.02445198968052864,0.44868773221969604,0.2663659453392029,-2.111131191253662,3215.404296875,19.17618751525879,17.077312469482422,36.254478454589844,551.656005859375,571.5510864257812
2.0571625232696533,21.219999313354492,1000.0,27.0,1.3924024105072021,0.022737465798854828,14.0,0.9987257122993469,0.9987257122993469,0.9987257122993469,0.01983756013214588,0.0002663999912329018,0.9742013216018677,560000.0,-0.010054289363324642,-0.0037176129408180714,-0.11952974647283554,0.616155207157135,0.16746747493743896,-2.9403343200683594,3275.684326171875,20.153018951416016,40.10844802856445,60.2614631652832,331.8870544433594,747.4406127929688
1.8322197198867798,16.739999771118164,1000.0,28.0,1.3941982984542847,0.020395176485180855,12.0,0.9980608224868774,0.9980608224868774,0.9980608224868774,0.02081320807337761,0.0002652000111993402,0.9759765267372131,580000.0,-0.012010876089334488,-0.0019565867260098457,0.12813812494277954,0.2448708862066269,-0.3712843209505081,-1.288659691810608,3329.612548828125,19.68707275390625,34.219966888427734,53.90703582763672,371.0090637207031,783.4238891601562
2.112170934677124,13.84000015258789,1000.0,29.0,1.3796566724777222,0.020311733707785606,19.0,0.9993689656257629,0.9993689656257629,0.9993689656257629,0.02145594358444214,0.0002640000020619482,0.9620125889778137,600000.0,-0.014346905052661896,-0.002336028963327408,0.1764625757932663,0.5517159104347229,0.306845024228096,-3.2161855697631836,3405.56640625,20.022111892700195,55.9107780456543,75.93289184570312,263.3904724121094,584.711669921875
2.2309961318969727,14.680000305175781,1000.0,30.0,1.3763588666915894,0.021648582071065903,14.0,0.9996559023857117,0.9996559023857117,0.9996559023857117,0.020953139290213585,0.00026279999292455614,0.9589314460754395,620000.0,-0.01239271741360426,0.0019541876390576363,-0.09821023046970367,0.3747492730617523,-0.17696663737297058,-1.4691835641860962,3467.141845703125,20.740909576416016,40.81011199951172,61.551021575927734,324.9336853027344,706.9937744140625
2.479177236557007,17.420000076293945,1000.0,31.0,1.3779687881469727,0.0207509882748127,6.0,0.9982100129127502,0.9982100129127502,0.9982100129127502,0.019824879243969917,0.00026160001289099455,0.9604586958885193,640000.0,-0.006923769600689411,0.005468947812914848,-0.019068319350481033,0.43907514214515686,0.06432586908340454,-1.4508638381958008,3505.747802734375,20.193862915039062,18.3896484375,38.58351135253906,518.3561401367188,704.762451171875
2.58329439163208,18.040000915527344,1000.0,32.0,1.3719717264175415,0.02141973376274109,11.0,0.9987798929214478,0.9987798929214478,0.9987798929214478,0.020876869559288025,0.0002604000037536025,0.9549183249473572,660000.0,-0.009743486531078815,-0.0028197169303894043,0.3638296127319336,0.3382200598716736,-0.10085508227348328,-0.5102232694625854,3556.8994140625,18.344619750976562,32.78691482543945,51.131534576416016,391.1480407714844,886.6937866210938
3.1892712116241455,14.5600004196167,1000.0,33.0,1.3628294467926025,0.020507778972387314,26.0,0.9989486932754517,0.9989486932754517,0.9989486932754517,0.0215944591909647,0.00025919999461621046,0.9465534687042236,680000.0,-0.019509045407176018,-0.009765558876097202,-0.10275687277317047,0.42476901412010193,0.08654895424842834,-2.312987804412842,3651.136474609375,18.528268814086914,75.68675231933594,94.21501922607422,212.28036499023438,701.9367065429688
3.400303840637207,11.5600004196167,1000.0,34.0,1.3641417026519775,0.02174472063779831,3.0,0.9999160170555115,0.9999160170555115,0.9999160170555115,0.01906401477754116,0.0002579999854788184,0.9476631283760071,700000.0,-0.002827774966135621,0.016681270441040397,-0.03632484748959541,0.34953102469444275,-0.07523798942565918,-0.2792806327342987,3679.564208984375,19.422649383544922,8.979450225830078,28.402099609375,704.1732788085938,1021.4520263671875
3.777874231338501,11.720000267028809,1000.0,35.0,1.3626070022583008,0.021387027576565742,10.0,1.0008690357208252,1.0008690357208252,1.0008690357208252,0.019165843725204468,0.00025680000544525683,0.9459872245788574,720000.0,-0.008101249113678932,-0.005273474147543311,0.029788784682750702,0.5563226342201233,0.20679160952568054,-1.6304570436477661,3727.363037109375,18.018136978149414,29.762775421142578,47.780914306640625,418.5771789550781,756.300048828125
3.471245527267456,8.739999771118164,1000.0,36.0,1.3474684953689575,0.021152108907699585,17.0,1.0014865398406982,1.0014865398406982,1.0014865398406982,0.020153768360614777,0.0002555999963078648,0.9317237734794617,740000.0,-0.013013338670134544,-0.004912089556455612,0.1273333579301834,0.16569751501083374,-0.39062511920928955,-0.5838162302970886,3797.413330078125,19.945661544799805,50.08342361450195,70.02909088134766,285.5956115722656,918.9154052734375
3.453700542449951,10.0,1000.0,37.0,1.332943320274353,0.02391967549920082,16.0,0.998184084892273,0.998184084892273,0.998184084892273,0.020789707079529762,0.00025439998717047274,0.9183061122894287,760000.0,-0.014591027051210403,-0.001577688381075859,0.04887813329696655,0.44533005356788635,0.2796325385570526,-2.475395441055298,3862.32666015625,17.684364318847656,47.20659637451172,64.89096069335938,308.2093200683594,612.565185546875
3.498337984085083,12.979999542236328,1000.0,38.0,1.3253872394561768,0.020834876224398613,15.0,0.9988884329795837,0.9988884329795837,0.9988884329795837,0.020836031064391136,0.00025320000713691115,0.9113147258758545,780000.0,-0.01039468590170145,0.004196341149508953,-0.15861666202545166,0.37864089012145996,-0.06668916344642639,-1.1965919733047485,3925.489013671875,18.8868408203125,44.2530403137207,63.1398811340332,316.75701904296875,839.0693359375
3.948551893234253,15.4399995803833,1000.0,39.0,1.3075395822525024,0.02545882947742939,17.0,0.998450756072998,0.998450756072998,0.998450756072998,0.021916070953011513,0.0002519999979995191,0.8951571583747864,800000.0,-0.016822131350636482,-0.006427445448935032,-0.010067387484014034,0.47551482915878296,0.096873939037323,-1.6313648223876953,3994.193115234375,19.910228729248047,48.77035140991211,68.68058013916016,291.203125,788.98583984375
4.3167338371276855,20.079999923706055,1000.0,40.0,1.3066118955612183,0.02041199617087841,17.0,0.9995627403259277,0.9995627403259277,0.9995627403259277,0.02166951447725296,0.00025079998886212707,0.894248366355896,820000.0,-0.015480969101190567,0.0013411622494459152,0.05013398081064224,0.336717814207077,-0.13879701495170593,-1.3686667680740356,4063.336669921875,19.552406311035156,49.568946838378906,69.12135314941406,289.34619140625,506.0792541503906
4.477046966552734,18.040000915527344,1000.0,41.0,1.2988132238388062,0.02283572033047676,12.0,0.9988832473754883,0.9988832473754883,0.9988832473754883,0.019959187135100365,0.0002496000088285655,0.8871082663536072,840000.0,-0.01125169638544321,0.004229272715747356,0.007366575300693512,0.33137181401252747,-0.0053460001945495605,-1.779504656791687,4118.88818359375,20.442792892456055,35.08336639404297,55.526161193847656,360.1905822753906,746.9994506835938
3.8721868991851807,17.65999984741211,1000.0,42.0,1.292117953300476,0.020539406687021255,13.0,1.0000791549682617,1.0000791549682617,1.0000791549682617,0.02156675048172474,0.00024839999969117343,0.8813145756721497,860000.0,-0.012625165283679962,-0.0013734688982367516,0.07592392712831497,0.4253069758415222,0.09393516182899475,-1.676509976387024,4175.275390625,18.745845794677734,37.62095260620117,56.366798400878906,354.8188171386719,822.6737060546875
3.3207573890686035,18.540000915527344,1000.0,43.0,1.2908976078033447,0.022730231285095215,8.0,1.0007158517837524,1.0007158517837524,1.0007158517837524,0.021551795303821564,0.0002471999905537814,0.880274772644043,880000.0,-0.009418853558599949,0.0032063117250800133,0.01567317172884941,0.4959561228752136,0.0706491470336914,-1.8306211233139038,4219.1982421875,20.574750900268555,23.32622718811035,43.900978088378906,455.5707092285156,739.4447021484375
3.1631011962890625,15.720000267028809,1000.0,44.0,1.282379150390625,0.020063186064362526,13.0,1.001702904701233,1.001702904701233,1.001702904701233,0.0210123211145401,0.0002460000105202198,0.8728681802749634,900000.0,-0.009422983974218369,-4.130415618419647e-06,0.2091105431318283,0.24263045191764832,-0.2533256709575653,-0.6695433259010315,4278.30126953125,19.812397003173828,39.27033615112305,59.082733154296875,338.50836181640625,944.6900024414062
3.4869894981384277,18.600000381469727,1000.0,45.0,1.2736073732376099,0.021461745724081993,24.0,1.0012133121490479,1.0012133121490479,1.0012133121490479,0.02121967077255249,0.00024480000138282776,0.865018904209137,920000.0,-0.01786757819354534,-0.008444594219326973,0.12463624030351639,0.36491113901138306,0.12228068709373474,-1.3183541297912598,4369.14990234375,18.88934326171875,71.93728637695312,90.82662963867188,220.19973754882812,537.3624877929688
3.803032159805298,25.579999923706055,1000.0,46.0,1.264986276626587,0.020401492714881897,19.0,0.9982567429542542,0.9982567429542542,0.9982567429542542,0.021575357764959335,0.00024360000679735094,0.8576574921607971,940000.0,-0.01746762916445732,0.0003999490290880203,-0.3369830548763275,0.865067720413208,0.500156581401825,-4.0130696296691895,4445.0263671875,20.20270347595215,55.65016555786133,75.85286712646484,263.6683349609375,200.9945068359375
3.816497802734375,30.219999313354492,1000.0,47.0,1.2505141496658325,0.023835165426135063,11.0,1.000815987586975,1.000815987586975,1.000815987586975,0.021439360454678535,0.0002423999976599589,0.8455730080604553,960000.0,-0.011454859748482704,0.006012769415974617,-0.12551294267177582,0.8324559926986694,-0.032611727714538574,-2.115144729614258,4495.625,18.492307662963867,32.08272933959961,50.57503890991211,395.4519958496094,750.970947265625
4.244245529174805,31.959999084472656,1000.0,48.0,1.2470788955688477,0.020096879452466965,24.0,0.9999078512191772,0.9999078512191772,0.9999078512191772,0.02159329131245613,0.00024120000307448208,0.8428057432174683,980000.0,-0.017767854034900665,-0.006312994286417961,-0.3323768377304077,0.5051660537719727,-0.3272899389266968,-2.299278497695923,4586.84521484375,20.75693130493164,70.44279479980469,91.1997299194336,219.2989044189453,381.656005859375
4.338430881500244,25.059999465942383,1000.0,49.0,1.2389944791793823,0.020503968000411987,13.0,0.9990201592445374,0.9990201592445374,0.9990201592445374,0.02264026179909706,0.00023999999393709004,0.8361859917640686,1000000.0,-0.014437343925237656,0.0033305101096630096,0.13625647127628326,0.7426581382751465,0.23749208450317383,-2.5306015014648438,4645.0732421875,18.95848846435547,39.24319076538086,58.20167922973633,343.6326904296875,576.7818603515625
4.007339954376221,24.639999389648438,1000.0,50.0,1.234034776687622,0.020709438249468803,8.0,0.9991214275360107,0.9991214275360107,0.9991214275360107,0.020044315606355667,0.00023879999935161322,0.8319491744041443,1020000.0,-0.006902779918164015,0.007534564007073641,0.030764862895011902,0.509964108467102,-0.23269402980804443,-1.6523810625076294,4686.4775390625,18.154504776000977,23.22833251953125,41.38283920288086,483.2921447753906,774.25634765625
4.240208625793457,15.359999656677246,1000.0,51.0,1.2254903316497803,0.02501927688717842,17.0,0.9996984601020813,0.9996984601020813,0.9996984601020813,0.021866388618946075,0.0002376000047661364,0.8248558640480042,1040000.0,-0.013310731388628483,-0.006407951470464468,-0.13444988429546356,0.443256139755249,-0.06670796871185303,-1.5356290340423584,4756.697265625,20.160194396972656,50.04053497314453,70.20072937011719,284.8973083496094,810.143798828125
4.059988021850586,13.5600004196167,1000.0,52.0,1.222538709640503,0.020014183595776558,4.0,0.999345064163208,0.999345064163208,0.999345064163208,0.020367098972201347,0.00023639999562874436,0.8223663568496704,1060000.0,-0.0032600469421595335,0.01005068444646895,0.04405409097671509,0.5401515364646912,0.09689539670944214,-1.2782588005065918,4786.7041015625,18.413259506225586,11.569472312927246,29.98273277282715,667.0505981445312,767.6415405273438
4.683567047119141,18.059999465942383,1000.0,53.0,1.2262095212936401,0.02017500437796116,17.0,1.0006757974624634,1.0006757974624634,1.0006757974624634,0.021376460790634155,0.00023520000104326755,0.8252553939819336,1080000.0,-0.014949526637792587,-0.011689479695633054,-0.18896828591823578,0.649554967880249,0.10940343141555786,-3.2362892627716064,4858.8662109375,21.34439468383789,50.799339294433594,72.14373779296875,277.2243347167969,391.2397155761719
5.008431434631348,19.84000015258789,1000.0,54.0,1.2250138521194458,0.021156813949346542,6.0,0.9973095059394836,0.9973095059394836,0.9973095059394836,0.021907687187194824,0.00023400000645779073,0.8243730068206787,1100000.0,-0.007661891635507345,0.007287635002285242,0.10711991786956787,0.9987910985946655,0.3492361307144165,-3.208899736404419,4895.66015625,19.787445068359375,16.982961654663086,36.77040481567383,543.9156494140625,744.7042236328125
5.382930278778076,24.979999542236328,1000.0,55.0,1.2079418897628784,0.02192494086921215,18.0,0.9977318644523621,0.9977318644523621,0.9977318644523621,0.022153228521347046,0.0002327999973203987,0.8105146288871765,1120000.0,-0.015614885836839676,-0.00795299420133233,-0.12109985202550888,0.7171908020973206,-0.28160029649734497,-2.210402727127075,4967.7744140625,19.56011390686035,52.53483963012695,72.09495544433594,277.41192626953125,694.6027221679688
5.024927616119385,26.639999389648438,1000.0,56.0,1.1861214637756348,0.02129221521317959,16.0,1.000884771347046,1.000884771347046,1.000884771347046,0.02195676602423191,0.00023160000273492187,0.7928046584129333,1140000.0,-0.013944942504167557,0.0016699433326721191,-0.42832037806510925,0.6968305110931396,-0.020360291004180908,-2.7794625759124756,5034.09814453125,18.695755004882812,47.604095458984375,66.29985046386719,301.6597900390625,305.4952392578125
5.105224132537842,27.559999465942383,1000.0,57.0,1.1814215183258057,0.021114211529493332,24.0,1.0002152919769287,1.0002152919769287,1.0002152919769287,0.021090026944875717,0.00023039999359752983,0.789175808429718,1160000.0,-0.01724175177514553,-0.003296809270977974,-0.01797964796423912,0.2886714041233063,-0.4081591069698334,-1.2376726865768433,5122.48193359375,19.007272720336914,69.35340881347656,88.36068725585938,226.3450164794922,554.1180419921875
5.308988571166992,30.760000228881836,1000.0,58.0,1.1796233654022217,0.02159990556538105,11.0,0.9993823170661926,0.9993823170661926,0.9993823170661926,0.020860321819782257,0.000229199999012053,0.7878063321113586,1180000.0,-0.011529997922480106,0.005711753852665424,-0.2813265025615692,0.627194881439209,0.3385234773159027,-2.681856632232666,5175.337890625,20.2484188079834,32.57759094238281,52.82600784301758,378.60137939453125,537.2806396484375
5.185403823852539,37.119998931884766,1000.0,59.0,1.1794981956481934,0.020199162885546684,16.0,0.9982011318206787,0.9982011318206787,0.9982011318206787,0.02079022116959095,0.0002280000044265762,0.7878803610801697,1200000.0,-0.014441224746406078,-0.002911226823925972,0.04075141251087189,1.1259682178497314,0.49877333641052246,-5.22029447555542,5242.6669921875,19.777395248413086,47.529624938964844,67.30702209472656,297.1458435058594,-70.31859588623047
5.024868011474609,37.13999938964844,1000.0,60.0,1.1640102863311768,0.022587377578020096,19.0,0.999275267124176,0.999275267124176,0.999275267124176,0.021736156195402145,0.00022679999528918415,0.7760592103004456,1220000.0,-0.017383448779582977,-0.002942224033176899,-0.16755235195159912,0.8011527061462402,-0.3248155117034912,-3.6190590858459473,5318.17822265625,19.55571746826172,55.93352508544922,75.48924255371094,264.93841552734375,440.162841796875
4.57164192199707,36.41999816894531,1000.0,61.0,1.1585582494735718,0.020027266815304756,8.0,0.9986535906791687,0.9986535906791687,0.9986535906791687,0.019024500623345375,0.00022560000070370734,0.7718952298164368,1240000.0,-0.009765831753611565,0.007617617025971413,0.03942600637674332,0.7757436037063599,-0.02540910243988037,-2.9132180213928223,5361.1943359375,19.210407257080078,23.781879425048828,42.992286682128906,465.19970703125,285.13543701171875
4.794771671295166,31.459999084472656,1000.0,62.0,1.1512855291366577,0.0202700924128294,18.0,1.0001229047775269,1.0001229047775269,1.0001229047775269,0.021393198519945145,0.00022440000611823052,0.7659536600112915,1260000.0,-0.01562752202153206,-0.005861690267920494,0.26524266600608826,0.6528322696685791,-0.12291133403778076,-2.545079469680786,5434.3037109375,19.789871215820312,53.30017852783203,73.09004974365234,273.63507080078125,499.6798400878906
5.424246788024902,26.239999771118164,1000.0,63.0,1.143713355064392,0.021532729268074036,19.0,0.9997425079345703,0.9997425079345703,0.9997425079345703,0.02205166593194008,0.00022319999698083848,0.76033616065979,1280000.0,-0.016155101358890533,-0.0005275793373584747,0.1760183423757553,0.5873329639434814,-0.06549930572509766,-2.0219786167144775,5510.35595703125,20.837873458862305,55.189083099365234,76.0269546508789,263.0645751953125,713.3206787109375
4.852926731109619,20.8799991607666,1000.0,64.0,1.1377108097076416,0.021075094118714333,13.0,0.999495267868042,0.999495267868042,0.999495267868042,0.021719520911574364,0.00022200000239536166,0.7561120986938477,1300000.0,-0.012285862118005753,0.003869239240884781,-0.02000277116894722,0.41760149598121643,-0.16973146796226501,-1.7586562633514404,5567.3251953125,19.776046752929688,37.16688919067383,56.942935943603516,351.22882080078125,674.4769897460938
5.705697536468506,28.6200008392334,1000.0,65.0,1.1304857730865479,0.021050821989774704,15.0,0.99727863073349,0.99727863073349,0.99727863073349,0.020733926445245743,0.00022079999325796962,0.7505654692649841,1320000.0,-0.012555262073874474,-0.000269399955868721,-0.37421610951423645,0.6663724780082703,0.24877098202705383,-2.9163644313812256,5631.82421875,19.33101463317871,45.147579193115234,64.47859954833984,310.1804504394531,412.2528076171875
5.0605244636535645,31.540000915527344,1000.0,66.0,1.1240843534469604,0.021255485713481903,15.0,0.9995653033256531,0.9995653033256531,0.9995653033256531,0.021925192326307297,0.0002195999986724928,0.7454991936683655,1340000.0,-0.014850663021206856,-0.002295400947332382,0.05293766409158707,0.5136198997497559,-0.1527525782585144,-2.0544819831848145,5694.74267578125,18.5858097076416,44.3101921081543,62.895999908447266,317.9852600097656,626.8776245117188
5.928106784820557,27.65999984741211,1000.0,67.0,1.1133419275283813,0.0200782660394907,12.0,0.9977320432662964,0.9977320432662964,0.9977320432662964,0.021866999566555023,0.00021840000408701599,0.737438976764679,1360000.0,-0.011845402419567108,0.0030052606016397476,-0.08231005072593689,0.5345161557197571,0.02089625597000122,-2.092461109161377,5748.9912109375,20.347339630126953,33.87854766845703,54.22588348388672,368.8275451660156,730.5053100585938
5.048135280609131,22.6200008392334,1000.0,68.0,1.1077743768692017,0.021364251151680946,15.0,1.000088095664978,1.000088095664978,1.000088095664978,0.020988866686820984,0.00021719999494962394,0.7334336638450623,1380000.0,-0.014020344242453575,-0.002174941822886467,-0.034617871046066284,0.4857015311717987,-0.048814624547958374,-2.090376138687134,5814.427734375,22.033103942871094,43.381656646728516,65.41475677490234,305.74139404296875,644.6107788085938
5.126213550567627,18.860000610351562,1000.0,69.0,1.097764253616333,0.021036015823483467,12.0,1.0000250339508057,1.0000250339508057,1.0000250339508057,0.021357178688049316,0.00021600000036414713,0.7261401414871216,1400000.0,-0.0114974956959486,0.0025228485465049744,0.04164454713463783,0.641125500202179,0.15542396903038025,-1.7981171607971191,5869.45361328125,18.63607406616211,36.365196228027344,55.003265380859375,363.6147766113281,660.5692749023438
4.6253132820129395,19.479999542236328,1000.0,70.0,1.0910987854003906,0.021036328747868538,10.0,0.9994033575057983,0.9994033575057983,0.9994033575057983,0.021455014124512672,0.0002148000057786703,0.7210956811904907,1420000.0,-0.01036427915096283,0.0011332165449857712,-0.08438508957624435,0.5412784218788147,-0.09984707832336426,-1.3586090803146362,5917.890625,19.382474899291992,29.033187866210938,48.4156608581543,413.0894775390625,929.2303466796875
4.830841064453125,18.420000076293945,1000.0,71.0,1.0866336822509766,0.021292757242918015,8.0,0.9990028738975525,0.9990028738975525,0.9990028738975525,0.020567702129483223,0.00021359999664127827,0.7178404331207275,1440000.0,-0.008944341912865639,0.0014199372380971909,0.314859539270401,0.7307815551757812,0.18950313329696655,-2.3902769088745117,5960.828125,19.025545120239258,23.89291000366211,42.918453216552734,466.0,537.779052734375
4.399384021759033,15.34000015258789,1000.0,72.0,1.0822070837020874,0.02331027016043663,16.0,1.0014179944992065,1.0014179944992065,1.0014179944992065,0.020490502938628197,0.00021240000205580145,0.7145881056785583,1460000.0,-0.012827158905565739,-0.0038828169927001,0.03640877455472946,0.3460736870765686,-0.38470786809921265,-1.0517709255218506,6027.4619140625,20.394746780395508,46.2176628112793,66.61241149902344,300.2443542480469,619.3546752929688
4.860841751098633,17.780000686645508,1000.0,73.0,1.0663526058197021,0.02004360593855381,11.0,0.9992750883102417,0.9992750883102417,0.9992750883102417,0.02035715989768505,0.0002111999929184094,0.7031605243682861,1480000.0,-0.011494054459035397,0.001333104446530342,-0.09105225652456284,0.46959659457206726,0.12352290749549866,-1.6992746591567993,6079.87841796875,18.723854064941406,33.67013168334961,52.393985748291016,381.72320556640625,775.0374145507812
5.041773796081543,18.31999969482422,1000.0,74.0,1.058241367340088,0.021564673632383347,11.0,1.0021770000457764,1.0021770000457764,1.0021770000457764,0.021120954304933548,0.0002099999983329326,0.697367787361145,1500000.0,-0.011818147264420986,-0.0003240928053855896,-0.19779714941978455,0.31055936217308044,-0.15903723239898682,-0.5877141356468201,6129.77197265625,18.165019989013672,31.709035873413086,49.87405776977539,401.0101013183594,810.9164428710938
5.390321731567383,20.139999389648438,1000.0,75.0,1.0515860319137573,0.021168995648622513,16.0,1.0010638236999512,1.0010638236999512,1.0010638236999512,0.021483788266777992,0.00020880000374745578,0.6927214860916138,1520000.0,-0.014784075319766998,-0.002965928055346012,-0.1240558922290802,0.5136749744415283,0.20311561226844788,-2.066603183746338,6197.0380859375,20.416942596435547,46.82856750488281,67.2455062866211,297.4176330566406,390.8775329589844
4.994147777557373,19.540000915527344,1000.0,76.0,1.0473928451538086,0.020288826897740364,11.0,1.000192642211914,1.000192642211914,1.000192642211914,0.022831162437796593,0.00020759999461006373,0.6898503303527832,1540000.0,-0.01203389372676611,0.002750181593000889,-0.11979809403419495,0.35004162788391113,-0.1636333465576172,-1.0759296417236328,6248.8798828125,19.035594940185547,32.783592224121094,51.81918716430664,385.9574279785156,875.6405029296875
5.05935001373291,17.920000076293945,1000.0,77.0,1.0424679517745972,0.020213497802615166,16.0,1.000390648841858,1.000390648841858,1.000390648841858,0.0211410503834486,0.00020640000002458692,0.6864416599273682,1560000.0,-0.014410363510251045,-0.0023764697834849358,0.027163870632648468,0.32287323474884033,-0.0271683931350708,-1.2030161619186401,6314.32958984375,19.31382942199707,46.114845275878906,65.42867279052734,305.6763610839844,656.2916259765625
5.456277370452881,14.600000381469727,1000.0,78.0,1.035375952720642,0.020266376435756683,10.0,0.9987956881523132,0.9987956881523132,0.9987956881523132,0.022065432742238045,0.0002052000054391101,0.6815356612205505,1580000.0,-0.012100674211978912,0.002309689298272133,0.13086625933647156,0.6516234278678894,0.3287501931190491,-1.9671082496643066,6363.91650390625,20.130268096923828,29.43041229248047,49.5606803894043,403.54571533203125,735.7023315429688
6.255063533782959,13.640000343322754,1000.0,79.0,1.027158498764038,0.020792147144675255,2.0,0.9994272589683533,0.9994272589683533,0.9994272589683533,0.02071799896657467,0.00020399999630171806,0.6759519577026367,1600000.0,-0.000583079585339874,0.011517594626639038,-0.00933842919766903,0.5293295979499817,-0.12229382991790771,-0.887816309928894,6389.53955078125,19.74167251586914,5.860421180725098,25.602092742919922,781.1860961914062,858.5899047851562
6.467476844787598,12.979999542236328,1000.0,80.0,1.039975881576538,0.020633161067962646,16.0,1.0005089044570923,1.0005089044570923,1.0005089044570923,0.024181632325053215,0.00020280000171624124,0.6846370697021484,1620000.0,-0.018079083412885666,-0.017496003827545792,0.15030786395072937,0.327603816986084,-0.2017257809638977,-0.8588855266571045,6453.99072265625,17.588504791259766,46.84285354614258,64.43135833740234,310.4078674316406,859.5296020507812
6.296209335327148,15.34000015258789,1000.0,81.0,1.0465277433395386,0.020780079066753387,20.0,1.0007404088974,1.0007404088974,1.0007404088974,0.02237296849489212,0.00020160000713076442,0.6890863180160522,1640000.0,-0.014446685090661049,0.003632398322224617,0.1845015585422516,0.26475754380226135,-0.06284627318382263,-0.7423958778381348,6531.23974609375,18.38144874572754,58.84593963623047,77.22738647460938,258.9754943847656,744.7677612304688
5.075514316558838,17.420000076293945,1000.0,82.0,1.0429261922836304,0.020131153985857964,15.0,1.0016584396362305,1.0016584396362305,1.0016584396362305,0.021272221580147743,0.00020039999799337238,0.6866005659103394,1660000.0,-0.013395010493695736,0.001051674596965313,-0.010091543197631836,0.33734092116355896,0.07258337736129761,-1.3878237009048462,6594.26904296875,20.05116081237793,42.95349884033203,63.00465774536133,317.4368591308594,567.1015625
5.169677734375,19.6200008392334,1000.0,83.0,1.02637779712677,0.020645901560783386,18.0,1.0002332925796509,1.0002332925796509,1.0002332925796509,0.022294122725725174,0.00019920000340789557,0.6753410696983337,1680000.0,-0.017059868201613426,-0.0036648577079176903,-0.05941500514745712,0.46633848547935486,0.1289975643157959,-1.7047640085220337,6667.67626953125,20.650672912597656,52.73301696777344,73.3836898803711,272.5401306152344,612.4671020507812
4.165114879608154,24.860000610351562,1000.0,84.0,1.0118921995162964,0.02097305655479431,12.0,0.9981974363327026,0.9981974363327026,0.9981974363327026,0.021074417978525162,0.00019799999427050352,0.6656273007392883,1700000.0,-0.014031130820512772,0.0030287373811006546,-0.35842859745025635,0.5370182394981384,0.07067975401878357,-2.0776350498199463,6722.61767578125,19.31450080871582,35.60391616821289,54.918418884277344,364.1765441894531,526.3927612304688
4.289264678955078,22.600000381469727,1000.0,85.0,1.009273886680603,0.021158358082175255,16.0,1.0028400421142578,1.0028400421142578,1.0028400421142578,0.02073691412806511,0.0001967999996850267,0.6638994812965393,1720000.0,-0.01516280323266983,-0.0011316724121570587,-0.0905018299818039,0.40748143196105957,-0.12953680753707886,-1.5885870456695557,6788.642578125,20.074840545654297,45.92838668823242,66.00322723388672,303.0154724121094,451.3337707519531
4.530120372772217,19.31999969482422,1000.0,86.0,0.997158408164978,0.02199227176606655,11.0,0.9985490441322327,0.9985490441322327,0.9985490441322327,0.021005943417549133,0.0001956000050995499,0.655888020992279,1740000.0,-0.011735312640666962,0.0034274905920028687,0.15457285940647125,0.32824811339378357,-0.079233318567276,-0.7441180348396301,6842.4697265625,20.894180297851562,32.91060256958008,53.80478286743164,371.71417236328125,870.6024169921875
4.549923896789551,13.979999542236328,1000.0,87.0,0.9903567433357239,0.021003078669309616,11.0,0.9983851909637451,0.9983851909637451,0.9983851909637451,0.02182563953101635,0.00019439999596215785,0.6514426469802856,1760000.0,-0.013213932514190674,-0.0014786198735237122,-0.24178878962993622,0.33179810643196106,0.0035499930381774902,-1.1010730266571045,6893.1240234375,18.54172134399414,32.09156799316406,50.63329315185547,394.9970397949219,777.689208984375
5.0021748542785645,16.139999389648438,1000.0,88.0,0.9845768213272095,0.02111234702169895,14.0,0.9968189001083374,0.9968189001083374,0.9968189001083374,0.02179931476712227,0.00019320000137668103,0.6476808190345764,1780000.0,-0.015418212860822678,-0.002204280346632004,0.01439826563000679,0.49306249618530273,0.16126438975334167,-2.300645589828491,6954.1953125,18.68698501586914,42.361602783203125,61.048587799072266,327.60791015625,494.68121337890625
4.646699905395508,24.799999237060547,1000.0,89.0,0.9686214327812195,0.02251366898417473,12.0,1.0022603273391724,1.0022603273391724,1.0022603273391724,0.02066824398934841,0.00019200000679120421,0.6374526619911194,1800000.0,-0.011759540997445583,0.0036586718633770943,0.06824850291013718,0.3411639332771301,-0.1518985629081726,-1.1898871660232544,7007.48583984375,18.19910430908203,35.06908416748047,53.2681884765625,375.4586181640625,489.98114013671875
4.8145904541015625,22.219999313354492,1000.0,90.0,0.9612009525299072,0.02056008018553257,8.0,1.000260591506958,1.000260591506958,1.000260591506958,0.02113346941769123,0.00019079999765381217,0.6327462792396545,1820000.0,-0.01068669743835926,0.0010728435590863228,0.12461131066083908,0.3003712296485901,-0.04079270362854004,-0.7144255638122559,7050.4970703125,19.657222747802734,23.332853317260742,42.99007797241211,465.2236328125,1004.5578002929688
5.099912643432617,21.360000610351562,1000.0,91.0,0.9523389935493469,0.021190747618675232,10.0,0.9988958835601807,0.9988958835601807,0.9988958835601807,0.02110719494521618,0.00018960000306833535,0.6271541714668274,1840000.0,-0.01190771721303463,-0.0012210197746753693,-0.3508695960044861,0.599773645401001,0.2994024157524109,-1.8828537464141846,7098.2890625,19.35318374633789,28.417972564697266,47.771156311035156,418.66265869140625,412.4325256347656
5.17219352722168,14.520000457763672,1000.0,92.0,0.9408342838287354,0.022632507607340813,1.0,0.9965725541114807,0.9965725541114807,0.9965725541114807,0.021847233176231384,0.0001883999939309433,0.6199617981910706,1860000.0,0.0022665904834866524,0.014174307696521282,0.021664291620254517,0.8473749756813049,0.24760133028030396,-1.1072487831115723,7120.4052734375,19.013940811157227,3.0811049938201904,22.095046997070312,905.1802368164062,866.4591674804688
6.042240142822266,16.260000228881836,1000.0,93.0,0.9387339353561401,0.028692832216620445,1.0,0.9996817708015442,0.9996817708015442,0.9996817708015442,0.020005254074931145,0.0001871999993454665,0.6186574697494507,1880000.0,0.0023948492016643286,0.0001282587181776762,0.1654835045337677,0.8418143391609192,-0.005560636520385742,-1.7125624418258667,7143.521484375,20.148845672607422,2.949693202972412,23.09853744506836,865.8556518554688,762.6741333007812
5.819149971008301,12.760000228881836,1000.0,94.0,0.9433015584945679,0.021301409229636192,18.0,1.0025571584701538,1.0025571584701538,1.0025571584701538,0.021364446729421616,0.00018600000475998968,0.6214944124221802,1900000.0,-0.012112089432775974,-0.014506938634440303,-0.01615041494369507,0.23801520466804504,-0.6037991344928741,-0.3420163691043854,7217.3935546875,20.733022689819336,53.1198844909668,73.8529052734375,270.8085632324219,783.0574951171875
6.166271209716797,10.760000228881836,1000.0,95.0,0.927686333656311,0.025453360751271248,9.0,0.9997444152832031,0.9997444152832031,0.9997444152832031,0.02091391198337078,0.00018479999562259763,0.6118728518486023,1920000.0,-0.008095351979136467,0.004016737453639507,0.04945632442831993,0.3450939953327179,0.10707879066467285,-0.4179556667804718,7260.73779296875,17.983003616333008,25.336620330810547,43.31962585449219,461.68450927734375,914.0384521484375
5.619243144989014,12.239999771118164,1000.0,96.0,0.9234306216239929,0.02177460677921772,12.0,0.9974893927574158,0.9974893927574158,0.9974893927574158,0.02167460508644581,0.00018360000103712082,0.6092730760574341,1940000.0,-0.01150856725871563,-0.0034132152795791626,-0.012847822159528732,0.5684391856193542,0.22334519028663635,-2.1203293800354004,7317.46923828125,20.74125862121582,35.969478607177734,56.71073913574219,352.6669006347656,643.544677734375
5.202023506164551,17.1200008392334,1000.0,97.0,0.9163647890090942,0.020148400217294693,21.0,1.003331184387207,1.003331184387207,1.003331184387207,0.021718138828873634,0.000182400006451644,0.6049901843070984,1960000.0,-0.0158301442861557,-0.004321577027440071,-0.014612630009651184,0.5043714642524719,-0.06406772136688232,-2.4164371490478516,7397.361328125,18.70001220703125,61.17060470581055,79.87062072753906,250.40496826171875,364.0772399902344
4.898438930511475,18.719999313354492,1000.0,98.0,0.9098743796348572,0.021857568994164467,15.0,1.001078724861145,1.001078724861145,1.001078724861145,0.022659575566649437,0.00018119999731425196,0.6010672450065613,1980000.0,-0.014501634985208511,0.0013285093009471893,0.05102360248565674,0.47834527492523193,-0.02602618932723999,-1.515097975730896,7457.5537109375,17.901329040527344,42.26594543457031,60.167274475097656,332.4066162109375,754.6019287109375
5.215196132659912,21.399999618530273,1000.0,99.0,0.9028298854827881,0.0202986728399992,12.0,0.9987556338310242,0.9987556338310242,0.9987556338310242,0.02169260010123253,0.00018000000272877514,0.5968645215034485,2000000.0,-0.012979598715901375,0.0015220362693071365,0.07006517797708511,0.9447442293167114,0.4663989543914795,-2.1833436489105225,7513.359375,18.43143653869629,37.35224914550781,55.783687591552734,358.5277404785156,619.178955078125
5.279239654541016,15.420000076293945,1000.0,100.0,0.8930303454399109,0.02062564343214035,4.0,0.9998626112937927,0.9998626112937927,0.9998626112937927,0.019110120832920074,0.0001787999935913831,0.5910377502441406,2020000.0,-0.005900276359170675,0.0070793223567306995,0.09538141638040543,0.46460527181625366,-0.48013895750045776,-1.3892533779144287,7544.03857421875,19.45819091796875,11.199554443359375,30.657745361328125,652.3637084960938,768.791015625
5.492809295654297,15.420000076293945,1000.0,101.0,0.877037525177002,0.02009604312479496,11.0,1.0000067949295044,1.0000067949295044,1.0000067949295044,0.02104080654680729,0.00017759999900590628,0.5816500186920166,2040000.0,-0.012759930454194546,-0.0068596540950238705,-0.2442173808813095,0.4864271283149719,0.02182185649871826,-1.193593144416809,7594.96142578125,18.269168853759766,32.63566207885742,50.90483093261719,392.8900146484375,840.4822387695312
4.9230756759643555,17.799999237060547,1000.0,102.0,0.8644231557846069,0.023435521870851517,21.0,1.0024245977401733,1.0024245977401733,1.0024245977401733,0.02158815786242485,0.00017640000442042947,0.574354887008667,2060000.0,-0.01666104607284069,-0.003901115618646145,-0.2026662528514862,0.3939499855041504,-0.09247714281082153,-1.1771329641342163,7675.6318359375,19.319137573242188,61.32926559448242,80.64840698242188,247.9900360107422,414.6319274902344
5.061365127563477,18.68000030517578,1000.0,103.0,0.8559775352478027,0.02017034962773323,14.0,0.9999810457229614,0.9999810457229614,0.9999810457229614,0.022301018238067627,0.00017519999528303742,0.5695300698280334,2080000.0,-0.014721637591719627,0.0019394084811210632,-0.04132603481411934,0.6328206062316895,0.23887062072753906,-2.626037359237671,7734.5146484375,18.0258846282959,40.83195877075195,58.85837936401367,339.7987060546875,545.7169189453125
5.494317054748535,24.479999542236328,1000.0,104.0,0.8472942113876343,0.020153727382421494,15.0,0.999367356300354,0.999367356300354,0.999367356300354,0.021353287622332573,0.0001740000006975606,0.56461101770401,2100000.0,-0.016065428033471107,-0.00134379044175148,-0.20818565785884857,0.9255653619766235,0.2927447557449341,-3.8306026458740234,7797.63525390625,19.16372299194336,43.9357795715332,63.0994987487793,316.959716796875,376.67254638671875
5.062405586242676,27.780000686645508,1000.0,105.0,0.8449531197547913,0.02073192223906517,13.0,1.0011142492294312,1.0011142492294312,1.0011142492294312,0.02080387808382511,0.0001728000061120838,0.5632776618003845,2120000.0,-0.011752238497138023,0.004313189536333084,-0.13853013515472412,0.778671383857727,-0.14689397811889648,-3.3264882564544678,7853.97607421875,17.593891143798828,38.72636795043945,56.32025909423828,355.11199951171875,201.1144561767578
5.121661186218262,31.059999465942383,1000.0,106.0,0.8411372900009155,0.020252039656043053,21.0,1.0016359090805054,1.0016359090805054,1.0016359090805054,0.02184578776359558,0.00017159999697469175,0.5611400604248047,2140000.0,-0.01609356701374054,-0.004341328516602516,0.008796483278274536,0.5713196992874146,-0.2073516845703125,-2.5585508346557617,7933.41796875,18.153011322021484,61.2685546875,79.42156982421875,251.82077026367188,460.6017150878906
5.548704624176025,24.1200008392334,1000.0,107.0,0.8345239162445068,0.020342236384749413,6.0,0.999616801738739,0.999616801738739,0.999616801738739,0.019973954185843468,0.00017040000238921493,0.557434618473053,2160000.0,-0.006234455853700638,0.009859111160039902,-0.09397155046463013,0.6809969544410706,0.109677255153656,-2.121001958847046,7968.6875,17.863428115844727,17.381319046020508,35.244747161865234,567.46044921875,724.3818359375
5.612203598022461,24.700000762939453,1000.0,108.0,0.8227366209030151,0.020396923646330833,16.0,0.9987429976463318,0.9987429976463318,0.9987429976463318,0.02146865800023079,0.0001691999932518229,0.5509102940559387,2180000.0,-0.01630145125091076,-0.010066995397210121,-0.046794891357421875,0.9775097370147705,0.29651278257369995,-3.7379231452941895,8036.1640625,21.656137466430664,45.801856994628906,67.45799255371094,296.4808044433594,527.4825439453125
5.758132457733154,23.239999771118164,1000.0,109.0,0.8030035495758057,0.020846297964453697,12.0,0.9988743662834167,0.9988743662834167,0.9988743662834167,0.021140405908226967,0.00016799999866634607,0.5401433110237122,2200000.0,-0.014687053859233856,0.0016143973916769028,0.019688740372657776,0.8128937482833862,-0.16461598873138428,-3.2178266048431396,8089.57275390625,19.618669509887695,33.766204833984375,53.3858757019043,374.63092041015625,580.4942626953125
5.6099019050598145,20.479999542236328,1000.0,110.0,0.7937442064285278,0.020894763991236687,15.0,0.9978519678115845,0.9978519678115845,0.9978519678115845,0.021254438906908035,0.00016680000408086926,0.5351645350456238,2220000.0,-0.015086847357451916,-0.00039979349821805954,0.5214309692382812,0.48974713683128357,-0.32314661145210266,-1.6639784574508667,8154.6728515625,20.742694854736328,44.33439254760742,65.07708740234375,307.32781982421875,888.10498046875
4.429767608642578,18.18000030517578,1000.0,111.0,0.7816652655601501,0.023244136944413185,13.0,1.0009845495224,1.0009845495224,1.0009845495224,0.020939454436302185,0.0001655999949434772,0.5287510752677917,2240000.0,-0.014212168753147125,0.0008746786043047905,-0.07133683562278748,0.7798888683319092,0.2901417315006256,-3.4265542030334473,8212.8876953125,19.926742553710938,38.26430892944336,58.1910514831543,343.6954650878906,300.1497497558594
4.735987186431885,20.479999542236328,1000.0,112.0,0.7745434045791626,0.022086486220359802,10.0,1.0015347003936768,1.0015347003936768,1.0015347003936768,0.021219991147518158,0.0001644000003580004,0.5249822735786438,2260000.0,-0.01271741557866335,0.001494753174483776,-0.387502521276474,0.6650145649909973,-0.11487430334091187,-2.8663930892944336,8262.0810546875,19.783506393432617,29.38735008239746,49.17085647583008,406.7449951171875,457.5489501953125
4.6630144119262695,29.860000610351562,1000.0,113.0,0.7721649408340454,0.020354606211185455,16.0,0.9985034465789795,0.9985034465789795,0.9985034465789795,0.022068513557314873,0.00016320000577252358,0.5237565040588379,2280000.0,-0.01562936045229435,-0.0029119448736310005,-0.22810202836990356,0.9137524366378784,0.2487378716468811,-3.9168739318847656,8328.162109375,19.690685272216797,46.36978530883789,66.06047058105469,302.7528991699219,312.345703125
6.436418533325195,26.739999771118164,1000.0,114.0,0.7560437917709351,0.020287608727812767,9.0,1.0002074241638184,1.0002074241638184,1.0002074241638184,0.020700955763459206,0.00016199999663513154,0.5153804421424866,2300000.0,-0.011484896764159203,0.004144463688135147,-0.04460935294628143,0.7285354137420654,-0.185217022895813,-2.294839859008789,8373.7294921875,19.287479400634766,26.256484985351562,45.54396438598633,439.1361389160156,704.7265625
6.8282952308654785,23.31999969482422,1000.0,115.0,0.7475394010543823,0.020908217877149582,8.0,1.000543236732483,1.000543236732483,1.000543236732483,0.021228259429335594,0.00016080000204965472,0.5110158920288086,2320000.0,-0.009759885258972645,0.0017250115051865578,-0.218035027384758,0.6202850341796875,-0.10825037956237793,-1.569990873336792,8418.349609375,19.49053192138672,25.108869552612305,44.59939956665039,448.4365234375,751.3877563476562
6.278141975402832,14.65999984741211,1000.0,116.0,0.7480696439743042,0.02261970564723015,10.0,1.0022410154342651,1.0022410154342651,1.0022410154342651,0.020138373598456383,0.00015959999291226268,0.511321485042572,2340000.0,-0.00879922416061163,0.0009606610983610153,0.08336630463600159,0.444965660572052,-0.1753193736076355,-0.8896609544754028,8466.25,18.72589874267578,29.1545352935791,47.880435943603516,417.7071533203125,814.6178588867188
5.494513511657715,15.779999732971191,1000.0,117.0,0.7450159192085266,0.02003290504217148,1.0,1.0004804134368896,1.0004804134368896,1.0004804134368896,0.017311744391918182,0.00015839999832678586,0.5097888112068176,2360000.0,0.0039832512848079205,0.01278247544541955,0.010488457977771759,1.1256572008132935,0.6806915402412415,-2.793614625930786,8488.1513671875,18.947254180908203,2.9321064949035645,21.87936019897461,914.103515625,512.8331298828125
5.256799221038818,14.34000015258789,1000.0,118.0,0.7350244522094727,0.020189329981803894,12.0,1.0010945796966553,1.0010945796966553,1.0010945796966553,0.02238410711288452,0.00015720000374130905,0.5047695636749268,2380000.0,-0.011825303547084332,-0.015808554831892252,-0.08834853768348694,0.5283580422401428,-0.5972991585731506,-1.4304369688034058,8543.5673828125,18.974767684936523,36.424251556396484,55.399017333984375,361.0172119140625,756.1253662109375
6.102885723114014,16.84000015258789,1000.0,119.0,0.7235025763511658,0.020190108567476273,9.0,1.0004969835281372,1.0004969835281372,1.0004969835281372,0.02118956670165062,0.000155999994603917,0.4989742636680603,2400000.0,-0.01113194040954113,0.0006933631375432014,0.016050100326538086,1.035725474357605,0.5073674321174622,-3.140911340713501,8587.7890625,18.596601486206055,25.602876663208008,44.19947814941406,452.4940490722656,607.6640625
6.689808368682861,14.5600004196167,1000.0,120.0,0.7150084376335144,0.02596433088183403,16.0,1.0022505521774292,1.0022505521774292,1.0022505521774292,0.021904008463025093,0.0001548000000184402,0.4947036802768707,2420000.0,-0.013829386793076992,-0.002697446383535862,0.1462390273809433,0.5382241010665894,-0.4975013732910156,-2.0056135654449463,8653.44921875,19.003244400024414,46.637821197509766,65.64106750488281,304.68731689453125,719.2546997070312
6.4082441329956055,17.579999923706055,1000.0,121.0,0.7124305367469788,0.02282964624464512,3.0,1.0000662803649902,1.0000662803649902,1.0000662803649902,0.020577017217874527,0.00015360000543296337,0.4933967888355255,2440000.0,-0.0010487777180969715,0.01278060907498002,-0.12229050695896149,0.6997826099395752,0.16155850887298584,-2.310460329055786,8682.7041015625,20.589197158813477,8.642467498779297,29.231664657592773,684.1895751953125,651.2626953125
5.557969570159912,23.440000534057617,1000.0,122.0,0.7137962579727173,0.020179755985736847,16.0,0.9994992613792419,0.9994992613792419,0.9994992613792419,0.020954445004463196,0.00015239999629557133,0.4940579831600189,2460000.0,-0.01634303480386734,-0.015294257085770369,0.10724222660064697,0.6729946136474609,-0.026787996292114258,-2.9476780891418457,8748.1689453125,19.368303298950195,46.07920837402344,65.447509765625,305.58837890625,232.2415771484375
5.693361759185791,23.520000457763672,1000.0,123.0,0.7019649744033813,0.020055294036865234,17.0,0.9954262375831604,0.9954262375831604,0.9954262375831604,0.022370845079421997,0.0001512000017100945,0.48824024200439453,2480000.0,-0.014223244972527027,0.002119789831340313,-0.16657614707946777,0.522806704044342,-0.1501879096031189,-2.31430983543396,8818.2548828125,20.931745529174805,49.129676818847656,70.0614242553711,285.46380615234375,716.0921630859375
5.6176838874816895,23.299999237060547,1000.0,124.0,0.685641884803772,0.020127136260271072,11.0,1.0006184577941895,1.0006184577941895,1.0006184577941895,0.020366758108139038,0.0001500000071246177,0.4803425967693329,2500000.0,-0.012623962014913559,0.0015992829576134682,-0.10209523141384125,0.3723348081111908,-0.15047189593315125,-1.2317416667938232,8870.60546875,20.281068801879883,32.04642105102539,52.327491760253906,382.2082824707031,708.125
5.982553005218506,19.979999542236328,1000.0,125.0,0.6739445924758911,0.020076273009181023,15.0,0.9996052980422974,0.9996052980422974,0.9996052980422974,0.022335467860102654,0.00014879999798722565,0.4747782051563263,2520000.0,-0.01377925556153059,-0.001155293546617031,-0.04359520971775055,0.5943191051483154,0.22198429703712463,-2.6685750484466553,8933.2177734375,18.937744140625,43.65379333496094,62.59159851074219,319.5317077636719,536.6021728515625
5.690562725067139,24.780000686645508,1000.0,126.0,0.66722571849823,0.020890263840556145,13.0,1.0022978782653809,1.0022978782653809,1.0022978782653809,0.021423056721687317,0.00014760000340174884,0.47157782316207886,2540000.0,-0.014528154395520687,-0.000748898833990097,0.09457691013813019,0.685524046421051,0.0912049412727356,-3.420131206512451,8989.984375,19.509170532226562,37.235755920410156,56.74492645263672,352.45440673828125,253.87191772460938
4.839864730834961,29.079999923706055,1000.0,127.0,0.6670913100242615,0.02261957898736,18.0,0.9986652135848999,0.9986652135848999,0.9986652135848999,0.021979551762342453,0.0001463999942643568,0.47150418162345886,2560000.0,-0.01811562292277813,-0.0035874685272574425,0.12512579560279846,0.6164200901985168,-0.06910395622253418,-4.245433807373047,9062.4921875,19.871118545532227,52.61475372314453,72.48587036132812,275.91583251953125,352.3931884765625
4.977279186248779,26.860000610351562,1000.0,128.0,0.6674667000770569,0.0208095982670784,7.0,0.9990681409835815,0.9990681409835815,0.9990681409835815,0.020956307649612427,0.00014519999967887998,0.47169172763824463,2580000.0,-0.009786608628928661,0.008329014293849468,-0.12809830904006958,0.675693690776825,0.059273600578308105,-2.333861827850342,9102.1171875,18.784181594848633,20.816667556762695,39.60084915161133,505.0396728515625,668.4721069335938
5.280656814575195,20.760000228881836,1000.0,129.0,0.6552641987800598,0.020398855209350586,13.0,0.9992955923080444,0.9992955923080444,0.9992955923080444,0.022112611681222916,0.00014400000509340316,0.4659729301929474,2600000.0,-0.014157833531498909,-0.004371224902570248,-0.15714111924171448,0.4318227171897888,-0.24387097358703613,-1.1987274885177612,9157.7666015625,18.947452545166016,36.68239974975586,55.62985610961914,359.5191955566406,861.45361328125
6.127666473388672,11.479999542236328,1000.0,130.0,0.6379323601722717,0.020176777616143227,16.0,0.9988214373588562,0.9988214373588562,0.9988214373588562,0.021845253184437752,0.00014279999595601112,0.4579681158065796,2620000.0,-0.015688592568039894,-0.001530759036540985,-0.017553778365254402,0.28928142786026,-0.1425412893295288,-0.906448245048523,9225.33984375,20.256967544555664,47.29397201538086,67.55094146728516,296.0728454589844,943.7734985351562
5.886579990386963,9.020000457763672,1000.0,131.0,0.6239147782325745,0.02211666852235794,6.0,1.0002373456954956,1.0002373456954956,1.0002373456954956,0.020153384655714035,0.0001416000013705343,0.45159924030303955,2640000.0,-0.00679712975397706,0.008891462814062834,0.4043843746185303,0.3549475073814392,0.0656660795211792,-0.9991780519485474,9262.0146484375,20.20724105834961,16.444637298583984,36.651878356933594,545.6746215820312,750.1941528320312
4.841492176055908,9.920000076293945,1000.0,132.0,0.6222617030143738,0.02280602790415287,5.0,0.9987286925315857,0.9987286925315857,0.9987286925315857,0.020103778690099716,0.00014040000678505749,0.45084959268569946,2660000.0,-0.005463621579110622,0.001333508174866438,-0.13401612639427185,0.2739281952381134,-0.0810193121433258,-0.7051361799240112,9296.3955078125,19.51355743408203,14.848644256591797,34.36220169067383,582.034912109375,889.948974609375
3.7574527263641357,11.220000267028809,1000.0,133.0,0.630182683467865,0.02155723050236702,7.0,1.0002120733261108,1.0002120733261108,1.0002120733261108,0.020877530798316002,0.00013919999764766544,0.45444878935813904,2680000.0,-0.01035828236490488,-0.004894660785794258,0.27745452523231506,0.4374229311943054,0.16349473595619202,-1.6355435848236084,9335.294921875,18.76293182373047,20.118160247802734,38.8810920715332,514.3888549804688,658.4638061523438
3.8792107105255127,15.359999656677246,1000.0,134.0,0.625254213809967,0.020795440301299095,12.0,1.0013741254806519,1.0013741254806519,1.0013741254806519,0.021075638011097908,0.00013800000306218863,0.45224982500076294,2700000.0,-0.012386772781610489,-0.0020284904167056084,-0.08153853565454483,0.48535919189453125,0.04793626070022583,-1.8296113014221191,9390.0283203125,19.956605911254883,34.7562141418457,54.71282196044922,365.5450439453125,488.2624206542969
4.501399040222168,15.720000267028809,1000.0,135.0,0.6153833866119385,0.022905688732862473,16.0,1.0010297298431396,1.0010297298431396,1.0010297298431396,0.022022543475031853,0.00013679999392479658,0.4478414058685303,2720000.0,-0.012528198771178722,-0.0001414259895682335,0.13412535190582275,0.2687610685825348,-0.21659812331199646,-0.47069892287254333,9454.8193359375,19.60589027404785,45.16482925415039,64.77072143554688,308.781494140625,882.9137573242188
5.10324239730835,21.639999389648438,1000.0,136.0,0.6145089864730835,0.020367981866002083,19.0,1.002302885055542,1.002302885055542,1.002302885055542,0.022771354764699936,0.00013559999933931977,0.4474565088748932,2740000.0,-0.017769888043403625,-0.005241689272224903,-0.1764414757490158,0.6003347635269165,0.3315736949443817,-2.2571558952331543,9528.7763671875,18.722829818725586,55.211021423339844,73.93385314941406,270.5120849609375,336.1076965332031
5.6857171058654785,20.68000030517578,1000.0,137.0,0.6212244629859924,0.02202143520116806,9.0,0.9994737505912781,0.9994737505912781,0.9994737505912781,0.022049158811569214,0.00013440000475384295,0.4505220353603363,2760000.0,-0.011344599537551403,0.0064252885058522224,-0.004237771034240723,0.7805891036987305,0.18025434017181396,-2.3063712120056152,9574.2158203125,19.70957374572754,25.703786849975586,45.413360595703125,440.3990478515625,704.3126220703125
5.901157379150391,24.979999542236328,1000.0,138.0,0.6163166761398315,0.022599250078201294,16.0,0.999250590801239,0.999250590801239,0.999250590801239,0.02124112844467163,0.0001331999956164509,0.4482630491256714,2780000.0,-0.01663116179406643,-0.005286562256515026,0.09983249008655548,0.8363880515098572,0.05579894781112671,-3.3239328861236572,9640.2548828125,18.614234924316406,47.40485382080078,66.01908874511719,302.94268798828125,472.84027099609375
5.224301338195801,23.579999923706055,1000.0,139.0,0.6031166315078735,0.021669814363121986,14.0,0.9999269843101501,0.9999269843101501,0.9999269843101501,0.021359728649258614,0.0001320000010309741,0.4423467516899109,2800000.0,-0.013633934780955315,0.0029972270131111145,-0.3244810998439789,0.5262779593467712,-0.31011009216308594,-2.3754448890686035,9699.8671875,18.682769775390625,40.903907775878906,59.58667755126953,335.6454772949219,522.0760498046875
4.622720241546631,22.18000030517578,1000.0,140.0,0.5896351933479309,0.02708388678729534,13.0,1.0006992816925049,1.0006992816925049,1.0006992816925049,0.022109758108854294,0.00013080000644549727,0.4364277422428131,2820000.0,-0.01466444879770279,-0.0010305140167474747,-0.0208594873547554,0.4925348460674286,-0.03374311327934265,-1.870945692062378,9756.6298828125,18.68311882019043,38.054786682128906,56.73790740966797,352.4980163574219,791.1531982421875
4.864339828491211,16.239999771118164,1000.0,141.0,0.5708776116371155,0.022235039621591568,15.0,0.9985586404800415,0.9985586404800415,0.9985586404800415,0.02233622409403324,0.00012959999730810523,0.42835134267807007,2840000.0,-0.0149789247661829,-0.00031447596848011017,-0.061211273074150085,0.38761699199676514,-0.10491785407066345,-1.1139272451400757,9822.19921875,21.110448837280273,44.436492919921875,65.54694366455078,305.1248474121094,874.8014526367188
5.599504470825195,16.860000610351562,1000.0,142.0,0.5645157098770142,0.020554566755890846,14.0,0.9995819330215454,0.9995819330215454,0.9995819330215454,0.021631253883242607,0.00012840000272262841,0.4256179928779602,2860000.0,-0.01327155064791441,0.0017073741182684898,0.12077590823173523,0.6113987565040588,0.2237817645072937,-2.7431554794311523,9882.43359375,19.690242767333984,40.52059555053711,60.210838317871094,332.1661071777344,532.5065307617188
6.90635871887207,19.219999313354492,1000.0,143.0,0.5501104593276978,0.020384158939123154,10.0,1.0000441074371338,1.0000441074371338,1.0000441074371338,0.020310314372181892,0.00012719999358523637,0.4195198118686676,2880000.0,-0.012329474091529846,0.0009420765563845634,-0.17081089317798615,0.6533663868904114,0.04196763038635254,-2.2332520484924316,9929.646484375,18.602054595947266,28.587217330932617,47.19027328491211,423.816162109375,685.2376708984375
6.662815093994141,20.719999313354492,1000.0,144.0,0.5331262946128845,0.021809548139572144,10.0,0.9994813203811646,0.9994813203811646,0.9994813203811646,0.021057719364762306,0.00012599999899975955,0.41243088245391846,2900000.0,-0.013834279961884022,-0.0015048058703541756,-0.009547427296638489,0.6561708450317383,0.0028044581413269043,-2.0603907108306885,9978.85546875,19.293197631835938,29.894865036010742,49.189064025878906,406.5944519042969,704.5098876953125
6.639451503753662,23.940000534057617,1000.0,145.0,0.5241219997406006,0.021061670035123825,16.0,0.9981200695037842,0.9981200695037842,0.9981200695037842,0.02179897204041481,0.00012480000441428274,0.4087259769439697,2920000.0,-0.016435744240880013,-0.0026014642789959908,0.12904271483421326,0.6669851541519165,0.010814309120178223,-3.402700424194336,10042.9072265625,17.489700317382812,46.542545318603516,64.0322494506836,312.3426208496094,460.30389404296875
7.048403739929199,19.0,1000.0,146.0,0.5246323943138123,0.0211897362023592,13.0,1.0003142356872559,1.0003142356872559,1.0003142356872559,0.021700721234083176,0.0001235999952768907,0.4089294672012329,2940000.0,-0.0134769007563591,0.002958843484520912,0.6474298238754272,0.45502495765686035,-0.21196019649505615,-1.6733254194259644,10098.5078125,17.9035701751709,37.67274856567383,55.576316833496094,359.8655090332031,739.8015747070312
6.992990493774414,19.5,1000.0,147.0,0.5190116167068481,0.022145895287394524,11.0,0.9994277358055115,0.9994277358055115,0.9994277358055115,0.020285136997699738,0.00012240000069141388,0.40666165947914124,2960000.0,-0.013746637850999832,-0.0002697370946407318,-0.16896261274814606,0.6066478490829468,0.15162289142608643,-3.057770252227783,10150.1708984375,19.63046646118164,32.00716781616211,51.638633728027344,387.3069152832031,547.9214477539062
7.629754543304443,19.600000381469727,1000.0,148.0,0.5123400688171387,0.022837238386273384,5.0,1.0007246732711792,1.0007246732711792,1.0007246732711792,0.01925250142812729,0.00012119999882997945,0.4039582312107086,2980000.0,-0.0061871204525232315,0.007559517398476601,-0.02923445589840412,0.8087080717086792,0.20206022262573242,-2.293443202972412,10184.9677734375,19.72047233581543,15.055160522460938,34.77621078491211,575.1057739257812,683.799072265625
6.511133193969727,17.479999542236328,1000.0,149.0,0.5089991688728333,0.020633021369576454,13.0,0.9991059303283691,0.9991059303283691,0.9991059303283691,0.02064165100455284,0.00011999999696854502,0.40265747904777527,3000000.0,-0.013949664309620857,-0.007762543857097626,-0.09551042318344116,0.4281994104385376,-0.3805086612701416,-1.4992934465408325,10241.8486328125,18.65511703491211,38.207576751708984,56.862693786621094,351.7244567871094,792.443115234375
6.800394058227539,18.1200008392334,1000.0,150.0,0.4987897574901581,0.020067822188138962,17.0,1.004891037940979,1.004891037940979,1.004891037940979,0.022511759772896767,0.0001188000023830682,0.3985704183578491,3020000.0,-0.0158479455858469,-0.0018982812762260437,-0.08097489178180695,0.4022328853607178,-0.025966525077819824,-1.3219655752182007,10309.5576171875,18.051658630371094,49.636863708496094,67.68852233886719,295.4710693359375,649.9000244140625
6.628539562225342,15.699999809265137,1000.0,151.0,0.4929017126560211,0.021056028082966805,11.0,0.9978435039520264,0.9978435039520264,0.9978435039520264,0.021038003265857697,0.00011760000052163377,0.39620938897132874,3040000.0,-0.013714290224015713,0.002133655361831188,0.21005454659461975,0.4926714599132538,0.09043857455253601,-1.4005646705627441,10361.23046875,19.649211883544922,31.999191284179688,51.64840316772461,387.233642578125,742.158203125
6.286213397979736,17.239999771118164,1000.0,152.0,0.4885379672050476,0.025439169257879257,18.0,1.0000211000442505,1.0000211000442505,1.0000211000442505,0.022042805328965187,0.00011639999866019934,0.3944714367389679,3060000.0,-0.015163179486989975,-0.0014488892629742622,0.4964061975479126,0.560728132724762,0.06805667281150818,-3.0019590854644775,10431.716796875,18.59710693359375,51.867218017578125,70.46532440185547,283.8275451660156,545.9891357421875
6.158844470977783,14.579999923706055,1000.0,153.0,0.48642703890800476,0.026491092517971992,15.0,1.0012744665145874,1.0012744665145874,1.0012744665145874,0.021817073225975037,0.00011519999679876491,0.39359626173973083,3080000.0,-0.014915955252945423,0.00024722423404455185,-0.13399356603622437,0.440079003572464,-0.12064912915229797,-1.7866771221160889,10495.2646484375,20.38455581665039,43.141300201416016,63.525856018066406,314.8324279785156,712.9542846679688
5.4927520751953125,11.380000114440918,1000.0,154.0,0.4824908971786499,0.02062355913221836,14.0,1.0009088516235352,1.0009088516235352,1.0009088516235352,0.02221011556684971,0.0001140000022132881,0.3920379877090454,3100000.0,-0.01535035576671362,-0.0004344005137681961,-0.1972438395023346,0.4311264455318451,-0.008952558040618896,-1.4652323722839355,10554.9306640625,19.097801208496094,40.54454803466797,59.64234924316406,335.33221435546875,863.3850708007812
6.980338096618652,14.779999732971191,1000.0,155.0,0.48155707120895386,0.02007151208817959,9.0,0.999622642993927,0.999622642993927,0.999622642993927,0.02159121260046959,0.00011280000035185367,0.39166197180747986,3120000.0,-0.01171758584678173,0.0036327699199318886,0.175225630402565,0.8562844395637512,0.42515799403190613,-2.3314497470855713,10600.1943359375,18.780807495117188,26.461545944213867,45.24235153198242,442.06365966796875,580.8973388671875
7.4195556640625,20.860000610351562,1000.0,156.0,0.46788254380226135,0.02090315893292427,13.0,1.0011744499206543,1.0011744499206543,1.0011744499206543,0.02086411416530609,0.00011159999849041924,0.38634932041168213,3140000.0,-0.013873708434402943,-0.002156122587621212,0.17339330911636353,0.7647395730018616,-0.09154486656188965,-3.0905683040618896,10657.4580078125,18.61410140991211,38.62837600708008,57.24247741699219,349.3908996582031,430.7161865234375
7.496531963348389,25.260000228881836,1000.0,157.0,0.44538846611976624,0.020714441314339638,15.0,0.9994421601295471,0.9994421601295471,0.9994421601295471,0.021845970302820206,0.00011039999662898481,0.3777620196342468,3160000.0,-0.01579352840781212,-0.0019198199734091759,-0.050461359322071075,0.7728752493858337,0.008135676383972168,-3.1384267807006836,10720.2626953125,18.74201202392578,44.040775299072266,62.78279113769531,318.55865478515625,564.4111938476562
6.642782211303711,23.520000457763672,1000.0,158.0,0.43392521142959595,0.020071929320693016,15.0,0.9978227615356445,0.9978227615356445,0.9978227615356445,0.02171955443918705,0.00010920000204350799,0.3734514117240906,3180000.0,-0.01598171517252922,-0.00018818676471710205,-0.23065127432346344,0.6273911595344543,-0.1454840898513794,-2.5925114154815674,10782.0341796875,18.505815505981445,43.24177169799805,61.74861145019531,323.8939208984375,661.738037109375
5.9293718338012695,26.8799991607666,1000.0,159.0,0.4169973134994507,0.02213408425450325,17.0,1.002461314201355,1.002461314201355,1.002461314201355,0.020670877769589424,0.00010800000018207356,0.36719220876693726,3200000.0,-0.016288314014673233,-0.00030659884214401245,-0.1066146194934845,0.5678314566612244,-0.05955970287322998,-2.138932466506958,10852.171875,20.185705184936523,49.93032455444336,70.11602783203125,285.2414855957031,273.7772521972656
5.127391815185547,29.780000686645508,1000.0,160.0,0.4052727222442627,0.02054142951965332,10.0,0.999309241771698,0.999309241771698,0.999309241771698,0.02163236029446125,0.00010679999832063913,0.3629314601421356,3220000.0,-0.012213211506605148,0.004075102508068085,0.1325886994600296,0.6187163591384888,0.050884902477264404,-2.479154586791992,10899.423828125,18.32625961303711,28.90138053894043,47.227638244628906,423.4808349609375,507.0079040527344
4.681481838226318,28.68000030517578,1000.0,161.0,0.3941431939601898,0.022839074954390526,12.0,0.9974019527435303,0.9974019527435303,0.9974019527435303,0.020819857716560364,0.0001055999964592047,0.35888946056365967,3240000.0,-0.014591529034078121,-0.002378317527472973,-0.006124718580394983,0.510924756526947,-0.10779160261154175,-1.339435338973999,10953.0263671875,19.204111099243164,34.37776565551758,53.58187484741211,373.2605285644531,727.7232666015625
4.714911460876465,20.719999313354492,1000.0,162.0,0.38136425614356995,0.020191878080368042,19.0,1.0022296905517578,1.0022296905517578,1.0022296905517578,0.021472912281751633,0.00010440000187372789,0.3543228507041931,3260000.0,-0.016331151127815247,-0.0017396220937371254,0.1982259750366211,0.4258480966091156,-0.08507665991783142,-1.8548868894577026,11027.087890625,19.101240158081055,54.93800354003906,74.03924560546875,270.12701416015625,684.850830078125
5.177838325500488,16.700000762939453,1000.0,163.0,0.36656394600868225,0.02332070842385292,13.0,0.9993613362312317,0.9993613362312317,0.9993613362312317,0.021004552021622658,0.00010320000001229346,0.3491158187389374,3280000.0,-0.013683096505701542,0.0026480546221137047,-0.12427262961864471,0.34944725036621094,-0.07640084624290466,-1.4034788608551025,11083.640625,17.950685501098633,38.57716369628906,56.528846740722656,353.8016662597656,620.0742797851562
5.815764904022217,18.719999313354492,1000.0,164.0,0.352632999420166,0.020298585295677185,13.0,1.0028743743896484,1.0028743743896484,1.0028743743896484,0.02118728682398796,0.00010199999815085903,0.3442949950695038,3300000.0,-0.01388324424624443,-0.00020014774054288864,-0.28803807497024536,0.7097196578979492,0.3602724075317383,-3.0703821182250977,11139.8671875,18.173839569091797,38.02947998046875,56.20331954956055,355.8508605957031,538.66015625
6.494879245758057,20.1200008392334,1000.0,165.0,0.3361065685749054,0.022376779466867447,14.0,0.9997243285179138,0.9997243285179138,0.9997243285179138,0.021314457058906555,0.00010080000356538221,0.33865422010421753,3320000.0,-0.01590622216463089,-0.0020229779183864594,0.05174294486641884,0.5622130632400513,-0.14750659465789795,-2.2508907318115234,11199.16015625,18.547197341918945,40.723854064941406,59.271053314208984,337.432861328125,735.5234985351562
6.499185562133789,21.760000228881836,1000.0,166.0,0.3232332766056061,0.020201425999403,16.0,0.9993608593940735,0.9993608593940735,0.9993608593940735,0.0218463484197855,9.960000170394778e-05,0.33432161808013916,3340000.0,-0.015444477088749409,0.00046174507588148117,0.2003202736377716,0.6673762202262878,0.10516315698623657,-2.221433639526367,11264.556640625,19.250370025634766,46.123722076416016,65.37409210205078,305.93157958984375,610.8656616210938
6.683886528015137,15.800000190734863,1000.0,167.0,0.3049716055393219,0.02126014046370983,18.0,0.998099684715271,0.998099684715271,0.998099684715271,0.021102625876665115,9.839999984251335e-05,0.3282754421234131,3360000.0,-0.017688266932964325,-0.0022437898442149162,-0.01244347169995308,0.37419363856315613,-0.2931825816631317,-1.204406499862671,11336.328125,20.14753532409668,51.59477233886719,71.7433090209961,278.7716369628906,856.4656982421875
6.030736923217773,16.3799991607666,1000.0,168.0,0.29010164737701416,0.02354813925921917,11.0,1.000454068183899,1.000454068183899,1.000454068183899,0.02131049335002899,9.719999798107892e-05,0.3234208822250366,3380000.0,-0.012592963874340057,0.005095303058624268,-0.12334643304347992,0.5791448354721069,0.2049511969089508,-2.445204496383667,11388.056640625,19.921524047851562,31.783708572387695,51.705230712890625,386.80804443359375,574.7696533203125
5.666360855102539,12.300000190734863,1000.0,169.0,0.2791556417942047,0.0227128304541111,10.0,1.0006661415100098,1.0006661415100098,1.0006661415100098,0.021384278312325478,9.600000339560211e-05,0.3198945224285126,3400000.0,-0.012855710461735725,-0.00026274658739566803,0.060651227831840515,0.651249885559082,0.0721050500869751,-2.252655029296875,11435.52734375,18.842702865600586,28.605472564697266,47.44817352294922,421.5125427246094,709.020263671875
4.957426071166992,18.579999923706055,1000.0,170.0,0.271927148103714,0.021435733884572983,14.0,1.0017513036727905,1.0017513036727905,1.0017513036727905,0.0212971493601799,9.480000153416768e-05,0.3175849914550781,3420000.0,-0.014753312803804874,-0.001897602342069149,0.1351930797100067,0.48283863067626953,-0.1684112548828125,-1.2471425533294678,11495.013671875,18.909645080566406,40.554508209228516,59.46515655517578,336.3314208984375,398.34344482421875
5.7084879875183105,17.700000762939453,1000.0,171.0,0.2589356303215027,0.024168362841010094,16.0,1.0032769441604614,1.0032769441604614,1.0032769441604614,0.021222274750471115,9.359999967273325e-05,0.3134903013706207,3440000.0,-0.015552735887467861,-0.0007994230836629868,-0.02601439505815506,0.6120011806488037,0.12916254997253418,-2.3055849075317383,11560.583984375,18.49886703491211,47.0472297668457,65.54609680175781,305.1287841796875,738.2875366210938
5.578464984893799,21.84000015258789,1000.0,172.0,0.2516615092754364,0.02085931785404682,12.0,0.9990882873535156,0.9990882873535156,0.9990882873535156,0.022258253768086433,9.239999781129882e-05,0.3112160265445709,3460000.0,-0.01384194940328598,0.001710786484181881,-0.002269688993692398,0.7794685363769531,0.16746735572814941,-2.677891731262207,11613.255859375,17.376888275146484,35.27342987060547,52.65031814575195,379.8647766113281,601.3868408203125
6.341269016265869,19.959999084472656,1000.0,173.0,0.24717241525650024,0.0205340925604105,12.0,1.0019794702529907,1.0019794702529907,1.0019794702529907,0.021371960639953613,9.1200003225822e-05,0.30982622504234314,3480000.0,-0.013613336719572544,0.00022861268371343613,0.1346362829208374,0.5639363527297974,-0.21553218364715576,-1.6814876794815063,11667.0830078125,18.699176788330078,35.107757568359375,53.80693435668945,371.69927978515625,806.892333984375
6.456202983856201,19.31999969482422,1000.0,174.0,0.24441257119178772,0.02030097506940365,16.0,1.001083254814148,1.001083254814148,1.001083254814148,0.02182479202747345,9.000000136438757e-05,0.30897265672683716,3500000.0,-0.015928013250231743,-0.0023146765306591988,-0.32512444257736206,0.7238709330558777,0.15993458032608032,-2.844538688659668,11732.849609375,19.5833683013916,46.16117477416992,65.74454498291016,304.207763671875,424.26239013671875
7.015032768249512,18.15999984741211,1000.0,175.0,0.2398848980665207,0.02058689296245575,18.0,0.9996352791786194,0.9996352791786194,0.9996352791786194,0.02163759432733059,8.879999950295314e-05,0.3075767159461975,3520000.0,-0.015923738479614258,4.274770617485046e-06,-0.06337404251098633,0.6200535893440247,-0.10381734371185303,-2.093716621398926,11803.1396484375,18.54257583618164,51.72328186035156,70.26587677001953,284.6331787109375,687.575439453125
6.679502964019775,21.020000457763672,1000.0,176.0,0.23321042954921722,0.025780675932765007,12.0,0.9981675148010254,0.9981675148010254,0.9981675148010254,0.021518442779779434,8.759999764151871e-05,0.3055271804332733,3540000.0,-0.01342849526554346,0.002495243214070797,0.16119660437107086,0.8879896998405457,0.267936110496521,-3.223768472671509,11857.5595703125,19.64476203918457,34.751468658447266,54.3962287902832,367.67254638671875,579.0261840820312
6.260557174682617,21.479999542236328,1000.0,177.0,0.2215534746646881,0.020144540816545486,16.0,0.9995689392089844,0.9995689392089844,0.9995689392089844,0.021482879295945168,8.64000030560419e-05,0.3019925355911255,3560000.0,-0.016262924298644066,-0.002834429033100605,-0.043300021439790726,0.8403696417808533,-0.04762005805969238,-3.5084421634674072,11923.0517578125,18.065706253051758,47.402320861816406,65.46802520751953,305.49261474609375,545.5615234375
6.263211250305176,21.940000534057617,1000.0,178.0,0.2045479565858841,0.021237222477793694,12.0,0.9981256723403931,0.9981256723403931,0.9981256723403931,0.020359329879283905,8.520000119460747e-05,0.29691535234451294,3580000.0,-0.014251851476728916,0.0020110728219151497,0.07464846223592758,0.8228392601013184,-0.017530381679534912,-3.482213258743286,11975.1455078125,17.539155960083008,34.53206253051758,52.07121658325195,384.08935546875,398.43499755859375
6.12639045715332,19.31999969482422,1000.0,179.0,0.18654944002628326,0.02003420703113079,12.0,0.9985442757606506,0.9985442757606506,0.9985442757606506,0.02040194533765316,8.399999933317304e-05,0.2916572391986847,3600000.0,-0.014538338407874107,-0.0002864869311451912,0.12404663860797882,0.43828317523002625,-0.3845560848712921,-1.6668211221694946,12029.3388671875,19.378498077392578,34.79373550415039,54.17234420776367,369.19207763671875,789.220458984375
6.015291213989258,22.65999984741211,1000.0,180.0,0.17242524027824402,0.02051423490047455,10.0,1.0007519721984863,1.0007519721984863,1.0007519721984863,0.023168059065937996,8.27999974717386e-05,0.28759363293647766,3620000.0,-0.012085728347301483,0.002452610060572624,-0.13201454281806946,0.8181746006011963,0.37989142537117004,-3.089029550552368,12079.525390625,20.644853591918945,29.52021026611328,50.16506576538086,398.683837890625,455.13665771484375
6.421022891998291,19.079999923706055,1000.0,181.0,0.16300293803215027,0.02333383820950985,18.0,0.9987272024154663,0.9987272024154663,0.9987272024154663,0.02138749323785305,8.160000288626179e-05,0.28493598103523254,3640000.0,-0.013804296962916851,-0.0017185686156153679,0.006391614675521851,0.4436744153499603,-0.37450018525123596,-1.3666646480560303,12149.4140625,18.084592819213867,51.78347396850586,69.8680648803711,286.2538146972656,788.7994995117188
7.103189468383789,21.559999465942383,1000.0,182.0,0.15392127633094788,0.02585434354841709,15.0,1.0023488998413086,1.0023488998413086,1.0023488998413086,0.021185606718063354,8.040000102482736e-05,0.2823949158191681,3660000.0,-0.01235178578644991,0.0014525111764669418,0.28072255849838257,0.5197028517723083,0.07602843642234802,-1.7909886837005615,12210.8583984375,17.456314086914062,43.96457290649414,61.4208869934082,325.62213134765625,634.8213500976562
7.252119064331055,19.139999389648438,1000.0,183.0,0.13859519362449646,0.021577121689915657,13.0,1.0008060932159424,1.0008060932159424,1.0008060932159424,0.02111763507127762,7.919999916339293e-05,0.2781485319137573,3680000.0,-0.014493625611066818,-0.002141839824616909,0.0315856859087944,0.4378531873226166,-0.08184966444969177,-1.493584394454956,12266.5966796875,18.477691650390625,37.2376823425293,55.71537780761719,358.9673156738281,562.85400390625
6.157961368560791,24.6200008392334,1000.0,184.0,0.13123458623886108,0.020163897424936295,16.0,0.9999384880065918,0.9999384880065918,0.9999384880065918,0.02114614099264145,7.79999973019585e-05,0.2761053144931793,3700000.0,-0.016858113929629326,-0.0023644883185625076,-0.019645418971776962,0.6739588975906372,0.23610571026802063,-2.8784501552581787,12333.23828125,20.517955780029297,46.10078811645508,66.61974334716797,300.2113037109375,324.94287109375
4.504746437072754,25.68000030517578,1000.0,185.0,0.12459471821784973,0.02573270909488201,8.0,0.9975293278694153,0.9975293278694153,0.9975293278694153,0.020951097831130028,7.680000271648169e-05,0.2742449939250946,3720000.0,-0.00989017728716135,0.006967936642467976,-0.0010948032140731812,0.5151931047439575,-0.1587657928466797,-1.7259236574172974,12374.9794921875,18.580907821655273,23.13609504699707,41.717002868652344,479.42083740234375,648.2008056640625
4.1298065185546875,24.799999237060547,1000.0,186.0,0.11859492212533951,0.02032378688454628,11.0,1.0024421215057373,1.0024421215057373,1.0024421215057373,0.02141772210597992,7.560000085504726e-05,0.2726147174835205,3740000.0,-0.012277940288186073,-0.002387763001024723,-0.3541427552700043,0.6543183326721191,0.13912522792816162,-2.1981492042541504,12425.158203125,18.0892276763916,32.069618225097656,50.158843994140625,398.7332458496094,605.7418823242188
5.650541305541992,17.459999084472656,1000.0,187.0,0.10378091782331467,0.0201860498636961,14.0,0.9992585778236389,0.9992585778236389,0.9992585778236389,0.021358858793973923,7.439999899361283e-05,0.26865190267562866,3760000.0,-0.014490269124507904,-0.0022123288363218307,-0.0072465334087610245,0.508841335773468,-0.14547699689865112,-1.3118553161621094,12486.3056640625,19.059553146362305,42.06594467163086,61.12549591064453,327.1957092285156,741.5999755859375
7.261593818664551,15.699999809265137,1000.0,188.0,0.08995632082223892,0.020577983930706978,15.0,1.0013563632965088,1.0013563632965088,1.0013563632965088,0.0217254888266325,7.31999971321784e-05,0.2650032937526703,3780000.0,-0.017473023384809494,-0.00298275426030159,-0.09640252590179443,0.5332006812095642,0.02435934543609619,-1.694730281829834,12547.6357421875,18.714574813842773,42.592872619628906,61.30744934082031,326.2246398925781,668.5814819335938
7.682211875915527,19.540000915527344,1000.0,189.0,0.08818977326154709,0.020663082599639893,18.0,1.0008823871612549,1.0008823871612549,1.0008823871612549,0.02095804549753666,7.200000254670158e-05,0.26456326246261597,3800000.0,-0.016019031405448914,0.0014539919793605804,-0.08323094993829727,0.28218740224838257,-0.25101327896118164,-1.0956443548202515,12617.75,18.63265037536621,51.45637893676758,70.08902740478516,285.35137939453125,533.46875
6.662466526031494,20.760000228881836,1000.0,190.0,0.08758355677127838,0.020214267075061798,29.0,1.0064105987548828,1.0064105987548828,1.0064105987548828,0.02124232053756714,7.080000068526715e-05,0.264375239610672,3820000.0,-0.01785413734614849,-0.0018351059406995773,0.09127180278301239,0.4467102587223053,0.16452285647392273,-1.8051656484603882,12720.1640625,18.764543533325195,83.62541198730469,102.38996124267578,195.33164978027344,558.3272705078125
6.044100284576416,21.100000381469727,1000.0,191.0,0.0766763836145401,0.02411126159131527,18.0,0.9987583160400391,0.9987583160400391,0.9987583160400391,0.022277923300862312,6.959999882383272e-05,0.2614935040473938,3840000.0,-0.01599186100065708,0.0018622763454914093,0.00984538346529007,0.3795073330402374,-0.06720292568206787,-1.4168696403503418,12790.3671875,17.536415100097656,52.6387939453125,70.17520904541016,285.00091552734375,629.3294067382812
5.112936496734619,16.68000030517578,1000.0,192.0,0.07106684148311615,0.02031599171459675,20.0,1.0038584470748901,1.0038584470748901,1.0038584470748901,0.022145764902234077,6.839999696239829e-05,0.25997602939605713,3860000.0,-0.015568908303976059,0.00042295269668102264,0.1277298778295517,0.3560658395290375,-0.02344149351119995,-0.8638327121734619,12866.38671875,17.50720977783203,58.488346099853516,75.99555206298828,263.17327880859375,797.9812622070312
5.525907516479492,17.059999465942383,1000.0,193.0,0.06542634218931198,0.02172224037349224,23.0,1.0034211874008179,1.0034211874008179,1.0034211874008179,0.021956222131848335,6.720000237692147e-05,0.2584552466869354,3880000.0,-0.01915295049548149,-0.003584042191505432,-0.009024826809763908,0.506035566329956,0.14996972680091858,-1.989534616470337,12949.9453125,17.6905460357666,65.84353637695312,83.5340805053711,239.42323303222656,625.814697265625
5.334410190582275,19.920000076293945,1000.0,194.0,0.060586195439100266,0.0206256415694952,28.0,1.004359245300293,1.004359245300293,1.004359245300293,0.020987428724765778,6.600000051548705e-05,0.25724703073501587,3900000.0,-0.021048054099082947,-0.0018951036036014557,0.051074907183647156,0.36635372042655945,-0.1396818459033966,-1.7525359392166138,13047.9658203125,17.547466278076172,80.44571685791016,97.9931869506836,204.0958251953125,406.83197021484375
5.914467811584473,19.799999237060547,1000.0,195.0,0.057933203876018524,0.020298784598708153,11.0,1.0010583400726318,1.0010583400726318,1.0010583400726318,0.020248565822839737,6.479999865405262e-05,0.256577730178833,3920000.0,-0.012700850144028664,0.008347203955054283,0.10654659569263458,0.5692868232727051,0.20293310284614563,-1.5970818996429443,13098.123046875,18.888227462768555,31.239749908447266,50.129005432128906,398.9706115722656,749.496337890625
6.6870293617248535,22.5,1000.0,196.0,0.05589284375309944,0.020290158689022064,17.0,0.9980786442756653,0.9980786442756653,0.9980786442756653,0.021456334739923477,6.359999679261819e-05,0.2560552954673767,3940000.0,-0.017269674688577652,-0.004568824544548988,0.3197471499443054,0.8449661731719971,0.275679349899292,-4.148395538330078,13165.3408203125,17.71981430053711,49.477291107177734,67.19710540771484,297.6318664550781,393.21826171875
7.227085590362549,20.1200008392334,1000.0,197.0,0.04890729859471321,0.020457567647099495,22.0,1.000630259513855,1.000630259513855,1.000630259513855,0.020992156118154526,6.240000220714137e-05,0.2542658746242523,3960000.0,-0.018016524612903595,-0.000746849924325943,0.08134694397449493,0.34313520789146423,-0.5018309652805328,-0.7472488284111023,13245.966796875,18.314821243286133,62.28838348388672,80.60320281982422,248.12908935546875,830.9183959960938
7.375476837158203,14.319999694824219,1000.0,198.0,0.029250338673591614,0.02155928499996662,19.0,0.9975097179412842,0.9975097179412842,0.9975097179412842,0.02107107825577259,6.120000034570694e-05,0.24932177364826202,3980000.0,-0.016827985644340515,0.0011885389685630798,-0.03581099212169647,0.3113224506378174,-0.03181275725364685,-0.9735416769981384,13318.630859375,18.628450393676758,54.01078796386719,72.63923645019531,275.3332824707031,848.0889892578125
6.9244585037231445,15.420000076293945,1000.0,199.0,0.010415146127343178,0.0208564605563879,16.0,1.0026028156280518,1.0026028156280518,1.0026028156280518,0.02175149694085121,5.999999848427251e-05,0.244655579328537,4000000.0,-0.01528334990143776,0.0015446357429027557,0.08201587945222855,0.5300830006599426,0.21876055002212524,-1.3787498474121094,13382.4951171875,18.28624725341797,45.554176330566406,63.84142303466797,313.2762451171875,561.7171630859375
6.089641094207764,16.440000534057617,1000.0,200.0,-0.005296214949339628,0.02018532156944275,18.0,1.00204598903656,1.00204598903656,1.00204598903656,0.021597282961010933,5.880000026081689e-05,0.2408595234155655,4020000.0,-0.017097914591431618,-0.0018145646899938583,-0.0779852569103241,0.3963036835193634,-0.13377931714057922,-1.5737155675888062,13452.7412109375,17.744747161865234,52.47793197631836,70.2226791381836,284.8082580566406,764.1529541015625
6.090328216552734,19.239999771118164,1000.0,201.0,-0.013260685838758945,0.02229808084666729,20.0,0.9995470643043518,0.9995470643043518,0.9995470643043518,0.021416230127215385,5.759999839938246e-05,0.23893873393535614,4040000.0,-0.01820404827594757,-0.001106133684515953,-0.23213069140911102,0.40617215633392334,0.009868472814559937,-1.6060329675674438,13529.76953125,17.813352584838867,59.191688537597656,77.00504302978516,259.7232360839844,682.364013671875
6.528588771820068,16.799999237060547,1000.0,202.0,-0.022236302495002747,0.02024232968688011,15.0,1.0003546476364136,1.0003546476364136,1.0003546476364136,0.020389407873153687,5.6400000175926834e-05,0.2368178814649582,4060000.0,-0.015250182710587978,0.0029538655653595924,0.04577105864882469,0.5429379940032959,0.13676583766937256,-1.7547249794006348,13589.9619140625,17.589962005615234,42.577518463134766,60.16748046875,332.40545654296875,575.3682861328125
6.7634429931640625,23.860000610351562,1000.0,203.0,-0.02352907322347164,0.02001553401350975,23.0,1.0009475946426392,1.0009475946426392,1.0009475946426392,0.020943820476531982,5.5199998314492404e-05,0.2364921122789383,4080000.0,-0.01945989765226841,-0.004209714941680431,0.09532398730516434,0.4547627866268158,-0.0881752073764801,-1.8801519870758057,13673.65625,18.30796241760254,65.36406707763672,83.67202758789062,239.02850341796875,344.10723876953125
7.50894832611084,24.299999237060547,1000.0,204.0,-0.03070022165775299,0.021729828789830208,19.0,0.9971896409988403,0.9971896409988403,0.9971896409988403,0.021312033757567406,5.400000009103678e-05,0.2347797453403473,4100000.0,-0.017966216430068016,0.0014936812222003937,-0.04680294543504715,0.5340968370437622,0.07933405041694641,-1.4143418073654175,13745.94140625,18.399932861328125,53.85829544067383,72.25822448730469,276.78509521484375,631.9411010742188
7.696365833282471,28.18000030517578,1000.0,205.0,-0.0429941862821579,0.021825402975082397,15.0,0.9994224905967712,0.9994224905967712,0.9994224905967712,0.020933587104082108,5.279999822960235e-05,0.23191289603710175,4120000.0,-0.016025474295020103,0.0019407421350479126,-0.2359503209590912,0.7838666439056396,0.24976980686187744,-3.047290325164795,13807.142578125,18.740962982177734,42.43598937988281,61.17695236206055,326.9205017089844,382.301025390625
7.041524887084961,19.8799991607666,1000.0,206.0,-0.05610625818371773,0.021913159638643265,24.0,1.0018892288208008,1.0018892288208008,1.0018892288208008,0.020895591005682945,5.160000000614673e-05,0.22883859276771545,4140000.0,-0.020138094201683998,-0.004112619906663895,-0.04020123928785324,0.3304307460784912,-0.45343589782714844,-1.0703728199005127,13894.685546875,18.0941104888916,69.42667388916016,87.52078247070312,228.51715087890625,743.925048828125
5.780015468597412,22.0,1000.0,207.0,-0.0720154270529747,0.02071688137948513,18.0,0.9999173879623413,0.9999173879623413,0.9999173879623413,0.021468210965394974,5.0400001782691106e-05,0.22520561516284943,4160000.0,-0.015467464923858643,0.0046706292778253555,-0.11225111782550812,0.3839736580848694,0.053542912006378174,-1.2409592866897583,13964.0634765625,18.148948669433594,51.20272445678711,69.35166931152344,288.38525390625,643.289306640625
4.600781440734863,21.0,1000.0,208.0,-0.08236609399318695,0.020131468772888184,19.0,1.0012810230255127,1.0012810230255127,1.0012810230255127,0.021083302795886993,4.9199999921256676e-05,0.2228957861661911,4180000.0,-0.01572461426258087,-0.000257149338722229,-0.04083062335848808,0.5209658145904541,0.13699215650558472,-2.4541873931884766,14036.2734375,17.51338768005371,54.6728401184082,72.18623352050781,277.0611572265625,608.5875854492188
5.084238052368164,18.940000534057617,1000.0,209.0,-0.09785065054893494,0.020835720002651215,22.0,0.9997469782829285,0.9997469782829285,0.9997469782829285,0.020521754398941994,4.8000001697801054e-05,0.2194812297821045,4200000.0,-0.01752249151468277,-0.0017978772521018982,-0.05843482166528702,0.5449948310852051,0.024029016494750977,-2.3009891510009766,14117.5546875,17.973766326904297,63.28339385986328,81.25716400146484,246.1321563720703,643.270263671875
4.996972560882568,19.020000457763672,1000.0,210.0,-0.11691895872354507,0.020024269819259644,15.0,1.0003652572631836,1.0003652572631836,1.0003652572631836,0.02045857533812523,4.6799999836366624e-05,0.21533125638961792,4220000.0,-0.01574292778968811,0.0017795637249946594,0.008783092722296715,0.49432939291000366,-0.050665438175201416,-1.6568973064422607,14179.689453125,17.927204132080078,44.18223571777344,62.109439849853516,322.0122375488281,667.8411254882812
5.411834716796875,17.959999084472656,1000.0,211.0,-0.13651488721370697,0.020658565685153008,20.0,0.9999111294746399,0.9999111294746399,0.9999111294746399,0.020210986956954002,4.5600001612911e-05,0.21115200221538544,4240000.0,-0.01628333516418934,-0.0005404073745012283,0.2536393404006958,0.5270557999610901,0.032726407051086426,-1.9256421327590942,14256.8837890625,18.79515838623047,58.374393463134766,77.1695556640625,259.1695861816406,704.9800415039062
4.969510078430176,16.020000457763672,1000.0,212.0,-0.14843878149986267,0.02075566165149212,26.0,1.000053882598877,1.000053882598877,1.000053882598877,0.020417749881744385,4.439999975147657e-05,0.2086489200592041,4260000.0,-0.018055636435747147,-0.001772301271557808,-0.020227419212460518,0.35884910821914673,-0.16820669174194336,-1.7651734352111816,14351.4580078125,17.72605323791504,76.82460021972656,94.55065155029297,211.52682495117188,748.4066162109375
6.043509006500244,14.380000114440918,1000.0,213.0,-0.15243886411190033,0.02019813284277916,24.0,0.9968596696853638,0.9968596696853638,0.9968596696853638,0.02099057473242283,4.320000152802095e-05,0.2078036218881607,4280000.0,-0.020650558173656464,-0.002594921737909317,0.21934691071510315,0.3928811252117157,0.03403201699256897,-1.137669324874878,14437.67578125,17.542978286743164,68.6484375,86.19141387939453,232.0416717529297,776.6235961914062
6.102509021759033,15.079999923706055,1000.0,214.0,-0.16088294982910156,0.020274309441447258,16.0,1.0023293495178223,1.0023293495178223,1.0023293495178223,0.020732726901769638,4.199999966658652e-05,0.2060578614473343,4300000.0,-0.015100984834134579,0.005549573339521885,0.20119108259677887,0.651430070400238,0.25854894518852234,-2.26790189743042,14500.6083984375,17.80229377746582,45.10417556762695,62.90742492675781,317.927490234375,569.2455444335938
6.2721266746521,14.380000114440918,1000.0,215.0,-0.16697557270526886,0.020739221945405006,24.0,0.9981482625007629,0.9981482625007629,0.9981482625007629,0.021114058792591095,4.0800001443130895e-05,0.20482896268367767,4320000.0,-0.017654787749052048,-0.002553802914917469,-0.08189661800861359,0.41799697279930115,-0.2334330976009369,-1.3471901416778564,14587.26953125,18.16779136657715,68.46834564208984,86.63613891601562,230.85055541992188,805.90966796875
4.975599765777588,16.18000030517578,1000.0,216.0,-0.17057713866233826,0.020083237439393997,24.0,1.0012708902359009,1.0012708902359009,1.0012708902359009,0.020283907651901245,3.9599999581696466e-05,0.20411689579486847,4340000.0,-0.018815157935023308,-0.00116037018597126,-0.08370405435562134,0.4200262427330017,0.0020292699337005615,-1.5971455574035645,14673.8427734375,17.678287506103516,68.8687973022461,86.54708862304688,231.08807373046875,538.8079223632812
4.770926475524902,16.18000030517578,1000.0,217.0,-0.18003733456134796,0.020579997450113297,25.0,0.9995114207267761,0.9995114207267761,0.9995114207267761,0.020610550418496132,3.840000135824084e-05,0.20221100747585297,4360000.0,-0.017677878960967064,0.001137278974056244,-0.07445724308490753,0.3162148594856262,-0.10381138324737549,-0.6830784678459167,14762.494140625,17.585777282714844,71.038330078125,88.62410736083984,225.6722412109375,764.9951171875
4.179981231689453,16.639999389648438,1000.0,218.0,-0.1890808343887329,0.020614206790924072,28.0,1.0029337406158447,1.0029337406158447,1.0029337406158447,0.021043498069047928,3.719999949680641e-05,0.20038513839244843,4380000.0,-0.019846752285957336,-0.0021688733249902725,0.21450993418693542,0.3875057101249695,0.07129085063934326,-1.2707375288009644,14860.9033203125,18.741451263427734,79.6380386352539,98.37948608398438,203.29440307617188,768.8936767578125
4.502657890319824,14.479999542236328,1000.0,219.0,-0.19980528950691223,0.020338265225291252,33.0,1.0007354021072388,1.0007354021072388,1.0007354021072388,0.02035393938422203,3.600000127335079e-05,0.19825507700443268,4400000.0,-0.020091688260436058,-0.0002449359744787216,-0.21838755905628204,0.28331056237220764,-0.10419514775276184,-0.9091374278068542,14974.7734375,17.892377853393555,95.94805908203125,113.84143829345703,175.68295288085938,814.534423828125
4.740960121154785,13.84000015258789,1000.0,220.0,-0.21184270083904266,0.02094239927828312,31.0,0.9980781674385071,0.9980781674385071,0.9980781674385071,0.020765064284205437,3.479999941191636e-05,0.19588589668273926,4420000.0,-0.02075967937707901,-0.000667991116642952,-0.5090418457984924,0.3665284514427185,0.08321788907051086,-1.451785922050476,15080.9677734375,18.67994499206543,87.48394775390625,106.16389465332031,188.38796997070312,693.4044189453125
4.9399003982543945,12.979999542236328,1000.0,221.0,-0.2164139598608017,0.02049809694290161,33.0,1.0025341510772705,1.0025341510772705,1.0025341510772705,0.02107798308134079,3.360000118846074e-05,0.19499298930168152,4440000.0,-0.020870445296168327,-0.00011076591908931732,-0.18117937445640564,0.3269532322883606,-0.03957521915435791,-1.0715205669403076,15193.1142578125,17.985322952270508,94.13264465332031,112.11797332763672,178.38352966308594,808.6563720703125
5.46298360824585,14.180000305175781,1000.0,222.0,-0.2209804654121399,0.020176831632852554,30.0,1.00091552734375,1.00091552734375,1.00091552734375,0.02084583230316639,3.239999932702631e-05,0.19408152997493744,4460000.0,-0.020642166957259178,0.00022827833890914917,0.06747986376285553,0.50624680519104,0.17929357290267944,-2.1094586849212646,15296.8837890625,17.798368453979492,85.94229888916016,103.74066925048828,192.78842163085938,760.0380249023438
5.936460494995117,13.359999656677246,1000.0,223.0,-0.23249505460262299,0.020011678338050842,29.0,0.997103214263916,0.997103214263916,0.997103214263916,0.020405953750014305,3.1200001103570685e-05,0.19183288514614105,4480000.0,-0.018219931051135063,0.002422235906124115,0.14340077340602875,0.25431028008461,-0.25193652510643005,-0.5436729788780212,15397.0361328125,17.61009979248047,82.51508331298828,100.12518310546875,199.74993896484375,826.3920288085938
6.026317596435547,16.860000610351562,1000.0,224.0,-0.24355170130729675,0.021694913506507874,36.0,0.9996148347854614,0.9996148347854614,0.9996148347854614,0.02073860913515091,2.9999999242136255e-05,0.18969960510730743,4500000.0,-0.02180747129023075,-0.003587540239095688,-0.05035288631916046,0.4046907424926758,0.1503804624080658,-2.1169726848602295,15516.345703125,17.513898849487305,101.76686096191406,119.28076171875,167.671630859375,496.3605651855469
5.295941352844238,18.639999389648438,1000.0,225.0,-0.24896344542503357,0.02058948203921318,35.0,0.9985186457633972,0.9985186457633972,0.9985186457633972,0.02062348835170269,2.879999919969123e-05,0.18865635991096497,4520000.0,-0.021700868383049965,0.00010660290718078613,0.19564098119735718,0.33560141921043396,-0.06908932328224182,-1.5281593799591064,15633.3056640625,17.816452026367188,99.11447143554688,116.93092346191406,171.04115295410156,782.5977172851562
4.932231426239014,19.079999923706055,1000.0,226.0,-0.2463761866092682,0.018236692994832993,40.0,1.0027803182601929,1.0027803182601929,1.0027803182601929,0.020995035767555237,2.7599999157246202e-05,0.18915346264839172,4540000.0,-0.02155526913702488,0.00014559924602508545,-0.36456498503685,0.3030478358268738,-0.03255358338356018,-1.4913166761398315,15763.560546875,17.570770263671875,112.65425109863281,130.2250213623047,153.580322265625,720.41845703125
5.045924186706543,19.81999969482422,1000.0,227.0,-0.2563574016094208,0.020036574453115463,37.0,1.0000537633895874,1.0000537633895874,1.0000537633895874,0.019989512860774994,2.6399999114801176e-05,0.18727165460586548,4560000.0,-0.021754838526248932,-0.00019956938922405243,0.13100701570510864,0.4451744556427002,0.14212661981582642,-2.46482253074646,15886.548828125,18.187936782836914,104.76649475097656,122.95442962646484,162.66189575195312,338.1605224609375
5.730559825897217,19.059999465942383,1000.0,228.0,-0.26767072081565857,0.01590840518474579,40.0,1.0048394203186035,1.0048394203186035,1.0048394203186035,0.019369779154658318,2.5200000891345553e-05,0.18515853583812714,4580000.0,-0.019373731687664986,0.0023811068385839462,-0.0034388937056064606,0.384909451007843,-0.06026500463485718,-1.6931763887405396,16018.365234375,18.021427154541016,113.7606430053711,131.78207397460938,151.76571655273438,675.6624145507812
5.23576545715332,17.68000030517578,1000.0,229.0,-0.2731359899044037,0.016984498128294945,40.0,1.002492070198059,1.002492070198059,1.002492070198059,0.019858593121170998,2.4000000848900527e-05,0.18414108455181122,4600000.0,-0.022231271490454674,-0.002857539802789688,0.34250614047050476,0.2939739525318146,-0.09093549847602844,-1.6181293725967407,16148.884765625,17.57911491394043,112.90902709960938,130.48814392089844,153.2706298828125,684.2531127929688
5.2593255043029785,14.199999809265137,1000.0,230.0,-0.2880740165710449,0.017401142045855522,40.0,0.9985114336013794,0.9985114336013794,0.9985114336013794,0.01878150925040245,2.28000008064555e-05,0.18141277134418488,4620000.0,-0.019990164786577225,0.002241106703877449,-0.005002517253160477,0.3857429623603821,0.0917690098285675,-1.5178124904632568,16286.9462890625,18.019485473632812,120.00780487060547,138.02748107910156,144.898681640625,757.5399780273438
5.287830352783203,17.299999237060547,1000.0,231.0,-0.30809566378593445,0.018933549523353577,40.0,1.0000998973846436,1.0000998973846436,1.0000998973846436,0.01924537494778633,2.1600000764010474e-05,0.1778145134449005,4640000.0,-0.019197624176740646,0.0007925406098365784,-0.1815318465232849,0.5971932411193848,0.21145027875900269,-1.912248969078064,16428.771484375,18.891775131225586,122.89703369140625,141.78880310058594,141.0548553466797,530.0205078125
5.324916362762451,15.979999542236328,1000.0,232.0,-0.31911134719848633,0.01887461543083191,40.0,0.9980258345603943,0.9980258345603943,0.9980258345603943,0.02015133760869503,2.0400000721565448e-05,0.17586401104927063,4660000.0,-0.021873200312256813,-0.0026755761355161667,-0.14613841474056244,0.2961849272251129,-0.30100831389427185,-0.7418431639671326,16571.078125,18.99489974975586,123.27745056152344,142.27235412597656,140.57545471191406,846.703125
5.799575328826904,16.5,1000.0,233.0,-0.3308311402797699,0.018682101741433144,40.0,0.998772144317627,0.998772144317627,0.998772144317627,0.019681459292769432,1.920000067912042e-05,0.17381753027439117,4680000.0,-0.022729145362973213,-0.0008559450507164001,-0.15474501252174377,0.4269087314605713,0.13072380423545837,-1.7818454504013062,16713.5078125,19.214412689208984,123.18018341064453,142.39459228515625,140.45477294921875,642.5247802734375
5.987635612487793,21.600000381469727,1000.0,234.0,-0.3411294221878052,0.016123013570904732,40.0,1.0023114681243896,1.0023114681243896,1.0023114681243896,0.01839904487133026,1.8000000636675395e-05,0.17203493416309357,4700000.0,-0.019163012504577637,0.0035661328583955765,0.029144134372472763,0.7205266952514648,0.29361796379089355,-2.791713237762451,16854.576171875,19.352638244628906,121.68063354492188,141.03326416015625,141.81051635742188,322.05828857421875
6.12342643737793,23.940000534057617,1000.0,235.0,-0.3471442461013794,0.015897726640105247,40.0,0.9980806708335876,0.9980806708335876,0.9980806708335876,0.0183977410197258,1.680000059423037e-05,0.17100732028484344,4720000.0,-0.020329196006059647,-0.0011661835014820099,0.18923276662826538,0.5674752593040466,-0.1530514359474182,-1.745217204093933,16995.162109375,18.860301971435547,121.69037628173828,140.55084228515625,142.29725646972656,630.7203979492188
5.458794116973877,25.65999984741211,1000.0,236.0,-0.3585636019706726,0.015956023707985878,40.0,1.000609278678894,1.000609278678894,1.000609278678894,0.01827777549624443,1.5600000551785342e-05,0.1690780371427536,4740000.0,-0.01953810267150402,0.0007910933345556259,-0.1288543939590454,0.6337745785713196,0.06629931926727295,-2.3481884002685547,17136.462890625,18.979923248291016,122.29150390625,141.27142333984375,141.57144165039062,584.746826171875
6.288199424743652,21.420000076293945,1000.0,237.0,-0.3719635009765625,0.017652418464422226,40.0,1.000182867050171,1.000182867050171,1.000182867050171,0.019331971183419228,1.4399999599845614e-05,0.16682885587215424,4760000.0,-0.02132461592555046,-0.0017865132540464401,0.02336723357439041,0.5899624824523926,-0.043812096118927,-2.5071771144866943,17277.435546875,19.05480194091797,121.87934875488281,140.93414306640625,141.91024780273438,655.5718383789062
6.382214546203613,21.600000381469727,1000.0,238.0,-0.3796314299106598,0.014278411865234375,40.0,1.000260591506958,1.000260591506958,1.000260591506958,0.017328249290585518,1.3199999557400588e-05,0.16554921865463257,4780000.0,-0.019676513969898224,0.001648101955652237,0.036332499235868454,0.6078680157661438,0.01790553331375122,-2.750490665435791,17418.62109375,18.862886428833008,122.2882308959961,141.151123046875,141.69210815429688,568.1397705078125
7.0492753982543945,16.799999237060547,1000.0,239.0,-0.385479599237442,0.012813684530556202,40.0,0.9997271299362183,0.9997271299362183,0.9997271299362183,0.016294220462441444,1.2000000424450263e-05,0.1645772010087967,4800000.0,-0.018315985798835754,0.0013605281710624695,0.3216833174228668,0.27095797657966614,-0.33691003918647766,-0.1195320188999176,17559.037109375,19.17230796813965,121.20812225341797,140.38043212890625,142.47000122070312,941.9305419921875
6.062603950500488,11.979999542236328,1000.0,240.0,-0.38837647438049316,0.012088706716895103,40.0,1.0003820657730103,1.0003820657730103,1.0003820657730103,0.017117369920015335,1.0800000382005237e-05,0.16410186886787415,4820000.0,-0.01787182129919529,0.0004441644996404648,0.20764388144016266,0.26306667923927307,-0.007891297340393066,-1.1681572198867798,17701.763671875,19.58673667907715,123.10240173339844,142.68914794921875,140.1648406982422,888.0352172851562
5.3784966468811035,7.739999771118164,1000.0,241.0,-0.3933192491531372,0.012423209846019745,40.0,1.0004843473434448,1.0004843473434448,1.0004843473434448,0.01658778265118599,9.60000033956021e-06,0.16329172253608704,4840000.0,-0.016993211582303047,0.0008786097168922424,-0.1791398823261261,0.3766573369503021,0.11359065771102905,-1.8319857120513916,17843.126953125,18.87430763244629,122.45552062988281,141.329833984375,141.512939453125,764.89892578125
5.134793281555176,11.15999984741211,1000.0,242.0,-0.40249043703079224,0.012609938159584999,40.0,0.9987666606903076,0.9987666606903076,0.9987666606903076,0.01630924828350544,8.400000297115184e-06,0.16179874539375305,4860000.0,-0.017844775691628456,-0.0008515641093254089,0.6465520262718201,0.3147772252559662,-0.06188011169433594,-1.5583900213241577,17984.6171875,18.907470703125,122.54759216308594,141.45506286621094,141.3876495361328,741.0936889648438
5.215562343597412,15.4399995803833,1000.0,243.0,-0.4077269434928894,0.010596420615911484,40.0,1.001308798789978,1.001308798789978,1.001308798789978,0.015187857672572136,7.199999799922807e-06,0.1609523445367813,4880000.0,-0.015051414258778095,0.002793361432850361,-0.28382760286331177,0.4819861650466919,0.1672089397907257,-2.6762943267822266,18126.333984375,19.057403564453125,122.62474060058594,141.68214416503906,141.16104125976562,446.021728515625
5.92275333404541,19.559999465942383,1000.0,244.0,-0.4117482304573059,0.009532746858894825,40.0,1.0007450580596924,1.0007450580596924,1.0007450580596924,0.014371205121278763,6.000000212225132e-06,0.16030855476856232,4900000.0,-0.015341443940997124,-0.0002900296822190285,-0.07875385880470276,0.5621795654296875,0.0801934003829956,-2.3268043994903564,18268.048828125,18.970081329345703,122.70787811279297,141.67796325683594,141.16522216796875,517.0457153320312
5.308530330657959,20.219999313354492,1000.0,245.0,-0.41521206498146057,0.008807240054011345,40.0,1.001913070678711,1.001913070678711,1.001913070678711,0.014331518672406673,4.800000169780105e-06,0.1597544550895691,4920000.0,-0.015554776415228844,-0.00021333247423171997,-0.22073152661323547,0.4337293207645416,-0.12845024466514587,-2.090837240219116,18410.693359375,19.154935836791992,123.45404815673828,142.60899353027344,140.24362182617188,645.8779296875
5.077764987945557,20.3799991607666,1000.0,246.0,-0.41923755407333374,0.008687391877174377,40.0,0.9996712803840637,0.9996712803840637,0.9996712803840637,0.013545287773013115,3.5999998999614036e-06,0.15911290049552917,4940000.0,-0.014541822485625744,0.0010129539296030998,0.15104708075523376,0.6307235360145569,0.19699421525001526,-3.393150806427002,18551.509765625,18.580379486083984,122.20050048828125,140.7808837890625,142.0647430419922,454.089599609375
4.56119441986084,17.18000030517578,1000.0,247.0,-0.42333537340164185,0.007271209731698036,40.0,0.9994348883628845,0.9994348883628845,0.9994348883628845,0.012462804093956947,2.4000000848900527e-06,0.15846380591392517,4960000.0,-0.010886568576097488,0.0036552539095282555,-0.045482736080884933,0.5330752730369568,-0.0976482629776001,-2.1260805130004883,18693.955078125,18.9454402923584,123.46624755859375,142.41168212890625,140.4379119873047,735.0582275390625
4.857504367828369,20.959999084472656,1000.0,248.0,-0.42469412088394165,0.005527991335839033,40.0,1.0008975267410278,1.0008975267410278,1.0008975267410278,0.010894276201725006,1.2000000424450263e-06,0.1582472324371338,4980000.0,-0.010130632668733597,0.0007559359073638916,-0.36798572540283203,0.45920830965042114,-0.07386696338653564,-2.2304110527038574,18836.51953125,18.965923309326172,123.56257629394531,142.52850341796875,140.32281494140625,522.2904052734375
5.095166206359863,20.100000381469727,1000.0,249.0,-0.4246804416179657,0.00451864255592227,40.0,0.9993194341659546,0.9993194341659546,0.9993194341659546,0.010083873756229877,0.0,0.15824873745441437,5000000.0,-0.006919446866959333,0.0032111858017742634,0.0488257110118866,0.5598630309104919,0.1006547212600708,-2.6546707153320312,18980.177734375,19.289588928222656,124.33387756347656,143.6234588623047,139.2530059814453,681.7164916992188
