Metrics/EpRet,Metrics/EpCost,Metrics/EpLen,Train/Epoch,Train/Entropy,Train/KL,Train/StopIter,Train/PolicyRatio,Train/PolicyRatio/Min,Train/PolicyRatio/Max,Train/PolicyRatio/Std,Train/LR,Train/PolicyStd,TotalEnvSteps,Loss/Loss_pi,Loss/Loss_pi/Delta,Value/Adv,Loss/Loss_reward_critic,Loss/Loss_reward_critic/Delta,Value/reward,Loss/Loss_cost_critic,Loss/Loss_cost_critic/Delta,Value/cost,Time/Total,Time/Rollout,Time/Update,Time/Epoch,Time/FPS,Metrics/LagrangeMultiplier
0.22781841456890106,127.9375,1000.0,0.0,1.4141077995300293,0.01029275730252266,40.0,1.0002233982086182,1.0002233982086182,1.0002233982086182,0.014549863524734974,0.00029880000511184335,0.9951919317245483,20000.0,-0.021585799753665924,-0.021585799753665924,-0.18011213839054108,0.005085012875497341,0.005085012875497341,0.03781680762767792,2.9633948802948,2.9633948802948,0.08316578716039658,178.594970703125,21.93019676208496,156.66477966308594,178.594970703125,111.98523712158203,1.6090312004089355
0.47508955001831055,135.875,1000.0,1.0,1.4190104007720947,0.011310222558677197,40.0,1.0020403861999512,1.0020403861999512,1.0020403861999512,0.016337737441062927,0.0002975999959744513,1.0000922679901123,40000.0,-0.0483168326318264,-0.026731032878160477,-0.037018176168203354,0.003954813815653324,-0.001130199059844017,0.09307532012462616,1.9734216928482056,-0.9899731874465942,1.181459903717041,359.6642150878906,23.94422149658203,157.08779907226562,181.03201293945312,110.47769165039062,3.3111610412597656
0.5510089993476868,124.22916412353516,1000.0,2.0,1.4160281419754028,0.01388738676905632,40.0,1.0029194355010986,1.0029194355010986,1.0029194355010986,0.017488623037934303,0.00029639998683705926,0.9970977902412415,60000.0,-0.05368237942457199,-0.00536554679274559,0.2034895420074463,0.004157843068242073,0.00020302925258874893,0.04710681736469269,1.7812740802764893,-0.1921476125717163,2.573186159133911,540.5169677734375,22.536651611328125,158.28073120117188,180.8173828125,110.60883331298828,4.8031110763549805
0.666761577129364,105.16000366210938,1000.0,3.0,1.4168075323104858,0.01817842572927475,40.0,1.0004774332046509,1.0004774332046509,1.0004774332046509,0.019999222829937935,0.00029520000680349767,0.9978749752044678,80000.0,-0.0650116428732872,-0.01132926344871521,-0.234270840883255,0.0040137628093361855,-0.0001440802589058876,0.0644092932343483,1.7096158266067505,-0.07165825366973877,3.1510040760040283,721.7332763671875,21.665990829467773,159.51278686523438,181.17877197265625,110.3882064819336,5.974506378173828
0.6636546850204468,81.76000213623047,1000.0,4.0,1.4155193567276,0.020337048918008804,36.0,1.0010234117507935,1.0010234117507935,1.0010234117507935,0.02011658065021038,0.00029399999766610563,0.9965917468070984,100000.0,-0.07978737354278564,-0.014775730669498444,-0.2665919363498688,0.0034724916331470013,-0.0005412711761891842,0.0867120772600174,1.45872163772583,-0.2508941888809204,3.159212350845337,885.570556640625,20.758522033691406,143.04019165039062,163.79872131347656,122.10108184814453,6.764711856842041
0.4140307307243347,90.44000244140625,1000.0,5.0,1.412062168121338,0.02037746086716652,29.0,1.0007404088974,1.0007404088974,1.0007404088974,0.020574066787958145,0.0002927999885287136,0.9931812882423401,120000.0,-0.0812000185251236,-0.0014126449823379517,-0.026748642325401306,0.003867405466735363,0.00039491383358836174,0.0712456926703453,1.7344214916229248,0.2756998538970947,3.4346179962158203,1021.1611328125,19.901538848876953,115.65373229980469,135.55526733398438,147.54129028320312,7.678327560424805
0.13625653088092804,67.16000366210938,1000.0,6.0,1.399718999862671,0.02068396843969822,27.0,0.998829185962677,0.998829185962677,0.998829185962677,0.021170226857066154,0.000291600008495152,0.9809792637825012,140000.0,-0.06292122602462769,0.01827879250049591,0.0029853209853172302,0.003383014118298888,-0.0004843913484364748,0.03731398284435272,1.2259485721588135,-0.5084729194641113,5.7820329666137695,1149.93310546875,22.70229148864746,106.03596496582031,128.73826599121094,155.35397338867188,8.218141555786133
-0.14577610790729523,68.86000061035156,1000.0,7.0,1.3976688385009766,0.020069122314453125,29.0,1.0048182010650635,1.0048182010650635,1.0048182010650635,0.021002311259508133,0.00029039999935775995,0.9790042042732239,160000.0,-0.07913574576377869,-0.016214519739151,0.06183931231498718,0.0030875022057443857,-0.0002955119125545025,0.04852570593357086,1.4536412954330444,0.22769272327423096,3.9172980785369873,1286.3270263671875,20.473163604736328,115.88687133789062,136.3600311279297,146.67054748535156,8.778395652770996
-0.02715393155813217,57.70000076293945,1000.0,8.0,1.3818790912628174,0.020104311406612396,22.0,1.002005696296692,1.002005696296692,1.002005696296692,0.020702989771962166,0.0002891999902203679,0.9637643694877625,180000.0,-0.06096838042140007,0.018167365342378616,-0.002489311620593071,0.0032192703802138567,0.00013176817446947098,0.04201479256153107,1.2004441022872925,-0.25319719314575195,3.833000898361206,1395.7210693359375,21.485828399658203,87.87368774414062,109.36151123046875,182.8796844482422,9.159586906433105
-0.037831611931324005,62.84000015258789,1000.0,9.0,1.3781042098999023,0.02049929089844227,19.0,1.0020983219146729,1.0020983219146729,1.0020983219146729,0.020870093256235123,0.0002880000101868063,0.9601275324821472,200000.0,-0.06210941821336746,-0.001141037791967392,-0.18252813816070557,0.0029752813279628754,-0.00024398905225098133,0.058264631778001785,1.2234463691711426,0.023002266883850098,4.255092620849609,1491.53076171875,20.40532684326172,75.374267578125,95.77959442138672,208.812744140625,9.617737770080566
0.11165929585695267,54.34000015258789,1000.0,10.0,1.3790082931518555,0.02053755521774292,18.0,1.0002020597457886,1.0002020597457886,1.0002020597457886,0.021473057568073273,0.0002868000010494143,0.9608867764472961,220000.0,-0.05143187567591667,0.01067754253745079,-0.40305542945861816,0.0029708670917898417,-4.414236173033714e-06,0.040784407407045364,1.1065192222595215,-0.1169271469116211,3.959315538406372,1583.847900390625,21.124418258666992,71.162841796875,92.28726196289062,216.71463012695312,9.87618350982666
-0.29446732997894287,46.81999969482422,1000.0,11.0,1.3810911178588867,0.020317720249295235,19.0,1.0013703107833862,1.0013703107833862,1.0013703107833862,0.021152252331376076,0.00028559999191202223,0.9628919959068298,240000.0,-0.058234211057424545,-0.0068023353815078735,-0.1328972578048706,0.0029183835722506046,-5.248351953923702e-05,-4.437440657056868e-05,1.2217991352081299,0.1152799129486084,4.0325469970703125,1680.8590087890625,21.14945411682129,75.82992553710938,96.97937774658203,206.2294158935547,10.015847206115723
-0.5271738171577454,40.060001373291016,1000.0,12.0,1.365726351737976,0.021533219143748283,18.0,0.9989557266235352,0.9989557266235352,0.9989557266235352,0.020212320610880852,0.00028440001187846065,0.9481950402259827,260000.0,-0.047957029193639755,0.01027718186378479,0.09915544837713242,0.003397161839529872,0.0004787782672792673,-0.0033095786347985268,1.0098557472229004,-0.2119433879852295,4.926689624786377,1771.86572265625,19.945125579833984,71.03314208984375,90.978271484375,219.8327178955078,10.060481071472168
-0.9028818011283875,25.68000030517578,1000.0,13.0,1.350334882736206,0.02013324201107025,19.0,1.0013281106948853,1.0013281106948853,1.0013281106948853,0.020391853526234627,0.0002832000027410686,0.9337114691734314,280000.0,-0.04164936766028404,0.006307661533355713,-0.31505218148231506,0.003946461249142885,0.0005492994096130133,-0.03506074845790863,0.6517060399055481,-0.3581497073173523,2.778559923171997,1869.0574951171875,21.25637435913086,75.90834045410156,97.16471862792969,205.83602905273438,9.897058486938477
-1.0553425550460815,13.100000381469727,1000.0,14.0,1.332257866859436,0.020086882635951042,19.0,0.998997151851654,0.998997151851654,0.998997151851654,0.020895179361104965,0.00028199999360367656,0.916985273361206,300000.0,-0.04342477396130562,-0.001775406301021576,0.008594539016485214,0.004308085888624191,0.0003616246394813061,-0.021251410245895386,0.6875490546226501,0.03584301471710205,4.5014472007751465,1966.1064453125,20.763877868652344,76.25748443603516,97.0213623046875,206.14016723632812,9.558856010437012
-0.7310610413551331,23.059999465942383,1000.0,15.0,1.3295665979385376,0.020253801718354225,16.0,1.0016319751739502,1.0016319751739502,1.0016319751739502,0.02226165495812893,0.00028080001357011497,0.9145364761352539,320000.0,-0.04450937733054161,-0.0010846033692359924,-0.015461921691894531,0.003965675365179777,-0.00034241052344441414,-0.01007593609392643,0.890608012676239,0.20305895805358887,4.575575828552246,2051.170654296875,21.498226165771484,63.53718948364258,85.03541564941406,235.1961212158203,9.381653785705566
-0.7396359443664551,24.360000610351562,1000.0,16.0,1.3318367004394531,0.020967915654182434,20.0,0.9997373223304749,0.9997373223304749,0.9997373223304749,0.021215280517935753,0.0002796000044327229,0.9167017340660095,340000.0,-0.030886054039001465,0.013623323291540146,-0.03732975572347641,0.002928090048953891,-0.0010375853162258863,-0.057795118540525436,0.7224934697151184,-0.1681145429611206,4.189145088195801,2151.458251953125,19.564250946044922,80.6971206665039,100.2613754272461,199.47860717773438,9.244132041931152
-0.4226037859916687,38.79999923706055,1000.0,17.0,1.3363983631134033,0.021273085847496986,15.0,1.0005329847335815,1.0005329847335815,1.0005329847335815,0.022836385294795036,0.0002783999952953309,0.9208319783210754,360000.0,-0.05309485271573067,-0.022208798676729202,0.047572821378707886,0.004934242460876703,0.0020061524119228125,-0.034994639456272125,1.1159247159957886,0.39343124628067017,3.732903242111206,2230.90087890625,20.393606185913086,59.02046203613281,79.41407012939453,251.84454345703125,9.336136817932129
-0.4457051157951355,32.7599983215332,1000.0,18.0,1.3257046937942505,0.020890474319458008,15.0,0.998521625995636,0.998521625995636,0.998521625995636,0.02048228681087494,0.00027719998615793884,0.910991370677948,380000.0,-0.03915737569332123,0.013937477022409439,-0.03278549760580063,0.0042854552157223225,-0.0006487872451543808,-0.02635333500802517,0.5913271307945251,-0.5245975852012634,3.29488468170166,2312.6171875,20.379894256591797,61.30921936035156,81.68911743164062,244.83065795898438,9.342400550842285
-0.3404223322868347,30.139999389648438,1000.0,19.0,1.3188003301620483,0.0209344569593668,14.0,0.9993617534637451,0.9993617534637451,0.9993617534637451,0.020150313153862953,0.00027600000612437725,0.9047210216522217,400000.0,-0.02911619283258915,0.010041182860732079,-0.11823771893978119,0.004551627207547426,0.00026617199182510376,-0.06645876169204712,0.5292596220970154,-0.062067508697509766,2.0865941047668457,2389.14892578125,19.424989700317383,57.07978439331055,76.50577545166016,261.4181823730469,9.32220458984375
-0.5349519848823547,21.399999618530273,1000.0,20.0,1.3115416765213013,0.02089710347354412,12.0,0.9991359114646912,0.9991359114646912,0.9991359114646912,0.0209282748401165,0.0002747999969869852,0.8981955051422119,420000.0,-0.037543270736932755,-0.008427077904343605,-0.1642172783613205,0.004822802729904652,0.0002711755223572254,-0.04307423532009125,0.7592886090278625,0.23002898693084717,5.211606025695801,2456.142578125,19.258939743041992,47.70859909057617,66.96753692626953,298.65216064453125,9.177685737609863
-0.7565534710884094,14.479999542236328,1000.0,21.0,1.2823864221572876,0.02064240351319313,18.0,1.000231385231018,1.000231385231018,1.000231385231018,0.019418925046920776,0.00027359998784959316,0.8724501132965088,440000.0,-0.022307274863123894,0.01523599587380886,0.15416128933429718,0.005227200221270323,0.00040439749136567116,-0.0446162112057209,0.42984315752983093,-0.3294454514980316,3.1977059841156006,2548.944580078125,20.897722244262695,71.87895202636719,92.77667236328125,215.57142639160156,8.934791564941406
-0.6435346007347107,21.420000076293945,1000.0,22.0,1.2784416675567627,0.02373018115758896,1.0,1.0029680728912354,1.0029680728912354,1.0029680728912354,0.02619500644505024,0.0002724000078160316,0.8690001964569092,460000.0,0.040120720863342285,0.06242799572646618,0.0677838921546936,0.006063340697437525,0.000836140476167202,-0.07123736292123795,3.3706421852111816,2.9407990276813507,2.9555842876434326,2572.836669921875,19.57936668395996,4.285297393798828,23.86466407775879,838.0591430664062,8.80288314819336
-0.46479758620262146,33.18000030517578,1000.0,23.0,1.2898552417755127,0.02164672128856182,13.0,1.0010701417922974,1.0010701417922974,1.0010701417922974,0.02118827775120735,0.00027119999867863953,0.8791056871414185,480000.0,-0.050714775919914246,-0.09083549678325653,-0.06153840571641922,0.005000424571335316,-0.001062916126102209,-0.04267079010605812,1.4872349500656128,-1.8834072351455688,2.821394205093384,2647.00146484375,21.08392333984375,53.06179428100586,74.14572143554688,269.7391052246094,8.852179527282715
-0.4638027846813202,47.2599983215332,1000.0,24.0,1.2814065217971802,0.022489938884973526,13.0,1.0017577409744263,1.0017577409744263,1.0017577409744263,0.021395398303866386,0.0002699999895412475,0.8717420697212219,500000.0,-0.049149561673402786,0.0015652142465114594,-0.009544704109430313,0.006010721903294325,0.0010102973319590092,-0.06089349463582039,1.4118784666061401,-0.07535648345947266,3.2532176971435547,2719.90283203125,19.416786193847656,53.46001434326172,72.87680053710938,274.4357604980469,9.114301681518555
-0.2941211462020874,41.2400016784668,1000.0,25.0,1.2735933065414429,0.0224315095692873,13.0,0.9994972944259644,0.9994972944259644,0.9994972944259644,0.020795397460460663,0.0002688000095076859,0.8648799061775208,520000.0,-0.0450710654258728,0.0040784962475299835,-0.15722359716892242,0.005896003916859627,-0.0001147179864346981,-0.0444914847612381,0.8289979100227356,-0.5828805565834045,3.724980354309082,2791.880126953125,20.829898834228516,51.12164306640625,71.95154571533203,277.96484375,9.284147262573242
-0.36365807056427,28.18000030517578,1000.0,26.0,1.2597482204437256,0.021639419719576836,12.0,1.00382661819458,1.00382661819458,1.00382661819458,0.020718224346637726,0.00026760000037029386,0.8530057072639465,540000.0,-0.046179547905921936,-0.0011084824800491333,0.24756544828414917,0.006823515985161066,0.0009275120683014393,-0.03382176533341408,1.1451517343521118,0.3161538243293762,3.279003143310547,2863.965576171875,21.676801681518555,50.3846321105957,72.06143188476562,277.54095458984375,9.257720947265625
-0.3134206235408783,19.860000610351562,1000.0,27.0,1.2472261190414429,0.02140827104449272,14.0,1.0006202459335327,1.0006202459335327,1.0006202459335327,0.020447947084903717,0.0002663999912329018,0.8424572944641113,560000.0,-0.04082118347287178,0.005358364433050156,-0.25403231382369995,0.006146447733044624,-0.0006770682521164417,-0.03368145599961281,0.7650483846664429,-0.38010334968566895,3.3553624153137207,2941.450927734375,19.557971954345703,57.9024772644043,77.46044921875,258.1962890625,9.109405517578125
-0.4833443760871887,35.52000045776367,1000.0,28.0,1.2440353631973267,0.020242061465978622,12.0,1.0026403665542603,1.0026403665542603,1.0026403665542603,0.022688182070851326,0.0002652000111993402,0.8399280905723572,580000.0,-0.05722089484333992,-0.01639971137046814,-0.127106711268425,0.006154089700430632,7.641967386007309e-06,-0.010078070685267448,2.147158145904541,1.3821097612380981,2.781543731689453,3010.052490234375,22.63677978515625,45.93818283081055,68.57495880126953,291.6516418457031,9.200836181640625
-0.8204553127288818,28.540000915527344,1000.0,29.0,1.2248449325561523,0.02015979401767254,14.0,1.0006412267684937,1.0006412267684937,1.0006412267684937,0.01939518377184868,0.0002640000020619482,0.8239174485206604,600000.0,-0.030377943068742752,0.026842951774597168,0.09991911053657532,0.006007541436702013,-0.00014654826372861862,-0.06728310883045197,0.5281375646591187,-1.6190205812454224,2.2710072994232178,3088.450439453125,20.748390197753906,57.62297821044922,78.37136840820312,255.1952362060547,9.188255310058594
-1.1206413507461548,24.100000381469727,1000.0,30.0,1.194693922996521,0.020567212253808975,14.0,0.9991779923439026,0.9991779923439026,0.9991779923439026,0.02102815918624401,0.00026279999292455614,0.7993934154510498,620000.0,-0.027116643264889717,0.003261299803853035,-0.07849691808223724,0.005537145305424929,-0.00047039613127708435,-0.09624859690666199,0.41339588165283203,-0.11474168300628662,3.3216116428375244,3163.31298828125,20.103673934936523,54.73235321044922,74.83602905273438,267.2509460449219,9.111473083496094
-1.2819782495498657,18.100000381469727,1000.0,31.0,1.1976332664489746,0.022386742755770683,7.0,1.0027961730957031,1.0027961730957031,1.0027961730957031,0.022371087223291397,0.00026160001289099455,0.8016543984413147,640000.0,-0.02156076580286026,0.005555877462029457,-0.07582443952560425,0.005851599387824535,0.0003144540823996067,-0.09321441501379013,0.9642453789710999,0.5508494973182678,2.9619252681732178,3213.83154296875,22.1940860748291,28.297378540039062,50.49146270751953,396.1065673828125,8.948081016540527
-1.320042371749878,23.959999084472656,1000.0,32.0,1.2032109498977661,0.020125189796090126,16.0,1.0031412839889526,1.0031412839889526,1.0031412839889526,0.021442381665110588,0.0002604000037536025,0.8061676025390625,660000.0,-0.041987091302871704,-0.020426325500011444,0.09187869727611542,0.005067615304142237,-0.0007839840836822987,-0.06528859585523605,0.5584210157394409,-0.40582436323165894,2.233412265777588,3298.14599609375,19.357135772705078,64.9352035522461,84.29234313964844,237.2694854736328,8.877306938171387
-1.7709463834762573,25.479999542236328,1000.0,33.0,1.1840403079986572,0.020803766325116158,12.0,0.9983730316162109,0.9983730316162109,0.9983730316162109,0.01981302537024021,0.00025919999461621046,0.7908957004547119,680000.0,-0.0239108856767416,0.018076205626130104,0.15401647984981537,0.00544931273907423,0.0003816974349319935,-0.14683926105499268,0.4189090430736542,-0.13951197266578674,2.523894786834717,3369.00341796875,22.51272964477539,48.317779541015625,70.83050537109375,282.36419677734375,8.832352638244629
-1.3622479438781738,21.440000534057617,1000.0,34.0,1.1743180751800537,0.0217300932854414,14.0,1.0014338493347168,1.0014338493347168,1.0014338493347168,0.022514861077070236,0.0002579999854788184,0.7833060026168823,700000.0,-0.03179241716861725,-0.007881531491875648,-0.2190842628479004,0.0055255405604839325,7.62278214097023e-05,-0.10408087074756622,0.713073194026947,0.29416415095329285,1.697701334953308,3444.846435546875,19.442434310913086,56.3739013671875,75.81632995605469,263.79541015625,8.729286193847656
-1.136116623878479,9.5,1000.0,35.0,1.1595555543899536,0.02070646919310093,11.0,0.9989625811576843,0.9989625811576843,0.9989625811576843,0.02128528244793415,0.00025680000544525683,0.7720213532447815,720000.0,-0.024418393149971962,0.0073740240186452866,0.18796980381011963,0.006906559225171804,0.001381018664687872,-0.11778515577316284,0.5599121451377869,-0.15316104888916016,2.2125027179718018,3510.01025390625,22.375078201293945,42.760135650634766,65.13521575927734,307.0535888671875,8.450492858886719
-0.7831383347511292,15.100000381469727,1000.0,36.0,1.1473149061203003,0.02059103362262249,8.0,1.0018014907836914,1.0018014907836914,1.0018014907836914,0.023984922096133232,0.0002555999963078648,0.7625227570533752,740000.0,-0.01478962879627943,0.009628764353692532,-0.1552923619747162,0.005011316854506731,-0.0018952423706650734,-0.06858189404010773,1.3061044216156006,0.7461922764778137,2.6090195178985596,3561.60986328125,19.94190216064453,31.63235092163086,51.57425308227539,387.7904052734375,8.26188850402832
-0.2598631978034973,17.399999618530273,1000.0,37.0,1.1473909616470337,0.023170743137598038,11.0,0.999895453453064,0.999895453453064,0.999895453453064,0.020824545994400978,0.00025439998717047274,0.7625329494476318,760000.0,-0.028303710743784904,-0.013514081947505474,0.024375878274440765,0.005900585558265448,0.0008892687037587166,-0.0564088374376297,0.8816084861755371,-0.4244959354400635,2.413334369659424,3628.5244140625,23.70150375366211,43.19148635864258,66.89299011230469,298.9849853515625,8.112265586853027
-0.44413965940475464,22.440000534057617,1000.0,38.0,1.1349010467529297,0.020437423139810562,9.0,1.0034587383270264,1.0034587383270264,1.0034587383270264,0.021462639793753624,0.00025320000713691115,0.7530328035354614,780000.0,-0.02461426332592964,0.0036894474178552628,0.10659117996692657,0.006011017132550478,0.00011043157428503036,-0.10913083702325821,0.9563775062561035,0.0747690200805664,1.5541303157806396,3684.277099609375,20.043315887451172,35.6854248046875,55.728736877441406,358.8812561035156,8.041922569274902
-0.5380590558052063,19.0,1000.0,39.0,1.1187537908554077,0.021820714697241783,12.0,0.9987374544143677,0.9987374544143677,0.9987374544143677,0.0204682145267725,0.0002519999979995191,0.7408540844917297,800000.0,-0.02057742141187191,0.004036841914057732,-0.1552269160747528,0.0052484688349068165,-0.0007625482976436615,-0.1197635754942894,0.41255292296409607,-0.5438245832920074,1.5021917819976807,3754.301025390625,22.379173278808594,47.621238708496094,70.00041198730469,285.71258544921875,7.92221736907959
-0.6271312832832336,25.260000228881836,1000.0,40.0,1.1133519411087036,0.02317214570939541,1.0,0.9969953298568726,0.9969953298568726,0.9969953298568726,0.02502414956688881,0.00025079998886212707,0.7369659543037415,820000.0,0.024034639820456505,0.044612061232328415,-0.08542720228433609,0.0061386520974338055,0.000890183262526989,-0.07563512027263641,2.2978038787841797,1.8852509558200836,2.342594623565674,3778.191162109375,19.859081268310547,4.006867408752441,23.865949630737305,838.0140380859375,7.899397373199463
-0.32122504711151123,20.239999771118164,1000.0,41.0,1.1156004667282104,0.020717119798064232,11.0,1.000328779220581,1.000328779220581,1.000328779220581,0.02138460800051689,0.0002496000088285655,0.7386288046836853,840000.0,-0.033643465489149094,-0.0576781053096056,-0.2917606234550476,0.006447962019592524,0.0003093099221587181,-0.06160450354218483,1.0246223211288452,-1.2731815576553345,1.6441378593444824,3842.62939453125,19.53582763671875,44.88301467895508,64.41938018798828,310.465576171875,7.802548408508301
-0.2835656404495239,21.799999237060547,1000.0,42.0,1.0980393886566162,0.02389633283019066,11.0,1.001481294631958,1.001481294631958,1.001481294631958,0.020509803667664528,0.00024839999969117343,0.7257037162780762,860000.0,-0.026009859517216682,0.007633605971932411,-0.12501943111419678,0.005486749112606049,-0.000961212906986475,-0.04686863720417023,0.5930252075195312,-0.43159711360931396,1.6175901889801025,3906.6611328125,21.377729415893555,42.62432861328125,64.00205993652344,312.4899597167969,7.731561660766602
-0.3194081783294678,20.65999984741211,1000.0,43.0,1.0962384939193726,0.020788883790373802,9.0,1.0032941102981567,1.0032941102981567,1.0032941102981567,0.022423995658755302,0.0002471999905537814,0.7242856025695801,880000.0,-0.023590408265590668,0.0024194512516260147,0.05564161762595177,0.005699990317225456,0.00021324120461940765,-0.0602249801158905,1.217260718345642,0.6242355108261108,1.911989688873291,3961.290283203125,19.616436004638672,34.98788833618164,54.60432434082031,366.2713623046875,7.6454243659973145
-0.34350234270095825,23.799999237060547,1000.0,44.0,1.0808088779449463,0.020578280091285706,9.0,1.0004417896270752,1.0004417896270752,1.0004417896270752,0.02084410935640335,0.0002460000105202198,0.7131626605987549,900000.0,-0.034517671912908554,-0.010927263647317886,-0.012330017983913422,0.005895777139812708,0.00019578682258725166,-0.0515531562268734,1.3377914428710938,0.12053072452545166,2.4240801334381104,4018.43408203125,20.509241104125977,36.61234664916992,57.12158966064453,350.13031005859375,7.608524322509766
-0.41389626264572144,33.220001220703125,1000.0,45.0,1.0811676979064941,0.020680204033851624,8.0,1.0020416975021362,1.0020416975021362,1.0020416975021362,0.022145116701722145,0.00024480000138282776,0.71339350938797,920000.0,-0.04079093411564827,-0.006273262202739716,-0.15268436074256897,0.005683389492332935,-0.00021238764747977257,-0.05104617774486542,1.5335432291030884,0.19575178623199463,2.729457139968872,4070.951416015625,21.57001304626465,30.924028396606445,52.494041442871094,380.9956359863281,7.714169025421143
-0.20084232091903687,27.520000457763672,1000.0,46.0,1.0806910991668701,0.021400760859251022,10.0,0.9997884035110474,0.9997884035110474,0.9997884035110474,0.020716344937682152,0.00024360000679735094,0.7130885720252991,940000.0,-0.028092725202441216,0.012698208913207054,-0.12628173828125,0.005080838687717915,-0.0006025508046150208,-0.036814913153648376,1.021138310432434,-0.5124049186706543,3.386568784713745,4129.70947265625,20.421537399291992,38.31437301635742,58.73590850830078,340.5072021484375,7.7331414222717285
-0.45195090770721436,30.600000381469727,1000.0,47.0,1.0761635303497314,0.02554740384221077,1.0,1.0028239488601685,1.0028239488601685,1.0028239488601685,0.020918378606438637,0.0002423999976599589,0.7099188566207886,960000.0,0.02895856462419033,0.057051289826631546,0.05191997438669205,0.006598338484764099,0.0015174997970461845,-0.02671990729868412,2.7682852745056152,1.7471469640731812,3.1609628200531006,4154.73095703125,20.671356201171875,4.3279924392700195,24.99934959411621,800.0208129882812,7.7986249923706055
-0.2612449526786804,22.5,1000.0,48.0,1.0731450319290161,0.02039056457579136,7.0,0.9993734359741211,0.9993734359741211,0.9993734359741211,0.020328430458903313,0.00024120000307448208,0.7078406810760498,980000.0,-0.029125142842531204,-0.058083707466721535,-0.22060233354568481,0.006720530800521374,0.00012219231575727463,-0.03808276727795601,1.0862621068954468,-1.6820231676101685,2.771545648574829,4205.720703125,22.656850814819336,28.311965942382812,50.968814849853516,392.39678955078125,7.7421345710754395
-0.4652770757675171,16.700000762939453,1000.0,49.0,1.055722951889038,0.021885404363274574,11.0,0.9980942010879517,0.9980942010879517,0.9980942010879517,0.02064250409603119,0.00023999999393709004,0.6956863403320312,1000000.0,-0.02664000168442726,0.002485141158103943,-0.20102861523628235,0.005860066507011652,-0.0008604642935097218,-0.08442656695842743,0.5697885751724243,-0.5164735317230225,3.826923131942749,4267.89111328125,19.078855514526367,43.0680046081543,62.1468620300293,321.8183288574219,7.600218772888184
-0.6320448517799377,16.1200008392334,1000.0,50.0,1.0579988956451416,0.020207799971103668,7.0,1.001721739768982,1.001721739768982,1.001721739768982,0.022102905437350273,0.00023879999935161322,0.6972123384475708,1020000.0,-0.03657805547118187,-0.009938053786754608,-0.006779814139008522,0.00618220679461956,0.00032214028760790825,-0.07758226245641708,1.2437987327575684,0.674010157585144,2.652707576751709,4315.72314453125,19.577709197998047,28.22965431213379,47.80736541748047,418.3455810546875,7.452548503875732
-0.847130537033081,29.219999313354492,1000.0,51.0,1.0600948333740234,0.021505655720829964,6.0,1.0026724338531494,1.0026724338531494,1.0026724338531494,0.01962287537753582,0.0002376000047661364,0.6985889077186584,1040000.0,-0.023661352694034576,0.012916702777147293,-0.08823682367801666,0.0057736970484256744,-0.0004085097461938858,-0.07734175771474838,1.9094196557998657,0.6656209230422974,3.4222335815429688,4361.412109375,22.415002822875977,23.250442504882812,45.665443420410156,437.9679260253906,7.504322052001953
-0.7920553684234619,40.779998779296875,1000.0,52.0,1.0608834028244019,0.021717367693781853,8.0,0.9984900951385498,0.9984900951385498,0.9984900951385498,0.01987396739423275,0.00023639999562874436,0.6991111040115356,1060000.0,-0.028747951611876488,-0.005086598917841911,-0.11962256580591202,0.005903341341763735,0.00012964429333806038,-0.0682392492890358,1.123911738395691,-0.7855079174041748,3.6967601776123047,4412.75146484375,20.167463302612305,31.151769638061523,51.31923294067383,389.7174377441406,7.7290167808532715
-0.7695298194885254,33.29999923706055,1000.0,53.0,1.0464473962783813,0.021767333149909973,11.0,0.9974991679191589,0.9974991679191589,0.9974991679191589,0.02062012068927288,0.00023520000104326755,0.6890676617622375,1080000.0,-0.02996455505490303,-0.0012166034430265427,0.16242823004722595,0.006053990684449673,0.00015064934268593788,-0.05572725832462311,0.5948603749275208,-0.5290513634681702,2.7773451805114746,4476.38720703125,20.002220153808594,43.611106872558594,63.61332321166992,314.3995361328125,7.844181537628174
-0.6321184039115906,22.079999923706055,1000.0,54.0,1.0375139713287354,0.0207158625125885,7.0,0.9987998008728027,0.9987998008728027,0.9987998008728027,0.022409139201045036,0.00023400000645779073,0.682893693447113,1100000.0,-0.023752717301249504,0.006211837753653526,0.08769985288381577,0.005900226067751646,-0.00015376461669802666,-0.07510953396558762,1.1876777410507202,0.5928173661231995,4.773386001586914,4525.46337890625,21.36418342590332,27.687530517578125,49.05171203613281,407.73297119140625,7.782563209533691
-0.5256364345550537,14.979999542236328,1000.0,55.0,1.032288670539856,0.02254912629723549,9.0,0.9976941347122192,0.9976941347122192,0.9976941347122192,0.021483594551682472,0.0002327999973203987,0.6793357729911804,1120000.0,-0.028660666197538376,-0.004907948896288872,-0.020414238795638084,0.005272634793072939,-0.0006275912746787071,-0.05188317224383354,0.9221646189689636,-0.2655131220817566,2.9620020389556885,4581.9921875,20.596054077148438,35.910858154296875,56.50691604614258,353.9389953613281,7.612314701080322
-0.5482132434844971,16.780000686645508,1000.0,56.0,1.0189194679260254,0.02022724784910679,10.0,0.9986218810081482,0.9986218810081482,0.9986218810081482,0.019440550357103348,0.00023160000273492187,0.6703149676322937,1140000.0,-0.022156376391649246,0.00650428980588913,-0.3464124798774719,0.004773074295371771,-0.0004995604977011681,-0.052178602665662766,0.5818721055984497,-0.3402925133705139,2.4272854328155518,4641.3369140625,19.738365173339844,39.58406066894531,59.322425842285156,337.140625,7.477179527282715
-0.573813259601593,22.5,1000.0,57.0,1.0106457471847534,0.020135842263698578,6.0,1.0000289678573608,1.0000289678573608,1.0000289678573608,0.024533651769161224,0.00023039999359752983,0.6647956371307373,1160000.0,-0.022239692509174347,-8.331611752510071e-05,-0.06798893213272095,0.005709189921617508,0.0009361156262457371,-0.056247301399707794,1.5280852317810059,0.9462131261825562,2.343768835067749,4687.06591796875,22.056320190429688,23.649267196655273,45.705589294433594,437.583251953125,7.4304914474487305
-0.7795091271400452,20.459999084472656,1000.0,58.0,1.013951063156128,0.02065318636596203,12.0,0.9992867112159729,0.9992867112159729,0.9992867112159729,0.021317346021533012,0.000229199999012053,0.6669923067092896,1180000.0,-0.028835812583565712,-0.006596120074391365,-0.27978408336639404,0.004550151992589235,-0.0011590379290282726,-0.08802291005849838,0.667702853679657,-0.8603823781013489,2.043405294418335,4754.5947265625,20.201148986816406,47.30487060546875,67.50601959228516,296.2698669433594,7.354287624359131
-0.7473831176757812,27.860000610351562,1000.0,59.0,1.0100986957550049,0.04532969743013382,1.0,0.9993703365325928,0.9993703365325928,0.9993703365325928,0.031662892550230026,0.0002280000044265762,0.6644334197044373,1200000.0,0.030761100351810455,0.05959691293537617,-0.4584387242794037,0.0052813878282904625,0.0007312358357012272,-0.08966771513223648,2.667665958404541,1.999963104724884,2.124403953552246,4777.90625,19.324939727783203,3.9605789184570312,23.285518646240234,858.9028930664062,7.390624523162842
-0.4889475107192993,31.780000686645508,1000.0,60.0,1.0078026056289673,0.022502971813082695,8.0,1.0035697221755981,1.0035697221755981,1.0035697221755981,0.02323855645954609,0.00022679999528918415,0.662918210029602,1220000.0,-0.04126974567770958,-0.07203084602952003,0.25794193148612976,0.006090465467423201,0.0008090776391327381,-0.10925834625959396,1.4905067682266235,-1.1771591901779175,2.7706925868988037,4832.015625,20.861236572265625,33.2281494140625,54.089385986328125,369.75830078125,7.4862494468688965
-0.2683001756668091,31.899999618530273,1000.0,61.0,1.0027662515640259,0.02092118002474308,13.0,0.9985429644584656,0.9985429644584656,0.9985429644584656,0.019772829487919807,0.00022560000070370734,0.6596058011054993,1240000.0,-0.031886085867881775,0.009383659809827805,-0.06558392941951752,0.005170447286218405,-0.0009200181812047958,-0.06017844378948212,0.6724153757095337,-0.8180913925170898,3.9725515842437744,4904.2646484375,20.636533737182617,51.591007232666016,72.2275390625,276.9026794433594,7.582747459411621
-0.267276406288147,23.780000686645508,1000.0,62.0,0.9861774444580078,0.023083625361323357,12.0,1.0004606246948242,1.0004606246948242,1.0004606246948242,0.021541139110922813,0.00022440000611823052,0.64876788854599,1260000.0,-0.02495945431292057,0.0069266315549612045,-0.28974470496177673,0.005975286476314068,0.0008048391900956631,-0.024274546653032303,0.626029372215271,-0.046386003494262695,2.681556224822998,4970.779296875,20.29918670654297,46.19092559814453,66.4901123046875,300.7966003417969,7.55266809463501
-0.544825553894043,12.239999771118164,1000.0,63.0,0.9754095077514648,0.020339732989668846,6.0,1.000740647315979,1.000740647315979,1.000740647315979,0.020704077556729317,0.00022319999698083848,0.6418842077255249,1280000.0,-0.017601843923330307,0.007357610389590263,-0.11281748861074448,0.005738676059991121,-0.00023661041632294655,-0.041030533611774445,0.4858558773994446,-0.14017349481582642,2.1792612075805664,5018.162109375,21.97896385192871,25.372066497802734,47.35103225708008,422.3772888183594,7.352445602416992
-0.44048523902893066,18.760000228881836,1000.0,64.0,0.9769760966300964,0.02036605216562748,4.0,1.0013537406921387,1.0013537406921387,1.0013537406921387,0.0321449376642704,0.00022200000239536166,0.6428716778755188,1300000.0,-0.008493087254464626,0.00910875666886568,-0.27603787183761597,0.005932055879384279,0.00019337981939315796,-0.05299338325858116,1.8902915716171265,1.4044356942176819,3.60996413230896,5053.46435546875,20.135591506958008,15.1449556350708,35.280548095703125,566.8846435546875,7.2536540031433105
-0.3537694215774536,22.739999771118164,1000.0,65.0,0.9834579825401306,0.020175879821181297,8.0,1.0008997917175293,1.0008997917175293,1.0008997917175293,0.022180218249559402,0.00022079999325796962,0.6470181941986084,1320000.0,-0.03223820775747299,-0.023745120503008366,0.2819942235946655,0.007001150865107775,0.0010690949857234955,-0.05054106563329697,1.287858009338379,-0.6024335622787476,3.03621244430542,5104.75146484375,20.289335250854492,30.97809600830078,51.26750946044922,390.1106262207031,7.216382026672363
-0.4781913459300995,34.13999938964844,1000.0,66.0,0.9924219846725464,0.020450012758374214,10.0,1.0016570091247559,1.0016570091247559,1.0016570091247559,0.02166200987994671,0.0002195999986724928,0.6527875065803528,1340000.0,-0.04071320965886116,-0.008475001901388168,-0.06653042137622833,0.005371359642595053,-0.001629791222512722,-0.013614922761917114,1.440808653831482,0.15295064449310303,2.7505180835723877,5163.58251953125,19.480777740478516,39.32670593261719,58.8074836730957,340.0927734375,7.350843906402588
-0.32806435227394104,26.979999542236328,1000.0,67.0,0.9754467010498047,0.020405691117048264,13.0,0.9983468651771545,0.9983468651771545,0.9983468651771545,0.020661871880292892,0.00021840000408701599,0.6418055891990662,1360000.0,-0.03394303470849991,0.006770174950361252,-0.18734286725521088,0.005945227108895779,0.0005738674663007259,-0.02227977104485035,0.6716319918632507,-0.7691766619682312,3.4074277877807617,5238.5205078125,23.704547882080078,51.20949935913086,74.91404724121094,266.9726257324219,7.3757524490356445
-0.2908872663974762,22.920000076293945,1000.0,68.0,0.9594802856445312,0.02108590491116047,10.0,0.9984169006347656,0.9984169006347656,0.9984169006347656,0.019692638888955116,0.00021719999494962394,0.6316345930099487,1380000.0,-0.020561866462230682,0.013381168246269226,-0.1662198305130005,0.005436315201222897,-0.0005089119076728821,-0.04000445455312729,0.42373764514923096,-0.24789434671401978,2.527086019515991,5297.31689453125,19.544527053833008,39.227603912353516,58.772132873535156,340.2973327636719,7.339792251586914
-0.22235985100269318,26.639999389648438,1000.0,69.0,0.9524887204170227,0.020477553829550743,11.0,1.005178689956665,1.005178689956665,1.005178689956665,0.023110482841730118,0.00021600000036414713,0.6272655725479126,1400000.0,-0.038845643401145935,-0.018283776938915253,0.06947474181652069,0.004347829148173332,-0.0010884860530495644,-0.016628658398985863,1.5355952978134155,1.1118576526641846,3.058788537979126,5361.357421875,19.32670783996582,44.691383361816406,64.0180892944336,312.41168212890625,7.3598313331604
-0.14610452950000763,29.020000457763672,1000.0,70.0,0.9486798644065857,0.02019202522933483,10.0,0.9981853365898132,0.9981853365898132,0.9981853365898132,0.020756246522068977,0.0002148000057786703,0.6248511672019958,1420000.0,-0.029806893318891525,0.00903875008225441,0.14753061532974243,0.004711152520030737,0.0003633233718574047,-0.022004570811986923,0.7202088236808777,-0.8153864741325378,3.0766851902008057,5422.4072265625,21.33620262145996,39.688507080078125,61.02470779418945,327.7361145019531,7.415660381317139
-0.1372346132993698,27.8799991607666,1000.0,71.0,0.9291685223579407,0.023275278508663177,13.0,0.9989305734634399,0.9989305734634399,0.9989305734634399,0.021217118948698044,0.00021359999664127827,0.6127853393554688,1440000.0,-0.029979605227708817,-0.00017271190881729126,0.19256620109081268,0.005294169764965773,0.0005830172449350357,0.008749925531446934,0.488373339176178,-0.2318354845046997,2.9413840770721436,5492.43017578125,19.007957458496094,50.99279022216797,70.00074768066406,285.71124267578125,7.453608512878418
-0.11120739579200745,9.800000190734863,1000.0,72.0,0.9147679805755615,0.020658187568187714,9.0,0.9993797540664673,0.9993797540664673,0.9993797540664673,0.022559449076652527,0.00021240000205580145,0.6040282249450684,1460000.0,-0.023632334545254707,0.006347270682454109,-0.23887677490711212,0.005331436172127724,3.7266407161951065e-05,-0.04225160926580429,0.5292012691497803,0.040827929973602295,2.7704710960388184,5548.08251953125,19.966285705566406,35.66059494018555,55.62688064575195,359.5384216308594,7.219898700714111
-0.23055106401443481,9.180000305175781,1000.0,73.0,0.9158610701560974,0.021606042981147766,6.0,1.0014235973358154,1.0014235973358154,1.0014235973358154,0.019717128947377205,0.0002111999929184094,0.6046743988990784,1480000.0,-0.015025856904685497,0.00860647764056921,0.20589473843574524,0.00581415556371212,0.00048271939158439636,0.013486245647072792,0.6275332570075989,0.0983319878578186,2.2478890419006348,5593.859375,21.850616455078125,23.90215301513672,45.752769470214844,437.13201904296875,6.9809746742248535
-0.34601718187332153,12.220000267028809,1000.0,74.0,0.9137635231018066,0.02243169955909252,7.0,0.9969258904457092,0.9969258904457092,0.9969258904457092,0.021804079413414,0.0002099999983329326,0.6034340858459473,1500000.0,-0.026935484260320663,-0.011909627355635166,-0.006350383162498474,0.005158758722245693,-0.0006553968414664268,-0.01832408830523491,0.612615704536438,-0.014917552471160889,2.943063735961914,5641.10693359375,20.316417694091797,26.907663345336914,47.22407913208008,423.51275634765625,6.79168701171875
-0.26403892040252686,12.180000305175781,1000.0,75.0,0.8967052698135376,0.021901022642850876,11.0,0.9980981945991516,0.9980981945991516,0.9980981945991516,0.021660681813955307,0.00020880000374745578,0.5932181477546692,1520000.0,-0.024060623720288277,0.0028748605400323868,0.27529871463775635,0.005496421363204718,0.00033766264095902443,-0.031350307166576385,0.46927231550216675,-0.14334338903427124,2.6775717735290527,5704.984375,20.277639389038086,43.57792663574219,63.855567932128906,313.20684814453125,6.604873180389404
-0.14414624869823456,16.15999984741211,1000.0,76.0,0.8847233057022095,0.020773863419890404,1.0,1.0001736879348755,1.0001736879348755,1.0001736879348755,0.026628417894244194,0.00020759999461006373,0.5861376523971558,1540000.0,0.0350363664329052,0.059096990153193474,0.16289101541042328,0.00628731120377779,0.0007908898405730724,-0.016193417832255363,2.1242868900299072,1.6550145745277405,3.618837594985962,5729.92138671875,20.698015213012695,4.216246128082275,24.914260864257812,802.7531127929688,6.4806904792785645
-0.3399045169353485,11.960000038146973,1000.0,77.0,0.879971444606781,0.020278993993997574,11.0,1.001543641090393,1.001543641090393,1.001543641090393,0.021451175212860107,0.00020640000002458692,0.5833712816238403,1560000.0,-0.024180293083190918,-0.059216659516096115,0.057304300367832184,0.004480272531509399,-0.0018070386722683907,-0.03315175697207451,0.6072585582733154,-1.5170283317565918,3.123140335083008,5796.35546875,22.55057716369629,43.862449645996094,66.41302490234375,301.145751953125,6.295296669006348
-0.4640117585659027,14.119999885559082,1000.0,78.0,0.8697754740715027,0.020760271698236465,8.0,0.9985778331756592,0.9985778331756592,0.9985778331756592,0.02136223204433918,0.0002052000054391101,0.5774612426757812,1580000.0,-0.022120315581560135,0.002059977501630783,0.18488523364067078,0.004502326250076294,2.205371856689453e-05,-0.049690138548612595,0.642253041267395,0.03499448299407959,2.2222776412963867,5847.099609375,19.087440490722656,31.63292694091797,50.720367431640625,394.31890869140625,6.145052909851074
-0.5671691298484802,9.920000076293945,1000.0,79.0,0.8611827492713928,0.026973651722073555,1.0,1.000303864479065,1.000303864479065,1.000303864479065,0.02518327161669731,0.00020399999630171806,0.5725142359733582,1600000.0,0.0214145015925169,0.043534817174077034,-0.18604430556297302,0.005290880333632231,0.0007885540835559368,-0.018383463844656944,0.9706847071647644,0.3284316658973694,2.2563838958740234,5871.3408203125,20.318851470947266,3.894512891769409,24.21336555480957,825.9901123046875,5.933880805969238
-0.6152908802032471,11.199999809265137,1000.0,80.0,0.8555094599723816,0.02053002268075943,12.0,0.9962978363037109,0.9962978363037109,0.9962978363037109,0.019633160904049873,0.00020280000171624124,0.5693001747131348,1620000.0,-0.019294191151857376,-0.040708692744374275,-0.057166583836078644,0.004348347894847393,-0.0009425324387848377,-0.06360023468732834,0.3232182562351227,-0.6474664509296417,2.077369451522827,5939.80615234375,19.44721031188965,48.998252868652344,68.4454574584961,292.2034606933594,5.744927883148193
-0.7009294629096985,10.819999694824219,1000.0,81.0,0.8355270624160767,0.021791061386466026,10.0,0.9979705810546875,0.9979705810546875,0.9979705810546875,0.020668210461735725,0.00020160000713076442,0.5580688714981079,1640000.0,-0.015110496431589127,0.0041836947202682495,0.06170617416501045,0.00499084172770381,0.0006424938328564167,-0.07132513076066971,0.2732618749141693,-0.04995638132095337,1.6728556156158447,6000.45703125,20.973190307617188,39.64925003051758,60.62343978881836,329.9053955078125,5.552822113037109
-0.5819960832595825,12.119999885559082,1000.0,82.0,0.8250746130943298,0.020433874800801277,1.0,0.9988029599189758,0.9988029599189758,0.9988029599189758,0.026561273261904716,0.00020039999799337238,0.5522893667221069,1660000.0,0.017685402184724808,0.032795898616313934,0.14972548186779022,0.007221444975584745,0.0022306032478809357,-0.08458741009235382,1.68648362159729,1.4132217466831207,2.5969059467315674,6024.4384765625,20.10189437866211,3.8542933464050293,23.956941604614258,834.8311157226562,5.382731914520264
-0.5811310410499573,10.979999542236328,1000.0,83.0,0.8205501437187195,0.02080344595015049,12.0,0.9942355155944824,0.9942355155944824,0.9942355155944824,0.02117561548948288,0.00019920000340789557,0.5498700737953186,1680000.0,-0.016950087621808052,-0.03463548980653286,-0.22421874105930328,0.004454555455595255,-0.0027668895199894905,-0.06784792244434357,0.345091849565506,-1.341391772031784,2.1623315811157227,6091.60400390625,20.194135665893555,46.9525032043457,67.14663696289062,297.8555603027344,5.197606086730957
-0.4612357020378113,10.760000228881836,1000.0,84.0,0.8074215650558472,0.024169420823454857,6.0,0.9978821873664856,0.9978821873664856,0.9978821873664856,0.023822249844670296,0.00019799999427050352,0.5426390767097473,1700000.0,-0.011051907204091549,0.005898180417716503,-0.06314244121313095,0.005160797853022814,0.0007062423974275589,-0.07562541961669922,0.47035956382751465,0.12526771426200867,2.206451654434204,6137.52587890625,20.752534866333008,25.14621925354004,45.89875411987305,435.7416687011719,5.01142692565918
-0.484752357006073,3.619999885559082,1000.0,85.0,0.791630744934082,0.020267944782972336,11.0,0.9947835803031921,0.9947835803031921,0.9947835803031921,0.019786382094025612,0.0001967999996850267,0.534128725528717,1720000.0,-0.012042110785841942,-0.000990203581750393,-0.04526384174823761,0.004695476498454809,-0.0004653213545680046,-0.0653882846236229,0.22989942133426666,-0.24046014249324799,2.2246944904327393,6200.48681640625,19.981449127197266,42.95718765258789,62.938636779785156,317.76983642578125,4.720336437225342
-0.3813929855823517,13.699999809265137,1000.0,86.0,0.7884463667869568,0.052079662680625916,1.0,0.9980663657188416,0.9980663657188416,0.9980663657188416,0.02743147313594818,0.0001956000050995499,0.5324480533599854,1740000.0,0.03780735284090042,0.04984946362674236,-0.2288871705532074,0.0057329279370605946,0.0010374514386057854,-0.07341016829013824,1.467606544494629,1.2377071231603622,1.9000253677368164,6224.634765625,20.1361026763916,3.987520217895508,24.12362289428711,829.0628662109375,4.584310054779053
-0.1693265587091446,12.979999542236328,1000.0,87.0,0.7904667258262634,0.020383113995194435,10.0,0.9997866153717041,0.9997866153717041,0.9997866153717041,0.021045396104454994,0.00019439999596215785,0.5335298776626587,1760000.0,-0.015911931172013283,-0.053719284012913704,0.3655853271484375,0.00568240275606513,-5.0525180995464325e-05,-0.045538727194070816,0.29903823137283325,-1.1685683131217957,1.7117507457733154,6283.1240234375,20.129545211791992,38.341087341308594,58.47063064575195,342.05206298828125,4.438635349273682
-0.023272495716810226,13.020000457763672,1000.0,88.0,0.7767797112464905,0.02077368088066578,9.0,0.9962949752807617,0.9962949752807617,0.9962949752807617,0.01987011358141899,0.00019320000137668103,0.526289165019989,1780000.0,-0.009674700908362865,0.006237230263650417,0.04182291775941849,0.004509447608143091,-0.001172955147922039,-0.05614065006375313,0.21920301020145416,-0.07983522117137909,1.7738349437713623,6340.2841796875,20.540754318237305,36.59505844116211,57.13581085205078,350.04315185546875,4.294834613800049
0.007605476304888725,7.579999923706055,1000.0,89.0,0.7719937562942505,0.02014205977320671,3.0,0.9998283386230469,0.9998283386230469,0.9998283386230469,0.02969934046268463,0.00019200000679120421,0.5238174796104431,1800000.0,0.0024461837019771338,0.01212088461034,-0.2154422402381897,0.00624764384701848,0.001738196238875389,-0.0023958536330610514,0.6466200947761536,0.4274170845746994,1.5384156703948975,6371.48486328125,19.64894676208496,11.528937339782715,31.17788314819336,641.4803466796875,4.070633888244629
0.03491194173693657,8.619999885559082,1000.0,90.0,0.7743130326271057,0.020657479763031006,9.0,1.0014920234680176,1.0014920234680176,1.0014920234680176,0.02173714153468609,0.00019079999765381217,0.5250977873802185,1820000.0,-0.01611008681356907,-0.018556270515546203,0.10884646326303482,0.005930270534008741,-0.0003173733130097389,0.0037930533289909363,0.561750590801239,-0.08486950397491455,1.383281946182251,6426.31689453125,19.504642486572266,35.30752944946289,54.812171936035156,364.8824462890625,3.864532947540283
-0.09800722450017929,9.760000228881836,1000.0,91.0,0.7690371870994568,0.025093119591474533,7.0,0.997742235660553,0.997742235660553,0.997742235660553,0.021855812519788742,0.00018960000306833535,0.522347629070282,1840000.0,-0.01598144881427288,0.00012863799929618835,-0.539649486541748,0.005910271778702736,-1.9998755306005478e-05,-0.009769436903297901,0.5342684984207153,-0.02748209238052368,1.723173975944519,6472.65185546875,19.66629981994629,26.645292282104492,46.31159210205078,431.8573303222656,3.677647113800049
-0.0789898931980133,10.619999885559082,1000.0,92.0,0.7555961012840271,0.020113296806812286,8.0,1.0008713006973267,1.0008713006973267,1.0008713006973267,0.02294483408331871,0.0001883999939309433,0.5153083801269531,1860000.0,-0.019913161173462868,-0.003931712359189987,0.7052935361862183,0.00518016004934907,-0.0007301117293536663,-0.02465805970132351,0.48641276359558105,-0.04785573482513428,2.0168192386627197,6527.08349609375,21.62554359436035,32.78351593017578,54.4090576171875,367.5858459472656,3.505385637283325
-0.17356204986572266,24.700000762939453,1000.0,93.0,0.7561867833137512,0.021108798682689667,14.0,1.0074059963226318,1.0074059963226318,1.0074059963226318,0.025737624615430832,0.0001871999993454665,0.5156264305114746,1880000.0,-0.03235939145088196,-0.01244623027741909,0.10420200973749161,0.004250061232596636,-0.0009300988167524338,-0.00021927410853095353,1.447316288948059,0.960903525352478,1.104146122932434,6601.36083984375,20.11063003540039,54.14605712890625,74.2566909790039,269.33599853515625,3.5457470417022705
-0.0288142878562212,26.200000762939453,1000.0,94.0,0.7395991086959839,0.020001737400889397,9.0,0.9956269860267639,0.9956269860267639,0.9956269860267639,0.01969045028090477,0.00018600000475998968,0.5072320699691772,1900000.0,-0.020665468648076057,0.0116939228028059,0.12395527213811874,0.004947768058627844,0.000697706826031208,-0.004739513620734215,0.5052343606948853,-0.9420819282531738,2.7959234714508057,6655.95849609375,20.13417625427246,34.43731689453125,54.571495056152344,366.49169921875,3.606440544128418
-0.16463734209537506,35.099998474121094,1000.0,95.0,0.7355111241340637,0.026518184691667557,7.0,1.0020779371261597,1.0020779371261597,1.0020779371261597,0.02232379838824272,0.00018479999562259763,0.5051838755607605,1920000.0,-0.02370818331837654,-0.0030427146703004837,0.15964025259017944,0.00529583590105176,0.00034806784242391586,-0.019738387316465378,0.7624491453170776,0.2572147846221924,1.6040654182434082,6706.2099609375,20.70867156982422,29.518512725830078,50.2271842956543,398.19073486328125,3.798199415206909
-0.1662110835313797,18.860000610351562,1000.0,96.0,0.7289354205131531,0.02012708969414234,11.0,0.9986814260482788,0.9986814260482788,0.9986814260482788,0.02048075944185257,0.00018360000103712082,0.5018836855888367,1940000.0,-0.019705474376678467,0.004002708941698074,0.0634484812617302,0.004559733904898167,-0.0007361019961535931,-0.022999407723546028,0.4239084720611572,-0.3385406732559204,1.7014482021331787,6768.58740234375,19.382640838623047,42.97272491455078,62.35536575317383,320.74224853515625,3.7418203353881836
-0.19766482710838318,25.15999984741211,1000.0,97.0,0.7199899554252625,0.024479039013385773,5.0,0.9984132647514343,0.9984132647514343,0.9984132647514343,0.02359485626220703,0.000182400006451644,0.49735227227211,1960000.0,-0.02300546132028103,-0.003299986943602562,0.21566206216812134,0.006143155042082071,0.0015834211371839046,-0.025479286909103394,0.7924498319625854,0.3685413599014282,2.6039209365844727,6808.6259765625,19.986989974975586,20.027204513549805,40.01419448852539,499.8226318359375,3.7852747440338135
-0.17692118883132935,23.940000534057617,1000.0,98.0,0.7227789163589478,0.020511575043201447,8.0,1.002265453338623,1.002265453338623,1.002265453338623,0.02349749766290188,0.00018119999731425196,0.4987111985683441,1980000.0,-0.027330130338668823,-0.0043246690183877945,-0.09337244927883148,0.004960607271641493,-0.0011825477704405785,-0.05961904302239418,1.4809030294418335,0.688453197479248,1.6070793867111206,6858.7490234375,18.851985931396484,31.25002098083496,50.10200881958008,399.18560791015625,3.8082118034362793
0.003991412930190563,26.81999969482422,1000.0,99.0,0.7267274260520935,0.020192302763462067,7.0,0.9990061521530151,0.9990061521530151,0.9990061521530151,0.022542543709278107,0.00018000000272877514,0.5007337927818298,2000000.0,-0.036469072103500366,-0.009138941764831543,0.14359036087989807,0.005783692467957735,0.0008230851963162422,-0.05529194325208664,0.8481560349464417,-0.6327469944953918,2.3463830947875977,6909.28662109375,21.70165252685547,28.812501907348633,50.51415252685547,395.9286193847656,3.8768320083618164
0.04070434719324112,21.780000686645508,1000.0,100.0,0.7228806018829346,0.023008957505226135,11.0,0.997393012046814,0.997393012046814,0.997393012046814,0.020813975483179092,0.0001787999935913831,0.49883225560188293,2020000.0,-0.02181614562869072,0.014652926474809647,0.037536490708589554,0.005526406224817038,-0.0002572862431406975,-0.06099136918783188,0.3979920446872711,-0.45016399025917053,2.9992032051086426,6971.05517578125,19.362407684326172,42.38489532470703,61.7473030090332,323.9007873535156,3.864291191101074
0.14369264245033264,23.459999084472656,1000.0,101.0,0.7209199070930481,0.020408708602190018,9.0,1.0043450593948364,1.0043450593948364,1.0043450593948364,0.022609952837228775,0.00017759999900590628,0.49781134724617004,2040000.0,-0.029544146731495857,-0.007728001102805138,-0.20037584006786346,0.005561429541558027,3.5023316740989685e-05,-0.01956401951611042,1.5886645317077637,1.1906724870204926,1.2281094789505005,7025.41259765625,19.620922088623047,34.71342468261719,54.334346771240234,368.0912780761719,3.876237630844116
0.273878276348114,36.18000030517578,1000.0,102.0,0.7139874696731567,0.020112628117203712,8.0,1.0008360147476196,1.0008360147476196,1.0008360147476196,0.02186349779367447,0.00017640000442042947,0.4943915903568268,2060000.0,-0.035973191261291504,-0.006429044529795647,-0.21763215959072113,0.007379462011158466,0.001818032469600439,0.01392850000411272,1.810117244720459,0.2214527130126953,2.000478744506836,7078.107421875,19.378101348876953,33.29391860961914,52.672019958496094,379.7082214355469,4.0835466384887695
0.43306517601013184,43.15999984741211,1000.0,103.0,0.701000988483429,0.021602964028716087,9.0,1.000469446182251,1.000469446182251,1.000469446182251,0.021128922700881958,0.00017519999528303742,0.4879920482635498,2080000.0,-0.026870358735322952,0.009102832525968552,-0.00854010134935379,0.005901013035327196,-0.0014784489758312702,0.015544461086392403,1.1703319549560547,-0.6397852897644043,1.6709498167037964,7133.4384765625,20.62909507751465,34.67759704589844,55.30669403076172,361.619873046875,4.387229919433594
0.4171147644519806,28.440000534057617,1000.0,104.0,0.6840827465057373,0.020454661920666695,12.0,0.9965349435806274,0.9965349435806274,0.9965349435806274,0.020676549524068832,0.0001740000006975606,0.47980308532714844,2100000.0,-0.020472466945648193,0.006397891789674759,0.33822324872016907,0.005321393720805645,-0.0005796193145215511,0.006928993854671717,0.4292904734611511,-0.7410414814949036,2.33483624458313,7199.908203125,20.062332153320312,46.38641357421875,66.44874572753906,300.9838562011719,4.455899238586426
0.2359456866979599,12.65999984741211,1000.0,105.0,0.6719749569892883,0.02019549533724785,6.0,0.9988689422607422,0.9988689422607422,0.9988689422607422,0.020416419953107834,0.0001728000061120838,0.47403326630592346,2120000.0,-0.017555885016918182,0.002916581928730011,0.07293521612882614,0.006418665871024132,0.0010972721502184868,-0.00699699018150568,0.610641598701477,0.18135112524032593,1.1059907674789429,7242.96728515625,19.782564163208008,23.253143310546875,43.035709381103516,464.7303466796875,4.273815155029297
0.15511947870254517,13.220000267028809,1000.0,106.0,0.6734914779663086,0.021525099873542786,6.0,1.0021494626998901,1.0021494626998901,1.0021494626998901,0.023491038009524345,0.00017159999697469175,0.47475719451904297,2140000.0,-0.017668986693024635,-0.00011310167610645294,-0.32462748885154724,0.005130731966346502,-0.0012879339046776295,0.008728396147489548,1.8774726390838623,1.2668310403823853,1.857586145401001,7290.21240234375,23.642723083496094,23.58013153076172,47.22285461425781,423.52374267578125,4.1114654541015625
0.19427451491355896,14.899999618530273,1000.0,107.0,0.6770746111869812,0.02025938592851162,9.0,1.0000395774841309,1.0000395774841309,1.0000395774841309,0.020862232893705368,0.00017040000238921493,0.47643306851387024,2160000.0,-0.02171953022480011,-0.0040505435317754745,0.2235535979270935,0.0069284033961594105,0.0017976714298129082,0.015908557921648026,1.1439907550811768,-0.7334818840026855,1.5616345405578613,7344.32080078125,19.300954818725586,34.78596496582031,54.086917877197266,369.7751770019531,3.9742329120635986
0.2881818115711212,16.760000228881836,1000.0,108.0,0.6732152104377747,0.02750438265502453,6.0,1.0013062953948975,1.0013062953948975,1.0013062953948975,0.02124214917421341,0.0001691999932518229,0.4745500087738037,2180000.0,-0.009457857348024845,0.012261672876775265,-0.08595988899469376,0.006114513147622347,-0.0008138902485370636,0.03083149343729019,1.3860005140304565,0.24200975894927979,1.1623239517211914,7387.65185546875,19.99506950378418,23.3134708404541,43.30854034423828,461.80267333984375,3.8682520389556885
0.19345398247241974,18.260000228881836,1000.0,109.0,0.6760590672492981,0.02336866408586502,9.0,1.0024399757385254,1.0024399757385254,1.0024399757385254,0.023060515522956848,0.00016799999866634607,0.47583749890327454,2200000.0,-0.02454177662730217,-0.015083919279277325,0.0739586353302002,0.005133376456797123,-0.000981136690825224,0.02339896187186241,1.5555204153060913,0.16951990127563477,1.3028532266616821,7443.01123046875,18.906436920166016,36.43227005004883,55.338706970214844,361.4106750488281,3.7852604389190674
0.015779132023453712,18.299999237060547,1000.0,110.0,0.6762610673904419,0.02060425467789173,11.0,0.9960017204284668,0.9960017204284668,0.9960017204284668,0.020707424730062485,0.00016680000408086926,0.47588321566581726,2220000.0,-0.024086404591798782,0.00045537203550338745,0.05682499706745148,0.004606987815350294,-0.0005263886414468288,0.021562056615948677,0.7003186345100403,-0.855201780796051,2.2999236583709717,7509.421875,24.16417694091797,42.2225341796875,66.38671112060547,301.2651062011719,3.706188201904297
0.13007298111915588,21.979999542236328,1000.0,111.0,0.6637592911720276,0.02351161278784275,8.0,1.0030176639556885,1.0030176639556885,1.0030176639556885,0.022324535995721817,0.0001655999949434772,0.46994549036026,2240000.0,-0.025179918855428696,-0.0010935142636299133,-0.03411685675382614,0.0054954285733401775,0.0008884407579898834,-0.002033083001151681,1.0641621351242065,0.36384350061416626,1.9901982545852661,7560.85595703125,20.514415740966797,30.89453125,51.4089469909668,389.0373229980469,3.683919668197632
0.08306976407766342,21.200000762939453,1000.0,112.0,0.6574974656105042,0.02031264640390873,7.0,0.9994218945503235,0.9994218945503235,0.9994218945503235,0.02062194235622883,0.0001644000003580004,0.46700507402420044,2260000.0,-0.021756138652563095,0.0034237802028656006,0.01533590815961361,0.004967444576323032,-0.0005279839970171452,0.009845149703323841,0.6057403087615967,-0.45842182636260986,2.9822897911071777,7607.58056640625,19.75457763671875,26.94837760925293,46.70295333862305,428.2384338378906,3.6428043842315674
0.1898583471775055,15.640000343322754,1000.0,113.0,0.666455864906311,0.021945158019661903,8.0,0.99842768907547,0.99842768907547,0.99842768907547,0.022053172811865807,0.00016320000577252358,0.4712085723876953,2280000.0,-0.027173306792974472,-0.005417168140411377,0.07964295148849487,0.00627327524125576,0.0013058306649327278,0.014077913016080856,1.2973909378051758,0.6916506290435791,2.4556922912597656,7662.2216796875,21.616304397583008,33.001319885253906,54.61762619018555,366.1821594238281,3.5243983268737793
-0.17437976598739624,15.520000457763672,1000.0,114.0,0.6608395576477051,0.02136087417602539,11.0,1.0030256509780884,1.0030256509780884,1.0030256509780884,0.021609513089060783,0.00016199999663513154,0.46856752038002014,2300000.0,-0.01859136112034321,0.008581945672631264,-0.13317884504795074,0.005511833820492029,-0.000761441420763731,0.012943468056619167,1.2633616924285889,-0.034029245376586914,1.7596209049224854,7723.29443359375,19.805431365966797,41.24489974975586,61.050331115722656,327.5985412597656,3.4069693088531494
-0.14318089187145233,31.1200008392334,1000.0,115.0,0.6660690307617188,0.021081216633319855,7.0,1.0020028352737427,1.0020028352737427,1.0020028352737427,0.023462900891900063,0.00016080000204965472,0.4710204601287842,2320000.0,-0.03404003381729126,-0.015448672696948051,-0.13699938356876373,0.005256741773337126,-0.0002550920471549034,0.06426824629306793,1.2639062404632568,0.0005445480346679688,3.6653144359588623,7770.20556640625,20.06592559814453,26.821395874023438,46.88732147216797,426.5545349121094,3.524671792984009
0.05565838888287544,50.099998474121094,1000.0,116.0,0.6702876091003418,0.023538639768958092,11.0,1.0051953792572021,1.0051953792572021,1.0051953792572021,0.022283028811216354,0.00015959999291226268,0.47300878167152405,2340000.0,-0.041634537279605865,-0.007594503462314606,0.2734483480453491,0.005249557085335255,-7.184688001871109e-06,0.06155449151992798,0.9267569184303284,-0.33714932203292847,3.682150363922119,7834.2578125,20.18907928466797,43.83976745605469,64.02884674072266,312.3592224121094,3.935147285461426
0.3267095983028412,48.220001220703125,1000.0,117.0,0.6654557585716248,0.020614098757505417,9.0,0.9978424310684204,0.9978424310684204,0.9978424310684204,0.01998419500887394,0.00015839999832678586,0.47073376178741455,2360000.0,-0.030118731781840324,0.011515805497765541,0.10065534710884094,0.004886238370090723,-0.00036331871524453163,0.04000350087881088,1.3048352003097534,0.37807828187942505,3.384460210800171,7890.26953125,21.326934814453125,34.65880584716797,55.985740661621094,357.23382568359375,4.315210819244385
0.46086421608924866,46.380001068115234,1000.0,118.0,0.6615151166915894,0.020155366510152817,9.0,1.001619577407837,1.001619577407837,1.001619577407837,0.022038688883185387,0.00015720000374130905,0.46890193223953247,2380000.0,-0.04056906700134277,-0.010450335219502449,-0.09372445940971375,0.005336368922144175,0.00045013055205345154,0.07075148820877075,1.9811502695083618,0.6763150691986084,5.128246784210205,7945.93359375,20.900785446166992,34.73863983154297,55.640419006347656,359.450927734375,4.658431053161621
0.27731454372406006,29.860000610351562,1000.0,119.0,0.6639209985733032,0.020950060337781906,10.0,1.001920223236084,1.001920223236084,1.001920223236084,0.020205194130539894,0.000155999994603917,0.4701141119003296,2400000.0,-0.03171500936150551,0.008854057639837265,-0.28808900713920593,0.004892546683549881,-0.0004438222385942936,0.02609925903379917,1.0799988508224487,-0.9011514186859131,3.07690691947937,8004.78466796875,19.155689239501953,39.67322540283203,58.828914642333984,339.9688720703125,4.738370418548584
0.16631360352039337,37.81999969482422,1000.0,120.0,0.6631753444671631,0.021169105544686317,7.0,0.9987726211547852,0.9987726211547852,0.9987726211547852,0.021960020065307617,0.0001548000000184402,0.46977636218070984,2420000.0,-0.030003942549228668,0.0017110668122768402,-0.2757336497306824,0.005287576001137495,0.00039502931758761406,0.04356992617249489,1.6800631284713745,0.6000642776489258,3.613892078399658,8055.43115234375,22.466445922851562,28.15399742126465,50.620445251464844,395.0972900390625,4.940102577209473
-0.015062911435961723,23.540000915527344,1000.0,121.0,0.6547521948814392,0.020192446187138557,8.0,0.9987242817878723,0.9987242817878723,0.9987242817878723,0.02072998508810997,0.00015360000543296337,0.46582332253456116,2440000.0,-0.022930774837732315,0.007073167711496353,-0.23658689856529236,0.005672660190612078,0.00038508418947458267,0.021485663950443268,1.2754122018814087,-0.4046509265899658,3.0166258811950684,8106.0009765625,19.359695434570312,31.18702507019043,50.5477180480957,395.66571044921875,4.914978504180908
0.04574093222618103,20.65999984741211,1000.0,122.0,0.6403782963752747,0.021185263991355896,11.0,0.9967922568321228,0.9967922568321228,0.9967922568321228,0.019956205040216446,0.00015239999629557133,0.4591255784034729,2460000.0,-0.021763786673545837,0.0011669881641864777,0.21052901446819305,0.00613977899774909,0.0004671188071370125,0.02935480885207653,0.7912647128105164,-0.48414748907089233,3.0104920864105225,8168.84228515625,19.110126495361328,43.709232330322266,62.819358825683594,318.3731994628906,4.84613037109375
-0.08536878228187561,9.619999885559082,1000.0,123.0,0.629483163356781,0.020209865644574165,11.0,0.9993738532066345,0.9993738532066345,0.9993738532066345,0.02002502605319023,0.0001512000017100945,0.4541137218475342,2480000.0,-0.015538844279944897,0.006224942393600941,-0.02781629003584385,0.004954850301146507,-0.001184928696602583,0.03197598084807396,0.3834397494792938,-0.40782496333122253,1.824018955230713,8233.1875,20.16887855529785,44.15376281738281,64.32263946533203,310.9324951171875,4.610214710235596
-0.12045785039663315,5.420000076293945,1000.0,124.0,0.621263861656189,0.021010546013712883,7.0,0.9962107539176941,0.9962107539176941,0.9962107539176941,0.02112722024321556,0.0001500000071246177,0.4503985643386841,2500000.0,-0.01386119332164526,0.0016776509582996368,0.1894654780626297,0.006138218566775322,0.0011833682656288147,0.013527416624128819,0.37400010228157043,-0.009439647197723389,1.9739478826522827,8280.2607421875,19.368362426757812,27.680500030517578,47.04886245727539,425.0899658203125,4.3133649826049805
-0.0817071795463562,6.659999847412109,1000.0,125.0,0.6255422830581665,0.02149401791393757,9.0,1.0023682117462158,1.0023682117462158,1.0023682117462158,0.023164669051766396,0.00014879999798722565,0.45232290029525757,2520000.0,-0.024949247017502785,-0.011088053695857525,-0.03736450523138046,0.006136268377304077,-1.950189471244812e-06,0.03225897625088692,0.5968603491783142,0.22286024689674377,1.8788591623306274,8336.515625,20.40280532836914,35.82879638671875,56.23160171508789,355.671875,4.032987594604492
0.039625272154808044,8.5600004196167,1000.0,126.0,0.6270816326141357,0.021158458665013313,11.0,0.9997625946998596,0.9997625946998596,0.9997625946998596,0.022188350558280945,0.00014760000340174884,0.4530698359012604,2540000.0,-0.02011343277990818,0.0048358142375946045,-0.034450333565473557,0.004677637480199337,-0.0014586308971047401,0.015255923382937908,0.5876087546348572,-0.009251594543457031,1.3055299520492554,8399.876953125,19.253087997436523,44.086021423339844,63.339111328125,315.76068115234375,3.778486728668213
0.047529954463243484,13.600000381469727,1000.0,127.0,0.622633159160614,0.020041557028889656,1.0,0.9990556240081787,0.9990556240081787,0.9990556240081787,0.022733109071850777,0.0001463999942643568,0.4510648250579834,2560000.0,0.019583813846111298,0.03969724662601948,-0.21599437296390533,0.007104985415935516,0.0024273479357361794,0.019266024231910706,1.7171579599380493,1.1295492053031921,2.336325168609619,8426.892578125,22.874042510986328,4.116677284240723,26.990718841552734,740.9954833984375,3.623793363571167
-0.005507855210453272,10.819999694824219,1000.0,128.0,0.6155847311019897,0.021472636610269547,14.0,0.9959027767181396,0.9959027767181396,0.9959027767181396,0.02255520597100258,0.00014519999967887998,0.44789639115333557,2580000.0,-0.014593026600778103,-0.0341768404468894,-0.021266885101795197,0.004684198182076216,-0.0024207872338593006,0.027228286489844322,0.3089722990989685,-1.4081856608390808,1.9728590250015259,8501.869140625,19.75142478942871,55.206871032714844,74.95829772949219,266.8150329589844,3.4294345378875732
-0.0069657135754823685,13.84000015258789,1000.0,129.0,0.6093549132347107,0.026079129427671432,1.0,0.9996475577354431,0.9996475577354431,0.9996475577354431,0.02813844196498394,0.00014400000509340316,0.44518566131591797,2600000.0,0.02254294417798519,0.037135970778763294,-0.13165907561779022,0.00510665075853467,0.00042245257645845413,-0.014110890217125416,1.3516114950180054,1.0426391959190369,1.2281129360198975,8525.9091796875,20.095325469970703,3.918327808380127,24.013652801513672,832.8595581054688,3.283003568649292
0.254487544298172,10.460000038146973,1000.0,130.0,0.6088054776191711,0.020174888893961906,8.0,0.9987636208534241,0.9987636208534241,0.9987636208534241,0.02027113363146782,0.00014279999595601112,0.4450063407421112,2620000.0,-0.01968284323811531,-0.0422257874161005,-0.05771201476454735,0.007176417391747236,0.0020697666332125664,0.013220641762018204,0.4898918569087982,-0.8617196381092072,1.5710781812667847,8578.5390625,20.837440490722656,31.773181915283203,52.61062240600586,380.1513671875,3.0876142978668213
0.37545135617256165,11.800000190734863,1000.0,131.0,0.5967631340026855,0.02188851311802864,11.0,0.9980494976043701,0.9980494976043701,0.9980494976043701,0.020247003063559532,0.0001416000013705343,0.4396820068359375,2640000.0,-0.01790851354598999,0.0017743296921253204,0.1419326812028885,0.005612215958535671,-0.001564201433211565,0.02946189045906067,0.3390193283557892,-0.15087252855300903,1.8188093900680542,8644.4736328125,21.806041717529297,44.10619354248047,65.91223907470703,303.43377685546875,2.9148242473602295
0.39003342390060425,9.579999923706055,1000.0,132.0,0.5878233313560486,0.02142009511590004,9.0,0.99956876039505,0.99956876039505,0.99956876039505,0.02191067673265934,0.00014040000678505749,0.4358045756816864,2660000.0,-0.014703972265124321,0.0032045412808656693,-0.30096733570098877,0.006258085370063782,0.0006458694115281105,0.07515616714954376,0.5006364583969116,0.16161713004112244,1.112886667251587,8701.111328125,19.43334197998047,37.18114471435547,56.61448669433594,353.2664794921875,2.7107739448547363
0.19693776965141296,17.719999313354492,1000.0,133.0,0.583512544631958,0.020853973925113678,2.0,0.9999476671218872,0.9999476671218872,0.9999476671218872,0.024606037884950638,0.00013919999764766544,0.4339410364627838,2680000.0,0.01314463745802641,0.02784860972315073,0.15780068933963776,0.0052405293099582195,-0.0010175560601055622,0.043720271438360214,2.29097580909729,1.7903393507003784,1.439758062362671,8728.34765625,19.53598976135254,7.677231788635254,27.213220596313477,734.9368896484375,2.6313161849975586
0.22903966903686523,22.360000610351562,1000.0,134.0,0.590201199054718,0.0207115076482296,11.0,1.0031062364578247,1.0031062364578247,1.0031062364578247,0.02200055494904518,0.00013800000306218863,0.4369446039199829,2700000.0,-0.021869199350476265,-0.035013836808502674,0.056200556457042694,0.005656704772263765,0.0004161754623055458,0.016250045970082283,1.905421257019043,-0.38555455207824707,1.4793453216552734,8792.6357421875,20.630001068115234,43.637691497802734,64.26769256591797,311.1983642578125,2.621791124343872
0.2630097568035126,28.700000762939453,1000.0,135.0,0.590107262134552,0.020028626546263695,10.0,1.0027791261672974,1.0027791261672974,1.0027791261672974,0.021488558501005173,0.00013679999392479658,0.4369697570800781,2720000.0,-0.02798451855778694,-0.006115319207310677,0.06470239162445068,0.006300878711044788,0.000644173938781023,0.06081805378198624,0.93646639585495,-0.968954861164093,1.2480465173721313,8853.265625,20.887418746948242,39.7176399230957,60.60506057739258,330.0054626464844,2.7065224647521973
0.5686361789703369,24.940000534057617,1000.0,136.0,0.5910160541534424,0.020603902637958527,9.0,1.002547264099121,1.002547264099121,1.002547264099121,0.020770849660038948,0.00013559999933931977,0.4374695420265198,2740000.0,-0.0267785731703043,0.0012059453874826431,-0.034792184829711914,0.007617554161697626,0.0013166754506528378,0.05420055612921715,1.0224964618682861,0.08603006601333618,2.327507495880127,8908.8056640625,19.77117156982422,35.744873046875,55.51604080200195,360.2562255859375,2.7324671745300293
0.5424825549125671,22.479999542236328,1000.0,137.0,0.5863764882087708,0.02021944895386696,11.0,0.9990643262863159,0.9990643262863159,0.9990643262863159,0.019340593367815018,0.00013440000475384295,0.4354037940502167,2760000.0,-0.022892039269208908,0.0038865339010953903,-0.01782771199941635,0.004990905523300171,-0.002626648638397455,0.06292416900396347,0.6324669122695923,-0.39002954959869385,1.624330997467041,8975.279296875,22.531740188598633,43.914329528808594,66.4460678100586,300.9959716796875,2.720184564590454
0.4168049991130829,14.239999771118164,1000.0,138.0,0.5822935104370117,0.02083292044699192,10.0,0.9982312917709351,0.9982312917709351,0.9982312917709351,0.021566877141594887,0.0001331999956164509,0.4335396885871887,2780000.0,-0.021489400416612625,0.001402638852596283,-0.25144004821777344,0.004685184918344021,-0.00030572060495615005,0.04305170103907585,0.6645029783248901,0.03203606605529785,2.6200411319732666,9036.60546875,21.84206199645996,39.46049880981445,61.30256271362305,326.2506408691406,2.5836563110351562
0.21828052401542664,16.780000686645508,1000.0,139.0,0.5752031207084656,0.02082177810370922,9.0,1.0024076700210571,1.0024076700210571,1.0024076700210571,0.022235216572880745,0.0001320000010309741,0.4303159713745117,2800000.0,-0.022259604185819626,-0.0007702037692070007,-0.016512908041477203,0.004954521078616381,0.00026933616027235985,0.06909006088972092,1.1941766738891602,0.52967369556427,2.4989616870880127,9095.2060546875,20.48379898071289,38.09187698364258,58.57567596435547,341.43865966796875,2.4866743087768555
0.34553539752960205,13.140000343322754,1000.0,140.0,0.5632987022399902,0.02164509892463684,13.0,0.9996358156204224,0.9996358156204224,0.9996358156204224,0.019936492666602135,0.00013080000644549727,0.4252468943595886,2820000.0,-0.018238456919789314,0.004021147266030312,-0.06834574043750763,0.0052355146035552025,0.0002809935249388218,0.020217575132846832,0.39612987637519836,-0.7980467975139618,2.1375582218170166,9167.3017578125,19.319007873535156,52.75337219238281,72.07238006591797,277.4988098144531,2.3358314037323
0.3823855221271515,18.760000228881836,1000.0,141.0,0.557740330696106,0.02170807309448719,8.0,0.9995996356010437,0.9995996356010437,0.9995996356010437,0.02196568064391613,0.00012959999730810523,0.4228179156780243,2840000.0,-0.018849579617381096,-0.0006111226975917816,-0.1968287229537964,0.007378688547760248,0.0021431739442050457,0.07191789150238037,0.7403303384780884,0.34420046210289,2.005781888961792,9219.556640625,20.227506637573242,32.002281188964844,52.22978591918945,382.92327880859375,2.2709007263183594
0.2607990801334381,18.899999618530273,1000.0,142.0,0.5539621710777283,0.020698584616184235,10.0,1.0002198219299316,1.0002198219299316,1.0002198219299316,0.021604355424642563,0.00012840000272262841,0.42116114497184753,2860000.0,-0.02904161624610424,-0.010192036628723145,-0.2883376479148865,0.005542056635022163,-0.0018366319127380848,0.05912887677550316,0.7909854650497437,0.05065512657165527,3.0859110355377197,9281.28125,21.71910858154297,39.98372268676758,61.70283126831055,324.1342468261719,2.2100279331207275
0.21269351243972778,22.100000381469727,1000.0,143.0,0.5443822145462036,0.022508060559630394,10.0,0.9986160397529602,0.9986160397529602,0.9986160397529602,0.021379703655838966,0.00012719999358523637,0.41713497042655945,2880000.0,-0.022740881890058517,0.006300734356045723,-0.22423453629016876,0.005914382170885801,0.0003723255358636379,0.061535876244306564,0.5962739586830139,-0.19471150636672974,2.83290696144104,9342.677734375,20.935993194580078,40.437416076660156,61.373409271240234,325.8740234375,2.197507381439209
0.18209165334701538,21.360000610351562,1000.0,144.0,0.5289868116378784,0.020980557426810265,10.0,0.9998878240585327,0.9998878240585327,0.9998878240585327,0.021267957985401154,0.00012599999899975955,0.4107504189014435,2900000.0,-0.023946065455675125,-0.0012051835656166077,-0.09009280800819397,0.006569258403033018,0.0006548762321472168,0.1033971905708313,0.5812972187995911,-0.014976739883422852,2.608947992324829,9404.9033203125,21.24043083190918,40.96121597290039,62.2016487121582,321.5348815917969,2.17037296295166
0.45481956005096436,11.859999656677246,1000.0,145.0,0.5072352886199951,0.023053983226418495,11.0,0.9980097413063049,0.9980097413063049,0.9980097413063049,0.020748870447278023,0.00012480000441428274,0.401938796043396,2920000.0,-0.021177107468247414,0.0027689579874277115,0.007454497739672661,0.006836702115833759,0.0002674437128007412,0.09676230698823929,0.6282975673675537,0.047000348567962646,2.7618916034698486,9469.5244140625,19.930343627929688,44.668128967285156,64.59847259521484,309.6048278808594,1.9977033138275146
0.38412439823150635,10.880000114440918,1000.0,146.0,0.4961192011833191,0.02185104973614216,1.0,0.9991333484649658,0.9991333484649658,0.9991333484649658,0.021925654262304306,0.0001235999952768907,0.3974987864494324,2940000.0,0.013935873284935951,0.035112980753183365,0.10855162143707275,0.006170906592160463,-0.000665795523673296,0.09739730507135391,1.5966529846191406,0.9683554172515869,2.6832275390625,9494.234375,20.733352661132812,3.951599359512329,24.684951782226562,810.210205078125,1.8154690265655518
0.328276664018631,6.78000020980835,1000.0,147.0,0.49254709482192993,0.020558131858706474,16.0,0.9972144365310669,0.9972144365310669,0.9972144365310669,0.02034718729555607,0.00012240000069141388,0.39604806900024414,2960000.0,-0.014541313983500004,-0.028477187268435955,-0.017098940908908844,0.004986058454960585,-0.0011848481371998787,0.09087726473808289,0.30710944533348083,-1.2895435392856598,3.0540366172790527,9579.1259765625,20.050905227661133,64.82160186767578,84.87250518798828,235.64756774902344,1.5737863779067993
0.2584083080291748,22.860000610351562,1000.0,148.0,0.49739429354667664,0.021068992093205452,5.0,1.0007219314575195,1.0007219314575195,1.0007219314575195,0.02093992568552494,0.00012119999882997945,0.3979315161705017,2980000.0,-0.01764736883342266,-0.003106054849922657,0.43708574771881104,0.004266809672117233,-0.0007192487828433514,0.07526681572198868,0.6802359819412231,0.3731265366077423,2.9509551525115967,9620.728515625,21.715261459350586,19.859756469726562,41.57501983642578,481.05810546875,1.5762779712677002
0.434722900390625,24.959999084472656,1000.0,149.0,0.48925572633743286,0.020319528877735138,12.0,0.9983450770378113,0.9983450770378113,0.9983450770378113,0.019804811105132103,0.00011999999696854502,0.39469289779663086,3000000.0,-0.02510501630604267,-0.00745764747262001,-0.16481947898864746,0.005583388730883598,0.001316579058766365,0.09974422305822372,0.6812453866004944,0.0010094046592712402,3.292107343673706,9691.572265625,21.301753997802734,49.51988220214844,70.82164001464844,282.3995666503906,1.6090748310089111
0.7423385381698608,29.81999969482422,1000.0,150.0,0.47641274333000183,0.020757105201482773,9.0,0.9984126687049866,0.9984126687049866,0.9984126687049866,0.021062582731246948,0.0001188000023830682,0.3896491825580597,3020000.0,-0.020435377955436707,0.004669638350605965,0.030958153307437897,0.008221703581511974,0.002638314850628376,0.13339482247829437,0.8132532835006714,0.132007896900177,3.1588921546936035,9747.271484375,19.997486114501953,35.67708969116211,55.67457580566406,359.23040771484375,1.7131119966506958
0.9091167449951172,31.600000381469727,1000.0,151.0,0.46950075030326843,0.021857136860489845,10.0,1.002522587776184,1.002522587776184,1.002522587776184,0.02076246589422226,0.00011760000052163377,0.3869694471359253,3040000.0,-0.021015720441937447,-0.00058034248650074,-0.04343758150935173,0.005863049533218145,-0.002358654048293829,0.13655579090118408,0.49006542563438416,-0.32318785786628723,2.2784509658813477,9810.4794921875,22.124998092651367,41.05818557739258,63.18318176269531,316.5399169921875,1.8470218181610107
0.8269598484039307,12.880000114440918,1000.0,152.0,0.4538598358631134,0.02084885723888874,12.0,0.9986280798912048,0.9986280798912048,0.9986280798912048,0.020136548206210136,0.00011639999866019934,0.3809756338596344,3060000.0,-0.013623925857245922,0.0073917945846915245,0.021639615297317505,0.006486823782324791,0.0006237742491066456,0.12192665785551071,0.5043362379074097,0.014270812273025513,2.2224011421203613,9879.8759765625,21.350540161132812,48.02273178100586,69.3732681274414,288.29547119140625,1.6877615451812744
0.7008053660392761,10.039999961853027,1000.0,153.0,0.43887683749198914,0.020157305523753166,11.0,0.9980428814888,0.9980428814888,0.9980428814888,0.020451145246624947,0.00011519999679876491,0.3753128945827484,3080000.0,-0.014676660299301147,-0.0010527344420552254,0.06335186213254929,0.0054648867808282375,-0.0010219370014965534,0.13755711913108826,0.29878801107406616,-0.2055482268333435,1.9718736410140991,9947.4443359375,23.11778450012207,44.420372009277344,67.53916931152344,296.1244812011719,1.488290786743164
0.7729216814041138,13.699999809265137,1000.0,154.0,0.43168970942497253,0.02127286046743393,8.0,1.0022518634796143,1.0022518634796143,1.0022518634796143,0.0231812484562397,0.0001140000022132881,0.372610867023468,3100000.0,-0.02201136015355587,-0.007334699854254723,-0.2297210395336151,0.006628126371651888,0.0011632395908236504,0.11451342701911926,0.7436450123786926,0.44485700130462646,2.064858913421631,10000.42578125,21.63725471496582,31.321123123168945,52.958377838134766,377.65509033203125,1.348737120628357
0.7308164238929749,38.13999938964844,1000.0,155.0,0.4338528513908386,0.0216848012059927,13.0,1.0039502382278442,1.0039502382278442,1.0039502382278442,0.022019408643245697,0.00011280000035185367,0.37344124913215637,3120000.0,-0.04260649159550667,-0.020595131441950798,-0.16678209602832794,0.006256108172237873,-0.0003720181994140148,0.1761215627193451,1.5374886989593506,0.793843686580658,3.575976610183716,10075.7119140625,22.120834350585938,53.141563415527344,75.26239776611328,265.7369384765625,1.5834479331970215
0.6854709386825562,36.81999969482422,1000.0,156.0,0.4211554527282715,0.022190958261489868,16.0,0.9980121850967407,0.9980121850967407,0.9980121850967407,0.018977090716362,0.00011159999849041924,0.36874842643737793,3140000.0,-0.01919710263609886,0.023409388959407806,-0.018991874530911446,0.004877448547631502,-0.001378659624606371,0.11671516299247742,0.3905988335609436,-1.146889865398407,3.2837648391723633,10164.134765625,21.751144409179688,66.6446304321289,88.3957748413086,226.25515747070312,1.7998263835906982
0.5976503491401672,35.7400016784668,1000.0,157.0,0.40680667757987976,0.020016023889183998,10.0,1.0003536939620972,1.0003536939620972,1.0003536939620972,0.02199017070233822,0.00011039999662898481,0.3634892702102661,3160000.0,-0.02214827388525009,-0.00295117124915123,0.041464805603027344,0.006552036385983229,0.0016745878383517265,0.12370097637176514,0.5097425580024719,0.11914372444152832,2.0877132415771484,10225.6669921875,19.886552810668945,41.61738967895508,61.50394058227539,325.1824035644531,1.9966059923171997
0.3625079095363617,11.779999732971191,1000.0,158.0,0.3998763859272003,0.020145906135439873,7.0,1.0018786191940308,1.0018786191940308,1.0018786191940308,0.021822912618517876,0.00010920000204350799,0.3609664738178253,3180000.0,-0.020609287545084953,0.0015389863401651382,0.1585100293159485,0.006120704580098391,-0.0004313318058848381,0.125459685921669,1.4791038036346436,0.9693612456321716,2.3945767879486084,10274.8876953125,21.014402389526367,28.182355880737305,49.19675827026367,406.5308532714844,1.809496521949768
0.43544936180114746,12.420000076293945,1000.0,159.0,0.39306721091270447,0.020423900336027145,10.0,0.9987900853157043,0.9987900853157043,0.9987900853157043,0.020860809832811356,0.00010800000018207356,0.3585209846496582,3200000.0,-0.018487926572561264,0.0021213609725236893,-0.03613082319498062,0.006525571458041668,0.00040486687794327736,0.1685386598110199,0.5914416313171387,-0.8876621723175049,2.3918161392211914,10338.04296875,22.893966674804688,40.23542022705078,63.12938690185547,316.8096618652344,1.634002447128296
0.3902476131916046,12.699999809265137,1000.0,160.0,0.38012784719467163,0.021798044443130493,11.0,1.00026535987854,1.00026535987854,1.00026535987854,0.020795652642846107,0.00010679999832063913,0.3539242148399353,3220000.0,-0.016964826732873917,0.0015230998396873474,-0.29381728172302246,0.0055140359327197075,-0.0010115355253219604,0.09712854027748108,0.7727561593055725,0.18131452798843384,2.2418274879455566,10403.5283203125,19.65167236328125,45.80750274658203,65.45917510986328,305.533935546875,1.4629032611846924
0.46051037311553955,9.65999984741211,1000.0,161.0,0.3751339018344879,0.02090618573129177,8.0,1.000616192817688,1.000616192817688,1.000616192817688,0.02149335853755474,0.0001055999964592047,0.3521689474582672,3240000.0,-0.02004048600792885,-0.0030756592750549316,-0.31728890538215637,0.006735413800925016,0.001221377868205309,0.14208993315696716,0.5601176023483276,-0.21263855695724487,2.3897154331207275,10457.3134765625,20.43631362915039,33.32276153564453,53.75907516479492,372.03021240234375,1.2492212057113647
0.669746994972229,8.5600004196167,1000.0,162.0,0.36279696226119995,0.02174379862844944,13.0,0.9969521164894104,0.9969521164894104,0.9969521164894104,0.019523274153470993,0.00010440000187372789,0.3478412330150604,3260000.0,-0.013027542270720005,0.007012943737208843,-0.02488616853952408,0.00913410633802414,0.002398692537099123,0.1280590295791626,0.2791224420070648,-0.2809951603412628,2.728306293487549,10530.9208984375,19.93165397644043,53.652503967285156,73.58415985107422,271.7976379394531,1.0300010442733765
0.7867048382759094,7.059999942779541,1000.0,163.0,0.3552273213863373,0.024652741849422455,1.0,1.001234531402588,1.001234531402588,1.001234531402588,0.020955890417099,0.00010320000001229346,0.34522467851638794,3280000.0,0.009615611284971237,0.022643153555691242,-0.1625482141971588,0.007529412396252155,-0.001604693941771984,0.13686524331569672,0.6766072511672974,0.39748480916023254,1.9221901893615723,10556.4560546875,21.41091537475586,4.094893455505371,25.505807876586914,784.1351318359375,0.7910218238830566
0.6497559547424316,9.880000114440918,1000.0,164.0,0.35115110874176025,0.020880121737718582,12.0,1.0011422634124756,1.0011422634124756,1.0011422634124756,0.021220240741968155,0.00010199999815085903,0.3438296318054199,3300000.0,-0.023221855983138084,-0.03283746726810932,-0.12226473540067673,0.005736710038036108,-0.0017927023582160473,0.11353820562362671,1.120202898979187,0.44359564781188965,1.8822017908096313,10626.0556640625,21.19549560546875,48.38379669189453,69.57929229736328,287.44183349609375,0.5973215699195862
0.6157761216163635,13.380000114440918,1000.0,165.0,0.33772140741348267,0.020901912823319435,10.0,0.9971950054168701,0.9971950054168701,0.9971950054168701,0.01987559348344803,0.00010080000356538221,0.33921244740486145,3320000.0,-0.017020169645547867,0.006201686337590218,-0.04129068925976753,0.007195165380835533,0.0014584553427994251,0.12795214354991913,0.7144050002098083,-0.40579789876937866,1.9047318696975708,10689.7900390625,22.67974853515625,41.028968811035156,63.708717346191406,313.92877197265625,0.4582463502883911
0.6569639444351196,22.440000534057617,1000.0,166.0,0.33109086751937866,0.020014354959130287,10.0,0.9981399178504944,0.9981399178504944,0.9981399178504944,0.02078227326273918,9.960000170394778e-05,0.3369475305080414,3340000.0,-0.020403089001774788,-0.003382919356226921,-0.07175347954034805,0.005995749030262232,-0.0011994163505733013,0.11063820868730545,0.7663277983665466,0.05192279815673828,1.9061802625656128,10751.9921875,21.813039779663086,40.36272048950195,62.17576217651367,321.66876220703125,0.45621487498283386
0.9509661197662354,28.040000915527344,1000.0,167.0,0.32427865266799927,0.020948464050889015,12.0,1.0026415586471558,1.0026415586471558,1.0026415586471558,0.021431859582662582,9.839999984251335e-05,0.3346562087535858,3360000.0,-0.023241963237524033,-0.0028388742357492447,0.11708580702543259,0.006544663105159998,0.0005489140748977661,0.1345691829919815,1.3423985242843628,0.5760707259178162,2.709420919418335,10822.466796875,22.05620002746582,48.39348602294922,70.45068359375,283.88653564453125,0.5370050072669983
1.1050710678100586,49.0,1000.0,168.0,0.31656232476234436,0.02130689099431038,11.0,1.0032932758331299,1.0032932758331299,1.0032932758331299,0.022123387083411217,9.719999798107892e-05,0.33208170533180237,3380000.0,-0.0347011461853981,-0.01145918294787407,0.05004454404115677,0.007608405314385891,0.001063742209225893,0.12036406248807907,2.5794506072998047,1.237052083015442,2.8181071281433105,10888.4228515625,20.34107208251953,45.591129302978516,65.93220520019531,303.3419189453125,0.9296755790710449
0.960640013217926,50.779998779296875,1000.0,169.0,0.3126257658004761,0.02073829434812069,10.0,0.9998680949211121,0.9998680949211121,0.9998680949211121,0.02051757089793682,9.600000339560211e-05,0.33078137040138245,3400000.0,-0.030994117259979248,0.0037070289254188538,0.1310518980026245,0.006987052038311958,-0.0006213532760739326,0.13223016262054443,0.9765233397483826,-1.6029272675514221,2.779733896255493,10949.44921875,20.29227066040039,40.710350036621094,61.002620697021484,327.8547668457031,1.352462649345398
0.8537713885307312,48.619998931884766,1000.0,170.0,0.30066362023353577,0.020623663440346718,11.0,1.002843976020813,1.002843976020813,1.002843976020813,0.020782383158802986,9.480000153416768e-05,0.326845645904541,3420000.0,-0.031344108283519745,-0.0003499910235404968,-0.13451287150382996,0.009176825173199177,0.0021897731348872185,0.094312384724617,0.9817241430282593,0.005200803279876709,2.0942234992980957,11015.8466796875,22.726579666137695,43.64678192138672,66.3743667602539,301.3211669921875,1.7415103912353516
0.8404086232185364,30.979999542236328,1000.0,171.0,0.295401394367218,0.020294955000281334,8.0,0.9989361763000488,0.9989361763000488,0.9989361763000488,0.021303774788975716,9.359999967273325e-05,0.3251301646232605,3440000.0,-0.026486584916710854,0.004857523366808891,0.3068607449531555,0.00869802013039589,-0.0004788050428032875,0.13873304426670074,0.9152672290802002,-0.06645691394805908,3.4301917552948,11069.701171875,20.98833465576172,32.84296417236328,53.831298828125,371.53106689453125,1.8510156869888306
0.7390164136886597,25.18000030517578,1000.0,172.0,0.2939333915710449,0.02078349143266678,13.0,1.001225471496582,1.001225471496582,1.001225471496582,0.020249130204319954,9.239999781129882e-05,0.3246557116508484,3460000.0,-0.03409267216920853,-0.007606087252497673,-0.23100534081459045,0.006891513708978891,-0.001806506421416998,0.0872744545340538,1.166703462600708,0.2514362335205078,2.398805618286133,11144.5859375,21.695533752441406,53.16676712036133,74.86229705810547,267.15716552734375,1.8686857223510742
0.820671558380127,27.3799991607666,1000.0,173.0,0.2892206907272339,0.020486602559685707,12.0,1.0000196695327759,1.0000196695327759,1.0000196695327759,0.020311405882239342,9.1200003225822e-05,0.3231256306171417,3480000.0,-0.032040417194366455,0.0020522549748420715,0.0714138001203537,0.007622245233505964,0.0007307315245270729,0.13617371022701263,1.064986228942871,-0.10171723365783691,2.832465171813965,11215.8974609375,22.174541473388672,49.11238479614258,71.28692626953125,280.5563659667969,1.920412302017212
0.8597705960273743,20.65999984741211,1000.0,174.0,0.27701255679130554,0.02233903482556343,13.0,0.9971026182174683,0.9971026182174683,0.9971026182174683,0.019468098878860474,9.000000136438757e-05,0.3192085325717926,3500000.0,-0.01909004896879196,0.012950368225574493,0.0223418939858675,0.007024068851023912,-0.0005981763824820518,0.16188837587833405,0.4453037977218628,-0.6196824312210083,2.8791418075561523,11291.673828125,22.343795776367188,53.408023834228516,75.75282287597656,264.0165710449219,1.8651725053787231
1.2194886207580566,21.760000228881836,1000.0,175.0,0.26771366596221924,0.021229350939393044,8.0,1.000551700592041,1.000551700592041,1.000551700592041,0.02150559052824974,8.879999950295314e-05,0.3162534236907959,3520000.0,-0.02180999144911766,-0.002719942480325699,-0.1974688023328781,0.0070051043294370174,-1.896452158689499e-05,0.1788054257631302,0.5926600098609924,0.14735621213912964,2.683687210083008,11345.3486328125,21.385236740112305,32.26333999633789,53.64857864379883,372.79644775390625,1.8258247375488281
1.154370903968811,14.779999732971191,1000.0,176.0,0.25796860456466675,0.02053813263773918,13.0,0.9989850521087646,0.9989850521087646,0.9989850521087646,0.020275255665183067,8.759999764151871e-05,0.31319454312324524,3540000.0,-0.017040500417351723,0.004769491031765938,-0.09995310753583908,0.006957466714084148,-4.7637615352869034e-05,0.16526852548122406,0.884093165397644,0.2914331555366516,2.4491031169891357,11422.5322265625,24.45231056213379,52.706912994384766,77.15922546386719,259.2042541503906,1.6741043329238892
0.9235622882843018,16.5,1000.0,177.0,0.25714096426963806,0.02000252902507782,9.0,0.9981298446655273,0.9981298446655273,0.9981298446655273,0.021583810448646545,8.64000030560419e-05,0.31292837858200073,3560000.0,-0.02340397797524929,-0.006363477557897568,-0.002099987119436264,0.006934992503374815,-2.247421070933342e-05,0.15668277442455292,0.751410186290741,-0.13268297910690308,2.2994279861450195,11481.3583984375,21.955524444580078,36.843807220458984,58.79933166503906,340.1399230957031,1.5487200021743774
0.7972666025161743,19.420000076293945,1000.0,178.0,0.2615242004394531,0.0201876237988472,9.0,1.0006344318389893,1.0006344318389893,1.0006344318389893,0.022392433136701584,8.520000119460747e-05,0.3142993748188019,3580000.0,-0.02446049079298973,-0.0010565128177404404,-0.17499639093875885,0.007571149151772261,0.0006361566483974457,0.20825634896755219,1.833031177520752,1.081620991230011,3.122407913208008,11541.4052734375,22.597597122192383,37.42506408691406,60.02266311645508,333.2074890136719,1.460134744644165
1.0258305072784424,25.540000915527344,1000.0,179.0,0.260536253452301,0.020649883896112442,12.0,1.0014595985412598,1.0014595985412598,1.0014595985412598,0.02099270559847355,8.399999933317304e-05,0.3139888644218445,3600000.0,-0.03233954682946205,-0.00787905603647232,-0.14677545428276062,0.00833467673510313,0.0007635275833308697,0.20947487652301788,2.210502862930298,0.3774716854095459,2.564723491668701,11611.0830078125,21.19686508178711,48.45652389526367,69.65338897705078,287.1360778808594,1.4671589136123657
0.9773998856544495,27.139999389648438,1000.0,180.0,0.25526562333106995,0.02078961208462715,15.0,1.0018854141235352,1.0018854141235352,1.0018854141235352,0.019400764256715775,8.27999974717386e-05,0.31233862042427063,3620000.0,-0.028443075716495514,0.0038964711129665375,-0.1096770390868187,0.0078042238019406796,-0.0005304529331624508,0.1704091876745224,0.5235564112663269,-1.686946451663971,2.019810199737549,11694.125,20.9554443359375,62.059425354003906,83.015869140625,240.91778564453125,1.5005558729171753
1.0807924270629883,31.0,1000.0,181.0,0.24702188372612,0.02368399128317833,9.0,1.0010545253753662,1.0010545253753662,1.0010545253753662,0.02195279486477375,8.160000288626179e-05,0.3097732961177826,3640000.0,-0.030490389093756676,-0.002047313377261162,-0.3092150092124939,0.008766098879277706,0.0009618750773370266,0.21875979006290436,0.9605253338813782,0.43696892261505127,3.566132068634033,11753.21484375,19.93062400817871,39.133644104003906,59.06427001953125,338.61419677734375,1.6014189720153809
1.0486371517181396,22.020000457763672,1000.0,182.0,0.23745228350162506,0.0211466234177351,11.0,0.9996519684791565,0.9996519684791565,0.9996519684791565,0.019689306616783142,8.040000102482736e-05,0.3068266212940216,3660000.0,-0.021700996905565262,0.008789392188191414,-0.009677063673734665,0.008643076755106449,-0.00012302212417125702,0.23333725333213806,0.6782293319702148,-0.28229600191116333,2.8636229038238525,11820.390625,20.821157455444336,46.331138610839844,67.15229797363281,297.8304748535156,1.5655388832092285
1.270066261291504,24.600000381469727,1000.0,183.0,0.22948049008846283,0.02239096350967884,9.0,1.001491665840149,1.001491665840149,1.001491665840149,0.02030121721327305,7.919999916339293e-05,0.30439040064811707,3680000.0,-0.021063029766082764,0.0006379671394824982,0.11197978258132935,0.007258237339556217,-0.001384839415550232,0.18145190179347992,1.0418264865875244,0.36359715461730957,2.639061450958252,11879.291015625,21.457002639770508,37.416053771972656,58.87305450439453,339.7139892578125,1.5686627626419067
1.3305609226226807,26.920000076293945,1000.0,184.0,0.2312268167734146,0.021183017641305923,10.0,1.0011048316955566,1.0011048316955566,1.0011048316955566,0.020397167652845383,7.79999973019585e-05,0.3049294054508209,3700000.0,-0.02715272456407547,-0.006089694797992706,0.17802685499191284,0.007153114303946495,-0.00010512303560972214,0.13676992058753967,2.068673849105835,1.0268473625183105,3.7882983684539795,11942.0283203125,21.3400821685791,41.374332427978516,62.714412689208984,318.90594482421875,1.6062304973602295
1.2806458473205566,26.139999389648438,1000.0,185.0,0.22081786394119263,0.02010808140039444,14.0,0.9990764856338501,0.9990764856338501,0.9990764856338501,0.02055503986775875,7.680000271648169e-05,0.3017672598361969,3720000.0,-0.032628074288368225,-0.005475349724292755,-0.24697481095790863,0.007088577840477228,-6.453646346926689e-05,0.1767200380563736,0.753920316696167,-1.314753532409668,2.455406904220581,12020.6015625,20.90127182006836,57.646141052246094,78.54841613769531,254.6200408935547,1.6332980394363403
1.2865207195281982,24.920000076293945,1000.0,186.0,0.21375559270381927,0.021200304850935936,14.0,1.0001046657562256,1.0001046657562256,1.0001046657562256,0.021693706512451172,7.560000085504726e-05,0.2996397912502289,3740000.0,-0.036459390074014664,-0.0038313157856464386,0.28727543354034424,0.008400083519518375,0.0013115056790411472,0.21680448949337006,0.7339566946029663,-0.019963622093200684,2.8887946605682373,12099.384765625,21.16217803955078,57.59476852416992,78.75694274902344,253.94586181640625,1.6442339420318604
1.0735925436019897,21.399999618530273,1000.0,187.0,0.20515146851539612,0.020573625341057777,12.0,1.0013989210128784,1.0013989210128784,1.0013989210128784,0.020599551498889923,7.439999899361283e-05,0.2970762550830841,3760000.0,-0.029941674321889877,0.006517715752124786,0.06296592950820923,0.006883431691676378,-0.0015166518278419971,0.1387932300567627,1.0355021953582764,0.30154550075531006,3.5188543796539307,12171.0,21.353662490844727,50.23588180541992,71.58954620361328,279.37042236328125,1.5991631746292114
1.0083612203598022,39.63999938964844,1000.0,188.0,0.2025083303451538,0.02050790749490261,15.0,1.0051170587539673,1.0051170587539673,1.0051170587539673,0.021293165162205696,7.31999971321784e-05,0.2962868809700012,3780000.0,-0.046574681997299194,-0.016633007675409317,0.49087440967559814,0.007306265644729137,0.00042283395305275917,0.17555978894233704,1.4307702779769897,0.3952680826187134,4.100800037384033,12256.3310546875,22.88455581665039,62.418819427490234,85.30437469482422,234.45455932617188,1.8358057737350464
1.1844068765640259,38.060001373291016,1000.0,189.0,0.1942514181137085,0.0200112946331501,13.0,0.9988794922828674,0.9988794922828674,0.9988794922828674,0.020254390314221382,7.200000254670158e-05,0.2938512861728668,3800000.0,-0.033379316329956055,0.01319536566734314,0.017849426716566086,0.008728480897843838,0.0014222152531147003,0.197233647108078,1.065880298614502,-0.3648899793624878,5.056468963623047,12331.8125,21.594186782836914,53.858909606933594,75.45309448242188,265.0653381347656,2.040386438369751
1.2130404710769653,38.20000076293945,1000.0,190.0,0.17870208621025085,0.0202463511377573,17.0,1.0027532577514648,1.0027532577514648,1.0027532577514648,0.020093413069844246,7.080000068526715e-05,0.289323627948761,3820000.0,-0.02700606733560562,0.006373248994350433,0.2998737394809723,0.0068774051032960415,-0.0018510757945477962,0.21298596262931824,0.7702705264091492,-0.2956097722053528,3.700800895690918,12421.9677734375,20.685762405395508,69.44451904296875,90.13027954101562,221.90101623535156,2.242637872695923
1.279862403869629,32.20000076293945,1000.0,191.0,0.1713552325963974,0.020804181694984436,11.0,1.0016084909439087,1.0016084909439087,1.0016084909439087,0.02125990204513073,6.959999882383272e-05,0.28720006346702576,3840000.0,-0.049550022929906845,-0.022543955594301224,-0.051679953932762146,0.007920668460428715,0.0010432633571326733,0.20175625383853912,1.1531037092208862,0.38283318281173706,4.05583381652832,12489.0908203125,22.12114715576172,44.9723014831543,67.09445190429688,298.0872497558594,2.346446990966797
1.0477664470672607,39.959999084472656,1000.0,192.0,0.16708405315876007,0.02011457271873951,14.0,0.9994439482688904,0.9994439482688904,0.9994439482688904,0.019353145733475685,6.839999696239829e-05,0.285977840423584,3860000.0,-0.04043586924672127,0.009114153683185577,0.1438133716583252,0.006916714832186699,-0.0010039536282420158,0.16938097774982452,0.9035607576370239,-0.2495429515838623,4.043595790863037,12569.29296875,21.94341278076172,58.2338981628418,80.17730712890625,249.44712829589844,2.5734353065490723
1.3725805282592773,46.439998626708984,1000.0,193.0,0.15186651051044464,0.02081342227756977,11.0,0.9948495030403137,0.9948495030403137,0.9948495030403137,0.019424615427851677,6.720000237692147e-05,0.28166016936302185,3880000.0,-0.03835708275437355,0.0020787864923477173,0.04439948499202728,0.0071800872683525085,0.00026337243616580963,0.23124250769615173,0.8176459074020386,-0.08591485023498535,5.980014324188232,12637.2275390625,20.848583221435547,47.05866241455078,67.90724182128906,294.5193786621094,2.895704507827759
1.124995231628418,24.81999969482422,1000.0,194.0,0.1431686282157898,0.02038482017815113,18.0,0.9973161220550537,0.9973161220550537,0.9973161220550537,0.019568899646401405,6.600000051548705e-05,0.27922162413597107,3900000.0,-0.02786405198276043,0.010493030771613121,0.13387176394462585,0.006824065465480089,-0.00035602180287241936,0.16496159136295319,0.478289395570755,-0.33935651183128357,4.250054359436035,12732.697265625,20.11610984802246,75.32708740234375,95.44319915771484,209.54872131347656,2.876310110092163
1.314631700515747,22.139999389648438,1000.0,195.0,0.13123472034931183,0.02060108631849289,12.0,1.0012738704681396,1.0012738704681396,1.0012738704681396,0.02062981203198433,6.479999865405262e-05,0.27591922879219055,3920000.0,-0.035554416477680206,-0.007690364494919777,-0.19151853024959564,0.00768502801656723,0.000860962551087141,0.23350009322166443,0.5217505693435669,0.04346117377281189,3.445169448852539,12803.5693359375,20.006122589111328,50.838172912597656,70.84429931640625,282.30926513671875,2.816645383834839
1.1035428047180176,28.799999237060547,1000.0,196.0,0.1264125406742096,0.021426783874630928,14.0,1.005399227142334,1.005399227142334,1.005399227142334,0.02049228549003601,6.359999679261819e-05,0.27459320425987244,3940000.0,-0.033488549292087555,0.0020658671855926514,0.058239296078681946,0.007040464784950018,-0.0006445632316172123,0.1396218091249466,0.704191267490387,0.18244069814682007,4.016706466674805,12884.619140625,22.272411346435547,58.75113296508789,81.02354431152344,246.84182739257812,2.8623738288879395
1.3319882154464722,28.959999084472656,1000.0,197.0,0.11978258937597275,0.020694542676210403,17.0,1.0013060569763184,1.0013060569763184,1.0013060569763184,0.01989993266761303,6.240000220714137e-05,0.2727698087692261,3960000.0,-0.031064661219716072,0.002423888072371483,-0.028445255011320114,0.008611639961600304,0.0015711751766502857,0.1916332095861435,0.6771285533905029,-0.027062714099884033,3.995814800262451,12975.484375,20.20892333984375,70.62981414794922,90.83873748779297,220.17037963867188,2.9119560718536377
1.2638341188430786,32.5,1000.0,198.0,0.10788961499929428,0.02038899064064026,17.0,1.0041556358337402,1.0041556358337402,1.0041556358337402,0.01982884667813778,6.120000034570694e-05,0.2695402503013611,3980000.0,-0.032630886882543564,-0.0015662256628274918,-0.06465138494968414,0.008911492303013802,0.0002998523414134979,0.14904658496379852,0.5492963790893555,-0.12783217430114746,2.8766448497772217,13067.4501953125,21.33316421508789,70.60523223876953,91.93839263916016,217.53697204589844,3.006788969039917
1.2463791370391846,28.799999237060547,1000.0,199.0,0.10735325515270233,0.020067105069756508,15.0,1.004639983177185,1.004639983177185,1.004639983177185,0.021216778084635735,5.999999848427251e-05,0.2693997025489807,4000000.0,-0.049882132560014725,-0.01725124567747116,0.21631290018558502,0.007261993363499641,-0.0016494989395141602,0.19039057195186615,1.4528638124465942,0.9035674333572388,3.36633038520813,13150.3212890625,20.580839157104492,62.263587951660156,82.84442901611328,241.41635131835938,3.0440704822540283
1.0209537744522095,38.2400016784668,1000.0,200.0,0.10823381692171097,0.02293534390628338,19.0,1.0044584274291992,1.0044584274291992,1.0044584274291992,0.020120620727539062,5.880000026081689e-05,0.26964452862739563,4020000.0,-0.04312080889940262,0.006761323660612106,-0.14023052155971527,0.006200351752340794,-0.0010616416111588478,0.18642087280750275,0.563085675239563,-0.8897781372070312,3.648503541946411,13249.4287109375,20.806133270263672,78.27435302734375,99.08049011230469,201.85609436035156,3.227637767791748
1.0447059869766235,47.279998779296875,1000.0,201.0,0.10951486229896545,0.021385887637734413,18.0,1.0043669939041138,1.0043669939041138,1.0043669939041138,0.021084783598780632,5.759999839938246e-05,0.26998698711395264,4040000.0,-0.03808344528079033,0.005037363618612289,-0.22215181589126587,0.006666528061032295,0.0004661763086915016,0.2136695384979248,1.241614818572998,0.6785291433334351,3.8164050579071045,13345.2724609375,21.66278839111328,74.15280151367188,95.81558990478516,208.7342987060547,3.5517666339874268
1.1945064067840576,39.5,1000.0,202.0,0.10806400328874588,0.021006764844059944,14.0,1.0005086660385132,1.0005086660385132,1.0005086660385132,0.02007460780441761,5.6400000175926834e-05,0.2695884704589844,4060000.0,-0.05221986398100853,-0.0141364187002182,-0.206081360578537,0.008676747791469097,0.002010219730436802,0.25693631172180176,0.8464933633804321,-0.3951214551925659,3.6997766494750977,13423.716796875,21.219629287719727,57.197723388671875,78.41735076904297,255.04559326171875,3.746359348297119
1.4470529556274414,26.780000686645508,1000.0,203.0,0.09957540780305862,0.020010242238640785,15.0,0.9962316751480103,0.9962316751480103,0.9962316751480103,0.01945612020790577,5.5199998314492404e-05,0.26730862259864807,4080000.0,-0.03654070943593979,0.01567915454506874,-0.03426142781972885,0.009300499223172665,0.0006237514317035675,0.1782297044992447,0.713192880153656,-0.13330048322677612,4.03095006942749,13510.9052734375,25.79460906982422,61.3680419921875,87.16265106201172,229.45606994628906,3.738072156906128
1.4157214164733887,22.440000534057617,1000.0,204.0,0.08973019570112228,0.021290123462677002,16.0,0.9986273646354675,0.9986273646354675,0.9986273646354675,0.019757060334086418,5.400000009103678e-05,0.264691561460495,4100000.0,-0.03693445771932602,-0.00039374828338623047,0.041692622005939484,0.0095856674015522,0.0002851681783795357,0.25671324133872986,0.568578839302063,-0.14461404085159302,4.21725606918335,13599.423828125,22.041080474853516,66.44822692871094,88.49031066894531,226.01345825195312,3.6746294498443604
1.6392922401428223,23.020000457763672,1000.0,205.0,0.08763550221920013,0.02000729739665985,14.0,1.000182032585144,1.000182032585144,1.000182032585144,0.020409297198057175,5.279999822960235e-05,0.2641379237174988,4120000.0,-0.04530630633234978,-0.008371848613023758,-0.07585509121417999,0.011597876437008381,0.0020122090354561806,0.24632006883621216,0.9679410457611084,0.3993622064590454,4.165777206420898,13678.1318359375,21.564212799072266,57.116451263427734,78.6806640625,254.1920623779297,3.623408794403076
1.2145060300827026,28.239999771118164,1000.0,206.0,0.08933086693286896,0.02006329782307148,18.0,1.0073660612106323,1.0073660612106323,1.0073660612106323,0.020750602707266808,5.160000000614673e-05,0.2645875811576843,4140000.0,-0.05500960722565651,-0.009703300893306732,-0.09249439835548401,0.007633128669112921,-0.00396474776789546,0.19863489270210266,1.0636810064315796,0.09573996067047119,3.409010887145996,13776.439453125,21.259235382080078,77.02255249023438,98.28178405761719,203.4965057373047,3.651339054107666
1.0657589435577393,29.18000030517578,1000.0,207.0,0.08467205613851547,0.021635493263602257,16.0,0.9939509034156799,0.9939509034156799,0.9939509034156799,0.01959509216248989,5.0400001782691106e-05,0.26336219906806946,4160000.0,-0.045438505709171295,0.009571101516485214,0.16265007853507996,0.008889898657798767,0.0012567699886858463,0.19779464602470398,0.6742721199989319,-0.3894088864326477,4.920447826385498,13862.361328125,20.413467407226562,65.47808837890625,85.89155578613281,232.85177612304688,3.6939830780029297
1.0126292705535889,27.479999542236328,1000.0,208.0,0.07315956056118011,0.020572584122419357,15.0,0.998948872089386,0.998948872089386,0.998948872089386,0.01990719884634018,4.9199999921256676e-05,0.26034730672836304,4180000.0,-0.04824924096465111,-0.0028107352554798126,0.08109261095523834,0.00957568921148777,0.000685790553689003,0.27511709928512573,0.9826939105987549,0.308421790599823,5.000683784484863,13947.4892578125,23.29993438720703,61.7996940612793,85.0996322631836,235.01864624023438,3.7084646224975586
1.513904094696045,21.239999771118164,1000.0,209.0,0.07210228592157364,0.02007153443992138,19.0,0.998552143573761,0.998552143573761,0.998552143573761,0.019701963290572166,4.8000001697801054e-05,0.26006922125816345,4200000.0,-0.036816760897636414,0.011432480067014694,-0.23837999999523163,0.011150912381708622,0.001575223170220852,0.2744927406311035,0.9011794924736023,-0.08151441812515259,4.503799915313721,14047.8642578125,21.802335739135742,78.54542541503906,100.34776306152344,199.306884765625,3.6285922527313232
1.3985155820846558,13.5600004196167,1000.0,210.0,0.06233781576156616,0.02052461728453636,19.0,0.9960862994194031,0.9960862994194031,0.9960862994194031,0.01885397359728813,4.6799999836366624e-05,0.2575438916683197,4220000.0,-0.028252113610506058,0.008564647287130356,-0.18228641152381897,0.00834156945347786,-0.0028093429282307625,0.23521021008491516,0.4306560456752777,-0.4705234467983246,4.271274089813232,14148.4775390625,22.403427124023438,78.1814193725586,100.58484649658203,198.8371124267578,3.432694435119629
1.4062038660049438,12.65999984741211,1000.0,211.0,0.04921000823378563,0.02086573652923107,15.0,1.0009249448776245,1.0009249448776245,1.0009249448776245,0.020104389637708664,4.5600001612911e-05,0.25418174266815186,4240000.0,-0.03777042776346207,-0.009518314152956009,-0.10584858059883118,0.009426985867321491,0.0010854164138436317,0.2746632695198059,0.49755677580833435,0.06690073013305664,3.6572983264923096,14232.1435546875,22.023067474365234,61.611148834228516,83.63421630859375,239.13658142089844,3.2340903282165527
1.1211320161819458,25.280000686645508,1000.0,212.0,0.04862966388463974,0.02060948871076107,22.0,1.0073291063308716,1.0073291063308716,1.0073291063308716,0.02033512108027935,4.439999975147657e-05,0.25403067469596863,4260000.0,-0.05229289457201958,-0.01452246680855751,0.22814473509788513,0.008938097395002842,-0.0004888884723186493,0.27730002999305725,1.0193794965744019,0.5218227207660675,3.7386374473571777,14344.4892578125,20.16173553466797,92.15702056884766,112.31875610351562,178.0646514892578,3.2285468578338623
1.3606376647949219,40.91999816894531,1000.0,213.0,0.050496604293584824,0.02002132497727871,33.0,1.011671781539917,1.011671781539917,1.011671781539917,0.020311012864112854,4.320000152802095e-05,0.2545064389705658,4280000.0,-0.051770132035017014,0.0005227625370025635,0.10630638152360916,0.0076932115480303764,-0.0012448858469724655,0.304372102022171,0.6078433990478516,-0.4115360975265503,2.9945108890533447,14501.1337890625,20.303743362426758,136.31060791015625,156.61434936523438,127.70221710205078,3.4580202102661133
1.3778443336486816,42.2599983215332,1000.0,214.0,0.04601002112030983,0.020408496260643005,18.0,0.9975761771202087,0.9975761771202087,0.9975761771202087,0.02008683979511261,4.199999966658652e-05,0.25336939096450806,4300000.0,-0.04787250980734825,0.003897622227668762,0.34001782536506653,0.010059236548841,0.002366025000810623,0.24968445301055908,0.6822080612182617,0.07436466217041016,5.176238536834717,14595.2861328125,20.232894897460938,73.88568115234375,94.11857604980469,212.49790954589844,3.704080104827881
1.1271026134490967,30.920000076293945,1000.0,215.0,0.03792334347963333,0.020883236080408096,18.0,1.0000892877578735,1.0000892877578735,1.0000892877578735,0.019543534144759178,4.0800001443130895e-05,0.25132545828819275,4320000.0,-0.042728085070848465,0.005144424736499786,0.1566118597984314,0.007341863587498665,-0.0027173729613423347,0.15359894931316376,0.507845938205719,-0.17436212301254272,3.939873456954956,14692.7451171875,23.001802444458008,74.4290771484375,97.4308853149414,205.2737274169922,3.776366949081421
0.8823105096817017,16.600000381469727,1000.0,216.0,0.028237121179699898,0.02051526866853237,26.0,0.9983676075935364,0.9983676075935364,0.9983676075935364,0.019254107028245926,3.9599999581696466e-05,0.24890565872192383,4340000.0,-0.029218029230833054,0.013510055840015411,-0.053233202546834946,0.006730376742780209,-0.0006114868447184563,0.1732221394777298,0.31456607580184937,-0.19327986240386963,3.1843433380126953,14823.68359375,21.438735961914062,109.46985626220703,130.90858459472656,152.7783660888672,3.633199453353882
0.68483567237854,14.720000267028809,1000.0,217.0,0.019944366067647934,0.020629309117794037,22.0,1.0059490203857422,1.0059490203857422,1.0059490203857422,0.02017558179795742,3.840000135824084e-05,0.24685610830783844,4360000.0,-0.03791990876197815,-0.008701879531145096,0.2860444486141205,0.008415565825998783,0.0016851890832185745,0.18407467007637024,0.634986937046051,0.32042086124420166,2.961392879486084,14935.70703125,20.629287719726562,91.36088562011719,111.99017333984375,178.58709716796875,3.4647903442382812
1.0957951545715332,13.680000305175781,1000.0,218.0,0.01606050319969654,0.020204393193125725,22.0,0.9973861575126648,0.9973861575126648,0.9973861575126648,0.019340578466653824,3.719999949680641e-05,0.24591122567653656,4380000.0,-0.03304483741521835,0.004875071346759796,0.04327709972858429,0.008867000229656696,0.0004514344036579132,0.22492238879203796,0.3596934974193573,-0.2752934396266937,4.006729602813721,15048.5498046875,21.955392837524414,90.85733032226562,112.81272888183594,177.2849578857422,3.2840616703033447
1.3335425853729248,22.6200008392334,1000.0,219.0,0.016815222799777985,0.02017597109079361,22.0,1.004968523979187,1.004968523979187,1.004968523979187,0.01989833451807499,3.600000127335079e-05,0.2460850328207016,4400000.0,-0.05052302032709122,-0.017478182911872864,0.23807191848754883,0.010251014493405819,0.0013840142637491226,0.230828657746315,0.6271491050720215,0.2674556076526642,3.152853012084961,15163.6025390625,21.556726455688477,93.46639251708984,115.02311706542969,173.8780975341797,3.240809440612793
1.2949556112289429,25.540000915527344,1000.0,220.0,0.01681922748684883,0.020043835043907166,29.0,1.0045409202575684,1.0045409202575684,1.0045409202575684,0.019136153161525726,3.479999941191636e-05,0.24608054757118225,4420000.0,-0.052228525280952454,-0.0017055049538612366,-0.18240290880203247,0.006725004408508539,-0.0035260100848972797,0.18243789672851562,0.5670821070671082,-0.06006699800491333,3.1456139087677,15304.123046875,20.463438034057617,120.02684783935547,140.4902801513672,142.3585968017578,3.2423298358917236
1.0511950254440308,38.439998626708984,1000.0,221.0,0.009166371077299118,0.020254172384738922,37.0,1.010638952255249,1.010638952255249,1.010638952255249,0.02034437656402588,3.360000118846074e-05,0.2442074567079544,4440000.0,-0.05224121734499931,-1.2692064046859741e-05,0.4311203360557556,0.006991751957684755,0.0002667475491762161,0.17430707812309265,0.4289546012878418,-0.13812750577926636,3.2376937866210938,15475.2802734375,20.580612182617188,150.543212890625,171.1238250732422,116.87442779541016,3.437544107437134
1.2367783784866333,34.099998474121094,1000.0,222.0,-0.0074081034399569035,0.020422404631972313,29.0,0.9986604452133179,0.9986604452133179,0.9986604452133179,0.019118716940283775,3.239999932702631e-05,0.24020086228847504,4460000.0,-0.022931519895792007,0.029309697449207306,0.29020312428474426,0.007213393691927195,0.00022164173424243927,0.1929088830947876,0.2526472806930542,-0.1763073205947876,2.7205817699432373,15619.69140625,22.725078582763672,121.6473388671875,144.37242126464844,138.53062438964844,3.5684266090393066
1.2471930980682373,23.020000457763672,1000.0,223.0,-0.02366245537996292,0.021060509607195854,26.0,0.9982694387435913,0.9982694387435913,0.9982694387435913,0.01954861357808113,3.1200001103570685e-05,0.23634065687656403,4480000.0,-0.03290156275033951,-0.0099700428545475,0.18655259907245636,0.0073738400824368,0.0001604463905096054,0.23458454012870789,0.45473119616508484,0.20208391547203064,3.6486282348632812,15746.1142578125,20.239261627197266,106.15021514892578,126.38948059082031,158.2410125732422,3.5236876010894775
1.3997386693954468,17.0,1000.0,224.0,-0.03206188231706619,0.02027050219476223,27.0,0.9993672370910645,0.9993672370910645,0.9993672370910645,0.0191060621291399,2.9999999242136255e-05,0.23436495661735535,4500000.0,-0.041874609887599945,-0.008973047137260437,0.012869883328676224,0.008835402317345142,0.0014615622349083424,0.2691148519515991,0.3282402753829956,-0.12649092078208923,3.3457136154174805,15879.5654296875,22.851417541503906,110.56975555419922,133.42117309570312,149.9012451171875,3.3935141563415527
1.39345121383667,25.799999237060547,1000.0,225.0,-0.03186437487602234,0.020729998126626015,24.0,1.0039770603179932,1.0039770603179932,1.0039770603179932,0.019923796877264977,2.879999919969123e-05,0.23440784215927124,4520000.0,-0.055382195860147476,-0.013507585972547531,-0.20526722073554993,0.010787997394800186,0.0019525950774550438,0.19252519309520721,0.596196711063385,0.2679564356803894,3.4103546142578125,16000.34375,21.38321876525879,99.3637924194336,120.74700927734375,165.6355743408203,3.3978493213653564
1.6947017908096313,34.41999816894531,1000.0,226.0,-0.037589918822050095,0.020205779001116753,35.0,1.0068429708480835,1.0068429708480835,1.0068429708480835,0.019540704786777496,2.7599999157246202e-05,0.23305679857730865,4540000.0,-0.056250300258398056,-0.0008681043982505798,-0.15587370097637177,0.009996751323342323,-0.0007912460714578629,0.25976699590682983,0.655489444732666,0.059292733669281006,3.441875457763672,16163.923828125,19.29132843017578,144.258056640625,163.54937744140625,122.28722381591797,3.531667470932007
1.7779649496078491,53.68000030517578,1000.0,227.0,-0.04315103590488434,0.020282955840229988,36.0,1.0076054334640503,1.0076054334640503,1.0076054334640503,0.019851133227348328,2.6399999114801176e-05,0.23175908625125885,4560000.0,-0.09331478923559189,-0.03706448897719383,-0.23118999600410461,0.008368469774723053,-0.0016282815486192703,0.2649097740650177,0.500043511390686,-0.15544593334197998,3.0049192905426025,16336.26171875,22.47476577758789,149.82498168945312,172.29974365234375,116.0767822265625,3.9628679752349854
1.8597209453582764,52.279998779296875,1000.0,228.0,-0.05622962862253189,0.020122036337852478,31.0,0.9981498122215271,0.9981498122215271,0.9981498122215271,0.018651194870471954,2.5200000891345553e-05,0.228751540184021,4580000.0,-0.04775066673755646,0.04556412249803543,0.27415555715560913,0.008499734103679657,0.000131264328956604,0.2507026493549347,0.4523959159851074,-0.04764759540557861,5.028025150299072,16487.328125,21.364377975463867,129.6652069091797,151.0295867919922,132.4243927001953,4.374685287475586
1.428468942642212,43.47999954223633,1000.0,229.0,-0.06859339028596878,0.020103968679904938,34.0,1.00640070438385,1.00640070438385,1.00640070438385,0.019275270402431488,2.4000000848900527e-05,0.22593624889850616,4600000.0,-0.04190325736999512,0.00584740936756134,0.16517353057861328,0.008045478723943233,-0.0004542553797364235,0.18965044617652893,0.621466338634491,0.16907042264938354,2.9466636180877686,16648.078125,20.90032958984375,139.81588745117188,160.71621704101562,124.44294738769531,4.638681888580322
1.112546443939209,17.18000030517578,1000.0,230.0,-0.08413801342248917,0.018226372078061104,40.0,0.9986345171928406,0.9986345171928406,0.9986345171928406,0.01804148219525814,2.28000008064555e-05,0.22245602309703827,4620000.0,-0.02878500148653984,0.013118255883455276,-0.20720723271369934,0.005554268602281809,-0.0024912101216614246,0.2682846784591675,0.23274482786655426,-0.3887215107679367,3.3447680473327637,16837.65234375,22.996700286865234,166.54408264160156,189.54078674316406,105.5181884765625,4.4896087646484375
0.7509944438934326,15.859999656677246,1000.0,231.0,-0.09944555163383484,0.019147103652358055,40.0,1.00444757938385,1.00444757938385,1.00444757938385,0.01905297115445137,2.1600000764010474e-05,0.21907171607017517,4640000.0,-0.032502397894859314,-0.0037173964083194733,-0.06015874817967415,0.00661200238391757,0.0010577337816357613,0.23589415848255157,0.29992786049842834,0.06718303263187408,2.766660451889038,17022.828125,21.462081909179688,163.67247009277344,185.1345672607422,108.02953338623047,4.317169189453125
1.1138173341751099,20.860000610351562,1000.0,232.0,-0.10994835942983627,0.0204732995480299,38.0,1.0045289993286133,1.0045289993286133,1.0045289993286133,0.019558116793632507,2.0400000721565448e-05,0.2167779505252838,4660000.0,-0.04840097203850746,-0.015898574143648148,0.4270261526107788,0.007328204810619354,0.0007162024267017841,0.20877936482429504,0.5206807851791382,0.22075292468070984,3.587307929992676,17199.484375,20.45777702331543,156.16189575195312,176.6196746826172,113.2376708984375,4.228451251983643
1.3230621814727783,26.420000076293945,1000.0,233.0,-0.11660216748714447,0.019124286249279976,40.0,1.0051771402359009,1.0051771402359009,1.0051771402359009,0.019195513799786568,1.920000067912042e-05,0.2153407335281372,4680000.0,-0.04875725880265236,-0.00035628676414489746,0.27592164278030396,0.0072193266823887825,-0.00010887812823057175,0.2719241678714752,0.836844801902771,0.3161640167236328,2.8277978897094727,17388.18359375,22.761693954467773,165.90176391601562,188.66346740722656,106.00886535644531,4.233819484710693
1.4039894342422485,30.420000076293945,1000.0,234.0,-0.12300734221935272,0.01871032640337944,40.0,1.003080129623413,1.003080129623413,1.003080129623413,0.018694715574383736,1.8000000636675395e-05,0.21397177875041962,4700000.0,-0.07053457945585251,-0.02177732065320015,-0.13828569650650024,0.006942776497453451,-0.00027655018493533134,0.2828066051006317,1.0020085573196411,0.16516375541687012,4.071216583251953,17572.42578125,21.773681640625,162.43174743652344,184.20542907714844,108.57443237304688,4.3046393394470215
1.389468789100647,30.239999771118164,1000.0,235.0,-0.12620069086551666,0.016757046803832054,40.0,1.0029090642929077,1.0029090642929077,1.0029090642929077,0.01831991598010063,1.680000059423037e-05,0.21328610181808472,4720000.0,-0.05409429967403412,0.01644027978181839,0.17143088579177856,0.005828602705150843,-0.0011141737923026085,0.2821435034275055,0.649365246295929,-0.35264331102371216,2.9509329795837402,17758.373046875,20.864473342895508,165.0443572998047,185.90884399414062,107.57960510253906,4.367438316345215
1.5545191764831543,21.65999984741211,1000.0,236.0,-0.13541311025619507,0.01858745887875557,40.0,0.9977506399154663,0.9977506399154663,0.9977506399154663,0.01843228191137314,1.5600000551785342e-05,0.21132847666740417,4740000.0,-0.05333220213651657,0.0007620975375175476,0.37762364745140076,0.00884245801717043,0.0030138553120195866,0.3391045033931732,0.5206523537635803,-0.12871289253234863,4.3318772315979,17946.134765625,23.8494930267334,163.87489318847656,187.72438049316406,106.53916931152344,4.292417526245117
1.4112637042999268,15.380000114440918,1000.0,237.0,-0.14048759639263153,0.015885189175605774,40.0,0.9960821270942688,0.9960821270942688,0.9960821270942688,0.017207570374011993,1.4399999599845614e-05,0.21025758981704712,4760000.0,-0.03675191476941109,0.016580287367105484,0.38668006658554077,0.006472642533481121,-0.002369815483689308,0.20283719897270203,0.5012752413749695,-0.01937711238861084,4.810103893280029,18132.373046875,23.056171417236328,163.144287109375,186.20045471191406,107.41112518310547,4.119569778442383
1.3214120864868164,16.559999465942383,1000.0,238.0,-0.14619700610637665,0.01666492410004139,40.0,1.0016168355941772,1.0016168355941772,1.0016168355941772,0.017758352681994438,1.3199999557400588e-05,0.20906037092208862,4780000.0,-0.052097585052251816,-0.015345670282840729,-0.016304537653923035,0.00816379114985466,0.001691148616373539,0.30642855167388916,0.43037480115890503,-0.07090044021606445,3.622767210006714,18322.96484375,20.993619918823242,169.5614471435547,190.55506896972656,104.95653533935547,3.980342388153076
0.7397265434265137,21.18000030517578,1000.0,239.0,-0.149351567029953,0.015195597894489765,40.0,1.0024322271347046,1.0024322271347046,1.0024322271347046,0.017382560297846794,1.2000000424450263e-05,0.2084026038646698,4800000.0,-0.05273328721523285,-0.0006357021629810333,-0.2679781913757324,0.007423475384712219,-0.0007403157651424408,0.24478879570960999,0.37668147683143616,-0.05369332432746887,3.287848472595215,18510.916015625,21.080120086669922,166.8257598876953,187.90586853027344,106.43626403808594,3.913156032562256
0.9465591907501221,38.84000015258789,1000.0,240.0,-0.1523883193731308,0.013815234415233135,40.0,1.0019657611846924,1.0019657611846924,1.0019657611846924,0.016157113015651703,1.0800000382005237e-05,0.2077745944261551,4820000.0,-0.0671674907207489,-0.014434203505516052,-0.0897165909409523,0.007848558016121387,0.00042508263140916824,0.22348691523075104,0.599151611328125,0.22247013449668884,4.248811721801758,18699.4140625,20.502412796020508,167.94345092773438,188.44586181640625,106.13127899169922,4.112318992614746
1.0226988792419434,46.880001068115234,1000.0,241.0,-0.15768010914325714,0.012746211141347885,40.0,1.0050787925720215,1.0050787925720215,1.0050787925720215,0.015842359513044357,9.60000033956021e-06,0.20668189227581024,4840000.0,-0.06113423779606819,0.00603325292468071,0.009199148043990135,0.009932774119079113,0.0020842161029577255,0.2615964412689209,0.7566602826118469,0.15750867128372192,4.878997325897217,18885.58203125,20.578556060791016,165.55108642578125,186.129638671875,107.45198822021484,4.429043769836426
1.5153074264526367,44.68000030517578,1000.0,242.0,-0.16767503321170807,0.012199806049466133,40.0,0.9997068047523499,0.9997068047523499,0.9997068047523499,0.015000738203525543,8.400000297115184e-06,0.20463532209396362,4860000.0,-0.03915991261601448,0.02197432518005371,-0.1376190185546875,0.008121748454868793,-0.0018110256642103195,0.25638547539711,0.39042702317237854,-0.3662332594394684,3.8757684230804443,19069.578125,20.43355369567871,163.52540588378906,183.95895385742188,108.71990203857422,4.714719295501709
1.4173506498336792,25.739999771118164,1000.0,243.0,-0.17497164011001587,0.011122169904410839,40.0,1.0016504526138306,1.0016504526138306,1.0016504526138306,0.014672557823359966,7.199999799922807e-06,0.20315799117088318,4880000.0,-0.03368086740374565,0.005479045212268829,-0.14855878055095673,0.007238980382680893,-0.0008827680721879005,0.2943546175956726,0.6304879188537598,0.24006089568138123,3.998013734817505,19252.94921875,20.999990463256836,162.33221435546875,183.33221435546875,109.0915756225586,4.70466423034668
1.585294246673584,18.760000228881836,1000.0,244.0,-0.17532818019390106,0.010059458203613758,40.0,1.002701759338379,1.002701759338379,1.002701759338379,0.014343987219035625,6.000000212225132e-06,0.20309336483478546,4900000.0,-0.04873362183570862,-0.015052754431962967,0.06491556018590927,0.007604597602039576,0.00036561721935868263,0.30352383852005005,0.6011055707931519,-0.02938234806060791,3.933134078979492,19438.466796875,22.224098205566406,163.25306701660156,185.47715759277344,107.82998657226562,4.585291862487793
1.3975101709365845,21.360000610351562,1000.0,245.0,-0.17094196379184723,0.009748554788529873,40.0,0.9995246529579163,0.9995246529579163,0.9995246529579163,0.013728104531764984,4.800000169780105e-06,0.20398935675621033,4920000.0,-0.039423272013664246,0.009310349822044373,-0.09588725864887238,0.0061536808498203754,-0.0014509167522192001,0.2816068232059479,0.4325871169567108,-0.16851845383644104,4.274598598480225,19623.525390625,21.330322265625,163.68826293945312,185.01858520507812,108.09724426269531,4.513573169708252
1.4737392663955688,31.360000610351562,1000.0,246.0,-0.16895455121994019,0.007179220672696829,40.0,1.002518653869629,1.002518653869629,1.002518653869629,0.012132477946579456,3.5999998999614036e-06,0.2043973207473755,4940000.0,-0.05320519581437111,-0.013781923800706863,-0.2528064548969269,0.0076611158438026905,0.001507434993982315,0.2500917911529541,0.5810922980308533,0.14850518107414246,3.505183219909668,19806.72265625,20.455339431762695,162.705078125,183.16041564941406,109.19390106201172,4.594301223754883
1.1030516624450684,45.02000045776367,1000.0,247.0,-0.16708847880363464,0.005750527139753103,40.0,1.0024561882019043,1.0024561882019043,1.0024561882019043,0.011080045253038406,2.4000000848900527e-06,0.20477524399757385,4960000.0,-0.04196380823850632,0.011241387575864792,-0.022740483283996582,0.006395929027348757,-0.0012651868164539337,0.2243785858154297,0.7056055068969727,0.12451320886611938,3.410090208053589,19991.421875,21.485782623291016,163.17323303222656,184.6590118408203,108.3077392578125,4.893237113952637
1.0710179805755615,48.65999984741211,1000.0,248.0,-0.1663835495710373,0.005309379193931818,40.0,0.999945878982544,0.999945878982544,0.999945878982544,0.010320228524506092,1.2000000424450263e-06,0.20491153001785278,4980000.0,-0.023323658853769302,0.018640149384737015,-0.16201144456863403,0.007326503284275532,0.000930574256926775,0.21593351662158966,0.47322189807891846,-0.2323836088180542,4.008218765258789,20178.2265625,20.53236961364746,166.234619140625,186.7679901123047,107.08473205566406,5.24306583404541
0.7404248118400574,45.18000030517578,1000.0,249.0,-0.16681963205337524,0.0031712905038148165,40.0,1.0004689693450928,1.0004689693450928,1.0004689693450928,0.007682969328016043,0.0,0.2048214226961136,5000000.0,-0.01415311824530363,0.009170540608465672,0.3784719705581665,0.007266822271049023,-5.9681013226509094e-05,0.24570192396640778,0.33815672993659973,-0.13506516814231873,4.578080654144287,20366.1171875,20.58362579345703,167.27024841308594,187.8538818359375,106.46572875976562,5.5309834480285645
