Metrics/EpRet,Metrics/EpCost,Metrics/EpLen,Train/Epoch,Train/Entropy,Train/KL,Train/StopIter,Train/PolicyRatio,Train/PolicyRatio/Min,Train/PolicyRatio/Max,Train/PolicyRatio/Std,Train/LR,Train/PolicyStd,TotalEnvSteps,Loss/Loss_pi,Loss/Loss_pi/Delta,Value/Adv,Loss/Loss_reward_critic,Loss/Loss_reward_critic/Delta,Value/reward,Time/Total,Time/Rollout,Time/Update,Time/Epoch,Time/FPS
-0.4229978024959564,32.5625,1000.0,0.0,1.4030519723892212,0.014192920178174973,40.0,1.0003256797790527,1.0003256797790527,1.0003256797790527,0.01785930059850216,0.00029880000511184335,0.9842451810836792,20000.0,-0.014680171385407448,-0.014680171385407448,-0.04562858119606972,0.005850754678249359,0.005850754678249359,-0.08607867360115051,158.76295471191406,40.933448791503906,117.82750701904297,158.76095581054688,125.9755630493164
0.34049808979034424,45.5,1000.0,1.0,1.3853278160095215,0.02039034105837345,39.0,0.9987340569496155,0.9987340569496155,0.9987340569496155,0.02097177505493164,0.0002975999959744513,0.9670000672340393,40000.0,-0.01850166544318199,-0.0038214940577745438,0.4611430764198303,0.006103212479501963,0.00025245780125260353,-0.07260572165250778,309.6270751953125,34.5410270690918,116.24311065673828,150.7841339111328,132.63995361328125
0.9902289509773254,58.79166793823242,1000.0,2.0,1.3533045053482056,0.020651819184422493,30.0,0.99953293800354,0.99953293800354,0.99953293800354,0.020840926095843315,0.00029639998683705926,0.9365571141242981,60000.0,-0.01423518918454647,0.004266476258635521,-0.14170411229133606,0.010292762890458107,0.004189550410956144,-0.05441836640238762,436.6407470703125,36.129241943359375,90.85342407226562,126.982666015625,157.50181579589844
2.0882537364959717,85.80000305175781,1000.0,3.0,1.3309721946716309,0.02008269540965557,22.0,0.9964680075645447,0.9964680075645447,0.9964680075645447,0.0203970018774271,0.00029520000680349767,0.9159021973609924,80000.0,-0.01891397312283516,-0.004678783938288689,0.14613761007785797,0.011091111227869987,0.0007983483374118805,0.02827148512005806,539.3392333984375,36.39521789550781,66.27603149414062,102.67124938964844,194.79649353027344
3.7123730182647705,95.30000305175781,1000.0,4.0,1.2973591089248657,0.02193436212837696,20.0,0.9970801472663879,0.9970801472663879,0.9970801472663879,0.021000700071454048,0.00029399999766610563,0.8855957984924316,100000.0,-0.020246051251888275,-0.0013320781290531158,0.08114202320575714,0.016453469172120094,0.005362357944250107,0.20377691090106964,634.054931640625,33.18982696533203,61.49973678588867,94.68955993652344,211.21652221679688
5.32099723815918,106.9800033569336,1000.0,5.0,1.267439842224121,0.020315174013376236,16.0,0.997522234916687,0.997522234916687,0.997522234916687,0.020271364599466324,0.0002927999885287136,0.8594884872436523,120000.0,-0.01872926391661167,0.0015167873352766037,-0.32376354932785034,0.019920026883482933,0.0034665577113628387,0.2195509523153305,716.890625,33.922630310058594,48.8890495300293,82.81167602539062,241.51182556152344
7.330880641937256,111.54000091552734,1000.0,6.0,1.238905668258667,0.020395714789628983,16.0,0.9961170554161072,0.9961170554161072,0.9961170554161072,0.0209726020693779,0.000291600008495152,0.8352733254432678,140000.0,-0.019692441448569298,-0.0009631775319576263,-0.31530070304870605,0.025490136817097664,0.005570109933614731,0.37806379795074463,800.9080810546875,33.57102584838867,50.424400329589844,83.99542999267578,238.1082000732422
8.365440368652344,118.16000366210938,1000.0,7.0,1.2150282859802246,0.021818291395902634,15.0,0.9998226761817932,0.9998226761817932,0.9998226761817932,0.021228516474366188,0.00029039999935775995,0.8155474662780762,160000.0,-0.021989045664668083,-0.0022966042160987854,0.16895201802253723,0.021730655804276466,-0.0037594810128211975,0.3921048939228058,882.401123046875,34.893306732177734,46.565128326416016,81.45843505859375,245.5240020751953
10.157190322875977,115.36000061035156,1000.0,8.0,1.1850237846374512,0.02290903404355049,10.0,0.9983911514282227,0.9983911514282227,0.9983911514282227,0.019905634224414825,0.0002891999902203679,0.7914764285087585,180000.0,-0.01641002856194973,0.005579017102718353,0.020619012415409088,0.038502536714076996,0.01677188090980053,0.5717496871948242,947.7845458984375,33.35811233520508,32.00132369995117,65.36043548583984,305.9955139160156
10.819838523864746,110.87999725341797,1000.0,9.0,1.1618775129318237,0.02128761261701584,16.0,0.996978759765625,0.996978759765625,0.996978759765625,0.020725451409816742,0.0002880000101868063,0.7733494639396667,200000.0,-0.020270993933081627,-0.003860965371131897,-0.16136735677719116,0.03342160955071449,-0.005080927163362503,0.622248113155365,1033.4931640625,34.37664794921875,51.31288528442383,85.68952941894531,233.40074157714844
12.301352500915527,130.8000030517578,1000.0,10.0,1.1375041007995605,0.020511237904429436,11.0,0.9976861476898193,0.9976861476898193,0.9976861476898193,0.020206639543175697,0.0002868000010494143,0.7547385692596436,220000.0,-0.017846746370196342,0.0024242475628852844,-0.22924070060253143,0.03593321517109871,0.0025116056203842163,0.7616694569587708,1101.8765869140625,30.881587982177734,37.47942352294922,68.36100769042969,292.5644226074219
13.18210220336914,136.60000610351562,1000.0,11.0,1.1149367094039917,0.020614873617887497,12.0,0.9976710677146912,0.9976710677146912,0.9976710677146912,0.0210250373929739,0.00028559999191202223,0.7379871010780334,240000.0,-0.018970131874084473,-0.0011233855038881302,-0.16704513132572174,0.050370603799819946,0.014437388628721237,0.8895143270492554,1172.2178955078125,30.19350814819336,40.1257438659668,70.31925201416016,284.4171447753906
14.391446113586426,145.9199981689453,1000.0,12.0,1.0881601572036743,0.02057228982448578,12.0,0.9975817799568176,0.9975817799568176,0.9975817799568176,0.02125118486583233,0.00028440001187846065,0.7185202240943909,260000.0,-0.019771132618188858,-0.0008010007441043854,-0.05109768360853195,0.048070769757032394,-0.002299834042787552,0.9928013682365417,1243.518310546875,30.9529972076416,40.32432174682617,71.2773208618164,280.59417724609375
14.25514030456543,139.05999755859375,1000.0,13.0,1.0691795349121094,0.021868646144866943,13.0,0.9964222311973572,0.9964222311973572,0.9964222311973572,0.021114632487297058,0.0002832000027410686,0.7050001621246338,280000.0,-0.020568927749991417,-0.0007977951318025589,0.05729181692004204,0.037888891994953156,-0.010181877762079239,1.0171269178390503,1317.4205322265625,30.201433181762695,43.68008041381836,73.88151550292969,270.7037048339844
14.467679023742676,123.73999786376953,1000.0,14.0,1.0443669557571411,0.020417682826519012,11.0,0.9982572197914124,0.9982572197914124,0.9982572197914124,0.021044576540589333,0.00028199999360367656,0.6876921653747559,300000.0,-0.01873558573424816,0.0018333420157432556,0.06700867414474487,0.04019983485341072,0.0023109428584575653,1.1081287860870361,1385.090576171875,30.57923126220703,37.06922912597656,67.6484603881836,295.64605712890625
14.724844932556152,122.36000061035156,1000.0,15.0,1.019513726234436,0.020258940756320953,9.0,0.9980631470680237,0.9980631470680237,0.9980631470680237,0.020507100969552994,0.00028080001357011497,0.6709040403366089,320000.0,-0.017135631293058395,0.001599954441189766,0.05803516134619713,0.05379040166735649,0.01359056681394577,1.2425432205200195,1447.9207763671875,33.214935302734375,29.593730926513672,62.80866622924805,318.4273986816406
15.846186637878418,137.16000366210938,1000.0,16.0,1.0017560720443726,0.020167425274848938,11.0,0.9970483183860779,0.9970483183860779,0.9970483183860779,0.02174590341746807,0.0002796000044327229,0.659157395362854,340000.0,-0.02038973569869995,-0.003254104405641556,-0.0796094611287117,0.04917911812663078,-0.004611283540725708,1.3631784915924072,1520.3648681640625,36.827022552490234,35.59346008300781,72.42048645019531,276.1649475097656
17.62489891052246,148.97999572753906,1000.0,17.0,0.9790436625480652,0.020400352776050568,11.0,0.9981021285057068,0.9981021285057068,0.9981021285057068,0.02080095373094082,0.0002783999952953309,0.6443765163421631,360000.0,-0.017423225566744804,0.002966510131955147,-0.20098349452018738,0.06454835087060928,0.0153692327439785,1.4399410486221313,1590.6964111328125,34.75831604003906,35.54918670654297,70.30750274658203,284.46466064453125
18.7278995513916,163.22000122070312,1000.0,18.0,0.9510842561721802,0.02250230498611927,11.0,1.0008342266082764,1.0008342266082764,1.0008342266082764,0.02072504162788391,0.00027719998615793884,0.6266193985939026,380000.0,-0.019201934337615967,-0.0017787087708711624,0.09420643746852875,0.05075101554393768,-0.0137973353266716,1.5492191314697266,1663.227783203125,36.31088638305664,36.19694900512695,72.5078353881836,275.8322448730469
19.311891555786133,145.36000061035156,1000.0,19.0,0.9228093028068542,0.02047666348516941,10.0,0.9978283047676086,0.9978283047676086,0.9978283047676086,0.02084837667644024,0.00027600000612437725,0.609061598777771,400000.0,-0.017415430396795273,0.001786503940820694,-0.11904651671648026,0.0582735575735569,0.007522542029619217,1.5949314832687378,1731.16015625,34.48279571533203,33.428043365478516,67.91084289550781,294.5037841796875
19.070091247558594,147.66000366210938,1000.0,20.0,0.9038829803466797,0.02126634307205677,9.0,0.9979391694068909,0.9979391694068909,0.9979391694068909,0.020695442333817482,0.0002747999969869852,0.5975956916809082,420000.0,-0.016979923471808434,0.0004355069249868393,-0.01759381964802742,0.057594891637563705,-0.0006786659359931946,1.6387089490890503,1795.4310302734375,35.340240478515625,28.91106605529785,64.25130462646484,311.2777099609375
19.609926223754883,137.22000122070312,1000.0,21.0,0.8856977224349976,0.020112691447138786,8.0,1.000450849533081,1.000450849533081,1.000450849533081,0.02070162259042263,0.00027359998784959316,0.5868962407112122,440000.0,-0.0139915207400918,0.002988402731716633,-0.0069230105727910995,0.06064242497086525,0.003047533333301544,1.669007658958435,1856.75244140625,35.72829818725586,25.572982788085938,61.3012809753418,326.2574462890625
20.70547866821289,127.66000366210938,1000.0,22.0,0.8673283457756042,0.021214431151747704,10.0,1.0010372400283813,1.0010372400283813,1.0010372400283813,0.02096651867032051,0.0002724000078160316,0.5762785077095032,460000.0,-0.01641252636909485,-0.002421005629003048,0.11211422085762024,0.0654001384973526,0.0047577135264873505,1.8407071828842163,1926.1082763671875,36.08411407470703,33.25152587890625,69.33563995361328,288.4519348144531
21.268173217773438,121.30000305175781,1000.0,23.0,0.8480706214904785,0.022095099091529846,11.0,0.9987468123435974,0.9987468123435974,0.9987468123435974,0.02090141922235489,0.00027119999867863953,0.5653480291366577,480000.0,-0.018256686627864838,-0.001844160258769989,0.09264113754034042,0.07178301364183426,0.006382875144481659,1.8934326171875,1997.73486328125,36.284305572509766,35.321224212646484,71.60552978515625,279.30804443359375
22.11188507080078,127.87999725341797,1000.0,24.0,0.8348002433776855,0.021074209362268448,9.0,0.9987249374389648,0.9987249374389648,0.9987249374389648,0.021645275875926018,0.0002699999895412475,0.5578057169914246,500000.0,-0.017874060198664665,0.0003826264292001724,0.03957030177116394,0.06612434983253479,-0.005658663809299469,2.0587973594665527,2064.6357421875,38.085575103759766,28.79035758972168,66.87593078613281,299.0612487792969
22.643705368041992,139.74000549316406,1000.0,25.0,0.8153898119926453,0.020752407610416412,9.0,0.9991403222084045,0.9991403222084045,0.9991403222084045,0.021711664274334908,0.0002688000095076859,0.5471495389938354,520000.0,-0.016279077157378197,0.0015949830412864685,0.06254704296588898,0.0741950273513794,0.008070677518844604,2.071028709411621,2129.84765625,36.93281173706055,28.25907325744629,65.19188690185547,306.7866516113281
23.667621612548828,135.9199981689453,1000.0,26.0,0.7992330193519592,0.02017703838646412,9.0,0.9984966516494751,0.9984966516494751,0.9984966516494751,0.021177345886826515,0.00026760000037029386,0.5383941531181335,540000.0,-0.01615203730762005,0.0001270398497581482,-0.1154833659529686,0.07516083866357803,0.0009658113121986389,2.1488614082336426,2197.176513671875,38.34367752075195,28.964765548706055,67.30844116210938,297.1395263671875
24.640674591064453,132.6199951171875,1000.0,27.0,0.7798098921775818,0.02261742576956749,11.0,0.996797502040863,0.996797502040863,0.996797502040863,0.021968930959701538,0.0002663999912329018,0.5281392335891724,560000.0,-0.01916552521288395,-0.0030134879052639008,0.20868602395057678,0.07365159690380096,-0.001509241759777069,2.270312786102295,2270.913818359375,38.57732009887695,35.13631057739258,73.71463012695312,271.3165588378906
23.89925765991211,126.55999755859375,1000.0,28.0,0.7656723856925964,0.021195681765675545,8.0,0.9993301630020142,0.9993301630020142,0.9993301630020142,0.02183879353106022,0.0002652000111993402,0.5207435488700867,580000.0,-0.015546762384474277,0.003618762828409672,-0.44577670097351074,0.06858804076910019,-0.005063556134700775,2.1782102584838867,2334.960205078125,38.116783142089844,25.908679962158203,64.02546691894531,312.3757019042969
23.573017120361328,118.58000183105469,1000.0,29.0,0.747877836227417,0.020589176565408707,7.0,0.9974335432052612,0.9974335432052612,0.9974335432052612,0.020960643887519836,0.0002640000020619482,0.511528730392456,600000.0,-0.013594559393823147,0.0019522029906511307,0.02796054631471634,0.07870402187108994,0.010115981101989746,2.2922303676605225,2394.642578125,36.957313537597656,22.703283309936523,59.66159439086914,335.2240295410156
22.479515075683594,118.18000030517578,1000.0,30.0,0.7282027006149292,0.020503031089901924,9.0,0.9979842901229858,0.9979842901229858,0.9979842901229858,0.021850911900401115,0.00026279999292455614,0.5015650391578674,620000.0,-0.017714904621243477,-0.00412034522742033,0.15751303732395172,0.07673128694295883,-0.0019727349281311035,2.287592887878418,2463.16796875,39.43837356567383,29.069108963012695,68.50747680664062,291.9389343261719
23.055776596069336,119.72000122070312,1000.0,31.0,0.7164982557296753,0.020741121843457222,8.0,0.9983299374580383,0.9983299374580383,0.9983299374580383,0.02111894078552723,0.00026160001289099455,0.49578341841697693,640000.0,-0.01626785658299923,0.0014470480382442474,-0.15533754229545593,0.06860190629959106,-0.008129380643367767,2.3587231636047363,2527.00048828125,37.32788848876953,26.475439071655273,63.80332565307617,313.4632873535156
24.132375717163086,119.9000015258789,1000.0,32.0,0.6986844539642334,0.022316498681902885,8.0,0.9981468319892883,0.9981468319892883,0.9981468319892883,0.021030830219388008,0.0002604000037536025,0.4871218204498291,660000.0,-0.015397848561406136,0.0008700080215930939,0.3584660291671753,0.07718111574649811,0.008579209446907043,2.434020757675171,2591.53466796875,38.36065673828125,26.153589248657227,64.51524353027344,310.0042419433594
24.94965171813965,119.0199966430664,1000.0,33.0,0.6815668940544128,0.020355766639113426,5.0,0.9980818033218384,0.9980818033218384,0.9980818033218384,0.02008824236690998,0.00025919999461621046,0.47887927293777466,680000.0,-0.011075041256844997,0.004322807304561138,0.13131147623062134,0.08647610247135162,0.009294986724853516,2.539395809173584,2645.222412109375,37.200164794921875,16.466419219970703,53.66758728027344,372.6643981933594
25.870098114013672,132.3000030517578,1000.0,34.0,0.6535745859146118,0.023842085152864456,7.0,0.9990493059158325,0.9990493059158325,0.9990493059158325,0.020881548523902893,0.0002579999854788184,0.4656662940979004,700000.0,-0.013094671070575714,-0.0020196298137307167,0.06901320815086365,0.08843833208084106,0.001962229609489441,2.5563697814941406,2706.5224609375,37.51408767700195,23.767820358276367,61.28190612792969,326.360595703125
25.459487915039062,141.3000030517578,1000.0,35.0,0.6454713344573975,0.021762970834970474,8.0,0.9989649653434753,0.9989649653434753,0.9989649653434753,0.021474266424775124,0.00025680000544525683,0.4618688225746155,720000.0,-0.015027793124318123,-0.0019331220537424088,-0.19261524081230164,0.07904553413391113,-0.009392797946929932,2.5456342697143555,2770.02001953125,35.683223724365234,27.794843673706055,63.478065490722656,315.0694580078125
25.1391544342041,155.66000366210938,1000.0,36.0,0.6321603655815125,0.021748244762420654,9.0,0.9989480376243591,0.9989480376243591,0.9989480376243591,0.022266369313001633,0.0002555999963078648,0.45584478974342346,740000.0,-0.016007758677005768,-0.000979965552687645,-0.15736615657806396,0.08086901158094406,0.0018234774470329285,2.591564416885376,2838.357421875,37.72758865356445,30.588897705078125,68.31648254394531,292.7550964355469
24.830116271972656,151.17999267578125,1000.0,37.0,0.6164423227310181,0.02083931490778923,6.0,0.9970846772193909,0.9970846772193909,0.9970846772193909,0.020997921004891396,0.00025439998717047274,0.4488070607185364,760000.0,-0.012746398337185383,0.003261360339820385,0.5116385817527771,0.07643748074769974,-0.004431530833244324,2.569505453109741,2895.354248046875,36.73577117919922,20.240150451660156,56.97692108154297,351.0193176269531
25.078567504882812,143.6199951171875,1000.0,38.0,0.6024792194366455,0.020916268229484558,7.0,0.9999144077301025,0.9999144077301025,0.9999144077301025,0.02191409282386303,0.00025320000713691115,0.44264501333236694,780000.0,-0.015083967708051205,-0.002337569370865822,0.037584319710731506,0.07645420730113983,1.6726553440093994e-05,2.5609030723571777,2955.3603515625,36.137908935546875,23.83135986328125,59.96926498413086,333.504150390625
25.819791793823242,141.60000610351562,1000.0,39.0,0.5886204838752747,0.020270351320505142,7.0,0.9979953765869141,0.9979953765869141,0.9979953765869141,0.02191065065562725,0.0002519999979995191,0.4366762638092041,800000.0,-0.013718824833631516,0.0013651428744196892,-0.03227773681282997,0.0854613184928894,0.009007111191749573,2.6255085468292236,3017.737548828125,36.4832763671875,25.873485565185547,62.35676193237305,320.73504638671875
26.890195846557617,129.24000549316406,1000.0,40.0,0.5793152451515198,0.02125340700149536,8.0,0.9990010857582092,0.9990010857582092,0.9990010857582092,0.022509468719363213,0.00025079998886212707,0.4326653480529785,820000.0,-0.016680855304002762,-0.0029620304703712463,-0.09248365461826324,0.08298560231924057,-0.0024757161736488342,2.649489641189575,3079.842529296875,34.438697814941406,27.642988204956055,62.08168411254883,322.15618896484375
27.263010025024414,127.5199966430664,1000.0,41.0,0.567302942276001,0.02079397439956665,4.0,0.9985402226448059,0.9985402226448059,0.9985402226448059,0.020137131214141846,0.0002496000088285655,0.4273688495159149,840000.0,-0.007244258653372526,0.009436596650630236,0.2670105993747711,0.08394862711429596,0.0009630247950553894,2.687784194946289,3131.719970703125,39.06278991699219,12.795110702514648,51.8578987121582,385.6693115234375
26.73798179626465,125.87999725341797,1000.0,42.0,0.554840624332428,0.02062457613646984,6.0,0.9970841407775879,0.9970841407775879,0.9970841407775879,0.022307466715574265,0.00024839999969117343,0.42205601930618286,860000.0,-0.012956872582435608,-0.005712613929063082,0.023993220180273056,0.0846104547381401,0.0006618276238441467,2.60052227973938,3189.701171875,37.706851959228516,20.255395889282227,57.96224594116211,345.05218505859375
25.59967613220215,137.5399932861328,1000.0,43.0,0.5395693778991699,0.022179320454597473,8.0,0.9977319240570068,0.9977319240570068,0.9977319240570068,0.021719133481383324,0.0002471999905537814,0.41567757725715637,880000.0,-0.016936957836151123,-0.003980085253715515,-0.16548208892345428,0.07967139035463333,-0.004939064383506775,2.6930580139160156,3252.979736328125,35.76185989379883,27.494178771972656,63.25703811645508,316.17034912109375
26.749282836914062,137.89999389648438,1000.0,44.0,0.5295180678367615,0.022825278341770172,5.0,0.9982477426528931,0.9982477426528931,0.9982477426528931,0.02134438045322895,0.0002460000105202198,0.4115184545516968,900000.0,-0.011172615922987461,0.005764341913163662,-0.028157852590084076,0.09109310060739517,0.01142171025276184,2.7530319690704346,3307.10595703125,38.82472610473633,15.282029151916504,54.106754302978516,369.6396179199219
26.995437622070312,142.5399932861328,1000.0,45.0,0.5134353637695312,0.020056482404470444,6.0,0.9989992380142212,0.9989992380142212,0.9989992380142212,0.021860666573047638,0.00024480000138282776,0.4050357937812805,920000.0,-0.012338997796177864,-0.001166381873190403,-0.14215639233589172,0.09030228853225708,-0.000790812075138092,2.671990394592285,3365.606201171875,39.26109313964844,19.221099853515625,58.48219299316406,341.98443603515625
26.32671356201172,138.0,1000.0,46.0,0.5058690309524536,0.02049122378230095,4.0,1.0001330375671387,1.0001330375671387,1.0001330375671387,0.02049405127763748,0.00024360000679735094,0.40213489532470703,940000.0,-0.008035372942686081,0.004303624853491783,-0.08823110908269882,0.08845005184412003,-0.0018522366881370544,2.642240524291992,3418.386474609375,39.82109069824219,12.935260772705078,52.756351470947266,379.1012878417969
24.128883361816406,172.8000030517578,1000.0,47.0,0.48721450567245483,0.020366234704852104,5.0,1.0017201900482178,1.0017201900482178,1.0017201900482178,0.020298538729548454,0.0002423999976599589,0.3947429358959198,960000.0,-0.010044701397418976,-0.002009328454732895,-0.07409141957759857,0.07074674963951111,-0.017703302204608917,2.5379316806793213,3475.301513671875,40.80445861816406,16.091577529907227,56.896034240722656,351.5183410644531
24.1189022064209,174.36000061035156,1000.0,48.0,0.47203949093818665,0.021123923361301422,7.0,0.9981151819229126,0.9981151819229126,0.9981151819229126,0.021384136751294136,0.00024120000307448208,0.38877221941947937,980000.0,-0.013012582436203957,-0.0029678810387849808,-0.21400800347328186,0.07790914177894592,0.0071623921394348145,2.679002523422241,3535.583984375,36.747493743896484,23.515432357788086,60.26292419433594,331.8789978027344
24.917648315429688,179.8800048828125,1000.0,49.0,0.46201303601264954,0.02091987058520317,6.0,0.9999245405197144,0.9999245405197144,0.9999245405197144,0.021461162716150284,0.00023999999393709004,0.38493746519088745,1000000.0,-0.013011189177632332,1.3932585716247559e-06,0.12493986636400223,0.08512675017118454,0.007217608392238617,2.6516852378845215,3594.446044921875,37.46877670288086,21.371183395385742,58.839962005615234,339.9050598144531
25.837852478027344,153.0800018310547,1000.0,50.0,0.4538920521736145,0.020176349207758904,3.0,0.9995466470718384,0.9995466470718384,0.9995466470718384,0.020011056214571,0.00023879999935161322,0.3819349706172943,1020000.0,-0.0033767044078558683,0.009634484769776464,-0.36012768745422363,0.08737259358167648,0.0022458434104919434,2.671510696411133,3640.644287109375,34.859249114990234,11.317545890808105,46.17779541015625,433.10858154296875
25.80530548095703,150.6199951171875,1000.0,51.0,0.44709861278533936,0.021076777949929237,4.0,0.9978976845741272,0.9978976845741272,0.9978976845741272,0.02021009474992752,0.0002376000047661364,0.3794795274734497,1040000.0,-0.006939138285815716,-0.0035624338779598475,0.2605930268764496,0.10367026180028915,0.01629766821861267,2.7176332473754883,3692.328857421875,37.200904846191406,14.466545104980469,51.667449951171875,387.0909118652344
25.495128631591797,149.86000061035156,1000.0,52.0,0.4401983916759491,0.02117295004427433,7.0,0.9988670945167542,0.9988670945167542,0.9988670945167542,0.022501755505800247,0.00023639999562874436,0.37689441442489624,1060000.0,-0.013448428362607956,-0.00650929007679224,0.018691755831241608,0.09173888713121414,-0.011931374669075012,2.7037436962127686,3753.41552734375,36.767425537109375,24.29520034790039,61.062625885009766,327.5325927734375
26.155994415283203,151.5,1000.0,53.0,0.423408567905426,0.020635828375816345,5.0,0.9998170137405396,0.9998170137405396,0.9998170137405396,0.02137640118598938,0.00023520000104326755,0.3705222010612488,1080000.0,-0.00988876260817051,0.0035596657544374466,-0.09223872423171997,0.10163895785808563,0.00990007072687149,2.7062253952026367,3806.87255859375,37.48157501220703,15.954446792602539,53.4360237121582,374.27935791015625
26.727771759033203,152.72000122070312,1000.0,54.0,0.4112507104873657,0.020889416337013245,6.0,0.99723881483078,0.99723881483078,0.99723881483078,0.021889561787247658,0.00023400000645779073,0.3661229610443115,1100000.0,-0.014468380250036716,-0.004579617641866207,0.15289534628391266,0.09694284945726395,-0.004696108400821686,2.8340048789978027,3865.925537109375,39.3435173034668,19.69148826599121,59.035003662109375,338.78204345703125
27.37807846069336,158.0800018310547,1000.0,55.0,0.4005933403968811,0.02147105149924755,7.0,0.9980937838554382,0.9980937838554382,0.9980937838554382,0.023788973689079285,0.0002327999973203987,0.3622777760028839,1120000.0,-0.014979243278503418,-0.0005108630284667015,-0.29649806022644043,0.08281359076499939,-0.014129258692264557,2.8458547592163086,3928.498046875,39.733619689941406,22.818653106689453,62.55227279663086,319.7325744628906
28.109786987304688,151.67999267578125,1000.0,56.0,0.39628535509109497,0.02125515416264534,5.0,1.0000709295272827,1.0000709295272827,1.0000709295272827,0.022036105394363403,0.00023160000273492187,0.3608296513557434,1140000.0,-0.01037215068936348,0.004607092589139938,-0.11849543452262878,0.10619181394577026,0.023378223180770874,2.938530683517456,3983.75146484375,38.12749481201172,17.105791091918945,55.2332878112793,362.1004943847656
27.615215301513672,150.86000061035156,1000.0,57.0,0.39411666989326477,0.020076807588338852,6.0,0.999694287776947,0.999694287776947,0.999694287776947,0.021528836339712143,0.00023039999359752983,0.3601638972759247,1160000.0,-0.014032617211341858,-0.0036604665219783783,0.08575601130723953,0.08435762673616409,-0.02183418720960617,2.8687188625335693,4042.594970703125,38.61906051635742,20.20611000061035,58.825172424316406,339.9905090332031
27.807619094848633,134.05999755859375,1000.0,58.0,0.38145098090171814,0.022485807538032532,6.0,0.999543309211731,0.999543309211731,0.999543309211731,0.021350273862481117,0.000229199999012053,0.3555702269077301,1180000.0,-0.013215851970016956,0.0008167652413249016,-0.11657120287418365,0.08423557132482529,-0.00012205541133880615,2.8118107318878174,4100.767578125,38.34595489501953,19.807350158691406,58.15330505371094,343.9185485839844
26.489585876464844,150.16000366210938,1000.0,59.0,0.3728184998035431,0.020860254764556885,6.0,0.9974849224090576,0.9974849224090576,0.9974849224090576,0.022021664306521416,0.0002280000044265762,0.35249918699264526,1200000.0,-0.013281815685331821,-6.596371531486511e-05,-0.2957202196121216,0.10233564674854279,0.0181000754237175,2.8106462955474854,4160.84521484375,40.07600021362305,19.981996536254883,60.05799865722656,333.0114440917969
27.048320770263672,149.83999633789062,1000.0,60.0,0.3596285879611969,0.021781327202916145,6.0,0.998512327671051,0.998512327671051,0.998512327671051,0.022130262106657028,0.00022679999528918415,0.34786373376846313,1220000.0,-0.012085676193237305,0.0011961394920945168,-0.007027532905340195,0.1025041788816452,0.000168532133102417,2.8743715286254883,4220.443359375,40.25695037841797,19.320737838745117,59.57768630981445,335.6961364746094
27.710325241088867,148.8000030517578,1000.0,61.0,0.3507857024669647,0.020378077402710915,5.0,0.9971837997436523,0.9971837997436523,0.9971837997436523,0.022249583154916763,0.00022560000070370734,0.344790518283844,1240000.0,-0.009857048280537128,0.0022286279127001762,-0.08708825707435608,0.08662115037441254,-0.015883028507232666,2.9271888732910156,4277.66748046875,40.06631851196289,17.138813018798828,57.20513153076172,349.6189880371094
26.796581268310547,148.52000427246094,1000.0,62.0,0.3427731394767761,0.020293142646551132,5.0,0.9998679161071777,0.9998679161071777,0.9998679161071777,0.021887049078941345,0.00022440000611823052,0.3420458137989044,1260000.0,-0.010462719015777111,-0.0006056707352399826,-0.0569409504532814,0.07979342341423035,-0.00682772696018219,2.8354508876800537,4333.13525390625,38.82265853881836,16.626296997070312,55.44895553588867,360.69207763671875
26.398176193237305,143.66000366210938,1000.0,63.0,0.32828280329704285,0.021358510479331017,5.0,0.999177098274231,0.999177098274231,0.999177098274231,0.021841831505298615,0.00022319999698083848,0.33710768818855286,1280000.0,-0.011092927306890488,-0.0006302082911133766,-0.03851829096674919,0.08061005920171738,0.00081663578748703,2.8748373985290527,4389.54736328125,40.85874557495117,15.534400939941406,56.39314651489258,354.65301513671875
25.027568817138672,149.33999633789062,1000.0,64.0,0.31625157594680786,0.02092006616294384,4.0,0.9978029131889343,0.9978029131889343,0.9978029131889343,0.022039789706468582,0.00022200000239536166,0.33310920000076294,1300000.0,-0.007517606485635042,0.0035753208212554455,0.08338379859924316,0.08669072389602661,0.006080664694309235,2.8711419105529785,4442.265625,39.67234802246094,13.027477264404297,52.699825286865234,379.5079040527344
27.037031173706055,143.25999450683594,1000.0,65.0,0.30660516023635864,0.020761866122484207,2.0,0.9985637068748474,0.9985637068748474,0.9985637068748474,0.01941450498998165,0.00022079999325796962,0.32991570234298706,1320000.0,-0.0009664156241342425,0.0065511908615008,0.21071113646030426,0.09916775673627853,0.012477032840251923,2.8938417434692383,4488.466796875,39.241905212402344,6.938260078430176,46.18016815185547,433.0863342285156
27.0512752532959,136.1199951171875,1000.0,66.0,0.2957470715045929,0.020473653450608253,5.0,0.9981224536895752,0.9981224536895752,0.9981224536895752,0.02112872153520584,0.0002195999986724928,0.3263523280620575,1340000.0,-0.010156762786209583,-0.00919034716207534,-0.14282087981700897,0.09384126216173172,-0.005326494574546814,2.855893135070801,4542.96240234375,37.581478118896484,16.896574020385742,54.47805404663086,367.12030029296875
28.150856018066406,136.22000122070312,1000.0,67.0,0.2840617001056671,0.02121885120868683,6.0,0.9994350671768188,0.9994350671768188,0.9994350671768188,0.022182393819093704,0.00021840000408701599,0.3225250840187073,1360000.0,-0.012808898463845253,-0.0026521356776356697,-0.006342485547065735,0.0862048789858818,-0.0076363831758499146,2.949582099914551,4604.63720703125,39.75863265991211,21.895112991333008,61.65374755859375,324.3923034667969
27.37210464477539,133.97999572753906,1000.0,68.0,0.2688618004322052,0.021727925166487694,6.0,0.9989349246025085,0.9989349246025085,0.9989349246025085,0.022634232416749,0.00021719999494962394,0.3175733685493469,1380000.0,-0.012954497709870338,-0.00014559924602508545,0.24126319587230682,0.07625330239534378,-0.009951576590538025,2.879031181335449,4663.93115234375,38.330665588378906,20.942224502563477,59.27288818359375,337.4223937988281
27.375818252563477,136.05999755859375,1000.0,69.0,0.26643767952919006,0.021681588143110275,4.0,0.9989421963691711,0.9989421963691711,0.9989421963691711,0.02111024223268032,0.00021600000036414713,0.31685230135917664,1400000.0,-0.007002159487456083,0.005952338222414255,-0.20113638043403625,0.07519349455833435,-0.00105980783700943,2.8715975284576416,4716.953125,38.668312072753906,14.331754684448242,53.000064849853516,377.3580322265625
25.791414260864258,147.4600067138672,1000.0,70.0,0.26439952850341797,0.020410239696502686,6.0,0.9978392720222473,0.9978392720222473,0.9978392720222473,0.023104341700673103,0.0002148000057786703,0.31623995304107666,1420000.0,-0.013325072824954987,-0.006322913337498903,-0.0663294717669487,0.07793872058391571,0.00274522602558136,2.788013458251953,4775.20556640625,37.99361801147461,20.240345001220703,58.2349853515625,343.4361572265625
25.60818862915039,153.75999450683594,1000.0,71.0,0.25831976532936096,0.02047848515212536,5.0,1.000336766242981,1.000336766242981,1.000336766242981,0.022379959002137184,0.00021359999664127827,0.31447431445121765,1440000.0,-0.00906513724476099,0.004259935580193996,-0.00567232072353363,0.0790044441819191,0.0010657235980033875,2.8710691928863525,4830.4013671875,38.87900161743164,16.29869270324707,55.17769241333008,362.4653015136719
26.221141815185547,159.0399932861328,1000.0,72.0,0.25022003054618835,0.021826447919011116,7.0,0.9997394680976868,0.9997394680976868,0.9997394680976868,0.022429773584008217,0.00021240000205580145,0.3119819462299347,1460000.0,-0.014691588468849659,-0.005626451224088669,0.022645290940999985,0.08542296290397644,0.0064185187220573425,2.8516578674316406,4894.28955078125,40.38032913208008,23.489273071289062,63.86960220336914,313.13800048828125
27.098350524902344,149.55999755859375,1000.0,73.0,0.23824214935302734,0.020632794126868248,5.0,0.9986445307731628,0.9986445307731628,0.9986445307731628,0.02215390093624592,0.0002111999929184094,0.30827781558036804,1480000.0,-0.009739652276039124,0.004951936192810535,-0.02921486645936966,0.08849822729825974,0.0030752643942832947,2.929612874984741,4950.3388671875,39.15189743041992,16.867538452148438,56.01943588256836,357.0189514160156
28.361316680908203,135.32000732421875,1000.0,74.0,0.2291789948940277,0.02002912573516369,4.0,0.9989069104194641,0.9989069104194641,0.9989069104194641,0.02283428981900215,0.0002099999983329326,0.3055199682712555,1500000.0,-0.00976373441517353,-2.4082139134407043e-05,0.1776018887758255,0.09304824471473694,0.004550017416477203,2.921875,5003.681640625,40.26715850830078,13.056312561035156,53.32347106933594,375.0693664550781
29.10187530517578,128.89999389648438,1000.0,75.0,0.21854494512081146,0.022098880261182785,6.0,0.9978675246238708,0.9978675246238708,0.9978675246238708,0.02238655649125576,0.00020880000374745578,0.30221208930015564,1520000.0,-0.01212155632674694,-0.00235782191157341,0.08140289783477783,0.09272274374961853,-0.0003255009651184082,3.039091110229492,5062.7275390625,39.53938674926758,19.48601531982422,59.02540588378906,338.837158203125
28.362520217895508,141.8800048828125,1000.0,76.0,0.20243892073631287,0.02274221181869507,6.0,0.9987878203392029,0.9987878203392029,0.9987878203392029,0.021966690197587013,0.00020759999461006373,0.29733195900917053,1540000.0,-0.012204911559820175,-8.335523307323456e-05,-0.22795672714710236,0.10261275619268417,0.009890012443065643,2.973435640335083,5123.6591796875,40.41064453125,20.494094848632812,60.90473937988281,328.3816833496094
27.672578811645508,145.39999389648438,1000.0,77.0,0.1941823959350586,0.023829089477658272,6.0,0.9970235228538513,0.9970235228538513,0.9970235228538513,0.02321273647248745,0.00020640000002458692,0.2949824035167694,1560000.0,-0.011946141719818115,0.00025876984000205994,0.18791554868221283,0.08345532417297363,-0.01915743201971054,2.9332690238952637,5185.1904296875,41.1247673034668,20.377330780029297,61.502098083496094,325.192138671875
27.64447593688965,151.97999572753906,1000.0,78.0,0.19100219011306763,0.02087615430355072,3.0,0.9982460737228394,0.9982460737228394,0.9982460737228394,0.020988062024116516,0.0002052000054391101,0.29407748579978943,1580000.0,-0.005042849108576775,0.006903292611241341,0.0883144810795784,0.10209900885820389,0.018643684685230255,2.953862190246582,5233.09423828125,37.906982421875,9.978059768676758,47.885040283203125,417.6669616699219
28.765451431274414,134.25999450683594,1000.0,79.0,0.18567046523094177,0.020573249086737633,5.0,0.9968191385269165,0.9968191385269165,0.9968191385269165,0.021741895005106926,0.00020399999630171806,0.29256799817085266,1600000.0,-0.008330083452165127,-0.003287234343588352,-0.024189341813325882,0.10020393133163452,-0.0018950775265693665,3.0413734912872314,5290.08642578125,40.1650505065918,16.808732986450195,56.973785400390625,351.03863525390625
30.387632369995117,134.67999267578125,1000.0,80.0,0.17737945914268494,0.021299144253134727,5.0,0.997663676738739,0.997663676738739,0.997663676738739,0.022924697026610374,0.00020280000171624124,0.29025793075561523,1620000.0,-0.01070086658000946,-0.0023707831278443336,0.3136328458786011,0.11102287471294403,0.01081894338130951,3.053008556365967,5347.0625,40.39064025878906,16.56716537475586,56.95780563354492,351.13714599609375
29.493732452392578,139.25999450683594,1000.0,81.0,0.17241188883781433,0.021522458642721176,5.0,0.9994629621505737,0.9994629621505737,0.9994629621505737,0.021568618714809418,0.00020160000713076442,0.28872764110565186,1640000.0,-0.012300721369683743,-0.001599854789674282,0.21002571284770966,0.09170569479465485,-0.019317179918289185,3.0620996952056885,5404.3115234375,40.11825180053711,17.11058235168457,57.22883605957031,349.47418212890625
29.8539981842041,134.32000732421875,1000.0,82.0,0.16883696615695953,0.023425346240401268,6.0,0.9988778233528137,0.9988778233528137,0.9988778233528137,0.022508954629302025,0.00020039999799337238,0.2877201437950134,1660000.0,-0.012456073425710201,-0.00015535205602645874,0.032700315117836,0.09393367916345596,0.002227984368801117,3.0968728065490723,5461.70654296875,37.03856658935547,20.337617874145508,57.376182556152344,348.5766906738281
28.445959091186523,146.0800018310547,1000.0,83.0,0.16076567769050598,0.02019888162612915,6.0,0.9997727870941162,0.9997727870941162,0.9997727870941162,0.022660167887806892,0.00019920000340789557,0.28539028763771057,1680000.0,-0.012165018357336521,0.0002910550683736801,-0.11069108545780182,0.08800952881574631,-0.005924150347709656,2.9838764667510986,5521.0078125,39.34915542602539,19.9316463470459,59.28080368041992,337.3773498535156
27.950424194335938,151.83999633789062,1000.0,84.0,0.15504273772239685,0.021001538261771202,5.0,0.9988244771957397,0.9988244771957397,0.9988244771957397,0.02208097279071808,0.00019799999427050352,0.28369319438934326,1700000.0,-0.010574317537248135,0.0015907008200883865,0.3343973457813263,0.09268958121538162,0.004680052399635315,2.9966752529144287,5577.57861328125,39.54969024658203,17.002403259277344,56.55209732055664,353.6562194824219
26.95267105102539,170.9199981689453,1000.0,85.0,0.14249774813652039,0.020509304478764534,4.0,0.9994305968284607,0.9994305968284607,0.9994305968284607,0.022416114807128906,0.0001967999996850267,0.2800869047641754,1720000.0,-0.008829650469124317,0.0017446670681238174,-0.020053882151842117,0.09580045193433762,0.0031108707189559937,2.971083879470825,5630.5517578125,39.36233901977539,13.587823867797852,52.950164794921875,377.7136535644531
27.513500213623047,164.0800018310547,1000.0,86.0,0.1299549639225006,0.020305907353758812,5.0,0.9984332919120789,0.9984332919120789,0.9984332919120789,0.02246614173054695,0.0001956000050995499,0.27664029598236084,1740000.0,-0.010646548122167587,-0.0018168976530432701,0.3073745369911194,0.09597840905189514,0.00017795711755752563,3.0058798789978027,5686.8359375,38.368812561035156,17.896156311035156,56.26496887207031,355.4609375
27.453880310058594,157.6999969482422,1000.0,87.0,0.12669986486434937,0.023028984665870667,6.0,0.99830162525177,0.99830162525177,0.99830162525177,0.02307087741792202,0.00019439999596215785,0.27582651376724243,1760000.0,-0.01390565000474453,-0.0032591018825769424,0.012256789952516556,0.07961589097976685,-0.016362518072128296,3.0134201049804688,5745.99072265625,39.86425018310547,19.269800186157227,59.13502883911133,338.2090148925781
27.665578842163086,150.97999572753906,1000.0,88.0,0.12348445504903793,0.020578214898705482,5.0,0.9990640878677368,0.9990640878677368,0.9990640878677368,0.022632911801338196,0.00019320000137668103,0.27495431900024414,1780000.0,-0.011208169162273407,0.0026974808424711227,-0.2562119662761688,0.09336180239915848,0.013745911419391632,2.9958441257476807,5801.78271484375,39.5938606262207,16.179901123046875,55.77376174926758,358.591552734375
26.826635360717773,161.5399932861328,1000.0,89.0,0.11290117353200912,0.022429198026657104,5.0,0.9985315799713135,0.9985315799713135,0.9985315799713135,0.021271398290991783,0.00019200000679120421,0.27211233973503113,1800000.0,-0.009395429864525795,0.001812739297747612,-0.16283711791038513,0.09492965787649155,0.0015678554773330688,3.0714621543884277,5857.8134765625,39.54180145263672,16.470136642456055,56.011940002441406,357.0667419433594
28.083972930908203,162.86000061035156,1000.0,90.0,0.10321375727653503,0.022197267040610313,5.0,0.9990893602371216,0.9990893602371216,0.9990893602371216,0.02269178070127964,0.00019079999765381217,0.26950082182884216,1820000.0,-0.011221450753509998,-0.0018260208889842033,-0.14236316084861755,0.10281655937433243,0.007886901497840881,3.0557034015655518,5914.82177734375,39.66572570800781,17.32086944580078,56.986595153808594,350.9597473144531
27.858501434326172,167.55999755859375,1000.0,91.0,0.09757266193628311,0.021219080314040184,2.0,1.0001055002212524,1.0001055002212524,1.0001055002212524,0.02052566595375538,0.00018960000306833535,0.2679719626903534,1840000.0,-0.0004392032860778272,0.010782247467432171,0.11691129207611084,0.09788789600133896,-0.004928663372993469,3.0353763103485107,5960.720703125,38.59150314331055,7.2705583572387695,45.862064361572266,436.09027099609375
27.417137145996094,160.33999633789062,1000.0,92.0,0.09340930730104446,0.020615680143237114,4.0,0.999775767326355,0.999775767326355,0.999775767326355,0.021313566714525223,0.0001883999939309433,0.26688432693481445,1860000.0,-0.007537760306149721,-0.007098557020071894,0.08304405957460403,0.0974709764122963,-0.0004169195890426636,2.9615187644958496,6014.60302734375,40.09869384765625,13.76573371887207,53.86442947387695,371.30255126953125
27.21038055419922,144.55999755859375,1000.0,93.0,0.08902247250080109,0.022725820541381836,4.0,1.00010085105896,1.00010085105896,1.00010085105896,0.02132064662873745,0.0001871999993454665,0.2657599151134491,1880000.0,-0.00828482210636139,-0.000747061800211668,0.07193707674741745,0.10710667818784714,0.009635701775550842,3.006549119949341,6068.30859375,39.522361755371094,14.166277885437012,53.688636779785156,372.518310546875
27.135087966918945,148.16000366210938,1000.0,94.0,0.0796554833650589,0.02001318708062172,5.0,1.0003427267074585,1.0003427267074585,1.0003427267074585,0.020981483161449432,0.00018600000475998968,0.2633779048919678,1900000.0,-0.009509961120784283,-0.0012251390144228935,-0.04583742469549179,0.0981396734714508,-0.008967004716396332,2.9813852310180664,6124.81494140625,39.683624267578125,16.803070068359375,56.4866943359375,354.065673828125
26.910606384277344,152.24000549316406,1000.0,95.0,0.07023214548826218,0.02029518038034439,6.0,1.0007071495056152,1.0007071495056152,1.0007071495056152,0.02235630713403225,0.00018479999562259763,0.2609623968601227,1920000.0,-0.012854896485805511,-0.003344935365021229,0.07905302196741104,0.0857064500451088,-0.01243322342634201,3.0723824501037598,6184.625,40.09556579589844,19.695329666137695,59.79188919067383,334.4935302734375
26.759809494018555,158.22000122070312,1000.0,96.0,0.05972938984632492,0.021768173202872276,4.0,1.002152442932129,1.002152442932129,1.002152442932129,0.02189636044204235,0.00018360000103712082,0.2582947313785553,1940000.0,-0.008906463161110878,0.0039484333246946335,0.3856607675552368,0.0921408012509346,0.006434351205825806,3.0124733448028564,6236.421875,38.157169342041016,13.620783805847168,51.7779541015625,386.2647705078125
27.09351348876953,152.39999389648438,1000.0,97.0,0.052247337996959686,0.021344417706131935,3.0,0.9984319806098938,0.9984319806098938,0.9984319806098938,0.021029336377978325,0.000182400006451644,0.25645044445991516,1960000.0,-0.005989460740238428,0.00291700242087245,-0.14677873253822327,0.08746899664402008,-0.00467180460691452,3.0410194396972656,6285.35986328125,38.06845474243164,10.8516845703125,48.92013931274414,408.8295593261719
26.750408172607422,153.5,1000.0,98.0,0.04200814664363861,0.020683957263827324,4.0,0.9988541603088379,0.9988541603088379,0.9988541603088379,0.021457241848111153,0.00018119999731425196,0.2538916766643524,1980000.0,-0.006561250425875187,-0.0005717896856367588,-0.10481813549995422,0.09874560683965683,0.01127661019563675,3.039651393890381,6337.38427734375,36.913330078125,15.093361854553223,52.006690979003906,384.5658874511719
27.699241638183594,147.83999633789062,1000.0,99.0,0.03322788327932358,0.020415499806404114,5.0,0.998986542224884,0.998986542224884,0.998986542224884,0.022829977795481682,0.00018000000272877514,0.251594215631485,2000000.0,-0.011469736695289612,-0.004908486269414425,-0.18041744828224182,0.10859405249357224,0.009848445653915405,3.146014928817749,6392.1279296875,36.91022872924805,17.809715270996094,54.71994400024414,365.4974365234375
28.634321212768555,164.17999267578125,1000.0,100.0,0.023588823154568672,0.024080509319901466,6.0,0.9973922371864319,0.9973922371864319,0.9973922371864319,0.022451933473348618,0.0001787999935913831,0.24915263056755066,2020000.0,-0.01295759342610836,-0.0014878567308187485,-0.06522507220506668,0.0979972705245018,-0.010596781969070435,3.099339723587036,6450.619140625,38.32101058959961,20.150447845458984,58.471458435058594,342.0472106933594
28.736108779907227,161.60000610351562,1000.0,101.0,0.015195727348327637,0.021326353773474693,6.0,1.000573992729187,1.000573992729187,1.000573992729187,0.022251710295677185,0.00017759999900590628,0.24712708592414856,2040000.0,-0.01129000075161457,0.0016675926744937897,0.07405463606119156,0.09938931465148926,0.0013920441269874573,3.0845413208007812,6511.31689453125,39.137535095214844,21.54206085205078,60.679595947265625,329.6000671386719
28.8912296295166,152.22000122070312,1000.0,102.0,-0.0031500235199928284,0.020450159907341003,5.0,1.0000543594360352,1.0000543594360352,1.0000543594360352,0.022719616070389748,0.00017640000442042947,0.2426183521747589,2060000.0,-0.011461147107183933,-0.00017114635556936264,-0.08436939120292664,0.09412141889333725,-0.005267895758152008,3.1208834648132324,6567.5224609375,39.56625747680664,16.6208438873291,56.18709945678711,355.9535827636719
29.387954711914062,138.86000061035156,1000.0,103.0,-0.007592150941491127,0.02151680178940296,4.0,0.9977360367774963,0.9977360367774963,0.9977360367774963,0.02126218006014824,0.00017519999528303742,0.24163594841957092,2080000.0,-0.007809447590261698,0.0036516995169222355,0.16417527198791504,0.08955846726894379,-0.004562951624393463,3.095217227935791,6620.26025390625,38.71975326538086,13.9985990524292,52.718353271484375,379.3745422363281
29.212141036987305,135.89999389648438,1000.0,104.0,-0.007812771946191788,0.024294059723615646,5.0,1.000128984451294,1.000128984451294,1.000128984451294,0.02341538853943348,0.0001740000006975606,0.2415485680103302,2100000.0,-0.009644821286201477,-0.0018353736959397793,0.1482248604297638,0.09207209944725037,0.0025136321783065796,3.0543298721313477,6676.53662109375,39.76959228515625,16.48775291442871,56.25834655761719,355.5028076171875
29.011760711669922,143.89999389648438,1000.0,105.0,-0.012044670060276985,0.023128462955355644,6.0,0.9988860487937927,0.9988860487937927,0.9988860487937927,0.022566569969058037,0.0001728000061120838,0.24059754610061646,2120000.0,-0.01256303396075964,-0.0029182126745581627,-0.2677324712276459,0.09169799834489822,-0.00037410110235214233,3.084829568862915,6735.03173828125,39.00957489013672,19.46746826171875,58.47704315185547,342.0145568847656
28.157812118530273,134.3800048828125,1000.0,106.0,-0.017562687397003174,0.025137094780802727,6.0,0.9990175366401672,0.9990175366401672,0.9990175366401672,0.023037251085042953,0.00017159999697469175,0.2392309606075287,2140000.0,-0.014526458457112312,-0.0019634244963526726,0.008215392008423805,0.08634710311889648,-0.0053508952260017395,3.108189105987549,6795.90380859375,40.39017868041992,20.46253776550293,60.85271453857422,328.66241455078125
27.732093811035156,137.4600067138672,1000.0,107.0,-0.030056895688176155,0.020160004496574402,4.0,1.0015801191329956,1.0015801191329956,1.0015801191329956,0.02177123911678791,0.00017040000238921493,0.23619452118873596,2160000.0,-0.00797031819820404,0.006556140258908272,-0.2631623446941376,0.08127478510141373,-0.005072318017482758,3.1076221466064453,6850.1103515625,41.8241081237793,12.363039016723633,54.1871452331543,369.0912170410156
27.2014217376709,137.32000732421875,1000.0,108.0,-0.037613797932863235,0.02228011004626751,4.0,1.0009649991989136,1.0009649991989136,1.0009649991989136,0.023178737610578537,0.0001691999932518229,0.2344837188720703,2180000.0,-0.007545443717390299,0.0004248744808137417,-0.05506539344787598,0.09190106391906738,0.010626278817653656,3.0094597339630127,6902.271484375,39.96385192871094,12.18001937866211,52.14387130737305,383.55419921875
27.3897705078125,154.6999969482422,1000.0,109.0,-0.04196922481060028,0.022852346301078796,4.0,0.9997848272323608,0.9997848272323608,0.9997848272323608,0.02095181867480278,0.00016799999866634607,0.23344337940216064,2200000.0,-0.0071117449551820755,0.00043369876220822334,-0.12497295439243317,0.08396612852811813,-0.00793493539094925,3.0911295413970947,6955.892578125,40.5120964050293,13.083965301513672,53.59606170654297,373.1617431640625
29.032392501831055,157.1199951171875,1000.0,110.0,-0.04752757400274277,0.021550990641117096,4.0,0.9978505373001099,0.9978505373001099,0.9978505373001099,0.021983575075864792,0.00016680000408086926,0.232099249958992,2220000.0,-0.00862155482172966,-0.0015098098665475845,0.0732894316315651,0.09717865288257599,0.013212524354457855,3.0685598850250244,7008.71240234375,38.53486633300781,14.26400375366211,52.79887008666992,378.79595947265625
28.554025650024414,166.02000427246094,1000.0,111.0,-0.05634098872542381,0.020915141329169273,5.0,1.0001758337020874,1.0001758337020874,1.0001758337020874,0.02257026545703411,0.0001655999949434772,0.23018817603588104,2240000.0,-0.010508297011256218,-0.001886742189526558,0.007116504013538361,0.08907633274793625,-0.00810232013463974,3.0043396949768066,7065.9765625,39.172637939453125,18.072439193725586,57.24607849121094,349.3689270019531
28.42764663696289,158.0800018310547,1000.0,112.0,-0.057799648493528366,0.021685685962438583,5.0,0.9972532391548157,0.9972532391548157,0.9972532391548157,0.021841783076524734,0.0001644000003580004,0.22998958826065063,2260000.0,-0.012169341556727886,-0.0016610445454716682,-0.2656201124191284,0.09163054078817368,0.0025542080402374268,3.024973154067993,7121.55517578125,38.994895935058594,16.562599182128906,55.557491302490234,359.9874572753906
27.868749618530273,155.77999877929688,1000.0,113.0,-0.06804300099611282,0.020613018423318863,5.0,1.0000767707824707,1.0000767707824707,1.0000767707824707,0.022055331617593765,0.00016320000577252358,0.22775988280773163,2280000.0,-0.009233050979673862,0.0029362905770540237,-0.004429806023836136,0.10444076359272003,0.012810222804546356,3.0012569427490234,7177.9306640625,39.75413513183594,16.602813720703125,56.35695266723633,354.88079833984375
29.487167358398438,136.60000610351562,1000.0,114.0,-0.08169453591108322,0.02314390242099762,5.0,0.9970938563346863,0.9970938563346863,0.9970938563346863,0.02229573391377926,0.00016199999663513154,0.22473277151584625,2300000.0,-0.012250682339072227,-0.003017631359398365,0.04613601416349411,0.0920436903834343,-0.012397073209285736,3.0441715717315674,7235.5498046875,39.16059875488281,18.43743324279785,57.5980339050293,347.23406982421875
29.530858993530273,134.4199981689453,1000.0,115.0,-0.09195780754089355,0.021218255162239075,5.0,1.000705599784851,1.000705599784851,1.000705599784851,0.022093841806054115,0.00016080000204965472,0.2223397195339203,2320000.0,-0.010778031311929226,0.0014726510271430016,0.10909153521060944,0.0893285796046257,-0.0027151107788085938,3.0882601737976074,7290.921875,37.18445587158203,18.16451644897461,55.349483489990234,361.34033203125
30.050168991088867,139.52000427246094,1000.0,116.0,-0.09737824648618698,0.020246829837560654,4.0,0.9991507530212402,0.9991507530212402,0.9991507530212402,0.021970704197883606,0.00015959999291226268,0.22113139927387238,2340000.0,-0.00827123038470745,0.002506800927221775,0.22540904581546783,0.09411975741386414,0.004791177809238434,3.1098697185516357,7342.53857421875,38.987361907958984,12.610431671142578,51.59779357910156,387.61346435546875
28.584047317504883,148.1999969482422,1000.0,117.0,-0.10538960248231888,0.022361047565937042,5.0,1.0007704496383667,1.0007704496383667,1.0007704496383667,0.021785864606499672,0.00015839999832678586,0.21934981644153595,2360000.0,-0.010860306210815907,-0.0025890758261084557,-0.21780532598495483,0.08875711262226105,-0.005362644791603088,3.057701826095581,7398.23095703125,39.993865966796875,15.680669784545898,55.67453384399414,359.23065185546875
28.495832443237305,154.16000366210938,1000.0,118.0,-0.11676531285047531,0.020382318645715714,4.0,1.0002185106277466,1.0002185106277466,1.0002185106277466,0.02282584086060524,0.00015720000374130905,0.21675258874893188,2380000.0,-0.009380057454109192,0.0014802487567067146,0.07192909717559814,0.10872530937194824,0.019968196749687195,3.1030402183532715,7452.6396484375,40.269081115722656,14.120107650756836,54.389190673828125,367.7201232910156
27.37616539001465,157.9199981689453,1000.0,119.0,-0.1259194165468216,0.021547827869653702,6.0,0.9986479878425598,0.9986479878425598,0.9986479878425598,0.02284262329339981,0.000155999994603917,0.21486468613147736,2400000.0,-0.012680351734161377,-0.003300294280052185,0.21610969305038452,0.09113204479217529,-0.01759326457977295,2.9954991340637207,7510.92724609375,37.96963119506836,20.29522705078125,58.264854431152344,343.2601013183594
26.349712371826172,173.86000061035156,1000.0,120.0,-0.13268932700157166,0.022482462227344513,5.0,0.9986252188682556,0.9986252188682556,0.9986252188682556,0.022057224065065384,0.0001548000000184402,0.21354317665100098,2420000.0,-0.010123208165168762,0.0025571435689926147,-0.3715200424194336,0.09681353718042374,0.005681492388248444,2.8803141117095947,7568.689453125,40.88548278808594,16.856101989746094,57.74158477783203,346.3708190917969
26.531362533569336,175.75999450683594,1000.0,121.0,-0.13429589569568634,0.02119915373623371,5.0,0.9992326498031616,0.9992326498031616,0.9992326498031616,0.022870216518640518,0.00015360000543296337,0.21322223544120789,2440000.0,-0.010963567532598972,-0.0008403593674302101,-0.015910927206277847,0.09417112171649933,-0.002642415463924408,3.0352742671966553,7623.634765625,37.14584732055664,17.775222778320312,54.92107009887695,364.1589660644531
26.74054527282715,183.16000366210938,1000.0,122.0,-0.13790762424468994,0.023107372224330902,5.0,1.00119948387146,1.00119948387146,1.00119948387146,0.02296864241361618,0.00015239999629557133,0.21244370937347412,2460000.0,-0.012531684711575508,-0.0015681171789765358,0.39155668020248413,0.08823495358228683,-0.005936168134212494,2.9562363624572754,7678.78857421875,38.44429397583008,16.690412521362305,55.134708404541016,362.7479248046875
27.203968048095703,177.3000030517578,1000.0,123.0,-0.14223988354206085,0.0210784450173378,5.0,0.9997340440750122,0.9997340440750122,0.9997340440750122,0.022599177435040474,0.0001512000017100945,0.21149586141109467,2480000.0,-0.00964288879185915,0.002888795919716358,-0.3904459774494171,0.08793267607688904,-0.00030227750539779663,2.926630973815918,7733.720703125,37.71390151977539,17.198898315429688,54.91279983520508,364.21380615234375
25.92255401611328,184.55999755859375,1000.0,124.0,-0.1493842899799347,0.020737843587994576,5.0,0.9997255802154541,0.9997255802154541,0.9997255802154541,0.021751349791884422,0.0001500000071246177,0.21009919047355652,2500000.0,-0.010944681242108345,-0.001301792450249195,0.008501626551151276,0.07891077548265457,-0.009021900594234467,2.8778891563415527,7788.4306640625,36.65082931518555,18.03421401977539,54.68504333496094,365.730712890625
25.91903305053711,185.4600067138672,1000.0,125.0,-0.1560508906841278,0.021262390539050102,5.0,0.9983392953872681,0.9983392953872681,0.9983392953872681,0.02199043706059456,0.00014879999798722565,0.20873409509658813,2520000.0,-0.012289099395275116,-0.001344418153166771,0.2633371949195862,0.09803853183984756,0.019127756357192993,2.938520669937134,7845.41357421875,39.68836212158203,17.27479362487793,56.963157653808594,351.1041564941406
25.67993927001953,182.63999938964844,1000.0,126.0,-0.15978585183620453,0.021395016461610794,5.0,0.9993317127227783,0.9993317127227783,0.9993317127227783,0.022381983697414398,0.00014760000340174884,0.20799902081489563,2540000.0,-0.010542883537709713,0.001746215857565403,-0.016381602734327316,0.08231526613235474,-0.01572326570749283,2.9266843795776367,7902.52734375,39.66993713378906,17.42171859741211,57.09165573120117,350.3138732910156
26.618236541748047,167.6199951171875,1000.0,127.0,-0.16620102524757385,0.02189529500901699,5.0,1.0000919103622437,1.0000919103622437,1.0000919103622437,0.022024881094694138,0.0001463999942643568,0.20665712654590607,2560000.0,-0.011346903629601002,-0.0008040200918912888,-0.06583906710147858,0.09823539108037949,0.01592012494802475,2.896136522293091,7957.97216796875,38.26606750488281,17.159503936767578,55.42557144165039,360.8442687988281
26.47869873046875,158.97999572753906,1000.0,128.0,-0.17109142243862152,0.020938647910952568,6.0,0.9989849328994751,0.9989849328994751,0.9989849328994751,0.023186776787042618,0.00014519999967887998,0.2056620717048645,2580000.0,-0.013501032255589962,-0.0021541286259889603,-0.08172325789928436,0.08436154574155807,-0.013873845338821411,2.899195432662964,8017.6513671875,38.57942199707031,21.059520721435547,59.63894271850586,335.3513488769531
27.670686721801758,158.74000549316406,1000.0,129.0,-0.17350220680236816,0.021556830033659935,5.0,0.9995996952056885,0.9995996952056885,0.9995996952056885,0.022692514583468437,0.00014400000509340316,0.20518191158771515,2600000.0,-0.010454445146024227,0.003046587109565735,-0.2411414533853531,0.09107688069343567,0.006715334951877594,2.876601219177246,8073.90478515625,38.4101676940918,17.82344627380371,56.23361587524414,355.6591491699219
28.026235580444336,167.02000427246094,1000.0,130.0,-0.18180140852928162,0.02075677178800106,5.0,0.9993671774864197,0.9993671774864197,0.9993671774864197,0.021938808262348175,0.00014279999595601112,0.2035864293575287,2620000.0,-0.010377801023423672,7.664412260055542e-05,-0.11603233218193054,0.09807411581277847,0.006997235119342804,2.9193317890167236,8129.28662109375,37.2389030456543,18.124670028686523,55.36357116699219,361.2483825683594
27.392414093017578,175.4199981689453,1000.0,131.0,-0.1874404400587082,0.024006448686122894,6.0,0.997917652130127,0.997917652130127,0.997917652130127,0.022795215249061584,0.0001416000013705343,0.20245376229286194,2640000.0,-0.012664898298680782,-0.0022870972752571106,0.08790320158004761,0.0781736671924591,-0.019900448620319366,2.7901864051818848,8188.2998046875,38.76243591308594,20.23149871826172,58.993934631347656,339.01788330078125
26.850879669189453,177.8800048828125,1000.0,132.0,-0.192801371216774,0.020037243142724037,3.0,0.9999836683273315,0.9999836683273315,0.9999836683273315,0.02068987861275673,0.00014040000678505749,0.2013317495584488,2660000.0,-0.006059578619897366,0.006605319678783417,0.4762214422225952,0.11384522169828415,0.03567155450582504,2.8740785121917725,8237.8359375,39.26436996459961,10.25404167175293,49.51841354370117,403.8901672363281
27.131240844726562,164.0800018310547,1000.0,133.0,-0.19583435356616974,0.02080577053129673,6.0,0.9986963272094727,0.9986963272094727,0.9986963272094727,0.02217680588364601,0.00013919999764766544,0.2006417214870453,2680000.0,-0.013360153883695602,-0.007300575263798237,-0.13482598960399628,0.09412633627653122,-0.01971888542175293,2.9549901485443115,8294.6884765625,37.16423797607422,19.67074203491211,56.83498001098633,351.8959655761719
27.58081817626953,169.83999633789062,1000.0,134.0,-0.19844350218772888,0.0204550139605999,5.0,1.000293254852295,1.000293254852295,1.000293254852295,0.022165177389979362,0.00013800000306218863,0.20011867582798004,2700000.0,-0.012079866603016853,0.001280287280678749,-0.10843120515346527,0.09116412699222565,-0.0029622092843055725,2.9522812366485596,8350.0791015625,38.028804779052734,17.33453369140625,55.363338470458984,361.2499084472656
28.134355545043945,166.32000732421875,1000.0,135.0,-0.20538665354251862,0.020017122849822044,5.0,0.9991891384124756,0.9991891384124756,0.9991891384124756,0.02174496278166771,0.00013679999392479658,0.1987781822681427,2720000.0,-0.011561814695596695,0.0005180519074201584,0.25823432207107544,0.10233590751886368,0.011171780526638031,2.9611480236053467,8405.6669921875,37.94076156616211,17.627471923828125,55.568233489990234,359.9178771972656
28.590116500854492,189.36000061035156,1000.0,136.0,-0.21595682203769684,0.02123795822262764,6.0,0.9994864463806152,0.9994864463806152,0.9994864463806152,0.022241337224841118,0.00013559999933931977,0.1966385394334793,2740000.0,-0.012821816839277744,-0.0012600021436810493,0.20811717212200165,0.08751646429300308,-0.014819443225860596,2.9541971683502197,8463.4248046875,38.06852340698242,19.66883087158203,57.738311767578125,346.39044189453125
28.646413803100586,183.32000732421875,1000.0,137.0,-0.21976478397846222,0.020663464441895485,6.0,1.000077486038208,1.000077486038208,1.000077486038208,0.021993884816765785,0.00013440000475384295,0.1958613395690918,2760000.0,-0.013207907788455486,-0.000386090949177742,-0.11829282343387604,0.10606040060520172,0.01854393631219864,2.978245496749878,8520.62109375,37.80764389038086,19.36974334716797,57.17738723754883,349.78863525390625
27.561689376831055,196.9199981689453,1000.0,138.0,-0.2278199940919876,0.02008303627371788,5.0,1.0012308359146118,1.0012308359146118,1.0012308359146118,0.02148326113820076,0.0001331999956164509,0.19427615404129028,2780000.0,-0.011586541309952736,0.0016213664785027504,0.004623403772711754,0.09502711892127991,-0.011033281683921814,2.9847116470336914,8575.2578125,38.68061828613281,15.937156677246094,54.617774963378906,366.18115234375
26.780248641967773,193.5800018310547,1000.0,139.0,-0.2431231588125229,0.024357371032238007,6.0,0.9998376965522766,0.9998376965522766,0.9998376965522766,0.02171342447400093,0.0001320000010309741,0.19140858948230743,2800000.0,-0.014663961715996265,-0.0030774204060435295,-0.03623916208744049,0.09203830361366272,-0.0029888153076171875,2.905372142791748,8632.8359375,38.08149337768555,19.47648811340332,57.55898666381836,347.4696350097656
26.971416473388672,188.77999877929688,1000.0,140.0,-0.25384727120399475,0.02069236896932125,5.0,1.0006544589996338,1.0006544589996338,1.0006544589996338,0.02190755307674408,0.00013080000644549727,0.1893857717514038,2820000.0,-0.008200041949748993,0.0064639197662472725,-0.2805148959159851,0.10329164564609528,0.011253342032432556,3.0802979469299316,8689.509765625,39.64699935913086,17.006877899169922,56.653873443603516,353.0208740234375
26.706459045410156,183.83999633789062,1000.0,141.0,-0.26624301075935364,0.021045507863163948,6.0,0.9997256994247437,0.9997256994247437,0.9997256994247437,0.02256122976541519,0.00012959999730810523,0.1870526373386383,2840000.0,-0.012938379310071468,-0.004738337360322475,0.27060577273368835,0.07996663451194763,-0.023325011134147644,3.005671739578247,8746.828125,37.17120361328125,20.128652572631836,57.29985427856445,349.041015625
28.516189575195312,165.32000732421875,1000.0,142.0,-0.27517715096473694,0.022602790966629982,4.0,0.9978208541870117,0.9978208541870117,0.9978208541870117,0.021723177284002304,0.00012840000272262841,0.18532505631446838,2860000.0,-0.008669902570545673,0.004268476739525795,0.056419044733047485,0.1207510456442833,0.04078441113233566,3.0492758750915527,8797.0888671875,37.230934143066406,13.00798225402832,50.238914489746094,398.0977783203125
28.704723358154297,150.17999267578125,1000.0,143.0,-0.2816614806652069,0.022396894171833992,5.0,0.9995527267456055,0.9995527267456055,0.9995527267456055,0.020488092675805092,0.00012719999358523637,0.18409611284732819,2880000.0,-0.011827058158814907,-0.0031571555882692337,-0.3239031136035919,0.08515746891498566,-0.03559357672929764,3.0706875324249268,8853.7900390625,40.68476867675781,15.996238708496094,56.681007385253906,352.85186767578125
29.581846237182617,139.05999755859375,1000.0,144.0,-0.29292014241218567,0.022762371227145195,6.0,1.00070321559906,1.00070321559906,1.00070321559906,0.022698961198329926,0.00012599999899975955,0.18199770152568817,2900000.0,-0.013510162010788918,-0.0016831038519740105,-0.04217880964279175,0.08022642135620117,-0.004931047558784485,3.0980751514434814,8912.6826171875,38.86025619506836,20.01473617553711,58.87499237060547,339.70281982421875
29.609922409057617,135.16000366210938,1000.0,145.0,-0.3064577579498291,0.023378362879157066,5.0,1.0007566213607788,1.0007566213607788,1.0007566213607788,0.021105308085680008,0.00012480000441428274,0.17965155839920044,2920000.0,-0.010068765841424465,0.0034413961693644524,-0.2939026951789856,0.0900387316942215,0.009812310338020325,3.1193127632141113,8968.162109375,38.585880279541016,16.87314224243164,55.459022521972656,360.6266174316406
27.578327178955078,150.9199981689453,1000.0,146.0,-0.31787723302841187,0.02325921505689621,6.0,0.9993341565132141,0.9993341565132141,0.9993341565132141,0.022713376209139824,0.0001235999952768907,0.17770923674106598,2940000.0,-0.01581912487745285,-0.005750359036028385,0.31054577231407166,0.09847088903188705,0.008432157337665558,2.989689350128174,9026.3681640625,37.952186584472656,20.23576545715332,58.187950134277344,343.7137756347656
28.977331161499023,131.89999389648438,1000.0,147.0,-0.32638177275657654,0.023991329595446587,6.0,0.9997228384017944,0.9997228384017944,0.9997228384017944,0.02185267210006714,0.00012240000069141388,0.17628400027751923,2960000.0,-0.012893213890492916,0.0029259109869599342,-0.030482184141874313,0.09257401525974274,-0.005896873772144318,3.1668965816497803,9085.572265625,38.43510055541992,20.7475528717041,59.18265151977539,337.9368591308594
28.082050323486328,148.5,1000.0,148.0,-0.33604931831359863,0.02087780460715294,5.0,0.9999631643295288,0.9999631643295288,0.9999631643295288,0.022096404805779457,0.00012119999882997945,0.17462556064128876,2980000.0,-0.01145969144999981,0.0014335224404931068,-0.180347740650177,0.09842221438884735,0.005848199129104614,3.016789674758911,9140.70703125,38.45241928100586,16.66289710998535,55.11531448364258,362.87554931640625
29.180004119873047,137.63999938964844,1000.0,149.0,-0.3437975347042084,0.022950928658246994,6.0,0.9990242123603821,0.9990242123603821,0.9990242123603821,0.022992877289652824,0.00011999999696854502,0.17334672808647156,3000000.0,-0.013107379898428917,-0.0016476884484291077,-0.1734061986207962,0.10058216750621796,0.0021599531173706055,3.1730995178222656,9198.04296875,36.83448028564453,20.482967376708984,57.317447662353516,348.93389892578125
28.969533920288086,143.89999389648438,1000.0,150.0,-0.34917446970939636,0.021233484148979187,6.0,0.9980254769325256,0.9980254769325256,0.9980254769325256,0.021741516888141632,0.0001188000023830682,0.17238961160182953,3020000.0,-0.013504577800631523,-0.0003971979022026062,0.33890265226364136,0.08893594890832901,-0.011646218597888947,3.219484806060791,9253.9638671875,35.23574447631836,20.665241241455078,55.90098571777344,357.77545166015625
28.479591369628906,137.6199951171875,1000.0,151.0,-0.3502432703971863,0.02040383592247963,6.0,0.9992329478263855,0.9992329478263855,0.9992329478263855,0.022976072505116463,0.00011760000052163377,0.17208553850650787,3040000.0,-0.01485521998256445,-0.0013506421819329262,-0.05018597096204758,0.09306883066892624,0.004132881760597229,3.0485525131225586,9309.7431640625,35.75141143798828,20.00843048095703,55.75984191894531,358.6810607910156
28.426733016967773,132.72000122070312,1000.0,152.0,-0.35780951380729675,0.021094108000397682,6.0,1.0010243654251099,1.0010243654251099,1.0010243654251099,0.022604508325457573,0.00011639999866019934,0.17069968581199646,3060000.0,-0.01400052197277546,0.00085469800978899,-0.08980245888233185,0.08772370219230652,-0.0053451284766197205,3.0707578659057617,9366.275390625,36.350242614746094,20.16165542602539,56.511898040771484,353.90777587890625
26.834535598754883,147.63999938964844,1000.0,153.0,-0.37075695395469666,0.021631211042404175,7.0,0.9997599720954895,0.9997599720954895,0.9997599720954895,0.022288955748081207,0.00011519999679876491,0.16852450370788574,3080000.0,-0.01444922760128975,-0.00044870562851428986,-0.25826525688171387,0.10075012594461441,0.013026423752307892,2.9139089584350586,9426.7119140625,37.132286071777344,23.284469604492188,60.41675567626953,331.03399658203125
27.295738220214844,146.0399932861328,1000.0,154.0,-0.3811321556568146,0.020936332643032074,5.0,0.9998021125793457,0.9998021125793457,0.9998021125793457,0.02240077033638954,0.0001140000022132881,0.16672846674919128,3100000.0,-0.01214843150228262,0.0023007960990071297,-0.026030436158180237,0.09302319586277008,-0.00772693008184433,3.0406739711761475,9481.0234375,37.582584381103516,16.70813751220703,54.2912483215332,368.3835144042969
27.141254425048828,157.5399932861328,1000.0,155.0,-0.38725215196609497,0.02287508174777031,5.0,0.9984337687492371,0.9984337687492371,0.9984337687492371,0.021675320342183113,0.00011280000035185367,0.16566072404384613,3120000.0,-0.012140360660851002,8.070841431617737e-06,-0.0636802613735199,0.08877597749233246,-0.004247218370437622,3.021010637283325,9534.474609375,36.74543380737305,16.68680191040039,53.43223571777344,374.3058776855469
27.340253829956055,159.52000427246094,1000.0,156.0,-0.392644464969635,0.020890334621071815,4.0,0.9988431334495544,0.9988431334495544,0.9988431334495544,0.020488491281867027,0.00011159999849041924,0.1647864431142807,3140000.0,-0.008868712931871414,0.0032716477289795876,-0.11445517838001251,0.0860709398984909,-0.0027050375938415527,3.055016040802002,9584.5439453125,36.51523208618164,13.536958694458008,50.05219268798828,399.5829162597656
26.962656021118164,161.97999572753906,1000.0,157.0,-0.39863088726997375,0.0206740815192461,6.0,1.0007834434509277,1.0007834434509277,1.0007834434509277,0.02290947362780571,0.00011039999662898481,0.1638636589050293,3160000.0,-0.014223971404135227,-0.005355258472263813,-0.18732279539108276,0.08725491166114807,0.0011839717626571655,2.989651918411255,9641.9365234375,37.296024322509766,20.078033447265625,57.37405776977539,348.589599609375
26.235586166381836,164.97999572753906,1000.0,158.0,-0.4082688093185425,0.02157176285982132,7.0,1.001991868019104,1.001991868019104,1.001991868019104,0.022498255595564842,0.00010920000204350799,0.16231779754161835,3180000.0,-0.014877459965646267,-0.0006534885615110397,-0.001189136877655983,0.0773657038807869,-0.009889207780361176,2.9963817596435547,9702.3408203125,36.95003128051758,23.433130264282227,60.38315963745117,331.2181701660156
26.555503845214844,171.5800018310547,1000.0,159.0,-0.4159323573112488,0.022578822448849678,7.0,0.9978635907173157,0.9978635907173157,0.9978635907173157,0.02252219058573246,0.00010800000018207356,0.16108392179012299,3200000.0,-0.015221789479255676,-0.00034432951360940933,0.054526813328266144,0.08182715624570847,0.00446145236492157,3.0173659324645996,9762.69140625,36.893924713134766,23.4364013671875,60.330322265625,331.50823974609375
28.352806091308594,145.27999877929688,1000.0,160.0,-0.42522132396698,0.021196581423282623,6.0,0.9992550611495972,0.9992550611495972,0.9992550611495972,0.022196274250745773,0.00010679999832063913,0.159600168466568,3220000.0,-0.01278931275010109,0.002432476729154587,-0.09834514558315277,0.08655134588479996,0.004724189639091492,3.068754196166992,9819.267578125,36.95354080200195,19.603452682495117,56.55699157714844,353.6255798339844
27.440122604370117,148.97999572753906,1000.0,161.0,-0.43745896220207214,0.021340787410736084,8.0,1.0006020069122314,1.0006020069122314,1.0006020069122314,0.022885307669639587,0.0001055999964592047,0.1575525850057602,3240000.0,-0.016160599887371063,-0.0033712871372699738,0.2613338530063629,0.07945572584867477,-0.007095620036125183,2.907597780227661,9882.4677734375,37.33932113647461,25.842378616333008,63.18170166015625,316.54736328125
27.8020076751709,145.39999389648438,1000.0,162.0,-0.4428388178348541,0.02062320150434971,6.0,0.9996340274810791,0.9996340274810791,0.9996340274810791,0.021934257820248604,0.00010440000187372789,0.15673191845417023,3260000.0,-0.012997000478208065,0.003163599409162998,0.10040286183357239,0.1030074879527092,0.023551762104034424,2.9626710414886475,9938.537109375,37.57159423828125,18.47763442993164,56.050228118896484,356.82281494140625
26.860004425048828,164.0800018310547,1000.0,163.0,-0.44483762979507446,0.02134224772453308,5.0,1.0001065731048584,1.0001065731048584,1.0001065731048584,0.022240139544010162,0.00010320000001229346,0.15645051002502441,3280000.0,-0.009854162111878395,0.00314283836632967,-0.16695457696914673,0.09033209085464478,-0.012675397098064423,2.909989833831787,9992.0712890625,38.117408752441406,15.398160934448242,53.515567779541016,373.7230224609375
26.214357376098633,169.0800018310547,1000.0,164.0,-0.4497261941432953,0.02050028182566166,6.0,1.0001481771469116,1.0001481771469116,1.0001481771469116,0.021061869338154793,0.00010199999815085903,0.15570954978466034,3300000.0,-0.01418579276651144,-0.004331630654633045,-0.08696646243333817,0.08442401140928268,-0.005908079445362091,2.868795871734619,10048.8056640625,37.41044616699219,19.305404663085938,56.71681594848633,352.62908935546875
25.099538803100586,170.25999450683594,1000.0,165.0,-0.45587649941444397,0.020561188459396362,5.0,0.9986599683761597,0.9986599683761597,0.9986599683761597,0.020663879811763763,0.00010080000356538221,0.15478621423244476,3320000.0,-0.01157411839812994,0.0026116743683815002,0.047219060361385345,0.09767783433198929,0.013253822922706604,2.8868443965911865,10102.19140625,37.1988410949707,16.169498443603516,53.36833953857422,374.7540283203125
26.233970642089844,159.0,1000.0,166.0,-0.4619007110595703,0.020317578688263893,5.0,0.9990785717964172,0.9990785717964172,0.9990785717964172,0.020569108426570892,9.960000170394778e-05,0.15383125841617584,3340000.0,-0.011911026202142239,-0.0003369078040122986,0.14866191148757935,0.09255176782608032,-0.005126066505908966,3.0022730827331543,10156.849609375,37.74755859375,16.885751724243164,54.63330841064453,366.0770568847656
27.627830505371094,152.8000030517578,1000.0,167.0,-0.46900349855422974,0.022007400169968605,8.0,0.9999462962150574,0.9999462962150574,0.9999462962150574,0.02356785349547863,9.839999984251335e-05,0.1526660919189453,3360000.0,-0.01767154224216938,-0.005760516040027142,-0.05798333138227463,0.08711613714694977,-0.005435630679130554,2.971179962158203,10218.36328125,33.88414001464844,27.60873794555664,61.49287796020508,325.24090576171875
29.307819366455078,148.5,1000.0,168.0,-0.4765298068523407,0.02037356048822403,6.0,1.0004342794418335,1.0004342794418335,1.0004342794418335,0.02218356356024742,9.719999798107892e-05,0.15145795047283173,3380000.0,-0.013330227695405483,0.004341314546763897,0.18829643726348877,0.08844921737909317,0.001333080232143402,3.0057945251464844,10273.8486328125,33.929779052734375,21.5355224609375,55.465301513671875,360.5858154296875
28.256704330444336,154.33999633789062,1000.0,169.0,-0.4820001721382141,0.02051474340260029,5.0,0.9988306164741516,0.9988306164741516,0.9988306164741516,0.021103186532855034,9.600000339560211e-05,0.15059007704257965,3400000.0,-0.012154833413660526,0.001175394281744957,0.05503612756729126,0.10005634278059006,0.011607125401496887,3.0274362564086914,10328.01171875,36.0968017578125,18.046451568603516,54.143253326416016,369.39044189453125
27.787511825561523,158.4600067138672,1000.0,170.0,-0.48706772923469543,0.021414825692772865,7.0,0.9997808337211609,0.9997808337211609,0.9997808337211609,0.022372454404830933,9.480000153416768e-05,0.14980971813201904,3420000.0,-0.014957207255065441,-0.002802373841404915,0.38491183519363403,0.08778800070285797,-0.012268342077732086,2.9313695430755615,10387.8564453125,36.220645904541016,23.605262756347656,59.82590866088867,334.3033142089844
26.00127601623535,176.1999969482422,1000.0,171.0,-0.4943506419658661,0.02223835326731205,6.0,0.9991471767425537,0.9991471767425537,0.9991471767425537,0.021972473710775375,9.359999967273325e-05,0.148686021566391,3440000.0,-0.014433087781071663,0.0005241194739937782,0.2923305332660675,0.08302933722734451,-0.004758663475513458,2.900200366973877,10441.728515625,34.38243865966797,19.46613311767578,53.84857177734375,371.4118957519531
25.501890182495117,163.94000244140625,1000.0,172.0,-0.5030375719070435,0.021344762295484543,8.0,1.0001697540283203,1.0001697540283203,1.0001697540283203,0.021841226145625114,9.239999781129882e-05,0.14737828075885773,3460000.0,-0.016918938606977463,-0.0024858508259058,-0.1756403148174286,0.08534352481365204,0.0023141875863075256,2.992753744125366,10505.482421875,38.356136322021484,25.378149032592773,63.734283447265625,313.8028564453125
26.13459014892578,154.44000244140625,1000.0,173.0,-0.5130681395530701,0.024060185998678207,7.0,0.9973770976066589,0.9973770976066589,0.9973770976066589,0.022010166198015213,9.1200003225822e-05,0.14589977264404297,3480000.0,-0.016443375498056412,0.000475563108921051,-0.23340816795825958,0.09629618376493454,0.010952658951282501,2.9835288524627686,10564.7578125,37.119300842285156,22.136150360107422,59.25544738769531,337.5216979980469
27.309572219848633,142.32000732421875,1000.0,174.0,-0.5192031860351562,0.020685015246272087,6.0,0.9989475607872009,0.9989475607872009,0.9989475607872009,0.02290222980082035,9.000000136438757e-05,0.14503498375415802,3500000.0,-0.01467038132250309,0.0017729941755533218,-0.10500495135784149,0.08689051121473312,-0.009405672550201416,2.9810643196105957,10621.32421875,37.40286636352539,19.140439987182617,56.544273376464844,353.70513916015625
28.36245346069336,134.1999969482422,1000.0,175.0,-0.5230173468589783,0.02025754004716873,6.0,0.9975396394729614,0.9975396394729614,0.9975396394729614,0.021290745586156845,8.879999950295314e-05,0.1445140242576599,3520000.0,-0.013237269595265388,0.0014331117272377014,0.03991072624921799,0.0795215293765068,-0.007368981838226318,3.0307908058166504,10675.87890625,34.952857971191406,19.584997177124023,54.5378532409668,366.7177734375
28.22547149658203,138.4600067138672,1000.0,176.0,-0.5293915867805481,0.021171245723962784,5.0,0.9997184872627258,0.9997184872627258,0.9997184872627258,0.020481733605265617,8.759999764151871e-05,0.14363990724086761,3540000.0,-0.012359647080302238,0.00087762251496315,-0.36945539712905884,0.08675102889537811,0.007229499518871307,3.0176990032196045,10725.3076171875,32.498985290527344,16.91086196899414,49.409847259521484,404.7776184082031
29.021350860595703,132.63999938964844,1000.0,177.0,-0.5347357988357544,0.02134864404797554,7.0,0.9988323450088501,0.9988323450088501,0.9988323450088501,0.022307535633444786,8.64000030560419e-05,0.14293208718299866,3560000.0,-0.015965726226568222,-0.0036060791462659836,0.20209282636642456,0.09143377095460892,0.0046827420592308044,3.0198612213134766,10782.2744140625,34.54005432128906,22.405820846557617,56.94587326049805,351.210693359375
28.201330184936523,139.89999389648438,1000.0,178.0,-0.5406398773193359,0.023137222975492477,6.0,0.9987448453903198,0.9987448453903198,0.9987448453903198,0.020689576864242554,8.520000119460747e-05,0.14207518100738525,3580000.0,-0.013069655746221542,0.0028960704803466797,-0.2684030830860138,0.09479349851608276,0.0033597275614738464,2.961186408996582,10837.6728515625,36.40943908691406,18.968610763549805,55.3780517578125,361.1539306640625
27.197948455810547,151.5800018310547,1000.0,179.0,-0.5468043684959412,0.020089242607355118,6.0,0.9994251132011414,0.9994251132011414,0.9994251132011414,0.02048909291625023,8.399999933317304e-05,0.14124055206775665,3600000.0,-0.01505222823470831,-0.001982572488486767,-0.03990935534238815,0.08833600580692291,-0.006457492709159851,2.9240071773529053,10894.734375,37.344810485839844,19.6981143951416,57.04292678833008,350.6131286621094
27.084909439086914,155.4600067138672,1000.0,180.0,-0.5543630123138428,0.020481621846556664,7.0,0.9979225397109985,0.9979225397109985,0.9979225397109985,0.021256688982248306,8.27999974717386e-05,0.14013563096523285,3620000.0,-0.01586603932082653,-0.0008138110861182213,-0.4034569561481476,0.09662186354398727,0.008285857737064362,3.0049679279327393,10953.30078125,36.13096618652344,22.415870666503906,58.546836853027344,341.6068420410156
27.701305389404297,162.6999969482422,1000.0,181.0,-0.5664895176887512,0.020121444016695023,7.0,1.0001519918441772,1.0001519918441772,1.0001519918441772,0.021688686683773994,8.160000288626179e-05,0.13844354450702667,3640000.0,-0.015497793443500996,0.0003682458773255348,-0.09821413457393646,0.09334440529346466,-0.0032774582505226135,2.976017713546753,11010.1787109375,33.522125244140625,23.336030960083008,56.858158111572266,351.7525329589844
27.803808212280273,169.1199951171875,1000.0,182.0,-0.5749091506004333,0.021446140483021736,8.0,1.0007576942443848,1.0007576942443848,1.0007576942443848,0.021856829524040222,8.040000102482736e-05,0.1372978538274765,3660000.0,-0.01743818074464798,-0.001940387301146984,0.19663105905056,0.08869162946939468,-0.004652775824069977,2.9560797214508057,11070.5283203125,33.50225830078125,26.828380584716797,60.33063888549805,331.5065002441406
28.071943283081055,178.36000061035156,1000.0,183.0,-0.5835432410240173,0.020710425451397896,8.0,0.9992106556892395,0.9992106556892395,0.9992106556892395,0.021555891260504723,7.919999916339293e-05,0.13613979518413544,3680000.0,-0.017655137926340103,-0.0002169571816921234,-0.057389385998249054,0.10507339984178543,0.016381770372390747,3.0430641174316406,11130.3837890625,33.95817565917969,25.87729263305664,59.83646774291992,334.24432373046875
28.017030715942383,168.16000366210938,1000.0,184.0,-0.5948614478111267,0.021401582285761833,8.0,0.9982596039772034,0.9982596039772034,0.9982596039772034,0.021723533049225807,7.79999973019585e-05,0.13465102016925812,3700000.0,-0.017329031601548195,0.00032610632479190826,-0.09366948902606964,0.09093276411294937,-0.01414063572883606,3.0883848667144775,11189.5087890625,34.295623779296875,24.809497833251953,59.10512161254883,338.3801574707031
29.268138885498047,150.8800048828125,1000.0,185.0,-0.6092768907546997,0.02058136835694313,8.0,0.999711811542511,0.999711811542511,0.999711811542511,0.021656887605786324,7.680000271648169e-05,0.13265928626060486,3720000.0,-0.017449425533413887,-0.00012039393186569214,0.11493309587240219,0.08819001168012619,-0.002742752432823181,3.105975389480591,11251.3515625,36.36504364013672,25.45785903930664,61.82290267944336,323.5047302246094
28.15074920654297,158.0399932861328,1000.0,186.0,-0.6210964322090149,0.02041536197066307,7.0,0.9988936185836792,0.9988936185836792,0.9988936185836792,0.021569833159446716,7.560000085504726e-05,0.13104347884655,3740000.0,-0.01677083596587181,0.0006785895675420761,0.10628736764192581,0.09077617526054382,0.002586163580417633,3.075510263442993,11308.115234375,33.77507400512695,22.9683780670166,56.74345397949219,352.46356201171875
27.39336585998535,161.5800018310547,1000.0,187.0,-0.6262878775596619,0.020630666986107826,5.0,1.0005651712417603,1.0005651712417603,1.0005651712417603,0.01949414238333702,7.439999899361283e-05,0.13035564124584198,3760000.0,-0.011503433808684349,0.005267402157187462,-0.10027353465557098,0.09507584571838379,0.004299670457839966,3.010822296142578,11355.2724609375,31.618255615234375,15.51923656463623,47.137489318847656,424.29071044921875
27.346328735351562,169.63999938964844,1000.0,188.0,-0.6344929337501526,0.022370383143424988,8.0,0.9981340169906616,0.9981340169906616,0.9981340169906616,0.021487634629011154,7.31999971321784e-05,0.12927618622779846,3780000.0,-0.018187249079346657,-0.006683815270662308,-0.22306984663009644,0.0832262858748436,-0.011849559843540192,3.048567533493042,11415.962890625,35.29816818237305,25.373825073242188,60.671993255615234,329.6413879394531
28.131000518798828,152.5399932861328,1000.0,189.0,-0.6433418989181519,0.020729808136820793,7.0,0.9999030828475952,0.9999030828475952,0.9999030828475952,0.02116553671658039,7.200000254670158e-05,0.128093883395195,3800000.0,-0.014919977635145187,0.0032672714442014694,-0.1812150627374649,0.088089220225811,0.004862934350967407,3.0931496620178223,11472.4990234375,33.33418655395508,23.183021545410156,56.517208099365234,353.87451171875
28.397802352905273,150.89999389648438,1000.0,190.0,-0.6544750928878784,0.02094316855072975,9.0,0.9997402429580688,0.9997402429580688,0.9997402429580688,0.021224956959486008,7.080000068526715e-05,0.12670353055000305,3820000.0,-0.01807241328060627,-0.0031524356454610825,0.36270850896835327,0.0814160704612732,-0.006673149764537811,3.065304756164551,11533.3818359375,30.819841384887695,30.04380226135254,60.863643646240234,328.6033935546875
27.348955154418945,151.16000366210938,1000.0,191.0,-0.6686588525772095,0.020773224532604218,8.0,0.9978671073913574,0.9978671073913574,0.9978671073913574,0.02130107954144478,6.959999882383272e-05,0.12494678795337677,3840000.0,-0.017747297883033752,0.0003251153975725174,0.06901583820581436,0.07702424377202988,-0.004391826689243317,2.988737106323242,11592.9013671875,32.56153869628906,26.937955856323242,59.49949264526367,336.1372985839844
26.319276809692383,160.55999755859375,1000.0,192.0,-0.6808168292045593,0.02158200368285179,8.0,0.9997162818908691,0.9997162818908691,0.9997162818908691,0.021439634263515472,6.839999696239829e-05,0.12339580059051514,3860000.0,-0.01641804352402687,0.0013292543590068817,-0.3001723885536194,0.09143733978271484,0.014413096010684967,3.04692006111145,11649.0009765625,30.647323608398438,25.4326171875,56.07994079589844,356.6337585449219
27.30532455444336,157.25999450683594,1000.0,193.0,-0.689931333065033,0.020402640104293823,8.0,0.9975209832191467,0.9975209832191467,0.9975209832191467,0.021461719647049904,6.720000237692147e-05,0.12222957611083984,3880000.0,-0.018913917243480682,-0.0024958737194538116,0.1587853729724884,0.08641289174556732,-0.005024448037147522,3.050442695617676,11708.228515625,34.45458984375,24.751089096069336,59.20568084716797,337.805419921875
28.232440948486328,155.86000061035156,1000.0,194.0,-0.6938161849975586,0.020167557522654533,7.0,0.9964865446090698,0.9964865446090698,0.9964865446090698,0.021567387506365776,6.600000051548705e-05,0.1217406764626503,3900000.0,-0.01704404503107071,0.0018698722124099731,-0.00032896921038627625,0.10693970322608948,0.020526811480522156,3.054105758666992,11764.2548828125,33.53636169433594,22.470558166503906,56.006919860839844,357.0987243652344
26.8099308013916,148.33999633789062,1000.0,195.0,-0.6978601813316345,0.02038216032087803,8.0,0.9986788630485535,0.9986788630485535,0.9986788630485535,0.021249854937195778,6.479999865405262e-05,0.12125095725059509,3920000.0,-0.01655147224664688,0.0004925727844238281,-0.4189605414867401,0.08487717062234879,-0.022062532603740692,2.9187514781951904,11822.98046875,32.349945068359375,26.355239868164062,58.70518493652344,340.6853942871094
27.016855239868164,146.67999267578125,1000.0,196.0,-0.7045562863349915,0.022909624502062798,8.0,0.998399555683136,0.998399555683136,0.998399555683136,0.02109815925359726,6.359999679261819e-05,0.12042471766471863,3940000.0,-0.017950452864170074,-0.0013989806175231934,0.10318523645401001,0.09043511003255844,0.005557939410209656,2.989776611328125,11882.068359375,32.30767059326172,26.760257720947266,59.067928314208984,338.5932312011719
27.384634017944336,144.8800048828125,1000.0,197.0,-0.7148638367652893,0.02086162194609642,8.0,0.9979943037033081,0.9979943037033081,0.9979943037033081,0.02071402408182621,6.240000220714137e-05,0.1191956177353859,3960000.0,-0.018574241548776627,-0.0006237886846065521,0.17025667428970337,0.09470929205417633,0.004274182021617889,3.0371389389038086,11938.79296875,31.842838287353516,24.861351013183594,56.70418930053711,352.7076110839844
28.455120086669922,157.9600067138672,1000.0,198.0,-0.7251585125923157,0.020546499639749527,9.0,0.9970580339431763,0.9970580339431763,0.9970580339431763,0.020924996584653854,6.120000034570694e-05,0.11803451925516129,3980000.0,-0.01999838277697563,-0.0014241412281990051,0.07932234555482864,0.0858413502573967,-0.008867941796779633,3.046320676803589,12003.8056640625,37.03074645996094,27.959959030151367,64.99070739746094,307.736328125
28.325660705566406,161.5,1000.0,199.0,-0.7302347421646118,0.02098044566810131,9.0,0.9988101720809937,0.9988101720809937,0.9988101720809937,0.021614452823996544,5.999999848427251e-05,0.117460697889328,4000000.0,-0.019424838945269585,0.0005735438317060471,-0.07220052182674408,0.0765838697552681,-0.009257480502128601,3.0103042125701904,12064.2861328125,32.08742141723633,28.375200271606445,60.46261978149414,330.78289794921875
28.247909545898438,156.1999969482422,1000.0,200.0,-0.7387804388999939,0.021428687497973442,10.0,0.9988561272621155,0.9988561272621155,0.9988561272621155,0.021290982142090797,5.880000026081689e-05,0.1164347231388092,4020000.0,-0.019265277311205864,0.0001595616340637207,0.08641976118087769,0.09025052189826965,0.013666652143001556,3.00561261177063,12130.8759765625,36.24636459350586,30.323896408081055,66.57025909423828,300.4344482421875
28.064210891723633,145.02000427246094,1000.0,201.0,-0.7498164176940918,0.020457440987229347,8.0,1.0002567768096924,1.0002567768096924,1.0002567768096924,0.02020168863236904,5.759999839938246e-05,0.11512917280197144,4040000.0,-0.017372773960232735,0.0018925033509731293,0.1482377052307129,0.09200774133205414,0.0017572194337844849,3.079653024673462,12188.046875,31.385528564453125,25.766035079956055,57.15156173706055,349.9466857910156
29.28978729248047,136.05999755859375,1000.0,202.0,-0.7540329694747925,0.02000807225704193,9.0,0.9974898099899292,0.9974898099899292,0.9974898099899292,0.0213471706956625,5.6400000175926834e-05,0.11461653560400009,4060000.0,-0.020068267360329628,-0.0026954934000968933,0.2040860652923584,0.0804135724902153,-0.011594168841838837,3.115405321121216,12249.087890625,32.790199279785156,28.232290267944336,61.022491455078125,327.7480163574219
28.101526260375977,150.47999572753906,1000.0,203.0,-0.7586459517478943,0.02227115072309971,11.0,1.0001105070114136,1.0001105070114136,1.0001105070114136,0.02132035419344902,5.5199998314492404e-05,0.11405856907367706,4080000.0,-0.01987459883093834,0.00019366852939128876,-0.04362655058503151,0.09242250770330429,0.01200893521308899,3.020967483520508,12315.6240234375,32.57743453979492,33.938385009765625,66.51581573486328,300.68035888671875
28.42315673828125,151.0800018310547,1000.0,204.0,-0.7693399786949158,0.021488726139068604,10.0,0.9987876415252686,0.9987876415252686,0.9987876415252686,0.021349281072616577,5.400000009103678e-05,0.11283912509679794,4100000.0,-0.02242933213710785,-0.00255473330616951,-0.14622849225997925,0.08818467706441879,-0.004237830638885498,3.026611328125,12380.90625,34.71492385864258,30.546497344970703,65.26142120361328,306.45977783203125
27.687889099121094,150.1999969482422,1000.0,205.0,-0.7801149487495422,0.020127061754465103,11.0,0.9999368190765381,0.9999368190765381,0.9999368190765381,0.021049419417977333,5.279999822960235e-05,0.11159051954746246,4120000.0,-0.021296195685863495,0.0011331364512443542,-0.04837343841791153,0.08917945623397827,0.0009947791695594788,3.027310848236084,12448.376953125,34.52130126953125,32.928131103515625,67.45043182373047,296.5140380859375
28.310195922851562,140.6199951171875,1000.0,206.0,-0.7872503995895386,0.02099597454071045,10.0,0.9971067905426025,0.9971067905426025,0.9971067905426025,0.020831065252423286,5.160000000614673e-05,0.11075189709663391,4140000.0,-0.02217617817223072,-0.0008799824863672256,0.05371031165122986,0.0917852446436882,0.0026057884097099304,3.065605640411377,12513.0712890625,34.101356506347656,30.573305130004883,64.6746597290039,309.2401123046875
27.3852481842041,148.47999572753906,1000.0,207.0,-0.7959310412406921,0.02022429369390011,11.0,1.000047206878662,1.000047206878662,1.000047206878662,0.02088042162358761,5.0400001782691106e-05,0.10978453606367111,4160000.0,-0.021409565582871437,0.0007666125893592834,0.06397106498479843,0.08906352519989014,-0.002721719443798065,3.004774570465088,12579.7109375,34.69706726074219,31.921337127685547,66.618408203125,300.21734619140625
27.328567504882812,144.17999267578125,1000.0,208.0,-0.8052895665168762,0.020122351124882698,9.0,1.0008774995803833,1.0008774995803833,1.0008774995803833,0.020919259637594223,4.9199999921256676e-05,0.1088176891207695,4180000.0,-0.019626138731837273,0.0017834268510341644,-0.0971594974398613,0.08171242475509644,-0.007351100444793701,3.030136823654175,12641.9111328125,35.71240234375,26.466182708740234,62.178585052490234,321.6541442871094
26.38178253173828,143.82000732421875,1000.0,209.0,-0.8144347071647644,0.02198130264878273,11.0,0.9984955787658691,0.9984955787658691,0.9984955787658691,0.020505478605628014,4.8000001697801054e-05,0.10785996168851852,4200000.0,-0.02342264913022518,-0.003796510398387909,-0.07543321698904037,0.08959773182868958,0.00788530707359314,3.0030407905578613,12709.8486328125,33.897865295410156,34.01913070678711,67.9169921875,294.47711181640625
26.332361221313477,149.77999877929688,1000.0,210.0,-0.8252905011177063,0.02075381390750408,11.0,0.9993536472320557,0.9993536472320557,0.9993536472320557,0.020061146467924118,4.6799999836366624e-05,0.10670343041419983,4220000.0,-0.021036013960838318,0.0023866351693868637,-0.2244156152009964,0.07625538855791092,-0.013342343270778656,2.9237565994262695,12775.2275390625,32.862491607666016,32.4969482421875,65.35943603515625,306.00018310546875
27.367229461669922,155.05999755859375,1000.0,211.0,-0.8359107375144958,0.020927049219608307,11.0,0.9980624914169312,0.9980624914169312,0.9980624914169312,0.02074783481657505,4.5600001612911e-05,0.1055879145860672,4240000.0,-0.021439623087644577,-0.00040360912680625916,0.01763581857085228,0.09100588411092758,0.014750495553016663,3.0112712383270264,12845.7578125,37.75566482543945,32.75424575805664,70.5099105834961,283.6480712890625
27.447223663330078,156.60000610351562,1000.0,212.0,-0.8457794785499573,0.02000039629638195,12.0,0.9996026754379272,0.9996026754379272,0.9996026754379272,0.020162753760814667,4.439999975147657e-05,0.10451482981443405,4260000.0,-0.022996917366981506,-0.0015572942793369293,-0.11038260161876678,0.09216351062059402,0.0011576265096664429,3.007279396057129,12913.130859375,30.872644424438477,36.4798583984375,67.35250091552734,296.9451599121094
27.665590286254883,156.67999267578125,1000.0,213.0,-0.8578324317932129,0.020535850897431374,13.0,1.0002244710922241,1.0002244710922241,1.0002244710922241,0.021143803372979164,4.320000152802095e-05,0.10320142656564713,4280000.0,-0.023906635120511055,-0.0009097177535295486,-0.03359066694974899,0.08669199794530869,-0.005471512675285339,3.0140926837921143,12987.0986328125,34.450164794921875,39.49598693847656,73.94615173339844,270.4670715332031
27.48409652709961,152.1999969482422,1000.0,214.0,-0.8688690662384033,0.020121516659855843,11.0,0.9990095496177673,0.9990095496177673,0.9990095496177673,0.02057025581598282,4.199999966658652e-05,0.10206811130046844,4300000.0,-0.020438693463802338,0.0034679416567087173,-0.07078810781240463,0.08325649797916412,-0.0034354999661445618,3.0056533813476562,13050.9345703125,31.164974212646484,32.64958572387695,63.81455993652344,313.4081115722656
27.57744598388672,149.0,1000.0,215.0,-0.8797615170478821,0.021478470414876938,13.0,1.001088261604309,1.001088261604309,1.001088261604309,0.021044965833425522,4.0800001443130895e-05,0.1009833812713623,4320000.0,-0.022943835705518723,-0.002505142241716385,-0.17696097493171692,0.06940063089132309,-0.013855867087841034,3.046171188354492,13123.388671875,32.39799499511719,40.036312103271484,72.4343032836914,276.1122741699219
27.339221954345703,143.47999572753906,1000.0,216.0,-0.888191819190979,0.020855195820331573,12.0,0.9997464418411255,0.9997464418411255,0.9997464418411255,0.019947528839111328,3.9599999581696466e-05,0.10013630241155624,4340000.0,-0.021898159757256508,0.0010456759482622147,-0.05234429985284805,0.07219541817903519,0.002794787287712097,3.0521349906921387,13189.0341796875,29.824167251586914,35.79987335205078,65.62403869628906,304.766357421875
27.397560119628906,148.13999938964844,1000.0,217.0,-0.8991276621818542,0.021702542901039124,14.0,0.9989489912986755,0.9989489912986755,0.9989489912986755,0.020311681553721428,3.840000135824084e-05,0.09905259311199188,4360000.0,-0.024400515481829643,-0.0025023557245731354,0.14565953612327576,0.07775124907493591,0.005555830895900726,3.0345888137817383,13265.87890625,33.370521545410156,43.451751708984375,76.82330322265625,260.3376770019531
28.0643367767334,146.44000244140625,1000.0,218.0,-0.9110674262046814,0.0209441389888525,12.0,1.0001435279846191,1.0001435279846191,1.0001435279846191,0.019918641075491905,3.719999949680641e-05,0.09786701202392578,4380000.0,-0.02162828855216503,0.002772226929664612,-0.28686806559562683,0.09264805167913437,0.014896802604198456,3.0589611530303955,13333.6923828125,31.595691680908203,36.19732666015625,67.79301452636719,295.015625
27.750446319580078,150.9199981689453,1000.0,219.0,-0.923011302947998,0.020560137927532196,15.0,1.0004687309265137,1.0004687309265137,1.0004687309265137,0.02040569856762886,3.600000127335079e-05,0.09669221937656403,4400000.0,-0.025598526000976562,-0.003970237448811531,0.0840420126914978,0.06840310990810394,-0.024244941771030426,3.0674703121185303,13409.998046875,30.701078414916992,45.58266067504883,76.28373718261719,262.1790771484375
29.04206085205078,142.1999969482422,1000.0,220.0,-0.9342345595359802,0.020818347111344337,13.0,0.9990856051445007,0.9990856051445007,0.9990856051445007,0.019842924550175667,3.479999941191636e-05,0.09561131149530411,4420000.0,-0.024031350389122963,0.0015671756118535995,-0.051587142050266266,0.08191537857055664,0.013512268662452698,3.1254465579986572,13481.43359375,33.05807113647461,38.35499572753906,71.41307067871094,280.060791015625
28.697160720825195,143.02000427246094,1000.0,221.0,-0.9455034732818604,0.020425213500857353,15.0,0.9988411068916321,0.9988411068916321,0.9988411068916321,0.020181404426693916,3.360000118846074e-05,0.09453804790973663,4440000.0,-0.02558796852827072,-0.0015566181391477585,-0.16628099977970123,0.07696301490068436,-0.004952363669872284,3.052259922027588,13558.2236328125,30.66776466369629,46.10261917114258,76.7703857421875,260.5171203613281
28.454360961914062,144.13999938964844,1000.0,222.0,-0.9559047222137451,0.020059091970324516,15.0,0.9991320967674255,0.9991320967674255,0.9991320967674255,0.020238198339939117,3.239999932702631e-05,0.09354539960622787,4460000.0,-0.02493325062096119,0.0006547179073095322,-0.0664869174361229,0.07313718646764755,-0.003825828433036804,3.0458221435546875,13637.4345703125,35.30397415161133,43.885616302490234,79.18959045410156,252.55845642089844
28.244455337524414,142.5,1000.0,223.0,-0.9669011235237122,0.020523110404610634,17.0,1.0025153160095215,1.0025153160095215,1.0025153160095215,0.01990332268178463,3.1200001103570685e-05,0.09251438826322556,4480000.0,-0.025123216211795807,-0.00018996559083461761,0.22331854701042175,0.0758647471666336,0.0027275606989860535,3.030874490737915,13722.2451171875,34.13825607299805,50.650978088378906,84.78923034667969,235.87899780273438
28.594694137573242,144.02000427246094,1000.0,224.0,-0.9761138558387756,0.020894667133688927,15.0,0.9968048930168152,0.9968048930168152,0.9968048930168152,0.02024383842945099,2.9999999242136255e-05,0.09164374321699142,4500000.0,-0.026068827137351036,-0.0009456109255552292,-0.1803704798221588,0.1057455763220787,0.0298808291554451,3.0920517444610596,13798.001953125,31.76885223388672,43.964107513427734,75.73295593261719,264.0858154296875
29.651643753051758,150.39999389648438,1000.0,225.0,-0.982691764831543,0.02009475789964199,16.0,0.9976158142089844,0.9976158142089844,0.9976158142089844,0.019866401329636574,2.879999919969123e-05,0.09103024750947952,4520000.0,-0.025679688900709152,0.00038913823664188385,0.2357265204191208,0.09523972123861313,-0.010505855083465576,3.1642847061157227,13878.0869140625,33.79744338989258,46.2670783996582,80.06452178955078,249.7985382080078
29.998437881469727,155.63999938964844,1000.0,226.0,-0.9917135238647461,0.020585183054208755,19.0,1.000901460647583,1.000901460647583,1.000901460647583,0.020167075097560883,2.7599999157246202e-05,0.0901920348405838,4540000.0,-0.027641871944069862,-0.00196218304336071,-0.14425040781497955,0.07964120805263519,-0.015598513185977936,3.0877904891967773,13965.8076171875,31.435760498046875,56.262874603271484,87.69863891601562,228.05372619628906
30.604259490966797,147.5399932861328,1000.0,227.0,-1.0034140348434448,0.021092312410473824,18.0,0.9985126852989197,0.9985126852989197,0.9985126852989197,0.019498201087117195,2.6399999114801176e-05,0.08913270384073257,4560000.0,-0.026064995676279068,0.0015768762677907944,0.1032131016254425,0.09863000363111496,0.018988795578479767,3.1406850814819336,14048.875,30.21271514892578,52.82999038696289,83.0427017211914,240.83993530273438
29.6423282623291,149.8800048828125,1000.0,228.0,-1.0166001319885254,0.020399974659085274,20.0,1.000415325164795,1.000415325164795,1.000415325164795,0.020084600895643234,2.5200000891345553e-05,0.08798069506883621,4580000.0,-0.02757406048476696,-0.0015090648084878922,0.14501109719276428,0.0687636211514473,-0.029866382479667664,3.136453151702881,14141.048828125,32.90933609008789,59.242164611816406,92.15149688720703,217.03390502929688
29.340137481689453,159.1999969482422,1000.0,229.0,-1.0298315286636353,0.021167585626244545,21.0,0.9986836314201355,0.9986836314201355,0.9986836314201355,0.020072538405656815,2.4000000848900527e-05,0.08680315315723419,4600000.0,-0.028175201267004013,-0.0006011407822370529,0.04645664989948273,0.08934397250413895,0.02058035135269165,3.098919153213501,14232.25390625,30.236452102661133,60.944671630859375,91.18112182617188,219.34364318847656
28.868480682373047,163.0,1000.0,230.0,-1.03957998752594,0.020702751353383064,21.0,0.996907651424408,0.996907651424408,0.996907651424408,0.01989981345832348,2.28000008064555e-05,0.08593554049730301,4620000.0,-0.029178351163864136,-0.0010031498968601227,-0.16243934631347656,0.06926926970481873,-0.02007470279932022,3.092709541320801,14327.513671875,33.36455535888672,61.87073516845703,95.23529052734375,210.0061798095703
28.32281494140625,167.77999877929688,1000.0,231.0,-1.0460474491119385,0.02028242126107216,20.0,0.9985992908477783,0.9985992908477783,0.9985992908477783,0.01935708522796631,2.1600000764010474e-05,0.08536260575056076,4640000.0,-0.027952615171670914,0.001225735992193222,-0.08430272340774536,0.06640741229057312,-0.0028618574142456055,3.0451924800872803,14415.30078125,29.100627899169922,58.663516998291016,87.76414489746094,227.8834991455078
28.029863357543945,164.0800018310547,1000.0,232.0,-1.0533431768417358,0.020207449793815613,22.0,0.9998007416725159,0.9998007416725159,0.9998007416725159,0.019852761179208755,2.0400000721565448e-05,0.08472122997045517,4660000.0,-0.0293910950422287,-0.001438479870557785,0.2612246870994568,0.0687047615647316,0.002297349274158478,3.0236494541168213,14513.0224609375,33.68442153930664,64.0133285522461,97.69774627685547,204.7130126953125
26.943740844726562,165.97999572753906,1000.0,233.0,-1.0663927793502808,0.020867180079221725,24.0,0.9990795850753784,0.9990795850753784,0.9990795850753784,0.019871635362505913,1.920000067912042e-05,0.08360252529382706,4680000.0,-0.029961440712213516,-0.0005703456699848175,0.11357145011425018,0.08250129222869873,0.013796530663967133,3.0045371055603027,14616.990234375,33.16960906982422,70.7724838256836,103.94309997558594,192.4129638671875
27.096176147460938,168.77999877929688,1000.0,234.0,-1.0811299085617065,0.020997483283281326,25.0,0.998293936252594,0.998293936252594,0.998293936252594,0.019413979724049568,1.8000000636675395e-05,0.08238010853528976,4700000.0,-0.02988191321492195,7.952749729156494e-05,-0.1763487458229065,0.08082754164934158,-0.0016737505793571472,3.0409553050994873,14723.05078125,31.316364288330078,74.71240234375,106.02876281738281,188.62806701660156
28.146442413330078,162.8000030517578,1000.0,235.0,-1.0932458639144897,0.02012193389236927,25.0,0.9973310828208923,0.9973310828208923,0.9973310828208923,0.019916575402021408,1.680000059423037e-05,0.08141414076089859,4720000.0,-0.03052571602165699,-0.0006438028067350388,-0.08819153159856796,0.08367675542831421,0.0028492137789726257,3.1352298259735107,14827.388671875,30.359373092651367,73.95285034179688,104.31222534179688,191.73208618164062
28.35773468017578,164.39999389648438,1000.0,236.0,-1.102512240409851,0.020345741882920265,26.0,0.996722400188446,0.996722400188446,0.996722400188446,0.019570142030715942,1.5600000551785342e-05,0.08068109303712845,4740000.0,-0.028987662866711617,0.0015380531549453735,0.46707406640052795,0.08368661254644394,9.857118129730225e-06,3.083695888519287,14936.20703125,31.775022506713867,77.01780700683594,108.79283142089844,183.8356475830078
27.36968421936035,152.6199951171875,1000.0,237.0,-1.11485755443573,0.02030470035970211,33.0,0.9994813203811646,0.9994813203811646,0.9994813203811646,0.01932690292596817,1.4399999599845614e-05,0.07969623804092407,4760000.0,-0.03214505314826965,-0.003157390281558037,-0.08928689360618591,0.07045102119445801,-0.013235591351985931,2.9829511642456055,15066.1123046875,31.866302490234375,98.01274108886719,129.87904357910156,153.9894256591797
26.60763931274414,161.17999267578125,1000.0,238.0,-1.1290382146835327,0.020058181136846542,34.0,0.9972310662269592,0.9972310662269592,0.9972310662269592,0.018892647698521614,1.3199999557400588e-05,0.07858772575855255,4780000.0,-0.029863374307751656,0.0022816788405179977,-0.05642777681350708,0.07986577600240707,0.009414754807949066,3.009521961212158,15198.958984375,31.562101364135742,101.25595092773438,132.81805419921875,150.58193969726562
27.75060272216797,150.33999633789062,1000.0,239.0,-1.140781283378601,0.02005964145064354,36.0,0.9993529319763184,0.9993529319763184,0.9993529319763184,0.019398119300603867,1.2000000424450263e-05,0.07767632603645325,4800000.0,-0.032523393630981445,-0.0026600193232297897,0.14379851520061493,0.08069618046283722,0.0008304044604301453,3.1378426551818848,15338.3515625,31.00581932067871,108.35832977294922,139.36415100097656,143.50892639160156
29.351457595825195,131.86000061035156,1000.0,240.0,-1.1528927087783813,0.02030782401561737,37.0,0.9979269504547119,0.9979269504547119,0.9979269504547119,0.019515888765454292,1.0800000382005237e-05,0.07673369348049164,4820000.0,-0.03231045976281166,0.00021293386816978455,-0.06846708804368973,0.0725681260228157,-0.008128054440021515,3.195936918258667,15476.685546875,28.68705177307129,109.61820983886719,138.30526733398438,144.60765075683594
28.459762573242188,137.33999633789062,1000.0,241.0,-1.165006399154663,0.018248336389660835,40.0,0.9995086193084717,0.9995086193084717,0.9995086193084717,0.018876781687140465,9.60000033956021e-06,0.07580111175775528,4840000.0,-0.031611405313014984,0.0006990544497966766,-0.03261318430304527,0.07626685500144958,0.0036987289786338806,3.1389694213867188,15627.0166015625,31.31691551208496,118.98332977294922,150.3002471923828,133.06698608398438
27.17719078063965,153.10000610351562,1000.0,242.0,-1.175657033920288,0.01725352369248867,40.0,0.9988037943840027,0.9988037943840027,0.9988037943840027,0.017535438761115074,8.400000297115184e-06,0.0749892070889473,4860000.0,-0.030077798292040825,0.0015336070209741592,-0.1953391432762146,0.06522420048713684,-0.011042654514312744,3.0880980491638184,15776.5634765625,29.987552642822266,119.5284652709961,149.51602172851562,133.7649383544922
26.524789810180664,163.5,1000.0,243.0,-1.1857284307479858,0.015327067114412785,40.0,1.0004314184188843,1.0004314184188843,1.0004314184188843,0.017127208411693573,7.199999799922807e-06,0.07423838973045349,4880000.0,-0.02918318286538124,0.000894615426659584,-0.18653395771980286,0.07708900421857834,0.011864803731441498,3.091242551803589,15926.6767578125,29.973697662353516,120.10950469970703,150.0832061767578,133.25941467285156
27.84512710571289,151.8000030517578,1000.0,244.0,-1.1945041418075562,0.01490695308893919,40.0,0.9997363686561584,0.9997363686561584,0.9997363686561584,0.01668800227344036,6.000000212225132e-06,0.07358932495117188,4900000.0,-0.028849756345152855,0.0003334265202283859,0.07040265947580338,0.06531919538974762,-0.011769808828830719,3.129487991333008,16079.1103515625,31.85467529296875,120.5459213256836,152.4005889892578,131.2330780029297
28.826370239257812,136.8000030517578,1000.0,245.0,-1.2021784782409668,0.012189500965178013,40.0,0.9995560050010681,0.9995560050010681,0.9995560050010681,0.01503939088433981,4.800000169780105e-06,0.07303235679864883,4920000.0,-0.02603342942893505,0.002816326916217804,-0.30715465545654297,0.06448853760957718,-0.0008306577801704407,3.070288896560669,16231.2138671875,30.02945327758789,122.03975677490234,152.0692138671875,131.51905822753906
29.538747787475586,134.5,1000.0,246.0,-1.209821343421936,0.01055193692445755,40.0,0.9998248219490051,0.9998248219490051,0.9998248219490051,0.014159136451780796,3.5999998999614036e-06,0.07247287034988403,4940000.0,-0.024371687322854996,0.0016617421060800552,0.11949233710765839,0.07468956708908081,0.010201029479503632,3.176954984664917,16384.595703125,31.447301864624023,121.89512634277344,153.34242248535156,130.4270477294922
28.16655921936035,145.4199981689453,1000.0,247.0,-1.2151716947555542,0.008902386762201786,40.0,0.9997375011444092,0.9997375011444092,0.9997375011444092,0.013484650291502476,2.4000000848900527e-06,0.07208819687366486,4960000.0,-0.02080291137099266,0.003568775951862335,0.07475584745407104,0.06481629610061646,-0.009873270988464355,3.0697550773620605,16537.36328125,30.197195053100586,122.53858947753906,152.73577880859375,130.94508361816406
27.662246704101562,157.72000122070312,1000.0,248.0,-1.2186986207962036,0.007382685784250498,40.0,1.0000921487808228,1.0000921487808228,1.0000921487808228,0.012275634333491325,1.2000000424450263e-06,0.07184339314699173,4980000.0,-0.01848599687218666,0.0023169144988059998,0.024856947362422943,0.06793197244405746,0.0031156763434410095,3.0437817573547363,16692.4609375,32.34646987915039,122.71949005126953,155.0659637451172,128.9773712158203
27.846176147460938,155.8000030517578,1000.0,249.0,-1.2216253280639648,0.005129323806613684,40.0,0.9989129900932312,0.9989129900932312,0.9989129900932312,0.01057338248938322,0.0,0.07163885235786438,5000000.0,-0.013372602872550488,0.005113393999636173,0.022293657064437866,0.0778963714838028,0.00996439903974533,3.0809829235076904,16844.642578125,28.426210403442383,123.7229995727539,152.1492156982422,131.4499053955078
