Metrics/EpRet,Metrics/EpCost,Metrics/EpLen,Train/Epoch,Train/Entropy,Train/KL,Train/StopIter,Train/PolicyRatio,Train/PolicyRatio/Min,Train/PolicyRatio/Max,Train/PolicyRatio/Std,Train/LR,Train/PolicyStd,TotalEnvSteps,Loss/Loss_pi,Loss/Loss_pi/Delta,Value/Adv,Loss/Loss_reward_critic,Loss/Loss_reward_critic/Delta,Value/reward,Loss/Loss_cost_critic,Loss/Loss_cost_critic/Delta,Value/cost,Time/Total,Time/Rollout,Time/Update,Time/Epoch,Time/FPS,Metrics/LagrangeMultiplier
-0.8369895815849304,33.5625,1000.0,0.0,1.4155391454696655,0.015457862056791782,7.0,0.9985358119010925,0.9985358119010925,0.9985358119010925,0.0188395157456398,0.00029880000511184335,0.9966129064559937,20000.0,-0.002969565102830529,-0.002969565102830529,0.02171977236866951,0.008977526798844337,0.008977526798844337,0.09946989268064499,2.415999174118042,2.415999174118042,-0.20492392778396606,75.83470916748047,45.89421844482422,29.939489364624023,75.83370971679688,263.7349548339844,0.03599999472498894
-0.35833075642585754,47.78125,1000.0,1.0,1.41421377658844,0.02589060366153717,4.0,1.000097632408142,1.000097632408142,1.000097632408142,0.02880319207906723,0.0002975999959744513,0.9952900409698486,40000.0,-0.003867200342938304,-0.0008976352401077747,0.10069145262241364,0.0020840957295149565,-0.006893431069329381,0.12121302634477615,2.931316614151001,0.515317440032959,0.22289018332958221,120.88890075683594,27.643409729003906,17.38711929321289,45.0305290222168,444.14312744140625,0.06862856447696686
0.05892676115036011,88.16666412353516,1000.0,2.0,1.4193284511566162,0.03069497086107731,3.0,1.0023974180221558,1.0023974180221558,1.0023974180221558,0.031414180994033813,0.00029639998683705926,1.0003951787948608,60000.0,-0.002085141371935606,0.001782058971002698,-0.1478404551744461,0.006811304483562708,0.004727208754047751,0.10086744278669357,6.835012912750244,3.903696298599243,2.1772782802581787,162.34571838378906,28.839759826660156,12.595714569091797,41.43547439575195,482.6781921386719,0.09855704754590988
0.865278422832489,103.55999755859375,1000.0,3.0,1.4227349758148193,0.007952172309160233,11.0,0.9995571970939636,0.9995571970939636,0.9995571970939636,0.016353635117411613,0.00029520000680349767,1.0038114786148071,80000.0,-0.002571547869592905,-0.00048640649765729904,-0.3490109443664551,0.008967660367488861,0.002156355883926153,0.1247020736336708,2.8413710594177246,-3.9936418533325195,2.8762478828430176,244.3843536376953,28.91649055480957,53.10211944580078,82.01860809326172,243.84710693359375,0.1299668699502945
1.4941563606262207,114.4000015258789,1000.0,4.0,1.4151852130889893,0.014430481009185314,3.0,1.0011341571807861,1.0011341571807861,1.0011341571807861,0.017068250104784966,0.00029399999766610563,0.9962558746337891,100000.0,-0.0009328167652711272,0.0016387311043217778,-0.050918299704790115,0.017454644665122032,0.008486984297633171,0.1631711721420288,6.244609832763672,3.4032387733459473,3.970958948135376,284.2834777832031,26.996116638183594,12.879311561584473,39.87542724609375,501.56201171875,0.16253985464572906
2.3456039428710938,107.0199966430664,1000.0,5.0,1.4162054061889648,0.035572703927755356,1.0,1.0026856660842896,1.0026856660842896,1.0026856660842896,0.027591034770011902,0.0002927999885287136,0.997275173664093,120000.0,0.00023308463278226554,0.0011659013980533928,0.08818364143371582,0.02687937766313553,0.009424732998013496,0.24400287866592407,10.179519653320312,3.9349098205566406,5.007241249084473,317.7273254394531,29.28257179260254,4.141188144683838,33.42375946044922,598.376708984375,0.19601444900035858
4.1366801261901855,101.45999908447266,1000.0,6.0,1.4116263389587402,0.009740720503032207,5.0,0.9999582767486572,0.9999582767486572,0.9999582767486572,0.01655837520956993,0.000291600008495152,0.9927166700363159,140000.0,-0.0010705083841457963,-0.0013035930169280618,-0.10054881870746613,0.028096964582800865,0.0012175869196653366,0.3426474630832672,5.273550033569336,-4.905969619750977,6.545999050140381,369.59259033203125,30.326213836669922,21.520801544189453,51.847015380859375,385.7502746582031,0.23003749549388885
6.714970588684082,101.13999938964844,1000.0,7.0,1.4088082313537598,0.009912179782986641,5.0,0.9999764561653137,0.9999764561653137,0.9999764561653137,0.015817206352949142,0.00029039999935775995,0.9899224638938904,160000.0,-0.000681678531691432,0.0003888298524543643,-0.0769893079996109,0.030682116746902466,0.0025851521641016006,0.519869327545166,4.693874835968018,-0.5796751976013184,6.275329113006592,422.5229797363281,28.32326889038086,24.586181640625,52.90945053100586,378.0043029785156,0.26444873213768005
9.762264251708984,106.5999984741211,1000.0,8.0,1.4082715511322021,0.01273974496871233,3.0,0.9997986555099487,0.9997986555099487,0.9997986555099487,0.01955310069024563,0.0002891999902203679,0.9893932938575745,180000.0,-0.00012358889216557145,0.0005580896395258605,-0.0998724028468132,0.04029584303498268,0.009613726288080215,0.6998494863510132,8.341350555419922,3.6474757194519043,7.170076370239258,468.7511901855469,33.353973388671875,12.85012149810791,46.20506286621094,432.8529968261719,0.2992517650127411
11.303962707519531,119.08000183105469,1000.0,9.0,1.4063602685928345,0.012694346718490124,4.0,0.9998821020126343,0.9998821020126343,0.9998821020126343,0.01995214633643627,0.0002880000101868063,0.9875065088272095,200000.0,-0.0018822203855961561,-0.0017586314934305847,0.019946258515119553,0.03814643621444702,-0.00214940682053566,0.6895468831062317,6.272988796234131,-2.068361759185791,7.8983235359191895,515.1976318359375,29.153972625732422,17.273393630981445,46.4273681640625,430.7804260253906,0.3345358073711395
12.21731948852539,120.9000015258789,1000.0,10.0,1.403850793838501,0.014696422033011913,3.0,1.0000367164611816,1.0000367164611816,1.0000367164611816,0.01964978501200676,0.0002868000010494143,0.9850307106971741,220000.0,-0.0004562954418361187,0.0014259249437600374,0.10453484952449799,0.04250213876366615,0.0043557025492191315,0.8320572376251221,6.465273857116699,0.19228506088256836,7.9686408042907715,556.2182006835938,28.360471725463867,12.639481544494629,40.99995422363281,487.805419921875,0.3702213168144226
12.102646827697754,122.73999786376953,1000.0,11.0,1.4021848440170288,0.01509022992104292,5.0,1.0007410049438477,1.0007410049438477,1.0007410049438477,0.02093779668211937,0.00028559999191202223,0.983391523361206,240000.0,-0.0023350317496806383,-0.0018787363078445196,-0.21659737825393677,0.03683445602655411,-0.005667682737112045,0.8949034214019775,5.905264854431152,-0.5600090026855469,7.964193820953369,615.8453979492188,35.50689697265625,24.10007095336914,59.60696792602539,335.53125,0.4062506854534149
11.990669250488281,111.80000305175781,1000.0,12.0,1.4029961824417114,0.014851984567940235,4.0,1.0007297992706299,1.0007297992706299,1.0007297992706299,0.020770542323589325,0.00028440001187846065,0.9841880798339844,260000.0,-0.001312862616032362,0.0010221691336482763,-0.14696182310581207,0.03919444605708122,0.002359990030527115,0.9927836656570435,5.262407302856445,-0.642857551574707,8.178426742553711,663.3082275390625,30.45033836364746,16.99079704284668,47.44113540649414,421.5750732421875,0.4423588216304779
11.79351806640625,114.5199966430664,1000.0,13.0,1.3984861373901367,0.013380487449467182,6.0,1.0005630254745483,1.0005630254745483,1.0005630254745483,0.018704771995544434,0.0002832000027410686,0.9798110723495483,280000.0,-0.003767823800444603,-0.002454961184412241,-0.1199183464050293,0.038820408284664154,-0.0003740377724170685,1.1281806230545044,5.030454635620117,-0.23195266723632812,9.795559883117676,720.7440795898438,31.04387855529785,26.37184715270996,57.41572570800781,348.33660888671875,0.47858357429504395
12.592795372009277,111.26000213623047,1000.0,14.0,1.3938947916030884,0.013382158242166042,7.0,1.0006823539733887,1.0006823539733887,1.0006823539733887,0.019473524764180183,0.00028199999360367656,0.97533118724823,300000.0,-0.004167155362665653,-0.00039933156222105026,-0.11883088946342468,0.054393891245126724,0.01557348296046257,1.0727781057357788,4.2786455154418945,-0.7518091201782227,9.537476539611816,786.38916015625,34.06595993041992,31.55792999267578,65.62388610839844,304.7670593261719,0.5148295760154724
13.550078392028809,116.30000305175781,1000.0,15.0,1.3902647495269775,0.014568410813808441,4.0,1.00003981590271,1.00003981590271,1.00003981590271,0.019888605922460556,0.00028080001357011497,0.9717970490455627,320000.0,-0.0026060945820063353,0.001561060780659318,0.10201836377382278,0.045093730092048645,-0.00930016115307808,1.1445813179016113,5.865920543670654,1.5872750282287598,9.383833885192871,836.7648315429688,32.368595123291016,17.984294891357422,50.35289001464844,397.1966552734375,0.5512000322341919
13.907685279846191,118.36000061035156,1000.0,16.0,1.3863511085510254,0.018157310783863068,3.0,1.0008851289749146,1.0008851289749146,1.0008851289749146,0.021510740742087364,0.0002796000044327229,0.9679845571517944,340000.0,-0.0027122199535369873,-0.00010612537153065205,-0.0655478909611702,0.05979727953672409,0.014703549444675446,1.2497527599334717,7.068594932556152,1.202674388885498,9.1434326171875,884.3143310546875,34.14596176147461,13.382547378540039,47.528507232666016,420.8000793457031,0.5877134203910828
14.250940322875977,120.77999877929688,1000.0,17.0,1.383143424987793,0.01740933768451214,4.0,1.0012270212173462,1.0012270212173462,1.0012270212173462,0.022020675241947174,0.0002783999952953309,0.9649196267127991,360000.0,-0.003876992966979742,-0.0011647730134427547,0.21681618690490723,0.05892866849899292,-0.0008686110377311707,1.2564054727554321,6.432915210723877,-0.6356797218322754,9.239453315734863,939.4109497070312,36.40948486328125,18.665992736816406,55.075477600097656,363.1380310058594,0.6243927478790283
14.267468452453613,118.83999633789062,1000.0,18.0,1.3783228397369385,0.016911588609218597,2.0,1.0005937814712524,1.0005937814712524,1.0005937814712524,0.021713174879550934,0.00027719998615793884,0.9602512717247009,380000.0,-0.00019353037350811064,0.0036834625934716314,-0.20689302682876587,0.06614568084478378,0.007217012345790863,1.215243935585022,8.800912857055664,2.367997646331787,9.45656681060791,980.6782836914062,32.61240005493164,8.632896423339844,41.245296478271484,484.9037780761719,0.6611632704734802
14.203446388244629,111.26000213623047,1000.0,19.0,1.3752397298812866,0.028517425060272217,3.0,1.0016587972640991,1.0016587972640991,1.0016587972640991,0.029234150424599648,0.00027600000612437725,0.9572800993919373,400000.0,-0.0040480769239366055,-0.003854546550428495,0.018322711810469627,0.06306234747171402,-0.003083333373069763,1.2452088594436646,6.309744834899902,-2.4911680221557617,8.719860076904297,1026.7552490234375,31.91118049621582,14.146800994873047,46.0579833984375,434.2352600097656,0.6978253126144409
14.5037841796875,103.69999694824219,1000.0,20.0,1.3706414699554443,0.01469527930021286,3.0,1.0011025667190552,1.0011025667190552,1.0011025667190552,0.018978264182806015,0.0002747999969869852,0.9529039859771729,420000.0,-0.0014449236914515495,0.002603153232485056,-0.14734816551208496,0.08762174099683762,0.024559393525123596,1.4328699111938477,6.206048011779785,-0.10369682312011719,9.402251243591309,1076.5487060546875,35.75200653076172,14.02104663848877,49.77305603027344,401.8238525390625,0.7341911792755127
14.99066162109375,103.26000213623047,1000.0,21.0,1.366637945175171,0.016342196613550186,2.0,0.9981012940406799,0.9981012940406799,0.9981012940406799,0.020558951422572136,0.00027359998784959316,0.949087917804718,440000.0,-0.00042083754669874907,0.0010240861447528005,0.03799557685852051,0.06506309658288956,-0.02255864441394806,1.3329589366912842,7.876280784606934,1.6702327728271484,8.658466339111328,1115.9637451171875,30.43834686279297,8.955511093139648,39.393856048583984,507.693359375,0.7702867388725281
14.610599517822266,96.68000030517578,1000.0,22.0,1.3629822731018066,0.0196441151201725,3.0,1.0002106428146362,1.0002106428146362,1.0002106428146362,0.021644406020641327,0.0002724000078160316,0.945626974105835,460000.0,-0.0015492425300180912,-0.0011284049833193421,-0.016833357512950897,0.07103918492794037,0.005976088345050812,1.16789972782135,6.321604251861572,-1.5546765327453613,8.199310302734375,1167.967041015625,37.88625717163086,14.086740493774414,51.973995208740234,384.80780029296875,0.8059538006782532
13.257925033569336,103.95999908447266,1000.0,23.0,1.358522653579712,0.015696663409471512,2.0,0.9993565678596497,0.9993565678596497,0.9993565678596497,0.01789727248251438,0.00027119999867863953,0.9414780139923096,480000.0,0.0011486567091196775,0.0026978992391377687,0.26316407322883606,0.0735444724559784,0.002505287528038025,1.3331587314605713,8.30336856842041,1.981764316558838,8.266722679138184,1210.259521484375,33.28416061401367,8.988164901733398,42.27232360839844,473.1227722167969,0.8414631485939026
11.2372465133667,94.58000183105469,1000.0,24.0,1.3610936403274536,0.021929213777184486,3.0,0.9983826279640198,0.9983826279640198,0.9983826279640198,0.025944208726286888,0.0002699999895412475,0.9439448714256287,500000.0,-0.00588168716058135,-0.007030343869701028,-0.06315785646438599,0.05843070521950722,-0.015113767236471176,1.1955995559692383,5.411594390869141,-2.8917741775512695,7.723012447357178,1254.1439208984375,29.76628875732422,14.09791374206543,43.864200592041016,455.9526672363281,0.8765503764152527
11.318886756896973,87.22000122070312,1000.0,25.0,1.3620041608810425,0.020677562803030014,2.0,0.998110830783844,0.998110830783844,0.998110830783844,0.025409454479813576,0.0002688000095076859,0.9448639750480652,520000.0,0.0005766854155808687,0.006458372576162219,0.07117874175310135,0.06895846873521805,0.01052776351571083,1.3706047534942627,6.605996131896973,1.194401741027832,9.902135848999023,1301.6695556640625,38.4941520690918,9.010342597961426,47.504493713378906,421.0127868652344,0.9110276699066162
12.179150581359863,91.12000274658203,1000.0,26.0,1.3649818897247314,0.028559673577547073,2.0,0.9993141889572144,0.9993141889572144,0.9993141889572144,0.025565767660737038,0.00026760000037029386,0.9476659893989563,540000.0,-0.0020626969635486603,-0.002639382379129529,0.043958522379398346,0.06901662796735764,5.81592321395874e-05,1.4194347858428955,6.3086419105529785,-0.29735422134399414,9.67894172668457,1342.5438232421875,32.1046028137207,8.749104499816895,40.85370635986328,489.5516357421875,0.9450995922088623
13.279587745666504,106.94000244140625,1000.0,27.0,1.3668498992919922,0.022806482389569283,1.0,1.0002700090408325,1.0002700090408325,1.0002700090408325,0.022031104192137718,0.0002663999912329018,0.9494580030441284,560000.0,0.0025308469776064157,0.004593543941155076,0.02279401570558548,0.0712670385837555,0.0022504106163978577,1.2844107151031494,10.82503890991211,4.516396999359131,8.450337409973145,1385.567138671875,38.46535110473633,4.53851842880249,43.003868103027344,465.0744323730469,0.979322075843811
13.064261436462402,99.68000030517578,1000.0,28.0,1.3672775030136108,0.02487366832792759,3.0,1.000524640083313,1.000524640083313,1.000524640083313,0.03115364909172058,0.0002652000111993402,0.95003741979599,580000.0,-0.003236521268263459,-0.005767368245869875,-0.11013266444206238,0.0721772164106369,0.0009101778268814087,1.3019249439239502,4.783476829528809,-6.041562080383301,8.711993217468262,1431.357177734375,32.59070587158203,13.179797172546387,45.77050018310547,436.962646484375,1.0134506225585938
12.511977195739746,99.5199966430664,1000.0,29.0,1.3685386180877686,0.028417440131306648,1.0,0.9979326128959656,0.9979326128959656,0.9979326128959656,0.023562468588352203,0.0002640000020619482,0.9512787461280823,600000.0,0.0017959700198844075,0.005032491288147867,-0.28113043308258057,0.07355739176273346,0.0013801753520965576,1.2828375101089478,7.220848083496094,2.437371253967285,8.863720893859863,1473.745849609375,37.82905578613281,4.539231300354004,42.368289947509766,472.0511474609375,1.0474934577941895
13.646404266357422,93.80000305175781,1000.0,30.0,1.3690736293792725,0.019527634605765343,3.0,1.0002450942993164,1.0002450942993164,1.0002450942993164,0.024785224348306656,0.00026279999292455614,0.9516969919204712,620000.0,-0.0019427702063694596,-0.003738740226253867,-0.06299508363008499,0.07666558027267456,0.003108188509941101,1.488563895225525,5.631383895874023,-1.5894641876220703,9.554740905761719,1520.1566162109375,32.939266204833984,13.451952934265137,46.39121627807617,431.1160888671875,1.0812735557556152
13.254638671875,102.83999633789062,1000.0,31.0,1.363361120223999,0.017824405804276466,3.0,0.9996026158332825,0.9996026158332825,0.9996026158332825,0.022631486877799034,0.00026160001289099455,0.9462364912033081,640000.0,-0.004317476414144039,-0.0023747062077745795,0.13810668885707855,0.06496226042509079,-0.01170331984758377,1.422329306602478,6.057610034942627,0.4262261390686035,8.024293899536133,1571.257080078125,37.47714614868164,13.604497909545898,51.08164596557617,391.5300598144531,1.1151244640350342
14.395864486694336,100.69999694824219,1000.0,32.0,1.3567591905593872,0.019161568954586983,3.0,1.001444935798645,1.001444935798645,1.001444935798645,0.022144954651594162,0.0002604000037536025,0.9400908350944519,660000.0,-0.002644898369908333,0.0016725780442357063,0.10720165073871613,0.06374885141849518,-0.0012134090065956116,1.4536190032958984,3.913097381591797,-2.14451265335083,8.307498931884766,1619.8302001953125,35.17519760131836,13.375436782836914,48.5516357421875,411.9325866699219,1.1489697694778442
13.987415313720703,94.63999938964844,1000.0,33.0,1.3587634563446045,0.021975480020046234,2.0,0.9997318983078003,0.9997318983078003,0.9997318983078003,0.023045426234602928,0.00025919999461621046,0.9420287609100342,680000.0,-0.003385977353900671,-0.0007410789839923382,-0.05026231333613396,0.0697123110294342,0.005963459610939026,1.4031915664672852,6.142094135284424,2.228996753692627,8.24545955657959,1668.9874267578125,40.28105545043945,8.855937957763672,49.13699722290039,407.0252990722656,1.182607650756836
14.199912071228027,87.83999633789062,1000.0,34.0,1.3604764938354492,0.02335754781961441,2.0,0.9984290599822998,0.9984290599822998,0.9984290599822998,0.024440286681056023,0.0002579999854788184,0.9434837698936462,700000.0,-0.002909720176830888,0.0004762571770697832,0.09553395211696625,0.07997303456068039,0.010260723531246185,1.4523168802261353,6.3053178787231445,0.1632237434387207,8.117471694946289,1711.087158203125,32.873199462890625,9.207015991210938,42.08021545410156,475.28271484375,1.2158252000808716
14.147025108337402,89.37999725341797,1000.0,35.0,1.3636058568954468,0.01378099899739027,3.0,1.0001870393753052,1.0001870393753052,1.0001870393753052,0.01924784854054451,0.00025680000544525683,0.9463925361633301,720000.0,-0.0005912105552852154,0.0023185096215456724,-0.05303502827882767,0.07738116383552551,-0.0025918707251548767,1.4997164011001587,4.382824897766113,-1.9224929809570312,8.376701354980469,1763.7864990234375,39.08167266845703,13.597845077514648,52.67951583862305,379.6542053222656,1.2487279176712036
12.541851043701172,82.4800033569336,1000.0,36.0,1.3609868288040161,0.02256174385547638,3.0,1.0009572505950928,1.0009572505950928,1.0009572505950928,0.024727994576096535,0.0002555999963078648,0.9439041018486023,740000.0,-0.0029985990840941668,-0.0024073885288089514,-0.001062139868736267,0.07762603461742401,0.00024487078189849854,1.2862937450408936,4.2248125076293945,-0.15801239013671875,8.034215927124023,1812.7568359375,35.005489349365234,13.944615364074707,48.95010757446289,408.57928466796875,1.2811001539230347
9.786362648010254,75.87999725341797,1000.0,37.0,1.3569332361221313,0.014599770307540894,4.0,1.0010123252868652,1.0010123252868652,1.0010123252868652,0.020015303045511246,0.00025439998717047274,0.9400779008865356,760000.0,-0.0032232096418738365,-0.00022461055777966976,0.03923260048031807,0.06327439844608307,-0.014351636171340942,0.9064801931381226,3.1561641693115234,-1.068648338317871,5.971094131469727,1868.48828125,36.9899787902832,18.719505310058594,55.7094841003418,359.00531005859375,1.3127495050430298
7.813288688659668,65.94000244140625,1000.0,38.0,1.3577234745025635,0.054531652480363846,2.0,1.0021826028823853,1.0021826028823853,1.0021826028823853,0.03783797472715378,0.00025320000713691115,0.9407788515090942,780000.0,-0.005065987817943096,-0.0018427781760692596,-0.04626907408237457,0.06791501492261887,0.004640616476535797,0.9318033456802368,3.948683977127075,0.7925198078155518,5.452773571014404,1914.776123046875,37.28644561767578,8.979791641235352,46.2662353515625,432.2806701660156,1.3433563709259033
8.477688789367676,61.70000076293945,1000.0,39.0,1.3562748432159424,0.015226948074996471,2.0,1.0006401538848877,1.0006401538848877,1.0006401538848877,0.0191168375313282,0.0002519999979995191,0.9394072890281677,800000.0,0.0007516175974160433,0.0058176054153591394,-0.05838681012392044,0.07559487223625183,0.007679857313632965,1.2163496017456055,4.742782115936279,0.7940981388092041,7.074577331542969,1955.6763916015625,32.00839614868164,8.873226165771484,40.881622314453125,489.2173767089844,1.3728517293930054
10.425678253173828,67.30000305175781,1000.0,40.0,1.3526066541671753,0.02065817080438137,1.0,0.998167872428894,0.998167872428894,0.998167872428894,0.017895137891173363,0.00025079998886212707,0.9359760880470276,820000.0,0.0012918348656967282,0.000540217268280685,-0.10502243787050247,0.08711742609739304,0.011522553861141205,1.354105830192566,7.452951908111572,2.710169792175293,7.902895927429199,1999.2265625,38.83100509643555,4.698944091796875,43.52994918823242,459.45379638671875,1.4015858173370361
12.139161109924316,78.91999816894531,1000.0,41.0,1.3542486429214478,0.017594221979379654,2.0,0.9983965158462524,0.9983965158462524,0.9983965158462524,0.02187509275972843,0.0002496000088285655,0.9376025795936584,840000.0,-0.0009997186716645956,-0.002291553537361324,0.12956422567367554,0.07965493202209473,-0.007462494075298309,1.185723900794983,5.669401168823242,-1.78355073928833,6.844152927398682,2039.405029296875,31.161104202270508,8.998360633850098,40.15946578979492,498.01458740234375,1.4301236867904663
9.842717170715332,73.4000015258789,1000.0,42.0,1.3543634414672852,0.020483756437897682,3.0,1.0003330707550049,1.0003330707550049,1.0003330707550049,0.021679358556866646,0.00024839999969117343,0.937692403793335,860000.0,-0.004486544523388147,-0.0034868258517235518,-0.022973250597715378,0.06501400470733643,-0.0146409273147583,0.7702192664146423,3.4562525749206543,-2.213148593902588,4.819519519805908,2090.040283203125,36.58646011352539,14.028010368347168,50.614471435546875,395.1438903808594,1.4582650661468506
8.272139549255371,68.86000061035156,1000.0,43.0,1.3530243635177612,0.06312157958745956,2.0,0.9998738169670105,0.9998738169670105,0.9998738169670105,0.04630102589726448,0.0002471999905537814,0.9364281892776489,880000.0,-0.004587860312312841,-0.00010131578892469406,-0.07791504263877869,0.06524743884801865,0.00023343414068222046,0.8338078260421753,4.125670433044434,0.6694178581237793,5.76517915725708,2130.076416015625,30.82986068725586,9.173890113830566,40.003753662109375,499.9530944824219,1.4858647584915161
6.145241737365723,56.52000045776367,1000.0,44.0,1.354539155960083,0.023838520050048828,2.0,1.0005048513412476,1.0005048513412476,1.0005048513412476,0.025402972474694252,0.0002460000105202198,0.9379791021347046,900000.0,-0.0017016547499224544,0.002886205562390387,-0.22998850047588348,0.06577593833208084,0.0005284994840621948,0.7955570220947266,2.892557144165039,-1.2331132888793945,6.127306938171387,2178.6328125,39.265201568603516,9.266786575317383,48.532989501953125,412.0908508300781,1.5124404430389404
5.050779819488525,61.439998626708984,1000.0,45.0,1.3519632816314697,0.053174979984760284,1.0,0.9990924596786499,0.9990924596786499,0.9990924596786499,0.02709636650979519,0.00024480000138282776,0.9355984330177307,920000.0,-0.003969131503254175,-0.002267476753331721,-0.051607709378004074,0.0602874681353569,-0.005488470196723938,0.8070752024650574,6.433645248413086,3.541088104248047,5.345135688781738,2215.269775390625,31.969497680664062,4.647551536560059,36.61705017089844,546.1936645507812,1.5383179187774658
3.471165418624878,56.08000183105469,1000.0,46.0,1.3479247093200684,0.06949254870414734,2.0,0.9978858232498169,0.9978858232498169,0.9978858232498169,0.03413563221693039,0.00024360000679735094,0.9318209886550903,940000.0,-0.0016748033231124282,0.002294328180141747,-0.22873465716838837,0.05230267345905304,-0.007984794676303864,0.5503263473510742,3.813828229904175,-2.619817018508911,4.977644443511963,2262.87841796875,38.143863677978516,9.445337295532227,47.58919906616211,420.263427734375,1.5633277893066406
3.7206058502197266,61.31999969482422,1000.0,47.0,1.3454710245132446,0.019198881462216377,3.0,0.999480128288269,0.999480128288269,0.999480128288269,0.02359304390847683,0.0002423999976599589,0.9295658469200134,960000.0,-0.0033523710444569588,-0.0016775677213445306,0.07665295898914337,0.06713100522756577,0.014828331768512726,0.8241630792617798,2.9250454902648926,-0.8887827396392822,6.468496322631836,2311.048828125,34.48479080200195,13.665786743164062,48.150577545166016,415.3636474609375,1.5878013372421265
3.0632050037384033,43.34000015258789,1000.0,48.0,1.3461096286773682,0.015394610352814198,2.0,0.9993999600410461,0.9993999600410461,0.9993999600410461,0.020799467340111732,0.00024120000307448208,0.9301566481590271,980000.0,-0.0013397902948781848,0.002012580749578774,-0.062468044459819794,0.05314702168107033,-0.013983983546495438,0.4556336998939514,2.156787157058716,-0.7682583332061768,4.948304176330566,2358.129638671875,37.93934631347656,9.119767189025879,47.059112548828125,424.99737548828125,1.6109488010406494
3.0792076587677,35.779998779296875,1000.0,49.0,1.3432315587997437,0.030319320037961006,1.0,0.9991773962974548,0.9991773962974548,0.9991773962974548,0.031420860439538956,0.00023999999393709004,0.9274342656135559,1000000.0,0.0026823864318430424,0.004022176726721227,-0.0009324550628662109,0.05953413248062134,0.00638711079955101,0.47065234184265137,3.6720516681671143,1.5152645111083984,5.271656036376953,2399.462646484375,36.61246871948242,4.699392318725586,41.31186294555664,484.1224365234375,1.6325254440307617
1.763066053390503,28.420000076293945,1000.0,50.0,1.3431297540664673,0.013229906558990479,3.0,1.0009381771087646,1.0009381771087646,1.0009381771087646,0.02128925919532776,0.00023879999935161322,0.9272404313087463,1020000.0,-0.001780965249054134,-0.004463351680897176,0.23374786972999573,0.05009174346923828,-0.009442389011383057,0.30380719900131226,1.700097680091858,-1.9719539880752563,4.1683197021484375,2449.34521484375,36.11284637451172,13.750652313232422,49.86349868774414,401.0950012207031,1.6523064374923706
1.4507994651794434,26.280000686645508,1000.0,51.0,1.3438332080841064,0.04167322814464569,1.0,0.9994727373123169,0.9994727373123169,0.9994727373123169,0.019436996430158615,0.0002376000047661364,0.9278386235237122,1040000.0,-0.0004888690891675651,0.0012920961598865688,-0.2990078032016754,0.050738122314214706,0.0006463788449764252,0.29254233837127686,2.336721181869507,0.6366235017776489,3.435572624206543,2489.9716796875,36.17178726196289,4.433563232421875,40.60638427734375,492.5459289550781,1.6703449487686157
0.8035525679588318,26.940000534057617,1000.0,52.0,1.3430454730987549,0.017561787739396095,2.0,0.9996255040168762,0.9996255040168762,0.9996255040168762,0.01823509857058525,0.00023639999562874436,0.9270933270454407,1060000.0,-0.0015229765558615327,-0.0010341074666939676,0.17383147776126862,0.04117899760603905,-0.00955912470817566,0.2629070281982422,1.6203864812850952,-0.7163347005844116,2.7749788761138916,2535.114501953125,35.780303955078125,9.34319019317627,45.12349319458008,443.22808837890625,1.6868329048156738
1.5589900016784668,25.600000381469727,1000.0,53.0,1.3460251092910767,0.03424520418047905,2.0,0.9977973699569702,0.9977973699569702,0.9977973699569702,0.03082256391644478,0.00023520000104326755,0.9298115372657776,1080000.0,-0.0033512685913592577,-0.001828292035497725,0.08723868429660797,0.060003675520420074,0.018824677914381027,0.34715113043785095,1.6117174625396729,-0.008669018745422363,3.647686243057251,2581.104248046875,36.89696502685547,9.072245597839355,45.96921157836914,435.0738220214844,1.7018409967422485
1.8425968885421753,24.280000686645508,1000.0,54.0,1.34787917137146,0.018665606155991554,3.0,0.9987964630126953,0.9987964630126953,0.9987964630126953,0.02248784899711609,0.00023400000645779073,0.9315279126167297,1100000.0,-0.0009659584611654282,0.0023853101301938295,0.04743645712733269,0.05184079706668854,-0.008162878453731537,0.34763428568840027,1.1374893188476562,-0.4742281436920166,3.2738218307495117,2630.420166015625,35.614219665527344,13.682633399963379,49.296852111816406,405.7054138183594,1.7154334783554077
3.6455860137939453,31.280000686645508,1000.0,55.0,1.347248911857605,0.09303059428930283,1.0,0.9996566772460938,0.9996566772460938,0.9996566772460938,0.04336939752101898,0.0002327999973203987,0.9309428930282593,1120000.0,-0.002182304160669446,-0.0012163456995040178,-0.030521443113684654,0.0651344582438469,0.013293661177158356,0.5218470692634583,3.7108871936798096,2.5733978748321533,3.581033229827881,2670.000244140625,35.129268646240234,4.431710720062256,39.56098175048828,505.54864501953125,1.7281110286712646
2.354566812515259,30.559999465942383,1000.0,56.0,1.346436619758606,0.01797865331172943,3.0,0.999430775642395,0.999430775642395,0.999430775642395,0.02527874894440174,0.00023160000273492187,0.930124044418335,1140000.0,-0.002344464184716344,-0.0001621600240468979,0.05942248925566673,0.030922364443540573,-0.03421209380030632,0.06707817316055298,0.8548572659492493,-2.8560299277305603,1.8981642723083496,2721.8583984375,37.41696548461914,14.420599937438965,51.83756637573242,385.8205871582031,1.739920735359192
1.3172369003295898,24.84000015258789,1000.0,57.0,1.3483127355575562,0.017979944124817848,3.0,0.9998957514762878,0.9998957514762878,0.9998957514762878,0.018492264673113823,0.00023039999359752983,0.9318482875823975,1160000.0,-0.0027771645691245794,-0.00043270038440823555,-0.16174620389938354,0.028429487720131874,-0.002492876723408699,0.12144600600004196,0.8113945126533508,-0.04346275329589844,1.9093204736709595,2770.111572265625,34.49574279785156,13.737395286560059,48.23313903808594,414.6526794433594,1.750633716583252
-1.1792162656784058,9.5600004196167,1000.0,58.0,1.347391963005066,0.012926856055855751,5.0,0.998002827167511,0.998002827167511,0.998002827167511,0.017324861139059067,0.000229199999012053,0.9309923648834229,1180000.0,-0.003924665041267872,-0.0011475004721432924,-0.058322321623563766,0.02008209191262722,-0.008347395807504654,-0.06364493817090988,0.3704059422016144,-0.44098857045173645,0.8464933633804321,2831.387939453125,39.111751556396484,22.142412185668945,61.2541618347168,326.5084228515625,1.7595077753067017
-1.484079122543335,5.460000038146973,1000.0,59.0,1.3460776805877686,0.012312489561736584,5.0,0.9997331500053406,0.9997331500053406,0.9997331500053406,0.021135887131094933,0.0002280000044265762,0.9297676086425781,1200000.0,-0.0017770465929061174,0.0021476184483617544,-0.14771856367588043,0.02375093847513199,0.0036688465625047684,-0.07708562165498734,0.33878830075263977,-0.03161764144897461,1.0584889650344849,2895.869140625,40.06980514526367,24.389524459838867,64.4593276977539,310.2731628417969,1.7664772272109985
-0.960940957069397,10.039999961853027,1000.0,60.0,1.3471400737762451,0.06652253866195679,1.0,0.9989840388298035,0.9989840388298035,0.9989840388298035,0.027557384222745895,0.00022679999528918415,0.930740237236023,1220000.0,0.000674543553031981,0.0024515901459380984,-0.2486107498407364,0.02978530339896679,0.006034364923834801,0.04684988409280777,0.9841417670249939,0.6453534662723541,1.5365296602249146,2934.3251953125,33.644874572753906,4.789162635803223,38.43403625488281,520.3720703125,1.7719669342041016
-0.5666382908821106,12.0,1000.0,61.0,1.347630500793457,0.02053455449640751,1.0,0.9988085627555847,0.9988085627555847,0.9988085627555847,0.01914822682738304,0.00022560000070370734,0.9312012791633606,1240000.0,0.0023720553144812584,0.0016975117614492774,0.008133076131343842,0.028014859184622765,-0.0017704442143440247,0.05645781755447388,1.390805959701538,0.4066641926765442,1.8640503883361816,2978.81103515625,39.87142562866211,4.593931198120117,44.465354919433594,449.7883605957031,1.7762178182601929
-1.2753714323043823,10.460000038146973,1000.0,62.0,1.3462038040161133,0.017709534615278244,4.0,1.0013151168823242,1.0013151168823242,1.0013151168823242,0.04610506072640419,0.00022440000611823052,0.9298742413520813,1260000.0,0.00021530530648306012,-0.0021567500079981983,-0.006296558305621147,0.01962614431977272,-0.008388714864850044,-0.05146243795752525,0.3806082308292389,-1.0101977288722992,1.2904514074325562,3032.758056640625,34.622161865234375,19.305578231811523,53.927738189697266,370.86663818359375,1.7792514562606812
-1.44060480594635,6.360000133514404,1000.0,63.0,1.3484972715377808,0.013492930680513382,3.0,1.0013998746871948,1.0013998746871948,1.0013998746871948,0.018081059679389,0.00022319999698083848,0.9320181012153625,1280000.0,-0.0024009589105844498,-0.00261626421706751,-0.0016260510310530663,0.02520839311182499,0.005582248792052269,-0.020264437422156334,0.4018937647342682,0.021285533905029297,0.851250410079956,3084.757080078125,38.34153366088867,13.626581192016602,51.968116760253906,384.8513488769531,1.7809407711029053
-1.131097435951233,4.400000095367432,1000.0,64.0,1.3500019311904907,0.021436471492052078,1.0,0.999350368976593,0.999350368976593,0.999350368976593,0.01755833625793457,0.00022200000239536166,0.9334098696708679,1300000.0,0.0019200629321858287,0.0043210218427702785,-0.2104659080505371,0.032212261110544205,0.007003867998719215,-0.009963234886527061,0.6656080484390259,0.2637142837047577,1.2102733850479126,3129.2802734375,39.66782760620117,4.833165645599365,44.50099182128906,449.4281921386719,1.781291127204895
0.06064123287796974,11.479999542236328,1000.0,65.0,1.349138855934143,0.027501516044139862,2.0,1.002670168876648,1.002670168876648,1.002670168876648,0.07619782537221909,0.00022079999325796962,0.9326083064079285,1320000.0,0.003484493587166071,0.0015644306549802423,-0.05565989762544632,0.041204314678907394,0.00899205356836319,0.000717289571184665,0.7489327788352966,0.08332473039627075,1.1656016111373901,3174.3896484375,35.44939422607422,9.639228820800781,45.088623046875,443.57086181640625,1.7808282375335693
0.19005516171455383,12.760000228881836,1000.0,66.0,1.344690203666687,0.011918176896870136,3.0,1.0003869533538818,1.0003869533538818,1.0003869533538818,0.016493316739797592,0.0002195999986724928,0.9284818768501282,1340000.0,-0.0033436291851103306,-0.0068281227722764015,-0.045587584376335144,0.03179232403635979,-0.009411990642547607,-0.07194099575281143,0.45344066619873047,-0.29549211263656616,0.7815333604812622,3227.890869140625,40.38036346435547,13.099919319152832,53.48028564453125,373.9695739746094,1.7796965837478638
0.15700216591358185,14.579999923706055,1000.0,67.0,1.3436641693115234,0.07510662823915482,1.0,0.9998759627342224,0.9998759627342224,0.9998759627342224,0.03348126262426376,0.00021840000408701599,0.9275063276290894,1360000.0,0.0035482128150761127,0.006891842000186443,0.23791834712028503,0.03331010416150093,0.0015177801251411438,0.0030906812753528357,1.2671658992767334,0.8137252330780029,1.1609182357788086,3269.99755859375,36.660858154296875,5.425834655761719,42.086692810058594,475.2095947265625,1.7780600786209106
0.16145779192447662,11.539999961853027,1000.0,68.0,1.344299554824829,0.04817928373813629,2.0,1.001139760017395,1.001139760017395,1.001139760017395,0.04352186992764473,0.00021719999494962394,0.9281001091003418,1380000.0,-0.005338603165000677,-0.00888681598007679,0.16703104972839355,0.03036622330546379,-0.00294388085603714,-0.03587224334478378,0.6922070980072021,-0.5749588012695312,1.1731228828430176,3315.536865234375,36.78954315185547,8.725754737854004,45.51628494262695,439.4031677246094,1.7757824659347534
-0.16249153017997742,13.260000228881836,1000.0,69.0,1.3424017429351807,0.021939007565379143,1.0,1.0015027523040771,1.0015027523040771,1.0015027523040771,0.024977410212159157,0.00021600000036414713,0.9263313412666321,1400000.0,0.005321358796209097,0.010659961961209774,-0.23918020725250244,0.02857203409075737,-0.001794189214706421,-0.07831919193267822,1.3362460136413574,0.6440389156341553,1.4460837841033936,3359.768798828125,39.475372314453125,4.7361249923706055,44.21149826049805,452.37103271484375,1.7730203866958618
-0.4840725064277649,14.399999618530273,1000.0,70.0,1.342400312423706,0.02423970215022564,1.0,1.0024319887161255,1.0024319887161255,1.0024319887161255,0.018863297998905182,0.0002148000057786703,0.9263221025466919,1420000.0,0.00016665225848555565,-0.005154706537723541,-0.11310689896345139,0.025888722389936447,-0.002683311700820923,-0.09328023344278336,0.9794859290122986,-0.35676008462905884,1.0102652311325073,3399.302490234375,34.75992965698242,4.754714012145996,39.514644622802734,506.1414794921875,1.7698825597763062
-0.8998156785964966,15.359999656677246,1000.0,71.0,1.3410546779632568,0.015627123415470123,4.0,0.9993208050727844,0.9993208050727844,0.9993208050727844,0.01944221742451191,0.00021359999664127827,0.925084114074707,1440000.0,-0.0032301507890224457,-0.0033968030475080013,0.017488956451416016,0.02366236224770546,-0.0022263601422309875,-0.08878353983163834,0.5627938508987427,-0.4166920781135559,1.2668570280075073,3458.38916015625,39.720306396484375,19.345911026000977,59.066219329833984,338.60302734375,1.7664576768875122
-0.5945252776145935,13.899999618530273,1000.0,72.0,1.3423981666564941,0.01562773995101452,4.0,1.0012434720993042,1.0012434720993042,1.0012434720993042,0.01944967545568943,0.00021240000205580145,0.926318883895874,1460000.0,-0.0024266692344099283,0.0008034815546125174,-0.15275709331035614,0.023591848090291023,-7.051415741443634e-05,-0.0738135501742363,0.5156333446502686,-0.04716050624847412,1.0819171667099,3513.27392578125,35.30842208862305,19.552593231201172,54.86101531982422,364.5575866699219,1.7626806497573853
-0.27356669306755066,11.319999694824219,1000.0,73.0,1.3446062803268433,0.1490599662065506,1.0,1.0003621578216553,1.0003621578216553,1.0003621578216553,0.05724460631608963,0.0002111999929184094,0.9283674359321594,1480000.0,-0.007057098671793938,-0.004630429437384009,0.2547929883003235,0.030687345191836357,0.007095497101545334,0.05705723166465759,1.3804200887680054,0.8647867441177368,1.5824614763259888,3555.23779296875,37.18592834472656,4.753979682922363,41.93990707397461,476.8727722167969,1.758423089981079
-0.7107686400413513,15.880000114440918,1000.0,74.0,1.342837929725647,0.11219190806150436,1.0,1.0024813413619995,1.0024813413619995,1.0024813413619995,0.051904384046792984,0.0002099999983329326,0.9267259240150452,1500000.0,0.011601069010794163,0.0186581676825881,0.029156146571040154,0.02288750931620598,-0.007799835875630379,-0.02896169386804104,2.409085750579834,1.0286656618118286,1.6291900873184204,3599.808837890625,39.52314758300781,5.0275163650512695,44.550662994384766,448.9270935058594,1.7540044784545898
-0.5918105840682983,19.420000076293945,1000.0,75.0,1.3451738357543945,0.025216152891516685,3.0,0.9988664388656616,0.9988664388656616,0.9988664388656616,0.023995045572519302,0.00020880000374745578,0.928902268409729,1520000.0,-0.0015631576534360647,-0.013164226664230227,0.0689537301659584,0.023017393425107002,0.00012988410890102386,-0.04200850427150726,0.8298448324203491,-1.5792409181594849,1.0388211011886597,3648.4169921875,34.12473678588867,14.463479995727539,48.58821487426758,411.6224365234375,1.7496552467346191
-0.03948184847831726,26.479999542236328,1000.0,76.0,1.346490740776062,0.02027181349694729,1.0,1.0005838871002197,1.0005838871002197,1.0005838871002197,0.015558249317109585,0.00020759999461006373,0.930140495300293,1540000.0,0.0034336624667048454,0.00499682012014091,0.03579973429441452,0.03311845287680626,0.010101059451699257,-0.012674217112362385,1.639771819114685,0.8099269866943359,2.047830104827881,3692.584228515625,39.721099853515625,4.4254961013793945,44.14659881591797,453.0360412597656,1.7458066940307617
-0.1513756960630417,16.979999542236328,1000.0,77.0,1.3478977680206299,0.011671277694404125,5.0,1.0010552406311035,1.0010552406311035,1.0010552406311035,0.016977494582533836,0.00020640000002458692,0.9314703345298767,1560000.0,-0.002361179329454899,-0.005794841796159744,0.10637226700782776,0.023689521476626396,-0.009428931400179863,-0.08321837335824966,0.4606739282608032,-1.1790978908538818,1.1984496116638184,3755.226318359375,37.25794982910156,25.365095138549805,62.623046875,319.3712463378906,1.7418169975280762
0.17496734857559204,19.540000915527344,1000.0,78.0,1.3454033136367798,0.08070236444473267,1.0,0.9998931288719177,0.9998931288719177,0.9998931288719177,0.03738103061914444,0.0002052000054391101,0.929162859916687,1580000.0,0.002152075059711933,0.004513254389166832,-0.13209275901317596,0.027538513764739037,0.0038489922881126404,-0.040378157049417496,1.2750157117843628,0.8143417835235596,1.2039644718170166,3794.41259765625,34.375526428222656,4.776834487915039,39.15236282348633,510.82489013671875,1.7378579378128052
0.2221849262714386,15.5,1000.0,79.0,1.3413151502609253,0.02183360606431961,1.0,0.9988811612129211,0.9988811612129211,0.9988811612129211,0.015588679350912571,0.00020399999630171806,0.9253667593002319,1600000.0,0.002343163127079606,0.00019108806736767292,0.04687739163637161,0.04441981390118599,0.016881300136446953,0.08180456608533859,1.4721460342407227,0.19713032245635986,2.0574750900268555,3839.107177734375,39.80845260620117,4.865651607513428,44.674102783203125,447.6866455078125,1.7336684465408325
1.4094042778015137,20.899999618530273,1000.0,80.0,1.3404104709625244,0.024972129613161087,2.0,1.000174641609192,1.000174641609192,1.000174641609192,0.022303810343146324,0.00020280000171624124,0.9245047569274902,1620000.0,-0.0017337356694042683,-0.004076898796483874,0.13822293281555176,0.04160309582948685,-0.0028167180716991425,0.09370708465576172,1.222862958908081,-0.2492830753326416,1.8097147941589355,3884.57177734375,36.080989837646484,9.357603073120117,45.43859100341797,440.15447998046875,1.7296113967895508
1.932533860206604,24.8799991607666,1000.0,81.0,1.3398032188415527,0.023882322013378143,3.0,0.9996141195297241,0.9996141195297241,0.9996141195297241,0.02562892995774746,0.00020160000713076442,0.9239497780799866,1640000.0,-0.00404012156650424,-0.0023063858970999718,0.049589768052101135,0.03807470574975014,-0.0035283900797367096,0.13998901844024658,1.487064242362976,0.264201283454895,2.287226915359497,3939.304931640625,40.798213958740234,13.909741401672363,54.70795440673828,365.5775451660156,1.7259290218353271
2.189739942550659,27.3799991607666,1000.0,82.0,1.3415709733963013,0.02368772216141224,1.0,1.0009796619415283,1.0009796619415283,1.0009796619415283,0.019569454714655876,0.00020039999799337238,0.9255880117416382,1660000.0,0.0021479553543031216,0.006188076920807362,-0.348275363445282,0.04262677580118179,0.004552070051431656,0.13159409165382385,1.7126986980438232,0.22563445568084717,2.013078212738037,3982.4775390625,38.369911193847656,4.779589653015137,43.14950180053711,463.5047912597656,1.7227481603622437
2.1402034759521484,27.139999389648438,1000.0,83.0,1.3427479267120361,0.023647507652640343,3.0,1.0002142190933228,1.0002142190933228,1.0002142190933228,0.028173185884952545,0.00019920000340789557,0.9266613721847534,1680000.0,-0.0035851572174578905,-0.005733112571761012,0.1748887598514557,0.03511374816298485,-0.007513027638196945,0.1059078499674797,0.8153097629547119,-0.8973889350891113,2.2469773292541504,4035.304931640625,39.156166076660156,13.651062965393066,52.807228088378906,378.73602294921875,1.720007061958313
2.108670949935913,21.700000762939453,1000.0,84.0,1.3414820432662964,0.03833863139152527,2.0,1.0011793375015259,1.0011793375015259,1.0011793375015259,0.03218228369951248,0.00019799999427050352,0.9254883527755737,1700000.0,0.0006332574412226677,0.004218414658680558,0.02534136362373829,0.04043016582727432,0.0053164176642894745,0.14809389412403107,1.2046443223953247,0.3893345594406128,1.7133865356445312,4083.7890625,38.71965408325195,9.743483543395996,48.463138580322266,412.6847839355469,1.7173084020614624
2.7187347412109375,18.540000915527344,1000.0,85.0,1.340404987335205,0.022482240572571754,1.0,1.000259280204773,1.000259280204773,1.000259280204773,0.017582150176167488,0.0001967999996850267,0.9244999289512634,1720000.0,0.00032237981213256717,-0.0003108776290901005,-0.024965208023786545,0.05516337975859642,0.014733213931322098,0.20548364520072937,1.8800404071807861,0.6753960847854614,2.064277172088623,4126.7861328125,38.203460693359375,4.772445201873779,42.97590637207031,465.3770446777344,1.714438796043396
3.5510780811309814,32.58000183105469,1000.0,86.0,1.3382359743118286,0.1854439675807953,1.0,0.9958177208900452,0.9958177208900452,0.9958177208900452,0.055854231119155884,0.0001956000050995499,0.9225060343742371,1740000.0,-0.017363568767905235,-0.017685948580037802,0.03024478256702423,0.05827851966023445,0.003115139901638031,0.342754989862442,3.542513132095337,1.6624727249145508,3.2382850646972656,4169.275390625,37.90378952026367,4.566077709197998,42.46986770629883,470.922119140625,1.7123439311981201
3.108086585998535,34.18000030517578,1000.0,87.0,1.3362364768981934,0.020848384127020836,3.0,0.9989927411079407,0.9989927411079407,0.9989927411079407,0.022596027702093124,0.00019439999596215785,0.920680046081543,1760000.0,-0.0027129948139190674,0.014650573953986168,0.0933159738779068,0.04631836712360382,-0.01196015253663063,0.2778186798095703,1.3348459005355835,-2.2076672315597534,2.9949684143066406,4222.47412109375,38.11004638671875,15.067903518676758,53.177947998046875,376.0957336425781,1.7110604047775269
4.0192975997924805,48.08000183105469,1000.0,88.0,1.3339871168136597,0.027547474950551987,2.0,1.0000687837600708,1.0000687837600708,1.0000687837600708,0.029990795999765396,0.00019320000137668103,0.9186367988586426,1780000.0,-0.0006580690387636423,0.002054925775155425,0.018965186551213264,0.059399235993623734,0.013080868870019913,0.40305474400520325,2.6600067615509033,1.3251608610153198,3.792299509048462,4268.43896484375,36.456443786621094,9.487428665161133,45.94387435913086,435.3137512207031,1.7114477157592773
3.2044057846069336,32.720001220703125,1000.0,89.0,1.3348637819290161,0.019974326714873314,2.0,1.000718355178833,1.000718355178833,1.000718355178833,0.02012597769498825,0.00019200000679120421,0.9194263815879822,1800000.0,-0.0005349547136574984,0.00012311432510614395,-0.12986594438552856,0.056402549147605896,-0.0029966868460178375,0.37179261445999146,1.5776889324188232,-1.08231782913208,3.0981338024139404,4317.490234375,39.694908142089844,9.336631774902344,49.03153991699219,407.9007263183594,1.712319016456604
3.7194440364837646,29.100000381469727,1000.0,90.0,1.3380101919174194,0.028364388272166252,3.0,1.00046968460083,1.00046968460083,1.00046968460083,0.03045814484357834,0.00019079999765381217,0.922336995601654,1820000.0,-0.00280941603705287,-0.0022744613233953714,0.2456296980381012,0.04689338058233261,-0.009509168565273285,0.465760737657547,1.3479336500167847,-0.22975528240203857,3.3642492294311523,4369.6943359375,37.613582611083984,14.570418357849121,52.18400192260742,383.25921630859375,1.7133859395980835
3.2122795581817627,22.360000610351562,1000.0,91.0,1.336952567100525,0.01889142580330372,2.0,0.9987740516662598,0.9987740516662598,0.9987740516662598,0.020075269043445587,0.00018960000306833535,0.9213460683822632,1840000.0,-0.003179612336680293,-0.0003701962996274233,-0.21546721458435059,0.047048091888427734,0.0001547113060951233,0.38800355792045593,1.3222845792770386,-0.025649070739746094,2.182481288909912,4417.748046875,39.17188262939453,8.861184120178223,48.03306579589844,416.37982177734375,1.7141715288162231
3.6387250423431396,30.8799991607666,1000.0,92.0,1.336342692375183,0.1761474758386612,1.0,1.0065981149673462,1.0065981149673462,1.0065981149673462,0.13141795992851257,0.0001883999939309433,0.9207881689071655,1860000.0,-0.0009451787336729467,0.0022344336030073464,0.17444176971912384,0.05568959563970566,0.008641503751277924,0.3606215715408325,3.189082384109497,1.8667978048324585,3.192561626434326,4463.44677734375,40.22256088256836,5.4562201499938965,45.67878341674805,437.84002685546875,1.7152858972549438
3.7508859634399414,33.119998931884766,1000.0,93.0,1.3325047492980957,0.019177889451384544,2.0,1.0018521547317505,1.0018521547317505,1.0018521547317505,0.027823371812701225,0.0001871999993454665,0.9172326922416687,1880000.0,0.001449947594664991,0.0023951263283379376,0.39446794986724854,0.04984786733984947,-0.005841728299856186,0.4811665415763855,2.2479248046875,-0.9411575794219971,2.84067702293396,4508.5107421875,35.856773376464844,9.186847686767578,45.043617248535156,444.0140686035156,1.716854453086853
4.880168914794922,36.900001525878906,1000.0,94.0,1.332022786140442,0.056492146104574203,1.0,0.9980164766311646,0.9980164766311646,0.9980164766311646,0.041295915842056274,0.00018600000475998968,0.9167829751968384,1900000.0,-0.0020578857511281967,-0.0035078333457931876,0.005952872335910797,0.06431862711906433,0.014470759779214859,0.5999504923820496,2.756272554397583,0.508347749710083,3.1174938678741455,4552.1845703125,38.56760787963867,5.08627986907959,43.65388488769531,458.14935302734375,1.7190988063812256
4.752082824707031,32.439998626708984,1000.0,95.0,1.3316669464111328,0.03932229429483414,1.0,1.0028284788131714,1.0028284788131714,1.0028284788131714,0.030532389879226685,0.00018479999562259763,0.9164430499076843,1920000.0,0.0005436806241050363,0.002601566375233233,0.1675294041633606,0.05455335974693298,-0.009765267372131348,0.378047376871109,2.9602408409118652,0.20396828651428223,2.7684273719787598,4595.02392578125,38.08837127685547,4.725322723388672,42.81369400024414,467.1402587890625,1.7216483354568481
4.639202117919922,33.279998779296875,1000.0,96.0,1.3318089246749878,0.015246987342834473,3.0,1.0020549297332764,1.0020549297332764,1.0020549297332764,0.022593136876821518,0.00018360000103712082,0.9165628552436829,1940000.0,-0.002135972958058119,-0.002679653582163155,0.16171081364154816,0.049190402030944824,-0.005362957715988159,0.44046786427497864,1.4691449403762817,-1.4910959005355835,3.147996664047241,4645.89501953125,37.143611907958984,13.70907211303711,50.852684020996094,393.29290771484375,1.7245354652404785
3.2828660011291504,29.260000228881836,1000.0,97.0,1.331313133239746,0.012419839389622211,3.0,0.9986395835876465,0.9986395835876465,0.9986395835876465,0.02060178481042385,0.000182400006451644,0.9161083102226257,1960000.0,-0.0030868984758853912,-0.0009509255178272724,-0.3939385712146759,0.04876885935664177,-0.0004215426743030548,0.3251848518848419,1.6023452281951904,0.1332002878189087,2.3407483100891113,4698.70458984375,38.48117446899414,14.307337760925293,52.78851318359375,378.87030029296875,1.7274479866027832
3.364060878753662,31.5,1000.0,98.0,1.3316932916641235,0.030039608478546143,1.0,1.0001229047775269,1.0001229047775269,1.0001229047775269,0.01762251928448677,0.00018119999731425196,0.9164581894874573,1980000.0,0.0031195080373436213,0.0062064065132290125,-0.1494130939245224,0.05043156072497368,0.0016627013683319092,0.4753851592540741,3.306554079055786,1.7042088508605957,2.7789862155914307,4738.30322265625,34.99715805053711,4.580122947692871,39.57727813720703,505.3404541015625,1.7305433750152588
3.8542349338531494,29.34000015258789,1000.0,99.0,1.333166480064392,0.04101017117500305,2.0,1.0023128986358643,1.0023128986358643,1.0023128986358643,0.033475566655397415,0.00018000000272877514,0.9178141951560974,2000000.0,-0.0029076412320137024,-0.006027149269357324,0.11431609094142914,0.04616058990359306,-0.004270970821380615,0.4225372076034546,2.0013489723205566,-1.3052051067352295,2.795274257659912,4788.75927734375,41.522891998291016,8.913833618164062,50.43672561645508,396.53643798828125,1.733652949333191
3.6982004642486572,30.440000534057617,1000.0,100.0,1.3334457874298096,0.033911775797605515,1.0,1.0003927946090698,1.0003927946090698,1.0003927946090698,0.020003952085971832,0.0001787999935913831,0.9180696606636047,2020000.0,0.0011344789527356625,0.004042120184749365,0.04914409667253494,0.05060175061225891,0.004441160708665848,0.4341956079006195,3.2991421222686768,1.2977931499481201,2.8645594120025635,4830.29296875,36.41233444213867,5.101511001586914,41.51384735107422,481.7669677734375,1.736855387687683
3.1417770385742188,23.65999984741211,1000.0,101.0,1.3310213088989258,0.014599577523767948,3.0,1.0013982057571411,1.0013982057571411,1.0013982057571411,0.01934480108320713,0.00017759999900590628,0.9158410429954529,2040000.0,-0.0002468670136295259,-0.0013813459663651884,-0.21977512538433075,0.04246978834271431,-0.008131962269544601,0.36539846658706665,1.3733603954315186,-1.9257817268371582,2.9920926094055176,4882.2939453125,37.8583984375,14.11841869354248,51.9768180847168,384.78692626953125,1.7396560907363892
2.505955219268799,24.940000534057617,1000.0,102.0,1.3303475379943848,0.04074418917298317,1.0,0.9964630603790283,0.9964630603790283,0.9964630603790283,0.022724848240613937,0.00017640000442042947,0.9152241349220276,2060000.0,-0.005598930642008781,-0.0053520636283792555,-0.06370434910058975,0.052584223449230194,0.010114435106515884,0.4813360273838043,2.519416093826294,1.1460556983947754,3.3188416957855225,4928.1357421875,41.196533203125,4.606173515319824,45.80270767211914,436.6554260253906,1.742185354232788
3.2714266777038574,25.639999389648438,1000.0,103.0,1.3301196098327637,0.03043384477496147,1.0,0.99906986951828,0.99906986951828,0.99906986951828,0.01680309884250164,0.00017519999528303742,0.9150155782699585,2080000.0,0.00015635155432391912,0.0057552821963327006,0.07928868383169174,0.06214362010359764,0.009559396654367447,0.497005820274353,2.257359266281128,-0.262056827545166,2.8593251705169678,4966.861328125,34.11943435668945,4.585798263549805,38.705230712890625,516.7260131835938,1.744519829750061
2.8067007064819336,20.15999984741211,1000.0,104.0,1.329505443572998,0.047615159302949905,2.0,0.9991247653961182,0.9991247653961182,0.9991247653961182,0.024549931287765503,0.0001740000006975606,0.9144515991210938,2100000.0,-0.007101018447428942,-0.007257370001752861,-0.22665390372276306,0.03282455727458,-0.02931906282901764,0.3086184561252594,1.234919786453247,-1.0224394798278809,1.9175184965133667,5016.65478515625,40.390472412109375,9.382568359375,49.773040771484375,401.823974609375,1.7462778091430664
2.9801087379455566,22.579999923706055,1000.0,105.0,1.330744981765747,0.020147625356912613,3.0,0.9991888999938965,0.9991888999938965,0.9991888999938965,0.021785002201795578,0.0001728000061120838,0.91558438539505,2120000.0,-0.004005690570920706,0.003095327876508236,-0.032742276787757874,0.04626370966434479,0.013439152389764786,0.4130285084247589,1.7387796640396118,0.5038598775863647,2.7234115600585938,5070.40869140625,38.733856201171875,14.998403549194336,53.73225784301758,372.21588134765625,1.747690200805664
2.8470964431762695,22.440000534057617,1000.0,106.0,1.3339118957519531,0.026007898151874542,1.0,0.9990931749343872,0.9990931749343872,0.9990931749343872,0.023182375356554985,0.00017159999697469175,0.9184906482696533,2140000.0,0.0018426961032673717,0.0058483866741880774,-0.09441791474819183,0.05155957117676735,0.005295861512422562,0.48277193307876587,2.851919174194336,1.1131395101547241,3.2591028213500977,5110.82958984375,35.45691680908203,4.941342830657959,40.39826202392578,495.07080078125,1.7487788200378418
4.158041954040527,33.900001525878906,1000.0,107.0,1.3340927362442017,0.06763733923435211,1.0,0.9999415278434753,0.9999415278434753,0.9999415278434753,0.047071777284145355,0.00017040000238921493,0.9186581969261169,2160000.0,-0.002159804105758667,-0.004002500209026039,0.3151823580265045,0.047550562769174576,-0.0040090084075927734,0.3998422622680664,2.6613309383392334,-0.19058823585510254,2.607940912246704,5153.408203125,37.90071105957031,4.657891273498535,42.55860137939453,469.94024658203125,1.7504229545593262
3.888953447341919,29.959999084472656,1000.0,108.0,1.335874080657959,0.025546418502926826,3.0,1.0011626482009888,1.0011626482009888,1.0011626482009888,0.023412438109517097,0.0001691999932518229,0.9202948212623596,2180000.0,-0.0034385514445602894,-0.0012787473388016224,-0.13773906230926514,0.03145737946033478,-0.016093183308839798,0.2826792299747467,1.1088244915008545,-1.552506446838379,2.4870991706848145,5203.42041015625,36.19185256958008,13.799739837646484,49.99159240722656,400.0672912597656,1.752279281616211
4.3044209480285645,33.040000915527344,1000.0,109.0,1.3341619968414307,0.021663594990968704,1.0,1.0007625818252563,1.0007625818252563,1.0007625818252563,0.019000710919499397,0.00016799999866634607,0.9187220335006714,2200000.0,0.004336304496973753,0.007774855941534042,-0.05079324170947075,0.05153091624379158,0.020073536783456802,0.5217598080635071,2.783989667892456,1.6751651763916016,3.5100018978118896,5248.2607421875,40.006263732910156,4.81077766418457,44.81704330444336,446.2588195800781,1.7545593976974487
4.353601932525635,29.84000015258789,1000.0,110.0,1.3344910144805908,0.023081067949533463,1.0,1.0018142461776733,1.0018142461776733,1.0018142461776733,0.02645871601998806,0.00016680000408086926,0.9190301299095154,2220000.0,0.007353682070970535,0.0030173775739967823,0.16665273904800415,0.05049313232302666,-0.001037783920764923,0.48491865396499634,3.2961535453796387,0.5121638774871826,2.728515863418579,5292.7265625,39.36058044433594,5.0865583419799805,44.44713592529297,449.9727478027344,1.7569851875305176
4.6903181076049805,29.68000030517578,1000.0,111.0,1.3354427814483643,0.07603355497121811,1.0,1.0011661052703857,1.0011661052703857,1.0011661052703857,0.10180570930242538,0.0001655999949434772,0.9199060797691345,2240000.0,0.016900602728128433,0.009546920657157898,-0.04547329992055893,0.04707711189985275,-0.0034160204231739044,0.3421950936317444,2.338972806930542,-0.9571807384490967,2.7571513652801514,5336.2607421875,38.50302505493164,5.011078834533691,43.514102935791016,459.62109375,1.7595322132110596
4.374963283538818,32.84000015258789,1000.0,112.0,1.3393750190734863,0.018438830971717834,4.0,0.9990882873535156,0.9990882873535156,0.9990882873535156,0.02373712696135044,0.0001644000003580004,0.9235308170318604,2260000.0,-0.006882553920149803,-0.023783156648278236,-0.0318465456366539,0.03994401544332504,-0.00713309645652771,0.45154085755348206,1.962967038154602,-0.37600576877593994,3.1520426273345947,5394.208984375,38.70613098144531,19.222171783447266,57.92830276489258,345.25439453125,1.76242995262146
3.879694938659668,30.520000457763672,1000.0,113.0,1.3372207880020142,0.018145650625228882,2.0,0.9982033371925354,0.9982033371925354,0.9982033371925354,0.018065979704260826,0.00016320000577252358,0.9215644598007202,2280000.0,-0.004444577731192112,0.002437976188957691,-0.021057702600955963,0.04499278962612152,0.005048774182796478,0.5395272970199585,1.9118441343307495,-0.05112290382385254,3.367551565170288,5442.296875,38.124794006347656,9.942161560058594,48.06695556640625,416.0862731933594,1.7654707431793213
4.852972030639648,38.540000915527344,1000.0,114.0,1.3370280265808105,0.029186442494392395,2.0,0.9991362690925598,0.9991362690925598,0.9991362690925598,0.029303578659892082,0.00016199999663513154,0.9214116930961609,2300000.0,-0.00032653624657541513,0.004118041484616697,0.10857385396957397,0.05808738246560097,0.013094592839479446,0.5863686800003052,3.4842443466186523,1.5724002122879028,3.8382999897003174,5487.42578125,34.90422058105469,10.204011917114258,45.10823440551758,443.3780517578125,1.7692556381225586
4.450533866882324,35.939998626708984,1000.0,115.0,1.3373576402664185,0.039633817970752716,2.0,1.0000343322753906,1.0000343322753906,1.0000343322753906,0.030787667259573936,0.00016080000204965472,0.921727180480957,2320000.0,-0.006369719281792641,-0.0060431830352172256,-0.15953171253204346,0.042361464351415634,-0.015725918114185333,0.40919414162635803,2.2126879692077637,-1.2715563774108887,2.7808427810668945,5534.17529296875,37.579280853271484,9.147209167480469,46.72649002075195,428.0227355957031,1.7735179662704468
4.874195098876953,37.2400016784668,1000.0,116.0,1.3390018939971924,0.024766037240624428,3.0,0.9989295601844788,0.9989295601844788,0.9989295601844788,0.023057647049427032,0.00015959999291226268,0.9232707023620605,2340000.0,-0.00322740594856441,0.0031423133332282305,-0.16002002358436584,0.04586728289723396,0.003505818545818329,0.4927707612514496,1.6581734418869019,-0.5545145273208618,3.467968702316284,5586.67333984375,37.363975524902344,15.112539291381836,52.47651290893555,381.12286376953125,1.7783154249191284
4.185305595397949,30.559999465942383,1000.0,117.0,1.3375964164733887,0.01226868201047182,3.0,1.0003745555877686,1.0003745555877686,1.0003745555877686,0.02196926437318325,0.00015839999832678586,0.9219667911529541,2360000.0,-0.0019096694886684418,0.0013177364598959684,0.07215027511119843,0.04718969017267227,0.0013224072754383087,0.36379769444465637,1.019608736038208,-0.6385647058486938,2.4323983192443848,5638.09423828125,37.326141357421875,14.057493209838867,51.38363265991211,389.22900390625,1.7830835580825806
4.001079559326172,27.100000381469727,1000.0,118.0,1.3351941108703613,0.02675824798643589,1.0,1.001110315322876,1.001110315322876,1.001110315322876,0.027332942932844162,0.00015720000374130905,0.9197200536727905,2380000.0,0.005414975807070732,0.007324645295739174,-0.3429131507873535,0.046326104551553726,-0.0008635856211185455,0.43240272998809814,2.8142409324645996,1.7946321964263916,3.078767776489258,5683.72607421875,40.501739501953125,5.109233856201172,45.6109733581543,438.490966796875,1.7875577211380005
3.379201650619507,32.08000183105469,1000.0,119.0,1.3330450057983398,0.13094468414783478,1.0,0.9947701096534729,0.9947701096534729,0.9947701096534729,0.03792606294155121,0.000155999994603917,0.9177362322807312,2400000.0,-0.008930313400924206,-0.014345289207994938,0.014051662757992744,0.05191001668572426,0.005583912134170532,0.3804311454296112,2.983253240585327,0.16901230812072754,2.6099040508270264,5721.7294921875,32.87568664550781,5.108425617218018,37.98411178588867,526.535888671875,1.7921558618545532
3.1787352561950684,39.29999923706055,1000.0,120.0,1.3364217281341553,0.014767006039619446,3.0,1.000686526298523,1.000686526298523,1.000686526298523,0.021737707778811455,0.0001548000000184402,0.9208545088768005,2420000.0,-0.0026931599713861942,0.0062371534295380116,0.05891786143183708,0.04033428430557251,-0.011575732380151749,0.5549514293670654,2.0738213062286377,-0.9094319343566895,2.991438388824463,5775.6474609375,39.449588775634766,14.44827938079834,53.897865295410156,371.07220458984375,1.797433853149414
2.9947292804718018,36.86000061035156,1000.0,121.0,1.3394145965576172,0.013306727632880211,4.0,1.0013827085494995,1.0013827085494995,1.0013827085494995,0.019684361293911934,0.00015360000543296337,0.9236176013946533,2440000.0,-0.004832302685827017,-0.0021391427144408226,-0.055067192763090134,0.03528064861893654,-0.005053635686635971,0.3795442581176758,1.148614525794983,-0.9252067804336548,3.0155460834503174,5834.9443359375,39.7708740234375,19.504642486572266,59.275516510009766,337.4074401855469,1.8031388521194458
3.2766833305358887,39.18000030517578,1000.0,122.0,1.337567925453186,0.03426341339945793,2.0,0.9991755485534668,0.9991755485534668,0.9991755485534668,0.02495458908379078,0.00015239999629557133,0.921904444694519,2460000.0,-0.0022330223582684994,0.0025992803275585175,-0.020274974405765533,0.04592614248394966,0.010645493865013123,0.4821273386478424,2.48878812789917,1.340173602104187,3.6755948066711426,5880.26611328125,34.651939392089844,10.649312973022461,45.30125427246094,441.4888916015625,1.8094161748886108
2.429459571838379,32.5,1000.0,123.0,1.3365631103515625,0.0389583483338356,2.0,0.9996299147605896,0.9996299147605896,0.9996299147605896,0.02668439969420433,0.0001512000017100945,0.9209824800491333,2480000.0,-0.0038771226536482573,-0.0016441002953797579,-0.14970019459724426,0.03445689007639885,-0.011469252407550812,0.2978331744670868,1.7620112895965576,-0.7267768383026123,2.405888557434082,5926.7373046875,37.08303451538086,9.3607759475708,46.44381332397461,430.62786865234375,1.815685749053955
2.2546050548553467,34.34000015258789,1000.0,124.0,1.33499014377594,0.017811555415391922,2.0,0.9999923706054688,0.9999923706054688,0.9999923706054688,0.020915940403938293,0.0001500000071246177,0.9195601344108582,2500000.0,-0.003454871941357851,0.00042225071229040623,0.036929722875356674,0.03211298957467079,-0.002343900501728058,0.29061880707740784,1.6407928466796875,-0.12121844291687012,2.3235113620758057,5977.8828125,41.91634750366211,9.209060668945312,51.12540817260742,391.1949157714844,1.8220970630645752
2.121973752975464,29.600000381469727,1000.0,125.0,1.3353016376495361,0.01731037348508835,3.0,0.9988940954208374,0.9988940954208374,0.9988940954208374,0.021140288561582565,0.00014879999798722565,0.9198347330093384,2520000.0,-0.005233329255133867,-0.0017784573137760162,0.05298658460378647,0.040024466812610626,0.007911477237939835,0.33387693762779236,1.504483938217163,-0.13630890846252441,2.4256417751312256,6025.85498046875,32.1907958984375,15.756078720092773,47.9478759765625,417.11962890625,1.8282603025436401
2.4321343898773193,28.440000534057617,1000.0,126.0,1.3351818323135376,0.023095160722732544,1.0,1.000174880027771,1.000174880027771,1.000174880027771,0.0185991320759058,0.00014760000340174884,0.9197079539299011,2540000.0,0.0011607519118115306,0.006394081166945398,-0.12361767143011093,0.04222521185874939,0.0022007450461387634,0.23889075219631195,2.4716134071350098,0.9671294689178467,2.5858871936798096,6068.17041015625,37.824485778808594,4.470531463623047,42.29501724243164,472.86895751953125,1.8341073989868164
2.313270330429077,35.220001220703125,1000.0,127.0,1.33517587184906,0.02539263293147087,2.0,1.00021493434906,1.00021493434906,1.00021493434906,0.03194142505526543,0.0001463999942643568,0.9197229743003845,2560000.0,-0.0019434489076957107,-0.0031042008195072412,0.1703445315361023,0.039764441549777985,-0.002460770308971405,0.2615818977355957,2.1019325256347656,-0.36968088150024414,2.932373523712158,6116.52001953125,37.343318939208984,10.986557006835938,48.32987594604492,413.8227233886719,1.8402166366577148
2.579157829284668,36.779998779296875,1000.0,128.0,1.3345773220062256,0.014824519865214825,2.0,0.998963475227356,0.998963475227356,0.998963475227356,0.017107466235756874,0.00014519999967887998,0.9191626310348511,2580000.0,-0.0027016412932425737,-0.0007581923855468631,0.07529287040233612,0.049503982067108154,0.00973954051733017,0.40678703784942627,2.5223896503448486,0.420457124710083,4.231578350067139,6166.06005859375,39.65987014770508,9.858963012695312,49.51883316040039,403.88671875,1.8466919660568237
2.9636611938476562,36.79999923706055,1000.0,129.0,1.334169864654541,0.01216035708785057,3.0,1.00023353099823,1.00023353099823,1.00023353099823,0.016156883910298347,0.00014400000509340316,0.9187560677528381,2600000.0,-0.002736560767516494,-3.491947427392006e-05,-0.21071967482566833,0.04203326255083084,-0.007470719516277313,0.2810719311237335,1.2072908878326416,-1.315098762512207,2.428753137588501,6217.0107421875,37.11409378051758,13.814718246459961,50.928810119628906,392.70501708984375,1.8535029888153076
2.934429407119751,30.040000915527344,1000.0,130.0,1.3338077068328857,0.013466070406138897,3.0,1.001883864402771,1.001883864402771,1.001883864402771,0.019590919837355614,0.00014279999595601112,0.9184215664863586,2620000.0,-0.002927354071289301,-0.00019079330377280712,0.15316179394721985,0.04064501076936722,-0.001388251781463623,0.3389997184276581,1.4527602195739746,0.245469331741333,2.8019847869873047,6270.775390625,39.46940231323242,14.272424697875977,53.741825103759766,372.1496276855469,1.8600698709487915
3.1907052993774414,27.600000381469727,1000.0,131.0,1.334463119506836,0.010593225248157978,3.0,0.9999462366104126,0.9999462366104126,0.9999462366104126,0.015286090783774853,0.0001416000013705343,0.9190332293510437,2640000.0,-0.0029544977005571127,-2.7143629267811775e-05,0.37907692790031433,0.04743095487356186,0.006785944104194641,0.38691285252571106,1.7682087421417236,0.315448522567749,3.503406286239624,6323.5224609375,38.861392974853516,13.866028785705566,52.727420806884766,379.30926513671875,1.8662174940109253
3.1299960613250732,37.560001373291016,1000.0,132.0,1.332684874534607,0.18475812673568726,1.0,1.007214069366455,1.007214069366455,1.007214069366455,0.10997181385755539,0.00014040000678505749,0.9173984527587891,2660000.0,-0.0035025468096137047,-0.000548049109056592,-0.10039736330509186,0.04774488881230354,0.00031393393874168396,0.40647295117378235,3.5850536823272705,1.8168449401855469,2.8521151542663574,6364.888671875,36.56468963623047,4.779361724853516,41.344051361083984,483.7455139160156,1.8728058338165283
4.172382831573486,37.15999984741211,1000.0,133.0,1.3316532373428345,0.023941567167639732,2.0,1.0007193088531494,1.0007193088531494,1.0007193088531494,0.03139416128396988,0.00013919999764766544,0.9164530038833618,2680000.0,-0.0019316524267196655,0.0015708943828940392,0.4454059600830078,0.05446271225810051,0.0067178234457969666,0.5006279945373535,3.1614949703216553,-0.42355871200561523,4.1886162757873535,6414.69873046875,40.826751708984375,8.963349342346191,49.79010009765625,401.686279296875,1.879762887954712
4.855531215667725,45.81999969482422,1000.0,134.0,1.3286235332489014,0.02217634953558445,3.0,1.000697374343872,1.000697374343872,1.000697374343872,0.021150751039385796,0.00013800000306218863,0.9137073755264282,2700000.0,-0.005967071279883385,-0.004035418853163719,-0.25675976276397705,0.04861583188176155,-0.005846880376338959,0.4999177157878876,2.64509916305542,-0.5163958072662354,4.726640224456787,6467.10205078125,38.472267150878906,13.911087036132812,52.38335418701172,381.8006591796875,1.887770414352417
5.094273567199707,38.58000183105469,1000.0,135.0,1.3254457712173462,0.01809435524046421,4.0,1.000273585319519,1.000273585319519,1.000273585319519,0.0245665330439806,0.00013679999392479658,0.9108115434646606,2720000.0,-0.004254191182553768,0.0017128800973296165,-0.42714864015579224,0.042647186666727066,-0.005968645215034485,0.48984500765800476,1.8427798748016357,-0.8023192882537842,4.301091194152832,6524.05712890625,37.25107955932617,19.682008743286133,56.93308639526367,351.2895812988281,1.896133303642273
5.846158504486084,37.380001068115234,1000.0,136.0,1.3216798305511475,0.026803797110915184,3.0,0.997158408164978,0.997158408164978,0.997158408164978,0.025941118597984314,0.00013559999933931977,0.9073687791824341,2740000.0,-0.005909075029194355,-0.0016548838466405869,0.039747465401887894,0.046547140926122665,0.0038999542593955994,0.6240254044532776,2.5556037425994873,0.7128238677978516,4.339966297149658,6576.62255859375,38.17691421508789,14.365009307861328,52.54192352294922,380.6484375,1.9047212600708008
4.469853401184082,28.31999969482422,1000.0,137.0,1.3221116065979004,0.02302158996462822,4.0,1.0003165006637573,1.0003165006637573,1.0003165006637573,0.02598312869668007,0.00013440000475384295,0.9077785015106201,2760000.0,-0.004923111293464899,0.000985963735729456,-0.07606305927038193,0.03622058406472206,-0.010326556861400604,0.5033259391784668,1.141327977180481,-1.4142757654190063,3.9726006984710693,6634.36474609375,39.32960510253906,18.39019012451172,57.720802307128906,346.49554443359375,1.9127588272094727
3.945791244506836,28.540000915527344,1000.0,138.0,1.3224701881408691,0.043977607041597366,1.0,0.9980885982513428,0.9980885982513428,0.9980885982513428,0.02351916953921318,0.0001331999956164509,0.908130407333374,2780000.0,0.00046499058953486383,0.005388101882999763,0.2965552806854248,0.04777364060282707,0.011553056538105011,0.4549536108970642,2.460176944732666,1.318848967552185,3.909486770629883,6680.39306640625,40.99078369140625,5.011114597320557,46.00189971923828,434.7646484375,1.920318603515625
1.9629689455032349,22.200000762939453,1000.0,139.0,1.323693037033081,0.021826038137078285,3.0,1.0003390312194824,1.0003390312194824,1.0003390312194824,0.024659954011440277,0.0001320000010309741,0.9092492461204529,2800000.0,-0.006486197002232075,-0.006951187591766939,0.0012097042053937912,0.03408242017030716,-0.013691220432519913,0.37674564123153687,1.341146469116211,-1.119030475616455,2.8048148155212402,6730.25830078125,34.80843734741211,15.034996032714844,49.84443664550781,401.2483825683594,1.92691171169281
2.7370822429656982,24.68000030517578,1000.0,140.0,1.3257455825805664,0.01987823285162449,3.0,0.998569667339325,0.998569667339325,0.998569667339325,0.022975891828536987,0.00013080000644549727,0.9111105799674988,2820000.0,-0.006537988781929016,-5.1791779696941376e-05,-0.06963078677654266,0.05311695486307144,0.019034534692764282,0.5273705124855042,1.282665491104126,-0.05848097801208496,3.323937177658081,6782.40380859375,37.86104965209961,14.258278846740723,52.119327545166016,383.73480224609375,1.9328410625457764
3.337101697921753,22.5,1000.0,141.0,1.3248594999313354,0.020731106400489807,3.0,0.9991819262504578,0.9991819262504578,0.9991819262504578,0.018814347684383392,0.00012959999730810523,0.9102752804756165,2840000.0,-0.005293760448694229,0.001244228333234787,0.30448007583618164,0.04335416853427887,-0.009762786328792572,0.4527556300163269,0.9200513362884521,-0.36261415481567383,3.0265111923217773,6834.7763671875,36.34313201904297,16.007936477661133,52.35106658935547,382.0361328125,1.937984824180603
3.7380096912384033,24.020000457763672,1000.0,142.0,1.3267064094543457,0.014112383127212524,4.0,0.9998141527175903,0.9998141527175903,0.9998141527175903,0.022854655981063843,0.00012840000272262841,0.9119258522987366,2860000.0,-0.005724599119275808,-0.0004308386705815792,-0.13303633034229279,0.042402200400829315,-0.0009519681334495544,0.5013614296913147,0.8857859373092651,-0.03426539897918701,2.941884756088257,6891.9755859375,38.29304885864258,18.883628845214844,57.17667770385742,349.79296875,1.9425477981567383
3.3907675743103027,23.719999313354492,1000.0,143.0,1.325587511062622,0.05684443190693855,1.0,0.9964466094970703,0.9964466094970703,0.9964466094970703,0.02614942379295826,0.00012719999358523637,0.9108949303627014,2880000.0,-0.004279403947293758,0.00144519517198205,-0.08276049792766571,0.04731648787856102,0.004914287477731705,0.41607221961021423,2.0724806785583496,1.1866947412490845,2.29140305519104,6935.515625,38.67550277709961,4.841571807861328,43.51707458496094,459.5897216796875,1.946560025215149
2.93595814704895,21.0,1000.0,144.0,1.3252438306808472,0.010234735906124115,5.0,0.9983863234519958,0.9983863234519958,0.9983863234519958,0.016417378559708595,0.00012599999899975955,0.91058748960495,2900000.0,-0.004904116969555616,-0.000624713022261858,0.2110833376646042,0.039602525532245636,-0.007713962346315384,0.3705645799636841,0.6322267651557922,-1.4402539134025574,1.9239305257797241,6997.40185546875,36.64706039428711,25.21946144104004,61.86652374267578,323.276611328125,1.9498398303985596
2.2593560218811035,16.459999084472656,1000.0,145.0,1.3255473375320435,0.020483365282416344,1.0,1.000390648841858,1.000390648841858,1.000390648841858,0.01681302860379219,0.00012480000441428274,0.9108619689941406,2920000.0,0.001209372654557228,0.0061134896241128445,0.2903767228126526,0.0377485565841198,-0.0018539689481258392,0.33586084842681885,1.5986766815185547,0.9664499163627625,2.0941147804260254,7039.29833984375,37.05109405517578,4.82219934463501,41.874290466308594,477.6200256347656,1.952064037322998
2.5358169078826904,19.739999771118164,1000.0,146.0,1.322953462600708,0.02337728440761566,3.0,0.9989023804664612,0.9989023804664612,0.9989023804664612,0.02386895753443241,0.0001235999952768907,0.9085109829902649,2940000.0,-0.005755291320383549,-0.006964663974940777,-0.07622320204973221,0.04567806422710419,0.00792950764298439,0.38466253876686096,1.450624704360962,-0.14805197715759277,2.3630526065826416,7091.3447265625,38.26237869262695,13.76328182220459,52.025657653808594,384.4256896972656,1.953616738319397
1.994229793548584,20.799999237060547,1000.0,147.0,1.3230538368225098,0.012988725677132607,5.0,1.003197431564331,1.003197431564331,1.003197431564331,0.038747433573007584,0.00012240000069141388,0.9085971117019653,2960000.0,-0.003969491925090551,0.0017857993952929974,0.19613298773765564,0.0356205478310585,-0.010057516396045685,0.3383878767490387,0.5978094935417175,-0.8528152108192444,1.9287402629852295,7153.5947265625,38.8859748840332,23.342920303344727,62.2288932800293,321.39410400390625,1.9546536207199097
1.969364047050476,20.34000015258789,1000.0,148.0,1.3226789236068726,0.011039157398045063,5.0,0.9992324113845825,0.9992324113845825,0.9992324113845825,0.015845397487282753,0.00012119999882997945,0.9082475304603577,2980000.0,-0.006135009229183197,-0.0021655173040926456,0.07096551358699799,0.03455140069127083,-0.001069147139787674,0.2651570439338684,0.5822407603263855,-0.015568733215332031,1.8972684144973755,7214.92431640625,36.216705322265625,25.088598251342773,61.305301666259766,326.2360534667969,1.9551830291748047
1.6318020820617676,10.920000076293945,1000.0,149.0,1.322527289390564,0.024033764377236366,3.0,0.9986974596977234,0.9986974596977234,0.9986974596977234,0.02286895178258419,0.00011999999696854502,0.9081174731254578,3000000.0,-0.006665199529379606,-0.0005301903001964092,-0.014175903052091599,0.04403435066342354,0.00948294997215271,0.3341306746006012,0.7003822326660156,0.11814147233963013,1.9990506172180176,7269.0849609375,38.60296630859375,15.53370475769043,54.13666915893555,369.43536376953125,1.9544270038604736
2.050629138946533,11.140000343322754,1000.0,150.0,1.318334937095642,0.010990472510457039,7.0,1.000211477279663,1.000211477279663,1.000211477279663,0.01738201454281807,0.0001188000023830682,0.9043294191360474,3020000.0,-0.007502365857362747,-0.0008371663279831409,-0.021733012050390244,0.05606161803007126,0.01202726736664772,0.3916577696800232,0.5186023712158203,-0.1817798614501953,2.137258291244507,7341.84326171875,37.84291458129883,34.892799377441406,72.73571014404297,274.9681091308594,1.9525258541107178
2.8476967811584473,15.260000228881836,1000.0,151.0,1.315246820449829,0.01969001814723015,2.0,1.0004334449768066,1.0004334449768066,1.0004334449768066,0.01760273054242134,0.00011760000052163377,0.9015387892723083,3040000.0,-0.00041037361370399594,0.007091992243658751,-0.020706847310066223,0.06777822226285934,0.011716604232788086,0.4491729140281677,0.9143784046173096,0.39577603340148926,2.0623438358306885,7386.95654296875,35.09376525878906,9.995121955871582,45.088890075683594,443.5682678222656,1.949949860572815
3.1441986560821533,21.959999084472656,1000.0,152.0,1.3141279220581055,0.010569950565695763,4.0,0.9983607530593872,0.9983607530593872,0.9983607530593872,0.01602000743150711,0.00011639999866019934,0.9005165696144104,3060000.0,-0.006206808611750603,-0.005796434998046607,0.1372690498828888,0.04488440603017807,-0.022893816232681274,0.4723288118839264,0.809289276599884,-0.10508912801742554,2.0887045860290527,7442.05078125,36.29313278198242,18.77963638305664,55.07276916503906,363.1558837890625,1.9473541975021362
3.685945987701416,22.84000015258789,1000.0,153.0,1.3135274648666382,0.012646004557609558,5.0,0.9996543526649475,0.9996543526649475,0.9996543526649475,0.019286850467324257,0.00011519999679876491,0.899976909160614,3080000.0,-0.007482602261006832,-0.0012757936492562294,-0.11108120530843735,0.04289109259843826,-0.001993313431739807,0.40825173258781433,0.8003487586975098,-0.008940517902374268,1.8331894874572754,7504.91552734375,40.52334976196289,22.319061279296875,62.84241485595703,318.25640869140625,1.9448180198669434
1.9531129598617554,15.640000343322754,1000.0,154.0,1.3160558938980103,0.016010772436857224,5.0,1.0011924505233765,1.0011924505233765,1.0011924505233765,0.05640961602330208,0.0001140000022132881,0.902246356010437,3100000.0,-0.005747874267399311,0.001734727993607521,-0.009701721370220184,0.024605026468634605,-0.018286066129803658,0.18058037757873535,0.3955024778842926,-0.40484628081321716,0.9872658252716064,7567.6435546875,39.28948974609375,23.417118072509766,62.706607818603516,318.9456481933594,1.941693663597107
1.6821551322937012,12.539999961853027,1000.0,155.0,1.3176697492599487,0.02278689295053482,3.0,0.9983099699020386,0.9983099699020386,0.9983099699020386,0.0236760713160038,0.00011280000035185367,0.9036952257156372,3120000.0,-0.006282942369580269,-0.0005350681021809578,0.2031969428062439,0.043541181832551956,0.01893615536391735,0.3001472055912018,0.8846418857574463,0.4891394078731537,1.7068300247192383,7620.576171875,38.30181884765625,14.60784912109375,52.90966796875,378.00274658203125,1.9377590417861938
2.732171058654785,17.440000534057617,1000.0,156.0,1.3166714906692505,0.012580170296132565,2.0,0.9991354942321777,0.9991354942321777,0.9991354942321777,0.01633872650563717,0.00011159999849041924,0.9027949571609497,3140000.0,-0.0009489450021646917,0.005333997367415577,0.30976954102516174,0.051039569079875946,0.00749838724732399,0.3669253885746002,1.1000804901123047,0.2154386043548584,1.950819969177246,7663.7734375,33.37666702270508,9.79965591430664,43.17632293701172,463.2168273925781,1.933527946472168
3.661665678024292,24.0,1000.0,157.0,1.3171628713607788,0.02230880595743656,3.0,0.9995014071464539,0.9995014071464539,0.9995014071464539,0.02726089581847191,0.00011039999662898481,0.9032462239265442,3160000.0,-0.005150157958269119,-0.004201212956104428,-0.21170386672019958,0.039705608040094376,-0.01133396103978157,0.30224183201789856,1.0431277751922607,-0.056952714920043945,1.7389237880706787,7716.7548828125,38.5290412902832,14.425939559936523,52.954978942871094,377.6792907714844,1.9296168088912964
3.754882574081421,23.3799991607666,1000.0,158.0,1.3134853839874268,0.011169027537107468,4.0,1.000980257987976,1.000980257987976,1.000980257987976,0.01831786334514618,0.00010920000204350799,0.8999354839324951,3180000.0,-0.0020485438872128725,0.0031016140710562468,-0.48025065660476685,0.04374603554606438,0.004040427505970001,0.35497382283210754,0.9025502800941467,-0.140577495098114,2.1036949157714844,7775.583984375,40.07769012451172,18.730817794799805,58.808509826660156,340.0868225097656,1.9259384870529175
5.062441349029541,30.200000762939453,1000.0,159.0,1.313920021057129,0.022210681810975075,3.0,0.9989215135574341,0.9989215135574341,0.9989215135574341,0.021050769835710526,0.00010800000018207356,0.9003220200538635,3200000.0,-0.00562768429517746,-0.003579140407964587,0.16094888746738434,0.07022606581449509,0.02648003026843071,0.4894412159919739,1.9043419361114502,1.0017916560173035,2.66530704498291,7831.5302734375,41.341552734375,14.583047866821289,55.92460250854492,357.6243591308594,1.9230881929397583
4.10221529006958,26.979999542236328,1000.0,160.0,1.3139262199401855,0.012745056301355362,2.0,0.9987955093383789,0.9987955093383789,0.9987955093383789,0.013710254803299904,0.00010679999832063913,0.9003280401229858,3220000.0,-0.004120170138776302,0.0015075141564011574,-0.05335628241300583,0.0437411293387413,-0.026484936475753784,0.2845977246761322,1.1074713468551636,-0.7968705892562866,2.344147205352783,7879.744140625,38.30979919433594,9.883797645568848,48.19359588623047,414.9928894042969,1.920694351196289
3.6255319118499756,25.780000686645508,1000.0,161.0,1.3121694326400757,0.014907893724739552,3.0,1.0007551908493042,1.0007551908493042,1.0007551908493042,0.021142836660146713,0.0001055999964592047,0.8987544775009155,3240000.0,-0.0026389905251562595,0.0014811796136200428,-0.10825300961732864,0.035620491951704025,-0.008120637387037277,0.2478257268667221,0.7573376297950745,-0.3501337170600891,1.8812944889068604,7928.8984375,35.08087158203125,14.0519437789917,49.132816314697266,407.0599365234375,1.918603777885437
2.671722173690796,18.020000457763672,1000.0,162.0,1.3093409538269043,0.04801633208990097,2.0,0.9969440698623657,0.9969440698623657,0.9969440698623657,0.02953183837234974,0.00010440000187372789,0.896224319934845,3260000.0,-0.009471452794969082,-0.006832462269812822,0.14062818884849548,0.044464584439992905,0.00884409248828888,0.38879016041755676,1.0705113410949707,0.31317371129989624,2.015122890472412,7977.59521484375,38.80776596069336,9.867595672607422,48.67536163330078,410.885498046875,1.9160773754119873
1.9538501501083374,17.959999084472656,1000.0,163.0,1.309194564819336,0.011254940181970596,5.0,1.0021010637283325,1.0021010637283325,1.0021010637283325,0.0163713451474905,0.00010320000001229346,0.8960925936698914,3280000.0,-0.0024497639387845993,0.007021688856184483,-0.029778655618429184,0.033432088792324066,-0.011032495647668839,0.2682410776615143,0.6544743776321411,-0.4160369634628296,2.6407833099365234,8037.88671875,35.33050537109375,24.94031524658203,60.27082061767578,331.8355407714844,1.9131498336791992
2.695040225982666,20.18000030517578,1000.0,164.0,1.3093215227127075,0.017493166029453278,2.0,0.9997279047966003,0.9997279047966003,0.9997279047966003,0.01832730695605278,0.00010199999815085903,0.8962032794952393,3300000.0,-0.0034379083663225174,-0.000988144427537918,-0.29957711696624756,0.04035959765315056,0.006927508860826492,0.28629225492477417,0.9744915962219238,0.3200172185897827,2.303337335586548,8085.46533203125,37.344947814941406,10.2103853225708,47.55533218383789,420.5627136230469,1.910062551498413
2.6604864597320557,18.860000610351562,1000.0,165.0,1.3121336698532104,0.00817102286964655,6.0,0.9991462826728821,0.9991462826728821,0.9991462826728821,0.015672195702791214,0.00010080000356538221,0.8987207412719727,3320000.0,-0.005356065928936005,-0.0019181575626134872,0.20053625106811523,0.037978433072566986,-0.0023811645805835724,0.3206741213798523,0.5124711990356445,-0.4620203971862793,1.9867621660232544,8149.6103515625,35.11571502685547,29.008329391479492,64.1240463256836,311.8954772949219,1.9067076444625854
3.297560930252075,20.18000030517578,1000.0,166.0,1.3113856315612793,0.022196641191840172,2.0,0.9996135830879211,0.9996135830879211,0.9996135830879211,0.022268351167440414,9.960000170394778e-05,0.8980398178100586,3340000.0,-0.0021352600306272507,0.003220805898308754,-0.31191110610961914,0.053006187081336975,0.015027754008769989,0.3637216091156006,1.531959056854248,1.0194878578186035,2.576638698577881,8199.9931640625,41.02296447753906,9.327098846435547,50.3510627746582,397.2110900878906,1.9032317399978638
3.070230722427368,18.100000381469727,1000.0,167.0,1.3094185590744019,0.00928981602191925,7.0,0.9986652135848999,0.9986652135848999,0.9986652135848999,0.017320089042186737,9.839999984251335e-05,0.8962688446044922,3360000.0,-0.005723835900425911,-0.0035885758697986603,-0.02107132598757744,0.03015139512717724,-0.022854791954159737,0.22953811287879944,0.48088276386260986,-1.0510762929916382,2.0183792114257812,8270.6982421875,36.61521530151367,34.05647277832031,70.67169189453125,282.9987487792969,1.8994518518447876
3.206967353820801,25.65999984741211,1000.0,168.0,1.3085001707077026,0.0321386456489563,2.0,1.0004844665527344,1.0004844665527344,1.0004844665527344,0.026135381311178207,9.719999798107892e-05,0.8954434394836426,3380000.0,-0.004927366506308317,0.0007964693941175938,-0.0037181228399276733,0.049076203256845474,0.018924808129668236,0.4329475462436676,1.608060359954834,1.1271775960922241,2.3921945095062256,8320.732421875,39.643306732177734,10.368152618408203,50.01145553588867,399.9083557128906,1.8961005210876465
2.117908239364624,21.979999542236328,1000.0,169.0,1.3090746402740479,0.014558224007487297,5.0,1.0019267797470093,1.0019267797470093,1.0019267797470093,0.01955510303378105,9.600000339560211e-05,0.8959592580795288,3400000.0,-0.007191644050180912,-0.002264277543872595,-0.059826888144016266,0.03689613565802574,-0.012180067598819733,0.29877200722694397,0.8777793645858765,-0.7302809953689575,2.2798330783843994,8381.4140625,35.13712692260742,25.514543533325195,60.65167236328125,329.7518310546875,1.8927921056747437
2.623833656311035,36.939998626708984,1000.0,170.0,1.305985689163208,0.013400699011981487,4.0,1.0010240077972412,1.0010240077972412,1.0010240077972412,0.022974953055381775,9.480000153416768e-05,0.89320307970047,3420000.0,-0.004541267640888691,0.002650376409292221,0.009610615670681,0.050296228379011154,0.013400092720985413,0.422618567943573,1.961919903755188,1.0841405391693115,2.889193058013916,8434.876953125,34.477718353271484,18.952842712402344,53.43056106567383,374.3175964355469,1.890926718711853
2.7336490154266357,36.900001525878906,1000.0,171.0,1.3040580749511719,0.011635764501988888,7.0,0.9979234337806702,0.9979234337806702,0.9979234337806702,0.01754242740571499,9.359999967273325e-05,0.8914979696273804,3440000.0,-0.010040776804089546,-0.005499509163200855,-0.1251489371061325,0.03327225148677826,-0.017023976892232895,0.3395053744316101,0.899613082408905,-1.062306821346283,2.243802070617676,8507.8916015625,38.60515594482422,34.38825225830078,72.993408203125,273.9973449707031,1.890363335609436
3.22059965133667,35.70000076293945,1000.0,172.0,1.3032387495040894,0.01051868312060833,5.0,1.000606656074524,1.000606656074524,1.000606656074524,0.016394661739468575,9.239999781129882e-05,0.8907614350318909,3460000.0,-0.004193548578768969,0.005847228225320578,-0.0888206884264946,0.04972143843770027,0.016449186950922012,0.4589765965938568,0.9641127586364746,0.06449967622756958,3.4362120628356934,8569.3544921875,38.28285217285156,23.156824111938477,61.43967819213867,325.5225524902344,1.8908649682998657
3.490644931793213,25.440000534057617,1000.0,173.0,1.3045545816421509,0.013588408008217812,5.0,0.999820351600647,0.999820351600647,0.999820351600647,0.018716642633080482,9.1200003225822e-05,0.8919250965118408,3480000.0,-0.007327411789447069,-0.0031338632106781006,0.043312057852745056,0.040702566504478455,-0.009018871933221817,0.39855700731277466,0.9172674417495728,-0.046845316886901855,2.6546432971954346,8631.5166015625,38.23910903930664,23.899850845336914,62.13895797729492,321.8592834472656,1.8913594484329224
3.625195264816284,26.299999237060547,1000.0,174.0,1.3042863607406616,0.05148103088140488,2.0,0.9990343451499939,0.9990343451499939,0.9990343451499939,0.0392000675201416,9.000000136438757e-05,0.8916897177696228,3500000.0,-0.011217423714697361,-0.003890011925250292,-0.27508679032325745,0.057987846434116364,0.01728527992963791,0.4705073833465576,1.987853765487671,1.0705863237380981,3.0048422813415527,8678.92578125,37.07804489135742,10.30975341796875,47.38779830932617,422.049560546875,1.8919293880462646
5.081918239593506,34.0,1000.0,175.0,1.3029624223709106,0.02686390094459057,2.0,0.9995645880699158,0.9995645880699158,0.9995645880699158,0.028188269585371017,8.879999950295314e-05,0.890518307685852,3520000.0,-0.004740177653729916,0.006477246060967445,0.007414409890770912,0.06656843423843384,0.008580587804317474,0.5453081727027893,2.189995050430298,0.20214128494262695,3.5896215438842773,8725.4931640625,37.32493591308594,9.223285675048828,46.548221588134766,429.6619567871094,1.8933013677597046
5.727087497711182,40.540000915527344,1000.0,176.0,1.3017399311065674,0.018675627186894417,3.0,0.998807430267334,0.998807430267334,0.998807430267334,0.022070907056331635,8.759999764151871e-05,0.8894461989402771,3540000.0,-0.00554032763466239,-0.0008001499809324741,0.039674900472164154,0.06150498241186142,-0.005063451826572418,0.5867471694946289,2.1031382083892822,-0.08685684204101562,3.627845287322998,8777.623046875,37.36798858642578,14.741665840148926,52.10965347290039,383.8060302734375,1.8960236310958862
6.852362155914307,41.47999954223633,1000.0,177.0,1.300927996635437,0.019441671669483185,3.0,0.9997218251228333,0.9997218251228333,0.9997218251228333,0.023810310289263725,8.64000030560419e-05,0.8887338638305664,3560000.0,-0.006604436319321394,-0.0010641086846590042,0.12129345536231995,0.05229147896170616,-0.009213503450155258,0.5835193395614624,2.1099324226379395,0.0067942142486572266,3.1019914150238037,8826.9033203125,35.28858947753906,13.969771385192871,49.25836181640625,406.0224609375,1.9000576734542847
5.472618579864502,38.279998779296875,1000.0,178.0,1.2991180419921875,0.011528866365551949,5.0,0.9988477826118469,0.9988477826118469,0.9988477826118469,0.016020381823182106,8.520000119460747e-05,0.887110710144043,3580000.0,-0.00926015991717577,-0.002655723597854376,-0.23792080581188202,0.03959104046225548,-0.012700438499450684,0.2968054711818695,0.9642232656478882,-1.1457091569900513,2.5618653297424316,8889.0419921875,38.061710357666016,24.056617736816406,62.11832809448242,321.9661560058594,1.9049729108810425
4.505297660827637,29.600000381469727,1000.0,179.0,1.296177864074707,0.015810053795576096,4.0,0.9988024830818176,0.9988024830818176,0.9988024830818176,0.020361123606562614,8.399999933317304e-05,0.8844887018203735,3600000.0,-0.006786419544368982,0.0024737403728067875,0.0645451694726944,0.049384068697690964,0.009793028235435486,0.39345523715019226,0.9776003956794739,0.013377130031585693,2.60429310798645,8948.5,40.47758102416992,18.95820426940918,59.435787200927734,336.49761962890625,1.9098528623580933
3.888037919998169,26.760000228881836,1000.0,180.0,1.294263243675232,0.02552526630461216,3.0,0.9990960359573364,0.9990960359573364,0.9990960359573364,0.031540438532829285,8.27999974717386e-05,0.8827890753746033,3620000.0,-0.009069597348570824,-0.0022831778042018414,-0.18363985419273376,0.06712697446346283,0.017742905765771866,0.5306239724159241,1.5352380275726318,0.557637631893158,3.2455217838287354,8999.234375,35.94028854370117,14.772849082946777,50.713138580322266,394.3751220703125,1.9144281148910522
5.710448741912842,35.439998626708984,1000.0,181.0,1.2951048612594604,0.01629357412457466,4.0,1.0008516311645508,1.0008516311645508,1.0008516311645508,0.021051675081253052,8.160000288626179e-05,0.8835329413414001,3640000.0,-0.009426134638488293,-0.000356537289917469,0.05429226532578468,0.0689311996102333,0.0018042251467704773,0.5873945355415344,1.7098091840744019,0.17457115650177002,3.5790109634399414,9055.6494140625,37.51926803588867,18.8756103515625,56.39487838745117,354.64215087890625,1.919568419456482
5.4058356285095215,32.959999084472656,1000.0,182.0,1.2958769798278809,0.013417636044323444,3.0,0.9988290667533875,0.9988290667533875,0.9988290667533875,0.016572901979088783,8.040000102482736e-05,0.8842170238494873,3660000.0,-0.005747512448579073,0.0036786221899092197,0.1982739418745041,0.053499285131692886,-0.01543191447854042,0.5093978643417358,1.4307676553726196,-0.2790415287017822,3.4213433265686035,9109.685546875,39.245662689208984,14.76017951965332,54.00684356689453,370.3234558105469,1.9249811172485352
5.215035438537598,33.08000183105469,1000.0,183.0,1.294584035873413,0.012033901177346706,5.0,0.9984188675880432,0.9984188675880432,0.9984188675880432,0.018908515572547913,7.919999916339293e-05,0.8830703496932983,3680000.0,-0.006547011435031891,-0.0007994989864528179,0.08233073353767395,0.04674743860960007,-0.006751846522092819,0.5245369076728821,1.0300383567810059,-0.40072929859161377,3.307508707046509,9172.099609375,38.351924896240234,24.033235549926758,62.385162353515625,320.58905029296875,1.9306533336639404
4.712871551513672,28.18000030517578,1000.0,184.0,1.2927517890930176,0.012040775269269943,3.0,0.9998171925544739,0.9998171925544739,0.9998171925544739,0.0183704886585474,7.79999973019585e-05,0.881454348564148,3700000.0,-0.00630515580996871,0.00024185562506318092,-0.08986511826515198,0.045340485870838165,-0.0014069527387619019,0.5097170472145081,1.3761652708053589,0.346126914024353,2.9236667156219482,9221.025390625,34.620277404785156,14.28372573852539,48.90400314331055,408.9644775390625,1.9360840320587158
4.8014445304870605,30.860000610351562,1000.0,185.0,1.2952091693878174,0.015835560858249664,4.0,1.000771164894104,1.000771164894104,1.000771164894104,0.022596051916480064,7.680000271648169e-05,0.883624792098999,3720000.0,-0.005611267872154713,0.0006938879378139973,0.18648557364940643,0.048695147037506104,0.0033546611666679382,0.5012072324752808,1.179847240447998,-0.19631803035736084,3.018078565597534,9278.701171875,39.19225311279297,18.46121597290039,57.653465270996094,346.90020751953125,1.941559910774231
5.164184093475342,35.63999938964844,1000.0,186.0,1.2961452007293701,0.014712623320519924,3.0,1.001246690750122,1.001246690750122,1.001246690750122,0.019965827465057373,7.560000085504726e-05,0.8844476342201233,3740000.0,-0.00490159448236227,0.0007096733897924423,0.039003558456897736,0.0650058463215828,0.01631069928407669,0.6384315490722656,1.3816401958465576,0.20179295539855957,4.045325756072998,9328.12890625,34.41559982299805,14.988685607910156,49.4042854309082,404.82318115234375,1.9475466012954712
4.176767349243164,29.84000015258789,1000.0,187.0,1.2950960397720337,0.010296270251274109,7.0,1.0002522468566895,1.0002522468566895,1.0002522468566895,0.017388617619872093,7.439999899361283e-05,0.8835191130638123,3760000.0,-0.0061960164457559586,-0.0012944219633936882,0.13625586032867432,0.030320053920149803,-0.03468579240143299,0.347178190946579,0.5901545882225037,-0.791485607624054,2.0104777812957764,9398.37890625,37.09492492675781,33.12538528442383,70.2203140258789,284.81787109375,1.9534269571304321
4.687518119812012,34.86000061035156,1000.0,188.0,1.2967066764831543,0.024655263870954514,2.0,0.9984077215194702,0.9984077215194702,0.9984077215194702,0.021635953336954117,7.31999971321784e-05,0.884943962097168,3780000.0,-0.003104811767116189,0.0030912046786397696,0.018829455599188805,0.06843263655900955,0.03811258263885975,0.5726205110549927,2.0841126441955566,1.493958055973053,3.7955100536346436,9440.41796875,32.539833068847656,9.46300220489502,42.00283432006836,476.1583251953125,1.959707498550415
5.087754249572754,33.040000915527344,1000.0,189.0,1.2993403673171997,0.013818618841469288,3.0,1.000335454940796,1.000335454940796,1.000335454940796,0.019317863509058952,7.200000254670158e-05,0.8872790336608887,3800000.0,-0.006147440522909164,-0.0030426287557929754,0.061456743627786636,0.06355899572372437,-0.004873640835285187,0.6864145994186401,1.916739583015442,-0.16737306118011475,3.0869433879852295,9494.1083984375,39.533042907714844,14.13587474822998,53.66891860961914,372.6551513671875,1.9661719799041748
5.474780082702637,36.02000045776367,1000.0,190.0,1.3006138801574707,0.017285170033574104,4.0,1.0001802444458008,1.0001802444458008,1.0001802444458008,0.021878590807318687,7.080000068526715e-05,0.8884108662605286,3820000.0,-0.0055983527563512325,0.0005490877665579319,-0.13596799969673157,0.042038947343826294,-0.02152004837989807,0.4777809977531433,1.081298589706421,-0.835440993309021,2.3517720699310303,9549.296875,34.9215087890625,20.242300033569336,55.16381072998047,362.5565185546875,1.9730995893478394
4.888044834136963,28.719999313354492,1000.0,191.0,1.298050045967102,0.016568565741181374,4.0,1.0033856630325317,1.0033856630325317,1.0033856630325317,0.038760051131248474,6.959999882383272e-05,0.8861350417137146,3840000.0,-0.007148409262299538,-0.0015500565059483051,-0.013380490243434906,0.04514613002538681,0.0031071826815605164,0.47632792592048645,1.2919321060180664,0.2106335163116455,2.7061967849731445,9602.9169921875,34.368953704833984,19.22838592529297,53.59733581542969,373.1528625488281,1.9797227382659912
4.188196182250977,23.81999969482422,1000.0,192.0,1.295699119567871,0.0127665800973773,6.0,1.0011348724365234,1.0011348724365234,1.0011348724365234,0.023862475529313087,6.839999696239829e-05,0.8840563297271729,3860000.0,-0.008251994848251343,-0.0011035855859518051,0.3757131099700928,0.04738930985331535,0.002243179827928543,0.5753313899040222,0.9701403975486755,-0.32179170846939087,2.70185923576355,9670.71484375,38.937042236328125,28.840044021606445,67.77708435058594,295.0849914550781,1.985582709312439
4.5390753746032715,27.34000015258789,1000.0,193.0,1.2956637144088745,0.012668387964367867,4.0,1.0004475116729736,1.0004475116729736,1.0004475116729736,0.01918112486600876,6.720000237692147e-05,0.8840276598930359,3880000.0,-0.007486793678253889,0.0007652011699974537,0.2521650195121765,0.044391077011823654,-0.0029982328414916992,0.5487167835235596,1.3744726181030273,0.4043322205543518,2.7074713706970215,9726.34375,37.45841979980469,18.147794723510742,55.60621643066406,359.6720275878906,1.9911060333251953
5.207086086273193,32.2599983215332,1000.0,194.0,1.295352816581726,0.013592325150966644,4.0,1.0001180171966553,1.0001180171966553,1.0001180171966553,0.02026737853884697,6.600000051548705e-05,0.8837645053863525,3900000.0,-0.007530964910984039,-4.417123273015022e-05,0.07916878163814545,0.04921719804406166,0.004826121032238007,0.5685653686523438,1.2561914920806885,-0.11828112602233887,3.5228090286254883,9783.310546875,38.57910919189453,18.365995407104492,56.94510269165039,351.2154541015625,1.9968196153640747
4.18844747543335,33.959999084472656,1000.0,195.0,1.2941609621047974,0.015790700912475586,3.0,1.0006210803985596,1.0006210803985596,1.0006210803985596,0.02047906629741192,6.479999865405262e-05,0.8827235698699951,3920000.0,-0.0073225852102041245,0.00020837970077991486,0.18836402893066406,0.042748525738716125,-0.006468672305345535,0.3749215304851532,1.3991905450820923,0.1429990530014038,2.584418535232544,9835.2060546875,37.44483947753906,14.431254386901855,51.876094818115234,385.5340270996094,2.0
4.118349075317383,33.65999984741211,1000.0,196.0,1.2917965650558472,0.013923440128564835,4.0,0.9988722205162048,0.9988722205162048,0.9988722205162048,0.020970292389392853,6.359999679261819e-05,0.8806390166282654,3940000.0,-0.007063297554850578,0.00025928765535354614,-0.09055231511592865,0.04998863488435745,0.007240109145641327,0.542145311832428,1.5789220333099365,0.17973148822784424,3.3284518718719482,9883.8466796875,29.073814392089844,19.545087814331055,48.61890411376953,411.3626403808594,2.0
3.400588035583496,28.040000915527344,1000.0,197.0,1.291015625,0.011549626477062702,6.0,1.0002357959747314,1.0002357959747314,1.0002357959747314,0.019406408071517944,6.240000220714137e-05,0.8799457550048828,3960000.0,-0.008498415350914001,-0.0014351177960634232,0.14306706190109253,0.044172272086143494,-0.005816362798213959,0.5050218105316162,1.0324941873550415,-0.546427845954895,3.314532518386841,9950.1953125,39.197444915771484,27.126752853393555,66.3241958618164,301.549072265625,2.0
3.3870315551757812,29.719999313354492,1000.0,198.0,1.2898693084716797,0.013743543066084385,4.0,1.0000795125961304,1.0000795125961304,1.0000795125961304,0.019085774198174477,6.120000034570694e-05,0.8789474964141846,3980000.0,-0.006975086405873299,0.0015233289450407028,-0.07191281765699387,0.04587160795927048,0.0016993358731269836,0.43407952785491943,1.2562119960784912,0.2237178087234497,2.869947910308838,10007.875,40.08501434326172,17.57138442993164,57.65639877319336,346.882568359375,2.0
2.612947940826416,29.219999313354492,1000.0,199.0,1.2899576425552368,0.00963196437805891,6.0,1.0014668703079224,1.0014668703079224,1.0014668703079224,0.018748866394162178,5.999999848427251e-05,0.8790576457977295,4000000.0,-0.0053146639838814735,0.001660422421991825,0.028052151203155518,0.03272963687777519,-0.013141971081495285,0.344409316778183,1.0198239088058472,-0.23638808727264404,2.8540542125701904,10075.7978515625,40.36884689331055,27.53272819519043,67.90157318115234,294.5439758300781,2.0
2.6383767127990723,31.899999618530273,1000.0,200.0,1.2893664836883545,0.013841462321579456,6.0,1.00054132938385,1.00054132938385,1.00054132938385,0.02107282169163227,5.880000026081689e-05,0.8785545229911804,4020000.0,-0.007564316503703594,-0.0022496525198221207,0.08598709851503372,0.04714798182249069,0.0144183449447155,0.4887031316757202,1.1673158407211304,0.1474919319152832,2.9698076248168945,10142.681640625,38.26118850708008,28.601539611816406,66.86272430419922,299.1203308105469,2.0
2.7185959815979004,35.08000183105469,1000.0,201.0,1.289252519607544,0.014601933769881725,3.0,1.0000120401382446,1.0000120401382446,1.0000120401382446,0.019093764945864677,5.759999839938246e-05,0.8784613013267517,4040000.0,-0.008164701983332634,-0.0006003854796290398,-0.12318072468042374,0.05440685898065567,0.007258877158164978,0.5949235558509827,1.9124888181686401,0.7451729774475098,4.573516368865967,10191.8603515625,33.764991760253906,15.391813278198242,49.15680694580078,406.86126708984375,2.0
3.12092924118042,33.5,1000.0,202.0,1.2900980710983276,0.01523175835609436,4.0,0.9992933869361877,0.9992933869361877,0.9992933869361877,0.019470615312457085,5.6400000175926834e-05,0.8792226314544678,4060000.0,-0.007358317729085684,0.0008063842542469501,0.0477619469165802,0.038569048047065735,-0.015837810933589935,0.42617329955101013,1.3493120670318604,-0.5631767511367798,3.242506742477417,10245.8330078125,34.08577346801758,19.851255416870117,53.93702697753906,370.8027648925781,2.0
3.975224256515503,34.36000061035156,1000.0,203.0,1.288989782333374,0.015955623239278793,4.0,0.9989596009254456,0.9989596009254456,0.9989596009254456,0.020905308425426483,5.5199998314492404e-05,0.8782632350921631,4080000.0,-0.010562674142420292,-0.003204356413334608,0.1086767390370369,0.0574633926153183,0.018894344568252563,0.5272169709205627,1.491384744644165,0.1420726776123047,3.29803466796875,10302.7548828125,37.709415435791016,19.191883087158203,56.90129852294922,351.48583984375,2.0
4.035749435424805,29.68000030517578,1000.0,204.0,1.2851827144622803,0.009236367419362068,9.0,1.0006639957427979,1.0006639957427979,1.0006639957427979,0.016854362562298775,5.400000009103678e-05,0.8749192357063293,4100000.0,-0.007932918146252632,0.0026297559961676598,-0.17299774289131165,0.037538956850767136,-0.019924435764551163,0.37395980954170227,0.6180871725082397,-0.8732975721359253,2.758157730102539,10383.8369140625,38.06346130371094,42.9957275390625,81.05918884277344,246.73329162597656,2.0
4.325681209564209,30.100000381469727,1000.0,205.0,1.28208589553833,0.013524359092116356,5.0,0.9998599886894226,0.9998599886894226,0.9998599886894226,0.01859103888273239,5.279999822960235e-05,0.8722327947616577,4120000.0,-0.008601704612374306,-0.0006687864661216736,-0.05118781328201294,0.04420866444706917,0.0066697075963020325,0.42875874042510986,1.0953317880630493,0.47724461555480957,3.1578783988952637,10446.7392578125,39.6115608215332,23.267166137695312,62.878726959228516,318.0726013183594,2.0
3.664424419403076,31.0,1000.0,206.0,1.2810875177383423,0.009282239712774754,6.0,1.0005079507827759,1.0005079507827759,1.0005079507827759,0.01621958613395691,5.160000000614673e-05,0.871350109577179,4140000.0,-0.007667068857699633,0.0009346357546746731,-0.2367958128452301,0.05761781334877014,0.013409148901700974,0.5068066120147705,0.9962027072906494,-0.0991290807723999,3.1870803833007812,10509.8349609375,33.7112922668457,29.364042282104492,63.07533264160156,317.0811767578125,2.0
5.429141044616699,38.220001220703125,1000.0,207.0,1.2799032926559448,0.009262064471840858,9.0,1.0005160570144653,1.0005160570144653,1.0005160570144653,0.01740296185016632,5.0400001782691106e-05,0.8703134059906006,4160000.0,-0.007870951667428017,-0.00020388280972838402,0.026460498571395874,0.050080977380275726,-0.007536835968494415,0.6576929092407227,0.8649095296859741,-0.1312931776046753,3.7897281646728516,10590.7724609375,37.139549255371094,43.77518844604492,80.91474151611328,247.17376708984375,2.0
6.321985244750977,43.63999938964844,1000.0,208.0,1.2791483402252197,0.011613208800554276,4.0,1.0005046129226685,1.0005046129226685,1.0005046129226685,0.018678972497582436,4.9199999921256676e-05,0.8696422576904297,4180000.0,-0.008145952597260475,-0.0002750009298324585,-0.06350874900817871,0.05479901656508446,0.004718039184808731,0.6481204032897949,1.4549740552902222,0.590064525604248,3.9522008895874023,10641.26171875,31.312253952026367,19.14008331298828,50.45233917236328,396.4137268066406,2.0
6.1131062507629395,45.5,1000.0,209.0,1.2793315649032593,0.011221243999898434,6.0,0.9998494982719421,0.9998494982719421,0.9998494982719421,0.018932068720459938,4.8000001697801054e-05,0.8698016405105591,4200000.0,-0.01008572243154049,-0.001939769834280014,-0.12775275111198425,0.04899788647890091,-0.005801130086183548,0.5914098024368286,1.067408800125122,-0.3875652551651001,3.191887617111206,10705.890625,37.03927993774414,27.568485260009766,64.6077651977539,309.560302734375,2.0
6.127371311187744,46.08000183105469,1000.0,210.0,1.281267762184143,0.010003448463976383,5.0,0.9983805418014526,0.9983805418014526,0.9983805418014526,0.015334930270910263,4.6799999836366624e-05,0.8714821338653564,4220000.0,-0.009523446671664715,0.0005622757598757744,-0.055606432259082794,0.03911846876144409,-0.009879417717456818,0.44231024384498596,1.1445478200912476,0.07713901996612549,2.9678051471710205,10766.63671875,37.7745361328125,22.946823120117188,60.72135925292969,329.3733825683594,2.0
4.224563121795654,40.119998931884766,1000.0,211.0,1.2816681861877441,0.014315718784928322,2.0,0.9992347955703735,0.9992347955703735,0.9992347955703735,0.01755971647799015,4.5600001612911e-05,0.8718212842941284,4240000.0,-0.006332267075777054,0.003191179595887661,-0.2510390281677246,0.05919487029314041,0.02007640153169632,0.5712758898735046,1.8826245069503784,0.7380766868591309,3.2668793201446533,10813.775390625,38.23739242553711,8.878091812133789,47.11548614501953,424.4888916015625,2.0
4.278761386871338,34.34000015258789,1000.0,212.0,1.280562400817871,0.016928300261497498,4.0,0.9982441067695618,0.9982441067695618,0.9982441067695618,0.020288655534386635,4.439999975147657e-05,0.8708593845367432,4260000.0,-0.00896693766117096,-0.0026346705853939056,-0.21060162782669067,0.04722555726766586,-0.011969313025474548,0.4678047001361847,1.2478333711624146,-0.6347911357879639,3.38824725151062,10870.697265625,37.85599136352539,19.04544448852539,56.90143585205078,351.4849853515625,2.0
4.726445198059082,34.0,1000.0,213.0,1.277743935585022,0.013468113727867603,5.0,0.999968409538269,0.999968409538269,0.999968409538269,0.020557694137096405,4.320000152802095e-05,0.8683972954750061,4280000.0,-0.009438089095056057,-0.0004711514338850975,-0.24916578829288483,0.050141483545303345,0.0029159262776374817,0.5579816699028015,1.4167722463607788,0.16893887519836426,3.4602625370025635,10928.8798828125,32.82490539550781,25.336082458496094,58.160987854003906,343.87310791015625,2.0
3.8063647747039795,33.84000015258789,1000.0,214.0,1.277100920677185,0.03080170787870884,2.0,1.0007010698318481,1.0007010698318481,1.0007010698318481,0.026256529614329338,4.199999966658652e-05,0.8678427934646606,4300000.0,-0.006987105589359999,0.0024509835056960583,-0.1249721348285675,0.04666074365377426,-0.0034807398915290833,0.39001646637916565,1.8909850120544434,0.47421276569366455,2.715529203414917,10970.95703125,33.090641021728516,8.961190223693848,42.05183029174805,475.6035461425781,2.0
4.135623931884766,38.97999954223633,1000.0,215.0,1.276351809501648,0.013747122138738632,6.0,1.0010197162628174,1.0010197162628174,1.0010197162628174,0.020108669996261597,4.0800001443130895e-05,0.8671969175338745,4320000.0,-0.011819686740636826,-0.004832581151276827,-0.2494625747203827,0.048545125871896744,0.0018843822181224823,0.48292598128318787,1.682039499282837,-0.20894551277160645,4.176633834838867,11038.994140625,39.99319076538086,28.023191452026367,68.0163803100586,294.04681396484375,2.0
4.211676597595215,43.02000045776367,1000.0,216.0,1.2768150568008423,0.01105461735278368,6.0,1.000050663948059,1.000050663948059,1.000050663948059,0.01744341477751732,3.9599999581696466e-05,0.867584764957428,4340000.0,-0.012945896945893764,-0.001126210205256939,-0.22140872478485107,0.047410011291503906,-0.0011351145803928375,0.4869132339954376,1.3151469230651855,-0.36689257621765137,3.346787929534912,11102.93359375,37.00392532348633,26.91280746459961,63.91673278808594,312.9071044921875,2.0
4.339112758636475,36.400001525878906,1000.0,217.0,1.277385950088501,0.011096791364252567,6.0,0.9995597004890442,0.9995597004890442,0.9995597004890442,0.017580924555659294,3.840000135824084e-05,0.8680675625801086,4360000.0,-0.009997712448239326,0.002948184497654438,0.2685239315032959,0.04526447132229805,-0.0021455399692058563,0.4549371004104614,0.95976722240448,-0.35537970066070557,3.0624842643737793,11168.9443359375,37.78605270385742,28.202375411987305,65.9884262084961,303.08343505859375,2.0
4.460211277008057,34.79999923706055,1000.0,218.0,1.2765573263168335,0.009034768678247929,9.0,0.9982694387435913,0.9982694387435913,0.9982694387435913,0.016947537660598755,3.719999949680641e-05,0.8673480749130249,4380000.0,-0.009574636816978455,0.0004230756312608719,-0.4457555115222931,0.03437929227948189,-0.010885179042816162,0.4040665030479431,0.7232455611228943,-0.2365216612815857,2.908168077468872,11245.25,33.016082763671875,43.266204833984375,76.28228759765625,262.1840515136719,2.0
3.5226383209228516,32.29999923706055,1000.0,219.0,1.2756917476654053,0.010458814911544323,7.0,0.9989755153656006,0.9989755153656006,0.9989755153656006,0.01824195310473442,3.600000127335079e-05,0.8666050434112549,4400000.0,-0.011330530978739262,-0.001755894161760807,-0.10993640124797821,0.03113517165184021,-0.003244120627641678,0.38180607557296753,1.2229235172271729,0.49967795610427856,2.835253953933716,11309.8701171875,31.266206741333008,33.32969284057617,64.59590148925781,309.6171875,2.0
3.7287464141845703,34.540000915527344,1000.0,220.0,1.273481845855713,0.008698329329490662,9.0,1.0009233951568604,1.0009233951568604,1.0009233951568604,0.017942393198609352,3.479999941191636e-05,0.8646687269210815,4420000.0,-0.008487166836857796,0.002843364141881466,0.03665247932076454,0.03678957372903824,0.0056544020771980286,0.4708302617073059,0.7798869013786316,-0.44303661584854126,3.592966079711914,11385.9248046875,35.5028190612793,40.52900695800781,76.03182220458984,263.0477600097656,2.0
4.029545307159424,39.79999923706055,1000.0,221.0,1.273951768875122,0.00989219918847084,8.0,0.9996482133865356,0.9996482133865356,0.9996482133865356,0.016511401161551476,3.360000118846074e-05,0.8650595545768738,4440000.0,-0.01309254951775074,-0.004605382680892944,-0.09125027060508728,0.03933549299836159,0.002545919269323349,0.44919994473457336,0.8975611925125122,0.11767429113388062,3.2423298358917236,11461.390625,39.30400085449219,36.13721466064453,75.44121551513672,265.1070861816406,2.0
4.824734687805176,39.70000076293945,1000.0,222.0,1.2773486375808716,0.008796689100563526,7.0,1.0007283687591553,1.0007283687591553,1.0007283687591553,0.015408317558467388,3.239999932702631e-05,0.8680117726325989,4460000.0,-0.008132632821798325,0.0049599166959524155,0.018438242375850677,0.04680897295475006,0.0074734799563884735,0.5418218374252319,1.0515289306640625,0.1539677381515503,3.7815210819244385,11532.98828125,40.7635383605957,30.810821533203125,71.5743637084961,279.4296569824219,2.0
4.483673572540283,36.459999084472656,1000.0,223.0,1.2788147926330566,0.007708996534347534,9.0,0.9998383522033691,0.9998383522033691,0.9998383522033691,0.014622471295297146,3.1200001103570685e-05,0.8692923784255981,4480000.0,-0.007681055925786495,0.0004515768960118294,-0.25544193387031555,0.036157939583063126,-0.010651033371686935,0.4342719316482544,0.6610679626464844,-0.3904609680175781,2.8737292289733887,11612.369140625,38.60536575317383,40.749481201171875,79.35484313964844,252.03250122070312,2.0
5.628823280334473,36.08000183105469,1000.0,224.0,1.2791311740875244,0.009441978298127651,9.0,0.9999351501464844,0.9999351501464844,0.9999351501464844,0.01645766571164131,2.9999999242136255e-05,0.8695725798606873,4500000.0,-0.012685920111835003,-0.005004864186048508,0.2814825773239136,0.053378403186798096,0.01722046360373497,0.5992746353149414,0.8285600543022156,0.1674920916557312,3.4186344146728516,11691.3564453125,39.25202941894531,39.71158981323242,78.96361541748047,253.2812042236328,2.0
6.729913711547852,39.439998626708984,1000.0,225.0,1.2815803289413452,0.008540967479348183,12.0,1.0011452436447144,1.0011452436447144,1.0011452436447144,0.017105041071772575,2.879999919969123e-05,0.8717265129089355,4520000.0,-0.011625966057181358,0.0010599540546536446,-0.15504270792007446,0.056263718754053116,0.00288531556725502,0.8356996774673462,1.0043634176254272,0.17580336332321167,5.494901180267334,11787.1611328125,40.46235275268555,55.318092346191406,95.78044128417969,208.81089782714844,2.0
7.039995193481445,41.84000015258789,1000.0,226.0,1.2820683717727661,0.012831833213567734,4.0,0.9987161159515381,0.9987161159515381,0.9987161159515381,0.020204512402415276,2.7599999157246202e-05,0.8721598386764526,4540000.0,-0.010176055133342743,0.0014499109238386154,-0.19231724739074707,0.05492934212088585,-0.0013343766331672668,0.6281929612159729,1.2400808334350586,0.23571741580963135,3.5961499214172363,11839.8603515625,33.61753463745117,19.056577682495117,52.674110412597656,379.6931457519531,2.0
7.6598920822143555,45.5,1000.0,227.0,1.2831916809082031,0.008567964658141136,13.0,0.9997110962867737,0.9997110962867737,0.9997110962867737,0.016255445778369904,2.6399999114801176e-05,0.8731558918952942,4560000.0,-0.01282650325447321,-0.0026504481211304665,0.12977948784828186,0.04801967367529869,-0.006909668445587158,0.779580295085907,0.902927815914154,-0.33715301752090454,4.3642191886901855,11936.5439453125,37.48566818237305,59.17441177368164,96.66007995605469,206.91064453125,2.0
6.0988240242004395,36.47999954223633,1000.0,228.0,1.2855455875396729,0.00817272998392582,10.0,1.0004006624221802,1.0004006624221802,1.0004006624221802,0.01744958572089672,2.5200000891345553e-05,0.8752409219741821,4580000.0,-0.01269417256116867,0.00013233069330453873,-0.07314647734165192,0.03558453544974327,-0.01243513822555542,0.5589069724082947,0.8205934762954712,-0.08233433961868286,3.1433207988739014,12021.0244140625,38.41915512084961,46.03391647338867,84.45307159423828,236.8179168701172,2.0
5.929022312164307,30.360000610351562,1000.0,229.0,1.2875434160232544,0.00757643161341548,12.0,1.0006436109542847,1.0006436109542847,1.0006436109542847,0.015117660164833069,2.4000000848900527e-05,0.8770459890365601,4600000.0,-0.009661360643804073,0.0030328119173645973,-0.025219351053237915,0.03916703164577484,0.0035824961960315704,0.5791165828704834,0.5767321586608887,-0.24386131763458252,3.549072265625,12110.033203125,33.605560302734375,55.37609100341797,88.98165130615234,224.76544189453125,2.0
5.680891036987305,29.520000457763672,1000.0,230.0,1.2862945795059204,0.008422155864536762,11.0,0.9987557530403137,0.9987557530403137,0.9987557530403137,0.016373494639992714,2.28000008064555e-05,0.8759914040565491,4620000.0,-0.013378129340708256,-0.0037167686969041824,0.3694184422492981,0.03653453662991524,-0.002632495015859604,0.6042463183403015,0.7627781629562378,0.18604600429534912,3.363023519515991,12199.849609375,39.326019287109375,50.46235275268555,89.78836822509766,222.74598693847656,2.0
4.622269153594971,28.760000228881836,1000.0,231.0,1.283875584602356,0.00612109387293458,15.0,1.0001229047775269,1.0001229047775269,1.0001229047775269,0.012647719122469425,2.1600000764010474e-05,0.8738244771957397,4640000.0,-0.009217945858836174,0.004160183481872082,0.05888260155916214,0.028769493103027344,-0.007765043526887894,0.5466321706771851,0.6620304584503174,-0.10074770450592041,2.9762918949127197,12306.2373046875,37.04547882080078,69.31793975830078,106.36341857910156,188.03457641601562,2.0
4.584012031555176,33.65999984741211,1000.0,232.0,1.282940149307251,0.01196733582764864,6.0,0.9993260502815247,0.9993260502815247,0.9993260502815247,0.018261173740029335,2.0400000721565448e-05,0.8730003833770752,4660000.0,-0.00933951698243618,-0.0001215711236000061,-0.28537893295288086,0.04137244448065758,0.012602951377630234,0.6500461101531982,1.133912444114685,0.4718819856643677,3.603217124938965,12370.62890625,37.3475341796875,27.0173282623291,64.36486053466797,310.7285461425781,2.0
4.075057029724121,32.560001373291016,1000.0,233.0,1.279670238494873,0.006578987929970026,19.0,0.9999673366546631,0.9999673366546631,0.9999673366546631,0.016350528225302696,1.920000067912042e-05,0.8701565265655518,4680000.0,-0.01152003277093172,-0.0021805157884955406,-0.060244061052799225,0.026567751541733742,-0.014804692938923836,0.4918889105319977,0.5358753800392151,-0.59803706407547,3.0011250972747803,12497.537109375,38.91426086425781,87.9733657836914,126.88762664794922,157.61978149414062,2.0
4.146388530731201,30.6200008392334,1000.0,234.0,1.278251051902771,0.008075040765106678,16.0,1.0000433921813965,1.0000433921813965,1.0000433921813965,0.027742557227611542,1.8000000636675395e-05,0.8688947558403015,4700000.0,-0.013509951531887054,-0.0019899187609553337,0.24695971608161926,0.032775577157735825,0.006207825616002083,0.5848307013511658,0.6245182752609253,0.0886428952217102,3.6021952629089355,12602.5107421875,30.727569580078125,74.2177734375,104.94534301757812,190.5753936767578,2.0
4.3174004554748535,30.799999237060547,1000.0,235.0,1.2780256271362305,0.007942789234220982,16.0,1.0002766847610474,1.0002766847610474,1.0002766847610474,0.018003292381763458,1.680000059423037e-05,0.8686517477035522,4720000.0,-0.009667356498539448,0.0038425950333476067,-0.022428276017308235,0.03548948094248772,0.002713903784751892,0.6458832621574402,0.5277340412139893,-0.09678423404693604,3.776926279067993,12712.1416015625,36.297203063964844,73.30734252929688,109.60454559326172,182.47418212890625,2.0
4.232800483703613,26.139999389648438,1000.0,236.0,1.278125524520874,0.007000335957854986,12.0,1.00093412399292,1.00093412399292,1.00093412399292,0.03039228729903698,1.5600000551785342e-05,0.8687071800231934,4740000.0,-0.008442492224276066,0.001224864274263382,0.1025199443101883,0.02887357585132122,-0.006615905091166496,0.46300220489501953,0.4684132933616638,-0.05932074785232544,2.5716214179992676,12802.521484375,34.962833404541016,55.390140533447266,90.35297393798828,221.3540802001953,2.0
4.448766708374023,28.299999237060547,1000.0,237.0,1.281140685081482,0.007576097268611193,18.0,1.0004127025604248,1.0004127025604248,1.0004127025604248,0.01599651761353016,1.4399999599845614e-05,0.8713071346282959,4760000.0,-0.012632801197469234,-0.004190308973193169,0.024340830743312836,0.034499991685152054,0.0056264158338308334,0.6038053631782532,0.5503843426704407,0.08197104930877686,2.93432354927063,12920.0634765625,33.615928649902344,83.90104675292969,117.51697540283203,170.1881866455078,2.0
4.427197456359863,26.700000762939453,1000.0,238.0,1.2805614471435547,0.007994006387889385,17.0,0.9991825819015503,0.9991825819015503,0.9991825819015503,0.01421661488711834,1.3199999557400588e-05,0.8707854151725769,4780000.0,-0.010505623184144497,0.0021271780133247375,-0.047959666699171066,0.03220037370920181,-0.002299617975950241,0.5772309899330139,0.4017502963542938,-0.14863404631614685,2.903306484222412,13031.5166015625,34.58781814575195,76.83494567871094,111.42276763916016,179.49652099609375,2.0
5.100615978240967,36.439998626708984,1000.0,239.0,1.2796075344085693,0.01007520779967308,8.0,0.9980441331863403,0.9980441331863403,0.9980441331863403,0.01681523025035858,1.2000000424450263e-05,0.8699504733085632,4800000.0,-0.010288306511938572,0.000217316672205925,0.14750777184963226,0.03851185739040375,0.006311483681201935,0.6138666272163391,0.9487778544425964,0.5470275580883026,3.164438009262085,13101.6884765625,33.43465042114258,36.709571838378906,70.14422607421875,285.1268310546875,2.0
4.156827926635742,33.65999984741211,1000.0,240.0,1.2810221910476685,0.006500076036900282,30.0,1.0000110864639282,1.0000110864639282,1.0000110864639282,0.016742423176765442,1.0800000382005237e-05,0.8711764216423035,4820000.0,-0.010335387662053108,-4.7081150114536285e-05,0.0784434974193573,0.0241546630859375,-0.014357194304466248,0.47660791873931885,0.3632858097553253,-0.5854920446872711,2.260392904281616,13270.1455078125,30.39840316772461,138.0365753173828,168.4349822998047,118.74018096923828,2.0
3.8880186080932617,44.84000015258789,1000.0,241.0,1.280346393585205,0.008434463292360306,16.0,1.0003912448883057,1.0003912448883057,1.0003912448883057,0.01601874828338623,9.60000033956021e-06,0.8705836534500122,4840000.0,-0.012171783484518528,-0.0018363958224654198,-0.18897245824337006,0.029314640909433365,0.005159977823495865,0.5572230815887451,0.7889668941497803,0.42568108439445496,3.033775568008423,13380.9521484375,37.25873947143555,73.51484680175781,110.77458953857422,180.54681396484375,2.0
3.651324987411499,39.86000061035156,1000.0,242.0,1.2801004648208618,0.006449094973504543,30.0,1.0004633665084839,1.0004633665084839,1.0004633665084839,0.014647453092038631,8.400000297115184e-06,0.8703739643096924,4860000.0,-0.012190659530460835,-1.887604594230652e-05,0.03271518647670746,0.021559331566095352,-0.007755309343338013,0.42548587918281555,0.3806777596473694,-0.4082891345024109,2.1552212238311768,13550.4775390625,33.814903259277344,135.68359375,169.49850463867188,117.99514770507812,2.0
3.441615581512451,39.560001373291016,1000.0,243.0,1.2800387144088745,0.006331642623990774,35.0,1.0000900030136108,1.0000900030136108,1.0000900030136108,0.013668267987668514,7.199999799922807e-06,0.8703237175941467,4880000.0,-0.00896905455738306,0.003221604973077774,0.33408188819885254,0.01896415464580059,-0.0025951769202947617,0.3658798933029175,0.31858518719673157,-0.06209257245063782,1.8281782865524292,13745.751953125,36.68161392211914,158.56280517578125,195.2444305419922,102.43570709228516,2.0
3.445510149002075,23.239999771118164,1000.0,244.0,1.2798997163772583,0.003414006205275655,40.0,1.0002743005752563,1.0002743005752563,1.0002743005752563,0.010745246894657612,6.000000212225132e-06,0.8702101707458496,4900000.0,-0.009455708786845207,-0.00048665422946214676,0.02966192550957203,0.02475670725107193,0.005792552605271339,0.44212377071380615,0.29386377334594727,-0.024721413850784302,2.6205010414123535,13960.53515625,33.151588439941406,181.59678649902344,214.74838256835938,93.13225555419922,2.0
4.021993637084961,22.440000534057617,1000.0,245.0,1.2809016704559326,0.004834756255149841,40.0,0.9994773864746094,0.9994773864746094,0.9994773864746094,0.01239203754812479,4.800000169780105e-06,0.8710892200469971,4920000.0,-0.012809772975742817,-0.0033540641888976097,-0.016069047152996063,0.03070104867219925,0.005944341421127319,0.5852462649345398,0.3599807620048523,0.06611698865890503,3.1461000442504883,14172.6689453125,31.44620704650879,180.6497344970703,212.095947265625,94.29695129394531,2.0
5.048779010772705,29.860000610351562,1000.0,246.0,1.281713604927063,0.0026679192669689655,40.0,0.9997316598892212,0.9997316598892212,0.9997316598892212,0.008896593004465103,3.5999998999614036e-06,0.8717990517616272,4940000.0,-0.008622709661722183,0.004187063314020634,0.0895451158285141,0.030206140130758286,-0.0004949085414409637,0.6280462741851807,0.3683968782424927,0.00841611623764038,3.0013227462768555,14387.07421875,34.28479766845703,180.08238220214844,214.3671875,93.29786682128906,2.0
4.39667272567749,31.34000015258789,1000.0,247.0,1.2828655242919922,0.0036586704663932323,40.0,0.9992769360542297,0.9992769360542297,0.9992769360542297,0.01224393118172884,2.4000000848900527e-06,0.8728025555610657,4960000.0,-0.008030278608202934,0.000592431053519249,-0.0043699778616428375,0.02125234715640545,-0.008953792974352837,0.4502193331718445,0.3468617796897888,-0.021535098552703857,2.2987616062164307,14601.9091796875,35.59928512573242,179.1938018798828,214.7930908203125,93.11286163330078,2.0
3.5604522228240967,29.299999237060547,1000.0,248.0,1.2836235761642456,0.0020597984548658133,40.0,0.9990481734275818,0.9990481734275818,0.9990481734275818,0.007330055348575115,1.2000000424450263e-06,0.8734626173973083,4980000.0,-0.007252169772982597,0.0007781088352203369,-0.07924065738916397,0.018200773745775223,-0.003051573410630226,0.4183010160923004,0.26363202929496765,-0.08322975039482117,2.3780674934387207,14812.244140625,32.03821563720703,178.25843811035156,210.29664611816406,95.10375213623047,2.0
2.299638271331787,23.700000762939453,1000.0,249.0,1.2839915752410889,0.0006475442205555737,40.0,1.0000368356704712,1.0000368356704712,1.0000368356704712,0.004550307057797909,0.0,0.8737860321998596,5000000.0,-0.0033570434898138046,0.0038951262831687927,-0.3730326294898987,0.023355543613433838,0.005154769867658615,0.48520538210868835,0.3177543580532074,0.054122328758239746,2.462265729904175,15022.5419921875,32.468502044677734,177.7894744873047,210.25796508789062,95.12124633789062,2.0
