Metrics/EpRet,Metrics/EpCost,Metrics/EpLen,Train/Epoch,Train/Entropy,Train/KL,Train/StopIter,Train/PolicyRatio,Train/PolicyRatio/Min,Train/PolicyRatio/Max,Train/PolicyRatio/Std,Train/LR,Train/PolicyStd,TotalEnvSteps,Loss/Loss_pi,Loss/Loss_pi/Delta,Value/Adv,Loss/Loss_reward_critic,Loss/Loss_reward_critic/Delta,Value/reward,Loss/Loss_cost_critic,Loss/Loss_cost_critic/Delta,Value/cost,Time/Total,Time/Rollout,Time/Update,Time/Epoch,Time/FPS,Misc/Alpha,Misc/FinalStepNorm,Misc/gradient_norm,Misc/xHx,Misc/H_inv_g,Misc/AcceptanceStep,Misc/cost_gradient_norm,Misc/A,Misc/B,Misc/q,Misc/r,Misc/s,Misc/Lambda_star,Misc/Nu_star,Misc/OptimCase
-1.34096097946167,33.375,1000.0,0.0,1.422075629234314,0.00012006925680907443,40.0,0.9995613098144531,0.9995613098144531,0.9995613098144531,0.0003102008195128292,0.0,1.0031746625900269,20000.0,-0.006213742308318615,-0.006213742308318615,-1.3446808111439168e-08,0.003596819005906582,0.003596819005906582,-0.09566637873649597,0.4331236481666565,0.4331236481666565,-0.0178652536123991,121.00849914550781,20.936168670654297,100.07132720947266,121.00749206542969,165.27902221679688,1.0403815507888794,0.34635448455810547,0.10546344518661499,0.018477551639080048,0.2549172639846802,1.0,0.09217603504657745,0.018450943753123283,-1833.71337890625,0.018477551639080048,0.0010088258422911167,0.038250163197517395,0.0,0.7230998277664185,0.0
-1.5817077159881592,20.1875,1000.0,1.0,1.4220657348632812,0.00023450457956641912,40.0,0.9996414184570312,0.9996414184570312,0.9996414184570312,0.00025355545221827924,0.0,1.003197193145752,40000.0,-0.02537005953490734,-0.019156317226588726,-3.576278717609682e-10,0.0025546986144036055,-0.0010421203915029764,-0.10993535071611404,0.1424890160560608,-0.2906346321105957,0.3200303912162781,244.0070037841797,21.274070739746094,101.69116973876953,122.96524047851562,162.6475830078125,0.5801380276679993,0.20168469846248627,0.21992184221744537,0.059424739331007004,0.347649484872818,1.0,0.09651777893304825,0.059422075748443604,-735.0604248046875,0.059424739331007004,0.0002897725789807737,0.03150695562362671,1.7237277030944824,0.0,3.0
-1.274543046951294,19.39583396911621,1000.0,2.0,1.4172672033309937,0.0002488852187525481,40.0,1.0006648302078247,1.0006648302078247,1.0006648302078247,0.00047013405128382146,0.0,0.9983718991279602,60000.0,-0.024970179423689842,0.0003998801112174988,5.722046170220096e-10,0.0025126230902969837,-4.207552410662174e-05,-0.10894165188074112,0.32944732904434204,0.18695831298828125,0.872353196144104,363.48760986328125,21.08783721923828,98.3585205078125,119.44635772705078,167.43917846679688,0.616213321685791,0.22159187495708466,0.1925743967294693,0.05267053842544556,0.3596026301383972,1.0,0.12827041745185852,0.05266083776950836,-620.4308471679688,0.05267053842544556,0.0007007550448179245,0.050619110465049744,1.622814655303955,0.0,3.0
-0.6376602053642273,28.459999084472656,1000.0,3.0,1.40737783908844,0.00013780359586235136,40.0,0.9993798136711121,0.9993798136711121,0.9993798136711121,0.0004385239153634757,0.0,0.9885294437408447,80000.0,-0.010809792205691338,0.014160387217998505,5.722046170220096e-10,0.0033552793320268393,0.0008426562417298555,-0.07008454948663712,0.5101549029350281,0.18070757389068604,1.0389477014541626,485.80682373046875,22.090600967407227,100.19586181640625,122.28646087646484,163.55039978027344,0.8707713484764099,0.32434672117233276,0.12213018536567688,0.026376768946647644,0.2874080240726471,1.0,0.18822790682315826,0.026340754702687263,-92.9537353515625,0.026376768946647644,0.0021534489933401346,0.12876316905021667,0.0,0.3941115140914917,0.0
0.17694900929927826,48.2599983215332,1000.0,4.0,1.404170036315918,0.00013544312969315797,40.0,1.0001083612442017,1.0001083612442017,1.0001083612442017,7.665107841603458e-05,0.0,0.985341489315033,100000.0,-0.007642935495823622,0.003166856709867716,1.3923645347801994e-08,0.0030745258554816246,-0.00028075347654521465,-0.04480806738138199,0.6022153496742249,0.09206044673919678,2.070685863494873,610.8739013671875,21.621286392211914,103.41171264648438,125.03300476074219,159.957763671875,0.8110973238945007,0.3241831362247467,0.12385372817516327,0.030400725081562996,0.3047733008861542,1.0,0.16522358357906342,0.02985815331339836,-5899.91259765625,0.030400725081562996,0.007053660228848457,0.09170062094926834,0.0,0.46701285243034363,0.0
0.4995117485523224,66.95999908447266,1000.0,5.0,1.4191573858261108,0.00015255231119226664,40.0,0.9996650815010071,0.9996650815010071,0.9996650815010071,0.00023680909362155944,0.0,1.0002802610397339,120000.0,-0.013112902641296387,-0.005469967145472765,-1.1873245497895368e-08,0.0023038771469146013,-0.0007706487085670233,-0.02169547975063324,0.6394166350364685,0.03720128536224365,2.1924030780792236,731.7415771484375,21.71026039123535,99.12286376953125,120.83312225341797,165.5175323486328,0.9107248783111572,0.3012984097003937,0.11667996644973755,0.024113232269883156,0.2727009952068329,1.0,0.2364991009235382,0.024011405184864998,-11194.2607421875,0.024113232269883156,0.004001928027719259,0.15728043019771576,0.0,0.3565969467163086,0.0
0.5484206676483154,73.44000244140625,1000.0,6.0,1.4322291612625122,0.0001578765659360215,40.0,0.9993450045585632,0.9993450045585632,0.9993450045585632,0.0004631657793652266,0.0,1.0134083032608032,140000.0,-0.010665054433047771,0.0024478482082486153,-3.767013367905747e-09,0.0034743142314255238,0.0011704370845109224,-0.018157554790377617,0.5536746382713318,-0.08574199676513672,2.365762710571289,851.34033203125,21.816070556640625,97.75061798095703,119.56668853759766,167.2706756591797,0.7546734809875488,0.31042012572288513,0.1249820739030838,0.0351165346801281,0.3364059031009674,1.0,0.1943531185388565,0.03506621718406677,-21883.5546875,0.0351165346801281,0.0023227869533002377,0.1072235107421875,0.0,0.43188682198524475,0.0
0.6428794860839844,61.84000015258789,1000.0,7.0,1.43691885471344,0.00015663060185033828,40.0,0.9986236691474915,0.9986236691474915,0.9986236691474915,0.0009731987956911325,0.0,1.01815664768219,160000.0,-0.015268982388079166,-0.004603927955031395,-3.933906533859499e-09,0.00519343139603734,0.0017191171646118164,-0.006433471571654081,0.6891642212867737,0.1354895830154419,3.341407060623169,973.9266357421875,22.160001754760742,100.39344787597656,122.55345153808594,163.19410705566406,0.8047081828117371,0.3076443374156952,0.1175682321190834,0.03088538534939289,0.3196071684360504,1.0,0.20714649558067322,0.030488118529319763,-9715.3203125,0.03088538534939289,-0.007449584547430277,0.13969510793685913,0.0,0.37837669253349304,0.0
0.9752655625343323,41.880001068115234,1000.0,8.0,1.4420572519302368,0.00012718258949462324,40.0,1.0006403923034668,1.0006403923034668,1.0006403923034668,0.0004528257413767278,0.0,1.0233978033065796,180000.0,-0.006864035967737436,0.00840494642034173,1.1920929132713809e-08,0.00591696472838521,0.0007235333323478699,0.03510688990354538,0.45387572050094604,-0.23528850078582764,3.0684938430786133,1095.206787109375,21.990028381347656,99.25537872314453,121.24540710449219,164.95469665527344,0.9078336358070374,0.3331794738769531,0.12137879431247711,0.024267064407467842,0.26549282670021057,1.0,0.11312802881002426,0.024194616824388504,-5734.779296875,0.024267064407467842,0.0018972461111843586,0.04968515411019325,0.0,0.6344561576843262,0.0
0.8850165009498596,33.86000061035156,1000.0,9.0,1.455862045288086,0.0001391817640978843,40.0,0.9999229311943054,0.9999229311943054,0.9999229311943054,5.450992830446921e-05,0.0,1.0376707315444946,200000.0,-0.0076212212443351746,-0.0007571852765977383,1.8596648665436533e-09,0.004629160277545452,-0.001287804450839758,0.022066373378038406,0.35038071870803833,-0.10349500179290771,2.514422655105591,1214.9140625,21.93872833251953,97.7356948852539,119.67442321777344,167.12008666992188,0.9626561999320984,0.31542810797691345,0.11342262476682663,0.02158178761601448,0.24372093379497528,1.0,0.12680399417877197,0.021581612527370453,-1710.675537109375,0.02158178761601448,8.950027404353023e-05,0.045887529850006104,0.0,0.6601879596710205,0.0
0.5711736083030701,19.0,1000.0,10.0,1.4540926218032837,0.00020540814148262143,40.0,0.9999133944511414,0.9999133944511414,0.9999133944511414,6.122532795416191e-05,0.0,1.0358103513717651,220000.0,-0.015935637056827545,-0.00831441581249237,1.6212463593845428e-09,0.0036786310374736786,-0.0009505292400717735,0.023379793390631676,0.2965138852596283,-0.053866833448410034,2.3116400241851807,1336.0421142578125,22.6926212310791,98.40084838867188,121.09346771240234,165.1616668701172,0.9002318978309631,0.24498015642166138,0.11403129994869232,0.024678628891706467,0.2721300721168518,1.0,0.10418155789375305,0.024545883759856224,-1162.1446533203125,0.024678628891706467,0.002027803100645542,0.030976668000221252,1.1108249425888062,0.0,3.0
0.8099794983863831,25.5,1000.0,11.0,1.4419034719467163,0.00016556365881115198,40.0,1.0002270936965942,1.0002270936965942,1.0002270936965942,0.00016060759662650526,0.0,1.0232563018798828,240000.0,-0.0124356709420681,0.003499966114759445,1.5878677928071738e-08,0.006777740083634853,0.0030991090461611748,0.07067012786865234,0.5080261826515198,0.21151229739189148,2.581199884414673,1456.2509765625,22.70754051208496,97.46016693115234,120.1677017211914,166.43406677246094,0.8653392195701599,0.3077840507030487,0.1297800987958908,0.026708966121077538,0.2874380052089691,1.0,0.19480055570602417,0.026479477062821388,-2.4561617374420166,0.026708966121077538,-0.004813504405319691,0.10096270591020584,0.0,0.4450763165950775,0.0
1.0578505992889404,39.31999969482422,1000.0,12.0,1.4419583082199097,0.0001564916456118226,40.0,1.000287413597107,1.000287413597107,1.000287413597107,0.00020314785069786012,0.0,1.023520827293396,260000.0,-0.013409383594989777,-0.0009737126529216766,7.1525572131747595e-09,0.006498746108263731,-0.00027899397537112236,0.06276509910821915,0.5836756825447083,0.07564949989318848,2.8680882453918457,1577.86572265625,22.82940101623535,98.75243377685547,121.58183288574219,164.49826049804688,0.9046351909637451,0.305225133895874,0.12200450897216797,0.024438969790935516,0.270211786031723,1.0,0.23994778096675873,0.02443278767168522,-1232.924072265625,0.024438969790935516,0.001014032051898539,0.16631928086280823,0.0,0.3467717170715332,0.0
1.488206148147583,35.560001373291016,1000.0,13.0,1.445878028869629,0.00015674646419938654,40.0,1.0011221170425415,1.0011221170425415,1.0011221170425415,0.0007935409084893763,0.0,1.0275511741638184,280000.0,-0.006793771404772997,0.00661561219021678,-3.5762786065873797e-09,0.00565424095839262,-0.0008445051498711109,0.10536597669124603,0.38538670539855957,-0.19828897714614868,2.113355875015259,1699.521484375,23.119651794433594,98.50098419189453,121.62063598632812,164.44578552246094,0.8501858711242676,0.3047330677509308,0.15781965851783752,0.027669548988342285,0.27368855476379395,1.0,0.13673891127109528,0.027507059276103973,-2129.486328125,0.027669548988342285,0.0029170052148401737,0.05236594006419182,0.0,0.6180028915405273,0.0
1.3241380453109741,40.91999816894531,1000.0,14.0,1.4518963098526,0.0001621623378014192,40.0,0.9996943473815918,0.9996943473815918,0.9996943473815918,0.00021612903219647706,0.0,1.0336251258850098,300000.0,-0.010126749984920025,-0.003332978580147028,3.0040741005876725e-09,0.005979146808385849,0.0003249058499932289,0.09544161707162857,0.4817490875720978,0.09636238217353821,2.4386563301086426,1820.75146484375,22.777488708496094,98.41993713378906,121.19742584228516,165.02000427246094,0.862350583076477,0.29785048961639404,0.12638023495674133,0.02689441666007042,0.27075520157814026,1.0,0.18930229544639587,0.026893295347690582,-3044.12744140625,0.02689441666007042,-0.0003054847475141287,0.08325690776109695,0.0,0.4901227056980133,0.0
1.249061107635498,26.5,1000.0,15.0,1.4505105018615723,0.00016834924463182688,40.0,1.0001574754714966,1.0001574754714966,1.0001574754714966,0.00011138007539557293,0.0,1.0322705507278442,320000.0,-0.007782985456287861,0.002343764528632164,-7.629394338515283e-10,0.006287325639277697,0.0003081788308918476,0.10252751410007477,0.3465779721736908,-0.13517111539840698,2.1655704975128174,1942.799560546875,22.469215393066406,99.54480743408203,122.01402282714844,163.91558837890625,0.8422381281852722,0.30430155992507935,0.13674873113632202,0.02819421887397766,0.3068162798881531,1.0,0.10243634879589081,0.027868373319506645,-72.83084869384766,0.02819421887397766,-0.003172344760969281,0.030885012820363045,0.0,0.8047130703926086,0.0
0.9860557317733765,22.18000030517578,1000.0,16.0,1.4479994773864746,0.00021075944823678583,40.0,0.9994967579841614,0.9994967579841614,0.9994967579841614,0.0003558036987669766,0.0,1.0297774076461792,340000.0,-0.016913682222366333,-0.009130696766078472,2.7656554824062596e-09,0.008007797412574291,0.0017204717732965946,0.1313149780035019,0.29113829135894775,-0.05543968081474304,1.9974937438964844,2063.281494140625,22.589914321899414,97.8579330444336,120.44784545898438,166.04696655273438,0.8659939169883728,0.23123827576637268,0.14112518727779388,0.026668597012758255,0.26702070236206055,1.0,0.07890526950359344,0.026564616709947586,-387.9306945800781,0.026668597012758255,0.0014599409187212586,0.02049846760928631,1.1547424793243408,0.0,3.0
1.7369532585144043,17.540000915527344,1000.0,17.0,1.4490019083023071,0.00022465732763521373,40.0,1.0017706155776978,1.0017706155776978,1.0017706155776978,0.001252098591066897,0.0,1.0308895111083984,360000.0,-0.017352232709527016,-0.0004385504871606827,-1.0180473353216257e-08,0.00901931431144476,0.0010115168988704681,0.14990843832492828,0.3502698838710785,0.05913159251213074,1.871821641921997,2184.245849609375,23.66863250732422,97.26067352294922,120.92930603027344,165.38587951660156,0.8555355072021484,0.24905352294445038,0.12799565494060516,0.027324596419930458,0.2911083400249481,1.0,0.11347486078739166,0.02629384770989418,-1348.3267822265625,0.027324596419930458,0.006522506475448608,0.04127392917871475,1.168858528137207,0.0,3.0
2.472536087036133,24.219999313354492,1000.0,18.0,1.4374299049377441,0.0002088157634716481,40.0,0.9999699592590332,0.9999699592590332,0.9999699592590332,2.1270147044560872e-05,0.0,1.0190396308898926,380000.0,-0.014765989035367966,0.00258624367415905,3.6382676427137994e-08,0.009683368727564812,0.0006640544161200523,0.11939903348684311,0.3527340590953827,0.0024641752243041992,1.9533131122589111,2306.111328125,24.08407211303711,97.7469482421875,121.83102416992188,164.16180419921875,0.9703426361083984,0.25408852100372314,0.11266995966434479,0.02124122530221939,0.2618544101715088,1.0,0.12463154643774033,0.021019794046878815,-11.028084754943848,0.02124122530221939,0.003491968847811222,0.055068451911211014,1.0305638313293457,0.0,3.0
4.690625190734863,31.260000228881836,1000.0,19.0,1.4258466958999634,0.00015595591685269028,40.0,0.9995725154876709,0.9995725154876709,0.9995725154876709,0.0003022771852556616,0.0,1.0073895454406738,400000.0,-0.009225338697433472,0.005540650337934494,-1.8739699569891854e-08,0.01586846075952053,0.006185092031955719,0.297863245010376,0.48774605989456177,0.13501200079917908,3.1614058017730713,2426.379150390625,23.730497360229492,96.50437927246094,120.23487854003906,166.34109497070312,0.8091968297958374,0.30601605772972107,0.16504813730716705,0.030543692409992218,0.2752697765827179,1.0,0.1752239465713501,0.03054368868470192,-481.2754821777344,0.030543692409992218,-1.9369414076209068e-05,0.08142108470201492,0.0,0.4956173896789551,0.0
5.629715442657471,44.65999984741211,1000.0,20.0,1.4251164197921753,0.000163494361913763,40.0,1.0002965927124023,1.0002965927124023,1.0002965927124023,0.00020966654119547457,0.0,1.0067404508590698,420000.0,-0.011563104577362537,-0.0023377658799290657,5.817413217812373e-09,0.012325282208621502,-0.0035431785508990288,0.2938580811023712,0.759669303894043,0.2719232439994812,2.984450578689575,2548.435302734375,23.519756317138672,98.50360107421875,122.02336120605469,163.90304565429688,0.7981778979301453,0.29412972927093506,0.15433014929294586,0.03139282763004303,0.28915366530418396,1.0,0.2667531967163086,0.031189119443297386,-2515.00390625,0.03139282763004303,0.005595211870968342,0.1536826491355896,0.0,0.3607468605041504,0.0
6.197153091430664,46.279998779296875,1000.0,21.0,1.4311860799789429,0.00014551414642482996,40.0,0.9999321103096008,0.9999321103096008,0.9999321103096008,4.8019312089309096e-05,0.0,1.0130199193954468,440000.0,-0.010711397975683212,0.0008517066016793251,-5.4836273299940785e-09,0.014824213460087776,0.0024989312514662743,0.37716975808143616,0.6765834093093872,-0.08308589458465576,3.3923399448394775,2668.6484375,23.250516891479492,96.9278793334961,120.17939758300781,166.41787719726562,0.928544819355011,0.30706503987312317,0.13058768212795258,0.023196585476398468,0.26177486777305603,1.0,0.19012437760829926,0.02315298095345497,-4645.18701171875,0.023196585476398468,-0.002061726525425911,0.09748506546020508,0.0,0.4529454708099365,0.0
5.238552093505859,58.0,1000.0,22.0,1.4285459518432617,0.00015975366113707423,40.0,1.0000306367874146,1.0000306367874146,1.0000306367874146,2.169161416532006e-05,0.0,1.0106385946273804,460000.0,-0.011205929331481457,-0.0004945313557982445,-3.337859988405967e-10,0.011829470284283161,-0.002994743175804615,0.3235185146331787,0.7380841970443726,0.06150078773498535,2.6082746982574463,2789.534423828125,23.054494857788086,97.79811096191406,120.85260772705078,165.4908447265625,0.8326545357704163,0.29904794692993164,0.15446141362190247,0.028846964240074158,0.25420331954956055,1.0,0.2555650472640991,0.02843901887536049,-6663.15478515625,0.028846964240074158,0.00816534087061882,0.16343557834625244,0.0,0.3498176038265228,0.0
5.227331161499023,43.36000061035156,1000.0,23.0,1.4174941778182983,0.00017466362623963505,40.0,0.9991520047187805,0.9991520047187805,0.9991520047187805,0.0005995811079628766,0.0,0.9997272491455078,480000.0,-0.007509215269237757,0.0036967140622437,3.0994415922691587e-09,0.014152363874018192,0.002322893589735031,0.37203076481819153,0.5116736888885498,-0.22641050815582275,3.87937068939209,2910.171142578125,22.907665252685547,97.69266510009766,120.60037994384766,165.8369598388672,0.8418208956718445,0.29579609632492065,0.14246580004692078,0.02822217345237732,0.27853789925575256,1.0,0.19136914610862732,0.027535002678632736,-3332.56396484375,0.02822217345237732,0.008337093517184258,0.10114961862564087,0.0,0.4446648955345154,0.0
4.792428970336914,43.119998931884766,1000.0,24.0,1.4126691818237305,0.00016372819663956761,40.0,1.0000615119934082,1.0000615119934082,1.0000615119934082,4.349554728833027e-05,0.0,0.9955711960792542,500000.0,-0.00878320261836052,-0.0012739873491227627,1.4591217123438582e-08,0.01292659156024456,-0.001225772313773632,0.3566361367702484,0.43983298540115356,-0.07184070348739624,3.7440383434295654,3032.06494140625,24.151384353637695,97.70858764648438,121.85997009277344,164.122802734375,0.9655818343162537,0.2977578938007355,0.1191701591014862,0.021451203152537346,0.2535296380519867,1.0,0.17438796162605286,0.021438375115394592,-3950.37548828125,0.021451203152537346,0.0010325611801818013,0.08311429619789124,0.0,0.49054303765296936,0.0
4.824293613433838,22.639999389648438,1000.0,25.0,1.404468059539795,0.00022342453303281218,40.0,0.9981627464294434,0.9981627464294434,0.9981627464294434,0.0012991625117138028,0.0,0.9874809384346008,520000.0,-0.01676558144390583,-0.007982378825545311,-1.7642974858844696e-09,0.013743788935244083,0.0008171973749995232,0.3823360800743103,0.32322031259536743,-0.11661267280578613,3.477957010269165,3155.038330078125,24.495067596435547,98.44473266601562,122.9397964477539,162.68124389648438,0.9220396280288696,0.24396912753582,0.13120467960834503,0.0235250573605299,0.26459723711013794,1.0,0.1412789672613144,0.023514876142144203,-106.23328399658203,0.0235250573605299,-0.0007305475883185863,0.052418164908885956,1.0845520496368408,0.0,3.0
4.447617053985596,22.739999771118164,1000.0,26.0,1.3986101150512695,0.0002210630482295528,40.0,1.0012403726577759,1.0012403726577759,1.0012403726577759,0.0008770478307269514,0.0,0.9814961552619934,540000.0,-0.016558801755309105,0.00020677968859672546,-3.671646098268866e-09,0.01297562662512064,-0.0007681623101234436,0.3855317234992981,0.2800751328468323,-0.043145179748535156,2.952054977416992,3277.123046875,23.58880043029785,98.45980072021484,122.04859924316406,163.869140625,0.8579599857330322,0.235580712556839,0.15664325654506683,0.02717038244009018,0.2745824456214905,1.0,0.1931215524673462,0.026874110102653503,-53.5057487487793,0.02717038244009018,0.005317077040672302,0.09542325139045715,1.165555477142334,0.0,3.0
5.061061382293701,23.479999542236328,1000.0,27.0,1.3870223760604858,0.00022002433252055198,40.0,1.0002851486206055,1.0002851486206055,1.0002851486206055,0.0002016867365455255,0.0,0.970207691192627,560000.0,-0.017152898013591766,-0.0005940962582826614,2.2888183792701966e-08,0.015180504880845547,0.002204878255724907,0.43185102939605713,0.33845749497413635,0.05838236212730408,3.710465908050537,3398.12548828125,23.522907257080078,97.44296264648438,120.96586608886719,165.3358917236328,0.8737882971763611,0.23960578441619873,0.15431763231754303,0.026194937527179718,0.27421489357948303,1.0,0.16959641873836517,0.0261924359947443,-34.769683837890625,0.026194937527179718,0.00040751794585958123,0.06641052663326263,1.1444419622421265,0.0,3.0
7.344489574432373,36.880001068115234,1000.0,28.0,1.385369896888733,0.00015434168744832277,40.0,1.0007797479629517,1.0007797479629517,1.0007797479629517,0.0005514493677765131,0.0,0.9686329364776611,580000.0,-0.0077192457392811775,0.009433652274310589,9.918212917625624e-09,0.01958085410296917,0.004400349222123623,0.5593946576118469,0.44888463616371155,0.1104271411895752,4.211437702178955,3520.28955078125,23.99665641784668,98.1336898803711,122.13034057617188,163.7594757080078,0.957095205783844,0.3035096526145935,0.13769619166851044,0.021833308041095734,0.260943204164505,1.0,0.2242562472820282,0.0208221897482872,-1325.2679443359375,0.021833308041095734,0.01037677563726902,0.10649339854717255,0.0,0.4333648085594177,0.0
9.656654357910156,43.119998931884766,1000.0,29.0,1.392250418663025,0.00014355836901813745,40.0,0.999470055103302,0.999470055103302,0.999470055103302,0.00037474167766049504,0.0,0.9749420285224915,600000.0,-0.005738494452089071,0.0019807512871921062,3.3378602104505717e-09,0.022997429594397545,0.0034165754914283752,0.6690494418144226,0.40402331948280334,-0.0448613166809082,4.588625907897949,3643.051513671875,25.123699188232422,97.60395812988281,122.7276611328125,162.9624481201172,0.9173776507377625,0.31463590264320374,0.1501803994178772,0.02376476489007473,0.26390066742897034,1.0,0.1647118180990219,0.022887282073497772,-4452.99853515625,0.02376476489007473,0.008043592795729637,0.07373297959566116,0.0,0.5208157300949097,0.0
10.656925201416016,43.560001373291016,1000.0,30.0,1.3864498138427734,0.00015809846809133887,40.0,1.0001014471054077,1.0001014471054077,1.0001014471054077,7.170585013227537e-05,0.0,0.96902996301651,620000.0,-0.006748281419277191,-0.0010097869671881199,1.0204315614714687e-08,0.020973553881049156,-0.0020238757133483887,0.7736690640449524,0.4795815050601959,0.07555818557739258,4.979043483734131,3766.9736328125,24.375770568847656,99.51080322265625,123.8865737915039,161.43798828125,0.8599101901054382,0.30444833636283875,0.15031705796718597,0.027047283947467804,0.27970629930496216,1.0,0.19472917914390564,0.026315823197364807,-3736.906982421875,0.027047283947467804,0.00821138545870781,0.09218098968267441,0.0,0.4657944440841675,0.0
10.665040016174316,44.2400016784668,1000.0,31.0,1.378782868385315,0.00015824496222194284,40.0,1.0003868341445923,1.0003868341445923,1.0003868341445923,0.0002735611633397639,0.0,0.9614084362983704,640000.0,-0.007528297603130341,-0.0007800161838531494,6.294250454175199e-09,0.0242275632917881,0.003254009410738945,0.8373267650604248,0.4524098038673401,-0.027171701192855835,4.513320446014404,3888.957763671875,23.280746459960938,98.66890716552734,121.94965362548828,164.00210571289062,0.833391010761261,0.2996981739997864,0.16820798814296722,0.0287960022687912,0.2762851417064667,1.0,0.21062356233596802,0.02844560705125332,-3918.713134765625,0.0287960022687912,0.005753220058977604,0.09446360170841217,0.0,0.46013230085372925,0.0
9.522621154785156,44.540000915527344,1000.0,32.0,1.3785558938980103,0.00017448814469389617,40.0,1.000971794128418,1.000971794128418,1.000971794128418,0.0006872183876112103,0.0,0.9611091613769531,660000.0,-0.008627952076494694,-0.0010996544733643532,-9.250641141989036e-09,0.024181950837373734,-4.5612454414367676e-05,0.7272258996963501,0.3901428282260895,-0.06226697564125061,3.8804750442504883,4010.77490234375,22.087684631347656,99.69708251953125,121.7847671508789,164.22415161132812,0.850438117980957,0.2928905487060547,0.1728837639093399,0.02765313722193241,0.26403993368148804,1.0,0.2056335210800171,0.027157599106431007,-3896.22216796875,0.02765313722193241,0.006968515459448099,0.0979948416352272,0.0,0.45176583528518677,0.0
8.7348051071167,38.65999984741211,1000.0,33.0,1.3750871419906616,0.00016027272795327008,40.0,1.0006160736083984,1.0006160736083984,1.0006160736083984,0.00043557363096624613,0.0,0.9578313231468201,680000.0,-0.008316813968122005,0.0003111381083726883,-1.2159347306806012e-08,0.02241559326648712,-0.001766357570886612,0.76405930519104,0.35463500022888184,-0.03550782799720764,3.7445101737976074,4132.30908203125,21.945528030395508,99.55525207519531,121.50077819824219,164.60800170898438,0.8084156513214111,0.30329036712646484,0.1631563901901245,0.030602751299738884,0.2830790579319,1.0,0.14914371073246002,0.03060178831219673,-2995.5078125,0.030602751299738884,-0.0002448534360155463,0.062291380017995834,0.0,0.5666318535804749,0.0
7.715507984161377,29.200000762939453,1000.0,34.0,1.363301157951355,0.00015373999485746026,40.0,1.0003423690795898,1.0003423690795898,1.0003423690795898,0.0002420353121124208,0.0,0.9467384815216064,700000.0,-0.011234767735004425,-0.0029179537668824196,7.867813067718998e-09,0.021861262619495392,-0.0005543306469917297,0.743620753288269,0.4210010766983032,0.06636607646942139,3.2942211627960205,4252.25048828125,21.926267623901367,97.98030090332031,119.90757751464844,166.79513549804688,0.8266308307647705,0.3127519190311432,0.17639556527137756,0.029268916696310043,0.28094202280044556,1.0,0.21227772533893585,0.02925942838191986,-148.50961303710938,0.029268916696310043,-0.0010615945793688297,0.1187642365694046,0.0,0.4103667438030243,0.0
7.516616344451904,25.760000228881836,1000.0,35.0,1.3577409982681274,0.00015228253323584795,40.0,1.0005035400390625,1.0005035400390625,1.0005035400390625,0.0003560003824532032,0.0,0.9412640929222107,720000.0,-0.0073888180777430534,0.0038459496572613716,-4.1961669694501325e-09,0.022318892180919647,0.00045762956142425537,0.7120965123176575,0.3090772032737732,-0.11192387342453003,3.2499020099639893,4372.71240234375,21.47706413269043,98.95276641845703,120.4298324584961,166.07180786132812,0.8618863224983215,0.3122752606868744,0.18224146962165833,0.026923395693302155,0.27233192324638367,1.0,0.14124980568885803,0.02686109021306038,-14.032492637634277,0.026923395693302155,-0.0016003004275262356,0.04110303893685341,0.0,0.6975541710853577,0.0
7.021136283874512,21.719999313354492,1000.0,36.0,1.347322940826416,0.00021158599702175707,40.0,1.0001293420791626,1.0001293420791626,1.0001293420791626,9.15430355235003e-05,0.0,0.9312763214111328,740000.0,-0.016188597306609154,-0.0087997792288661,7.2479249269008506e-09,0.02070343866944313,-0.0016154535114765167,0.6345630884170532,0.2850763499736786,-0.024000853300094604,3.3085663318634033,4494.75341796875,21.65624237060547,100.35283660888672,122.00907897949219,163.92222595214844,0.8899691700935364,0.2494451403617859,0.1539509892463684,0.025251073762774467,0.28028517961502075,1.0,0.1407793164253235,0.02508254535496235,-249.1878204345703,0.025251073762774467,0.002697301795706153,0.04317039996385574,1.1236344575881958,0.0,3.0
7.760830879211426,31.6200008392334,1000.0,37.0,1.3478831052780151,0.00014902467955835164,40.0,1.0008207559585571,1.0008207559585571,1.0008207559585571,0.0005803901585750282,0.0,0.9317693710327148,760000.0,-0.009698286652565002,0.006490310654044151,8.058547606992761e-09,0.02583097666501999,0.0051275379955768585,0.7380988001823425,0.41144052147865295,0.12636417150497437,3.205371379852295,4616.76171875,21.624576568603516,100.35184478759766,121.9764175415039,163.9661102294922,0.9221611618995667,0.3076697289943695,0.15178783237934113,0.02351885288953781,0.26544538140296936,1.0,0.2234325110912323,0.02342282421886921,-404.8359680175781,0.02351885288953781,0.0032240955624729395,0.10824690759181976,0.0,0.4298403859138489,0.0
7.904972076416016,33.900001525878906,1000.0,38.0,1.353145718574524,0.0001637836394365877,40.0,1.000111699104309,1.000111699104309,1.000111699104309,7.90113044786267e-05,0.0,0.9366921782493591,780000.0,-0.006742593366652727,0.0029556932859122753,-3.433227480087453e-09,0.023913396522402763,-0.0019175801426172256,0.7027156352996826,0.3422551155090332,-0.06918540596961975,2.86173152923584,4737.43798828125,21.67767333984375,98.96612548828125,120.643798828125,165.7772674560547,0.7964872121810913,0.29470154643058777,0.1841961145401001,0.031526245176792145,0.2926083207130432,1.0,0.20211461186408997,0.0307490061968565,-885.4121704101562,0.031526245176792145,0.008338531479239464,0.08945916593074799,0.0,0.47282731533050537,0.0
8.407602310180664,32.08000183105469,1000.0,39.0,1.3568416833877563,0.0001517199561931193,40.0,1.00043523311615,1.00043523311615,1.00043523311615,0.00030767201678827405,0.0,0.9399797320365906,800000.0,-0.00668020686134696,6.238650530576706e-05,1.3685226285531371e-08,0.024188963696360588,0.0002755671739578247,0.7657003402709961,0.33147257566452026,-0.01078253984451294,3.612506151199341,4858.9658203125,21.860689163208008,99.63468933105469,121.4953842163086,164.6153106689453,0.8537511229515076,0.31162402033805847,0.16827437281608582,0.027438934892416,0.2918965518474579,1.0,0.1534309834241867,0.02735385112464428,-915.9453735351562,0.027438934892416,0.0021578234154731035,0.05472522974014282,0.0,0.6045345664024353,0.0
7.7026686668396,32.86000061035156,1000.0,40.0,1.365591049194336,0.00015121475735213608,40.0,1.0002994537353516,1.0002994537353516,1.0002994537353516,0.0002118019765475765,0.0,0.9481802582740784,820000.0,-0.00769096240401268,-0.00101075554266572,1.0490417423625331e-09,0.023026879876852036,-0.0011620838195085526,0.7740257382392883,0.45298245549201965,0.12150987982749939,3.716078042984009,4980.61962890625,22.330076217651367,99.28998565673828,121.62005615234375,164.44656372070312,0.861535370349884,0.30435898900032043,0.15978311002254486,0.026945333927869797,0.29291293025016785,1.0,0.21859411895275116,0.026146210730075836,-609.7659301757812,0.026945333927869797,0.008997895754873753,0.10131359100341797,0.0,0.4443049132823944,0.0
7.6065673828125,32.97999954223633,1000.0,41.0,1.3775396347045898,0.0001322793832514435,40.0,1.0005451440811157,1.0005451440811157,1.0005451440811157,0.00038544696872122586,0.0,0.9596452713012695,840000.0,-0.006557065527886152,0.0011338968761265278,-6.675719976811934e-10,0.02276371233165264,-0.0002631675451993942,0.8296279311180115,0.47705838084220886,0.02407592535018921,3.756253957748413,5103.8916015625,24.105493545532227,99.13231658935547,123.2378158569336,162.28785705566406,0.8137487173080444,0.32893121242523193,0.16669176518917084,0.030202940106391907,0.30179107189178467,1.0,0.17119555175304413,0.029519783332943916,-830.7374267578125,0.030202940106391907,0.00723645556718111,0.07665340602397919,0.0,0.5107980370521545,0.0
6.8558573722839355,33.540000915527344,1000.0,42.0,1.3780711889266968,0.00014642463065683842,40.0,1.0007290840148926,1.0007290840148926,1.0007290840148926,0.0005155402468517423,0.0,0.9602317214012146,860000.0,-0.00830691959708929,-0.0017498540692031384,4.4345855876315454e-09,0.023389140143990517,0.0006254278123378754,0.6821008920669556,0.35338345170021057,-0.12367492914199829,3.2893335819244385,5227.35302734375,25.305213928222656,98.12279510498047,123.42800903320312,162.0377655029297,0.9148686528205872,0.3138243854045868,0.13214880228042603,0.02389528974890709,0.28573304414749146,1.0,0.16465502977371216,0.023879582062363625,-1163.1148681640625,0.02389528974890709,-0.0009924478363245726,0.06270262598991394,0.0,0.5647706389427185,0.0
6.9003472328186035,28.739999771118164,1000.0,43.0,1.3657974004745483,0.00015771464677527547,40.0,1.0009905099868774,1.0009905099868774,1.0009905099868774,0.0007003682549111545,0.0,0.9484310150146484,880000.0,-0.007907834835350513,0.00039908476173877716,-1.4972686201986107e-08,0.020107800140976906,-0.003281340003013611,0.6770341396331787,0.2760567367076874,-0.0773267149925232,2.710123300552368,5351.4248046875,24.472457885742188,99.56666564941406,124.03912353515625,161.2394561767578,0.8470160365104675,0.3061490058898926,0.17352794110774994,0.02787703648209572,0.2840394377708435,1.0,0.17340132594108582,0.027845559641718864,-199.72293090820312,0.02787703648209572,0.0014846553094685078,0.07002799212932587,0.0,0.534415602684021,0.0
6.782717227935791,25.34000015258789,1000.0,44.0,1.3643507957458496,0.0001555757044116035,40.0,1.000444769859314,1.000444769859314,1.000444769859314,0.00031447169021703303,0.0,0.9470622539520264,900000.0,-0.008702690713107586,-0.0007948558777570724,-2.1409988448795048e-08,0.01979582943022251,-0.00031197071075439453,0.8481223583221436,0.36302509903907776,0.08696836233139038,3.7495968341827393,5474.00048828125,22.9942684173584,99.54854583740234,122.54281616210938,163.20826721191406,0.8597163558006287,0.30746278166770935,0.17303836345672607,0.027059480547904968,0.27933982014656067,1.0,0.17357847094535828,0.026919754222035408,-1.4484968185424805,0.027059480547904968,0.0033165228087455034,0.07872001826763153,0.0,0.5040485858917236,0.0
6.650392532348633,20.040000915527344,1000.0,45.0,1.3597707748413086,0.0002051394258160144,40.0,1.0007928609848022,1.0007928609848022,1.0007928609848022,0.0005605531041510403,0.0,0.9427223801612854,920000.0,-0.017659079283475876,-0.00895638857036829,-3.4093856626782326e-09,0.01871672086417675,-0.001079108566045761,0.7647943496704102,0.29417991638183594,-0.06884518265724182,2.527817964553833,5597.95166015625,21.590721130371094,102.32801055908203,123.91873168945312,161.39610290527344,0.8705576062202454,0.24751536548137665,0.1546541005373001,0.026389721781015396,0.2843182682991028,1.0,0.15702663362026215,0.026232600212097168,-426.9908752441406,0.026389721781015396,-0.0030087092891335487,0.057613492012023926,1.1486890316009521,0.0,3.0
7.303664684295654,19.200000762939453,1000.0,46.0,1.3476637601852417,0.0002191209205193445,40.0,0.9999446272850037,0.9999446272850037,0.9999446272850037,3.9168477087514475e-05,0.0,0.9313309788703918,940000.0,-0.017123587429523468,0.0005354918539524078,-4.768371808516747e-10,0.019867368042469025,0.0011506471782922745,0.855154275894165,0.31168243288993835,0.017502516508102417,3.303457021713257,5720.095703125,21.57901954650879,100.53225708007812,122.11128234863281,163.7850341796875,0.8164543509483337,0.22915777564048767,0.19161351025104523,0.03000309318304062,0.2806742787361145,1.0,0.16387788951396942,0.029550602659583092,-518.92431640625,0.03000309318304062,0.005415924824774265,0.06482388079166412,1.2248082160949707,0.0,3.0
8.484750747680664,18.8799991607666,1000.0,47.0,1.3300820589065552,0.00020649880752898753,40.0,0.9992048144340515,0.9992048144340515,0.9992048144340515,0.0005623232573270798,0.0,0.9151906967163086,960000.0,-0.01625441014766693,0.0008691772818565369,1.1348724626714102e-08,0.02272370085120201,0.0028563328087329865,0.9005938768386841,0.32157760858535767,0.009895175695419312,3.2394959926605225,5843.17529296875,21.496986389160156,101.54911804199219,123.04610443115234,162.5406951904297,0.8944035172462463,0.25050753355026245,0.15596641600131989,0.025001313537359238,0.28008341789245605,1.0,0.16275763511657715,0.024931516498327255,-728.2446899414062,0.025001313537359238,0.0018946435302495956,0.05142965540289879,1.1180635690689087,0.0,3.0
10.394195556640625,29.139999389648438,1000.0,48.0,1.3132156133651733,0.00016228367167059332,40.0,0.9989997744560242,0.9989997744560242,0.9989997744560242,0.0007072521839290857,0.0,0.9000186324119568,980000.0,-0.011287307366728783,0.0049671027809381485,1.5354157056890472e-08,0.024324296042323112,0.0016005951911211014,0.8398091793060303,0.4521739184856415,0.1305963099002838,2.7013142108917236,5966.27685546875,21.711471557617188,101.3575439453125,123.06901550292969,162.51043701171875,0.85092693567276,0.3062509298324585,0.16676203906536102,0.027621373534202576,0.2999691665172577,1.0,0.24213361740112305,0.027592560276389122,-135.3369140625,0.027621373534202576,0.0019100755453109741,0.1266251802444458,0.0,0.3974247872829437,0.0
11.874093055725098,43.900001525878906,1000.0,49.0,1.3028771877288818,0.00015202986833173782,40.0,0.9993926882743835,0.9993926882743835,0.9993926882743835,0.00042942017898894846,0.0,0.8908825516700745,1000000.0,-0.01164075918495655,-0.00035345181822776794,1.6593933338526767e-08,0.028158623725175858,0.003834327682852745,0.9948813319206238,0.5399777889251709,0.08780387043952942,3.0706284046173096,6088.66259765625,21.41386604309082,100.93878936767578,122.35265350341797,163.4619140625,0.8167837858200073,0.3150199055671692,0.19019804894924164,0.02997889742255211,0.3012829124927521,1.0,0.2547810673713684,0.029967457056045532,-2635.2578125,0.02997889742255211,0.0012452364899218082,0.13554927706718445,0.0,0.38411951065063477,0.0
11.746115684509277,47.540000915527344,1000.0,50.0,1.2986592054367065,0.0001537747448310256,40.0,0.9995716214179993,0.9995716214179993,0.9995716214179993,0.0003029234358109534,0.0,0.88727205991745,1020000.0,-0.010408916510641575,0.0012318426743149757,-1.8119812317252126e-09,0.026299195364117622,-0.0018594283610582352,0.9065231680870056,0.4210389256477356,-0.1189388632774353,3.052382469177246,6209.9755859375,21.47867774963379,99.8015365600586,121.28021240234375,164.90736389160156,0.9311089515686035,0.31528085470199585,0.12871044874191284,0.023069001734256744,0.2949226498603821,1.0,0.1938381940126419,0.02306681126356125,-5437.544921875,0.023069001734256744,-0.00045243394561111927,0.09343366324901581,0.0,0.46266141533851624,0.0
12.27585220336914,43.400001525878906,1000.0,51.0,1.297690510749817,0.00014435411139857024,40.0,1.00043523311615,1.00043523311615,1.00043523311615,0.0003077843866776675,0.0,0.8862261772155762,1040000.0,-0.01290298905223608,-0.0024940725415945053,-1.6593933338526767e-08,0.030932769179344177,0.004633573815226555,1.1236493587493896,0.5533500909805298,0.1323111653327942,3.2847859859466553,6331.35546875,21.482227325439453,99.86442565917969,121.34664916992188,164.81707763671875,0.9027758240699768,0.3187214732170105,0.17763526737689972,0.02453973889350891,0.2837396562099457,1.0,0.22902588546276093,0.02443259209394455,-2525.5205078125,0.02453973889350891,-0.0037899138405919075,0.13405448198318481,0.0,0.386255145072937,0.0
11.535259246826172,31.639999389648438,1000.0,52.0,1.290077567100525,0.00014323170762509108,40.0,1.0010652542114258,1.0010652542114258,1.0010652542114258,0.0007533046300522983,0.0,0.8795725703239441,1060000.0,-0.006779049057513475,0.006123939994722605,4.1961669694501325e-09,0.028435101732611656,-0.002497667446732521,0.865532636642456,0.2882925271987915,-0.2650575637817383,2.982372522354126,6453.63720703125,21.478071212768555,100.77043914794922,122.2485122680664,163.60118103027344,0.9348410367965698,0.32220321893692017,0.1727980673313141,0.02288517728447914,0.2733488082885742,1.0,0.1349903643131256,0.02287450060248375,-976.2613525390625,0.02288517728447914,0.0006944017950445414,0.04516073316335678,0.0,0.6654791831970215,0.0
12.138937950134277,32.7400016784668,1000.0,53.0,1.2825770378112793,0.00014757958706468344,40.0,1.0017719268798828,1.0017719268798828,1.0017719268798828,0.0012529415544122458,0.0,0.8731019496917725,1080000.0,-0.010095170699059963,-0.003316121641546488,9.53674295089968e-09,0.031163999810814857,0.0027288980782032013,1.1186556816101074,0.4223133623600006,0.1340208351612091,3.296067237854004,6575.650390625,21.883041381835938,100.09701538085938,121.98005676269531,163.9612274169922,0.9356779456138611,0.3187735974788666,0.15566307306289673,0.022844256833195686,0.2804129719734192,1.0,0.21143069863319397,0.02282366342842579,-631.5012817382812,0.022844256833195686,0.0013976809568703175,0.09486239403486252,0.0,0.4591641128063202,0.0
11.033339500427246,30.079999923706055,1000.0,54.0,1.2803277969360352,0.00013599591329693794,40.0,1.0002840757369995,1.0002840757369995,1.0002840757369995,0.00020084378775209188,0.0,0.8712553381919861,1100000.0,-0.007012456189841032,0.003082714509218931,-4.0531160649948106e-09,0.02430739440023899,-0.006856605410575867,0.8363690376281738,0.37548109889030457,-0.046832263469696045,2.8363003730773926,6698.2861328125,22.962034225463867,99.64126586914062,122.6032943725586,163.12774658203125,0.8885840773582458,0.32728463411331177,0.18347600102424622,0.02532985806465149,0.29497501254081726,1.0,0.1719042956829071,0.02501710318028927,-369.83892822265625,0.02532985806465149,0.004671412520110607,0.06977362185716629,0.0,0.5353888869285583,0.0
10.13329029083252,36.02000045776367,1000.0,55.0,1.2769049406051636,0.00016163791588041931,40.0,0.9996461868286133,0.9996461868286133,0.9996461868286133,0.0002502118004485965,0.0,0.8681567311286926,1120000.0,-0.014796972274780273,-0.007784516084939241,-1.6975402417074292e-08,0.026891717687249184,0.002584323287010193,0.9415889382362366,0.418375164270401,0.042894065380096436,2.9893505573272705,6821.47998046875,22.633371353149414,100.5283432006836,123.16171264648438,162.3881378173828,0.8115900754928589,0.29685652256011963,0.21390213072299957,0.030363818630576134,0.30159005522727966,1.0,0.3157227635383606,0.0301998108625412,-636.5682983398438,0.030363818630576134,-0.005593511741608381,0.1907675564289093,0.0,0.32378944754600525,0.0
9.440340042114258,35.58000183105469,1000.0,56.0,1.2749470472335815,0.00013508160191122442,40.0,1.0000743865966797,1.0000743865966797,1.0000743865966797,5.265552317723632e-05,0.0,0.8662965893745422,1140000.0,-0.01047059427946806,0.004326377995312214,1.1682510070443186e-08,0.030928529798984528,0.004036812111735344,0.9133184552192688,0.35751157999038696,-0.06086358428001404,3.2310526371002197,6944.072265625,23.05644989013672,99.50191497802734,122.55836486816406,163.18756103515625,0.8964539766311646,0.321112722158432,0.152403324842453,0.024887073785066605,0.30486878752708435,1.0,0.2160641998052597,0.024885790422558784,-1081.5689697265625,0.024887073785066605,-0.00036433711647987366,0.10349257290363312,0.0,0.43960273265838623,0.0
8.198169708251953,39.13999938964844,1000.0,57.0,1.2725008726119995,0.00014610961079597473,40.0,1.0001822710037231,1.0001822710037231,1.0001822710037231,0.00012891317601315677,0.0,0.8641657829284668,1160000.0,-0.00982484221458435,0.000645752064883709,1.19209286886246e-09,0.02586548961699009,-0.005063040181994438,0.7280635237693787,0.45784705877304077,0.10033547878265381,2.660006523132324,7065.73974609375,23.70006561279297,97.93522644042969,121.63529205322266,164.42596435546875,0.9454519152641296,0.315142959356308,0.1306787133216858,0.02237437292933464,0.29787755012512207,1.0,0.23495431244373322,0.022242674604058266,-1635.9666748046875,0.02237437292933464,0.0040118880569934845,0.1222134381532669,0.0,0.4045344293117523,0.0
8.642389297485352,32.91999816894531,1000.0,58.0,1.277657151222229,0.0001389646640745923,40.0,1.0002985000610352,1.0002985000610352,1.0002985000610352,0.00021112762624397874,0.0,0.8687016367912292,1180000.0,-0.006779603660106659,0.0030452385544776917,-8.964538444899972e-09,0.029711617156863213,0.003846127539873123,0.8815419673919678,0.30484259128570557,-0.1530044674873352,3.1205039024353027,7187.6669921875,24.149322509765625,97.74418640136719,121.89350891113281,164.07765197753906,0.8572072386741638,0.32082653045654297,0.1645887792110443,0.02721812203526497,0.31272152066230774,1.0,0.15516847372055054,0.027150548994541168,-1181.6392822265625,0.02721812203526497,0.001893938984721899,0.05308328568935394,0.0,0.6138129830360413,0.0
8.636515617370605,41.779998779296875,1000.0,59.0,1.2868479490280151,0.0001607976300874725,40.0,1.0001484155654907,1.0001484155654907,1.0001484155654907,0.0001050300124916248,0.0,0.8765711188316345,1200000.0,-0.008327137678861618,-0.001547534018754959,1.4305114870438729e-09,0.03349572420120239,0.00378410704433918,1.043789029121399,0.4195864796638489,0.11474388837814331,3.2023112773895264,7310.67236328125,25.224674224853516,97.74824523925781,122.9729232788086,162.63743591308594,0.86346036195755,0.29804378747940063,0.18527328968048096,0.026825327426195145,0.2956177592277527,1.0,0.2902221083641052,0.02562335506081581,-2158.408203125,0.026825327426195145,0.012521907687187195,0.13045063614845276,0.0,0.39155417680740356,0.0
10.182328224182129,35.84000015258789,1000.0,60.0,1.2867668867111206,0.0001450393901905045,40.0,0.999194324016571,0.999194324016571,0.999194324016571,0.0005696848966181278,0.0,0.8764700889587402,1220000.0,-0.008880550041794777,-0.0005534123629331589,-2.2888184680880386e-09,0.03221827745437622,-0.0012774467468261719,1.1103054285049438,0.44871029257774353,0.029123812913894653,3.417653799057007,7435.09521484375,24.69302749633789,99.6963119506836,124.38934326171875,160.7854766845703,0.957446277141571,0.3197297751903534,0.15200987458229065,0.021817300468683243,0.2887275516986847,1.0,0.23935279250144958,0.021383225917816162,-1065.21435546875,0.021817300468683243,0.006919723469763994,0.11030961573123932,0.0,0.4258025884628296,0.0
10.014084815979004,35.880001068115234,1000.0,61.0,1.2834275960922241,0.0001428098330507055,40.0,0.9999777674674988,0.9999777674674988,0.9999777674674988,1.5734836779301986e-05,0.0,0.8734950423240662,1240000.0,-0.008178343065083027,0.00070220697671175,-1.4495849853801701e-08,0.027478734031319618,-0.0047395434230566025,1.0234620571136475,0.3353813886642456,-0.11332890391349792,3.24928617477417,7559.2255859375,24.015764236450195,100.0810317993164,124.0968017578125,161.1645050048828,0.9292649626731873,0.31875118613243103,0.13195841014385223,0.023160647600889206,0.2970351278781891,1.0,0.1917211264371872,0.023158211261034012,-1723.5692138671875,0.023160647600889206,0.0004090543370693922,0.06867901235818863,0.0,0.5396385192871094,0.0
8.3770112991333,21.0,1000.0,62.0,1.2792869806289673,0.00019685608276631683,40.0,0.9990549087524414,0.9990549087524414,0.9990549087524414,0.0006682522944174707,0.0,0.8700067400932312,1260000.0,-0.015712937340140343,-0.007534594275057316,-5.531310964812519e-09,0.023866334930062294,-0.0036123991012573242,0.7484824061393738,0.23482272028923035,-0.10055866837501526,2.4673709869384766,7683.49609375,23.110767364501953,101.12677764892578,124.237548828125,160.98193359375,0.8847181797027588,0.25675469636917114,0.19600050151348114,0.025551706552505493,0.2902107238769531,1.0,0.14669860899448395,0.024922862648963928,-342.52703857421875,0.025551706552505493,0.0054196519777178764,0.04670890420675278,1.1303033828735352,0.0,3.0
8.118881225585938,18.079999923706055,1000.0,63.0,1.2714110612869263,0.00019705135491676629,40.0,0.9999387264251709,0.9999387264251709,0.9999387264251709,4.3326959712430835e-05,0.0,0.8630869388580322,1280000.0,-0.019286058843135834,-0.003573121502995491,7.343292196537732e-09,0.0307961143553257,0.006929779425263405,0.8961377739906311,0.30105581879615784,0.06623309850692749,2.765894889831543,7806.89404296875,22.036678314208984,101.32774353027344,123.36441802978516,162.1212921142578,0.7928652167320251,0.25945401191711426,0.18589316308498383,0.03181493654847145,0.3272359073162079,1.0,0.2581404447555542,0.03171825408935547,-327.6401672363281,0.03181493654847145,-0.0037589960265904665,0.14614653587341309,1.2612484693527222,0.0,3.0
9.241181373596191,18.260000228881836,1000.0,64.0,1.2535617351531982,0.0001800882164388895,40.0,0.9999930262565613,0.9999930262565613,0.9999930262565613,4.97368546348298e-06,0.0,0.8477807641029358,1300000.0,-0.014043297618627548,0.0052427612245082855,4.911422823994371e-09,0.03044443577528,-0.0003516785800457001,1.0588072538375854,0.24552224576473236,-0.055533573031425476,3.0690112113952637,7927.7490234375,21.84571647644043,98.97303771972656,120.81975555419922,165.5358428955078,0.9412890672683716,0.28009745478630066,0.15132014453411102,0.02257271483540535,0.2975679039955139,1.0,0.1439308226108551,0.021758172661066055,-1057.2197265625,0.02257271483540535,0.0059160212986171246,0.04296810179948807,1.0623729228973389,0.0,3.0
11.103058815002441,26.420000076293945,1000.0,65.0,1.2491682767868042,0.00013579452934209257,40.0,1.0004507303237915,1.0004507303237915,1.0004507303237915,0.00031874259002506733,0.0,0.8439567685127258,1320000.0,-0.0066783735528588295,0.007364924065768719,3.1709670444968197e-09,0.03202354162931442,0.0015791058540344238,0.9475652575492859,0.30876609683036804,0.06324385106563568,2.5616769790649414,8050.3388671875,21.784027099609375,100.77437591552734,122.55840301513672,163.1875,0.8698996305465698,0.32792672514915466,0.16318655014038086,0.026429656893014908,0.3167729675769806,1.0,0.1801157295703888,0.026155313476920128,-30.84068489074707,0.026429656893014908,0.004233824089169502,0.06533879041671753,0.0,0.5532601475715637,0.0
12.853403091430664,27.68000030517578,1000.0,66.0,1.2472753524780273,0.00013954093446955085,40.0,0.9997897744178772,0.9997897744178772,0.9997897744178772,0.00014863788965158165,0.0,0.8423998951911926,1340000.0,-0.006175017450004816,0.0005033561028540134,-1.3351439953623867e-09,0.0327509380877018,0.0007273964583873749,1.2586947679519653,0.32423773407936096,0.01547163724899292,3.293412446975708,8172.095703125,21.912647247314453,99.81076049804688,121.72340393066406,164.3069305419922,0.8389973640441895,0.325640469789505,0.18838384747505188,0.02841244637966156,0.30598708987236023,1.0,0.16928842663764954,0.0281306654214859,-105.8693618774414,0.02841244637966156,0.004371837247163057,0.06782929599285126,0.0,0.5430080890655518,0.0
12.765859603881836,38.18000030517578,1000.0,67.0,1.244901180267334,0.000139916010084562,40.0,1.0004431009292603,1.0004431009292603,1.0004431009292603,0.00031329155899584293,0.0,0.8405463099479675,1360000.0,-0.010319368913769722,-0.004144351463764906,-4.100799699813251e-09,0.03232163190841675,-0.00042930617928504944,1.14397394657135,0.40859994292259216,0.0843622088432312,2.9714105129241943,8294.712890625,21.897371292114258,100.68546295166016,122.58283233642578,163.1549835205078,0.8905869126319885,0.3239550292491913,0.18330666422843933,0.025216057896614075,0.2939527630805969,1.0,0.22304417192935944,0.025216015055775642,-1782.0458984375,0.025216057896614075,-6.454635877162218e-05,0.09747809171676636,0.0,0.45296168327331543,0.0
12.727543830871582,31.399999618530273,1000.0,68.0,1.237099051475525,0.00014131143689155579,40.0,1.0000337362289429,1.0000337362289429,1.0000337362289429,2.377112105023116e-05,0.0,0.8342054486274719,1380000.0,-0.006431919522583485,0.0038874493911862373,2.956390465769232e-09,0.03492868319153786,0.002607051283121109,1.0367166996002197,0.22315415740013123,-0.18544578552246094,2.6236565113067627,8416.3037109375,22.108556747436523,99.44843292236328,121.55699157714844,164.53187561035156,0.9248064756393433,0.32368019223213196,0.17083700001239777,0.023384500294923782,0.29355108737945557,1.0,0.1423707753419876,0.023365870118141174,-792.1533813476562,0.023384500294923782,0.0009814726654440165,0.05170583352446556,0.0,0.621935248374939,0.0
11.823381423950195,25.81999969482422,1000.0,69.0,1.2313281297683716,0.00013198357191868126,40.0,1.0004340410232544,1.0004340410232544,1.0004340410232544,0.0003069414524361491,0.0,0.8294153809547424,1400000.0,-0.006157819647341967,0.000274099875241518,3.528594971768939e-09,0.033831845968961716,-0.0010968372225761414,1.009766697883606,0.24916134774684906,0.026007190346717834,2.442155361175537,8537.38671875,22.138469696044922,98.91294860839844,121.05142211914062,165.2190399169922,0.9790599942207336,0.33194687962532043,0.15229427814483643,0.02086465433239937,0.29033806920051575,1.0,0.13456673920154572,0.02073953114449978,-15.174578666687012,0.02086465433239937,0.0023530814796686172,0.044252581894397736,0.0,0.6722729206085205,0.0
13.467939376831055,17.639999389648438,1000.0,70.0,1.2151015996932983,0.00020193603995721787,40.0,0.9999162554740906,0.9999162554740906,0.9999162554740906,5.925849836785346e-05,0.0,0.8162043690681458,1420000.0,-0.016959886997938156,-0.01080206735059619,-4.148483334631692e-09,0.03757615014910698,0.0037443041801452637,1.4465097188949585,0.2537905275821686,0.004629179835319519,2.9956157207489014,8659.5244140625,21.851343154907227,100.25286865234375,122.10420989990234,163.7945098876953,0.7912063002586365,0.25337156653404236,0.21433188021183014,0.03194849193096161,0.320234477519989,1.0,0.15890605747699738,0.030777983367443085,-1135.8067626953125,0.03194849193096161,0.007471523247659206,0.04769177734851837,1.2638928890228271,0.0,3.0
12.590705871582031,26.65999984741211,1000.0,71.0,1.2020972967147827,0.00013991864398121834,40.0,1.0000101327896118,1.0000101327896118,1.0000101327896118,7.250238013511989e-06,0.0,0.805656909942627,1440000.0,-0.00792441051453352,0.009035476483404636,-4.637241257654523e-09,0.03680148720741272,-0.0007746629416942596,1.0002191066741943,0.3668021261692047,0.11301159858703613,1.9321880340576172,8781.7880859375,21.78428840637207,100.4457015991211,122.22998809814453,163.62596130371094,0.9095655083656311,0.3219474256038666,0.15220637619495392,0.02417474240064621,0.30695924162864685,1.0,0.19954627752304077,0.023930799216032028,-32.5731201171875,0.02417474240064621,0.004541395232081413,0.08454542607069016,0.0,0.48637351393699646,0.0
13.034908294677734,24.459999084472656,1000.0,72.0,1.191144585609436,0.00018284613906871527,40.0,0.9996177554130554,0.9996177554130554,0.9996177554130554,0.0002702736819628626,0.0,0.7967932820320129,1460000.0,-0.015460842289030552,-0.007536431774497032,5.769729582993932e-09,0.03932962939143181,0.0025281421840190887,1.130293607711792,0.25908660888671875,-0.10771551728248596,2.241349458694458,8903.4443359375,21.556476593017578,100.065673828125,121.62214660644531,164.4437255859375,0.9099711775779724,0.27688875794410706,0.14635033905506134,0.024153191596269608,0.3042830228805542,1.0,0.1651984304189682,0.02410230040550232,-5.55516242980957,0.024153191596269608,0.0016314960084855556,0.052303578704595566,1.0989359617233276,0.0,3.0
10.984328269958496,27.860000610351562,1000.0,73.0,1.1869468688964844,0.00012919776781927794,40.0,0.9996625781059265,0.9996625781059265,0.9996625781059265,0.00023863546084612608,0.0,0.7935649752616882,1480000.0,-0.009546425193548203,0.005914417095482349,-2.3841859042583735e-10,0.033225663006305695,-0.006103966385126114,1.0795725584030151,0.33794841170310974,0.07886180281639099,2.015920400619507,9025.85546875,21.73348617553711,100.6441650390625,122.37764739990234,163.4285430908203,0.9236610531806946,0.33404627442359924,0.17662981152534485,0.023442532867193222,0.2965611219406128,1.0,0.19520272314548492,0.023442503064870834,-84.25476837158203,0.023442532867193222,-5.384109681472182e-05,0.0970587432384491,0.0,0.45393913984298706,0.0
12.996381759643555,30.219999313354492,1000.0,74.0,1.1786456108093262,0.00015336052456405014,40.0,1.0010229349136353,1.0010229349136353,1.0010229349136353,0.0007232961361296475,0.0,0.7870095372200012,1500000.0,-0.01221527811139822,-0.0026688529178500175,6.38961772381208e-09,0.035735368728637695,0.0025097057223320007,1.451690435409546,0.40057674050331116,0.06262832880020142,2.9489729404449463,9148.2255859375,23.466991424560547,98.8701400756836,122.33712768554688,163.482666015625,0.9834749102592468,0.30795133113861084,0.12942032516002655,0.02067774534225464,0.30048879981040955,1.0,0.2677077353000641,0.02016901597380638,-189.42518615722656,0.02067774534225464,-0.008554058149456978,0.14383256435394287,0.0,0.372894823551178,0.0
13.742684364318848,32.0,1000.0,75.0,1.177511215209961,0.0001355623098788783,40.0,0.9988548159599304,0.9988548159599304,0.9988548159599304,0.0008097533718682826,0.0,0.7861478924751282,1520000.0,-0.00945662334561348,0.0027586547657847404,-1.5258788677030566e-09,0.035362064838409424,-0.0003733038902282715,1.4047274589538574,0.3848126530647278,-0.015764087438583374,3.0528266429901123,9269.7900390625,23.57575798034668,97.95500946044922,121.53076934814453,164.5673828125,0.8773719072341919,0.3247925043106079,0.20032812654972076,0.025981388986110687,0.29920220375061035,1.0,0.21449847519397736,0.025793729349970818,-437.7034912109375,0.025981388986110687,0.004583350382745266,0.11194281280040741,0.0,0.42268502712249756,0.0
16.911781311035156,39.58000183105469,1000.0,76.0,1.175537109375,0.00014485022984445095,40.0,0.9996125102043152,0.9996125102043152,0.9996125102043152,0.0002740107011049986,0.0,0.7848346829414368,1540000.0,-0.011234932579100132,-0.0017783092334866524,6.294250454175199e-09,0.03660779818892479,0.0012457333505153656,1.6636394262313843,0.380038857460022,-0.0047737956047058105,3.4686667919158936,9390.71484375,23.506885528564453,97.3853759765625,120.89225769042969,165.4365692138672,0.836509108543396,0.32179009914398193,0.16627661883831024,0.028581727296113968,0.34583723545074463,1.0,0.22889378666877747,0.02854839898645878,-1957.9222412109375,0.028581727296113968,-0.0019022537162527442,0.10857135057449341,0.0,0.42919766902923584,0.0
15.1630277633667,32.15999984741211,1000.0,77.0,1.178165078163147,0.00014890081365592778,40.0,1.000325322151184,1.000325322151184,1.000325322151184,0.0002300656051374972,0.0,0.7870510220527649,1560000.0,-0.008086167275905609,0.003148765303194523,3.910064716450279e-09,0.03229546174407005,-0.004312336444854736,1.213882565498352,0.31888946890830994,-0.061149388551712036,2.935835599899292,9512.3173828125,22.279449462890625,99.29121398925781,121.57066345214844,164.51336669921875,0.8713918328285217,0.312103807926178,0.1744060516357422,0.026339218020439148,0.31207844614982605,1.0,0.23365600407123566,0.0260242260992527,-558.9195556640625,0.026339218020439148,0.005375022068619728,0.09171938896179199,0.0,0.46696507930755615,0.0
14.27184772491455,28.459999084472656,1000.0,78.0,1.1786612272262573,0.00012133509881095961,40.0,1.0012205839157104,1.0012205839157104,1.0012205839157104,0.0008630550582893193,0.0,0.7874751091003418,1580000.0,-0.004524621181190014,0.0035615460947155952,-2.6702879907247734e-09,0.032043758779764175,-0.0002517029643058777,1.1891921758651733,0.24660536646842957,-0.07228410243988037,2.4245903491973877,9634.12109375,21.31304931640625,100.45738983154297,121.77043914794922,164.24346923828125,0.8182045221328735,0.3398228585720062,0.17533119022846222,0.02987487241625786,0.3265848457813263,1.0,0.12075656652450562,0.029620060697197914,-333.6532897949219,0.02987487241625786,0.0030236034654080868,0.03587818145751953,0.0,0.7466201782226562,0.0
12.331748962402344,17.760000228881836,1000.0,79.0,1.166756272315979,0.0001761922612786293,40.0,0.9999456405639648,0.9999456405639648,0.9999456405639648,3.8437927287304774e-05,0.0,0.7782435417175293,1600000.0,-0.016424305737018585,-0.011899684555828571,8.678436635989328e-09,0.038294702768325806,0.00625094398856163,1.414141058921814,0.27472934126853943,0.028123974800109863,2.5233089923858643,9755.12890625,21.251277923583984,99.72244262695312,120.97372436523438,165.32516479492188,0.8549834489822388,0.28021666407585144,0.17183250188827515,0.027359895408153534,0.3277451992034912,1.0,0.16103331744670868,0.02726624719798565,-1000.7205810546875,0.027359895408153534,0.0022147707641124725,0.05237879231572151,1.169613242149353,0.0,3.0
12.168011665344238,18.360000610351562,1000.0,80.0,1.1579920053482056,0.00017895882774610072,40.0,0.998727023601532,0.998727023601532,0.998727023601532,0.0009001442813314497,0.0,0.7716338634490967,1620000.0,-0.016794661059975624,-0.0003703553229570389,8.106231796922714e-10,0.033202916383743286,-0.0050917863845825195,1.3265533447265625,0.2729530930519104,-0.0017762482166290283,2.4289205074310303,9877.2939453125,21.306819915771484,100.82612609863281,122.13294219970703,163.7559814453125,0.8776021599769592,0.2803097665309906,0.18043939769268036,0.025967758148908615,0.3194041848182678,1.0,0.17933546006679535,0.025965716689825058,-760.4884643554688,0.025967758148908615,-0.0003439966822043061,0.05797382444143295,1.1394684314727783,0.0,3.0
13.451347351074219,23.559999465942383,1000.0,81.0,1.145073413848877,0.00018248740525450557,40.0,1.0011639595031738,1.0011639595031738,1.0011639595031738,0.00082304363604635,0.0,0.7617983818054199,1640000.0,-0.014857064001262188,0.0019375970587134361,-1.0490417423625331e-09,0.04029577225446701,0.007092855870723724,1.467043399810791,0.28908252716064453,0.01612943410873413,2.422687530517578,9999.220703125,21.744611740112305,100.14844512939453,121.89305877685547,164.0782470703125,0.924232542514801,0.27801313996315,0.15277886390686035,0.02341355010867119,0.30080437660217285,1.0,0.174970805644989,0.02302839234471321,-32.314170837402344,0.02341355010867119,0.004969934932887554,0.06413033604621887,1.0819787979125977,0.0,3.0
14.91132926940918,32.08000183105469,1000.0,82.0,1.1426628828048706,0.00012885541946161538,40.0,1.0002837181091309,1.0002837181091309,1.0002837181091309,0.0002006190043175593,0.0,0.7600732445716858,1660000.0,-0.009617099538445473,0.005239964462816715,3.8146971692576415e-10,0.04224836081266403,0.0019525885581970215,1.5820364952087402,0.3803912103176117,0.09130868315696716,2.6637094020843506,10122.703125,21.862539291381836,101.58609008789062,123.44862365722656,162.01071166992188,0.9891652464866638,0.3364401161670685,0.15412576496601105,0.02044052816927433,0.3030623495578766,1.0,0.19739793241024017,0.020439352840185165,-617.2722778320312,0.02044052816927433,-0.0003088440280407667,0.08120370656251907,0.0,0.496280312538147,0.0
17.097454071044922,34.86000061035156,1000.0,83.0,1.1497993469238281,0.00013377482537180185,40.0,1.000626564025879,1.000626564025879,1.000626564025879,0.00044310386874713004,0.0,0.7656157612800598,1680000.0,-0.009004716761410236,0.0006123827770352364,-3.433227480087453e-09,0.04531174898147583,0.003063388168811798,1.574911117553711,0.33261027932167053,-0.04778093099594116,2.833599328994751,10246.6455078125,21.897722244262695,102.01225280761719,123.90998077392578,161.40750122070312,0.8814986348152161,0.32724863290786743,0.1664508730173111,0.02573869563639164,0.33219125866889954,1.0,0.18986457586288452,0.02573869563639164,-1184.7327880859375,0.02573869563639164,-4.138302756473422e-06,0.08205898106098175,0.0,0.493687242269516,0.0
17.603986740112305,39.779998779296875,1000.0,84.0,1.1506586074829102,0.00014380388893187046,40.0,0.999668300151825,0.999668300151825,0.999668300151825,0.00023458937357645482,0.0,0.7659785151481628,1700000.0,-0.007007154636085033,0.001997562125325203,-1.5258788677030566e-09,0.0412125401198864,-0.004099208861589432,1.5903098583221436,0.3840005695819855,0.05139029026031494,2.8749210834503174,10367.7080078125,21.716575622558594,99.31241607666016,121.02899169921875,165.24966430664062,0.8578196167945862,0.32503795623779297,0.1911102682352066,0.027179276570677757,0.3115108609199524,1.0,0.22615627944469452,0.026097077876329422,-2224.543212890625,0.027179276570677757,0.010308736935257912,0.0981983095407486,0.0,0.4512975513935089,0.0
17.859617233276367,33.720001220703125,1000.0,85.0,1.1469779014587402,0.0001379774184897542,40.0,1.0013160705566406,1.0013160705566406,1.0013160705566406,0.0009305462008342147,0.0,0.7630946040153503,1720000.0,-0.007304497063159943,-0.0002973424270749092,-4.863739189175931e-09,0.039692413061857224,-0.0015201270580291748,1.7243162393569946,0.28296011686325073,-0.10104045271873474,3.173100233078003,10489.44140625,21.378170013427734,100.32235717773438,121.70053100585938,164.33782958984375,0.8563071489334106,0.3254944384098053,0.18796995282173157,0.02727537229657173,0.3264484703540802,1.0,0.1703319549560547,0.027273956686258316,-1484.9693603515625,0.02727537229657173,0.00026926910504698753,0.051204681396484375,0.0,0.6249713897705078,0.0
16.880733489990234,30.719999313354492,1000.0,86.0,1.149160385131836,0.0001389481039950624,40.0,0.9994929432868958,0.9994929432868958,0.9994929432868958,0.00035852918517775834,0.0,0.7646405100822449,1740000.0,-0.00806686095893383,-0.0007623638957738876,6.675719976811934e-10,0.03878415375947952,-0.0009082593023777008,1.6750726699829102,0.3057108521461487,0.02275073528289795,2.9994332790374756,10611.00390625,21.31789779663086,100.21199035644531,121.52989196777344,164.56857299804688,0.9185202717781067,0.3224160373210907,0.16743886470794678,0.023705674335360527,0.3173025846481323,1.0,0.2117515653371811,0.023525649681687355,-358.50732421875,0.023705674335360527,0.004053234122693539,0.0912577286362648,0.0,0.4681447446346283,0.0
16.13592529296875,25.600000381469727,1000.0,87.0,1.1476718187332153,0.00012930564116686583,40.0,1.000444769859314,1.000444769859314,1.000444769859314,0.0003144154907204211,0.0,0.7636990547180176,1760000.0,-0.005923478864133358,0.0021433820948004723,1.9550323582251394e-09,0.03965289145708084,0.0008687376976013184,1.4231688976287842,0.25947654247283936,-0.046234309673309326,2.424156427383423,10731.8662109375,21.3529052734375,99.47640991210938,120.82931518554688,165.5227508544922,0.9500710368156433,0.33782753348350525,0.1439022272825241,0.022157341241836548,0.3175950348377228,1.0,0.14954277873039246,0.02188032679259777,-6.810662269592285,0.022157341241836548,0.0038209541235119104,0.05270358547568321,0.0,0.6160200834274292,0.0
14.686811447143555,24.0,1000.0,88.0,1.1366124153137207,0.00016196854994632304,40.0,0.9999839663505554,0.9999839663505554,0.9999839663505554,1.1379805073374882e-05,0.0,0.7554665207862854,1780000.0,-0.014401444233953953,-0.008477965369820595,-2.0980834847250662e-09,0.03893306851387024,-0.0007198229432106018,1.358443021774292,0.27325505018234253,0.013778507709503174,2.3706414699554443,10852.8681640625,21.44417953491211,99.52435302734375,120.96853637695312,165.33224487304688,0.9688944816589355,0.29961493611335754,0.16054075956344604,0.021304769441485405,0.30923372507095337,1.0,0.1979026198387146,0.021078677847981453,-16.104982376098633,0.021304769441485405,0.0037444857880473137,0.062015555799007416,1.0321041345596313,0.0,3.0
15.206215858459473,24.459999084472656,1000.0,89.0,1.1264971494674683,0.0001711570075713098,40.0,0.9995217323303223,0.9995217323303223,0.9995217323303223,0.00033821442048065364,0.0,0.7479373812675476,1800000.0,-0.016681866720318794,-0.0022804224863648415,-2.145767119543507e-09,0.0403304286301136,0.0013973601162433624,1.8588472604751587,0.3200344443321228,0.04677939414978027,3.007223129272461,10975.7109375,22.364845275878906,100.44511413574219,122.8099594116211,162.85324096679688,0.8626649379730225,0.2889479696750641,0.17202413082122803,0.02687481790781021,0.33494821190834045,1.0,0.18289314210414886,0.026789868250489235,-4.518153667449951,0.02687481790781021,0.002336328849196434,0.06425542384386063,1.1591986417770386,0.0,3.0
15.3917875289917,23.799999237060547,1000.0,90.0,1.1185359954833984,0.00015351361071225256,40.0,0.9993662238121033,0.9993662238121033,0.9993662238121033,0.0004481614741962403,0.0,0.7423291206359863,1820000.0,-0.015239461325109005,0.0014424053952097893,1.0490417423625331e-09,0.04176671430468559,0.001436285674571991,1.555837869644165,0.26495230197906494,-0.05508214235305786,2.508723020553589,11098.3876953125,23.07176399230957,99.57115173339844,122.64291381835938,163.07505798339844,0.9352972507476807,0.30584025382995605,0.1460483819246292,0.022862859070301056,0.3269979655742645,1.0,0.18460214138031006,0.02285182848572731,-18.838611602783203,0.022862859070301056,0.0009177174069918692,0.07635778188705444,1.069178819656372,0.0,3.0
18.43282699584961,28.34000015258789,1000.0,91.0,1.118680477142334,0.0001350638922303915,40.0,1.0001503229141235,1.0001503229141235,1.0001503229141235,0.00010632245539454743,0.0,0.7425667643547058,1840000.0,-0.00864807702600956,0.006591384299099445,-1.3351439953623867e-09,0.04492616653442383,0.0031594522297382355,1.9079228639602661,0.3121303617954254,0.047178059816360474,2.828186273574829,11223.57421875,23.293859481811523,101.85887908935547,125.1527328491211,159.8047332763672,0.8939083814620972,0.32319071888923645,0.14464467763900757,0.0250290185213089,0.33631566166877747,1.0,0.21595853567123413,0.02492312714457512,-126.52653503417969,0.0250290185213089,0.003055281937122345,0.0881541296839714,0.0,0.47631433606147766,0.0
19.547561645507812,36.380001068115234,1000.0,92.0,1.1148489713668823,0.00013787545321974903,40.0,1.0006284713745117,1.0006284713745117,1.0006284713745117,0.00044434017036110163,0.0,0.7397494316101074,1860000.0,-0.009475958533585072,-0.0008278815075755119,-7.295608561719291e-09,0.04321911185979843,-0.0017070546746253967,2.0242245197296143,0.4924749732017517,0.1803446114063263,3.1601808071136475,11347.31640625,24.117828369140625,99.58931732177734,123.70714569091797,161.67214965820312,0.9052440524101257,0.3247019052505493,0.1730804592370987,0.024406105279922485,0.3223380744457245,1.0,0.2819199562072754,0.02423451840877533,-1191.2969970703125,0.024406105279922485,0.004318886436522007,0.10870692133903503,0.0,0.4289299547672272,0.0
21.256460189819336,38.900001525878906,1000.0,93.0,1.115902066230774,0.0001427830575266853,40.0,1.0004291534423828,1.0004291534423828,1.0004291534423828,0.00030340111698023975,0.0,0.7402804493904114,1880000.0,-0.010511144995689392,-0.0010351864621043205,-9.536742923144104e-11,0.04323839768767357,1.928582787513733e-05,1.9589338302612305,0.39367130398750305,-0.09880366921424866,3.2889163494110107,11469.8427734375,23.57024383544922,98.92269897460938,122.4929428100586,163.27471923828125,0.8607200980186462,0.3231668472290039,0.15194356441497803,0.02699640765786171,0.3504732847213745,1.0,0.24409636855125427,0.026949433609843254,-1653.0579833984375,0.02699640765786171,0.002343132859095931,0.11687895655632019,0.0,0.4136631190776825,0.0
20.80715560913086,38.86000061035156,1000.0,94.0,1.1180387735366821,0.0001362084731226787,40.0,0.9994771480560303,0.9994771480560303,0.9994771480560303,0.00036971212830394506,0.0,0.7418482899665833,1900000.0,-0.007810498587787151,0.0027006464079022408,-8.916854810081531e-09,0.036436766386032104,-0.006801631301641464,2.0054478645324707,0.3659316599369049,-0.027739644050598145,3.255559206008911,11592.5712890625,22.68868637084961,100.00684356689453,122.69552612304688,163.005126953125,0.8803765177726746,0.3249838054180145,0.15600362420082092,0.02580435201525688,0.3399565517902374,1.0,0.21017849445343018,0.025524873286485672,-2180.216064453125,0.02580435201525688,0.004962328355759382,0.08810953795909882,0.0,0.4764348566532135,0.0
18.969816207885742,30.059999465942383,1000.0,95.0,1.123826026916504,0.0001560274395160377,40.0,1.001076340675354,1.001076340675354,1.001076340675354,0.0007611720939166844,0.0,0.7458486557006836,1920000.0,-0.011160412803292274,-0.003349914215505123,3.814697446813398e-09,0.03979280963540077,0.0033560432493686676,1.7320812940597534,0.3107828199863434,-0.05514883995056152,3.0247764587402344,11714.7109375,22.017696380615234,100.0888671875,122.10655975341797,163.79136657714844,0.8814090490341187,0.30389204621315,0.16199460625648499,0.025743931531906128,0.3365136981010437,1.0,0.28231000900268555,0.025743478909134865,-230.51431274414062,0.025743931531906128,-0.00022427132353186607,0.1110619604587555,0.0,0.42435792088508606,0.0
16.8066349029541,27.959999084472656,1000.0,96.0,1.1295353174209595,0.00014290097169578075,40.0,1.0008149147033691,1.0008149147033691,1.0008149147033691,0.0005762316868640482,0.0,0.7497872710227966,1940000.0,-0.006022135727107525,0.00513827707618475,-1.769065782752932e-08,0.03947588801383972,-0.0003169216215610504,1.824991226196289,0.28023508191108704,-0.030547738075256348,3.047208786010742,11835.564453125,22.25872802734375,98.56101989746094,120.81974792480469,165.53585815429688,0.851309061050415,0.321231484413147,0.1850602775812149,0.02759658545255661,0.3478396534919739,1.0,0.19369573891162872,0.026970338076353073,-126.64617156982422,0.02759658545255661,0.0065816412679851055,0.0691707506775856,0.0,0.5377169251441956,0.0
16.878406524658203,30.600000381469727,1000.0,97.0,1.1249208450317383,0.000135072972625494,40.0,1.0007978677749634,1.0007978677749634,1.0007978677749634,0.0005642058094963431,0.0,0.7460212707519531,1960000.0,-0.008583910763263702,-0.0025617750361561775,5.149841442175784e-09,0.03717014193534851,-0.002305746078491211,2.034680128097534,0.34384024143218994,0.0636051595211029,3.3506264686584473,11960.9423828125,22.442378997802734,102.90269470214844,125.3450698852539,159.5595245361328,0.9349371194839478,0.33052653074264526,0.16781094670295715,0.022880474105477333,0.3213212490081787,1.0,0.20071621239185333,0.02281358279287815,-383.0760803222656,0.022880474105477333,0.0023400024510920048,0.08185936510562897,0.0,0.494288831949234,0.0
16.40094757080078,34.18000030517578,1000.0,98.0,1.1210938692092896,0.00013575055345427245,40.0,1.0003083944320679,1.0003083944320679,1.0003083944320679,0.00021803969866596162,0.0,0.7430615425109863,1980000.0,-0.012042799964547157,-0.003458889201283455,1.1432170765601768e-08,0.03530579432845116,-0.0018643476068973541,1.819231390953064,0.4024275541305542,0.05858731269836426,3.117290496826172,12081.9208984375,22.073226928710938,98.87278747558594,120.94601440429688,165.363037109375,0.90135258436203,0.32519760727882385,0.16605815291404724,0.024617299437522888,0.33802735805511475,1.0,0.22457320988178253,0.024250272661447525,-691.170166015625,0.024617299437522888,-0.0066894846968352795,0.12192361056804657,0.0,0.4050149619579315,0.0
18.276386260986328,30.360000610351562,1000.0,99.0,1.1176472902297974,0.00013822579057887197,40.0,1.0010029077529907,1.0010029077529907,1.0010029077529907,0.00070913479430601,0.0,0.7405250668525696,2000000.0,-0.0042388527654111385,0.007803947199136019,-2.00271599304358e-09,0.040395814925432205,0.005090020596981049,1.930439829826355,0.23574936389923096,-0.16667819023132324,3.1033074855804443,12204.1591796875,21.814743041992188,100.39061737060547,122.20536041259766,163.658935546875,0.8720652461051941,0.32845139503479004,0.15864604711532593,0.026298552751541138,0.3250338137149811,1.0,0.15247313678264618,0.02524753287434578,-561.3280029296875,0.026298552751541138,0.007334222085773945,0.051179658621549606,0.0,0.6251241564750671,0.0
17.41107177734375,26.040000915527344,1000.0,100.0,1.1175199747085571,0.000132974426378496,40.0,1.0005402565002441,1.0005402565002441,1.0005402565002441,0.0003820190322585404,0.0,0.7406595349311829,2020000.0,-0.007913931272923946,-0.003675078507512808,1.516342251761671e-08,0.035710934549570084,-0.004684880375862122,1.7755013704299927,0.24155636131763458,0.0058069974184036255,3.0250840187072754,12327.4970703125,21.35952377319336,101.94509887695312,123.30462646484375,162.19992065429688,0.9013374447822571,0.33018189668655396,0.12904587388038635,0.024618126451969147,0.34384042024612427,1.0,0.16198833286762238,0.02460811659693718,-21.088712692260742,0.024618126451969147,-0.0007161845569498837,0.051239579916000366,0.0,0.6247584819793701,0.0
17.214550018310547,20.860000610351562,1000.0,101.0,1.1110042333602905,0.00017800426576286554,40.0,1.000778079032898,1.000778079032898,1.000778079032898,0.0005501568666659296,0.0,0.7359258532524109,2040000.0,-0.018161088228225708,-0.010247156955301762,5.722046170220096e-10,0.04157466068863869,0.0058637261390686035,1.795009732246399,0.3122069239616394,0.07065056264400482,2.741593837738037,12450.6279296875,21.4741153717041,101.62171936035156,123.09583282470703,162.47503662109375,0.8187410831451416,0.2824062705039978,0.18285374343395233,0.02983573079109192,0.34492751955986023,1.0,0.21707791090011597,0.029834864661097527,-183.65609741210938,0.02983573079109192,0.0002844209084287286,0.09331423044204712,1.2213873863220215,0.0,3.0
17.073659896850586,26.020000457763672,1000.0,102.0,1.1040130853652954,0.00011662899487419054,40.0,1.0011457204818726,1.0011457204818726,1.0011457204818726,0.0008100624545477331,0.0,0.7306880950927734,2060000.0,-0.008348356001079082,0.009812732227146626,2.861023085110048e-10,0.04094690829515457,-0.0006277523934841156,1.8364157676696777,0.31834614276885986,0.006139218807220459,2.7884089946746826,12573.349609375,21.564088821411133,101.125,122.68909454345703,163.013671875,0.8618123531341553,0.34640559554100037,0.14929339289665222,0.026928018778562546,0.33836114406585693,1.0,0.19088320434093475,0.026850257068872452,-12.484338760375977,0.026928018778562546,0.00254363683052361,0.08320318907499313,0.0,0.4902809262275696,0.0
18.20356559753418,30.65999984741211,1000.0,103.0,1.0988656282424927,0.00013877074525225908,40.0,1.000471591949463,1.000471591949463,1.000471591949463,0.00033346586860716343,0.0,0.7272293567657471,2080000.0,-0.007627653889358044,0.0007207021117210388,-5.388260060357197e-09,0.041098032146692276,0.00015112385153770447,2.0133628845214844,0.3029562532901764,-0.015389889478683472,2.8399102687835693,12694.716796875,21.47635269165039,99.85774993896484,121.33409881591797,164.83412170410156,0.8959790468215942,0.3246191740036011,0.14851611852645874,0.02491346374154091,0.33440443873405457,1.0,0.20569121837615967,0.024795889854431152,-449.5614013671875,0.02491346374154091,0.0028944523073732853,0.07125649601221085,0.0,0.5297887325286865,0.0
18.32573127746582,33.36000061035156,1000.0,104.0,1.0985002517700195,0.0001284868485527113,40.0,1.0000567436218262,1.0000567436218262,1.0000567436218262,4.012379940832034e-05,0.0,0.7269888520240784,2100000.0,-0.008233101107180119,-0.0006054472178220749,4.76837147544984e-09,0.04058988019824028,-0.0005081519484519958,1.7216659784317017,0.3183736801147461,0.015417426824569702,2.6433663368225098,12816.1015625,21.452062606811523,99.90045928955078,121.35252380371094,164.80909729003906,0.8089551329612732,0.33687806129455566,0.17937259376049042,0.030561942607164383,0.34627765417099,1.0,0.18889449536800385,0.030506279319524765,-889.8607788085938,0.030561942607164383,0.0020908471196889877,0.07853816449642181,0.0,0.5046318173408508,0.0
17.06494140625,26.34000015258789,1000.0,105.0,1.1004549264907837,0.0001452787109883502,40.0,0.9992439150810242,0.9992439150810242,0.9992439150810242,0.0005346187390387058,0.0,0.7283670902252197,2120000.0,-0.007815446704626083,0.0004176544025540352,-4.0531160649948106e-09,0.0425058975815773,0.0019160173833370209,1.625852346420288,0.23127785325050354,-0.08709582686424255,2.4149324893951416,12937.8544921875,21.442861557006836,100.27609252929688,121.71895599365234,164.3129425048828,0.8755202889442444,0.31923866271972656,0.17590779066085815,0.026091400533914566,0.3375003933906555,1.0,0.18529334664344788,0.026062091812491417,-25.784564971923828,0.026091400533914566,0.001428104704245925,0.06958459317684174,0.0,0.5361155867576599,0.0
15.945085525512695,20.420000076293945,1000.0,106.0,1.099053978919983,0.00015668911510147154,40.0,1.0007214546203613,1.0007214546203613,1.0007214546203613,0.0005101454444229603,0.0,0.7273561358451843,2140000.0,-0.016552234068512917,-0.008736787363886833,-4.386901952813105e-09,0.038276556879282,-0.004229340702295303,1.7068984508514404,0.19135066866874695,-0.03992718458175659,2.3310787677764893,13059.0224609375,21.9470157623291,99.18742370605469,121.13443756103516,165.10581970214844,0.8866820335388184,0.30610692501068115,0.13574327528476715,0.025438649579882622,0.34522736072540283,1.0,0.14232663810253143,0.02535080350935459,-537.5525512695312,0.025438649579882622,0.0018514336552470922,0.03902057930827141,1.1277999877929688,0.0,3.0
16.558225631713867,19.979999542236328,1000.0,107.0,1.0908070802688599,0.0001578024821355939,40.0,0.9993293881416321,0.9993293881416321,0.9993293881416321,0.00047418015310540795,0.0,0.7213122248649597,2160000.0,-0.016705792397260666,-0.00015355832874774933,-9.059905714536853e-09,0.03989538550376892,0.0016188286244869232,1.927008032798767,0.2813521921634674,0.09000152349472046,2.5153791904449463,13181.67578125,23.54621124267578,99.07413482666016,122.62034606933594,163.10507202148438,0.8410572409629822,0.29839083552360535,0.15855462849140167,0.02827344462275505,0.35478073358535767,1.0,0.24631264805793762,0.028248121961951256,-245.94126892089844,0.02827344462275505,0.0016107171541079879,0.10245679318904877,1.1889797449111938,0.0,3.0
18.900163650512695,17.559999465942383,1000.0,108.0,1.0723999738693237,0.0001720126165309921,40.0,0.9993864893913269,0.9993864893913269,0.9993864893913269,0.0004338034486863762,0.0,0.7078903317451477,2180000.0,-0.016351325437426567,0.0003544669598340988,-7.1525572131747595e-09,0.043875403702259064,0.003980018198490143,1.97616446018219,0.1970304697751999,-0.08432172238826752,2.370302677154541,13305.75390625,25.376636505126953,98.66736602783203,124.04400634765625,161.2331085205078,0.8947125673294067,0.29321324825286865,0.1600378453731537,0.024984046816825867,0.3277178406715393,1.0,0.1197088211774826,0.024980219081044197,-1657.3531494140625,0.024984046816825867,-0.00035752501571550965,0.03339838609099388,1.1176773309707642,0.0,3.0
21.203453063964844,24.31999969482422,1000.0,109.0,1.0613373517990112,0.0001489585411036387,40.0,0.9996938705444336,0.9996938705444336,0.9996938705444336,0.00021649431437253952,0.0,0.6996967196464539,2200000.0,-0.015120426192879677,0.0012308992445468903,2.6702879907247734e-09,0.044340308755636215,0.0004649050533771515,2.0771570205688477,0.32640182971954346,0.12937135994434357,2.4606168270111084,13432.494140625,26.70818328857422,99.99506378173828,126.7032470703125,157.84915161132812,0.9276283979415894,0.309971421957016,0.14651039242744446,0.023242438212037086,0.33415478467941284,1.0,0.30773475766181946,0.023160187527537346,-4.003225326538086,0.023242438212037086,0.0030746147967875004,0.11493276059627533,1.0780178308486938,0.0,3.0
20.820329666137695,25.280000686645508,1000.0,110.0,1.0672699213027954,0.0001401613699272275,40.0,1.0009123086929321,1.0009123086929321,1.0009123086929321,0.0006450715591199696,0.0,0.7037361264228821,2220000.0,-0.006316585466265678,0.008803840726613998,1.3899803086303564e-08,0.04202255979180336,-0.0023177489638328552,1.8347926139831543,0.2936728596687317,-0.03272897005081177,2.373488664627075,13556.8623046875,26.144948959350586,98.19050598144531,124.33545684814453,160.85516357421875,0.8770713210105896,0.31667712330818176,0.1556454300880432,0.025999199599027634,0.3456785976886749,1.0,0.20757216215133667,0.025596490129828453,-1.2048579454421997,0.025999199599027634,0.005077062174677849,0.0640077292919159,0.0,0.5589832067489624,0.0
19.963876724243164,27.639999389648438,1000.0,111.0,1.0722006559371948,0.00012524354679044336,40.0,0.9997064471244812,0.9997064471244812,0.9997064471244812,0.0002075872616842389,0.0,0.7072463631629944,2240000.0,-0.008900675922632217,-0.002584090456366539,8.201599399626502e-09,0.0440400205552578,0.0020174607634544373,1.9965132474899292,0.32822924852371216,0.03455638885498047,2.489352226257324,13681.1083984375,24.116588592529297,100.09457397460938,124.2111587524414,161.01612854003906,0.8741947412490845,0.33767321705818176,0.1641741544008255,0.02617058716714382,0.3287070393562317,1.0,0.17105071246623993,0.026136014610528946,-103.49095916748047,0.02617058716714382,-0.0015257119666785002,0.06733196973800659,0.0,0.5450097918510437,0.0
20.357698440551758,23.440000534057617,1000.0,112.0,1.060987949371338,0.00015348565648309886,40.0,1.0001615285873413,1.0001615285873413,1.0001615285873413,0.00011413372703827918,0.0,0.6993370056152344,2260000.0,-0.016874220222234726,-0.007973544299602509,-8.392333938900265e-09,0.04360111802816391,-0.00043890252709388733,2.0339252948760986,0.2702496647834778,-0.057979583740234375,2.309807538986206,13804.2548828125,22.451257705688477,100.6631851196289,123.11444091796875,162.4504852294922,0.8642248511314392,0.30797097086906433,0.14527133107185364,0.026777885854244232,0.356355220079422,1.0,0.15644770860671997,0.026777876541018486,-48.457523345947266,0.026777885854244232,-2.2062391508370638e-05,0.05020053684711456,1.1571062803268433,0.0,3.0
22.485429763793945,21.31999969482422,1000.0,113.0,1.0490559339523315,0.0001458651531720534,40.0,1.0009174346923828,1.0009174346923828,1.0009174346923828,0.0006487242644652724,0.0,0.6909782886505127,2280000.0,-0.015087555162608624,0.0017866650596261024,-2.7751923425967107e-08,0.04348933696746826,-0.0001117810606956482,2.1899917125701904,0.2681543529033661,-0.0020953118801116943,2.533007860183716,13927.0107421875,21.75004768371582,100.97068786621094,122.72073364257812,162.97164916992188,0.9639773368835449,0.31665971875190735,0.1252821385860443,0.02152267098426819,0.3284928798675537,1.0,0.16380742192268372,0.02152147889137268,-237.8853302001953,0.02152267098426819,-0.00026054494082927704,0.056923478841781616,1.0373687744140625,0.0,3.0
22.483976364135742,28.979999542236328,1000.0,114.0,1.0490756034851074,0.00013507406401913613,40.0,0.9987108111381531,0.9987108111381531,0.9987108111381531,0.0009116082219406962,0.0,0.6909849047660828,2300000.0,-0.00939298328012228,0.005694571882486343,1.4686584393075464e-08,0.04038523882627487,-0.00310409814119339,2.016587018966675,0.37112635374069214,0.10297200083732605,2.401733875274658,14048.3759765625,21.604572296142578,99.72295379638672,121.32752227783203,164.8430633544922,0.8942570686340332,0.3277045786380768,0.1329626739025116,0.025009505450725555,0.3437623977661133,1.0,0.24233806133270264,0.02470993809401989,-139.89918518066406,0.025009505450725555,0.00582360802218318,0.11321102827787399,0.0,0.4203108549118042,0.0
23.08226776123047,36.380001068115234,1000.0,115.0,1.0490704774856567,0.00014165061293169856,40.0,1.0002126693725586,1.0002126693725586,1.0002126693725586,0.00015032378723844886,0.0,0.6909189224243164,2320000.0,-0.011801328510046005,-0.002408345229923725,3.051757735406113e-09,0.040901243686676025,0.0005160048604011536,2.2634832859039307,0.4311763644218445,0.060050010681152344,2.9042327404022217,14169.412109375,21.721405029296875,99.28104400634766,121.00244903564453,165.28590393066406,0.9845709800720215,0.32383814454078674,0.1121763214468956,0.020631734281778336,0.33501142263412476,1.0,0.26521313190460205,0.020630063489079475,-975.1768798828125,0.020631734281778336,-0.00047105131670832634,0.1327982246875763,0.0,0.38807785511016846,0.0
21.762218475341797,40.31999969482422,1000.0,116.0,1.04558527469635,0.0001278500712942332,40.0,1.0000649690628052,1.0000649690628052,1.0000649690628052,4.596817962010391e-05,0.0,0.6884899139404297,2340000.0,-0.013406665995717049,-0.0016053374856710434,-1.3732909920349812e-08,0.03926322981715202,-0.001638013869524002,2.1926867961883545,0.43469011783599854,0.0035137534141540527,2.8613712787628174,14290.6826171875,21.651926040649414,99.58527374267578,121.2372055053711,164.9658660888672,0.825833797454834,0.33449646830558777,0.16843067109584808,0.029325442388653755,0.3468596935272217,1.0,0.267788290977478,0.02930118329823017,-1434.4818115234375,0.029325442388653755,-0.001992227742448449,0.1636124551296234,0.0,0.3496284782886505,0.0
22.06830406188965,41.20000076293945,1000.0,117.0,1.0429097414016724,0.00014804815873503685,40.0,0.9998409152030945,0.9998409152030945,0.9998409152030945,0.00011247589281992987,0.0,0.6866803169250488,2360000.0,-0.010476551949977875,0.002930114045739174,-6.628036341993493e-09,0.037769414484500885,-0.0014938153326511383,2.2250983715057373,0.48539063334465027,0.05070051550865173,3.0281546115875244,14413.28125,21.494295120239258,101.07120513916016,122.56549835205078,163.1780548095703,0.9315869808197021,0.31758052110671997,0.12815755605697632,0.023045331239700317,0.34179699420928955,1.0,0.26559892296791077,0.022848909720778465,-1955.518798828125,0.023045331239700317,0.005134249106049538,0.13420341908931732,0.0,0.3860407769680023,0.0
22.523584365844727,45.099998474121094,1000.0,118.0,1.047070860862732,0.00013177443179301918,40.0,0.9999492764472961,0.9999492764472961,0.9999492764472961,3.58248726115562e-05,0.0,0.6895306706428528,2380000.0,-0.01230360846966505,-0.0018270565196871758,1.7642974858844696e-09,0.040492501109838486,0.0027230866253376007,2.211744785308838,0.5103045105934143,0.024913877248764038,2.989107608795166,14534.478515625,21.412748336791992,99.75044250488281,121.16319274902344,165.06663513183594,0.9373683929443359,0.3281651437282562,0.1365591436624527,0.022761933505535126,0.3291782736778259,1.0,0.32912835478782654,0.02268272265791893,-2605.778076171875,0.022761933505535126,0.0035044325049966574,0.15504267811775208,0.0,0.3591611385345459,0.0
22.9816951751709,41.099998474121094,1000.0,119.0,1.0478583574295044,0.00014417717466130853,40.0,1.0005135536193848,1.0005135536193848,1.0005135536193848,0.0003631372528616339,0.0,0.6900246739387512,2400000.0,-0.008506800048053265,0.003796808421611786,-1.1920929132713809e-08,0.03957105427980423,-0.000921446830034256,2.2587637901306152,0.3905775249004364,-0.1197269856929779,3.2661819458007812,14656.248046875,21.44845199584961,100.28812408447266,121.73657989501953,164.28915405273438,0.8732230067253113,0.3151862919330597,0.15674318373203278,0.02622886374592781,0.3362831473350525,1.0,0.24115337431430817,0.026062805205583572,-2687.649169921875,0.02622886374592781,0.004001922439783812,0.09644414484500885,0.0,0.4553832411766052,0.0
23.213472366333008,37.400001525878906,1000.0,120.0,1.047171711921692,0.0001327851350652054,40.0,1.0016359090805054,1.0016359090805054,1.0016359090805054,0.0011567905312404037,0.0,0.6895387768745422,2420000.0,-0.00851759035140276,-1.0790303349494934e-05,-9.918212917625624e-09,0.040255699306726456,0.000684645026922226,2.290217161178589,0.36680060625076294,-0.023776918649673462,3.292100667953491,14777.7841796875,21.685712814331055,99.8170166015625,121.50273132324219,164.6053466796875,0.9016034603118896,0.328559011220932,0.1453552544116974,0.024603601545095444,0.3281717896461487,1.0,0.20264995098114014,0.024494348093867302,-1863.066162109375,0.024603601545095444,0.003002774901688099,0.08252974599599838,0.0,0.49227720499038696,0.0
22.081201553344727,27.360000610351562,1000.0,121.0,1.0497502088546753,0.00012662143853958696,40.0,1.0010414123535156,1.0010414123535156,1.0010414123535156,0.0007363335462287068,0.0,0.6913229823112488,2440000.0,-0.011628645472228527,-0.0031110551208257675,1.683235240079739e-08,0.04300227016210556,0.0027465708553791046,2.1086061000823975,0.39624592661857605,0.02944532036781311,3.0392889976501465,14899.7421875,21.891162872314453,100.03343200683594,121.92459106445312,164.0358123779297,0.8534126877784729,0.33668506145477295,0.15227040648460388,0.027460703626275063,0.35436463356018066,1.0,0.22264525294303894,0.027460511773824692,-43.2245979309082,0.027460703626275063,0.00015738944057375193,0.12879301607608795,0.0,0.39406585693359375,0.0
20.45646858215332,28.479999542236328,1000.0,122.0,1.0571132898330688,0.00013786196359433234,40.0,0.9992284774780273,0.9992284774780273,0.9992284774780273,0.0005455769132822752,0.0,0.6964223384857178,2460000.0,-0.00850376021116972,0.0031248852610588074,-1.1348724626714102e-08,0.043555159121751785,0.000552888959646225,2.110862970352173,0.3446190357208252,-0.051626890897750854,3.1494319438934326,15022.34375,21.96663475036621,100.60028839111328,122.56692504882812,163.17616271972656,0.9245689511299133,0.3232525587081909,0.13470178842544556,0.02339651808142662,0.34090209007263184,1.0,0.21865586936473846,0.02334207110106945,-156.75877380371094,0.02339651808142662,0.0020507927983999252,0.07724511623382568,0.0,0.5088379383087158,0.0
20.298967361450195,26.81999969482422,1000.0,123.0,1.0590691566467285,0.00012801442062482238,40.0,1.0009368658065796,1.0009368658065796,1.0009368658065796,0.0006624360685236752,0.0,0.6977712512016296,2480000.0,-0.008146172389388084,0.0003575878217816353,-4.76837147544984e-09,0.04246784374117851,-0.0010873153805732727,2.281538963317871,0.32539886236190796,-0.019220173358917236,3.390620231628418,15143.400390625,22.323612213134766,98.70014953613281,121.02375793457031,165.25680541992188,0.923128604888916,0.33703240752220154,0.15464168787002563,0.023469584062695503,0.33404719829559326,1.0,0.17218951880931854,0.023371582850813866,-43.56205368041992,0.023469584062695503,0.0027291877195239067,0.07600372284650803,0.0,0.5129765868186951,0.0
21.759382247924805,21.579999923706055,1000.0,124.0,1.0559245347976685,0.00014267850201576948,40.0,1.0004304647445679,1.0004304647445679,1.0004304647445679,0.0003043002507183701,0.0,0.6955845952033997,2500000.0,-0.014443710446357727,-0.006297538056969643,4.482269222449986e-09,0.040497779846191406,-0.0019700638949871063,2.3592796325683594,0.2544472813606262,-0.07095158100128174,3.56748628616333,15263.8623046875,22.784591674804688,97.64354705810547,120.42813873291016,166.0741424560547,0.968350887298584,0.31763437390327454,0.15970078110694885,0.021328695118427277,0.3280157148838043,1.0,0.1571926325559616,0.02116779051721096,-270.1498107910156,0.021328695118427277,0.002639317186549306,0.04329276457428932,1.0326834917068481,0.0,3.0
21.685853958129883,25.860000610351562,1000.0,125.0,1.0573524236679077,0.00012798125681001693,40.0,1.0005415678024292,1.0005415678024292,1.0005415678024292,0.00038291813689284027,0.0,0.6965747475624084,2520000.0,-0.0065932138822972775,0.00785049656406045,6.341934088993639e-09,0.04231294244527817,0.0018151625990867615,2.0918474197387695,0.3213680386543274,0.06692075729370117,3.074824333190918,15385.8544921875,23.185815811157227,98.77375030517578,121.95956420898438,163.98878479003906,0.8052604794502258,0.33579540252685547,0.176349475979805,0.030843032523989677,0.3485974371433258,1.0,0.18158093094825745,0.030274251475930214,-8.85128402709961,0.030843032523989677,0.006886170245707035,0.08337023109197617,0.0,0.4897894859313965,0.0
20.705411911010742,28.399999618530273,1000.0,126.0,1.0608229637145996,0.0001352319522993639,40.0,0.9987395405769348,0.9987395405769348,0.9987395405769348,0.0008912372286431491,0.0,0.69899582862854,2540000.0,-0.011523417197167873,-0.004930203314870596,1.1444091896350983e-08,0.04389326646924019,0.0015803240239620209,2.154280185699463,0.41128960251808167,0.08992156386375427,3.047377824783325,15509.5966796875,23.000654220581055,100.7081298828125,123.70878601074219,161.6699981689453,0.8654793500900269,0.32663828134536743,0.13389171659946442,0.026700317859649658,0.367007851600647,1.0,0.2462124079465866,0.026691358536481857,-93.13542938232422,0.026700317859649658,0.0010544611141085625,0.12409365177154541,0.0,0.40145808458328247,0.0
20.038532257080078,30.260000228881836,1000.0,127.0,1.0599684715270996,0.000143213605042547,40.0,0.9999008178710938,0.9999008178710938,0.9999008178710938,7.016046583885327e-05,0.0,0.6984543204307556,2560000.0,-0.007580538280308247,0.003942878916859627,-2.813339339269305e-09,0.042241498827934265,-0.0016517676413059235,2.118169069290161,0.28905266523361206,-0.1222369372844696,3.093250036239624,15632.333984375,22.52247428894043,100.18048858642578,122.70296478271484,162.99525451660156,0.8399319052696228,0.32576146721839905,0.16906508803367615,0.02834925428032875,0.35612574219703674,1.0,0.18668903410434723,0.02827346883714199,-408.3348388671875,0.02834925428032875,0.002265993505716324,0.06775382161140442,0.0,0.5433104634284973,0.0
19.884902954101562,29.860000610351562,1000.0,128.0,1.0713247060775757,0.00013284309534355998,40.0,1.0006269216537476,1.0006269216537476,1.0006269216537476,0.00044321626774035394,0.0,0.7064695358276367,2580000.0,-0.007265111431479454,0.00031542684882879257,-1.4114379887075756e-08,0.04029931500554085,-0.0019421838223934174,2.0988848209381104,0.3284738063812256,0.039421141147613525,3.3010241985321045,15755.34765625,22.15122413635254,100.8299789428711,122.981201171875,162.62648010253906,0.8549273014068604,0.32599908113479614,0.1774003654718399,0.02736348658800125,0.34980618953704834,1.0,0.19505572319030762,0.027155011892318726,-365.5808410644531,0.02736348658800125,0.0036699390038847923,0.06460489332675934,0.0,0.5563938021659851,0.0
19.9735164642334,27.860000610351562,1000.0,129.0,1.0796105861663818,0.0001381120237056166,40.0,0.9998820424079895,0.9998820424079895,0.9998820424079895,8.33664889796637e-05,0.0,0.7123362421989441,2600000.0,-0.0075603267177939415,-0.00029521528631448746,-6.985664491310217e-09,0.04197577014565468,0.0016764551401138306,2.059826612472534,0.285453736782074,-0.04302006959915161,3.0550122261047363,15878.005859375,21.429868698120117,101.19462585449219,122.62449645996094,163.09954833984375,0.9433916211128235,0.3277747333049774,0.13992908596992493,0.022472210228443146,0.32039493322372437,1.0,0.21669632196426392,0.022270767018198967,-105.06267547607422,0.022472210228443146,0.0039598336443305016,0.0778396874666214,0.0,0.5068908333778381,0.0
20.29442024230957,26.280000686645508,1000.0,130.0,1.0796393156051636,0.00012126442015869543,40.0,0.9987993240356445,0.9987993240356445,0.9987993240356445,0.0008489780011586845,0.0,0.7123768925666809,2620000.0,-0.007408541161566973,0.00015178555622696877,3.5762786065873797e-09,0.04741860181093216,0.005442831665277481,2.122931480407715,0.24784505367279053,-0.03760868310928345,3.1045596599578857,16001.73046875,21.35568618774414,102.3375015258789,123.69319152832031,161.6903839111328,0.8255111575126648,0.3437485992908478,0.18658016622066498,0.02934836782515049,0.35431531071662903,1.0,0.14571422338485718,0.029344534501433372,-29.721446990966797,0.02934836782515049,0.0004595085047185421,0.05508815497159958,0.0,0.6025399565696716,0.0
19.7929744720459,24.760000228881836,1000.0,131.0,1.0740224123001099,0.00016568505088798702,40.0,1.0008395910263062,1.0008395910263062,1.0008395910263062,0.0005935961962677538,0.0,0.7083589434623718,2640000.0,-0.018017016351222992,-0.01060847518965602,-1.201629640235069e-08,0.04417375475168228,-0.003244847059249878,2.0851452350616455,0.2724032700061798,0.024558216333389282,2.8288662433624268,16123.1484375,21.325042724609375,100.06002807617188,121.38507080078125,164.76490783691406,0.8497874140739441,0.29528966546058655,0.17459522187709808,0.02769550308585167,0.3474864959716797,1.0,0.1664656102657318,0.02763909474015236,-0.8916307091712952,0.02769550308585167,-0.00188786955550313,0.06318335235118866,1.1767648458480835,0.0,3.0
19.81395721435547,22.81999969482422,1000.0,132.0,1.0597127676010132,0.0001644341100472957,40.0,0.9998247027397156,0.9998247027397156,0.9998247027397156,0.00012396792590152472,0.0,0.6983368396759033,2660000.0,-0.016251783818006516,0.0017652325332164764,4.911422823994371e-09,0.04268055781722069,-0.0014931969344615936,2.0489299297332764,0.26770517230033875,-0.0046980977058410645,2.7524566650390625,16243.6796875,21.47964096069336,99.01903533935547,120.49867248535156,165.9769287109375,0.9039804935455322,0.29925718903541565,0.15850810706615448,0.024474382400512695,0.33104392886161804,1.0,0.1936272531747818,0.02446855418384075,-67.70175170898438,0.024474382400512695,-0.0006395549862645566,0.070175401866436,1.1062185764312744,0.0,3.0
19.01458168029785,32.18000030517578,1000.0,133.0,1.0539703369140625,0.00013464645599015057,40.0,0.9992559552192688,0.9992559552192688,0.9992559552192688,0.0005261331680230796,0.0,0.6943710446357727,2680000.0,-0.011741634458303452,0.004510149359703064,8.964538444899972e-09,0.043519098311662674,0.0008385404944419861,1.948533535003662,0.46175360679626465,0.1940484344959259,2.7536256313323975,16366.0537109375,21.7957820892334,100.54657745361328,122.34236145019531,163.47567749023438,0.828397810459137,0.32888469099998474,0.1847006380558014,0.02914418652653694,0.34355640411376953,1.0,0.2555191218852997,0.029143452644348145,-375.1656494140625,0.02914418652653694,0.000317478203214705,0.13740503787994385,0.0,0.38151678442955017,0.0
19.159130096435547,38.2599983215332,1000.0,134.0,1.0521553754806519,0.00013867039524484426,40.0,0.9994228482246399,0.9994228482246399,0.9994228482246399,0.00040806576726026833,0.0,0.6934366822242737,2700000.0,-0.012250857427716255,-0.0005092229694128036,5.197525076994225e-09,0.04271083325147629,-0.0008082650601863861,2.1664206981658936,0.46461114287376404,0.0028575360774993896,3.2362003326416016,16488.541015625,22.085317611694336,100.36666870117188,122.45198059082031,163.32933044433594,0.9421294331550598,0.3272457718849182,0.16626963019371033,0.02253246307373047,0.3383597433567047,1.0,0.26196643710136414,0.02252632938325405,-1215.5362548828125,0.02253246307373047,0.0009419572306796908,0.14464780688285828,0.0,0.37184253334999084,0.0
19.810415267944336,40.439998626708984,1000.0,135.0,1.0467027425765991,0.00013358649448491633,40.0,0.9990995526313782,0.9990995526313782,0.9990995526313782,0.0006366702727973461,0.0,0.6898798942565918,2720000.0,-0.010450269095599651,0.0018005883321166039,2.8610229740877458e-09,0.042426854372024536,-0.0002839788794517517,2.0101189613342285,0.35373586416244507,-0.11087527871131897,3.244412422180176,16611.740234375,21.907833099365234,101.2596435546875,123.16748046875,162.38052368164062,0.920884370803833,0.33735576272010803,0.15468819439411163,0.023584114387631416,0.34967750310897827,1.0,0.21501463651657104,0.023581381887197495,-2496.48876953125,0.023584114387631416,-0.00051083043217659,0.09549076855182648,0.0,0.4576508700847626,0.0
19.84090805053711,34.560001373291016,1000.0,136.0,1.0444821119308472,0.00013133672473486513,40.0,1.0001808404922485,1.0001808404922485,1.0001808404922485,0.00012790164328180254,0.0,0.6884465217590332,2740000.0,-0.010228630155324936,0.00022163894027471542,6.580352707175052e-09,0.04224393889307976,-0.00018291547894477844,1.998378872871399,0.33895552158355713,-0.01478034257888794,3.2789254188537598,16734.212890625,21.71678352355957,100.72066497802734,122.43795776367188,163.34803771972656,0.8307657241821289,0.3336452841758728,0.17741301655769348,0.028978290036320686,0.3597574532032013,1.0,0.24237479269504547,0.02897699363529682,-928.9623413085938,0.028978290036320686,-0.0003570488770492375,0.09838035702705383,0.0,0.4508798122406006,0.0
18.267248153686523,30.81999969482422,1000.0,137.0,1.0413087606430054,0.00013404886703938246,40.0,0.9996180534362793,0.9996180534362793,0.9996180534362793,0.00027004891308024526,0.0,0.6863046288490295,2760000.0,-0.009315025061368942,0.0009136050939559937,1.1777878228258487e-08,0.038908012211322784,-0.0033359266817569733,1.8108668327331543,0.32047346234321594,-0.018482059240341187,3.0051934719085693,16856.732421875,21.348896026611328,101.13756561279297,122.48645782470703,163.28335571289062,0.90342116355896,0.3311459720134735,0.14039267599582672,0.02450469508767128,0.34673190116882324,1.0,0.2051279991865158,0.024504534900188446,-456.9057922363281,0.02450469508767128,0.00010909431148320436,0.0741310566663742,0.0,0.5194154381752014,0.0
17.212966918945312,29.920000076293945,1000.0,138.0,1.0374845266342163,0.00013791106175631285,40.0,0.9996976852416992,0.9996976852416992,0.9996976852416992,0.00021374071366153657,0.0,0.6836416125297546,2780000.0,-0.011429380625486374,-0.0021143555641174316,-2.6702879907247734e-09,0.03961024433374405,0.0007022321224212646,1.91950523853302,0.31481850147247314,-0.005654960870742798,2.934685707092285,16982.5859375,22.228620529174805,103.59042358398438,125.81904602050781,158.9584503173828,0.8317000865936279,0.32727673649787903,0.17632518708705902,0.028913211077451706,0.3657500445842743,1.0,0.24152196943759918,0.02874983847141266,-222.28236389160156,0.028913211077451706,-0.004217775072902441,0.10888952016830444,0.0,0.4285701513290405,0.0
16.852869033813477,24.739999771118164,1000.0,139.0,1.0317434072494507,0.00016275998495984823,40.0,1.000531792640686,1.000531792640686,1.000531792640686,0.0003760060644708574,0.0,0.6798439621925354,2800000.0,-0.01779838837683201,-0.0063690077513456345,7.700919901765246e-09,0.039108555763959885,-0.0005016885697841644,1.9309296607971191,0.23198772966861725,-0.0828307718038559,2.6775131225585938,17104.8125,22.695796966552734,99.4959487915039,122.1917495727539,163.6771697998047,0.8153117895126343,0.29845738410949707,0.16155917942523956,0.030087243765592575,0.3660654127597809,1.0,0.20634041726589203,0.03006291203200817,-1.0509997606277466,0.030087243765592575,0.001239251927472651,0.06311869621276855,1.2265245914459229,0.0,3.0
19.361427307128906,22.540000915527344,1000.0,140.0,1.0206297636032104,0.00014260441821534187,40.0,0.9989205002784729,0.9989205002784729,0.9989205002784729,0.0007633075583726168,0.0,0.6726024746894836,2820000.0,-0.015602020546793938,0.0021963678300380707,-4.76837147544984e-09,0.041783664375543594,0.0026751086115837097,2.136039972305298,0.27141010761260986,0.039422377943992615,2.997084856033325,17228.9609375,23.704490661621094,100.40896606445312,124.11345672607422,161.14288330078125,0.8838996887207031,0.3185685873031616,0.13947996497154236,0.025599051266908646,0.3604126572608948,1.0,0.16980533301830292,0.025500483810901642,-99.02262878417969,0.025599051266908646,0.0024540915619581938,0.06110090762376785,1.131350040435791,0.0,3.0
21.37310028076172,22.719999313354492,1000.0,141.0,1.0122747421264648,0.00013788753130938858,40.0,0.9997847080230713,0.9997847080230713,0.9997847080230713,0.00015223441005218774,0.0,0.6670660972595215,2840000.0,-0.016885753720998764,-0.0012837331742048264,7.271766744310071e-09,0.04279056936502457,0.0010069049894809723,2.166590929031372,0.2748030126094818,0.0033929049968719482,2.517329692840576,17351.84765625,23.92686653137207,98.92605590820312,122.85292053222656,162.79629516601562,0.8270586133003235,0.32421937584877014,0.13504070043563843,0.02923864684998989,0.3920149803161621,1.0,0.18281994760036469,0.028533313423395157,-73.76791381835938,0.02923864684998989,0.007049196399748325,0.07045060396194458,1.2091041803359985,0.0,3.0
22.309795379638672,24.200000762939453,1000.0,142.0,0.9969906806945801,0.00015388174506369978,40.0,0.9998671412467957,0.9998671412467957,0.9998671412467957,9.395938104717061e-05,0.0,0.6571564078330994,2860000.0,-0.016561193391680717,0.00032456032931804657,1.1825561863076928e-08,0.04273097217082977,-5.95971941947937e-05,2.1640803813934326,0.2979283630847931,0.02312535047531128,2.4593465328216553,17476.046875,23.15505599975586,101.01041412353516,124.1655044555664,161.07533264160156,0.8634611964225769,0.3134351670742035,0.14118017256259918,0.026825275272130966,0.36299851536750793,1.0,0.2278512418270111,0.026735955849289894,-7.031421184539795,0.026825275272130966,0.0028472517151385546,0.09076166898012161,1.1581296920776367,0.0,3.0
22.711496353149414,22.0,1000.0,143.0,0.9885988831520081,0.0001352372783003375,40.0,1.0004816055297852,1.0004816055297852,1.0004816055297852,0.0003406027390155941,0.0,0.6518834233283997,2880000.0,-0.01729828119277954,-0.0007370878010988235,1.3709068547029801e-08,0.04059027135372162,-0.0021407008171081543,2.1424038410186768,0.2790214419364929,-0.01890692114830017,2.5621743202209473,17597.18359375,22.406707763671875,98.6952896118164,121.10199737548828,165.15003967285156,0.8608208298683167,0.32526615262031555,0.13282737135887146,0.026990089565515518,0.3778557777404785,1.0,0.21015626192092896,0.026990069076418877,-143.40565490722656,0.026990089565515518,3.5174802178516984e-05,0.06275027245283127,1.161681890487671,0.0,3.0
23.391590118408203,23.18000030517578,1000.0,144.0,0.9862370491027832,0.00014075887156650424,40.0,1.0000017881393433,1.0000017881393433,1.0000017881393433,1.2369459909677971e-06,0.0,0.6503610014915466,2900000.0,-0.016728628426790237,0.0005696527659893036,2.7418137205081905e-10,0.04646909236907959,0.005878821015357971,2.305490732192993,0.2642627954483032,-0.014758646488189697,2.493016481399536,17719.453125,21.64390754699707,100.5930404663086,122.23695373535156,163.61663818359375,0.8835023641586304,0.31843724846839905,0.12273283302783966,0.025622081011533737,0.360426127910614,1.0,0.15976856648921967,0.02561461366713047,-68.7595443725586,0.025622081011533737,0.0005996506661176682,0.0481596440076828,1.1318588256835938,0.0,3.0
24.264726638793945,22.3799991607666,1000.0,145.0,0.9828052520751953,0.0001433170837117359,40.0,1.0004650354385376,1.0004650354385376,1.0004650354385376,0.0003288016014266759,0.0,0.6484408974647522,2920000.0,-0.016439974308013916,0.0002886541187763214,8.440017573718706e-09,0.04206312820315361,-0.00440596416592598,2.376863718032837,0.29375413060188293,0.029491335153579712,2.3589861392974854,17840.833984375,21.613374710083008,99.73526763916016,121.34864807128906,164.81436157226562,0.8716211318969727,0.3105740249156952,0.16050812602043152,0.02632535994052887,0.3563176691532135,1.0,0.16085022687911987,0.02624235674738884,-131.69070434570312,0.02632535994052887,0.0020798705518245697,0.05211727321147919,1.1472874879837036,0.0,3.0
24.374937057495117,30.700000762939453,1000.0,146.0,0.9826930165290833,0.00014013057807460427,40.0,1.000582218170166,1.000582218170166,1.000582218170166,0.00041169041651301086,0.0,0.6486731171607971,2940000.0,-0.010696452111005783,0.005743522197008133,1.125335735707722e-08,0.03872938081622124,-0.003333747386932373,2.4920077323913574,0.3019798696041107,0.008225739002227783,2.5636730194091797,17963.11328125,21.9296817779541,100.31079864501953,122.240478515625,163.61192321777344,0.8805559873580933,0.32591477036476135,0.12441204488277435,0.025793831795454025,0.3818926513195038,1.0,0.21250824630260468,0.025687113404273987,-404.01953125,0.025793831795454025,-0.0029294160194694996,0.08041293919086456,0.0,0.49871450662612915,0.0
24.467958450317383,43.29999923706055,1000.0,147.0,0.9861454963684082,0.00014923291746526957,40.0,1.0010370016098022,1.0010370016098022,1.0010370016098022,0.0007331866072490811,0.0,0.6513242721557617,2960000.0,-0.01742701604962349,-0.006730563938617706,2.0980834847250662e-09,0.041911784559488297,0.0031824037432670593,2.3574860095977783,0.5286346077919006,0.22665473818778992,2.722996473312378,18085.62109375,22.158979415893555,100.3182373046875,122.47721099853516,163.29568481445312,0.8023739457130432,0.3124765455722809,0.19532935321331024,0.03106534853577614,0.38748878240585327,1.0,0.37672120332717896,0.030917704105377197,-1492.4732666015625,0.03106534853577614,-0.005755780264735222,0.2243828922510147,0.0,0.2985520660877228,0.0
24.958242416381836,46.86000061035156,1000.0,148.0,0.9820381999015808,0.0001422815548721701,40.0,0.9996874332427979,0.9996874332427979,0.9996874332427979,0.00022101806825958192,0.0,0.6486111283302307,2980000.0,-0.01096314750611782,0.006463868543505669,-8.440017573718706e-09,0.039292171597480774,-0.0026196129620075226,2.56136417388916,0.41289466619491577,-0.11573994159698486,3.2462551593780518,18207.904296875,22.144662857055664,100.10321044921875,122.24787139892578,163.60202026367188,0.8556314706802368,0.32350417971611023,0.16416697204113007,0.02731846645474434,0.3719552159309387,1.0,0.3149927258491516,0.027304532006382942,-4021.14990234375,0.02731846645474434,0.0012868463527411222,0.11883595585823059,0.0,0.41024288535118103,0.0
25.470691680908203,44.52000045776367,1000.0,149.0,0.9738566279411316,0.0001377128646709025,40.0,1.0005574226379395,1.0005574226379395,1.0005574226379395,0.00039415733772329986,0.0,0.6433622241020203,3000000.0,-0.009536427445709705,0.0014267200604081154,-5.817413217812373e-09,0.04050789773464203,0.0012157261371612549,2.4974050521850586,0.36084213852882385,-0.05205252766609192,3.0764026641845703,18328.984375,22.116336822509766,98.93209075927734,121.04843139648438,165.22312927246094,0.8607639670372009,0.32480964064598083,0.14347374439239502,0.026993654668331146,0.3659115135669708,1.0,0.30484816431999207,0.026988133788108826,-3989.815673828125,0.026993654668331146,0.0007261538412421942,0.09550027549266815,0.0,0.4576281011104584,0.0
25.43291473388672,37.599998474121094,1000.0,150.0,0.985088586807251,0.00010685955203371122,40.0,1.0011478662490845,1.0011478662490845,1.0011478662490845,0.0008117482648231089,0.0,0.650520384311676,3020000.0,-0.009652718901634216,-0.00011629145592451096,-3.051757735406113e-09,0.040335848927497864,-0.00017204880714416504,2.439918279647827,0.3867219090461731,0.025879770517349243,3.3140604496002197,18449.380859375,21.70211410522461,98.65837097167969,120.36148071289062,166.16612243652344,0.911047101020813,0.3515348732471466,0.1539592295885086,0.024096177890896797,0.36010512709617615,1.0,0.18995283544063568,0.02409392036497593,-1879.1561279296875,0.024096177890896797,0.0004366765497252345,0.084483802318573,0.0,0.48655086755752563,0.0
22.32186508178711,33.459999084472656,1000.0,151.0,0.988416850566864,0.00014632118109147996,40.0,1.000529408454895,1.000529408454895,1.000529408454895,0.0003743763954844326,0.0,0.6528975963592529,3040000.0,-0.007511727511882782,0.0021409913897514343,5.149841442175784e-09,0.0380743034183979,-0.0022615455090999603,2.2221741676330566,0.33629360795021057,-0.050428301095962524,3.17655348777771,18569.666015625,21.675643920898438,98.57642364501953,120.25206756591797,166.3173065185547,0.8547374606132507,0.32315871119499207,0.15939100086688995,0.02737564593553543,0.36139169335365295,1.0,0.21526244282722473,0.02688492275774479,-817.9512939453125,0.02737564593553543,0.006552685517817736,0.08749888837337494,0.0,0.4780944585800171,0.0
22.5360107421875,37.58000183105469,1000.0,152.0,0.9843003153800964,0.00012653946760110557,40.0,0.9998621344566345,0.9998621344566345,0.9998621344566345,9.749971650307998e-05,0.0,0.6505022048950195,3060000.0,-0.010743257589638233,-0.003231530077755451,6.580352707175052e-09,0.04322396591305733,0.005149662494659424,2.54360032081604,0.41155022382736206,0.07525661587715149,3.6934547424316406,18689.615234375,22.122135162353516,97.79518127441406,119.91731262207031,166.78158569335938,0.8522195219993591,0.3408565819263458,0.13632982969284058,0.027537653222680092,0.3795989453792572,1.0,0.22055098414421082,0.027536818757653236,-1477.9219970703125,0.027537653222680092,0.00029879878275096416,0.1070789098739624,0.0,0.4321783483028412,0.0
21.667985916137695,31.260000228881836,1000.0,153.0,0.9889819025993347,0.0001305335754295811,40.0,1.0003494024276733,1.0003494024276733,1.0003494024276733,0.0002470367180649191,0.0,0.6536082625389099,3080000.0,-0.00834136363118887,0.0024018939584493637,2.9087066089061864e-09,0.04289897903800011,-0.00032498687505722046,2.4416418075561523,0.29234325885772705,-0.11920696496963501,3.397796154022217,18811.904296875,23.52379035949707,98.72985076904297,122.2536392211914,163.5943145751953,0.8324238657951355,0.3335714638233185,0.15166683495044708,0.028862953186035156,0.3708340525627136,1.0,0.18066449463367462,0.02883835695683956,-653.4360961914062,0.028862953186035156,0.001214509131386876,0.05996974557638168,0.0,0.577495813369751,0.0
24.03615951538086,29.459999084472656,1000.0,154.0,0.9845326542854309,0.00012320895621087402,40.0,0.9991416335105896,0.9991416335105896,0.9991416335105896,0.0006069708033464849,0.0,0.6505473256111145,3100000.0,-0.008524732664227486,-0.00018336903303861618,-3.290176353587526e-09,0.04594651982188225,0.003047540783882141,2.521125555038452,0.2689388692378998,-0.02340438961982727,3.2844936847686768,18936.759765625,24.3615779876709,100.45919036865234,124.82077026367188,160.229736328125,0.8203577399253845,0.3410002291202545,0.16355381906032562,0.029718250036239624,0.3807898163795471,1.0,0.21019500494003296,0.029694335535168648,-288.3371887207031,0.029718250036239624,-0.0012844041921198368,0.06898246705532074,0.0,0.538450300693512,0.0
23.97704315185547,24.739999771118164,1000.0,155.0,0.9703307151794434,0.0001540362136438489,40.0,0.9994282722473145,0.9994282722473145,0.9994282722473145,0.00040424446342512965,0.0,0.6412432193756104,3120000.0,-0.017133349552750587,-0.008608616888523102,2.813339339269305e-09,0.03833625465631485,-0.007610265165567398,2.6176180839538574,0.2723287045955658,0.0033898353576660156,3.0017969608306885,19059.9921875,24.295316696166992,98.90272521972656,123.19804382324219,162.34024047851562,0.8239182829856873,0.3094549775123596,0.16137132048606873,0.02946195751428604,0.3755894601345062,1.0,0.2127748429775238,0.029272161424160004,-0.7021427750587463,0.02946195751428604,0.004215076565742493,0.09361045062541962,1.2137125730514526,0.0,3.0
25.061870574951172,24.739999771118164,1000.0,156.0,0.9668044447898865,0.00013312010560184717,40.0,0.9999154210090637,0.9999154210090637,0.9999154210090637,5.9792331740027294e-05,0.0,0.6385892033576965,3140000.0,-0.016858313232660294,0.0002750363200902939,-5.292892346631106e-09,0.04308341443538666,0.004747159779071808,2.5340895652770996,0.2627870440483093,-0.00954166054725647,2.7749531269073486,19181.8203125,22.973276138305664,98.81977081298828,121.79304504394531,164.21298217773438,0.873444139957428,0.3258856236934662,0.13377128541469574,0.026215584948658943,0.3731040954589844,1.0,0.14391201734542847,0.026215367019176483,-1.2371602058410645,0.026215584948658943,-0.00010839442256838083,0.05377206951379776,1.144892930984497,0.0,3.0
25.447111129760742,27.100000381469727,1000.0,157.0,0.9713506102561951,0.00015068129869177938,40.0,1.0013046264648438,1.0013046264648438,1.0013046264648438,0.0009225663961842656,0.0,0.6418435573577881,3160000.0,-0.013326524756848812,0.0035317884758114815,-2.00271599304358e-09,0.03921842575073242,-0.003864988684654236,2.5843846797943115,0.35564324259757996,0.09285619854927063,2.8597235679626465,19308.580078125,21.790332794189453,104.93510437011719,126.7254409790039,157.82150268554688,0.8276286721229553,0.3068768084049225,0.1414942890405655,0.029198385775089264,0.38738468289375305,1.0,0.3053072690963745,0.028731662780046463,-30.22233009338379,0.029198385775089264,-0.008249765262007713,0.14582213759422302,0.0,0.3703422248363495,0.0
24.77483367919922,31.260000228881836,1000.0,158.0,0.9724037647247314,0.00012780122051481158,40.0,0.9999392628669739,0.9999392628669739,0.9999392628669739,4.2905532609438524e-05,0.0,0.6428999304771423,3180000.0,-0.011298174038529396,0.002028350718319416,-5.245208711812666e-10,0.037225931882858276,-0.0019924938678741455,2.4989168643951416,0.32071828842163086,-0.0349249541759491,2.5240535736083984,19429.220703125,21.613656997680664,98.99390411376953,120.60755920410156,165.82708740234375,0.895820140838623,0.33701613545417786,0.13509686291217804,0.02492230385541916,0.3708322048187256,1.0,0.25023284554481506,0.024919908493757248,-309.1012268066406,0.02492230385541916,0.0005511112976819277,0.1267709732055664,0.0,0.3971961736679077,0.0
24.519336700439453,37.81999969482422,1000.0,159.0,0.9694831371307373,0.00013272032083477825,40.0,1.001010537147522,1.001010537147522,1.001010537147522,0.0007145857671275735,0.0,0.6411624550819397,3200000.0,-0.011108946986496449,0.00018922705203294754,1.19209286886246e-09,0.03788919001817703,0.0006632581353187561,2.568927049636841,0.3743978440761566,0.05367955565452576,2.961698293685913,19550.83984375,21.623079299926758,99.96109008789062,121.58416748046875,164.49510192871094,0.821510910987854,0.33305710554122925,0.1755983978509903,0.029634881764650345,0.3845519423484802,1.0,0.220289945602417,0.02960876375436783,-1583.8458251953125,0.029634881764650345,-0.0016462398925796151,0.10376660525798798,0.0,0.43902191519737244,0.0
24.7863712310791,39.5,1000.0,160.0,0.9660165905952454,0.00013700086856260896,40.0,1.0004390478134155,1.0004390478134155,1.0004390478134155,0.00031036941800266504,0.0,0.6389983296394348,3220000.0,-0.011309237219393253,-0.0002002902328968048,-1.239776614703203e-09,0.03441789001226425,-0.0034713000059127808,2.6974337100982666,0.3931367099285126,0.018738865852355957,3.1520676612854004,19673.12890625,22.011140823364258,100.24484252929688,122.2559814453125,163.5911865234375,0.8473554849624634,0.3295138478279114,0.1406071037054062,0.02785470522940159,0.3710578978061676,1.0,0.20444618165493011,0.02773837372660637,-2275.7177734375,0.02785470522940159,-0.0032783569768071175,0.0923876091837883,0.0,0.46527329087257385,0.0
25.3893985748291,34.84000015258789,1000.0,161.0,0.9579766392707825,0.0001271534274565056,40.0,1.0004987716674805,1.0004987716674805,1.0004987716674805,0.00035274101537652314,0.0,0.6338961720466614,3240000.0,-0.010020012967288494,0.0012892242521047592,-2.145767119543507e-09,0.040453530848026276,0.006035640835762024,2.615098476409912,0.3363807797431946,-0.05675593018531799,3.2267704010009766,19793.84765625,21.569692611694336,99.11576843261719,120.68546295166016,165.7200469970703,0.8425639867782593,0.3362167775630951,0.19713711738586426,0.028172414749860764,0.3757581114768982,1.0,0.22473378479480743,0.028156422078609467,-1086.9652099609375,0.028172414749860764,-0.0011935371439903975,0.0890771895647049,0.0,0.47383999824523926,0.0
26.4327449798584,34.41999816894531,1000.0,162.0,0.953991174697876,0.00012705229164566845,40.0,1.000689148902893,1.000689148902893,1.000689148902893,0.00048738616169430315,0.0,0.6314089298248291,3260000.0,-0.00946446880698204,0.0005555441603064537,-3.290176353587526e-09,0.03793742135167122,-0.0025161094963550568,2.695847749710083,0.3511424660682678,0.014761686325073242,3.1517670154571533,19915.939453125,22.501564025878906,99.5562973022461,122.057861328125,163.85671997070312,0.8032541275024414,0.33818644285202026,0.16540147364139557,0.030997304245829582,0.3934688866138458,1.0,0.22816264629364014,0.030975844711065292,-931.4527587890625,0.030997304245829582,0.001429797150194645,0.09526456892490387,0.0,0.4581938683986664,0.0
26.771635055541992,33.31999969482422,1000.0,163.0,0.9522144198417664,0.00013251369819045067,40.0,1.000600814819336,1.000600814819336,1.000600814819336,0.0004248402256052941,0.0,0.6303468346595764,3280000.0,-0.007930747233331203,0.001533721573650837,9.53674295089968e-09,0.03561880439519882,-0.002318616956472397,2.7040419578552246,0.35475385189056396,0.0036113858222961426,3.2440860271453857,20038.068359375,21.27262306213379,100.82066345214844,122.0932846069336,163.80917358398438,0.7983267307281494,0.3302939236164093,0.14711633324623108,0.03138112649321556,0.3974626064300537,1.0,0.22440630197525024,0.03115965612232685,-731.8925170898438,0.03138112649321556,0.004576692823320627,0.09457740187644958,0.0,0.4598553776741028,0.0
26.477558135986328,33.34000015258789,1000.0,164.0,0.9520738124847412,0.00012410827912390232,40.0,0.9999353289604187,0.9999353289604187,0.9999353289604187,4.577151776175015e-05,0.0,0.6299956440925598,3300000.0,-0.008673601783812046,-0.0007428545504808426,-6.198883073516015e-10,0.03998308628797531,0.004364281892776489,2.623631238937378,0.3414502441883087,-0.013303607702255249,3.2094526290893555,20158.7890625,21.13981819152832,99.54796600341797,120.68778228759766,165.71685791015625,0.8226038813591003,0.33769911527633667,0.16038963198661804,0.029556183144450188,0.3761194944381714,1.0,0.2210717648267746,0.0295098964124918,-874.8587036132812,0.029556183144450188,0.0019183122785761952,0.0795031264424324,0.0,0.5015599727630615,0.0
25.064476013183594,29.079999923706055,1000.0,165.0,0.9555284976959229,0.00012341912952251732,40.0,0.9991733431816101,0.9991733431816101,0.9991733431816101,0.000584548688493669,0.0,0.6321763396263123,3320000.0,-0.0075102197006344795,0.0011633820831775665,2.6702879907247734e-09,0.03895506262779236,-0.0010280236601829529,2.6192357540130615,0.2832878530025482,-0.0581623911857605,3.091193675994873,20281.009765625,21.558757781982422,100.62867736816406,122.18743133544922,163.68295288085938,0.8354855179786682,0.3392946720123291,0.1487620621919632,0.028651807457208633,0.38992443680763245,1.0,0.17583224177360535,0.028412647545337677,-222.9217987060547,0.028651807457208633,0.00422578863799572,0.07466700673103333,0.0,0.5175479650497437,0.0
24.05748748779297,28.0,1000.0,166.0,0.9595509171485901,0.00012141503248130903,40.0,1.0009998083114624,1.0009998083114624,1.0009998083114624,0.0007068869890645146,0.0,0.6348339319229126,3340000.0,-0.008439643308520317,-0.0009294236078858376,4.482269222449986e-09,0.04241229593753815,0.0034572333097457886,2.6585941314697266,0.30226224660873413,0.018974393606185913,3.0688083171844482,20401.09375,21.460128784179688,98.5897216796875,120.04985046386719,166.5974578857422,0.8165781497955322,0.3394695222377777,0.15964190661907196,0.029993996024131775,0.38310566544532776,1.0,0.21980491280555725,0.02996244467794895,-125.97511291503906,0.029993996024131775,0.0015012403018772602,0.07143133878707886,0.0,0.5291399955749512,0.0
24.1095027923584,23.079999923706055,1000.0,167.0,0.9584271907806396,0.0001300758885918185,40.0,0.9995867609977722,0.9995867609977722,0.9995867609977722,0.00029224625905044377,0.0,0.6341073513031006,3360000.0,-0.016634775325655937,-0.00819513201713562,6.580352707175052e-09,0.04270431771874428,0.000292021781206131,2.5708889961242676,0.2647725045681,-0.037489742040634155,2.9614453315734863,20522.771484375,21.96927261352539,99.67604064941406,121.64531707763672,164.41241455078125,0.8905612230300903,0.3335695266723633,0.10735271871089935,0.025217514485120773,0.37456098198890686,1.0,0.15975651144981384,0.02519049309194088,-71.14689636230469,0.025217514485120773,0.001183100277557969,0.05179935693740845,1.122887372970581,0.0,3.0
24.709779739379883,26.459999084472656,1000.0,168.0,0.9625484347343445,0.00012136109580751508,40.0,1.000780701637268,1.000780701637268,1.000780701637268,0.0005520113045349717,0.0,0.6366977691650391,3380000.0,-0.0058400752022862434,0.010794700123369694,-1.3685226285531371e-08,0.04267547279596329,-2.88449227809906e-05,2.599381923675537,0.30183643102645874,0.037063926458358765,2.7268121242523193,20644.728515625,23.581523895263672,98.34040832519531,121.92192840576172,164.03939819335938,0.8461250066757202,0.3409375250339508,0.14214357733726501,0.027935778722167015,0.3763692080974579,1.0,0.17252673208713531,0.027742760255932808,-41.02458572387695,0.027935778722167015,0.0031661009415984154,0.051933687180280685,0.0,0.6205694079399109,0.0
23.356382369995117,21.239999771118164,1000.0,169.0,0.9617360234260559,0.00014546114834956825,40.0,0.9998705983161926,0.9998705983161926,0.9998705983161926,9.151485573966056e-05,0.0,0.6362643241882324,3400000.0,-0.016992537304759026,-0.011152462102472782,6.961822673900997e-09,0.03824971243739128,-0.004425760358572006,2.3297877311706543,0.20119653642177582,-0.10063989460468292,2.4207100868225098,20766.79296875,23.13447380065918,98.89681243896484,122.03128051757812,163.89239501953125,0.869271457195282,0.31329599022865295,0.13900747895240784,0.02646787092089653,0.36041221022605896,1.0,0.13066445291042328,0.026454253122210503,-323.7979431152344,0.02646787092089653,-0.0007710402132943273,0.04365909844636917,1.1503885984420776,0.0,3.0
24.938926696777344,26.34000015258789,1000.0,170.0,0.956089973449707,0.00011602704034885392,40.0,0.9999437928199768,0.9999437928199768,0.9999437928199768,3.973043567384593e-05,0.0,0.6328561305999756,3420000.0,-0.010446963831782341,0.006545573472976685,-9.059905714536853e-09,0.044446416199207306,0.006196703761816025,2.678915023803711,0.32432982325553894,0.12313328683376312,2.555223226547241,20889.916015625,22.963626861572266,100.12181091308594,123.08544158935547,162.48875427246094,0.8769657015800476,0.3484334647655487,0.15933775901794434,0.026005465537309647,0.36067113280296326,1.0,0.26058122515678406,0.026002664119005203,-17.58187484741211,0.026005465537309647,0.0005346680991351604,0.10201187431812286,0.0,0.44278162717819214,0.0
25.071165084838867,27.780000686645508,1000.0,171.0,0.9513154625892639,0.00014116133388597518,40.0,0.9995705485343933,0.9995705485343933,0.9995705485343933,0.00030371019965969026,0.0,0.6298027634620667,3440000.0,-0.009517216123640537,0.0009297477081418037,7.2479249269008506e-09,0.045265719294548035,0.0008193030953407288,2.63106632232666,0.30500543117523193,-0.019324392080307007,2.5166075229644775,21012.30859375,21.320560455322266,101.03780364990234,122.35836029052734,163.4542999267578,0.8375123739242554,0.326129674911499,0.14602068066596985,0.028513293713331223,0.3835468590259552,1.0,0.22638019919395447,0.02851312980055809,-83.04019927978516,0.028513293713331223,-0.00012379733379930258,0.09304581582546234,0.0,0.4636246860027313,0.0
26.22024917602539,30.700000762939453,1000.0,172.0,0.9565658569335938,0.00012918133870698512,40.0,1.0004078149795532,1.0004078149795532,1.0004078149795532,0.00028845304041169584,0.0,0.6331906914710999,3460000.0,-0.007413668092340231,0.0021035480313003063,-2.0980834847250662e-09,0.0378631092607975,-0.007402610033750534,2.600834846496582,0.3037972152233124,-0.0012082159519195557,2.5777409076690674,21133.287109375,21.883766174316406,99.06150817871094,120.94527435302734,165.36404418945312,0.8097103834152222,0.3307943642139435,0.180170938372612,0.03050496056675911,0.37372010946273804,1.0,0.22986140847206116,0.030071387067437172,-381.3302001953125,0.03050496056675911,0.0060777682811021805,0.08519729971885681,0.0,0.4845092296600342,0.0
25.034862518310547,28.420000076293945,1000.0,173.0,0.9596900343894958,0.00011484981223475188,40.0,0.9999521374702454,0.9999521374702454,0.9999521374702454,3.382987779332325e-05,0.0,0.6354923844337463,3480000.0,-0.00679532065987587,0.0006183474324643612,-6.1988831845383174e-09,0.038121458142995834,0.00025834888219833374,2.5871706008911133,0.26790228486061096,-0.035894930362701416,2.614192485809326,21255.650390625,21.250459671020508,101.07970428466797,122.33016204833984,163.49197387695312,0.8668449521064758,0.3516468405723572,0.14649009704589844,0.026616258546710014,0.3624974191188812,1.0,0.17464731633663177,0.02640114352107048,-182.37374877929688,0.026616258546710014,0.003714130027219653,0.06412719190120697,0.0,0.5584623217582703,0.0
23.774524688720703,26.739999771118164,1000.0,174.0,0.9639883637428284,0.00011242996697546914,40.0,1.0005683898925781,1.0005683898925781,1.0005683898925781,0.0004019123443868011,0.0,0.6387364268302917,3500000.0,-0.00845946092158556,-0.00166414026170969,2.38418573772492e-09,0.036495357751846313,-0.0016261003911495209,2.349611282348633,0.3281517028808594,0.06024941802024841,2.4982972145080566,21376.318359375,21.407377243041992,99.22642517089844,120.63379669189453,165.791015625,0.8644721508026123,0.34945884346961975,0.12681005895137787,0.026762569323182106,0.38131624460220337,1.0,0.19404351711273193,0.02668430656194687,-38.82844924926758,0.026762569323182106,0.002469675149768591,0.07793357968330383,0.0,0.5065853595733643,0.0
22.467519760131836,27.6200008392334,1000.0,175.0,0.9619657397270203,0.0001192993950098753,40.0,0.9995079040527344,0.9995079040527344,0.9995079040527344,0.0003479362931102514,0.0,0.6377103924751282,3520000.0,-0.011605105362832546,-0.0031456444412469864,8.869171175263091e-09,0.03766992315649986,0.0011745654046535492,2.3793270587921143,0.33501094579696655,0.006859242916107178,2.5775928497314453,21499.421875,21.95169448852539,101.11856842041016,123.07026672363281,162.5087890625,0.8709498643875122,0.3452824354171753,0.14290927350521088,0.02636595442891121,0.3707769215106964,1.0,0.2316121757030487,0.026364978402853012,-54.57080841064453,0.02636595442891121,-0.00035037973430007696,0.1257428377866745,0.0,0.39881670475006104,0.0
22.13770294189453,35.720001220703125,1000.0,176.0,0.9567855000495911,0.00011755769810406491,40.0,0.9997386336326599,0.9997386336326599,0.9997386336326599,0.00018482796440366656,0.0,0.6342225670814514,3540000.0,-0.011389673687517643,0.00021543167531490326,1.9073485846288207e-10,0.04379776865243912,0.006127845495939255,2.439105987548828,0.3800230920314789,0.04501214623451233,2.886625051498413,21620.5546875,21.300058364868164,99.79888153076172,121.09893798828125,165.15420532226562,0.829068124294281,0.344027042388916,0.16785641014575958,0.02909708395600319,0.3774261176586151,1.0,0.24889138340950012,0.02906583435833454,-851.3070068359375,0.02909708395600319,0.0020538540557026863,0.13498738408088684,0.0,0.3849181532859802,0.0
22.31348419189453,35.779998779296875,1000.0,177.0,0.9535672068595886,0.00013188378943596035,40.0,1.00140380859375,1.00140380859375,1.00140380859375,0.000992642599157989,0.0,0.6319459080696106,3560000.0,-0.00817546434700489,0.0032142093405127525,-5.435943695175638e-09,0.0398147888481617,-0.00398297980427742,2.4429805278778076,0.3429141044616699,-0.03710898756980896,3.2403955459594727,21742.357421875,21.152910232543945,100.61701965332031,121.76992797851562,164.24415588378906,0.8453201651573181,0.3351695239543915,0.15251746773719788,0.02798900008201599,0.3839747905731201,1.0,0.23775196075439453,0.027572255581617355,-1186.4873046875,0.02798900008201599,0.0063887909054756165,0.09794154763221741,0.0,0.45188871026039124,0.0
22.68291473388672,38.97999954223633,1000.0,178.0,0.9480076432228088,0.00012951352982781827,40.0,1.001225471496582,1.001225471496582,1.001225471496582,0.0008665953646413982,0.0,0.6283984184265137,3580000.0,-0.01134220790117979,-0.0031667435541749,-1.1539459165987864e-08,0.042323652654886246,0.0025088638067245483,2.4922993183135986,0.40776389837265015,0.06484979391098022,3.1617136001586914,21865.8984375,21.286048889160156,102.2226333618164,123.50868225097656,161.9319305419922,0.8482488989830017,0.3381228744983673,0.1608612835407257,0.027796057984232903,0.3785730302333832,1.0,0.2830784022808075,0.02776145562529564,-1496.4693603515625,0.027796057984232903,0.0021257870830595493,0.1305992305278778,0.0,0.39133134484291077,0.0
23.617332458496094,31.020000457763672,1000.0,179.0,0.9481028914451599,0.000135982598294504,40.0,0.9999898076057434,0.9999898076057434,0.9999898076057434,7.221187388495309e-06,0.0,0.6276453137397766,3600000.0,-0.007967865094542503,0.003374342806637287,6.961822673900997e-09,0.043082211166620255,0.0007585585117340088,2.3919484615325928,0.3073752820491791,-0.10038861632347107,3.059485673904419,21989.0078125,21.02060317993164,102.05293273925781,123.07353210449219,162.5044708251953,0.8966049551963806,0.32855382561683655,0.12714427709579468,0.024878690019249916,0.3690236508846283,1.0,0.18968158960342407,0.02482496201992035,-540.8051147460938,0.024878690019249916,0.0018974526319652796,0.06700946390628815,0.0,0.5463197231292725,0.0
22.586341857910156,31.1200008392334,1000.0,180.0,0.95327228307724,0.00012992392294108868,40.0,1.000226378440857,1.000226378440857,1.000226378440857,0.00016010183026082814,0.0,0.6300927996635437,3620000.0,-0.009328119456768036,-0.0013602543622255325,1.6474723807391456e-08,0.04049888998270035,-0.0025833211839199066,2.486372947692871,0.33828872442245483,0.030913442373275757,2.9900197982788086,22112.033203125,21.766292572021484,101.22471618652344,122.99100494384766,162.61351013183594,0.8621099591255188,0.33316531777381897,0.1396138072013855,0.02690942957997322,0.381207138299942,1.0,0.23497185111045837,0.026868153363466263,-416.56103515625,0.02690942957997322,0.0019264128059148788,0.08990906178951263,0.0,0.4716428518295288,0.0
22.3050479888916,27.040000915527344,1000.0,181.0,0.9578916430473328,0.00012325256830081344,40.0,1.0008338689804077,1.0008338689804077,1.0008338689804077,0.0005896062939427793,0.0,0.6325592994689941,3640000.0,-0.009422354400157928,-9.423494338989258e-05,-2.6226043559063328e-09,0.038662806153297424,-0.0018360838294029236,2.4014902114868164,0.319845050573349,-0.018443673849105835,3.1598596572875977,22232.404296875,21.693418502807617,98.64334869384766,120.33676147460938,166.2002410888672,0.906623125076294,0.34070542454719543,0.1230735257267952,0.02433191053569317,0.37173643708229065,1.0,0.19792723655700684,0.024299712851643562,-47.15679931640625,0.02433191053569317,0.0016853129491209984,0.08821292221546173,0.0,0.476155549287796,0.0
22.185691833496094,31.219999313354492,1000.0,182.0,0.9612142443656921,0.00013778700667899102,40.0,0.9998552799224854,0.9998552799224854,0.9998552799224854,0.00010233254579361528,0.0,0.6344637870788574,3660000.0,-0.010964928194880486,-0.001542573794722557,4.768371808516747e-10,0.03987933695316315,0.0012165307998657227,2.4950180053710938,0.36932504177093506,0.04947999119758606,3.2474679946899414,22354.203125,22.86977195739746,98.89678955078125,121.76655578613281,164.2487030029297,0.8148188591003418,0.3233460783958435,0.1817692220211029,0.030123654752969742,0.3715507984161377,1.0,0.2853658199310303,0.030103560537099838,-383.4205322265625,0.030123654752969742,-0.0014238865114748478,0.10089801996946335,0.0,0.445218950510025,0.0
21.451269149780273,28.540000915527344,1000.0,183.0,0.9629240036010742,0.00013160317030269653,40.0,1.0006612539291382,1.0006612539291382,1.0006612539291382,0.0004675490199588239,0.0,0.6356375813484192,3680000.0,-0.007437914609909058,0.003527013584971428,6.675720420901143e-09,0.036907076835632324,-0.0029722601175308228,2.2601888179779053,0.2610742449760437,-0.10825079679489136,2.827700138092041,22474.9453125,21.37378692626953,99.33328247070312,120.70706939697266,165.6903839111328,0.8336598873138428,0.33685892820358276,0.1656864881515503,0.028777433559298515,0.38564375042915344,1.0,0.20225250720977783,0.02851644717156887,-167.03579711914062,0.028777433559298515,0.004424683749675751,0.07501448690891266,0.0,0.5163478851318359,0.0
21.35068130493164,27.040000915527344,1000.0,184.0,0.957658588886261,0.00014029248268343508,40.0,0.9995515942573547,0.9995515942573547,0.9995515942573547,0.00031708477763459086,0.0,0.6324142217636108,3700000.0,-0.009084181860089302,-0.0016462672501802444,-9.536743617033494e-10,0.04262420907616615,0.005717132240533829,2.299880027770996,0.27644890546798706,0.01537466049194336,2.8877432346343994,22596.84765625,21.647274017333984,100.22262573242188,121.86990356445312,164.1094207763672,0.8585164546966553,0.32479292154312134,0.1520906686782837,0.027135174721479416,0.37931081652641296,1.0,0.20055581629276276,0.027134427800774574,-52.238555908203125,0.027135174721479416,0.00024376751389354467,0.07963487505912781,0.0,0.5011449456214905,0.0
19.971149444580078,23.200000762939453,1000.0,185.0,0.9528213143348694,0.00014370246208272874,40.0,1.0007842779159546,1.0007842779159546,1.0007842779159546,0.0005544839659705758,0.0,0.6295490264892578,3720000.0,-0.01831940934062004,-0.009235227480530739,1.115798919926192e-08,0.043671417981386185,0.0010472089052200317,2.076072931289673,0.2631534934043884,-0.013295412063598633,2.55605411529541,22718.30078125,21.17844581604004,100.2396011352539,121.41804504394531,164.72015380859375,0.8265933394432068,0.3172740936279297,0.16985243558883667,0.029271574690937996,0.3838333785533905,1.0,0.20918850600719452,0.02923981472849846,-44.74739456176758,0.029271574690937996,-0.0015161184128373861,0.07237403094768524,1.209784746170044,0.0,3.0
20.8994140625,23.280000686645508,1000.0,186.0,0.9450775980949402,0.00014069312601350248,40.0,1.0010138750076294,1.0010138750076294,1.0010138750076294,0.0007169459713622928,0.0,0.6250704526901245,3740000.0,-0.016571739688515663,0.0017476696521043777,9.250641141989036e-09,0.04314477741718292,-0.0005266405642032623,2.335855484008789,0.301384299993515,0.03823080658912659,3.0699265003204346,22840.384765625,21.304061889648438,100.74656677246094,122.05062866210938,163.86642456054688,0.834758996963501,0.3234562575817108,0.14299535751342773,0.028701700270175934,0.38748469948768616,1.0,0.2597167491912842,0.028399759903550148,-24.376338958740234,0.028701700270175934,0.006050996948033571,0.12126399576663971,1.1979506015777588,0.0,3.0
20.74030113220215,22.239999771118164,1000.0,187.0,0.9340097308158875,0.0001451164425816387,40.0,0.9991827011108398,0.9991827011108398,0.9991827011108398,0.0005779176135547459,0.0,0.6185128092765808,3760000.0,-0.018019385635852814,-0.0014476459473371506,7.915496702537439e-09,0.04011359065771103,-0.0030311867594718933,2.239328145980835,0.2427721470594406,-0.0586121529340744,2.8232028484344482,22962.171875,21.932580947875977,99.82182312011719,121.75440216064453,164.26510620117188,0.8403958082199097,0.32315969467163086,0.14685462415218353,0.02831796556711197,0.3845326900482178,1.0,0.1719454526901245,0.028280816972255707,-142.69960021972656,0.02831796556711197,-0.0014081026893109083,0.05337458476424217,1.1899155378341675,0.0,3.0
20.97784423828125,21.280000686645508,1000.0,188.0,0.9253881573677063,0.0001292535016546026,40.0,0.999980628490448,0.999980628490448,0.999980628490448,1.3711789506487548e-05,0.0,0.6129445433616638,3780000.0,-0.014997717924416065,0.0030216677114367485,5.912780931538464e-09,0.043936312198638916,0.003822721540927887,2.1702630519866943,0.25637415051460266,0.013602003455162048,2.574434757232666,23084.62109375,21.459976196289062,100.95481872558594,122.414794921875,163.3789520263672,0.8564751744270325,0.33156618475914,0.1549006551504135,0.02726466953754425,0.3871288597583771,1.0,0.2121216207742691,0.02607089653611183,-197.6131591796875,0.02726466953754425,0.009142687544226646,0.07002060115337372,1.1675761938095093,0.0,3.0
21.980514526367188,19.860000610351562,1000.0,189.0,0.9177830815315247,0.00013522690278477967,40.0,0.9999708533287048,0.9999708533287048,0.9999708533287048,2.0623867385438643e-05,0.0,0.6080424785614014,3800000.0,-0.017949169501662254,-0.002951451577246189,-9.441375681262798e-09,0.050048258155584335,0.006111945956945419,2.43633770942688,0.29237470030784607,0.03600054979324341,2.813664674758911,23206.31640625,21.420501708984375,100.24168395996094,121.66218566894531,164.38961791992188,0.8521804809570312,0.32978859543800354,0.12117916345596313,0.02754017524421215,0.3869938254356384,1.0,0.1977653056383133,0.02747909165918827,-412.5705871582031,0.02754017524421215,-0.001977726584300399,0.06403343379497528,1.1734603643417358,0.0,3.0
22.92538070678711,23.719999313354492,1000.0,190.0,0.9119636416435242,0.00013449763355311006,40.0,0.9996243119239807,0.9996243119239807,0.9996243119239807,0.0002656375290825963,0.0,0.6047658920288086,3820000.0,-0.016988936811685562,0.0009602326899766922,-1.3351439953623867e-09,0.044827766716480255,-0.00522049143910408,2.364476442337036,0.3173213005065918,0.024946600198745728,2.6213746070861816,23331.171875,21.843904495239258,102.97872924804688,124.82316589355469,160.22666931152344,0.8149918913841248,0.3273998498916626,0.1439206898212433,0.03011086769402027,0.4017215371131897,1.0,0.1977892369031906,0.029743149876594543,-19.33414649963379,0.03011086769402027,0.005579307675361633,0.08465377241373062,1.2270060777664185,0.0,3.0
24.613924026489258,29.639999389648438,1000.0,191.0,0.9125819206237793,0.00012388599861878902,40.0,0.9998690485954285,0.9998690485954285,0.9998690485954285,9.261068043997511e-05,0.0,0.6051351428031921,3840000.0,-0.010667524300515652,0.00632141251116991,-6.341934088993639e-09,0.04311118647456169,-0.0017165802419185638,2.5323638916015625,0.3095932900905609,-0.007728010416030884,2.650650978088379,23456.69921875,21.40275001525879,104.09107208251953,125.49382019042969,159.37039184570312,0.8332090973854065,0.3382408916950226,0.13504481315612793,0.028808582574129105,0.3980225622653961,1.0,0.1805994063615799,0.028632238507270813,-277.0541687011719,0.028808582574129105,-0.0037016887217760086,0.07770335674285889,0.0,0.5073353052139282,0.0
25.005273818969727,30.280000686645508,1000.0,192.0,0.9137519001960754,0.00013115527690388262,40.0,1.0007702112197876,1.0007702112197876,1.0007702112197876,0.0005445934948511422,0.0,0.6059784889221191,3860000.0,-0.009098918177187443,0.001568606123328209,-4.243850604268573e-09,0.04605461657047272,0.002943430095911026,2.474069356918335,0.3087696135044098,-0.000823676586151123,2.7691469192504883,23578.998046875,20.94370460510254,101.32087707519531,122.26457977294922,163.5796661376953,0.844484269618988,0.33410051465034485,0.13398319482803345,0.028044436126947403,0.3915024697780609,1.0,0.23976930975914001,0.02784152701497078,-285.18890380859375,0.028044436126947403,0.004453524947166443,0.0977473109960556,0.0,0.45233747363090515,0.0
26.00326156616211,28.739999771118164,1000.0,193.0,0.9113388061523438,0.0001357839209958911,40.0,1.000916838645935,1.000916838645935,1.000916838645935,0.0006482747267000377,0.0,0.6044045090675354,3880000.0,-0.009164762683212757,-6.584450602531433e-05,5.62667867853861e-09,0.0355568490922451,-0.010497767478227615,2.678995370864868,0.3431181311607361,0.034348517656326294,3.0278573036193848,23704.328125,22.18653678894043,103.10832214355469,125.29485321044922,159.62347412109375,0.8030236959457397,0.331362247467041,0.16221767663955688,0.031015094369649887,0.39172688126564026,1.0,0.24908672273159027,0.030914604663848877,-138.17852783203125,0.031015094369649887,0.0031892014667391777,0.10121379792690277,0.0,0.4445239305496216,0.0
24.78573226928711,29.700000762939453,1000.0,194.0,0.9158847332000732,0.00013003242202103138,40.0,1.00096595287323,1.00096595287323,1.00096595287323,0.000683003687299788,0.0,0.6068945527076721,3900000.0,-0.011432826519012451,-0.002268063835799694,4.720687840631399e-09,0.03691985830664635,0.0013630092144012451,2.398622989654541,0.36394503712654114,0.020826905965805054,2.689511299133301,23827.84765625,21.99724006652832,101.48957061767578,123.48680877685547,161.9606170654297,0.8265312910079956,0.33223405480384827,0.15898258984088898,0.029275968670845032,0.3902067542076111,1.0,0.27338698506355286,0.029268179088830948,-184.57200622558594,0.029275968670845032,0.0009655414614826441,0.1196693629026413,0.0,0.40881186723709106,0.0
24.928171157836914,26.479999542236328,1000.0,195.0,0.9254577159881592,0.00013458577450364828,40.0,1.0002223253250122,1.0002223253250122,1.0002223253250122,0.00015723584510851651,0.0,0.6126754879951477,3920000.0,-0.009675728157162666,0.0017570983618497849,4.1961669694501325e-09,0.039328768849372864,0.0024089105427265167,2.565788984298706,0.3178463578224182,-0.046098679304122925,3.0747568607330322,23953.509765625,22.927440643310547,102.69861602783203,125.62606048583984,159.20263671875,0.8523006439208984,0.3273535370826721,0.1380155384540558,0.027532409876585007,0.38993361592292786,1.0,0.24740974605083466,0.027464641258120537,-22.958131790161133,0.027532409876585007,0.002541660564020276,0.09532535076141357,0.0,0.4580477774143219,0.0
23.672452926635742,27.31999969482422,1000.0,196.0,0.9298458099365234,0.00013549148570746183,40.0,0.9996768832206726,0.9996768832206726,0.9996768832206726,0.00022852022084407508,0.0,0.6152938008308411,3940000.0,-0.007527698762714863,0.0021480293944478035,1.8119812317252126e-09,0.03997066989541054,0.000641901046037674,2.4390244483947754,0.33433693647384644,0.016490578651428223,3.0491321086883545,24077.8046875,23.12687873840332,101.13441467285156,124.26129150390625,160.95115661621094,0.8191809058189392,0.3256527781486511,0.16900616884231567,0.029803700745105743,0.3888085186481476,1.0,0.2671355605125427,0.029414668679237366,-60.64720153808594,0.029803700745105743,0.00587494345381856,0.08872006833553314,0.0,0.4747927188873291,0.0
23.336679458618164,25.6200008392334,1000.0,197.0,0.9281607270240784,0.00013358949217945337,40.0,1.0007282495498657,1.0007282495498657,1.0007282495498657,0.0005149782518856227,0.0,0.6138746738433838,3960000.0,-0.009282703511416912,-0.0017550047487020493,1.2159347306806012e-08,0.040307506918907166,0.0003368370234966278,2.339162826538086,0.2506767213344574,-0.08366021513938904,2.696183681488037,24202.1953125,22.264934539794922,102.09120178222656,124.35614013671875,160.8284149169922,0.7680980563163757,0.3286782503128052,0.17193758487701416,0.03389975428581238,0.4235644042491913,1.0,0.21200887858867645,0.033883240073919296,-4.973657131195068,0.03389975428581238,-0.001127447234466672,0.07697785645723343,0.0,0.5097204446792603,0.0
22.217126846313477,25.940000534057617,1000.0,198.0,0.9330224990844727,0.00011494906357256696,40.0,0.9996998906135559,0.9996998906135559,0.9996998906135559,0.00021222342911642045,0.0,0.6167683005332947,3980000.0,-0.009522246196866035,-0.00023954268544912338,-4.482269222449986e-09,0.044204410165548325,0.003896903246641159,2.4770631790161133,0.3003729581832886,0.04969623684883118,2.8950891494750977,24325.19140625,23.337116241455078,99.62482452392578,122.9619369506836,162.65196228027344,0.8636050820350647,0.3483037054538727,0.14490069448947906,0.026816334575414658,0.3844933807849884,1.0,0.19511033594608307,0.02674075774848461,-11.450552940368652,0.026816334575414658,-0.002412843517959118,0.07703210413455963,0.0,0.5095409154891968,0.0
21.99557876586914,29.81999969482422,1000.0,199.0,0.9356811046600342,0.0001341567694908008,40.0,1.000679612159729,1.000679612159729,1.000679612159729,0.00048053025966510177,0.0,0.6182233691215515,4000000.0,-0.011485883966088295,-0.0019636377692222595,4.291534239087014e-09,0.042456138879060745,-0.0017482712864875793,2.4456675052642822,0.32441890239715576,0.024045944213867188,2.6275949478149414,24452.96875,26.53921127319336,101.20330047607422,127.74250793457031,156.56495666503906,0.8538647294044495,0.33085450530052185,0.16377891600131989,0.027431633323431015,0.3855530619621277,1.0,0.26746857166290283,0.027384843677282333,-216.91183471679688,0.027431633323431015,-0.0022385292686522007,0.1070953756570816,0.0,0.4321451187133789,0.0
22.87841796875,33.959999084472656,1000.0,200.0,0.9340124130249023,0.00011516492668306455,40.0,0.9997491836547852,0.9997491836547852,0.9997491836547852,0.00017738202586770058,0.0,0.6168550252914429,4020000.0,-0.007759533356875181,0.003726350609213114,-7.152557435219364e-10,0.043493617326021194,0.0010374784469604492,2.5595436096191406,0.3717688024044037,0.047349900007247925,3.091341495513916,24577.115234375,23.303422927856445,100.8084716796875,124.11189270019531,161.14491271972656,0.7669124603271484,0.3484577238559723,0.16205252707004547,0.03400464355945587,0.40652772784233093,1.0,0.20671725273132324,0.03321783244609833,-726.5328369140625,0.03400464355945587,0.00932416319847107,0.11049653589725494,0.0,0.42544227838516235,0.0
22.840322494506836,31.559999465942383,1000.0,201.0,0.9351089596748352,0.00012405643064994365,40.0,0.9991545677185059,0.9991545677185059,0.9991545677185059,0.0005978108965791762,0.0,0.6173691153526306,4040000.0,-0.008079882711172104,-0.0003203493542969227,6.198883073516015e-10,0.039300430566072464,-0.0041931867599487305,2.3447670936584473,0.3140425384044647,-0.057726263999938965,2.861448287963867,24701.287109375,22.28008460998535,101.8584976196289,124.13858795166016,161.11026000976562,0.8224233388900757,0.3364715576171875,0.14148977398872375,0.02956916205585003,0.4033108353614807,1.0,0.19882164895534515,0.029210910201072693,-471.4175720214844,0.02956916205585003,0.005718555301427841,0.09128163009881973,0.0,0.4680834412574768,0.0
22.375656127929688,28.360000610351562,1000.0,202.0,0.9367074370384216,0.0001305601908825338,40.0,1.0001262426376343,1.0001262426376343,1.0001262426376343,8.923893619794399e-05,0.0,0.6183070540428162,4060000.0,-0.010633168742060661,-0.0025532860308885574,5.340575981449547e-09,0.04722539708018303,0.007924966514110565,2.3248825073242188,0.35179346799850464,0.03775092959403992,2.936184883117676,24826.142578125,23.648056030273438,101.17366790771484,124.82172393798828,160.228515625,0.8198251724243164,0.3330797553062439,0.15910950303077698,0.029756877571344376,0.39015308022499084,1.0,0.2868240177631378,0.02975671924650669,-113.83051300048828,0.029756877571344376,-0.00012560051982291043,0.09916163980960846,0.0,0.4491000771522522,0.0
22.994834899902344,26.440000534057617,1000.0,203.0,0.9346084594726562,0.00013824203051626682,40.0,1.0010274648666382,1.0010274648666382,1.0010274648666382,0.0007265554741024971,0.0,0.616838276386261,4080000.0,-0.0070433118380606174,0.003589856904000044,2.1934509764065524e-09,0.04408705234527588,-0.0031383447349071503,2.4597079753875732,0.31832921504974365,-0.033464252948760986,3.2217321395874023,24951.78515625,22.18027114868164,103.42965698242188,125.60993194580078,159.22308349609375,0.828333854675293,0.32840225100517273,0.1565588414669037,0.029148688539862633,0.3939360976219177,1.0,0.20658248662948608,0.02834683656692505,-23.137765884399414,0.029148688539862633,0.008473468944430351,0.08954237401485443,0.0,0.4726075828075409,0.0
24.346923828125,23.959999084472656,1000.0,204.0,0.9229052662849426,0.00014788394037168473,40.0,0.9990159869194031,0.9990159869194031,0.9990159869194031,0.0006957882433198392,0.0,0.6095661520957947,4100000.0,-0.017920462414622307,-0.01087715057656169,1.3351439953623867e-09,0.04398059844970703,-0.00010645389556884766,2.4476988315582275,0.2548443675041199,-0.06348484754562378,2.8494536876678467,25075.666015625,21.924409866333008,101.9229507446289,123.84735870361328,161.48910522460938,0.7982455492019653,0.3139910101890564,0.16950207948684692,0.031387507915496826,0.39335134625434875,1.0,0.1535133719444275,0.031309835612773895,-21.48046112060547,0.031387507915496826,0.0019766984041780233,0.05030597001314163,1.2527472972869873,0.0,3.0
25.469846725463867,21.739999771118164,1000.0,205.0,0.908585250377655,0.00013673206558451056,40.0,1.0002418756484985,1.0002418756484985,1.0002418756484985,0.0001710038195597008,0.0,0.6008668541908264,4120000.0,-0.01770816370844841,0.0002122987061738968,9.489059316081239e-09,0.04397179186344147,-8.806586265563965e-06,2.50331711769104,0.2940885126590729,0.039244145154953,2.983114242553711,25202.23046875,24.647018432617188,101.88227081298828,126.52928924560547,158.066162109375,0.76844322681427,0.32482853531837463,0.16707921028137207,0.03386930376291275,0.4227098226547241,1.0,0.20414786040782928,0.03357979655265808,-136.38555908203125,0.03386930376291275,0.004749320913106203,0.07791178673505783,1.3013323545455933,0.0,3.0
25.939592361450195,28.15999984741211,1000.0,206.0,0.9023299217224121,0.00012754126510117203,40.0,1.0001182556152344,1.0001182556152344,1.0001182556152344,8.361935033462942e-05,0.0,0.5969497561454773,4140000.0,-0.012515651062130928,0.005192512646317482,-4.482269222449986e-09,0.04371052235364914,-0.0002612695097923279,2.560850143432617,0.40278851985931396,0.10870000720024109,3.0936899185180664,25329.166015625,23.96943473815918,102.92851257324219,126.89794921875,157.60696411132812,0.8913826942443848,0.33732596039772034,0.1493406742811203,0.025171054527163506,0.3775768578052521,1.0,0.2507766783237457,0.025154007598757744,-69.4745101928711,0.025171054527163506,-0.001565051730722189,0.14368902146816254,0.0,0.3730810582637787,0.0
24.610126495361328,32.959999084472656,1000.0,207.0,0.8974156379699707,0.0001330039231106639,40.0,1.0005594491958618,1.0005594491958618,1.0005594491958618,0.0003956184082198888,0.0,0.5939456224441528,4160000.0,-0.012126218527555466,0.00038943253457546234,-8.201599399626502e-09,0.04160565137863159,-0.0021048709750175476,2.415786027908325,0.38891515135765076,-0.013873368501663208,3.1466526985168457,25453.01953125,21.539188385009766,102.277587890625,123.8167724609375,161.5290069580078,0.8215324282646179,0.33485162258148193,0.15125763416290283,0.029633328318595886,0.3978428244590759,1.0,0.3097740113735199,0.029550019651651382,-429.31585693359375,0.029633328318595886,0.003506371285766363,0.14758044481277466,0.0,0.3681294620037079,0.0
23.487693786621094,32.29999923706055,1000.0,208.0,0.8963210582733154,0.0001293117384193465,40.0,1.0007184743881226,1.0007184743881226,1.0007184743881226,0.0005079538095742464,0.0,0.5932161808013916,4180000.0,-0.007473821751773357,0.004652396775782108,-4.911422823994371e-09,0.04077136516571045,-0.0008342862129211426,2.3804335594177246,0.3155606687068939,-0.07335448265075684,3.1980514526367188,25576.771484375,23.094924926757812,100.62107849121094,123.71600341796875,161.66058349609375,0.7914947867393494,0.3373764157295227,0.16445834934711456,0.03192520514130592,0.3947305381298065,1.0,0.19536994397640228,0.03171120584011078,-716.1376953125,0.03192520514130592,0.003990473225712776,0.07441096007823944,0.0,0.5184376239776611,0.0
23.27145767211914,27.5,1000.0,209.0,0.8987653255462646,0.0001224822917720303,40.0,1.0009589195251465,1.0009589195251465,1.0009589195251465,0.0006780584808439016,0.0,0.594744861125946,4200000.0,-0.007669032551348209,-0.000195210799574852,-7.629394338515283e-10,0.044810324907302856,0.004038959741592407,2.3653297424316406,0.318877637386322,0.0033169686794281006,2.9039762020111084,25703.341796875,23.078386306762695,103.45986938476562,126.53826141357422,158.05496215820312,0.8017075061798096,0.3392699062824249,0.15228329598903656,0.031117014586925507,0.40940794348716736,1.0,0.2225538045167923,0.030636709183454514,-63.57443618774414,0.031117014586925507,0.006870516575872898,0.09827902913093567,0.0,0.45111218094825745,0.0
23.371286392211914,26.780000686645508,1000.0,210.0,0.8984498381614685,0.00016075676830951124,40.0,1.000959873199463,1.000959873199463,1.000959873199463,0.0006787328165955842,0.0,0.5946902632713318,4220000.0,-0.010862123221158981,-0.003193090669810772,-4.291534239087014e-09,0.04203243553638458,-0.002777889370918274,2.4064831733703613,0.33100366592407227,0.012126028537750244,2.821676254272461,25830.23046875,21.124252319335938,105.72984313964844,126.85409545898438,157.66143798828125,0.8060968518257141,0.3062148690223694,0.1389332115650177,0.03077906370162964,0.40151214599609375,1.0,0.4194750189781189,0.0307057686150074,-20.903919219970703,0.03077906370162964,0.0033314742613583803,0.15142488479614258,0.0,0.3634262979030609,0.0
23.402341842651367,30.639999389648438,1000.0,211.0,0.9021088480949402,0.0001372745755361393,40.0,0.9998190999031067,0.9998190999031067,0.9998190999031067,0.0001279297430301085,0.0,0.5969385504722595,4240000.0,-0.011231733486056328,-0.0003696102648973465,-8.964538444899972e-09,0.04097460210323334,-0.0010578334331512451,2.3961048126220703,0.30391111969947815,-0.027092546224594116,2.61759090423584,25957.951171875,24.673381805419922,103.0133056640625,127.68668365478516,156.63340759277344,0.7624912261962891,0.32978832721710205,0.15350273251533508,0.03440013527870178,0.43321654200553894,1.0,0.3156064748764038,0.03439517691731453,-242.68832397460938,0.03440013527870178,0.0008060773252509534,0.13106097280979156,0.0,0.39064139127731323,0.0
22.095985412597656,29.15999984741211,1000.0,212.0,0.9002258777618408,0.00013411918189376593,40.0,0.9988519549369812,0.9988519549369812,0.9988519549369812,0.0008118044934235513,0.0,0.5956699252128601,4260000.0,-0.009500384330749512,0.001731349155306816,-1.0871887390351276e-08,0.04483648017048836,0.00386187806725502,2.3648903369903564,0.3234139382839203,0.01950281858444214,2.4836485385894775,26083.34375,21.522480010986328,103.83686065673828,125.35934448242188,159.54135131835938,0.7615131139755249,0.33170363306999207,0.15800292789936066,0.034488558769226074,0.41486844420433044,1.0,0.3036331832408905,0.03435686603188515,-147.49215698242188,0.034488558769226074,0.003930605016648769,0.11731642484664917,0.0,0.412891149520874,0.0
22.244243621826172,28.280000686645508,1000.0,213.0,0.900019645690918,0.0001238279655808583,40.0,1.000085473060608,1.000085473060608,1.000085473060608,6.041049709892832e-05,0.0,0.5955182313919067,4280000.0,-0.011653035879135132,-0.00215265154838562,7.1525572131747595e-09,0.047924552112817764,0.0030880719423294067,2.521007537841797,0.3503687381744385,0.02695479989051819,2.595806837081909,26208.6875,23.49393081665039,101.81517791748047,125.30911254882812,159.60531616210938,0.8003685474395752,0.3402644693851471,0.1761588603258133,0.031221218407154083,0.3996652364730835,1.0,0.25657030940055847,0.03118770942091942,-91.92683410644531,0.031221218407154083,-0.0019800709560513496,0.11700679361820221,0.0,0.4134370982646942,0.0
22.06997299194336,26.280000686645508,1000.0,214.0,0.9022746086120605,0.00012545786739792675,40.0,1.0002493858337402,1.0002493858337402,1.0002493858337402,0.0001763424079399556,0.0,0.5968204736709595,4300000.0,-0.010622721165418625,0.001030314713716507,-1.363754265071293e-08,0.04084071144461632,-0.0070838406682014465,2.335463047027588,0.29866254329681396,-0.05170619487762451,2.348789930343628,26334.96484375,23.667232513427734,102.57471466064453,126.24195098876953,158.4259490966797,0.8405782580375671,0.33934485912323,0.13071390986442566,0.028305675834417343,0.40778717398643494,1.0,0.18250568211078644,0.028190214186906815,-19.39502716064453,0.028305675834417343,-0.0031214887276291847,0.08438831567764282,0.0,0.4868260622024536,0.0
22.608863830566406,23.15999984741211,1000.0,215.0,0.8993013501167297,0.0001264299062313512,40.0,0.9992635846138,0.9992635846138,0.9992635846138,0.0005207102512940764,0.0,0.5951083898544312,4320000.0,-0.01722370833158493,-0.0066009871661663055,-2.956390465769232e-09,0.04387108236551285,0.00303037092089653,2.3703453540802,0.260028600692749,-0.03863394260406494,2.1197762489318848,26459.796875,21.812150955200195,102.98584747314453,124.79900360107422,160.2576904296875,0.8226274847984314,0.3348661959171295,0.13761241734027863,0.02955448627471924,0.40706899762153625,1.0,0.1538475900888443,0.029284382238984108,-61.41083908081055,0.02955448627471924,0.0038582461420446634,0.055112384259700775,1.215617060661316,0.0,3.0
22.84505844116211,19.34000015258789,1000.0,216.0,0.8879974484443665,0.00013536002370528877,40.0,0.9991051554679871,0.9991051554679871,0.9991051554679871,0.0006327928276732564,0.0,0.5884395241737366,4340000.0,-0.017460089176893234,-0.00023638084530830383,7.152557435219364e-10,0.04489893838763237,0.001027856022119522,2.5650899410247803,0.28777411580085754,0.02774551510810852,2.3704750537872314,26584.68359375,22.54090690612793,102.31083679199219,124.85173797607422,160.19000244140625,0.7864148616790771,0.3311060965061188,0.1578809916973114,0.032338984310626984,0.42103224992752075,1.0,0.21667400002479553,0.03205311670899391,-383.5457763671875,0.032338984310626984,0.0048862965777516365,0.08352047950029373,1.271593451499939,0.0,3.0
22.92241668701172,23.920000076293945,1000.0,217.0,0.8733462691307068,0.00013493737787939608,40.0,1.0004463195800781,1.0004463195800781,1.0004463195800781,0.0003155955928377807,0.0,0.5800710916519165,4360000.0,-0.0174772497266531,-1.7160549759864807e-05,-3.3855438452690123e-09,0.04887690022587776,0.003977961838245392,2.362457752227783,0.2816775143146515,-0.006096601486206055,2.4590930938720703,26710.140625,23.58611297607422,101.83844757080078,125.424560546875,159.45840454101562,0.8026598691940308,0.3321188986301422,0.14710909128189087,0.031043216586112976,0.41377297043800354,1.0,0.2487104833126068,0.0306687131524086,-12.030778884887695,0.031043216586112976,0.006020657252520323,0.09679040312767029,1.2458577156066895,0.0,3.0
23.14542007446289,28.5,1000.0,218.0,0.8704328536987305,0.00011884747073054314,40.0,1.0008163452148438,1.0008163452148438,1.0008163452148438,0.0005772994481958449,0.0,0.5785583853721619,4380000.0,-0.008644845336675644,0.008832404389977455,7.915496702537439e-09,0.04463871568441391,-0.004238184541463852,2.3308026790618896,0.30225542187690735,0.02057790756225586,2.2950923442840576,26837.29296875,24.94703483581543,102.17079162597656,127.1178207397461,157.3343505859375,0.805036723613739,0.344820499420166,0.17688937485218048,0.030860181897878647,0.39644262194633484,1.0,0.23384472727775574,0.03074679896235466,-129.76028442382812,0.030860181897878647,0.0032714158296585083,0.09439028799533844,0.0,0.4603109657764435,0.0
22.287748336791992,26.959999084472656,1000.0,219.0,0.8724389672279358,0.00012903698370791972,40.0,1.0013259649276733,1.0013259649276733,1.0013259649276733,0.0009375707013532519,0.0,0.579873263835907,4400000.0,-0.006884682457894087,0.001760162878781557,-9.536743617033494e-10,0.05178467556834221,0.007145959883928299,2.3238143920898438,0.228404238820076,-0.07385118305683136,2.4039204120635986,26962.7578125,21.9792537689209,103.45028686523438,125.42953491210938,159.4520721435547,0.8196209669113159,0.33945363759994507,0.19324420392513275,0.029771706089377403,0.3941645920276642,1.0,0.18116328120231628,0.02953006885945797,-60.504940032958984,0.029771706089377403,0.003916255198419094,0.06347128748893738,0.0,0.5613403916358948,0.0
23.87221908569336,26.559999465942383,1000.0,220.0,0.8755674958229065,0.00013205550203565508,40.0,1.0003327131271362,1.0003327131271362,1.0003327131271362,0.00023523560957983136,0.0,0.5817508101463318,4420000.0,-0.008606147021055222,-0.0017214645631611347,9.63211022053656e-09,0.04720005765557289,-0.004584617912769318,2.51353120803833,0.357077419757843,0.12867318093776703,2.683488130569458,27087.52734375,20.998741149902344,103.73649597167969,124.73523712158203,160.33961486816406,0.7860958576202393,0.3315127193927765,0.18535490334033966,0.03236524015665054,0.4054010212421417,1.0,0.2737160623073578,0.03206731006503105,-22.947505950927734,0.03236524015665054,0.005618555471301079,0.10595831274986267,0.0,0.4344576597213745,0.0
23.68437957763672,25.559999465942383,1000.0,221.0,0.8790283799171448,0.00013329519424587488,40.0,1.0004419088363647,1.0004419088363647,1.0004419088363647,0.000312448653858155,0.0,0.5836663842201233,4440000.0,-0.009836424142122269,-0.0012302771210670471,-1.1444092340440193e-09,0.03773432970046997,-0.00946572795510292,2.4257302284240723,0.2850843667984009,-0.07199305295944214,2.649197578430176,27213.994140625,24.327669143676758,102.10563659667969,126.43330383300781,158.18617248535156,0.7776843309402466,0.32887428998947144,0.16627731919288635,0.03306915611028671,0.41367852687835693,1.0,0.21748141944408417,0.033040858805179596,-3.123826742172241,0.03306915611028671,0.0016800626181066036,0.09975084662437439,0.0,0.44777175784111023,0.0
24.424489974975586,25.5,1000.0,222.0,0.8759617805480957,0.00013950502034276724,40.0,0.9997522830963135,0.9997522830963135,0.9997522830963135,0.00017516230582259595,0.0,0.581890881061554,4460000.0,-0.008372475393116474,0.0014639487490057945,-3.528594971768939e-09,0.04306797683238983,0.005333647131919861,2.465589761734009,0.2639038562774658,-0.02118051052093506,2.638643264770508,27340.037109375,23.816343307495117,102.19351959228516,126.0098648071289,158.7177276611328,0.7935193181037903,0.32916465401649475,0.1563856303691864,0.031762510538101196,0.4147254526615143,1.0,0.24123428761959076,0.03139409422874451,-2.6280791759490967,0.031762510538101196,0.005897585302591324,0.09440804272890091,0.0,0.46026766300201416,0.0
22.6282901763916,20.219999313354492,1000.0,223.0,0.8773043155670166,0.0001452877331757918,40.0,1.000351905822754,1.000351905822754,1.000351905822754,0.00024889118503779173,0.0,0.582670271396637,4480000.0,-0.019535493105649948,-0.011163017712533474,-7.96318033735588e-09,0.041957881301641464,-0.0011100955307483673,2.1749794483184814,0.24107162654399872,-0.022832229733467102,2.4318878650665283,27468.486328125,24.441556930541992,103.97356414794922,128.4151153564453,155.74490356445312,0.7317454814910889,0.3153243064880371,0.20603789389133453,0.03735164552927017,0.4309207797050476,1.0,0.2316594123840332,0.03693379461765289,-277.57733154296875,0.03735164552927017,0.005864509381353855,0.08230772614479065,1.3665953874588013,0.0,3.0
22.68396759033203,27.739999771118164,1000.0,224.0,0.8770580291748047,0.00013010053953621536,40.0,1.000203013420105,1.000203013420105,1.000203013420105,0.0001435240701539442,0.0,0.5824488997459412,4500000.0,-0.01538598258048296,0.004149510525166988,1.4734268027893904e-08,0.041238028556108475,-0.0007198527455329895,2.407443046569824,0.47309690713882446,0.23202528059482574,2.4579930305480957,27594.0625,23.140491485595703,102.40074920654297,125.5412368774414,159.31019592285156,0.7640247941017151,0.33773714303970337,0.1878999024629593,0.034262172877788544,0.4131270945072174,1.0,0.3541277348995209,0.03424263745546341,-34.934410095214844,0.034262172877788544,-0.0020484630949795246,0.21478258073329926,0.0,0.30515146255493164,0.0
21.235754013061523,30.280000686645508,1000.0,225.0,0.8802053332328796,0.00012011358921881765,40.0,1.0001322031021118,1.0001322031021118,1.0001322031021118,9.34536219574511e-05,0.0,0.5843471884727478,4520000.0,-0.01292005181312561,0.0024659307673573494,-9.727478378351861e-09,0.040012672543525696,-0.001225356012582779,2.3861594200134277,0.33236753940582275,-0.1407293677330017,2.8029162883758545,27718.783203125,22.690752029418945,101.99591064453125,124.68666076660156,160.40208435058594,0.7733757495880127,0.3407594859600067,0.20304106175899506,0.033438652753829956,0.4087601602077484,1.0,0.24687431752681732,0.033052459359169006,-254.85606384277344,0.033438652753829956,-0.006499391049146652,0.10938023030757904,0.0,0.4276077449321747,0.0
21.521991729736328,32.099998474121094,1000.0,226.0,0.8836047053337097,0.00011596518015721813,40.0,0.9999597072601318,0.9999597072601318,0.9999597072601318,2.8491269404185005e-05,0.0,0.586179792881012,4540000.0,-0.007419785484671593,0.005500266328454018,7.581711258808355e-09,0.03867870196700096,-0.0013339705765247345,2.423250675201416,0.2952004075050354,-0.037167131900787354,2.73030948638916,27843.76953125,23.13323402404785,101.81975555419922,124.95299530029297,160.06019592285156,0.7737293839454651,0.34583035111427307,0.1835993379354477,0.033408090472221375,0.4065716862678528,1.0,0.2027844339609146,0.032983217388391495,-599.4476318359375,0.033408090472221375,0.005977293476462364,0.08409123122692108,0.0,0.48768526315689087,0.0
21.780990600585938,22.959999084472656,1000.0,227.0,0.8843203186988831,0.00013854826102033257,40.0,1.0003862380981445,1.0003862380981445,1.0003862380981445,0.00027305539697408676,0.0,0.5864933729171753,4560000.0,-0.01865578070282936,-0.011235995218157768,-1.7166137400437265e-09,0.039231643080711365,0.0005529411137104034,2.3022682666778564,0.24306544661521912,-0.052134960889816284,2.3463268280029297,27969.9140625,25.482690811157227,100.62882995605469,126.11152648925781,158.58978271484375,0.7615427374839783,0.3217339813709259,0.16517463326454163,0.03448587656021118,0.422476589679718,1.0,0.2516508400440216,0.03434902802109718,-48.5598030090332,0.03448587656021118,0.00342389615252614,0.08566530048847198,1.3131239414215088,0.0,3.0
22.24224281311035,23.65999984741211,1000.0,228.0,0.8734762072563171,0.00014086850569583476,40.0,0.9993846416473389,0.9993846416473389,0.9993846416473389,0.0004351240349933505,0.0,0.5803137421607971,4580000.0,-0.020320674404501915,-0.001664893701672554,-1.4305114426349519e-08,0.0405438207089901,0.0013121776282787323,2.398319959640503,0.31667959690093994,0.07361415028572083,2.615859270095825,28098.791015625,25.815101623535156,103.02483367919922,128.83993530273438,155.23138427734375,0.7271682620048523,0.3240470886230469,0.17114558815956116,0.037823356688022614,0.44562873244285583,1.0,0.2700619101524353,0.03770298510789871,-13.35295295715332,0.037823356688022614,-0.004020277410745621,0.1342710256576538,1.3751975297927856,0.0,3.0
23.670915603637695,28.3799991607666,1000.0,229.0,0.8712947964668274,0.00012690325092989951,40.0,1.0010643005371094,1.0010643005371094,1.0010643005371094,0.0007525741239078343,0.0,0.579173743724823,4600000.0,-0.011384440585970879,0.008936233818531036,1.9788741312254388e-08,0.044906098395586014,0.004362277686595917,2.4712836742401123,0.37947046756744385,0.0627908706665039,2.7832443714141846,28222.580078125,21.46452522277832,102.29076385498047,123.75528717041016,161.6092529296875,0.7396421432495117,0.3331347405910492,0.15938575565814972,0.03655834496021271,0.44430994987487793,1.0,0.27233386039733887,0.03650784492492676,-83.2489013671875,0.03655834496021271,0.002632228657603264,0.137198805809021,0.0,0.381803423166275,0.0
24.11239242553711,34.97999954223633,1000.0,230.0,0.8757908344268799,0.000127684063045308,40.0,1.001072883605957,1.001072883605957,1.001072883605957,0.0007585870916955173,0.0,0.581799328327179,4620000.0,-0.009745709598064423,0.001638730987906456,-1.1587142800806305e-08,0.035552024841308594,-0.00935407355427742,2.4195964336395264,0.34340667724609375,-0.0360637903213501,2.6474475860595703,28349.677734375,21.949790954589844,105.11209869384766,127.0618896484375,157.4036102294922,0.7821133732795715,0.33572351932525635,0.19324375689029694,0.03269568085670471,0.42522817850112915,1.0,0.2635621130466461,0.03223700448870659,-796.66064453125,0.03269568085670471,0.007572553586214781,0.12501919269561768,0.0,0.3999692499637604,0.0
23.656991958618164,30.34000015258789,1000.0,231.0,0.8827953338623047,0.00011711921251844615,40.0,1.0005563497543335,1.0005563497543335,1.0005563497543335,0.00039342677337117493,0.0,0.5859642624855042,4640000.0,-0.007778716739267111,0.0019669928587973118,-1.1539459165987864e-08,0.0436205193400383,0.008068494498729706,2.3447282314300537,0.2560915946960449,-0.08731508255004883,2.6435015201568604,28475.046875,23.05797004699707,102.27937316894531,125.33734130859375,159.56936645507812,0.741962194442749,0.3435381352901459,0.18586626648902893,0.036330074071884155,0.42892390489578247,1.0,0.23312638700008392,0.03616014122962952,-325.60760498046875,0.036330074071884155,0.0038576123770326376,0.08757120370864868,0.0,0.4778970181941986,0.0
23.916275024414062,25.84000015258789,1000.0,232.0,0.8899030089378357,0.00012607619282789528,40.0,1.0003585815429688,1.0003585815429688,1.0003585815429688,0.00025355545221827924,0.0,0.5902765393257141,4660000.0,-0.006143295206129551,0.0016354215331375599,3.6239624634504253e-09,0.039570827037096024,-0.004049692302942276,2.611725330352783,0.2661252021789551,0.010033607482910156,2.9110705852508545,28603.951171875,27.26613426208496,101.60360717773438,128.86973571777344,155.19546508789062,0.7716147899627686,0.33905211091041565,0.1681116372346878,0.03359144926071167,0.4153745174407959,1.0,0.19522924721240997,0.03287450596690178,-9.996943473815918,0.03359144926071167,0.007106466684490442,0.07044066488742828,0.0,0.5328478813171387,0.0
24.159616470336914,23.780000686645508,1000.0,233.0,0.8812345862388611,0.00014692958211526275,40.0,0.9991434216499329,0.9991434216499329,0.9991434216499329,0.0006056501879356802,0.0,0.5853365659713745,4680000.0,-0.01811254397034645,-0.0119692487642169,1.3351439953623867e-09,0.04091101139783859,0.001340184360742569,2.4359781742095947,0.2146480530500412,-0.05147714912891388,2.7018651962280273,28728.91015625,23.078739166259766,101.84352111816406,124.92225646972656,160.09957885742188,0.7726389169692993,0.3169572651386261,0.15796300768852234,0.03350245952606201,0.41022706031799316,1.0,0.1675538420677185,0.03320413827896118,-26.666704177856445,0.03350245952606201,0.004079013131558895,0.055773019790649414,1.294265627861023,0.0,3.0
24.392318725585938,26.760000228881836,1000.0,234.0,0.8716228604316711,0.00014133135846350342,40.0,1.000101089477539,1.000101089477539,1.000101089477539,7.15372952981852e-05,0.0,0.5798043608665466,4700000.0,-0.009781290777027607,0.008331253193318844,6.9141385949933465e-09,0.04143977537751198,0.0005287639796733856,2.460681915283203,0.3196229338645935,0.10497488081455231,2.6352992057800293,28854.810546875,22.99896812438965,102.86665344238281,125.8656234741211,158.89962768554688,0.7490238547325134,0.32729819416999817,0.19045153260231018,0.035648275166749954,0.42257893085479736,1.0,0.3279837667942047,0.0354117676615715,-26.122947692871094,0.035648275166749954,0.0052936868742108345,0.11848704516887665,0.0,0.410846471786499,0.0
22.342300415039062,24.200000762939453,1000.0,235.0,0.8609280586242676,0.00015601525956299156,40.0,1.0002704858779907,1.0002704858779907,1.0002704858779907,0.00019134672766085714,0.0,0.5736338496208191,4720000.0,-0.019009437412023544,-0.009228146634995937,1.287460360543946e-09,0.042527128010988235,0.0010873526334762573,2.3167386054992676,0.2815065383911133,-0.038116395473480225,2.426673412322998,28978.724609375,22.657657623291016,101.22083282470703,123.87848663330078,161.4485321044922,0.7695415616035461,0.3107183277606964,0.17596951127052307,0.03377269208431244,0.4037707448005676,1.0,0.20639121532440186,0.03377233073115349,-7.4113850593566895,0.03377269208431244,0.000176400993950665,0.08612105995416641,1.2994749546051025,0.0,3.0
23.157093048095703,26.479999542236328,1000.0,236.0,0.8595242500305176,0.00011948590690735728,40.0,1.0009952783584595,1.0009952783584595,1.0009952783584595,0.0007038523908704519,0.0,0.572628915309906,4740000.0,-0.007701214402914047,0.011308223009109497,-3.218650901359865e-09,0.04636023938655853,0.0038331113755702972,2.568953514099121,0.28849294781684875,0.006986409425735474,2.6464178562164307,29106.9609375,22.946086883544922,105.25433349609375,128.20042419433594,156.0057373046875,0.7694029211997986,0.3416259288787842,0.1850292980670929,0.03378486633300781,0.4139907658100128,1.0,0.2288762778043747,0.03341415524482727,-24.725149154663086,0.03378486633300781,0.005728408694267273,0.08851829916238785,0.0,0.4753335118293762,0.0
23.722606658935547,25.520000457763672,1000.0,237.0,0.8659483790397644,0.00011066186561947688,40.0,1.0003128051757812,1.0003128051757812,1.0003128051757812,0.00022113048180472106,0.0,0.576205313205719,4760000.0,-0.008779941126704216,-0.0010787267237901688,9.58442658571812e-09,0.04505027458071709,-0.001309964805841446,2.5086634159088135,0.28012001514434814,-0.00837293267250061,2.6801435947418213,29232.232421875,22.318321228027344,102.91836547851562,125.23668670654297,159.69761657714844,0.8116750121116638,0.34785327315330505,0.14476095139980316,0.030357465147972107,0.41789716482162476,1.0,0.20931333303451538,0.03024451620876789,-2.904717445373535,0.030357465147972107,0.0032314916606992483,0.09245352447032928,0.0,0.46510738134384155,0.0
26.210451126098633,25.3799991607666,1000.0,238.0,0.8724101185798645,0.00012818179675377905,40.0,1.0000189542770386,1.0000189542770386,1.0000189542770386,1.3374658919929061e-05,0.0,0.5797291994094849,4780000.0,-0.007252130191773176,0.0015278109349310398,3.218650901359865e-09,0.043226297944784164,-0.0018239766359329224,2.670125722885132,0.2542436420917511,-0.025876373052597046,2.879580497741699,29357.3828125,23.23362922668457,101.8828125,125.11644744873047,159.85108947753906,0.7644029855728149,0.3339841961860657,0.14447662234306335,0.03422828018665314,0.43649229407310486,1.0,0.20443159341812134,0.03411538153886795,-2.115549087524414,0.03422828018665314,0.0027629570104181767,0.06761696189641953,0.0,0.5438600182533264,0.0
25.660694122314453,21.780000686645508,1000.0,239.0,0.866293728351593,0.00012999751197639853,40.0,0.9997901320457458,0.9997901320457458,0.9997901320457458,0.00014841310621704906,0.0,0.5759820342063904,4800000.0,-0.01779642328619957,-0.010544293094426394,-1.0681151962899094e-08,0.037302542477846146,-0.005923755466938019,2.588949680328369,0.23224958777427673,-0.021994054317474365,2.6820626258850098,29483.333984375,23.091215133666992,102.82522583007812,125.91644287109375,158.8354949951172,0.8096015453338623,0.3341299891471863,0.12825173139572144,0.030513161793351173,0.41270911693573,1.0,0.19716767966747284,0.030293641611933708,-163.6008758544922,0.030513161793351173,0.0037296973168849945,0.06336840987205505,1.2351754903793335,0.0,3.0
25.54216957092285,18.979999542236328,1000.0,240.0,0.8511541485786438,0.00015066810010466725,40.0,1.000504493713379,1.000504493713379,1.000504493713379,0.0003567871171981096,0.0,0.5673781633377075,4820000.0,-0.01918097957968712,-0.0013845562934875488,1.4305114870438729e-09,0.04103405401110649,0.0037315115332603455,2.5780906677246094,0.2545333206653595,0.022283732891082764,2.510510206222534,29609.564453125,23.268125534057617,102.92881774902344,126.19693756103516,158.48245239257812,0.7438474297523499,0.31639403104782104,0.15684202313423157,0.03614615648984909,0.4253479242324829,1.0,0.2077120691537857,0.03601876273751259,-441.47601318359375,0.03614615648984909,0.0032337773591279984,0.08208546042442322,1.344361662864685,0.0,3.0
24.77605438232422,27.899999618530273,1000.0,241.0,0.8436487317085266,0.00012259367213118821,40.0,1.001386284828186,1.001386284828186,1.001386284828186,0.0009802795248106122,0.0,0.5632192492485046,4840000.0,-0.011409884318709373,0.007771095260977745,-1.0728836485895954e-08,0.040690694004297256,-0.0003433600068092346,2.6128604412078857,0.38526588678359985,0.13073256611824036,2.473332643508911,29736.80859375,24.36569595336914,102.84227752685547,127.20796966552734,157.2228546142578,0.7492034435272217,0.3442094922065735,0.1494600623846054,0.03563118726015091,0.4475158452987671,1.0,0.24381788074970245,0.035613834857940674,-63.16482925415039,0.03563118726015091,-0.0015197498723864555,0.13310152292251587,0.0,0.3876354396343231,0.0
25.554536819458008,31.5,1000.0,242.0,0.8436996340751648,0.00013107499398756772,40.0,1.0002273321151733,1.0002273321151733,1.0002273321151733,0.00016077618056442589,0.0,0.5631759762763977,4860000.0,-0.012423266656696796,-0.001013382337987423,1.4638900758257023e-08,0.03909382224082947,-0.0015968717634677887,2.608462333679199,0.3551751673221588,-0.03009071946144104,2.5293471813201904,29860.22265625,22.348604202270508,101.03003692626953,123.37864685058594,162.1026153564453,0.7730017304420471,0.3351916968822479,0.15539062023162842,0.03347101807594299,0.4301532804965973,1.0,0.2763039469718933,0.03346949443221092,-296.0525207519531,0.03347101807594299,-0.00046607188414782286,0.14270152151584625,0.0,0.37436968088150024,0.0
26.382280349731445,38.18000030517578,1000.0,243.0,0.8424209952354431,0.0001365988573525101,40.0,0.9995055794715881,0.9995055794715881,0.9995055794715881,0.000349594047293067,0.0,0.5625056624412537,4880000.0,-0.01548120379447937,-0.0030579371377825737,-1.3828277412031298e-09,0.040598683059215546,0.0015048608183860779,2.5887954235076904,0.4685449004173279,0.11336973309516907,2.7705881595611572,29986.04296875,22.576480865478516,103.20970153808594,125.78617858886719,158.99998474121094,0.7822577357292175,0.3273639976978302,0.1453120857477188,0.03268361836671829,0.427049458026886,1.0,0.3111656606197357,0.03198627009987831,-1144.4739990234375,0.03268361836671829,-0.010288051329553127,0.15178094804286957,0.0,0.3629997670650482,0.0
26.442462921142578,40.81999969482422,1000.0,244.0,0.8429090976715088,0.00013160082744434476,40.0,0.9991745948791504,0.9991745948791504,0.9991745948791504,0.0005836495547555387,0.0,0.5629386305809021,4900000.0,-0.016289053484797478,-0.0008078496903181076,2.336502102906479e-09,0.04080478474497795,0.0002061016857624054,2.586742639541626,0.5316811203956604,0.06313621997833252,2.7097582817077637,30113.548828125,24.47286605834961,102.99932861328125,127.4721908569336,156.89697265625,0.7629201412200928,0.33181607723236084,0.1557537019252777,0.03436146676540375,0.4370066523551941,1.0,0.3721383213996887,0.03433447703719139,-1083.6676025390625,0.03436146676540375,-0.0024965726770460606,0.23094511032104492,0.0,0.29427990317344666,0.0
26.324871063232422,38.36000061035156,1000.0,245.0,0.8419516682624817,0.00012929215154144913,40.0,1.0001038312911987,1.0001038312911987,1.0001038312911987,7.339172589126974e-05,0.0,0.5624800324440002,4920000.0,-0.011147517710924149,0.005141535773873329,-1.7404556684752492e-09,0.0360553152859211,-0.004749469459056854,2.672429084777832,0.3909277319908142,-0.1407533884048462,3.2114484310150146,30237.796875,22.775943756103516,101.43557739257812,124.21151733398438,161.01565551757812,0.7964996695518494,0.3352142572402954,0.14224688708782196,0.031525254249572754,0.41754597425460815,1.0,0.263580858707428,0.031484492123126984,-1417.4664306640625,0.031525254249572754,0.002265605144202709,0.12591978907585144,0.0,0.3985363841056824,0.0
25.5814266204834,39.31999969482422,1000.0,246.0,0.8391704559326172,0.00011416761844884604,40.0,1.000528335571289,1.000528335571289,1.000528335571289,0.0003735334612429142,0.0,0.5609104037284851,4940000.0,-0.010401414707303047,0.0007461030036211014,-4.76837147544984e-09,0.038241248577833176,0.002185933291912079,2.540260076522827,0.3399956524372101,-0.050932079553604126,3.09114933013916,30366.234375,25.552669525146484,102.8478775024414,128.40054321289062,155.7625732421875,0.7563074827194214,0.34910380840301514,0.15671725571155548,0.03496496379375458,0.43345165252685547,1.0,0.2112831026315689,0.03493639826774597,-2033.82421875,0.03496496379375458,0.0016970974393188953,0.10082501173019409,0.0,0.4453801214694977,0.0
24.885663986206055,31.68000030517578,1000.0,247.0,0.8382436633110046,0.00013717301771976054,40.0,1.0015760660171509,1.0015760660171509,1.0015760660171509,0.001114531303755939,0.0,0.5603351593017578,4960000.0,-0.01020357757806778,0.00019783712923526764,-1.6975402417074292e-08,0.04046149179339409,0.002220243215560913,2.5484578609466553,0.40726420283317566,0.06726855039596558,3.099961996078491,30492.486328125,23.910879135131836,102.2908935546875,126.20176696777344,158.47637939453125,0.7627065777778625,0.32986411452293396,0.17301172018051147,0.0343807116150856,0.4218288064002991,1.0,0.29986855387687683,0.03426695615053177,-354.5704650878906,0.0343807116150856,0.003783530555665493,0.12584206461906433,0.0,0.39865943789482117,0.0
24.140796661376953,31.899999618530273,1000.0,248.0,0.83900386095047,0.0001268994965357706,40.0,1.0004043579101562,1.0004043579101562,1.0004043579101562,0.00028586803819052875,0.0,0.5607373714447021,4980000.0,-0.00907099712640047,0.0011325804516673088,-5.7220459481754915e-09,0.04726092517375946,0.006799433380365372,2.5517382621765137,0.32538872957229614,-0.08187547326087952,3.135495662689209,30617.767578125,23.415042877197266,101.83193969726562,125.24697875976562,159.68447875976562,0.7409543991088867,0.33635902404785156,0.1752447634935379,0.036428969353437424,0.4445832371711731,1.0,0.24124188721179962,0.03614788502454758,-460.2774353027344,0.036428969353437424,0.005391978193074465,0.10343310236930847,0.0,0.43972909450531006,0.0
23.405675888061523,35.36000061035156,1000.0,249.0,0.8430817127227783,0.00011016578355338424,40.0,0.9992774128913879,0.9992774128913879,0.9992774128913879,0.0005109602934680879,0.0,0.5631086230278015,5000000.0,-0.01310933567583561,-0.004038338549435139,8.487701208537146e-09,0.045784469693899155,-0.0014764554798603058,2.4419307708740234,0.3957078158855438,0.07031908631324768,3.092649221420288,30743.49609375,23.434314727783203,102.26012420654297,125.69444274902344,159.11602783203125,0.7048901915550232,0.35292503237724304,0.18293388187885284,0.040251947939395905,0.4372752606868744,1.0,0.26739442348480225,0.04024240002036095,-708.0005493164062,0.040251947939395905,-0.0012030263897031546,0.15159107744693756,0.0,0.3632270097732544,0.0
