Metrics/EpRet,Metrics/EpCost,Metrics/EpLen,Train/Epoch,Train/Entropy,Train/KL,Train/StopIter,Train/PolicyRatio,Train/PolicyRatio/Min,Train/PolicyRatio/Max,Train/PolicyRatio/Std,Train/LR,Train/PolicyStd,TotalEnvSteps,Loss/Loss_pi,Loss/Loss_pi/Delta,Value/Adv,Loss/Loss_reward_critic,Loss/Loss_reward_critic/Delta,Value/reward,Loss/Loss_cost_critic,Loss/Loss_cost_critic/Delta,Value/cost,Time/Total,Time/Rollout,Time/Update,Time/Epoch,Time/FPS,Metrics/LagrangeMultiplier
-1.34096097946167,33.375,1000.0,0.0,1.4192451238632202,0.014383042231202126,5.0,0.9999419450759888,0.9999419450759888,0.9999419450759888,0.020114824175834656,0.00029880000511184335,1.0003116130828857,20000.0,-0.0028866685461252928,-0.0028866685461252928,-0.08910132944583893,0.01161003578454256,0.01161003578454256,-0.09566637873649597,3.525477647781372,3.525477647781372,-0.0178652536123991,44.6097297668457,21.69664192199707,22.91208839416504,44.60873031616211,448.3427429199219,0.035999998450279236
-1.163292407989502,58.03125,1000.0,1.0,1.4137173891067505,0.05501021817326546,1.0,1.0010673999786377,1.0010673999786377,1.0010673999786377,0.028761157765984535,0.0002975999959744513,0.9947986602783203,40000.0,-0.005336714442819357,-0.002450045896694064,0.26774847507476807,0.002637646859511733,-0.008972388925030828,-0.08125537633895874,9.52509593963623,5.999618291854858,1.1203006505966187,70.15642547607422,21.258106231689453,4.264023303985596,25.523136138916016,783.602783203125,0.06700782477855682
-0.4028101861476898,57.22916793823242,1000.0,2.0,1.409942388534546,0.040774084627628326,2.0,1.0038400888442993,1.0038400888442993,1.0038400888442993,0.034992367029190063,0.00029639998683705926,0.9910476207733154,60000.0,-0.002214097185060382,0.003122617257758975,0.13665379583835602,0.005321668926626444,0.002684022067114711,-0.05012964829802513,5.948478698730469,-3.5766172409057617,3.2186954021453857,100.3958969116211,21.927230834960938,8.293088912963867,30.220319747924805,661.8063354492188,0.09978534281253815
0.8797206878662109,66.86000061035156,1000.0,3.0,1.4079127311706543,0.046631962060928345,1.0,1.0000587701797485,1.0000587701797485,1.0000587701797485,0.030404455959796906,0.00029520000680349767,0.9890357851982117,80000.0,-0.0003549163229763508,0.001859180862084031,-0.05179968103766441,0.008607538416981697,0.0032858694903552532,-0.02518627420067787,12.129268646240234,6.180789947509766,3.2236263751983643,126.57167053222656,21.760440826416016,4.395352363586426,26.155792236328125,764.6489868164062,0.13335922360420227
3.1002042293548584,56.599998474121094,1000.0,4.0,1.405238389968872,0.016383524984121323,5.0,1.0001519918441772,1.0001519918441772,1.0001519918441772,0.025133030489087105,0.00029399999766610563,0.9863963723182678,100000.0,-0.0005192129756323993,-0.00016429665265604854,-0.014176949858665466,0.01359402947127819,0.0049864910542964935,0.04859788715839386,3.7989845275878906,-8.330284118652344,3.1214218139648438,169.06007385253906,21.143495559692383,21.32628059387207,42.46977615356445,470.92315673828125,0.16729001700878143
5.839095592498779,60.0,1000.0,5.0,1.4030112028121948,0.04289277642965317,2.0,0.9986329674720764,0.9986329674720764,0.9986329674720764,0.027337895706295967,0.0002927999885287136,0.9842051267623901,120000.0,-0.0011352576548233628,-0.0006160446791909635,0.5312811136245728,0.022146113216876984,0.008552083745598793,0.13872943818569183,5.635558605194092,1.8365740776062012,3.4455485343933105,201.62635803222656,23.66653060913086,8.87615966796875,32.54269027709961,614.5773315429688,0.2016139030456543
8.57484245300293,52.0,1000.0,6.0,1.3938119411468506,0.009637599810957909,15.0,0.9995365738868713,0.9995365738868713,0.9995365738868713,0.017782112583518028,0.000291600008495152,0.9752111434936523,140000.0,-0.003570565953850746,-0.0024353082990273833,0.1222255676984787,0.023477932438254356,0.0013318192213773727,0.26001185178756714,2.092665433883667,-3.542893171310425,3.688605785369873,287.08251953125,21.4996280670166,63.935821533203125,85.4354476928711,234.09486389160156,0.23572461307048798
11.41805648803711,61.380001068115234,1000.0,7.0,1.3881151676177979,0.013512052595615387,2.0,0.9997647404670715,0.9997647404670715,0.9997647404670715,0.018946543335914612,0.00029039999935775995,0.9696603417396545,160000.0,0.0009303013212047517,0.004500867275055498,-0.11142019927501678,0.028274523094296455,0.004796590656042099,0.5122597813606262,5.511899948120117,3.41923451423645,3.5333504676818848,316.7770690917969,21.054550170898438,8.614474296569824,29.669023513793945,674.103759765625,0.2702324092388153
12.361791610717773,59.31999969482422,1000.0,8.0,1.3857524394989014,0.014400385320186615,2.0,0.9998555183410645,0.9998555183410645,0.9998555183410645,0.019071578979492188,0.0002891999902203679,0.9673676490783691,180000.0,8.73251337907277e-05,-0.000842976187414024,-0.08624567091464996,0.028636807575821877,0.00036228448152542114,0.47949716448783875,5.170567512512207,-0.34133243560791016,3.7228636741638184,349.8175964355469,23.625093460083008,9.396448135375977,33.021541595458984,605.6652221679688,0.30494096875190735
15.15234088897705,56.439998626708984,1000.0,9.0,1.3730740547180176,0.014148585498332977,10.0,0.9991427659988403,0.9991427659988403,0.9991427659988403,0.021757040172815323,0.0002880000101868063,0.9551947116851807,200000.0,-0.00470685912296176,-0.004794184256752487,0.0055712684988975525,0.03021700493991375,0.0015801973640918732,0.8622931838035583,2.6499252319335938,-2.5206422805786133,5.401959419250488,413.796875,21.238977432250977,42.720863342285156,63.959842681884766,312.6961975097656,0.3396407961845398
16.71002960205078,49.29999923706055,1000.0,10.0,1.364746332168579,0.015438628382980824,3.0,0.9994018077850342,0.9994018077850342,0.9994018077850342,0.020569713786244392,0.0002868000010494143,0.9472822546958923,220000.0,-0.001100991852581501,0.0036058672703802586,0.19133010506629944,0.029482131823897362,-0.0007348731160163879,0.9930464625358582,4.381856441497803,1.731931209564209,5.018520355224609,449.70654296875,22.93886375427246,12.945686340332031,35.88554382324219,557.3274536132812,0.37380871176719666
18.695629119873047,48.08000183105469,1000.0,11.0,1.35688054561615,0.011247435584664345,8.0,1.0006462335586548,1.0006462335586548,1.0006462335586548,0.018734032288193703,0.00028559999191202223,0.9398869276046753,240000.0,-0.0038130253087729216,-0.0027120334561914206,-0.18666322529315948,0.029685983434319496,0.0002038516104221344,1.0098074674606323,2.317261219024658,-2.0645952224731445,4.574705600738525,508.22869873046875,21.77834129333496,36.72380065917969,58.50214385986328,341.8678283691406,0.40744122862815857
20.36166000366211,49.439998626708984,1000.0,12.0,1.350426197052002,0.014174187555909157,4.0,1.0008255243301392,1.0008255243301392,1.0008255243301392,0.01842348277568817,0.00028440001187846065,0.9338476657867432,260000.0,-0.0022239433601498604,0.0015890819486230612,-0.014336198568344116,0.03768715634942055,0.008001172915101051,1.3300185203552246,3.049865484237671,0.7326042652130127,5.288825988769531,549.1809692382812,22.876691818237305,18.052087783813477,40.92877960205078,488.6537170410156,0.4407568871974945
21.603281021118164,56.18000030517578,1000.0,13.0,1.3489328622817993,0.012408355250954628,8.0,0.9998613595962524,0.9998613595962524,0.9998613595962524,0.019471289590001106,0.0002832000027410686,0.9324874877929688,280000.0,-0.0038015081081539392,-0.0015775647480040789,0.00287039577960968,0.034761134535074234,-0.0029260218143463135,1.4352340698242188,2.5882568359375,-0.4616086483001709,5.072764873504639,607.304931640625,22.089509963989258,36.01365661621094,58.10316848754883,344.2153015136719,0.4743361175060272
23.165294647216797,61.0,1000.0,14.0,1.344205379486084,0.014028397388756275,5.0,0.9990789890289307,0.9990789890289307,0.9990789890289307,0.0207933709025383,0.00028199999360367656,0.9281157851219177,300000.0,-0.003947957418859005,-0.00014644931070506573,-0.05335735157132149,0.034862808883190155,0.00010167434811592102,1.5392485857009888,2.8976662158966064,0.30940937995910645,4.992630481719971,653.7833251953125,23.77812385559082,22.67582130432129,46.45394515991211,430.533935546875,0.5084371566772461
22.621492385864258,54.08000183105469,1000.0,15.0,1.3392199277877808,0.01329069584608078,7.0,1.0001473426818848,1.0001473426818848,1.0001473426818848,0.019775398075580597,0.00028080001357011497,0.9234816431999207,320000.0,-0.00380964414216578,0.0001383132766932249,-0.06339389085769653,0.03449714928865433,-0.00036565959453582764,1.6629987955093384,1.8100552558898926,-1.0876109600067139,5.481466293334961,708.4193725585938,22.28228187561035,32.33304214477539,54.6158332824707,366.1941833496094,0.5425138473510742
22.608671188354492,51.86000061035156,1000.0,16.0,1.334163784980774,0.012955748476088047,8.0,0.9994370341300964,0.9994370341300964,0.9994370341300964,0.01983259804546833,0.0002796000044327229,0.9187893271446228,340000.0,-0.005265628453344107,-0.0014559843111783266,0.12351584434509277,0.03485560044646263,0.00035845115780830383,1.7579706907272339,2.2249600887298584,0.4149048328399658,5.488933086395264,767.4276123046875,22.766773223876953,36.21876907348633,58.98554229736328,339.0661315917969,0.5764020681381226
22.941560745239258,42.70000076293945,1000.0,17.0,1.3305963277816772,0.017413174733519554,4.0,0.9992597699165344,0.9992597699165344,0.9992597699165344,0.021052202209830284,0.0002783999952953309,0.9155181050300598,360000.0,-0.0018755916971713305,0.0033900367561727762,0.03757832571864128,0.04027411714196205,0.00541851669549942,1.8957183361053467,2.4560706615448,0.2311105728149414,5.302428245544434,808.5145263671875,22.16506004333496,18.897850036621094,41.06291198730469,487.0575256347656,0.6093025803565979
22.752729415893555,43.58000183105469,1000.0,18.0,1.3207820653915405,0.011116095818579197,12.0,1.0016547441482544,1.0016547441482544,1.0016547441482544,0.01880395971238613,0.00027719998615793884,0.9065640568733215,380000.0,-0.007304478902369738,-0.005428887205198407,0.13761970400810242,0.03627435490489006,-0.003999762237071991,1.7142796516418457,1.1766140460968018,-1.279456615447998,4.302798271179199,887.1979370117188,22.756879806518555,55.903160095214844,78.66004180908203,254.25869750976562,0.641432523727417
22.035890579223633,43.20000076293945,1000.0,19.0,1.3152666091918945,0.01216941699385643,6.0,1.0005513429641724,1.0005513429641724,1.0005513429641724,0.019559888169169426,0.00027600000612437725,0.901558518409729,400000.0,-0.004565684590488672,0.0027387943118810654,-0.05483861267566681,0.041368626058101654,0.005094271153211594,1.8795340061187744,1.7339926958084106,0.5573786497116089,4.60539436340332,938.7083129882812,23.996337890625,27.488544464111328,51.48488235473633,388.4635314941406,0.6728547215461731
21.860872268676758,42.619998931884766,1000.0,20.0,1.3139768838882446,0.011313035152852535,8.0,1.0010828971862793,1.0010828971862793,1.0010828971862793,0.018850717693567276,0.0002747999969869852,0.9003999829292297,420000.0,-0.006252477876842022,-0.0016867932863533497,0.04676567018032074,0.04172978550195694,0.00036115944385528564,1.8921003341674805,1.3479204177856445,-0.3860722780227661,4.611191749572754,998.3215942382812,22.377147674560547,37.21288299560547,59.590030670166016,335.6266174316406,0.7036010026931763
22.174854278564453,45.34000015258789,1000.0,21.0,1.314234972000122,0.014388798736035824,4.0,1.0005661249160767,1.0005661249160767,1.0005661249160767,0.02098926343023777,0.00027359998784959316,0.9006379842758179,440000.0,-0.002692528534680605,0.003559949342161417,0.03197013586759567,0.04506603255867958,0.003336247056722641,1.9414178133010864,2.324967384338379,0.9770469665527344,5.031372547149658,1039.56201171875,22.75579833984375,18.45970344543457,41.21549987792969,485.25433349609375,0.7340424060821533
21.68731689453125,35.79999923706055,1000.0,22.0,1.3125107288360596,0.011508192867040634,9.0,1.000605583190918,1.000605583190918,1.000605583190918,0.01820342056453228,0.0002724000078160316,0.89911949634552,460000.0,-0.005694654304534197,-0.003002125769853592,0.004481568932533264,0.03314858302474022,-0.011917449533939362,1.941104531288147,1.1764421463012695,-1.1485252380371094,4.468855857849121,1105.291259765625,23.27658462524414,42.43117904663086,65.707763671875,304.3780517578125,0.7631606459617615
22.141847610473633,37.0,1000.0,23.0,1.308638334274292,0.01129723247140646,9.0,1.0002202987670898,1.0002202987670898,1.0002202987670898,0.018758175894618034,0.00027119999867863953,0.8956058621406555,480000.0,-0.006728277076035738,-0.0010336227715015411,-0.0581582747399807,0.03676989674568176,0.0036213137209415436,2.211108684539795,1.4048088788986206,0.22836673259735107,4.964666843414307,1168.7335205078125,22.380645751953125,41.03776931762695,63.41841506958008,315.3658142089844,0.7912433743476868
22.696760177612305,32.459999084472656,1000.0,24.0,1.305326223373413,0.015108504332602024,6.0,0.9999053478240967,0.9999053478240967,0.9999053478240967,0.021166743710637093,0.0002699999895412475,0.8926540613174438,500000.0,-0.005752764642238617,0.000975512433797121,0.2414206713438034,0.04129897430539131,0.004529077559709549,2.2355775833129883,1.7907392978668213,0.3859304189682007,4.968178749084473,1220.8309326171875,24.618022918701172,27.456384658813477,52.07440948486328,384.0657958984375,0.8178339600563049
24.30685043334961,42.540000915527344,1000.0,25.0,1.2981916666030884,0.013900133781135082,5.0,1.000157117843628,1.000157117843628,1.000157117843628,0.0203785952180624,0.0002688000095076859,0.8863462805747986,520000.0,-0.004823294002562761,0.0009294706396758556,0.24560503661632538,0.03593592718243599,-0.005363047122955322,2.3298470973968506,1.8548122644424438,0.06407296657562256,4.8882341384887695,1267.3905029296875,22.782917022705078,23.75273323059082,46.535648345947266,429.77801513671875,0.844328761100769
24.438447952270508,42.060001373291016,1000.0,26.0,1.2925331592559814,0.019587870687246323,4.0,0.9992663860321045,0.9992663860321045,0.9992663860321045,0.02598506212234497,0.00026760000037029386,0.8813228011131287,540000.0,-0.0040659536607563496,0.0007573403418064117,0.25327345728874207,0.03886204585433006,0.0029261186718940735,2.304194211959839,2.0368270874023438,0.1820148229598999,4.8405280113220215,1309.3564453125,23.441112518310547,18.50179672241211,41.942909240722656,476.8386535644531,0.8706955313682556
24.521020889282227,49.540000915527344,1000.0,27.0,1.2909061908721924,0.017671149224042892,4.0,1.0007659196853638,1.0007659196853638,1.0007659196853638,0.022847263142466545,0.0002663999912329018,0.879906415939331,560000.0,-0.004095883574336767,-2.9929913580417633e-05,0.023427192121744156,0.03838382661342621,-0.00047821924090385437,2.389967441558838,2.7359743118286133,0.6991472244262695,4.829712390899658,1349.7191162109375,22.061527252197266,18.280841827392578,40.342369079589844,495.7567138671875,0.8978007435798645
23.894880294799805,57.91999816894531,1000.0,28.0,1.2925611734390259,0.03009761869907379,1.0,0.9993134140968323,0.9993134140968323,0.9993134140968323,0.021955305710434914,0.0002652000111993402,0.8813786506652832,580000.0,0.002538744593039155,0.006634628167375922,0.10489653795957565,0.041089143604040146,0.0027053169906139374,2.2738430500030518,5.234025478363037,2.498051166534424,4.97899866104126,1378.4693603515625,24.0793399810791,4.650389671325684,28.7297306060791,696.1429443359375,0.9263967275619507
23.465293884277344,57.20000076293945,1000.0,29.0,1.2891772985458374,0.016124263405799866,4.0,1.0005664825439453,1.0005664825439453,1.0005664825439453,0.024052733555436134,0.0002640000020619482,0.8783966302871704,600000.0,-0.004577941726893187,-0.007116686319932342,-0.1070631593465805,0.04067732393741608,-0.0004118196666240692,2.1509242057800293,2.1662817001342773,-3.0677437782287598,4.486232280731201,1419.37841796875,22.55741310119629,18.33262825012207,40.89004135131836,489.11663818359375,0.9562198519706726
22.776395797729492,56.2400016784668,1000.0,30.0,1.2899949550628662,0.02278299815952778,2.0,0.9994764924049377,0.9994764924049377,0.9994764924049377,0.022899089381098747,0.00026279999292455614,0.8791756629943848,620000.0,-0.0007275308598764241,0.0038504108670167625,0.0024664555676281452,0.043500881642103195,0.0028235577046871185,2.389286756515503,3.1287343502044678,0.9624526500701904,4.927506446838379,1452.89794921875,23.570777893066406,9.928098678588867,33.498878479003906,597.034912109375,0.9870237112045288
24.187965393066406,48.459999084472656,1000.0,31.0,1.2830151319503784,0.019508928060531616,3.0,1.0030635595321655,1.0030635595321655,1.0030635595321655,0.029668688774108887,0.00026160001289099455,0.873160183429718,640000.0,-0.0019092463189736009,-0.0011817154590971768,-0.22511033713817596,0.0376843586564064,-0.005816522985696793,2.5668301582336426,3.1092100143432617,-0.019524335861206055,5.082890510559082,1490.31640625,23.394254684448242,14.002696990966797,37.39695358276367,534.8029174804688,1.0179271697998047
26.275646209716797,53.599998474121094,1000.0,32.0,1.2766902446746826,0.015728309750556946,3.0,0.9984567761421204,0.9984567761421204,0.9984567761421204,0.021317405626177788,0.0002604000037536025,0.867717981338501,660000.0,-0.0027045009192079306,-0.0007952546002343297,0.028057292103767395,0.040302079170942307,0.002617720514535904,2.515882968902588,2.792191982269287,-0.3170180320739746,5.046680927276611,1526.4263916015625,22.538434982299805,13.549217224121094,36.08765411376953,554.2061767578125,1.0494410991668701
26.183612823486328,54.36000061035156,1000.0,33.0,1.27363920211792,0.01623922400176525,4.0,0.9988290071487427,0.9988290071487427,0.9988290071487427,0.021652694791555405,0.00025919999461621046,0.8651739954948425,680000.0,-0.003998901695013046,-0.0012944007758051157,-0.06867128610610962,0.03722170367836952,-0.0030803754925727844,2.4001824855804443,2.8968896865844727,0.10469770431518555,5.27658224105835,1567.4483642578125,22.428855895996094,18.573368072509766,41.00222396850586,487.7784118652344,1.081567645072937
24.178987503051758,46.939998626708984,1000.0,34.0,1.27103853225708,0.015377810224890709,4.0,1.0007795095443726,1.0007795095443726,1.0007795095443726,0.022921159863471985,0.0002579999854788184,0.8628655076026917,700000.0,-0.0031673673074692488,0.0008315343875437975,-0.10078535974025726,0.039177510887384415,0.0019558072090148926,2.342846632003784,2.4963433742523193,-0.4005463123321533,4.8234405517578125,1608.2530517578125,22.387096405029297,18.39574432373047,40.78299331665039,490.4004821777344,1.1134892702102661
23.424339294433594,44.13999938964844,1000.0,35.0,1.2680166959762573,0.04872008040547371,1.0,1.0003714561462402,1.0003714561462402,1.0003714561462402,0.025337446480989456,0.00025680000544525683,0.8602414131164551,720000.0,-0.0028161010704934597,0.00035126623697578907,0.2879095673561096,0.04255225881934166,0.003374747931957245,2.4820518493652344,4.552509307861328,2.056165933609009,5.735308647155762,1636.3006591796875,23.313831329345703,4.712228775024414,28.026058197021484,713.62158203125,1.14492928981781
23.911977767944336,44.7400016784668,1000.0,36.0,1.264407753944397,0.013009577989578247,5.0,0.9998583793640137,0.9998583793640137,0.9998583793640137,0.01873641088604927,0.0002555999963078648,0.8571310639381409,740000.0,-0.005504094995558262,-0.002687993925064802,0.15879347920417786,0.04166984185576439,-0.0008824169635772705,2.6146419048309326,1.9012305736541748,-2.6512787342071533,5.153669834136963,1683.6104736328125,24.154691696166992,23.13568687438965,47.29037857055664,422.91900634765625,1.176011562347412
22.884408950805664,41.459999084472656,1000.0,37.0,1.2610037326812744,0.026674408465623856,2.0,0.9985316395759583,0.9985316395759583,0.9985316395759583,0.022758547216653824,0.00025439998717047274,0.8542348146438599,760000.0,-0.00027046294417232275,0.005233632051385939,0.087233766913414,0.04209946468472481,0.0004296228289604187,2.3285887241363525,2.2307958602905273,0.32956528663635254,4.630343914031982,1715.4305419921875,22.78696060180664,9.009339332580566,31.79629898071289,629.0040283203125,1.206404447555542
22.24419403076172,40.68000030517578,1000.0,38.0,1.2586463689804077,0.01868058182299137,4.0,0.9995169043540955,0.9995169043540955,0.9995169043540955,0.022700758650898933,0.00025320000713691115,0.8523905873298645,780000.0,-0.0039837537333369255,-0.0037132907891646028,-0.10664057731628418,0.04236781969666481,0.00026835501194000244,2.3633670806884766,2.335598945617676,0.10480308532714844,4.71472692489624,1757.0784912109375,22.87363052368164,18.754451751708984,41.628082275390625,480.44488525390625,1.2360918521881104
21.127582550048828,37.060001373291016,1000.0,39.0,1.252939224243164,0.01083455327898264,7.0,1.000614881515503,1.000614881515503,1.000614881515503,0.019362637773156166,0.0002519999979995191,0.8474807143211365,800000.0,-0.007156988140195608,-0.0031732344068586826,-0.03827384114265442,0.04122154042124748,-0.0011462792754173279,2.3372559547424316,1.5376617908477783,-0.7979371547698975,4.552635669708252,1811.8209228515625,22.360958099365234,32.359161376953125,54.72011947631836,365.49627685546875,1.2647066116333008
22.87509536743164,38.540000915527344,1000.0,40.0,1.253806471824646,0.014331313781440258,4.0,1.0012263059616089,1.0012263059616089,1.0012263059616089,0.021033041179180145,0.00025079998886212707,0.8481781482696533,820000.0,-0.004795464687049389,0.0023615234531462193,-0.3074665069580078,0.04427340254187584,0.003051862120628357,2.5826902389526367,2.070005178451538,0.5323433876037598,4.882606029510498,1854.27490234375,23.27214813232422,19.160255432128906,42.432403564453125,471.337890625,1.2925447225570679
21.68273162841797,36.220001220703125,1000.0,41.0,1.2530796527862549,0.12584978342056274,1.0,1.0002293586730957,1.0002293586730957,1.0002293586730957,0.04749761149287224,0.0002496000088285655,0.8476041555404663,840000.0,-0.004177613649517298,0.0006178510375320911,0.017677094787359238,0.04401753097772598,-0.00025587156414985657,2.1875391006469727,2.3262197971343994,0.25621461868286133,3.996384382247925,1882.1624755859375,22.81678009033203,5.047901153564453,27.864681243896484,717.7545166015625,1.3193928003311157
22.450241088867188,40.380001068115234,1000.0,42.0,1.2584328651428223,0.03646763786673546,1.0,0.99955815076828,0.99955815076828,0.99955815076828,0.026243358850479126,0.00024839999969117343,0.8521410822868347,860000.0,0.0012984306085854769,0.005476044258102775,0.102553591132164,0.04607114568352699,0.00205361470580101,2.542206287384033,4.38126802444458,2.0550482273101807,4.185211658477783,1909.2601318359375,22.559654235839844,4.516704082489014,27.076358795166016,738.6517333984375,1.3458867073059082
21.614639282226562,38.68000030517578,1000.0,43.0,1.2583041191101074,0.013273629359900951,5.0,0.9989936947822571,0.9989936947822571,0.9989936947822571,0.02040933631360531,0.0002471999905537814,0.8520401120185852,880000.0,-0.0047326539643108845,-0.006031084572896361,0.022208865731954575,0.04492754116654396,-0.0011436045169830322,2.544127941131592,1.8080884218215942,-2.573179602622986,4.757999420166016,1955.681884765625,23.077482223510742,23.324752807617188,46.40223693847656,431.01373291015625,1.3718525171279907
23.094812393188477,42.959999084472656,1000.0,44.0,1.2578210830688477,0.01694316975772381,5.0,1.0005565881729126,1.0005565881729126,1.0005565881729126,0.022265881299972534,0.0002460000105202198,0.8515994548797607,900000.0,-0.0069555784575641155,-0.002222924493253231,0.0034990347921848297,0.034745585173368454,-0.010181955993175507,2.432490110397339,1.9524345397949219,0.14434611797332764,4.04345703125,2000.725341796875,22.280412673950195,22.74081802368164,45.0212287902832,444.23486328125,1.3978990316390991
23.278282165527344,39.70000076293945,1000.0,45.0,1.2551205158233643,0.01733670011162758,2.0,1.000754714012146,1.000754714012146,1.000754714012146,0.018078399822115898,0.00024480000138282776,0.8492545485496521,920000.0,3.059751179534942e-05,0.006986175969359465,-0.09281843900680542,0.04525754973292351,0.010511964559555054,2.4786453247070312,2.4512999057769775,0.49886536598205566,4.302773952484131,2033.2650146484375,23.750709533691406,8.766977310180664,32.51768493652344,615.0499267578125,1.4236092567443848
22.93991470336914,39.959999084472656,1000.0,46.0,1.2454900741577148,0.01589188165962696,4.0,1.0009452104568481,1.0009452104568481,1.0009452104568481,0.019792938604950905,0.00024360000679735094,0.8411980271339417,940000.0,-0.00387650472112,-0.003907102232915349,-0.03398168832063675,0.0416739247739315,-0.0035836249589920044,2.4835317134857178,2.273798704147339,-0.17750120162963867,4.557318210601807,2074.774658203125,23.497112274169922,17.99190330505371,41.489017486572266,482.0552978515625,1.4490594863891602
22.66997718811035,40.65999984741211,1000.0,47.0,1.239871621131897,0.016512524336576462,3.0,0.9986341595649719,0.9986341595649719,0.9986341595649719,0.022388162091374397,0.0002423999976599589,0.8365132808685303,960000.0,-0.0037714093923568726,0.00010509532876312733,-0.06768602132797241,0.04418354108929634,0.0025096163153648376,2.335254192352295,2.4999992847442627,0.22620058059692383,4.472499370574951,2109.85693359375,22.253143310546875,12.808660507202148,35.061805725097656,570.4213256835938,1.4743767976760864
20.611642837524414,39.29999923706055,1000.0,48.0,1.2365784645080566,0.030014919117093086,1.0,1.0008689165115356,1.0008689165115356,1.0008689165115356,0.026449011638760567,0.00024120000307448208,0.8336942195892334,980000.0,0.006175800692290068,0.00994721008464694,-0.31014594435691833,0.044974103569984436,0.0007905624806880951,2.2204442024230957,2.735870361328125,0.2358710765838623,3.827699661254883,2138.87744140625,24.39714813232422,4.603326320648193,29.00047492980957,689.6438598632812,1.4994027614593506
20.880897521972656,35.900001525878906,1000.0,49.0,1.234066128730774,0.020379524677991867,2.0,0.9977929592132568,0.9977929592132568,0.9977929592132568,0.023020371794700623,0.00023999999393709004,0.8315193057060242,1000000.0,-0.003010170068591833,-0.0091859707608819,-0.05478513240814209,0.04925372079014778,0.004279617220163345,2.3135530948638916,1.998302698135376,-0.737567663192749,4.091155529022217,2168.72119140625,21.152070999145508,8.67190170288086,29.823972702026367,670.6014404296875,1.5237106084823608
21.23714828491211,28.020000457763672,1000.0,50.0,1.233675479888916,0.010824176482856274,5.0,0.9986825585365295,0.9986825585365295,0.9986825585365295,0.01789112016558647,0.00023879999935161322,0.8311747312545776,1020000.0,-0.0050180088728666306,-0.0020078388042747974,-0.11472535878419876,0.048640090972185135,-0.0006136298179626465,2.4387941360473633,1.6018794775009155,-0.39642322063446045,4.033053398132324,2213.39599609375,22.7093448638916,21.946247100830078,44.65559005737305,447.87225341796875,1.5462467670440674
23.628555297851562,31.780000686645508,1000.0,51.0,1.2313951253890991,0.012298695743083954,6.0,0.9997478127479553,0.9997478127479553,0.9997478127479553,0.019014380872249603,0.0002376000047661364,0.8292168974876404,1040000.0,-0.006892792880535126,-0.0018747840076684952,0.010448066517710686,0.042974282056093216,-0.005665808916091919,2.6836764812469482,1.411389708518982,-0.1904897689819336,4.212404251098633,2263.68505859375,23.201581954956055,27.0655460357666,50.268104553222656,397.8666076660156,1.5677268505096436
24.277101516723633,31.040000915527344,1000.0,52.0,1.231217861175537,0.05020753666758537,1.0,1.0033025741577148,1.0033025741577148,1.0033025741577148,0.06566563248634338,0.00023639999562874436,0.8290215134620667,1060000.0,0.009846623055636883,0.01673941593617201,-0.08090497553348541,0.05752970650792122,0.014555424451828003,2.4314987659454346,2.6514482498168945,1.2400585412979126,3.5485172271728516,2289.357421875,21.246015548706055,4.404609680175781,25.650625228881836,779.7080688476562,1.58814537525177
25.2019100189209,45.65999984741211,1000.0,53.0,1.2282192707061768,0.042069125920534134,1.0,1.0018131732940674,1.0018131732940674,1.0018131732940674,0.041802167892456055,0.00023520000104326755,0.8264631032943726,1080000.0,0.008800935000181198,-0.0010456880554556847,0.2747116684913635,0.05188124254345894,-0.00564846396446228,2.6409592628479004,3.9909613132476807,1.3395130634307861,4.442224025726318,2316.864013671875,22.7414493560791,4.7451887130737305,27.48663902282715,727.6262817382812,1.609694004058838
24.985239028930664,44.58000183105469,1000.0,54.0,1.2292226552963257,0.01216208003461361,5.0,1.0002861022949219,1.0002861022949219,1.0002861022949219,0.02122311480343342,0.00023400000645779073,0.8273093700408936,1100000.0,-0.00625750282779336,-0.015058437827974558,0.21972966194152832,0.046758636832237244,-0.005122605711221695,2.7583253383636475,2.0563764572143555,-1.9345848560333252,4.537036418914795,2360.771240234375,22.136964797973633,21.75042724609375,43.88739013671875,455.71173095703125,1.6321182250976562
25.26044273376465,45.91999816894531,1000.0,55.0,1.2257198095321655,0.012263349257409573,6.0,1.0006250143051147,1.0006250143051147,1.0006250143051147,0.019572990015149117,0.0002327999973203987,0.8244107961654663,1120000.0,-0.006537971086800098,-0.00028046825900673866,-0.04314127564430237,0.04249247908592224,-0.0042661577463150024,2.5038838386535645,1.4036136865615845,-0.652762770652771,4.078076362609863,2410.296875,22.391759872436523,27.11296844482422,49.504730224609375,404.0018005371094,1.6555206775665283
26.536165237426758,31.639999389648438,1000.0,56.0,1.2214503288269043,0.017615390941500664,5.0,1.0003976821899414,1.0003976821899414,1.0003976821899414,0.021254373714327812,0.00023160000273492187,0.8209299445152283,1140000.0,-0.0056821489706635475,0.0008558221161365509,0.14248153567314148,0.039374541491270065,-0.003117937594652176,2.766706943511963,1.2884624004364014,-0.1151512861251831,4.125264644622803,2454.687744140625,22.063405990600586,22.30462646484375,44.3680305480957,450.7749938964844,1.677775502204895
24.990375518798828,30.0,1000.0,57.0,1.2184675931930542,0.01760338805615902,3.0,0.9989842176437378,0.9989842176437378,0.9989842176437378,0.02269228734076023,0.00023039999359752983,0.8185442090034485,1160000.0,-0.004287504591047764,0.0013946443796157837,-0.379660964012146,0.04855594411492348,0.009181402623653412,2.5515785217285156,1.6668692827224731,0.3784068822860718,3.6217527389526367,2489.162353515625,21.17787742614746,13.275043487548828,34.45292282104492,580.5023193359375,1.6987472772598267
24.60580062866211,29.940000534057617,1000.0,58.0,1.2221888303756714,0.014865206554532051,5.0,0.9999929666519165,0.9999929666519165,0.9999929666519165,0.02226562611758709,0.000229199999012053,0.8216332197189331,1180000.0,-0.006057245656847954,-0.00176974106580019,-0.012534864246845245,0.045817479491233826,-0.0027384646236896515,2.47639536857605,1.360615849494934,-0.30625343322753906,3.5187389850616455,2534.187744140625,23.358829498291016,21.644033432006836,45.00286102294922,444.4161682128906,1.718549370765686
20.846208572387695,29.219999313354492,1000.0,59.0,1.2235872745513916,0.019428685307502747,3.0,1.0007582902908325,1.0007582902908325,1.0007582902908325,0.0236397385597229,0.0002280000044265762,0.8228020071983337,1200000.0,-0.0035162067506462336,0.0025410389062017202,0.01979804039001465,0.048398785293102264,0.0025813058018684387,2.0837550163269043,1.6970516443252563,0.33643579483032227,3.518235206604004,2569.915283203125,21.782060623168945,13.922788619995117,35.70484924316406,560.1480102539062,1.737182855606079
21.417491912841797,31.5,1000.0,60.0,1.222172498703003,0.02991320751607418,1.0,0.9999783635139465,0.9999783635139465,0.9999783635139465,0.02209712564945221,0.00022679999528918415,0.8216624855995178,1220000.0,0.0021848841570317745,0.005701090907678008,-0.1380338966846466,0.05222603306174278,0.003827247768640518,2.641282081604004,3.6909751892089844,1.993923544883728,3.795447587966919,2596.97216796875,22.387311935424805,4.649831295013428,27.03714370727539,739.72314453125,1.7551143169403076
22.082595825195312,33.439998626708984,1000.0,61.0,1.221521258354187,0.013400085270404816,4.0,1.0021413564682007,1.0021413564682007,1.0021413564682007,0.019456883892416954,0.00022560000070370734,0.8211783170700073,1240000.0,-0.003041553543880582,-0.005226437700912356,-0.3397449851036072,0.04737456142902374,-0.00485147163271904,2.475248098373413,1.760860800743103,-1.9301143884658813,3.92227840423584,2638.164794921875,23.46787452697754,17.702640533447266,41.17051696777344,485.7845458984375,1.772716760635376
25.593732833862305,37.41999816894531,1000.0,62.0,1.217027187347412,0.015013706870377064,3.0,0.9997191429138184,0.9997191429138184,0.9997191429138184,0.019758429378271103,0.00022440000611823052,0.8175700902938843,1260000.0,-0.005574224516749382,-0.0025326709728688,0.10655193030834198,0.046449944376945496,-0.0009246170520782471,2.77917218208313,2.246187925338745,0.4853271245956421,3.873523473739624,2672.3515625,21.223800659179688,12.94284725189209,34.166648864746094,585.3661499023438,1.7906445264816284
26.963001251220703,38.68000030517578,1000.0,63.0,1.2176238298416138,0.013485483825206757,6.0,1.001953125,1.001953125,1.001953125,0.021176891401410103,0.00022319999698083848,0.8181601762771606,1280000.0,-0.007997812703251839,-0.0024235881865024567,0.09231223165988922,0.043409086763858795,-0.0030408576130867004,2.7215683460235596,1.4378610849380493,-0.8083268404006958,3.936375856399536,2720.71142578125,22.319725036621094,26.02018165588379,48.339908599853516,413.7368469238281,1.809069037437439
27.94647789001465,46.939998626708984,1000.0,64.0,1.2190088033676147,0.1535198837518692,1.0,0.9962828755378723,0.9962828755378723,0.9962828755378723,0.04194948822259903,0.00022200000239536166,0.8192957639694214,1300000.0,-0.003908998798578978,0.004088813904672861,-0.06082729995250702,0.05373852327466011,0.010329436510801315,2.73028564453125,3.6481215953826904,2.210260510444641,4.298482894897461,2747.496337890625,22.329998016357422,4.433682441711426,26.76367950439453,747.2813720703125,1.8291929960250854
26.379568099975586,51.560001373291016,1000.0,65.0,1.2202068567276,0.2936035096645355,1.0,1.0007379055023193,1.0007379055023193,1.0007379055023193,0.07455508410930634,0.00022079999325796962,0.8204014301300049,1320000.0,-0.008789612911641598,-0.00488061411306262,-0.31701457500457764,0.05444042384624481,0.0007019005715847015,2.4680888652801514,4.085492134094238,0.43737053871154785,3.9341156482696533,2773.916748046875,21.78702735900879,4.614365577697754,26.401391983032227,757.5358276367188,1.8515088558197021
22.695951461791992,62.91999816894531,1000.0,66.0,1.2193360328674316,0.03634379804134369,1.0,1.0083221197128296,1.0083221197128296,1.0083221197128296,0.13857942819595337,0.0002195999986724928,0.8195509314537048,1340000.0,0.02719302661716938,0.03598263952881098,0.3878260552883148,0.056318070739507675,0.0018776468932628632,2.2408981323242188,3.4579575061798096,-0.6275346279144287,4.6424078941345215,2801.007080078125,22.911678314208984,4.159672737121582,27.071388244628906,738.7874145507812,1.877294659614563
19.893369674682617,54.31999969482422,1000.0,67.0,1.2196176052093506,0.029288752004504204,2.0,0.9993999600410461,0.9993999600410461,0.9993999600410461,0.02087351121008396,0.00021840000408701599,0.8198573589324951,1360000.0,-0.0020852668676525354,-0.029278293484821916,0.10663706809282303,0.06415964663028717,0.007841575890779495,2.4210524559020996,2.6375961303710938,-0.8203613758087158,4.661506652832031,2832.944091796875,22.657119750976562,9.260371208190918,31.918045043945312,626.6047973632812,1.904988169670105
20.660018920898438,47.18000030517578,1000.0,68.0,1.2225534915924072,0.010596410371363163,5.0,0.9984058141708374,0.9984058141708374,0.9984058141708374,0.016624221578240395,0.00021719999494962394,0.8222691416740417,1380000.0,-0.006350439973175526,-0.00426517310552299,0.17329594492912292,0.05566070228815079,-0.008498944342136383,2.485746383666992,1.8079209327697754,-0.8296751976013184,3.820472240447998,2877.439453125,22.528078079223633,21.946380615234375,44.474456787109375,449.6963195800781,1.9334068298339844
22.453767776489258,33.220001220703125,1000.0,69.0,1.2248420715332031,0.012390040792524815,6.0,1.0004898309707642,1.0004898309707642,1.0004898309707642,0.018231132999062538,0.00021600000036414713,0.8241133093833923,1400000.0,-0.007507277652621269,-0.0011568376794457436,-0.3775733411312103,0.04969164356589317,-0.005969058722257614,2.439558267593384,1.2647172212600708,-0.5432037115097046,3.9724390506744385,2925.54345703125,21.391210556030273,26.691871643066406,48.08308029174805,415.94671630859375,1.9604504108428955
23.238862991333008,24.200000762939453,1000.0,70.0,1.225308895111084,0.03154939040541649,6.0,1.0022433996200562,1.0022433996200562,1.0022433996200562,0.09534075856208801,0.0002148000057786703,0.8245469927787781,1420000.0,-0.006875390652567148,0.000631887000054121,-0.34613025188446045,0.05006714537739754,0.000375501811504364,2.4534060955047607,0.8985818028450012,-0.3661354184150696,3.9676785469055176,2976.648681640625,22.259225845336914,28.82391357421875,51.08313751220703,391.51861572265625,1.9848395586013794
21.488876342773438,24.760000228881836,1000.0,71.0,1.2220375537872314,0.031713563948869705,2.0,0.9994575381278992,0.9994575381278992,0.9994575381278992,0.02897879108786583,0.00021359999664127827,0.8219878673553467,1440000.0,-0.0064777228981256485,0.0003976677544414997,0.2114250659942627,0.05367564782500267,0.003608502447605133,2.1856801509857178,1.63201105594635,0.7334292531013489,3.7422475814819336,3008.108154296875,22.113845825195312,9.32154655456543,31.43639373779297,636.205322265625,2.0
19.872852325439453,29.3799991607666,1000.0,72.0,1.21817147731781,0.048071131110191345,1.0,0.9979645609855652,0.9979645609855652,0.9979645609855652,0.0288090817630291,0.00021240000205580145,0.8188484311103821,1460000.0,0.0057416511699557304,0.012219374068081379,-0.2738538980484009,0.05755308270454407,0.003877434879541397,2.2820963859558105,3.0712685585021973,1.4392575025558472,3.5581016540527344,3033.772216796875,21.269969940185547,4.373971939086914,25.64394187927246,779.9112548828125,2.0
18.21990394592285,42.20000076293945,1000.0,73.0,1.2116172313690186,0.02150782383978367,2.0,1.0014034509658813,1.0014034509658813,1.0014034509658813,0.023265795782208443,0.0002111999929184094,0.8135296106338501,1480000.0,-0.00185596221126616,-0.0075976133812218904,-0.2554919719696045,0.0564836747944355,-0.0010694079101085663,2.231826066970825,2.7735135555267334,-0.29775500297546387,3.448936700820923,3065.284423828125,22.59756088256836,8.895878791809082,31.493440628051758,635.0528564453125,2.0
18.70421600341797,48.540000915527344,1000.0,74.0,1.2084518671035767,0.01335788145661354,6.0,1.001088261604309,1.001088261604309,1.001088261604309,0.021073419600725174,0.0002099999983329326,0.8110895752906799,1500000.0,-0.008932416327297688,-0.0070764541160315275,0.0801430493593216,0.043279461562633514,-0.013204213231801987,2.191495180130005,1.6194736957550049,-1.1540398597717285,3.451992988586426,3114.50732421875,22.14124298095703,27.06234359741211,49.20358657836914,406.47442626953125,2.0
19.877613067626953,39.70000076293945,1000.0,75.0,1.2049754858016968,0.014684170484542847,4.0,1.0008087158203125,1.0008087158203125,1.0008087158203125,0.020795585587620735,0.00020880000374745578,0.8082163333892822,1520000.0,-0.0052442848682403564,0.003688131459057331,0.08735059201717377,0.06004370003938675,0.016764238476753235,2.22092866897583,1.9626617431640625,0.3431880474090576,3.41898512840271,3153.993896484375,22.385976791381836,17.077566146850586,39.46354293823242,506.796875,2.0
20.116012573242188,37.959999084472656,1000.0,76.0,1.203932523727417,0.08841591328382492,1.0,0.9975335597991943,0.9975335597991943,0.9975335597991943,0.03553199768066406,0.00020759999461006373,0.8073410987854004,1540000.0,-0.0012621688656508923,0.003982116002589464,-0.1338721513748169,0.058998703956604004,-0.0010449960827827454,2.1631720066070557,3.1721646785736084,1.209502935409546,3.3327672481536865,3180.176025390625,21.580299377441406,4.581389427185059,26.16168785095215,764.4766845703125,2.0
20.883039474487305,32.34000015258789,1000.0,77.0,1.2043269872665405,0.011205993592739105,6.0,0.9999035596847534,0.9999035596847534,0.9999035596847534,0.018586600199341774,0.00020640000002458692,0.807553768157959,1560000.0,-0.007362129166722298,-0.006099960301071405,-0.1361243575811386,0.051799703389406204,-0.0071990005671978,2.1981747150421143,1.4354816675186157,-1.7366830110549927,3.644791841506958,3228.618408203125,21.98123550415039,26.441673278808594,48.422908782958984,413.02764892578125,2.0
21.6021671295166,34.29999923706055,1000.0,78.0,1.2042790651321411,0.014117006212472916,4.0,1.000320553779602,1.000320553779602,1.000320553779602,0.020955489948391914,0.0002052000054391101,0.8073844909667969,1580000.0,-0.005655169952660799,0.0017069592140614986,-0.04087042808532715,0.053924400359392166,0.002124696969985962,2.3761024475097656,1.6574841737747192,0.22200250625610352,3.6959753036499023,3267.774169921875,21.705589294433594,17.42886734008789,39.13445281982422,511.0586242675781,2.0
21.47567367553711,28.3799991607666,1000.0,79.0,1.2046986818313599,0.603188157081604,1.0,1.0248358249664307,1.0248358249664307,1.0248358249664307,0.5783358812332153,0.00020399999630171806,0.807693362236023,1600000.0,0.052414216101169586,0.058069386053830385,-0.4241878092288971,0.065648652613163,0.011724252253770828,2.008434534072876,2.232574462890625,0.5750902891159058,3.006915807723999,3294.744140625,22.18217658996582,4.767022132873535,26.94919776916504,742.1370849609375,2.0
21.408124923706055,28.299999237060547,1000.0,80.0,1.2051833868026733,0.01667955331504345,3.0,1.000334620475769,1.000334620475769,1.000334620475769,0.026450734585523605,0.00020280000171624124,0.8079677224159241,1620000.0,-0.005355830769985914,-0.0577700468711555,-0.08390118181705475,0.05425474792718887,-0.011393904685974121,2.2731478214263916,1.8771768808364868,-0.3553975820541382,3.493265151977539,3331.73779296875,23.230241775512695,13.743446350097656,36.97368621826172,540.9252319335938,2.0
22.03726577758789,22.68000030517578,1000.0,81.0,1.2008938789367676,0.012848365120589733,5.0,1.0015076398849487,1.0015076398849487,1.0015076398849487,0.027057575061917305,0.00020160000713076442,0.8044613003730774,1640000.0,-0.006174290552735329,-0.0008184597827494144,0.1950615793466568,0.0561080202460289,0.0018532723188400269,2.401782751083374,1.115543007850647,-0.7616338729858398,3.3133394718170166,3377.281494140625,22.569957733154297,22.953657150268555,45.52361297607422,439.3324279785156,2.0
21.79311752319336,29.799999237060547,1000.0,82.0,1.1965510845184326,0.05607003718614578,1.0,0.9993125200271606,0.9993125200271606,0.9993125200271606,0.02524055913090706,0.00020039999799337238,0.8009216785430908,1660000.0,0.0036922593135386705,0.009866549866274,0.0869625061750412,0.05928220972418785,0.003174189478158951,2.21256685256958,3.182628631591797,2.06708562374115,3.2399511337280273,3404.5703125,22.94292449951172,4.324235916137695,27.267160415649414,733.4830322265625,2.0
20.82693862915039,31.200000762939453,1000.0,83.0,1.1947394609451294,0.01883826032280922,4.0,0.9998753666877747,0.9998753666877747,0.9998753666877747,0.021439114585518837,0.00019920000340789557,0.7995553016662598,1680000.0,-0.008721153251826763,-0.012413412565365434,-0.06887351721525192,0.05100748687982559,-0.008274722844362259,2.025517463684082,1.6048667430877686,-1.5777618885040283,2.755007028579712,3444.0068359375,21.739343643188477,17.678020477294922,39.417362213134766,507.3905944824219,2.0
19.191110610961914,35.900001525878906,1000.0,84.0,1.1953303813934326,0.02007243037223816,3.0,1.0005942583084106,1.0005942583084106,1.0005942583084106,0.02484297566115856,0.00019799999427050352,0.800153911113739,1700000.0,-0.004563208669424057,0.004157944582402706,0.2619563043117523,0.05281037092208862,0.001802884042263031,2.098740339279175,2.211301803588867,0.6064350605010986,3.037095785140991,3481.519775390625,23.148038864135742,14.344061851501465,37.49209976196289,533.4456787109375,2.0
20.770856857299805,35.900001525878906,1000.0,85.0,1.1995482444763184,0.020817790180444717,2.0,0.9996345639228821,0.9996345639228821,0.9996345639228821,0.022684019058942795,0.0001967999996850267,0.8035474419593811,1720000.0,-0.0032409182749688625,0.0013222903944551945,0.07571564614772797,0.056457262486219406,0.003646891564130783,2.4039106369018555,2.539553642272949,0.32825183868408203,3.337157726287842,3513.316650390625,22.806678771972656,8.969507217407227,31.77618408203125,629.4021606445312,2.0
22.89128875732422,35.15999984741211,1000.0,86.0,1.203994870185852,0.07648965716362,1.0,1.0013912916183472,1.0013912916183472,1.0013912916183472,0.04088085889816284,0.0001956000050995499,0.8071147203445435,1740000.0,0.010369591414928436,0.013610509689897299,0.25665202736854553,0.05624635890126228,-0.0002109035849571228,2.3483331203460693,3.644946575164795,1.1053929328918457,3.0164406299591064,3539.984619140625,22.241107940673828,4.406766414642334,26.64787483215332,750.5288696289062,2.0
23.452476501464844,35.15999984741211,1000.0,87.0,1.2055885791778564,0.013426175341010094,5.0,1.0011188983917236,1.0011188983917236,1.0011188983917236,0.022105557844042778,0.00019439999596215785,0.808530867099762,1760000.0,-0.005282841622829437,-0.015652433037757874,-0.38869860768318176,0.052159007638692856,-0.0040873512625694275,2.1988396644592285,1.6650700569152832,-1.9798765182495117,3.2917749881744385,3584.8193359375,21.804298400878906,23.010456085205078,44.814754486083984,446.2815856933594,2.0
23.477516174316406,32.599998474121094,1000.0,88.0,1.2130460739135742,0.018010100349783897,3.0,0.9982678890228271,0.9982678890228271,0.9982678890228271,0.02175295166671276,0.00019320000137668103,0.814448893070221,1780000.0,-0.00741045456379652,-0.002127612940967083,0.11155205219984055,0.05490387603640556,0.0027448683977127075,2.393566370010376,1.9585319757461548,0.2934619188308716,3.034498929977417,3620.13818359375,22.378835678100586,12.915748596191406,35.29557800292969,566.6432495117188,2.0
22.752336502075195,32.220001220703125,1000.0,89.0,1.2138524055480957,0.023232534527778625,2.0,1.0015223026275635,1.0015223026275635,1.0015223026275635,0.024591393768787384,0.00019200000679120421,0.8150852918624878,1800000.0,-0.00421619787812233,0.0031942566856741905,-0.1642502248287201,0.061487071216106415,0.0065831951797008514,2.3143815994262695,2.2917165756225586,0.3331845998764038,3.596125841140747,3652.381103515625,23.18798065185547,9.035099983215332,32.223079681396484,620.673095703125,2.0
22.924028396606445,32.41999816894531,1000.0,90.0,1.2120333909988403,0.01223769411444664,6.0,1.0009750127792358,1.0009750127792358,1.0009750127792358,0.019250037148594856,0.00019079999765381217,0.8136680722236633,1820000.0,-0.007443674840033054,-0.0032274769619107246,-0.06290300190448761,0.04765535145998001,-0.013831719756126404,2.4074654579162598,1.155816674232483,-1.1358999013900757,3.353454351425171,3701.019775390625,22.199005126953125,26.42066764831543,48.61967468261719,411.3561096191406,2.0
22.527769088745117,41.97999954223633,1000.0,91.0,1.210376501083374,0.027809375897049904,2.0,0.9998819231987,0.9998819231987,0.9998819231987,0.026841411367058754,0.00018960000306833535,0.8123078346252441,1840000.0,-0.00543499318882823,0.0020086816512048244,-0.14577192068099976,0.06093810871243477,0.013282757252454758,2.4071409702301025,3.4099276065826416,2.2541109323501587,3.9676218032836914,3733.286376953125,23.406158447265625,8.83619499206543,32.24235153198242,620.3021240234375,2.0
21.44723129272461,46.31999969482422,1000.0,92.0,1.2101882696151733,0.02926301769912243,2.0,0.9974476099014282,0.9974476099014282,0.9974476099014282,0.023510998114943504,0.0001883999939309433,0.8121129274368286,1860000.0,-0.0021490820217877626,0.0032859111670404673,0.15054357051849365,0.054009631276130676,-0.006928477436304092,2.1912269592285156,2.4885029792785645,-0.9214246273040771,4.179049015045166,3765.545166015625,22.961788177490234,9.275739669799805,32.238525390625,620.375732421875,2.0
22.32860565185547,46.220001220703125,1000.0,93.0,1.2115825414657593,0.017245110124349594,4.0,0.9977282285690308,0.9977282285690308,0.9977282285690308,0.020821208134293556,0.0001871999993454665,0.8131670951843262,1880000.0,-0.00746897142380476,-0.005319889402016997,0.09246943145990372,0.06237666308879852,0.008367031812667847,2.4248979091644287,1.8085287809371948,-0.6799741983413696,3.790477752685547,3805.7724609375,21.592788696289062,18.614486694335938,40.207275390625,497.42242431640625,2.0
21.27444076538086,50.36000061035156,1000.0,94.0,1.2119213342666626,0.21437907218933105,1.0,1.0054553747177124,1.0054553747177124,1.0054553747177124,0.29865437746047974,0.00018600000475998968,0.8134253025054932,1900000.0,0.03254253417253494,0.0400115055963397,0.08236014097929001,0.05849293991923332,-0.003883723169565201,2.2329862117767334,3.7267911434173584,1.9182623624801636,4.68235445022583,3835.864501953125,25.196884155273438,4.873589515686035,30.070472717285156,665.104248046875,2.0
23.377120971679688,53.34000015258789,1000.0,95.0,1.2131187915802002,0.02254369668662548,1.0,0.9982189536094666,0.9982189536094666,0.9982189536094666,0.022216500714421272,0.00018479999562259763,0.814462423324585,1920000.0,0.0013964909594506025,-0.03114604321308434,0.30327290296554565,0.05949468910694122,0.001001749187707901,2.463604688644409,4.176999568939209,0.4502084255218506,4.636754035949707,3863.608154296875,23.187034606933594,4.535261154174805,27.72229766845703,721.44091796875,2.0
22.824047088623047,54.52000045776367,1000.0,96.0,1.2122937440872192,0.015289257280528545,3.0,1.0009574890136719,1.0009574890136719,1.0009574890136719,0.01790810003876686,0.00018360000103712082,0.8137478828430176,1940000.0,-0.0054450626485049725,-0.006841553607955575,-0.119575135409832,0.057031795382499695,-0.0024628937244415283,2.424548625946045,1.9505600929260254,-2.2264394760131836,4.379449367523193,3901.33349609375,23.24047088623047,14.465252876281738,37.70572280883789,530.4234619140625,2.0
23.765308380126953,41.81999969482422,1000.0,97.0,1.2085869312286377,0.014134775847196579,4.0,1.0004968643188477,1.0004968643188477,1.0004968643188477,0.021815339103341103,0.000182400006451644,0.8106595873832703,1960000.0,-0.004460787866264582,0.0009842747822403908,-0.41435185074806213,0.05309780687093735,-0.003933988511562347,2.2801897525787354,2.052978515625,0.10241842269897461,4.422540187835693,3943.59912109375,23.046377182006836,19.197847366333008,42.244224548339844,473.4375,2.0
22.76300048828125,34.400001525878906,1000.0,98.0,1.2066699266433716,0.013670242391526699,3.0,1.0009937286376953,1.0009937286376953,1.0009937286376953,0.020439742133021355,0.00018119999731425196,0.8091179728507996,1980000.0,-0.004187493585050106,0.00027329428121447563,0.19316203892230988,0.05887570604681969,0.0057778991758823395,2.268918037414551,2.3115475177764893,0.25856900215148926,4.093684673309326,3984.0859375,26.463375091552734,13.998052597045898,40.461429595947266,494.29791259765625,2.0
21.30556869506836,41.619998931884766,1000.0,99.0,1.2078369855880737,0.17666390538215637,1.0,0.99579918384552,0.99579918384552,0.99579918384552,0.04595350846648216,0.00018000000272877514,0.8101017475128174,2000000.0,0.00038030659197829664,0.004567800177028403,-0.013518746942281723,0.06069103628396988,0.0018153302371501923,2.144723653793335,4.046039581298828,1.7344920635223389,4.704649448394775,4011.3037109375,22.621158599853516,4.574069499969482,27.195228576660156,735.423095703125,2.0
19.604799270629883,42.5,1000.0,100.0,1.2080399990081787,0.020307064056396484,2.0,1.0003396272659302,1.0003396272659302,1.0003396272659302,0.02254398725926876,0.0001787999935913831,0.8102930188179016,2020000.0,-0.0012246210826560855,-0.0016049276746343821,0.34443148970603943,0.05684203654527664,-0.0038489997386932373,2.0976462364196777,2.557863712310791,-1.488175868988037,4.447921276092529,4043.193359375,22.93304443359375,8.936043739318848,31.869089126586914,627.5673828125,2.0
19.411151885986328,39.7599983215332,1000.0,101.0,1.2082089185714722,0.013247651048004627,6.0,0.9994866847991943,0.9994866847991943,0.9994866847991943,0.019060013815760612,0.00017759999900590628,0.8104007840156555,2040000.0,-0.007256239652633667,-0.0060316185699775815,0.06608199328184128,0.0531320720911026,-0.0037099644541740417,2.0777339935302734,1.4579983949661255,-1.0998653173446655,4.436328411102295,4094.3427734375,22.40169334411621,28.726600646972656,51.128292083740234,391.1728515625,2.0
18.522323608398438,31.18000030517578,1000.0,102.0,1.205127477645874,0.009230152703821659,7.0,1.0023646354675293,1.0023646354675293,1.0023646354675293,0.017790846526622772,0.00017640000442042947,0.8079501390457153,2060000.0,-0.007557402830570936,-0.0003011631779372692,-0.1119849681854248,0.049985844641923904,-0.0031462274491786957,1.9457038640975952,1.2227215766906738,-0.23527681827545166,4.060747146606445,4153.5859375,26.181224822998047,33.04032516479492,59.22154998779297,337.71490478515625,2.0
19.70000457763672,30.299999237060547,1000.0,103.0,1.2043654918670654,0.015918292105197906,3.0,0.9995748996734619,0.9995748996734619,0.9995748996734619,0.019775377586483955,0.00017519999528303742,0.8073412775993347,2080000.0,-0.005308055318892002,0.002249347511678934,0.07578728348016739,0.05431738495826721,0.0043315403163433075,2.253769636154175,2.534296751022339,1.311575174331665,4.298491477966309,4192.326171875,24.258668899536133,14.457929611206055,38.71659851074219,516.5742797851562,2.0
21.144092559814453,32.2400016784668,1000.0,104.0,1.2056078910827637,0.1396178901195526,1.0,1.0019975900650024,1.0019975900650024,1.0019975900650024,0.0678665041923523,0.0001740000006975606,0.8083502054214478,2100000.0,-0.002388634253293276,0.0029194210655987263,-0.07584737241268158,0.060987673699855804,0.0066702887415885925,2.4236254692077637,3.2495369911193848,0.7152402400970459,3.9597768783569336,4219.4140625,22.400407791137695,4.66789436340332,27.068302154541016,738.8716430664062,2.0
21.263168334960938,37.91999816894531,1000.0,105.0,1.2044817209243774,0.03284686431288719,1.0,0.9980950355529785,0.9980950355529785,0.9980950355529785,0.02449878118932247,0.0001728000061120838,0.8074741363525391,2120000.0,0.0011293325806036592,0.003517966833896935,-0.2585087716579437,0.05318547040224075,-0.007802203297615051,2.2695019245147705,3.947063684463501,0.6975266933441162,4.348923206329346,4249.67431640625,25.34214973449707,4.8968353271484375,30.238985061645508,661.3978271484375,2.0
19.33282470703125,38.279998779296875,1000.0,106.0,1.2028881311416626,0.02080753818154335,1.0,1.0009404420852661,1.0009404420852661,1.0009404420852661,0.01672092266380787,0.00017159999697469175,0.8061685562133789,2140000.0,0.002891254611313343,0.001761922030709684,0.16115017235279083,0.06423826515674591,0.011052794754505157,1.9652549028396606,3.1114554405212402,-0.8356082439422607,3.7697601318359375,4278.60546875,24.19028663635254,4.720892906188965,28.91118049621582,691.77392578125,2.0
18.018203735351562,34.7400016784668,1000.0,107.0,1.202487587928772,0.010196512565016747,6.0,1.0005258321762085,1.0005258321762085,1.0005258321762085,0.020471690222620964,0.00017040000238921493,0.8057651519775391,2160000.0,-0.007210014387965202,-0.010101268999278545,-0.06266738474369049,0.046732157468795776,-0.017506107687950134,2.0693602561950684,1.1103289127349854,-2.001126527786255,3.2962546348571777,4330.36865234375,23.81610870361328,27.926599502563477,51.74271011352539,386.52789306640625,2.0
17.554157257080078,26.860000610351562,1000.0,108.0,1.202356219291687,0.018861860036849976,3.0,1.0003230571746826,1.0003230571746826,1.0003230571746826,0.026556767523288727,0.0001691999932518229,0.8056669235229492,2180000.0,-0.0041202520951628685,0.003089762292802334,-0.02880476787686348,0.05510817468166351,0.008376017212867737,1.9076052904129028,1.4680235385894775,0.3576946258544922,3.3694522380828857,4366.9775390625,22.900850296020508,13.683343887329102,36.58419418334961,546.6842041015625,2.0
18.49515724182129,20.719999313354492,1000.0,109.0,1.2024425268173218,0.013711349107325077,6.0,1.001144528388977,1.001144528388977,1.001144528388977,0.01964181661605835,0.00016799999866634607,0.8057199716567993,2200000.0,-0.008111028000712395,-0.003990775905549526,-0.14776840806007385,0.05531575530767441,0.00020758062601089478,2.0780673027038574,1.0949362516403198,-0.3730872869491577,3.9734578132629395,4419.134765625,23.83355140686035,28.302173614501953,52.13669204711914,383.60699462890625,2.0
19.59511947631836,29.5,1000.0,110.0,1.200167179107666,0.017161644995212555,3.0,0.998928964138031,0.998928964138031,0.998928964138031,0.020397953689098358,0.00016680000408086926,0.8039523363113403,2220000.0,-0.005421286914497614,0.002689741086214781,-0.005161486566066742,0.053658708930015564,-0.001657046377658844,2.3441123962402344,1.7700800895690918,0.675143837928772,3.5189969539642334,4458.46435546875,25.034141540527344,14.27345085144043,39.30759048461914,508.80755615234375,2.0
18.987138748168945,29.479999542236328,1000.0,111.0,1.1989516019821167,0.012718158774077892,6.0,0.9988531470298767,0.9988531470298767,0.9988531470298767,0.021521320566534996,0.0001655999949434772,0.8030502796173096,2240000.0,-0.00989227183163166,-0.0044709849171340466,-0.17888955771923065,0.04699791595339775,-0.006660792976617813,1.7614275217056274,1.135757327079773,-0.6343227624893188,3.3472578525543213,4508.724609375,23.37822151184082,26.85991668701172,50.23814010620117,398.1039123535156,2.0
21.21143341064453,30.100000381469727,1000.0,112.0,1.1963437795639038,0.011663880199193954,6.0,0.998930811882019,0.998930811882019,0.998930811882019,0.018331147730350494,0.0001644000003580004,0.8010029196739197,2260000.0,-0.009031258523464203,0.0008610133081674576,0.20833294093608856,0.05635849013924599,0.009360574185848236,2.249081611633301,1.097273588180542,-0.03848373889923096,3.1295056343078613,4559.181640625,23.71656608581543,26.717945098876953,50.43450927734375,396.5538635253906,2.0
20.226926803588867,34.220001220703125,1000.0,113.0,1.194278359413147,0.01650562323629856,4.0,0.9995943903923035,0.9995943903923035,0.9995943903923035,0.028055569157004356,0.00016320000577252358,0.7994391322135925,2280000.0,-0.0055084796622395515,0.0035227788612246513,0.18256783485412598,0.054872121661901474,-0.001486368477344513,2.25457501411438,1.4146445989608765,0.3173710107803345,3.357046365737915,4602.1826171875,24.855520248413086,18.122159957885742,42.97768020629883,465.3578186035156,2.0
20.953981399536133,32.84000015258789,1000.0,114.0,1.1908990144729614,0.0225981455296278,4.0,1.0011160373687744,1.0011160373687744,1.0011160373687744,0.03994109109044075,0.00016199999663513154,0.7968341708183289,2300000.0,-0.008064713329076767,-0.0025562336668372154,-0.11501964181661606,0.04802591726183891,-0.006846204400062561,2.0618598461151123,1.8055180311203003,0.39087343215942383,3.8893420696258545,4643.00927734375,22.77243995666504,18.033079147338867,40.805519104003906,490.1297912597656,2.0
19.031192779541016,36.15999984741211,1000.0,115.0,1.1923478841781616,0.018346503376960754,2.0,0.9988819360733032,0.9988819360733032,0.9988819360733032,0.031210269778966904,0.00016080000204965472,0.7978716492652893,2320000.0,1.34665551740909e-05,0.008078179884250858,0.2228069007396698,0.059628959745168686,0.011603042483329773,1.970626950263977,2.09371280670166,0.28819477558135986,3.1566386222839355,4676.0419921875,23.846460342407227,9.165799140930176,33.01226043701172,605.8355102539062,2.0
18.716520309448242,35.41999816894531,1000.0,116.0,1.1922829151153564,0.01941067725419998,2.0,1.0017229318618774,1.0017229318618774,1.0017229318618774,0.02570977248251438,0.00015959999291226268,0.7977411150932312,2340000.0,-0.002557680942118168,-0.0025711474972922588,-0.11899086087942123,0.05873192101716995,-0.0008970387279987335,2.017202138900757,2.5101301670074463,0.41641736030578613,4.113046646118164,4708.9755859375,23.51825523376465,9.378157615661621,32.89641189575195,607.968994140625,2.0
18.526531219482422,35.720001220703125,1000.0,117.0,1.1928406953811646,0.024810120463371277,2.0,0.9983310103416443,0.9983310103416443,0.9983310103416443,0.019058624282479286,0.00015839999832678586,0.7982840538024902,2360000.0,-0.004298902582377195,-0.0017412216402590275,0.10699207335710526,0.05864543095231056,-8.649006485939026e-05,1.9389017820358276,2.437821388244629,-0.07230877876281738,3.401826858520508,4743.09716796875,24.856155395507812,9.241668701171875,34.09882354736328,586.530517578125,2.0
18.461532592773438,28.719999313354492,1000.0,118.0,1.189814805984497,0.00932987779378891,6.0,1.0001258850097656,1.0001258850097656,1.0001258850097656,0.01630784012377262,0.00015720000374130905,0.79609215259552,2380000.0,-0.006942868698388338,-0.0026439661160111427,0.07172809541225433,0.05335288867354393,-0.005292542278766632,1.96992826461792,1.1093391180038452,-1.3284822702407837,3.3993937969207764,4792.5234375,22.35038948059082,27.054529190063477,49.4049186706543,404.8179931640625,2.0
18.860700607299805,23.479999542236328,1000.0,119.0,1.1885488033294678,0.012797020375728607,4.0,0.9998825192451477,0.9998825192451477,0.9998825192451477,0.021809589117765427,0.000155999994603917,0.7951492667198181,2400000.0,-0.009909447282552719,-0.002966578584164381,0.33044683933258057,0.058556389063596725,0.005203500390052795,1.8725398778915405,1.3201854228973389,0.21084630489349365,3.0257816314697266,4834.57373046875,24.076072692871094,17.95220947265625,42.028282165527344,475.8700256347656,2.0
18.76455307006836,28.34000015258789,1000.0,120.0,1.190330147743225,0.015288937836885452,4.0,0.9995485544204712,0.9995485544204712,0.9995485544204712,0.021578490734100342,0.0001548000000184402,0.7964438796043396,2420000.0,-0.008284189738333225,0.0016252575442194939,-0.13104653358459473,0.04959751293063164,-0.008958876132965088,1.885696291923523,1.6501011848449707,0.32991576194763184,3.1605868339538574,4878.68408203125,26.027782440185547,18.05988883972168,44.08867263793945,453.6312561035156,2.0
18.448524475097656,30.34000015258789,1000.0,121.0,1.193018913269043,0.010248308070003986,5.0,0.9998968243598938,0.9998968243598938,0.9998968243598938,0.018129495903849602,0.00015360000543296337,0.7985946536064148,2440000.0,-0.007198312319815159,0.0010858774185180664,0.1530751883983612,0.0582079254090786,0.00861041247844696,1.8598310947418213,1.3992549180984497,-0.250846266746521,3.1607120037078857,4923.8671875,22.42790412902832,22.733396530151367,45.16130065917969,442.8570556640625,2.0
18.669574737548828,32.02000045776367,1000.0,122.0,1.1956185102462769,0.01780511625111103,3.0,1.0015544891357422,1.0015544891357422,1.0015544891357422,0.020855804905295372,0.00015239999629557133,0.8006592392921448,2460000.0,-0.0051937042735517025,0.0020046080462634563,0.1453419327735901,0.05840551480650902,0.00019758939743041992,2.036550521850586,1.7840356826782227,0.38478076457977295,3.429628610610962,4961.0859375,23.402233123779297,13.79554271697998,37.197776794433594,537.6665649414062,2.0
18.462600708007812,24.18000030517578,1000.0,123.0,1.1956567764282227,0.011002360843122005,7.0,1.000773310661316,1.000773310661316,1.000773310661316,0.021348195150494576,0.0001512000017100945,0.8006880283355713,2480000.0,-0.008443916216492653,-0.0032502119429409504,0.10247115045785904,0.05800270661711693,-0.00040280818939208984,2.111025094985962,0.9578590393066406,-0.826176643371582,3.2424488067626953,5018.5029296875,25.020671844482422,32.37678527832031,57.397457122802734,348.4474792480469,2.0
19.899208068847656,24.040000915527344,1000.0,124.0,1.1925536394119263,0.013055095449090004,4.0,0.9983985424041748,0.9983985424041748,0.9983985424041748,0.018550164997577667,0.0001500000071246177,0.7981558442115784,2500000.0,-0.007029146421700716,0.0014147697947919369,0.3272751271724701,0.0635925754904747,0.005589868873357773,2.2169265747070312,1.2983641624450684,0.34050512313842773,3.1319403648376465,5058.556640625,21.950441360473633,18.080270767211914,40.03171157836914,499.6039123535156,2.0
19.57227897644043,24.579999923706055,1000.0,125.0,1.1930851936340332,0.01296504121273756,5.0,1.000501036643982,1.000501036643982,1.000501036643982,0.01989654451608658,0.00014879999798722565,0.7985501289367676,2520000.0,-0.00831335224211216,-0.0012842058204114437,-0.16242770850658417,0.051173385232686996,-0.012419190257787704,1.8567525148391724,1.2803168296813965,-0.018047332763671875,3.0826616287231445,5104.37255859375,23.1380558013916,22.657978057861328,45.79603576660156,436.71905517578125,2.0
18.9412784576416,31.780000686645508,1000.0,126.0,1.1936649084091187,0.04829604923725128,1.0,0.9999613761901855,0.9999613761901855,0.9999613761901855,0.022770650684833527,0.00014760000340174884,0.7990400195121765,2540000.0,-0.00010967445268761367,0.008203677789424546,-0.257057785987854,0.059940826147794724,0.008767440915107727,1.9302115440368652,2.7442972660064697,1.4639804363250732,3.298319101333618,5134.74072265625,25.47543716430664,4.865063190460205,30.340499877929688,659.1848754882812,2.0
17.845476150512695,27.200000762939453,1000.0,127.0,1.1980024576187134,0.010650749318301678,6.0,1.0007379055023193,1.0007379055023193,1.0007379055023193,0.023555848747491837,0.0001463999942643568,0.8024836778640747,2560000.0,-0.007066082675009966,-0.006956408222322352,0.3925238251686096,0.04795784875750542,-0.011982977390289307,1.8793814182281494,0.9768003821372986,-1.7674968838691711,2.891193151473999,5184.5439453125,22.52973747253418,27.2491397857666,49.780879974365234,401.76068115234375,2.0
18.790491104125977,23.360000610351562,1000.0,128.0,1.1940428018569946,0.012569663114845753,6.0,0.9994812607765198,0.9994812607765198,0.9994812607765198,0.01989593356847763,0.00014519999967887998,0.7992607951164246,2580000.0,-0.00844478514045477,-0.0013787024654448032,-0.07838590443134308,0.055533021688461304,0.007575172930955887,1.9375437498092651,0.8449642062187195,-0.1318361759185791,2.9023542404174805,5235.5625,23.16615867614746,27.830181121826172,50.996337890625,392.18499755859375,2.0
20.987499237060547,24.8799991607666,1000.0,129.0,1.194952130317688,0.02082052268087864,3.0,1.0001237392425537,1.0001237392425537,1.0001237392425537,0.02419617585837841,0.00014400000509340316,0.8000266551971436,2600000.0,-0.006418249569833279,0.0020265355706214905,0.2754901647567749,0.061594005674123764,0.00606098398566246,2.391101121902466,1.6977107524871826,0.8527465462684631,3.073101282119751,5275.39111328125,25.778902053833008,14.02751636505127,39.806419372558594,502.4315490722656,2.0
21.608171463012695,28.360000610351562,1000.0,130.0,1.1980854272842407,0.012406961061060429,3.0,1.0001859664916992,1.0001859664916992,1.0001859664916992,0.018740788102149963,0.00014279999595601112,0.8024979829788208,2620000.0,-0.005803748499602079,0.0006145010702311993,0.07966293394565582,0.058401886373758316,-0.003192119300365448,1.979276180267334,1.666203498840332,-0.031507253646850586,2.7472774982452393,5310.91650390625,21.98748779296875,13.51765251159668,35.50514221191406,563.2987060546875,2.0
21.011308670043945,29.260000228881836,1000.0,131.0,1.199508547782898,0.01922605372965336,2.0,0.9990921020507812,0.9990921020507812,0.9990921020507812,0.019393200054764748,0.0001416000013705343,0.8036031126976013,2640000.0,-0.005378710106015205,0.000425038393586874,0.27226316928863525,0.060675714164972305,0.0022738277912139893,1.9476855993270874,1.6416810750961304,-0.02452242374420166,2.9694159030914307,5341.92578125,22.069915771484375,8.91851806640625,30.988433837890625,645.402099609375,2.0
19.311750411987305,25.040000915527344,1000.0,132.0,1.199270248413086,0.19233538210391998,1.0,0.9971572756767273,0.9971572756767273,0.9971572756767273,0.059125617146492004,0.00014040000678505749,0.8033413290977478,2660000.0,-0.0030721956863999367,0.0023065144196152687,-0.23107799887657166,0.06200500950217247,0.0013292953372001648,2.0737428665161133,1.7451666593551636,0.1034855842590332,2.935197114944458,5370.7177734375,24.134319305419922,4.636636734008789,28.771957397460938,695.1454467773438,2.0
17.245952606201172,26.799999237060547,1000.0,133.0,1.1975278854370117,0.023902298882603645,2.0,1.000219464302063,1.000219464302063,1.000219464302063,0.02595401741564274,0.00013919999764766544,0.802014946937561,2680000.0,-0.0045663886703550816,-0.0014941929839551449,0.14948755502700806,0.055437374860048294,-0.006567634642124176,1.8437482118606567,2.6513431072235107,0.9061764478683472,2.4314887523651123,5406.2138671875,26.37578010559082,9.100382804870605,35.476165771484375,563.7587890625,2.0
17.918344497680664,37.18000030517578,1000.0,134.0,1.195889949798584,0.04135681316256523,1.0,0.9969746470451355,0.9969746470451355,0.9969746470451355,0.02695745974779129,0.00013800000306218863,0.800774872303009,2700000.0,0.004362954292446375,0.008929342962801456,-0.053083501756191254,0.06729990243911743,0.011862527579069138,2.0395820140838623,3.5017971992492676,0.8504540920257568,3.2533493041992188,5432.52783203125,21.750625610351562,4.542722702026367,26.29334831237793,760.6486206054688,2.0
18.405895233154297,35.70000076293945,1000.0,135.0,1.1954535245895386,0.015071478672325611,3.0,1.0008111000061035,1.0008111000061035,1.0008111000061035,0.01823669858276844,0.00013679999392479658,0.800531268119812,2720000.0,-0.004786437377333641,-0.009149391669780016,0.13116133213043213,0.06028040498495102,-0.007019497454166412,2.1216659545898438,1.7850184440612793,-1.7167787551879883,3.6092469692230225,5468.16357421875,22.312957763671875,13.303558349609375,35.61651611328125,561.5372314453125,2.0
19.819293975830078,35.20000076293945,1000.0,136.0,1.1954416036605835,0.06121509522199631,2.0,0.9998515248298645,0.9998515248298645,0.9998515248298645,0.03868408501148224,0.00013559999933931977,0.8005410432815552,2740000.0,-0.01085742935538292,-0.006070991978049278,-0.06822094321250916,0.05698239430785179,-0.003298010677099228,2.364177703857422,1.9226319789886475,0.13761353492736816,3.280338764190674,5500.77294921875,22.984825134277344,9.602180480957031,32.587005615234375,613.7415771484375,2.0
17.47052764892578,35.220001220703125,1000.0,137.0,1.1977202892303467,0.016572102904319763,2.0,0.998564600944519,0.998564600944519,0.998564600944519,0.01964208483695984,0.00013440000475384295,0.8023530840873718,2760000.0,-0.002818443113937974,0.008038986241444945,-0.13126297295093536,0.05806727334856987,0.0010848790407180786,1.517042636871338,2.4396774768829346,0.5170454978942871,2.7454347610473633,5535.1044921875,25.159652709960938,9.15140151977539,34.31105422973633,582.9025268554688,2.0
16.547889709472656,32.779998779296875,1000.0,138.0,1.199644684791565,0.00900756660848856,7.0,1.0026339292526245,1.0026339292526245,1.0026339292526245,0.017293615266680717,0.0001331999956164509,0.803892970085144,2780000.0,-0.007049189414829016,-0.004230746300891042,-0.08821628987789154,0.0487925186753273,-0.009274754673242569,1.8685964345932007,0.989062488079071,-1.4506149888038635,2.7469496726989746,5588.5732421875,22.482393264770508,30.965961456298828,53.4483528137207,374.1929931640625,2.0
15.955975532531738,27.260000228881836,1000.0,139.0,1.202292561531067,0.011671104468405247,6.0,0.9991856813430786,0.9991856813430786,0.9991856813430786,0.017675897106528282,0.0001320000010309741,0.8060131072998047,2800000.0,-0.00790073536336422,-0.0008515459485352039,0.2934841513633728,0.051040202379226685,0.0022476837038993835,2.044036865234375,0.8660486936569214,-0.12301379442214966,2.6721320152282715,5639.5185546875,23.4656982421875,27.458276748657227,50.92397689819336,392.7423095703125,2.0
18.602487564086914,16.559999465942383,1000.0,140.0,1.2021360397338867,0.011551901698112488,6.0,1.0008026361465454,1.0008026361465454,1.0008026361465454,0.019717151299118996,0.00013080000644549727,0.8059334754943848,2820000.0,-0.008141744881868362,-0.00024100951850414276,0.15072911977767944,0.05356243625283241,0.002522233873605728,1.9817750453948975,0.7599880695343018,-0.10606062412261963,2.4434092044830322,5692.1162109375,26.01720428466797,26.55440330505371,52.57260513305664,380.42626953125,2.0
18.782306671142578,15.140000343322754,1000.0,141.0,1.2036893367767334,0.021278634667396545,1.0,1.0022408962249756,1.0022408962249756,1.0022408962249756,0.042909175157547,0.00012959999730810523,0.8072072267532349,2840000.0,0.008786768652498722,0.016928513534367085,0.1528717279434204,0.06870835274457932,0.015145916491746902,1.7988982200622559,1.537873387336731,0.7778853178024292,2.234020709991455,5719.0078125,22.557331085205078,4.311281204223633,26.86861228942871,744.3629760742188,2.0
17.36200714111328,17.260000228881836,1000.0,142.0,1.201752781867981,0.012285372242331505,8.0,1.0017033815383911,1.0017033815383911,1.0017033815383911,0.04077361151576042,0.00012840000272262841,0.8056795597076416,2860000.0,-0.008769757114350796,-0.017556525766849518,-0.1887063980102539,0.05335116758942604,-0.015357185155153275,1.7170906066894531,0.6941720247268677,-0.8437013626098633,2.099259853363037,5779.09716796875,22.586017608642578,37.48363494873047,60.06965255737305,332.94683837890625,2.0
15.288596153259277,19.059999465942383,1000.0,143.0,1.2061556577682495,0.012569554150104523,6.0,1.0015389919281006,1.0015389919281006,1.0015389919281006,0.024951161816716194,0.00012719999358523637,0.8092318177223206,2880000.0,-0.008989321999251842,-0.00021956488490104675,0.24942098557949066,0.058835435658693314,0.005484268069267273,1.7485538721084595,0.8012789487838745,0.10710692405700684,2.475770950317383,5831.462890625,25.01891326904297,27.32238006591797,52.34129333496094,382.10748291015625,2.0
16.177553176879883,20.299999237060547,1000.0,144.0,1.2075579166412354,0.010312707163393497,7.0,1.0012959241867065,1.0012959241867065,1.0012959241867065,0.017024945467710495,0.00012599999899975955,0.8103523254394531,2900000.0,-0.010081627406179905,-0.0010923054069280624,-0.25742632150650024,0.061958108097314835,0.003122672438621521,1.8575916290283203,0.8330140113830566,0.03173506259918213,2.1977105140686035,5884.8232421875,22.197860717773438,31.140403747558594,53.33826446533203,374.96533203125,2.0
16.497575759887695,21.760000228881836,1000.0,145.0,1.2065542936325073,0.014401216059923172,4.0,0.9990845918655396,0.9990845918655396,0.9990845918655396,0.018217559903860092,0.00012480000441428274,0.8094788789749146,2920000.0,-0.007979033514857292,0.0021025938913226128,0.2978211045265198,0.0585954450070858,-0.0033626630902290344,2.0136094093322754,1.2501426935195923,0.41712868213653564,2.411892890930176,5928.62841796875,24.29977035522461,19.482683181762695,43.78245544433594,456.8039855957031,2.0
16.991378784179688,24.979999542236328,1000.0,146.0,1.2065205574035645,0.017531458288431168,2.0,1.0024288892745972,1.0024288892745972,1.0024288892745972,0.023510858416557312,0.0001235999952768907,0.8093734383583069,2940000.0,-0.0014170781942084432,0.006561955320648849,-0.06437212228775024,0.05842023715376854,-0.00017520785331726074,1.4797711372375488,1.597153902053833,0.3470112085342407,2.171612024307251,5962.12646484375,24.387943267822266,9.085386276245117,33.473331451416016,597.4906005859375,2.0
15.760235786437988,23.219999313354492,1000.0,147.0,1.204512119293213,0.011602401733398438,6.0,1.0008493661880493,1.0008493661880493,1.0008493661880493,0.017010560259222984,0.00012240000069141388,0.8077716827392578,2960000.0,-0.007887949235737324,-0.006470871041528881,-0.21967864036560059,0.05285155400633812,-0.00556868314743042,1.7103997468948364,1.0508657693862915,-0.5462881326675415,2.908881187438965,6010.83984375,21.836883544921875,26.85688591003418,48.69377136230469,410.73016357421875,1.9997230768203735
14.902780532836914,21.15999984741211,1000.0,148.0,1.2025152444839478,0.027042206376791,2.0,1.0001420974731445,1.0001420974731445,1.0001420974731445,0.031032610684633255,0.00012119999882997945,0.8061928749084473,2980000.0,-0.005701778922230005,0.0021861703135073185,-0.21201461553573608,0.06584454327821732,0.012992989271879196,1.7322174310684204,1.1869213581085205,0.136055588722229,2.5999643802642822,6043.77685546875,23.09515380859375,9.819843292236328,32.91499710083008,607.625732421875,1.9986720085144043
15.843109130859375,23.6200008392334,1000.0,149.0,1.2004693746566772,0.018905088305473328,3.0,0.9990626573562622,0.9990626573562622,0.9990626573562622,0.029038801789283752,0.00011999999696854502,0.804551899433136,3000000.0,-0.003697148524224758,0.002004630398005247,0.3089650273323059,0.06458090990781784,-0.001263633370399475,1.7065205574035645,1.4117788076400757,0.22485744953155518,2.514573812484741,6083.7431640625,26.037208557128906,13.90861701965332,39.945823669433594,500.6781005859375,1.9974337816238403
16.826499938964844,17.239999771118164,1000.0,150.0,1.2006382942199707,0.007258260622620583,9.0,1.0027472972869873,1.0027472972869873,1.0027472972869873,0.018641531467437744,0.0001188000023830682,0.8047636151313782,3020000.0,-0.00635054474696517,-0.0026533962227404118,-0.35443902015686035,0.050977058708667755,-0.013603851199150085,1.6995081901550293,0.6570796370506287,-0.754699170589447,2.4124503135681152,6145.9833984375,21.678565979003906,40.54144287109375,62.22000503540039,321.44000244140625,1.9946871995925903
15.355535507202148,21.059999465942383,1000.0,151.0,1.2009509801864624,0.0440032035112381,1.0,0.9979190230369568,0.9979190230369568,0.9979190230369568,0.031145798042416573,0.00011760000052163377,0.8050375580787659,3040000.0,-0.0024347982835024595,0.00391574646346271,-0.24016575515270233,0.05709439888596535,0.006117340177297592,1.3027820587158203,2.379798650741577,1.7227190136909485,2.1103878021240234,6173.6865234375,22.819414138793945,4.85837984085083,27.67779541015625,722.6009521484375,1.9913771152496338
16.60030174255371,23.420000076293945,1000.0,152.0,1.20286226272583,0.0227857306599617,2.0,0.9992419481277466,0.9992419481277466,0.9992419481277466,0.022947583347558975,0.00011639999866019934,0.806542694568634,3060000.0,-0.0033470948692411184,-0.0009122965857386589,0.04510530084371567,0.0644352063536644,0.007340807467699051,1.8883389234542847,1.9541358947753906,-0.4256627559661865,3.0063698291778564,6209.47802734375,26.05475616455078,9.715469360351562,35.770225524902344,559.124267578125,1.988053560256958
18.134449005126953,28.8799991607666,1000.0,153.0,1.1993181705474854,0.010729038156569004,7.0,0.9996019601821899,0.9996019601821899,0.9996019601821899,0.018476193770766258,0.00011519999679876491,0.8036326766014099,3080000.0,-0.010043533518910408,-0.00669643864966929,-0.04672073572874069,0.053219977766275406,-0.011215228587388992,2.1517536640167236,1.0822581052780151,-0.8718777894973755,3.38138747215271,6263.0068359375,22.55615234375,30.9533634185791,53.50951385498047,373.7652893066406,1.9858752489089966
18.54063606262207,28.979999542236328,1000.0,154.0,1.1986104249954224,0.04151120409369469,2.0,0.9990448951721191,0.9990448951721191,0.9990448951721191,0.02379443682730198,0.0001140000022132881,0.8031275272369385,3100000.0,-0.004985731560736895,0.005057801958173513,0.3038042485713959,0.07242821156978607,0.019208233803510666,1.6802324056625366,1.8709625005722046,0.7887043952941895,3.049095392227173,6294.70361328125,22.13445281982422,9.539430618286133,31.67388343811035,631.43505859375,1.9847551584243774
18.218870162963867,27.780000686645508,1000.0,155.0,1.1961023807525635,0.018005773425102234,4.0,1.001215934753418,1.001215934753418,1.001215934753418,0.02716260775923729,0.00011280000035185367,0.801113486289978,3120000.0,-0.005752825178205967,-0.0007670936174690723,-0.08469278365373611,0.05879100412130356,-0.013637207448482513,1.6738816499710083,1.3557453155517578,-0.5152171850204468,2.4866995811462402,6338.70263671875,23.270593643188477,20.702638626098633,43.974239349365234,454.8117370605469,1.9843372106552124
17.081655502319336,28.600000381469727,1000.0,156.0,1.1938912868499756,0.04285877197980881,2.0,0.9984833598136902,0.9984833598136902,0.9984833598136902,0.030192194506525993,0.00011159999849041924,0.7993244528770447,3140000.0,-0.009261934086680412,-0.0035091089084744453,0.34639814496040344,0.0592799186706543,0.0004889145493507385,1.7126070261001587,2.457615613937378,1.1018702983856201,2.4682445526123047,6370.6513671875,22.624713897705078,9.303181648254395,31.927894592285156,626.4114990234375,1.9847309589385986
18.640518188476562,26.8799991607666,1000.0,157.0,1.1928815841674805,0.010360293090343475,7.0,0.999632716178894,0.999632716178894,0.999632716178894,0.016873179003596306,0.00011039999662898481,0.7984172105789185,3160000.0,-0.010520929470658302,-0.00125899538397789,0.2634435296058655,0.05331284925341606,-0.0059670694172382355,1.9844918251037598,0.9685111045837402,-1.4891045093536377,2.619718313217163,6424.67431640625,22.29817008972168,31.702678680419922,54.00084686279297,370.36456298828125,1.9854905605316162
17.860349655151367,23.739999771118164,1000.0,158.0,1.191185712814331,0.025085879489779472,3.0,0.9994170069694519,0.9994170069694519,0.9994170069694519,0.02346649393439293,0.00010920000204350799,0.7969760894775391,3180000.0,-0.007078580092638731,0.0034423493780195713,-0.06334267556667328,0.051553890109062195,-0.0017589591443538666,1.748022437095642,1.083469271659851,0.11495816707611084,2.5245697498321533,6462.51171875,22.8197078704834,14.995589256286621,37.8152961730957,528.886474609375,1.9859048128128052
18.965959548950195,19.5,1000.0,159.0,1.1922906637191772,0.010423802770674229,6.0,1.0023181438446045,1.0023181438446045,1.0023181438446045,0.02763509564101696,0.00010800000018207356,0.7979243397712708,3200000.0,-0.007084076292812824,-5.4962001740932465e-06,0.025068961083889008,0.05454706773161888,0.0029931776225566864,1.888540267944336,0.7711166143417358,-0.31235265731811523,2.6747894287109375,6515.009765625,25.525283813476562,26.950393676757812,52.476654052734375,381.1289367675781,1.9850890636444092
17.921361923217773,18.979999542236328,1000.0,160.0,1.1949633359909058,0.010126874782145023,7.0,0.9999198913574219,0.9999198913574219,0.9999198913574219,0.016201747581362724,0.00010679999832063913,0.8000121116638184,3220000.0,-0.010291649959981441,-0.0032075736671686172,0.22322431206703186,0.051903076469898224,-0.0026439912617206573,1.9119619131088257,0.6554802656173706,-0.11563634872436523,2.149901866912842,6567.6845703125,21.84786033630371,30.80579376220703,52.653656005859375,379.8406677246094,1.9830468893051147
18.8439998626709,14.319999694824219,1000.0,161.0,1.1967394351959229,0.010259959846735,6.0,1.0025107860565186,1.0025107860565186,1.0025107860565186,0.02545991539955139,0.0001055999964592047,0.8014706373214722,3240000.0,-0.0072786761447787285,0.003012973815202713,-0.1318964958190918,0.05140379071235657,-0.0004992857575416565,2.0124759674072266,0.6950984001159668,0.03961813449859619,2.209380865097046,6621.36328125,23.57617950439453,30.080020904541016,53.65620040893555,372.7434997558594,1.978884220123291
17.84408950805664,15.079999923706055,1000.0,162.0,1.193765640258789,0.011144747957587242,8.0,0.9995287656784058,0.9995287656784058,0.9995287656784058,0.01783169060945511,0.00010440000187372789,0.7990415096282959,3260000.0,-0.00997893325984478,-0.0027002571150660515,-0.1664586216211319,0.04965413734316826,-0.0017496533691883087,1.867522120475769,0.6308169364929199,-0.06428146362304688,1.9941048622131348,6679.4365234375,22.369354248046875,35.6827507019043,58.05210494995117,344.5180969238281,1.972969651222229
16.959619522094727,18.219999313354492,1000.0,163.0,1.1913162469863892,0.016350572928786278,4.0,0.9990850687026978,0.9990850687026978,0.9990850687026978,0.02211523801088333,0.00010320000001229346,0.7970786690711975,3280000.0,-0.006850844249129295,0.0031280890107154846,0.1823338121175766,0.0582352839410305,0.008581146597862244,1.4878294467926025,1.066874623298645,0.4360576868057251,1.90031898021698,6719.310546875,21.62363624572754,18.227081298828125,39.85071563720703,501.8730163574219,1.9661513566970825
16.871768951416016,21.940000534057617,1000.0,164.0,1.1894041299819946,0.009794745594263077,8.0,0.9995797872543335,0.9995797872543335,0.9995797872543335,0.019364096224308014,0.00010199999815085903,0.7955117225646973,3300000.0,-0.010322274640202522,-0.003471430391073227,-0.26241061091423035,0.05953642353415489,0.0013011395931243896,1.8941093683242798,0.7249349355697632,-0.34193968772888184,2.385051727294922,6783.47265625,27.502660751342773,36.638397216796875,64.14105987548828,311.8127746582031,1.9593250751495361
17.099008560180664,21.15999984741211,1000.0,165.0,1.188442587852478,0.0109615009278059,7.0,1.0009795427322388,1.0009795427322388,1.0009795427322388,0.02124249003827572,0.00010080000356538221,0.7947924733161926,3320000.0,-0.010587831027805805,-0.00026555638760328293,-0.23177526891231537,0.05541470646858215,-0.004121717065572739,2.1050522327423096,0.814914882183075,0.08997994661331177,2.390852451324463,6836.5205078125,22.87312889099121,30.152318954467773,53.025447845458984,377.1773986816406,1.952318549156189
18.834543228149414,20.15999984741211,1000.0,166.0,1.1869714260101318,0.012535571120679379,6.0,1.0009583234786987,1.0009583234786987,1.0009583234786987,0.021638186648488045,9.960000170394778e-05,0.7935987114906311,3340000.0,-0.0087736239656806,0.001814207062125206,0.000887666828930378,0.05527251958847046,-0.00014218688011169434,1.840598225593567,0.7853575944900513,-0.02955728769302368,2.1555442810058594,6889.43505859375,22.97776222229004,29.915287017822266,52.89304733276367,378.12152099609375,1.9449272155761719
18.71563148498535,19.34000015258789,1000.0,167.0,1.1870976686477661,0.01689327321946621,5.0,1.0015954971313477,1.0015954971313477,1.0015954971313477,0.023517558351159096,9.839999984251335e-05,0.7937873005867004,3360000.0,-0.008317719213664532,0.0004559047520160675,0.20643851161003113,0.06091620773077011,0.005643688142299652,1.895470142364502,1.0183789730072021,0.23302137851715088,2.2653918266296387,6934.30078125,22.09349250793457,22.74656105041504,44.84005355834961,446.0298156738281,1.9370051622390747
17.739151000976562,19.799999237060547,1000.0,168.0,1.1860581636428833,0.011708991602063179,8.0,1.0020402669906616,1.0020402669906616,1.0020402669906616,0.06927649676799774,9.719999798107892e-05,0.7929784655570984,3380000.0,-0.012083535082638264,-0.003765815868973732,0.06911380589008331,0.04847283288836479,-0.01244337484240532,1.638054370880127,1.0752760171890259,0.05689704418182373,1.741194486618042,6991.6962890625,21.314380645751953,36.05990219116211,57.37428283691406,348.5882263183594,1.9287021160125732
18.718124389648438,19.420000076293945,1000.0,169.0,1.1867473125457764,0.010806446895003319,9.0,0.9998230338096619,0.9998230338096619,0.9998230338096619,0.019230904057621956,9.600000339560211e-05,0.7934350967407227,3400000.0,-0.010631239973008633,0.001452295109629631,-0.01873454451560974,0.05700695514678955,0.008534122258424759,2.067483901977539,0.6818776726722717,-0.39339834451675415,2.5144119262695312,7060.48828125,27.848247528076172,40.91984939575195,68.76809692382812,290.83251953125,1.9199680089950562
17.414247512817383,20.0,1000.0,170.0,1.1847944259643555,0.010816972702741623,11.0,1.0008609294891357,1.0008609294891357,1.0008609294891357,0.02692071907222271,9.480000153416768e-05,0.791841447353363,3420000.0,-0.012019134126603603,-0.0013878941535949707,0.2391413152217865,0.05147211626172066,-0.005534838885068893,1.6719249486923218,0.5580287575721741,-0.12384891510009766,2.2892262935638428,7131.8583984375,21.152143478393555,50.193546295166016,71.34668731689453,280.32135009765625,1.9109700918197632
17.772851943969727,19.899999618530273,1000.0,171.0,1.183548927307129,0.012256910093128681,8.0,1.000083565711975,1.000083565711975,1.000083565711975,0.02060745097696781,9.359999967273325e-05,0.7907896041870117,3440000.0,-0.010049156844615936,0.001969977281987667,0.2658434808254242,0.05629809573292732,0.004825979471206665,2.1101765632629395,0.6608569622039795,0.10282820463180542,2.619032144546509,7193.3388671875,25.152599334716797,36.303627014160156,61.45622634887695,325.4349060058594,1.901708722114563
16.091581344604492,24.899999618530273,1000.0,172.0,1.182608962059021,0.014670672826468945,5.0,1.0009570121765137,1.0009570121765137,1.0009570121765137,0.023705769330263138,9.239999781129882e-05,0.7901206612586975,3460000.0,-0.00734325498342514,0.002705901861190796,-0.05493338406085968,0.04798843339085579,-0.008309662342071533,1.7184547185897827,1.2175824642181396,0.5567255020141602,2.317964553833008,7238.42822265625,21.82856559753418,23.23694610595703,45.06651306152344,443.78851318359375,1.8933247327804565
14.837262153625488,24.200000762939453,1000.0,173.0,1.1807736158370972,0.013276809826493263,8.0,0.9999427795410156,0.9999427795410156,0.9999427795410156,0.020158005878329277,9.1200003225822e-05,0.788649320602417,3480000.0,-0.011519191786646843,-0.004175936803221703,0.10472816973924637,0.046629078686237335,-0.001359354704618454,1.569577693939209,0.7511289119720459,-0.46645355224609375,1.8306478261947632,7299.18115234375,21.73301887512207,38.999568939208984,60.73258590698242,329.3125,1.885575532913208
13.122031211853027,22.959999084472656,1000.0,174.0,1.179025411605835,0.009207203984260559,8.0,1.0010132789611816,1.0010132789611816,1.0010132789611816,0.017654890194535255,9.000000136438757e-05,0.7872421145439148,3500000.0,-0.00765436515212059,0.0038648266345262527,0.20974303781986237,0.050830163061618805,0.00420108437538147,1.5697072744369507,0.5868130922317505,-0.1643158197402954,1.924414038658142,7356.0498046875,22.04302406311035,34.80124282836914,56.844268798828125,351.8384704589844,1.8781194686889648
13.895899772644043,21.760000228881836,1000.0,175.0,1.1782201528549194,0.04072287306189537,1.0,1.0060704946517944,1.0060704946517944,1.0060704946517944,0.04958495497703552,8.879999950295314e-05,0.7866636514663696,3520000.0,0.0040438114665448666,0.011698176618665457,-0.24630147218704224,0.06945675611495972,0.018626593053340912,1.8148894309997559,2.265920639038086,1.6791075468063354,2.4096739292144775,7382.822265625,22.317737579345703,4.432107448577881,26.74984359741211,747.6679077148438,1.8706557750701904
15.800122261047363,18.479999542236328,1000.0,176.0,1.1743063926696777,0.006503914017230272,8.0,1.0016461610794067,1.0016461610794067,1.0016461610794067,0.07638636976480484,8.759999764151871e-05,0.7836571931838989,3540000.0,-0.007761151064187288,-0.011804962530732155,-0.1524684727191925,0.05077151954174042,-0.0186852365732193,1.878806233406067,0.7429154515266418,-1.523005187511444,2.1178436279296875,7445.69580078125,23.321786880493164,39.53168487548828,62.85346984863281,318.2004089355469,1.862441897392273
14.963661193847656,23.440000534057617,1000.0,177.0,1.173757791519165,0.028780873864889145,1.0,1.0013610124588013,1.0013610124588013,1.0013610124588013,0.05426224321126938,8.64000030560419e-05,0.7832150459289551,3560000.0,0.014137078076601028,0.021898229140788317,0.13708291947841644,0.06162112578749657,0.01084960624575615,1.6328010559082031,3.06805682182312,2.3251413702964783,1.9512079954147339,7471.80078125,21.711179733276367,4.370443344116211,26.082624435424805,766.7940063476562,1.854671835899353
15.309922218322754,20.100000381469727,1000.0,178.0,1.1734471321105957,0.008030539378523827,6.0,0.9995025396347046,0.9995025396347046,0.9995025396347046,0.01630842313170433,8.520000119460747e-05,0.7829602956771851,3580000.0,-0.008076963946223259,-0.022214042022824287,0.29455024003982544,0.05282053351402283,-0.00880059227347374,1.792460322380066,0.8309756517410278,-2.2370811700820923,2.1559102535247803,7521.91357421875,23.25368881225586,26.838558197021484,50.0932502746582,399.2554016113281,1.846541166305542
16.23700523376465,23.280000686645508,1000.0,179.0,1.1716492176055908,0.010756467469036579,7.0,1.0006277561187744,1.0006277561187744,1.0006277561187744,0.021652473136782646,8.399999933317304e-05,0.7815123796463013,3600000.0,-0.008740508928894997,-0.0006635449826717377,0.07448236644268036,0.053353432565927505,0.0005328990519046783,1.9544349908828735,0.9991165995597839,0.1681409478187561,2.1517155170440674,7579.7470703125,23.182294845581055,34.629981994628906,57.81227493286133,345.9472961425781,1.8388078212738037
18.595304489135742,29.520000457763672,1000.0,180.0,1.1693626642227173,0.028181832283735275,2.0,0.9972279667854309,0.9972279667854309,0.9972279667854309,0.029625914990901947,8.27999974717386e-05,0.7796745896339417,3620000.0,-0.004831324331462383,0.003909184597432613,0.33444249629974365,0.06827690452337265,0.014923471957445145,1.8888550996780396,2.035698652267456,1.0365820527076721,2.092179298400879,7610.212890625,21.72188377380371,8.720948219299316,30.442832946777344,656.9691162109375,1.8328661918640137
18.657001495361328,27.18000030517578,1000.0,181.0,1.1666288375854492,0.010925032198429108,7.0,1.0019361972808838,1.0019361972808838,1.0019361972808838,0.022282009944319725,8.160000288626179e-05,0.7774960994720459,3640000.0,-0.010156752541661263,-0.005325428210198879,-0.20943987369537354,0.05604824796319008,-0.012228656560182571,1.7036750316619873,0.847961962223053,-1.187736690044403,2.102282762527466,7664.16455078125,22.336467742919922,31.595598220825195,53.932064056396484,370.8369140625,1.8280047178268433
17.10757064819336,25.540000915527344,1000.0,182.0,1.1663869619369507,0.04140610992908478,2.0,0.9995701909065247,0.9995701909065247,0.9995701909065247,0.031795684248209,8.040000102482736e-05,0.777279257774353,3660000.0,-0.007896986790001392,0.00225976575165987,0.17565587162971497,0.0663159117102623,0.01026766374707222,1.607764482498169,1.3212946653366089,0.4733327031135559,2.4776008129119873,7699.02685546875,23.99664306640625,10.84414291381836,34.84078598022461,574.0398559570312,1.8237409591674805
15.66800308227539,19.540000915527344,1000.0,183.0,1.1671926975250244,0.009376052767038345,12.0,1.0002988576889038,1.0002988576889038,1.0002988576889038,0.017560604959726334,7.919999916339293e-05,0.7779138088226318,3680000.0,-0.010780321434140205,-0.002883334644138813,-0.048601239919662476,0.0488392598927021,-0.017476651817560196,1.721494197845459,0.6864414811134338,-0.634853184223175,2.2591300010681152,7775.87890625,23.33279037475586,53.49747085571289,76.83026123046875,260.3140869140625,1.8186296224594116
15.507058143615723,15.4399995803833,1000.0,184.0,1.1641782522201538,0.009676914662122726,11.0,1.0006394386291504,1.0006394386291504,1.0006394386291504,0.017125992104411125,7.79999973019585e-05,0.7755955457687378,3700000.0,-0.01105733122676611,-0.0002770097926259041,-0.21865728497505188,0.04971863329410553,0.0008793734014034271,1.782911777496338,0.508626401424408,-0.17781507968902588,2.126431465148926,7849.42041015625,21.623071670532227,51.89508056640625,73.51815032958984,272.0416564941406,1.811803936958313
16.3870792388916,19.31999969482422,1000.0,185.0,1.160590410232544,0.011953791603446007,8.0,0.9993755221366882,0.9993755221366882,0.9993755221366882,0.017971953377127647,7.680000271648169e-05,0.7727897763252258,3720000.0,-0.011620490811765194,-0.0005631595849990845,-0.2001040279865265,0.05711459740996361,0.007395964115858078,1.7478569746017456,0.8003759384155273,0.2917495369911194,2.2722203731536865,7907.22900390625,21.653425216674805,36.129642486572266,57.78306579589844,346.1221618652344,1.8043245077133179
17.05469512939453,17.719999313354492,1000.0,186.0,1.156590461730957,0.010047536343336105,6.0,1.004260778427124,1.004260778427124,1.004260778427124,0.07436327636241913,7.560000085504726e-05,0.7697142362594604,3740000.0,-0.007725266274064779,0.0038952245377004147,-0.027954120188951492,0.057779595255851746,0.0006649978458881378,1.6248931884765625,0.8328970670700073,0.03252112865447998,1.9921101331710815,7956.58837890625,21.384000778198242,27.953323364257812,49.33732223510742,405.37261962890625,1.7958813905715942
17.207542419433594,29.31999969482422,1000.0,187.0,1.1529951095581055,0.03598529472947121,2.0,0.9989949464797974,0.9989949464797974,0.9989949464797974,0.02877040207386017,7.439999899361283e-05,0.766976535320282,3760000.0,-0.008164474740624428,-0.0004392084665596485,0.041382864117622375,0.06568633019924164,0.007906734943389893,2.0211031436920166,2.6176419258117676,1.7847448587417603,2.490541934967041,7992.11083984375,26.619598388671875,8.879995346069336,35.49959182739258,563.38671875,1.789271593093872
17.62571144104004,26.639999389648438,1000.0,188.0,1.1527599096298218,0.00954656582325697,9.0,1.0037147998809814,1.0037147998809814,1.0037147998809814,0.13709935545921326,7.31999971321784e-05,0.7667842507362366,3780000.0,-0.012386185117065907,-0.004221710376441479,-0.22268643975257874,0.05717388167977333,-0.008512448519468307,1.8028258085250854,0.8353736400604248,-1.7822682857513428,2.3997089862823486,8054.3935546875,22.450441360473633,39.81180191040039,62.26224136352539,321.2219543457031,1.7836899757385254
17.065181732177734,29.040000915527344,1000.0,189.0,1.1534137725830078,0.010988685302436352,5.0,0.9994463324546814,0.9994463324546814,0.9994463324546814,0.02471821941435337,7.200000254670158e-05,0.7672654390335083,3800000.0,-0.007693249732255936,0.004692935384809971,0.11895456910133362,0.05448612943291664,-0.0026877522468566895,1.7327029705047607,0.78936368227005,-0.046009957790374756,2.3198580741882324,8101.23095703125,23.296140670776367,23.518329620361328,46.81447219848633,427.21832275390625,1.779602289199829
17.1746768951416,15.880000114440918,1000.0,190.0,1.1521505117416382,0.008446166291832924,14.0,1.0020287036895752,1.0020287036895752,1.0020287036895752,0.026928255334496498,7.080000068526715e-05,0.7663201093673706,3820000.0,-0.011161473579704762,-0.003468223847448826,-0.5130910873413086,0.045854080468416214,-0.008632048964500427,1.8380573987960815,0.4045184552669525,-0.38484522700309753,2.143521547317505,8186.82958984375,23.666362762451172,61.91068649291992,85.5770492553711,233.70751953125,1.7737699747085571
16.941856384277344,16.100000381469727,1000.0,191.0,1.147702693939209,0.010949286632239819,8.0,0.9999231696128845,0.9999231696128845,0.9999231696128845,0.01799694076180458,6.959999882383272e-05,0.7629130482673645,3840000.0,-0.011271690018475056,-0.00011021643877029419,-0.006289690732955933,0.05204623565077782,0.006192155182361603,1.8844472169876099,0.5491917133331299,0.14467325806617737,1.8817319869995117,8248.4990234375,23.260454177856445,38.38309097290039,61.6435432434082,324.44598388671875,1.766412377357483
16.73099136352539,13.079999923706055,1000.0,192.0,1.146737813949585,0.011354297399520874,7.0,1.0003118515014648,1.0003118515014648,1.0003118515014648,0.01685715653002262,6.839999696239829e-05,0.7621306777000427,3860000.0,-0.00971059501171112,0.001561095006763935,0.11468849331140518,0.051706939935684204,-0.00033929571509361267,1.7492198944091797,0.5478764772415161,-0.0013152360916137695,1.6979386806488037,8301.642578125,22.652698516845703,30.46727752685547,53.11997604370117,376.5061950683594,1.756969928741455
16.795480728149414,16.979999542236328,1000.0,193.0,1.1457382440567017,0.02597091719508171,1.0,0.9989869594573975,0.9989869594573975,0.9989869594573975,0.01677432842552662,6.720000237692147e-05,0.7613259553909302,3880000.0,-0.0008778937626630068,0.008832701249048114,0.04937395453453064,0.06786670535802841,0.016159765422344208,1.9245201349258423,1.4685473442077637,0.9206708669662476,1.9679648876190186,8327.8193359375,21.718780517578125,4.4368696212768555,26.155651092529297,764.6531372070312,1.746557593345642
16.520797729492188,18.479999542236328,1000.0,194.0,1.1465123891830444,0.008545306511223316,10.0,1.0027587413787842,1.0027587413787842,1.0027587413787842,0.02481771446764469,6.600000051548705e-05,0.761967122554779,3900000.0,-0.010069708339869976,-0.00919181457720697,-0.13610628247261047,0.05594976618885994,-0.011916939169168472,1.8086243867874146,0.5937159061431885,-0.8748314380645752,1.751710295677185,8398.2431640625,23.516271591186523,46.88691711425781,70.40419006347656,284.0740051269531,1.7356194257736206
16.493606567382812,18.260000228881836,1000.0,195.0,1.14573335647583,0.009151238948106766,9.0,0.9999249577522278,0.9999249577522278,0.9999249577522278,0.015391746535897255,6.479999865405262e-05,0.7613789439201355,3920000.0,-0.009461444802582264,0.0006082635372877121,-0.01793142780661583,0.04886637628078461,-0.007083389908075333,1.8993598222732544,0.5800964832305908,-0.013619422912597656,1.7797558307647705,8459.8330078125,22.029315948486328,39.534996032714844,61.56431198120117,324.863525390625,1.724151611328125
17.139162063598633,21.959999084472656,1000.0,196.0,1.142549753189087,0.012386794202029705,5.0,1.0005687475204468,1.0005687475204468,1.0005687475204468,0.01866644062101841,6.359999679261819e-05,0.7589995861053467,3940000.0,-0.010773259215056896,-0.0013118144124746323,0.08807452023029327,0.056797415018081665,0.007931038737297058,1.9131629467010498,1.1849027872085571,0.6048063039779663,1.9708367586135864,8505.4189453125,21.914531707763672,23.64900016784668,45.56352996826172,438.9475402832031,1.7130786180496216
15.728302001953125,21.100000381469727,1000.0,197.0,1.1407121419906616,0.02165447175502777,3.0,0.9980376362800598,0.9980376362800598,0.9980376362800598,0.021513910964131355,6.240000220714137e-05,0.7576038241386414,3960000.0,-0.00782774854451418,0.002945510670542717,-0.002606518566608429,0.05194789171218872,-0.004849523305892944,1.6942472457885742,1.8609613180160522,0.6760585308074951,1.9166663885116577,8543.0673828125,24.35800552368164,13.268567085266113,37.62657165527344,531.5392456054688,1.7021554708480835
16.602352142333984,22.920000076293945,1000.0,198.0,1.1376560926437378,0.008706492371857166,12.0,1.0003530979156494,1.0003530979156494,1.0003530979156494,0.017787810415029526,6.120000034570694e-05,0.7552466988563538,3980000.0,-0.011875959113240242,-0.004048210568726063,-0.09434027969837189,0.05629647895693779,0.004348587244749069,1.9345728158950806,0.7119593024253845,-1.1490020155906677,2.1145031452178955,8618.7392578125,21.638200759887695,54.01357650756836,75.65177917480469,264.36920166015625,1.6917996406555176
15.335280418395996,20.540000915527344,1000.0,199.0,1.137326955795288,0.008711647242307663,9.0,1.0002191066741943,1.0002191066741943,1.0002191066741943,0.02005065232515335,5.999999848427251e-05,0.7550144791603088,4000000.0,-0.01069929264485836,0.0011766664683818817,0.02263566665351391,0.049577001482248306,-0.006719477474689484,1.8257251977920532,0.6433461904525757,-0.06861311197280884,2.259003162384033,8683.6162109375,24.847850799560547,40.00417709350586,64.8520278930664,308.39434814453125,1.6813851594924927
16.87480926513672,18.979999542236328,1000.0,200.0,1.1364493370056152,0.009374190121889114,11.0,1.0017664432525635,1.0017664432525635,1.0017664432525635,0.017151426523923874,5.880000026081689e-05,0.7543689608573914,4020000.0,-0.011725081130862236,-0.0010257884860038757,-0.27863460779190063,0.051621295511722565,0.0020442940294742584,2.056532859802246,0.7614645957946777,0.11811840534210205,2.0772526264190674,8755.2626953125,21.928600311279297,49.69508743286133,71.62368774414062,279.23724365234375,1.6705418825149536
17.957744598388672,14.84000015258789,1000.0,201.0,1.133644700050354,0.00913366861641407,7.0,0.9989748597145081,0.9989748597145081,0.9989748597145081,0.015332869254052639,5.759999839938246e-05,0.7522386908531189,4040000.0,-0.006383733823895454,0.005341347306966782,0.22826401889324188,0.055750034749507904,0.004128739237785339,1.9894400835037231,0.45416536927223206,-0.3072992265224457,1.8142648935317993,8812.701171875,25.759685516357422,31.65342140197754,57.413108825683594,348.3525085449219,1.658320665359497
18.608489990234375,14.5,1000.0,202.0,1.1319769620895386,0.009098013862967491,8.0,1.0011920928955078,1.0011920928955078,1.0011920928955078,0.03093779645860195,5.6400000175926834e-05,0.7510016560554504,4060000.0,-0.00837522279471159,-0.0019914889708161354,0.08755993843078613,0.0479247160255909,-0.007825318723917007,1.9964470863342285,0.4981420338153839,0.043976664543151855,1.6770099401474,8869.9716796875,21.7271785736084,35.52072525024414,57.24790573120117,349.3577575683594,1.6447734832763672
18.100767135620117,15.899999618530273,1000.0,203.0,1.1278531551361084,0.010687687434256077,6.0,0.999293863773346,0.999293863773346,0.999293863773346,0.016802826896309853,5.5199998314492404e-05,0.7479376196861267,4080000.0,-0.008442782796919346,-6.756000220775604e-05,0.056470055133104324,0.048210497945547104,0.0002857819199562073,1.9849308729171753,0.8042746782302856,0.30613264441490173,2.0660805702209473,8921.931640625,24.243959426879883,27.692230224609375,51.93619155883789,385.0879211425781,1.6303613185882568
17.35635757446289,17.579999923706055,1000.0,204.0,1.122840404510498,0.009359745308756828,9.0,1.0022884607315063,1.0022884607315063,1.0022884607315063,0.019303614273667336,5.400000009103678e-05,0.7441595196723938,4100000.0,-0.01042153500020504,-0.001978752203285694,-0.17175939679145813,0.05235029011964798,0.004139792174100876,2.0026462078094482,0.6009870171546936,-0.20328766107559204,1.991830825805664,8984.4365234375,22.82698631286621,39.65578842163086,62.48277282714844,320.0882263183594,1.6155674457550049
18.8944034576416,21.600000381469727,1000.0,205.0,1.1215928792953491,0.008951865136623383,12.0,1.0001310110092163,1.0001310110092163,1.0001310110092163,0.017837660387158394,5.279999822960235e-05,0.7432754039764404,4120000.0,-0.012383479624986649,-0.0019619446247816086,-0.07548734545707703,0.05558372288942337,0.0032334327697753906,2.0001907348632812,0.5474494099617004,-0.053537607192993164,1.799420952796936,9062.2861328125,22.249664306640625,55.5757942199707,77.82545471191406,256.9853210449219,1.601393461227417
17.100637435913086,21.5,1000.0,206.0,1.1250221729278564,0.008331114426255226,7.0,1.0008801221847534,1.0008801221847534,1.0008801221847534,0.02972886525094509,5.160000000614673e-05,0.7458657026290894,4140000.0,-0.01045326329767704,0.0019302163273096085,-0.05476819723844528,0.05227186903357506,-0.0033118538558483124,1.941512107849121,0.8792832493782043,0.3318338394165039,2.115457534790039,9114.900390625,22.026845932006836,30.56376075744629,52.590606689453125,380.2960510253906,1.5877526998519897
17.00837516784668,22.18000030517578,1000.0,207.0,1.127832055091858,0.008213572204113007,10.0,1.0008829832077026,1.0008829832077026,1.0008829832077026,0.016469445079565048,5.0400001782691106e-05,0.7479541301727295,4160000.0,-0.010832267813384533,-0.00037900451570749283,-0.041704896837472916,0.04972808063030243,-0.002543788403272629,1.8411388397216797,0.71104496717453,-0.16823828220367432,1.872520923614502,9183.1669921875,22.871318817138672,45.372867584228516,68.24418640136719,293.06524658203125,1.5747562646865845
14.53976058959961,20.760000228881836,1000.0,208.0,1.1281800270080566,0.010994313284754753,8.0,1.000706434249878,1.000706434249878,1.000706434249878,0.04473371431231499,4.9199999921256676e-05,0.7482041120529175,4180000.0,-0.00790064875036478,0.0029316190630197525,0.018466856330633163,0.05431707203388214,0.004588991403579712,1.574252963066101,0.6606071591377258,-0.0504378080368042,1.8997474908828735,9242.4638671875,23.138465881347656,36.13405227661133,59.272518157958984,337.42449951171875,1.5619938373565674
15.235346794128418,15.359999656677246,1000.0,209.0,1.126518964767456,0.007593894377350807,18.0,1.0013967752456665,1.0013967752456665,1.0013967752456665,0.03508966416120529,4.8000001697801054e-05,0.7469602227210999,4200000.0,-0.011424079537391663,-0.003523430787026882,0.004100024700164795,0.050041574984788895,-0.0042754970490932465,1.875990629196167,0.40923961997032166,-0.2513675391674042,1.9387907981872559,9347.46484375,22.392398834228516,82.5862045288086,104.97859954833984,190.5150146484375,1.5481293201446533
15.482874870300293,15.899999618530273,1000.0,210.0,1.1237528324127197,0.008831281214952469,8.0,1.000706672668457,1.000706672668457,1.000706672668457,0.01453344151377678,4.6799999836366624e-05,0.7448844313621521,4220000.0,-0.010243677534162998,0.0011804020032286644,0.3562611937522888,0.05274316668510437,0.0027015917003154755,1.8492122888565063,0.8777316808700562,0.4684920608997345,2.1282811164855957,9405.091796875,22.268566131591797,35.329917907714844,57.59848403930664,347.2313537597656,1.5333987474441528
16.651891708374023,21.639999389648438,1000.0,211.0,1.1244310140609741,0.011912420392036438,6.0,1.0001037120819092,1.0001037120819092,1.0001037120819092,0.016770068556070328,4.5600001612911e-05,0.7453756928443909,4240000.0,-0.01157957874238491,-0.0013359012082219124,-0.05374938249588013,0.05855490267276764,0.005811735987663269,1.8984566926956177,1.3633971214294434,0.4856654405593872,2.1237308979034424,9455.599609375,22.87142562866211,27.613475799560547,50.484901428222656,396.1580505371094,1.5192818641662598
18.18425941467285,23.639999389648438,1000.0,212.0,1.1252350807189941,0.0072776093147695065,16.0,1.0067261457443237,1.0067261457443237,1.0067261457443237,0.18824398517608643,4.439999975147657e-05,0.7460657954216003,4260000.0,-0.014403367415070534,-0.002823788672685623,-0.17469066381454468,0.05158568173646927,-0.00696922093629837,2.0154051780700684,0.6108249425888062,-0.7525721788406372,2.623523473739624,9549.15234375,22.379446029663086,71.15081787109375,93.53026580810547,213.83453369140625,1.5062083005905151
19.246313095092773,22.139999389648438,1000.0,213.0,1.124396800994873,0.007049977779388428,11.0,1.0030763149261475,1.0030763149261475,1.0030763149261475,0.07267776131629944,4.320000152802095e-05,0.7454631328582764,4280000.0,-0.01039245817810297,0.004010909236967564,-0.045260053128004074,0.05428502708673477,0.002699345350265503,2.1079981327056885,0.5717283487319946,-0.03909659385681152,2.7685837745666504,9623.103515625,24.33892822265625,49.585235595703125,73.92416381835938,270.54754638671875,1.4937056303024292
19.252710342407227,21.219999313354492,1000.0,214.0,1.1258697509765625,0.008349979296326637,14.0,1.0005704164505005,1.0005704164505005,1.0005704164505005,0.015611241571605206,4.199999966658652e-05,0.7465954422950745,4300000.0,-0.011808947660028934,-0.0014164894819259644,-0.014764292165637016,0.05096353590488434,-0.0033214911818504333,1.915109395980835,0.474066823720932,-0.09766152501106262,2.3251821994781494,9708.9423828125,21.85794448852539,63.95446014404297,85.8124008178711,233.06654357910156,1.4814893007278442
20.22339630126953,15.100000381469727,1000.0,215.0,1.127138614654541,0.00886576995253563,12.0,1.0014979839324951,1.0014979839324951,1.0014979839324951,0.02040737122297287,4.0800001443130895e-05,0.7474737167358398,4320000.0,-0.008274978026747704,0.003533969633281231,0.0528455525636673,0.059296295046806335,0.008332759141921997,2.3237252235412598,0.46313273906707764,-0.01093408465385437,2.39496111869812,9784.4833984375,22.023902893066406,53.48933792114258,75.51324462890625,264.8542175292969,1.468023419380188
19.47791290283203,11.859999656677246,1000.0,216.0,1.1280171871185303,0.0054038893431425095,18.0,1.002464771270752,1.002464771270752,1.002464771270752,0.04919935762882233,3.9599999581696466e-05,0.7481816411018372,4340000.0,-0.007872559130191803,0.0004024188965559006,-0.05747978761792183,0.044709138572216034,-0.014587156474590302,2.0353198051452637,0.28319358825683594,-0.1799391508102417,1.797250747680664,9889.462890625,23.056201934814453,81.89712524414062,104.95333099365234,190.56088256835938,1.452638030052185
19.000869750976562,8.720000267028809,1000.0,217.0,1.1262861490249634,0.00879500713199377,19.0,1.006848931312561,1.006848931312561,1.006848931312561,0.06647579371929169,3.840000135824084e-05,0.7469621896743774,4360000.0,-0.01408853754401207,-0.006215978413820267,0.28273728489875793,0.04742839187383652,0.0027192533016204834,1.892825722694397,0.2978869378566742,0.014693349599838257,1.6408230066299438,9996.9638671875,21.915407180786133,85.55496978759766,107.47038269042969,186.09779357910156,1.4347649812698364
17.109376907348633,13.300000190734863,1000.0,218.0,1.1248005628585815,0.00938611663877964,10.0,1.0007416009902954,1.0007416009902954,1.0007416009902954,0.017294742166996002,3.719999949680641e-05,0.7458723187446594,4380000.0,-0.010975854471325874,0.0031126830726861954,-0.21480612456798553,0.04910597205162048,0.001677580177783966,1.958756685256958,0.5354718565940857,0.2375849187374115,1.7283354997634888,10065.5849609375,23.747154235839844,44.84550094604492,68.5926513671875,291.576416015625,1.415762186050415
16.513465881347656,15.9399995803833,1000.0,219.0,1.123786449432373,0.008486751466989517,17.0,1.014862060546875,1.014862060546875,1.014862060546875,0.38104867935180664,3.600000127335079e-05,0.7451928853988647,4400000.0,-0.020589955151081085,-0.009614100679755211,0.15089726448059082,0.047294966876506805,-0.001811005175113678,1.8066511154174805,0.36528223752975464,-0.17018961906433105,1.873903512954712,10166.611328125,25.116748809814453,75.88436889648438,101.0011215209961,198.01760864257812,1.3963818550109863
16.410245895385742,18.719999313354492,1000.0,220.0,1.123497486114502,0.010921231471002102,4.0,0.9993977546691895,0.9993977546691895,0.9993977546691895,0.014619555324316025,3.479999941191636e-05,0.7450610995292664,4420000.0,-0.005058480426669121,0.015531474724411964,-0.04283685237169266,0.06046367064118385,0.013168703764677048,1.8639637231826782,0.8790521025657654,0.5137698650360107,1.7903985977172852,10208.1748046875,23.14870262145996,18.38765525817871,41.53635787963867,481.505859375,1.3773398399353027
17.444425582885742,17.520000457763672,1000.0,221.0,1.125955581665039,0.008043402805924416,17.0,1.001211404800415,1.001211404800415,1.001211404800415,0.01627299003303051,3.360000118846074e-05,0.7469384670257568,4440000.0,-0.011690146289765835,-0.006631665863096714,0.04146972671151161,0.05307061970233917,-0.007393050938844681,1.9258424043655396,0.5537189841270447,-0.3253331184387207,1.9228368997573853,10306.552734375,22.169822692871094,76.18627166748047,98.35609436035156,203.3427734375,1.358304500579834
16.32134246826172,21.100000381469727,1000.0,222.0,1.1241600513458252,0.007986405864357948,21.0,1.0008573532104492,1.0008573532104492,1.0008573532104492,0.016470061615109444,3.239999932702631e-05,0.7455611228942871,4460000.0,-0.013205806724727154,-0.001515660434961319,-0.16252538561820984,0.048674412071704865,-0.004396207630634308,1.8934406042099,0.4151783585548401,-0.1385406255722046,1.876626968383789,10422.765625,22.706586837768555,93.47476196289062,116.18135070800781,172.14466857910156,1.3401575088500977
18.36663246154785,23.739999771118164,1000.0,223.0,1.121891975402832,0.008730127476155758,19.0,1.0017143487930298,1.0017143487930298,1.0017143487930298,0.025413405150175095,3.1200001103570685e-05,0.7439082860946655,4480000.0,-0.013846741989254951,-0.0006409352645277977,0.3004794716835022,0.05933868885040283,0.010664276778697968,2.1592063903808594,0.48850202560424805,0.07332366704940796,1.9178613424301147,10531.607421875,23.307594299316406,85.50505065917969,108.81365203857422,183.8004608154297,1.323468804359436
17.63995361328125,20.280000686645508,1000.0,224.0,1.118274450302124,0.007706561591476202,17.0,1.0035091638565063,1.0035091638565063,1.0035091638565063,0.10671135783195496,2.9999999242136255e-05,0.7411943674087524,4500000.0,-0.011807265691459179,0.0020394762977957726,0.06679506599903107,0.04750606417655945,-0.011832624673843384,1.8498578071594238,0.43009933829307556,-0.058402687311172485,1.687471866607666,10630.787109375,21.65652084350586,77.49503326416016,99.15155029296875,201.71141052246094,1.3072296380996704
17.223133087158203,15.359999656677246,1000.0,225.0,1.1144912242889404,0.007029465865343809,26.0,1.002069115638733,1.002069115638733,1.002069115638733,0.019585460424423218,2.879999919969123e-05,0.7383885383605957,4520000.0,-0.010097569786012173,0.0017096959054470062,-0.23954510688781738,0.043692249804735184,-0.0038138143718242645,1.676560401916504,0.24955357611179352,-0.18054576218128204,1.4940143823623657,10767.8671875,21.176082611083984,115.87556457519531,137.05165100097656,145.93038940429688,1.2901699542999268
16.06879425048828,12.520000457763672,1000.0,226.0,1.1137827634811401,0.008009792305529118,11.0,1.000710129737854,1.000710129737854,1.000710129737854,0.013823275454342365,2.7599999157246202e-05,0.7378634810447693,4540000.0,-0.00993720255792141,0.0001603672280907631,-0.09653234481811523,0.04643603041768074,0.0027437806129455566,1.6960824728012085,0.4164736866950989,0.16692011058330536,1.6152220964431763,10838.2392578125,21.68754005432129,48.6534423828125,70.34197998046875,284.3252258300781,1.2716670036315918
15.262812614440918,14.739999771118164,1000.0,227.0,1.1140799522399902,0.00680910749360919,15.0,1.0021426677703857,1.0021426677703857,1.0021426677703857,0.025036251172423363,2.6399999114801176e-05,0.7381591796875,4560000.0,-0.00943353958427906,0.0005036629736423492,0.2782616913318634,0.043582312762737274,-0.002853717654943466,1.9449074268341064,0.42183035612106323,0.0053566694259643555,1.8882912397384644,10930.3173828125,25.9657039642334,66.08815002441406,92.0538558959961,217.26412963867188,1.2524099349975586
16.259424209594727,14.819999694824219,1000.0,228.0,1.1132665872573853,0.00799495354294777,22.0,1.0009219646453857,1.0009219646453857,1.0009219646453857,0.01535000093281269,2.5200000891345553e-05,0.7376530766487122,4580000.0,-0.009668738581240177,-0.0002351989969611168,-0.0077255163341760635,0.05407015234231949,0.010487839579582214,1.7915669679641724,0.29258453845977783,-0.1292458176612854,1.4970625638961792,11051.2001953125,21.836746215820312,99.01956939697266,120.85631561279297,165.4857635498047,1.2324903011322021
16.750885009765625,21.260000228881836,1000.0,229.0,1.1117877960205078,0.009871860034763813,13.0,1.0020456314086914,1.0020456314086914,1.0020456314086914,0.022579433396458626,2.4000000848900527e-05,0.7365768551826477,4600000.0,-0.014482730068266392,-0.004813991487026215,-0.09871566295623779,0.05111023783683777,-0.00295991450548172,1.9461467266082764,0.7449040412902832,0.45231950283050537,1.5967204570770264,11133.0751953125,22.9857120513916,58.859100341796875,81.84481048583984,244.3649139404297,1.213576316833496
14.742740631103516,19.260000228881836,1000.0,230.0,1.1107540130615234,0.008028902113437653,23.0,1.0017168521881104,1.0017168521881104,1.0017168521881104,0.029732558876276016,2.28000008064555e-05,0.7357569336891174,4620000.0,-0.011440512724220753,0.003042217344045639,-0.3843473792076111,0.042363349348306656,-0.008746888488531113,1.4922723770141602,0.3434060513973236,-0.4014979898929596,1.3991789817810059,11260.0234375,20.891019821166992,106.03340148925781,126.92442321777344,157.57408142089844,1.1950650215148926
16.320283889770508,23.020000457763672,1000.0,231.0,1.1060731410980225,0.007646873127669096,25.0,1.0000879764556885,1.0000879764556885,1.0000879764556885,0.017473673447966576,2.1600000764010474e-05,0.7323182821273804,4640000.0,-0.011836239136755466,-0.00039572641253471375,0.17204098403453827,0.048245303332805634,0.005881953984498978,2.0436012744903564,0.41411492228507996,0.07070887088775635,1.9873738288879395,11393.4365234375,21.10175895690918,112.27903747558594,133.3817901611328,149.94549560546875,1.1778624057769775
18.031904220581055,18.059999465942383,1000.0,232.0,1.106305718421936,0.006375195924192667,26.0,1.0014911890029907,1.0014911890029907,1.0014911890029907,0.022778790444135666,2.0400000721565448e-05,0.7325772047042847,4660000.0,-0.013783414848148823,-0.0019471757113933563,-0.027256011962890625,0.04638546332716942,-0.0018598400056362152,2.239635467529297,0.38803762197494507,-0.026077300310134888,2.374981164932251,11530.341796875,21.255252838134766,115.6198959350586,136.87515258789062,146.11856079101562,1.1605862379074097
18.686365127563477,20.31999969482422,1000.0,233.0,1.1030491590499878,0.00701502151787281,32.0,1.0004703998565674,1.0004703998565674,1.0004703998565674,0.014591766521334648,1.920000067912042e-05,0.7303832173347473,4680000.0,-0.013330461457371712,0.00045295339077711105,0.07354381680488586,0.04177108407020569,-0.00461437925696373,1.8567891120910645,0.3368719816207886,-0.051165640354156494,1.8911365270614624,11694.3125,21.47884178161621,142.4616241455078,163.94046020507812,121.9955062866211,1.1438113451004028
18.333620071411133,29.440000534057617,1000.0,234.0,1.1006083488464355,0.008023303933441639,14.0,1.0016870498657227,1.0016870498657227,1.0016870498657227,0.024018611758947372,1.8000000636675395e-05,0.7286447286605835,4700000.0,-0.014757776632905006,-0.0014273151755332947,0.28428223729133606,0.0482802577316761,0.006509173661470413,1.9744130373001099,0.7640510201454163,0.4271790385246277,2.4139418601989746,11779.1484375,21.599634170532227,63.2030029296875,84.8026351928711,235.8417205810547,1.1298161745071411
16.264690399169922,29.81999969482422,1000.0,235.0,1.1002308130264282,0.006872736848890781,34.0,1.0019748210906982,1.0019748210906982,1.0019748210906982,0.016516724601387978,1.680000059423037e-05,0.7283828258514404,4720000.0,-0.012289198115468025,0.002468578517436981,-0.1863292008638382,0.042778853327035904,-0.005501404404640198,1.8032490015029907,0.3737368881702423,-0.39031413197517395,2.1907477378845215,11952.236328125,22.142627716064453,150.91937255859375,173.06199645996094,115.56552124023438,1.1184284687042236
17.844032287597656,28.959999084472656,1000.0,236.0,1.098268747329712,0.007029131054878235,36.0,1.0096296072006226,1.0096296072006226,1.0096296072006226,0.3248644173145294,1.5600000551785342e-05,0.7270632386207581,4740000.0,-0.019694797694683075,-0.00740559957921505,-0.18574126064777374,0.04488551989197731,0.0021066665649414062,2.180229902267456,0.29819902777671814,-0.07553786039352417,2.5414130687713623,12136.4638671875,22.756193161010742,161.43585205078125,184.19204711914062,108.58232116699219,1.1091734170913696
16.890274047851562,17.860000610351562,1000.0,237.0,1.0970450639724731,0.00743324588984251,32.0,1.0010266304016113,1.0010266304016113,1.0010266304016113,0.015789324417710304,1.4399999599845614e-05,0.7261288166046143,4760000.0,-0.012475410476326942,0.0072193872183561325,-0.03418334573507309,0.046205829828977585,0.0013203099370002747,1.8511452674865723,0.3817085027694702,0.08350947499275208,2.210566520690918,12303.978515625,23.924156188964844,143.5525665283203,167.4767303466797,119.4195785522461,1.0989941358566284
18.344694137573242,17.540000915527344,1000.0,238.0,1.0975964069366455,0.006924774963408709,29.0,1.0060497522354126,1.0060497522354126,1.0060497522354126,0.20267748832702637,1.3199999557400588e-05,0.7264658808708191,4780000.0,-0.016633514314889908,-0.004158103838562965,-0.061357662081718445,0.04433029890060425,-0.0018755309283733368,1.9946105480194092,0.4793581962585449,0.09764969348907471,2.9287679195404053,12457.4169921875,21.376205444335938,132.0287628173828,153.40496826171875,130.37387084960938,1.087896704673767
17.962688446044922,18.15999984741211,1000.0,239.0,1.098870038986206,0.005761631298810244,38.0,1.0075407028198242,1.0075407028198242,1.0075407028198242,0.12580083310604095,1.2000000424450263e-05,0.7273311614990234,4800000.0,-0.010489864274859428,0.006143650040030479,0.3720495104789734,0.04697321727871895,0.0026429183781147003,1.8923348188400269,0.2653334140777588,-0.21402478218078613,2.4670257568359375,12647.8857421875,21.623470306396484,168.81167602539062,190.4351348876953,105.02263641357422,1.0761271715164185
17.620197296142578,19.540000915527344,1000.0,240.0,1.096711277961731,0.007189635653048754,35.0,1.0008890628814697,1.0008890628814697,1.0008890628814697,0.013944264501333237,1.0800000382005237e-05,0.7258654832839966,4820000.0,-0.014298280701041222,-0.003808416426181793,-0.10198396444320679,0.04630608856678009,-0.000667128711938858,1.8813165426254272,0.3111070990562439,0.04577368497848511,1.9464664459228516,12829.2919921875,24.234771728515625,157.13404846191406,181.3688201904297,110.27253723144531,1.0641026496887207
18.479185104370117,19.020000457763672,1000.0,241.0,1.0955013036727905,0.003345916513353586,40.0,1.0005933046340942,1.0005933046340942,1.0005933046340942,0.011057721450924873,9.60000033956021e-06,0.7250415086746216,4840000.0,-0.009151467122137547,0.005146813578903675,0.023320525884628296,0.04403005167841911,-0.002276036888360977,2.0265188217163086,0.30513766407966614,-0.005969434976577759,2.0920016765594482,13029.2763671875,21.631675720214844,178.31687927246094,199.94854736328125,100.02572631835938,1.0517117977142334
17.86833953857422,19.860000610351562,1000.0,242.0,1.0953443050384521,0.005529947113245726,40.0,1.0007222890853882,1.0007222890853882,1.0007222890853882,0.015782544389367104,8.400000297115184e-06,0.7249885201454163,4860000.0,-0.010549329221248627,-0.0013978620991110802,0.3188256621360779,0.04383546859025955,-0.00019458308815956116,1.9740699529647827,0.28057724237442017,-0.02456042170524597,1.9749679565429688,13233.3623046875,25.09111976623535,178.9572296142578,204.04835510253906,98.01598358154297,1.0392042398452759
16.682771682739258,32.79999923706055,1000.0,243.0,1.0956937074661255,0.007936160080134869,19.0,1.0014886856079102,1.0014886856079102,1.0014886856079102,0.0150302704423666,7.199999799922807e-06,0.7252381443977356,4880000.0,-0.013789976015686989,-0.003240646794438362,0.13442906737327576,0.0482146181166172,0.004379149526357651,1.8889405727386475,0.5952778458595276,0.3147006034851074,2.04431414604187,13342.900390625,21.508995056152344,87.99235534667969,109.50135040283203,182.64614868164062,1.0299569368362427
16.262460708618164,29.799999237060547,1000.0,244.0,1.0962719917297363,0.002641837578266859,40.0,1.0008926391601562,1.0008926391601562,1.0008926391601562,0.01607579179108143,6.000000212225132e-06,0.7256366610527039,4900000.0,-0.007853072136640549,0.00593690387904644,0.07824897766113281,0.03775956109166145,-0.01045505702495575,1.8187588453292847,0.31118670105934143,-0.28409114480018616,2.023394823074341,13543.439453125,20.928678512573242,179.58262634277344,200.5113067626953,99.74500274658203,1.0228674411773682
15.22282600402832,30.18000030517578,1000.0,245.0,1.0982317924499512,0.0026854360476136208,40.0,1.0004770755767822,1.0004770755767822,1.0004770755767822,0.011629678308963776,4.800000169780105e-06,0.7269855737686157,4920000.0,-0.007128110621124506,0.0007249615155160427,0.05330076813697815,0.03581680729985237,-0.001942753791809082,1.766657829284668,0.24059806764125824,-0.07058863341808319,2.081821918487549,13748.2958984375,24.69982147216797,180.1195526123047,204.8193817138672,97.64701080322266,1.0178258419036865
16.968358993530273,11.739999771118164,1000.0,246.0,1.0979101657867432,0.0014511364279314876,40.0,1.0002892017364502,1.0002892017364502,1.0002892017364502,0.006863287650048733,3.5999998999614036e-06,0.7268003821372986,4940000.0,-0.0049288468435406685,0.0021992637775838375,-0.04233793169260025,0.04015827178955078,0.00434146448969841,2.180602550506592,0.25509878993034363,0.014500722289085388,2.1961891651153564,13948.2763671875,21.424213409423828,178.51869201660156,199.9429168701172,100.02854919433594,1.0098285675048828
16.954200744628906,22.31999969482422,1000.0,247.0,1.097405195236206,0.003616468980908394,40.0,1.0001944303512573,1.0001944303512573,1.0001944303512573,0.010236022993922234,2.4000000848900527e-06,0.7264885306358337,4960000.0,-0.010576772503554821,-0.0056479256600141525,0.09085936844348907,0.036828845739364624,-0.0033294260501861572,1.7617261409759521,0.4446709156036377,0.18957212567329407,2.074974298477173,14148.2314453125,23.105459213256836,176.8114776611328,199.9169464111328,100.04154968261719,1.0019145011901855
15.917842864990234,21.65999984741211,1000.0,248.0,1.0976786613464355,0.0006932512624189258,40.0,0.9999040365219116,0.9999040365219116,0.9999040365219116,0.004728913307189941,1.2000000424450263e-06,0.7266616225242615,4980000.0,-0.003009539796039462,0.007567232707515359,-0.05568303167819977,0.035245541483163834,-0.0015833042562007904,1.9923347234725952,0.3193269670009613,-0.1253439486026764,2.0405335426330566,14347.404296875,21.600215911865234,177.5342559814453,199.1344757080078,100.43463897705078,0.9939014911651611
16.01769256591797,23.979999542236328,1000.0,249.0,1.0980281829833984,0.00048202514881268144,40.0,1.000251293182373,1.000251293182373,1.000251293182373,0.003931795712560415,0.0,0.7269079089164734,5000000.0,-0.0023749424144625664,0.0006345973815768957,0.03078061155974865,0.03587154671549797,0.000626005232334137,1.940684199333191,0.3839535713195801,0.06462660431861877,2.0948495864868164,14549.3828125,24.05532455444336,177.8858642578125,201.94119262695312,99.03873443603516,0.9864056706428528
