Metrics/EpRet,Metrics/EpCost,Metrics/EpLen,Train/Epoch,Train/Entropy,Train/KL,Train/StopIter,Train/PolicyRatio,Train/PolicyRatio/Min,Train/PolicyRatio/Max,Train/PolicyRatio/Std,Train/LR,Train/PolicyStd,TotalEnvSteps,Loss/Loss_pi,Loss/Loss_pi/Delta,Value/Adv,Loss/Loss_reward_critic,Loss/Loss_reward_critic/Delta,Value/reward,Loss/Loss_cost_critic,Loss/Loss_cost_critic/Delta,Value/cost,Time/Total,Time/Rollout,Time/Update,Time/Epoch,Time/FPS,Metrics/LagrangeMultiplier
-0.4229978024959564,32.5625,1000.0,0.0,1.4174977540969849,0.022004522383213043,2.0,1.0001564025878906,1.0001564025878906,1.0001564025878906,0.01856030337512493,0.00029880000511184335,0.9985633492469788,20000.0,-0.0025908404495567083,-0.0025908404495567083,0.08659426867961884,0.025498246774077415,0.025498246774077415,-0.08607867360115051,3.7965915203094482,3.7965915203094482,0.0624195858836174,54.27165603637695,45.435997009277344,8.834657669067383,54.27065658569336,368.5232849121094,0.03599999472498894
-0.08312802761793137,47.84375,1000.0,1.0,1.4165234565734863,0.045727070420980453,3.0,0.9985607266426086,0.9985607266426086,0.9985607266426086,0.05463461950421333,0.0002975999959744513,0.9976254105567932,40000.0,-0.005214264150708914,-0.0026234237011522055,-0.11321192979812622,0.009419253095984459,-0.016078993678092957,-0.0623440258204937,5.34238862991333,1.5457971096038818,0.6109585165977478,95.22504425048828,28.282886505126953,12.650257110595703,40.933143615722656,488.60162353515625,0.06809349358081818
0.3859281539916992,70.04166412353516,1000.0,2.0,1.4143847227096558,0.008602047339081764,9.0,1.0008411407470703,1.0008411407470703,1.0008411407470703,0.016664182767271996,0.00029639998683705926,0.9955537915229797,60000.0,-0.0013604077976197004,0.0038538563530892134,0.4081089198589325,0.008125010877847672,-0.0012942422181367874,-0.03761737048625946,3.7569732666015625,-1.5854153633117676,1.3640809059143066,161.9381866455078,28.445276260375977,38.24810791015625,66.6933822631836,299.87982177734375,0.09950149804353714
0.9598246216773987,81.0,1000.0,3.0,1.410402774810791,0.01549240667372942,5.0,0.9995026588439941,0.9995026588439941,0.9995026588439941,0.019038192927837372,0.00029520000680349767,0.9916495084762573,80000.0,-0.0012935964623466134,6.681133527308702e-05,-0.06687863916158676,0.00676069175824523,-0.0013643191196024418,0.005361961200833321,3.621201753616333,-0.1357715129852295,2.4978551864624023,216.74278259277344,31.09564208984375,23.686397552490234,54.782039642333984,365.0831604003906,0.1318642497062683
2.076552629470825,96.41999816894531,1000.0,4.0,1.407982349395752,0.009923693723976612,5.0,0.9991170167922974,0.9991170167922974,0.9991170167922974,0.018326910212635994,0.00029399999766610563,0.9892270565032959,100000.0,-0.00012417274410836399,0.0011694237182382494,-0.14211557805538177,0.023523304611444473,0.016762612853199244,0.06849575787782669,4.6924285888671875,1.0712268352508545,2.437021017074585,273.3061828613281,35.258087158203125,21.28253746032715,56.54062271118164,353.72796630859375,0.1648634672164917
2.3566927909851074,84.16000366210938,1000.0,5.0,1.41378653049469,0.013293091207742691,8.0,0.9993160367012024,0.9993160367012024,0.9993160367012024,0.021659981459379196,0.0002927999885287136,0.9949421882629395,120000.0,-0.003134224796667695,-0.003010052052559331,0.05340315401554108,0.015464399009943008,-0.008058905601501465,0.06476094573736191,3.840768814086914,-0.8516597747802734,3.0149617195129395,337.2110290527344,29.70979118347168,34.17390441894531,63.883697509765625,313.06890869140625,0.19861991703510284
3.5416321754455566,93.81999969482422,1000.0,6.0,1.4089845418930054,0.016744859516620636,2.0,0.9987697601318359,0.9987697601318359,0.9987697601318359,0.02467365749180317,0.000291600008495152,0.9901698231697083,140000.0,-0.001356031745672226,0.001778193050995469,-0.24382427334785461,0.023495549336075783,0.008031150326132774,0.16343624889850616,8.552839279174805,4.712070465087891,4.350514888763428,375.21942138671875,29.560951232910156,8.424324989318848,37.98527526855469,526.519775390625,0.2330106645822525
3.9855618476867676,84.30000305175781,1000.0,7.0,1.4004135131835938,0.013781089335680008,4.0,1.0007524490356445,1.0007524490356445,1.0007524490356445,0.020554041489958763,0.00029039999935775995,0.9816901087760925,160000.0,-0.0018784238491207361,-0.0005223921034485102,0.010282173752784729,0.023895589634776115,0.00040004029870033264,0.19125474989414215,4.921092987060547,-3.631746292114258,3.8557991981506348,428.5503845214844,33.43119430541992,19.880470275878906,53.311668395996094,375.15240478515625,0.26771634817123413
5.6039533615112305,87.58000183105469,1000.0,8.0,1.3970746994018555,0.014745897613465786,6.0,1.0005242824554443,1.0005242824554443,1.0005242824554443,0.020487075671553612,0.0002891999902203679,0.9784252643585205,180000.0,-0.003433987032622099,-0.0015555631835013628,-0.029561862349510193,0.037435077130794525,0.01353948749601841,0.3244880735874176,3.741665840148926,-1.179427146911621,4.536688804626465,488.434814453125,33.856597900390625,26.00484275817871,59.8624267578125,334.099365234375,0.30273640155792236
6.03920841217041,90.27999877929688,1000.0,9.0,1.396332859992981,0.012237785384058952,5.0,1.000329613685608,1.000329613685608,1.000329613685608,0.01865275576710701,0.0002880000101868063,0.9777675867080688,200000.0,-0.002725073369219899,0.0007089136634021997,-0.16033118963241577,0.023161958903074265,-0.01427311822772026,0.42371469736099243,5.106586456298828,1.3649206161499023,5.296003341674805,539.8301391601562,29.54959487915039,21.82499122619629,51.37458419799805,389.29754638671875,0.3380584120750427
6.87983512878418,95.27999877929688,1000.0,10.0,1.3964178562164307,0.019903751090168953,4.0,0.9990353584289551,0.9990353584289551,0.9990353584289551,0.023316064849495888,0.0002868000010494143,0.977809727191925,220000.0,-0.002567203249782324,0.00015787011943757534,0.183183491230011,0.04078982025384903,0.017627861350774765,0.5446451902389526,5.586956024169922,0.48036956787109375,5.535805702209473,588.5281372070312,30.077621459960938,18.598703384399414,48.676326751708984,410.8773498535156,0.37372156977653503
8.875102996826172,97.30000305175781,1000.0,11.0,1.3964449167251587,0.012166625820100307,7.0,0.9981160759925842,0.9981160759925842,0.9981160759925842,0.0200966689735651,0.00028559999191202223,0.977853536605835,240000.0,-0.0042307497933506966,-0.0016635465435683727,0.045446574687957764,0.043017737567424774,0.0022279173135757446,0.7505159378051758,3.571925640106201,-2.0150303840637207,6.076961040496826,655.8707275390625,37.144325256347656,30.166372299194336,67.31169891357422,297.12518310546875,0.4096948504447937
9.239912986755371,91.18000030517578,1000.0,12.0,1.398011326789856,0.01450403779745102,3.0,0.9997419714927673,0.9997419714927673,0.9997419714927673,0.021138960495591164,0.00028440001187846065,0.9793845415115356,260000.0,-0.002607006812468171,0.0016237429808825254,-0.23630589246749878,0.04561829939484596,0.0026005618274211884,0.60826176404953,5.524082660675049,1.9521570205688477,6.082432270050049,698.786376953125,29.642417907714844,13.251087188720703,42.89350509643555,466.27105712890625,0.445766806602478
9.409708023071289,79.55999755859375,1000.0,13.0,1.3972229957580566,0.015207231044769287,6.0,1.0008220672607422,1.0008220672607422,1.0008220672607422,0.02010144665837288,0.0002832000027410686,0.9785777926445007,280000.0,-0.0042750476859509945,-0.0016680408734828234,-0.23167243599891663,0.03960009291768074,-0.006018206477165222,0.5812605619430542,2.7759580612182617,-2.748124599456787,5.342820167541504,757.3153686523438,30.96198081970215,27.545515060424805,58.50749588012695,341.8365478515625,0.4815421402454376
7.933976650238037,76.81999969482422,1000.0,14.0,1.3971754312515259,0.017518384382128716,3.0,1.0016696453094482,1.0016696453094482,1.0016696453094482,0.0234570000320673,0.00028199999360367656,0.9785309433937073,300000.0,-0.0018567329971119761,0.0024183146888390183,-0.08121108263731003,0.03781682625412941,-0.0017832666635513306,0.727462887763977,5.249373912811279,2.4734158515930176,5.942805767059326,802.9072265625,32.05174255371094,13.519026756286621,45.57076644897461,438.8778381347656,0.5169641971588135
8.379158973693848,81.4800033569336,1000.0,15.0,1.3982970714569092,0.01830836944282055,2.0,1.0020129680633545,1.0020129680633545,1.0020129680633545,0.02327848970890045,0.00028080001357011497,0.9796220660209656,320000.0,-6.187656981637701e-05,0.0017948564272955991,-0.23385468125343323,0.04538986459374428,0.007573038339614868,0.8074021935462952,7.425386428833008,2.1760125160217285,7.771298408508301,842.906494140625,30.61891746520996,9.360349655151367,39.97926712036133,500.2593078613281,0.5522676110267639
9.118218421936035,96.4000015258789,1000.0,16.0,1.3948149681091309,0.020658258348703384,3.0,0.9998471140861511,0.9998471140861511,0.9998471140861511,0.022199096158146858,0.0002796000044327229,0.9762399792671204,340000.0,-0.0014176728436723351,-0.0013557962738559581,-0.0008345767855644226,0.05116961896419525,0.0057797543704509735,0.799566388130188,6.307405948638916,-1.1179804801940918,6.72844123840332,888.3656005859375,32.061279296875,13.37806510925293,45.43934631347656,440.1471862792969,0.5879563093185425
9.818544387817383,91.62000274658203,1000.0,17.0,1.3974815607070923,0.018842346966266632,4.0,0.9988159537315369,0.9988159537315369,0.9988159537315369,0.021707411855459213,0.0002783999952953309,0.9788179993629456,360000.0,-0.002176647773012519,-0.0007589749293401837,0.0006699264049530029,0.04216708615422249,-0.009002532809972763,0.7239408493041992,3.5088565349578857,-2.7985494136810303,7.021321773529053,943.5916137695312,36.67474365234375,18.529972076416016,55.204715728759766,362.28790283203125,0.6238178014755249
10.337782859802246,96.33999633789062,1000.0,18.0,1.3936344385147095,0.0172411035746336,4.0,1.0005689859390259,1.0005689859390259,1.0005689859390259,0.02163924090564251,0.00027719998615793884,0.9750381708145142,380000.0,-0.003707036841660738,-0.0015303890686482191,0.14814835786819458,0.048335038125514984,0.006167951971292496,1.0454131364822388,4.038106918334961,0.5292503833770752,7.067586898803711,992.7279052734375,31.783859252929688,17.33222007751465,49.1160774230957,407.1986389160156,0.6599663496017456
10.726790428161621,79.9000015258789,1000.0,19.0,1.393276572227478,0.022841477766633034,3.0,0.998464822769165,0.998464822769165,0.998464822769165,0.02457755245268345,0.00027600000612437725,0.9746807217597961,400000.0,-0.003841378027573228,-0.0001343411859124899,0.16194863617420197,0.05311387777328491,0.004778839647769928,1.0195571184158325,4.234869480133057,0.1967625617980957,6.8372063636779785,1044.1680908203125,37.47274398803711,13.946313858032227,51.4190559387207,388.9608459472656,0.695785403251648
12.234436988830566,93.58000183105469,1000.0,20.0,1.3895803689956665,0.021934503689408302,3.0,1.0007410049438477,1.0007410049438477,1.0007410049438477,0.024280915036797523,0.0002747999969869852,0.971081018447876,420000.0,-0.0017069653840735555,0.0021344126434996724,0.2619340121746063,0.05132747069001198,-0.001786407083272934,1.0730394124984741,6.030439853668213,1.7955703735351562,7.508381366729736,1092.1024169921875,35.175750732421875,12.736942291259766,47.913692474365234,417.417236328125,0.7318115830421448
11.918357849121094,89.05999755859375,1000.0,21.0,1.3883291482925415,0.020007526502013206,3.0,0.9992744326591492,0.9992744326591492,0.9992744326591492,0.023798704147338867,0.00027359998784959316,0.9699062705039978,440000.0,-0.00217217905446887,-0.0004652136703953147,-0.027303427457809448,0.06850230693817139,0.01717483624815941,1.0477659702301025,4.899139404296875,-1.131300449371338,7.6735405921936035,1137.90087890625,31.880647659301758,13.898346900939941,45.778995513916016,436.881591796875,0.7678560018539429
11.311836242675781,94.73999786376953,1000.0,22.0,1.3876782655715942,0.018719768151640892,2.0,1.0019443035125732,1.0019443035125732,1.0019443035125732,0.02309649996459484,0.0002724000078160316,0.9692972898483276,460000.0,-0.00015853054355829954,0.0020136485109105706,-0.08887648582458496,0.06102309748530388,-0.007479209452867508,1.1157599687576294,6.557759761810303,1.6586203575134277,7.838456153869629,1184.614990234375,37.906005859375,8.78663444519043,46.69264221191406,428.3330078125,0.8041085600852966
10.993656158447266,95.26000213623047,1000.0,23.0,1.388736367225647,0.031073886901140213,1.0,1.0011985301971436,1.0011985301971436,1.0011985301971436,0.026608452200889587,0.00027119999867863953,0.970301628112793,480000.0,0.0019868137314915657,0.0021453442750498652,-0.03977837413549423,0.0725020170211792,0.01147891953587532,0.9684653282165527,9.692451477050781,3.1346917152404785,6.812495231628418,1221.7037353515625,32.63386154174805,4.435196399688721,37.06905746459961,539.5335083007812,0.8405522108078003
9.633927345275879,89.66000366210938,1000.0,24.0,1.3896349668502808,0.02337689697742462,3.0,1.0016975402832031,1.0016975402832031,1.0016975402832031,0.024747734889388084,0.0002699999895412475,0.9711765050888062,500000.0,-0.002740443916991353,-0.004727257648482919,0.285284161567688,0.05487135797739029,-0.01763065904378891,1.0533978939056396,4.535830974578857,-5.156620502471924,7.848583698272705,1269.0325927734375,32.235103607177734,15.074441909790039,47.30954360961914,422.7476806640625,0.8769594430923462
8.498536109924316,82.5,1000.0,25.0,1.388583779335022,0.04918309301137924,1.0,1.0015188455581665,1.0015188455581665,1.0015188455581665,0.032264694571495056,0.0002688000095076859,0.9701542854309082,520000.0,0.0017827372066676617,0.004523181123659015,0.1606428325176239,0.06381362676620483,0.008942268788814545,0.842528223991394,6.5831403732299805,2.047309398651123,6.018922328948975,1306.712646484375,33.28404998779297,4.373805046081543,37.65785598754883,531.09765625,0.9130593538284302
9.158905982971191,84.04000091552734,1000.0,26.0,1.3875876665115356,0.02903066948056221,2.0,0.9999979734420776,0.9999979734420776,0.9999979734420776,0.024401403963565826,0.00026760000037029386,0.9692109823226929,540000.0,-0.0008727063541300595,-0.002655443560797721,-0.11811468005180359,0.06022316962480545,-0.0035904571413993835,1.1988391876220703,7.024162292480469,0.4410219192504883,7.494338512420654,1348.2254638671875,32.42107009887695,9.071773529052734,41.49284362792969,482.0108337402344,0.9489502906799316
10.215044975280762,89.80000305175781,1000.0,27.0,1.3814740180969238,0.030948136001825333,2.0,1.0013322830200195,1.0013322830200195,1.0013322830200195,0.027211885899305344,0.0002663999912329018,0.9633446931838989,560000.0,-0.001845938735641539,-0.0009732323815114796,0.20994916558265686,0.05493742227554321,-0.0052857473492622375,1.24759840965271,6.168571472167969,-0.8555908203125,7.87150764465332,1395.8009033203125,38.102012634277344,9.454290390014648,47.556304931640625,420.5541076660156,0.9848811030387878
10.580954551696777,93.91999816894531,1000.0,28.0,1.3810930252075195,0.027610033750534058,2.0,0.9993499517440796,0.9993499517440796,0.9993499517440796,0.022561458870768547,0.0002652000111993402,0.9629940986633301,580000.0,-0.00021763003314845264,0.0016283087024930865,0.15867742896080017,0.05457095801830292,-0.0003664642572402954,0.9299481511116028,4.967485427856445,-1.2010860443115234,6.704472064971924,1435.5128173828125,30.58713150024414,9.103565216064453,39.690696716308594,503.89642333984375,1.0209983587265015
10.022464752197266,88.33999633789062,1000.0,29.0,1.3809070587158203,0.024614162743091583,3.0,0.9985471963882446,0.9985471963882446,0.9985471963882446,0.026158669963479042,0.0002640000020619482,0.9627967476844788,600000.0,-0.005161412991583347,-0.004943782958434895,0.20925915241241455,0.04856688901782036,-0.006004069000482559,1.0931944847106934,5.019379615783691,0.051894187927246094,7.6646623611450195,1486.4837646484375,37.56010437011719,13.390789985656738,50.95089340209961,392.5348205566406,1.0570623874664307
8.847400665283203,86.13999938964844,1000.0,30.0,1.3801840543746948,0.022841444239020348,2.0,0.9998998641967773,0.9998998641967773,0.9998998641967773,0.02592683956027031,0.00026279999292455614,0.9621033072471619,620000.0,-0.0002881191030610353,0.004873293888522312,0.15363410115242004,0.06377440690994263,0.015207517892122269,1.1326944828033447,5.989614963531494,0.9702353477478027,7.816167831420898,1527.50341796875,31.90276527404785,9.096912384033203,40.99967575073242,487.8087158203125,1.0929902791976929
8.743700981140137,82.5,1000.0,31.0,1.3800240755081177,0.049256786704063416,1.0,1.0001050233840942,1.0001050233840942,1.0001050233840942,0.03635583817958832,0.00026160001289099455,0.9619233012199402,640000.0,-0.0012716407654806972,-0.0009835216624196619,-0.08095096796751022,0.07244837284088135,0.00867396593093872,1.0339102745056152,6.286078929901123,0.2964639663696289,6.55295991897583,1569.9111328125,38.01333999633789,4.373977184295654,42.3873176574707,471.8392639160156,1.1286476850509644
9.061429023742676,76.83999633789062,1000.0,32.0,1.3782227039337158,0.025414470583200455,2.0,1.0017622709274292,1.0017622709274292,1.0017622709274292,0.023587878793478012,0.0002604000037536025,0.9601340293884277,660000.0,0.00024528615176677704,0.0015169269172474742,-0.1383286565542221,0.06024540960788727,-0.01220296323299408,1.0065337419509888,4.704034328460693,-1.5820446014404297,7.359064102172852,1613.8292236328125,35.2326545715332,8.664911270141602,43.89756774902344,455.60614013671875,1.1638224124908447
7.48457145690918,70.23999786376953,1000.0,33.0,1.3766525983810425,0.04117795079946518,2.0,0.9986514449119568,0.9986514449119568,0.9986514449119568,0.0298000480979681,0.00025919999461621046,0.9586359262466431,680000.0,-0.004251729231327772,-0.004497015383094549,0.5069904327392578,0.04529314860701561,-0.014952261000871658,0.8062918782234192,3.8937840461730957,-0.8102502822875977,6.340417861938477,1661.0775146484375,37.387149810791016,9.84116268157959,47.22831344604492,423.47479248046875,1.1982696056365967
7.3809027671813965,67.66000366210938,1000.0,34.0,1.3780875205993652,0.017312198877334595,2.0,0.9990792274475098,0.9990792274475098,0.9990792274475098,0.02081255428493023,0.0002579999854788184,0.9599967002868652,700000.0,-0.00021647376706823707,0.004035255464259535,-0.13163648545742035,0.054294098168611526,0.009000949561595917,0.900688111782074,4.033812522888184,0.1400284767150879,6.610275745391846,1701.7794189453125,31.634748458862305,9.046607971191406,40.68135452270508,491.6257019042969,1.231947422027588
6.170684337615967,63.400001525878906,1000.0,35.0,1.3825632333755493,0.035928212106227875,2.0,0.9952037930488586,0.9952037930488586,0.9952037930488586,0.028886936604976654,0.00025680000544525683,0.9643054604530334,720000.0,-0.004435564391314983,-0.004219090624246746,-0.3167091906070709,0.050275564193725586,-0.0040185339748859406,0.8803833723068237,4.673033237457275,0.6392207145690918,6.4280524253845215,1749.2442626953125,37.296653747558594,10.148283958435059,47.44493865966797,421.5412902832031,1.2647311687469482
7.792357921600342,70.63999938964844,1000.0,36.0,1.3838040828704834,0.02108345553278923,2.0,0.99931401014328,0.99931401014328,0.99931401014328,0.023288987576961517,0.0002555999963078648,0.965513288974762,740000.0,0.0009920683223754168,0.0054276327136904,0.039016373455524445,0.06199628487229347,0.011720720678567886,0.9285808801651001,5.041091442108154,0.3680582046508789,6.814492225646973,1792.899658203125,34.44401931762695,9.190245628356934,43.6342658996582,458.3553771972656,1.2970755100250244
8.132002830505371,70.23999786376953,1000.0,37.0,1.38180410861969,0.02478855848312378,2.0,0.9999150037765503,0.9999150037765503,0.9999150037765503,0.02514270879328251,0.00025439998717047274,0.963560938835144,760000.0,-0.002372214337810874,-0.0033642826601862907,-0.023009035736322403,0.05202660709619522,-0.009969677776098251,0.9032678604125977,4.556999683380127,-0.48409175872802734,7.1609954833984375,1838.0496826171875,36.12721633911133,9.00304889678955,45.13026428222656,443.16162109375,1.3290127515792847
8.065765380859375,73.4800033569336,1000.0,38.0,1.3810076713562012,0.05179479345679283,1.0,0.9976997971534729,0.9976997971534729,0.9976997971534729,0.02381552755832672,0.00025320000713691115,0.962782621383667,780000.0,-0.0018379349494352937,0.0005342793883755803,-0.08971497416496277,0.05458829179406166,0.00256168469786644,0.7425195574760437,5.727575778961182,1.1705760955810547,5.584744930267334,1880.4388427734375,37.481590270996094,4.886747360229492,42.36833953857422,472.05059814453125,1.3607509136199951
9.006229400634766,70.19999694824219,1000.0,39.0,1.381344199180603,0.02230100706219673,2.0,1.0000580549240112,1.0000580549240112,1.0000580549240112,0.024625731632113457,0.0002519999979995191,0.9631094932556152,800000.0,-0.003347640158608556,-0.0015097052091732621,-0.18104837834835052,0.060749832540750504,0.006161540746688843,1.047857403755188,4.744215488433838,-0.9833602905273438,7.370138168334961,1925.7796630859375,36.360023498535156,8.961291313171387,45.32131576538086,441.29345703125,1.3921542167663574
9.724139213562012,70.66000366210938,1000.0,40.0,1.3815103769302368,0.04722115769982338,1.0,0.9989138245582581,0.9989138245582581,0.9989138245582581,0.02932431362569332,0.00025079998886212707,0.9632724523544312,820000.0,-0.001957719214260578,0.0013899209443479776,-0.12724089622497559,0.08992789685726166,0.029178064316511154,0.9998315572738647,4.377769470214844,-0.36644601821899414,6.658928871154785,1966.1011962890625,35.10858917236328,5.192665100097656,40.30125427246094,496.2624816894531,1.4232871532440186
10.753378868103027,77.55999755859375,1000.0,41.0,1.3806564807891846,0.019820332527160645,2.0,0.9992361664772034,0.9992361664772034,0.9992361664772034,0.024333883076906204,0.0002496000088285655,0.9624451398849487,840000.0,-0.003684060648083687,-0.0017263414338231087,-0.05048682540655136,0.06553968787193298,-0.024388208985328674,0.9683485627174377,4.648157596588135,0.270388126373291,6.0158162117004395,2010.80224609375,35.885597229003906,8.794014930725098,44.67961120605469,447.6314392089844,1.4545286893844604
10.371990203857422,69.80000305175781,1000.0,42.0,1.3791649341583252,0.08295752108097076,2.0,1.0001556873321533,1.0001556873321533,1.0001556873321533,0.04150005802512169,0.00024839999969117343,0.9610186219215393,860000.0,-0.0034035120625048876,0.00028054858557879925,-0.1190873384475708,0.0668928399682045,0.001353152096271515,1.06210196018219,3.9966413974761963,-0.6515161991119385,6.78157901763916,2055.819091796875,34.80403137207031,10.19231128692627,44.996341705322266,444.4805908203125,1.4854824542999268
8.643158912658691,62.68000030517578,1000.0,43.0,1.3818527460098267,0.01846843957901001,4.0,0.9975249767303467,0.9975249767303467,0.9975249767303467,0.02156536653637886,0.0002471999905537814,0.9636502265930176,880000.0,-0.00459268968552351,-0.0011891776230186224,-0.018381580710411072,0.03427695110440254,-0.032615888863801956,0.6448134183883667,1.7177071571350098,-2.2789342403411865,4.302835941314697,2109.5927734375,35.94209671020508,17.811477661132812,53.75357437133789,372.0682678222656,1.5158108472824097
8.131633758544922,57.2599983215332,1000.0,44.0,1.383219838142395,0.0318601168692112,2.0,0.999478280544281,0.999478280544281,0.999478280544281,0.02765708975493908,0.0002460000105202198,0.9649558663368225,900000.0,-0.0015851323259994388,0.003007557359524071,0.09994939714670181,0.06653295457363129,0.032256003469228745,0.8808916211128235,3.9287655353546143,2.2110583782196045,5.558780670166016,2154.64697265625,34.634159088134766,10.398857116699219,45.033016204833984,444.11859130859375,1.5452876091003418
6.484308242797852,42.29999923706055,1000.0,45.0,1.3832371234893799,0.019527344033122063,3.0,1.0022903680801392,1.0022903680801392,1.0022903680801392,0.02419542893767357,0.00024480000138282776,0.9649695754051208,920000.0,-0.003556604962795973,-0.001971472636796534,-0.011926121078431606,0.04413297772407532,-0.02239997684955597,0.6952606439590454,1.7507740259170532,-2.177991509437561,4.7930169105529785,2205.263916015625,37.05359649658203,13.539987564086914,50.59358215332031,395.30706787109375,1.5731438398361206
6.766177177429199,43.779998779296875,1000.0,46.0,1.3835058212280273,0.02491350844502449,2.0,1.0009297132492065,1.0009297132492065,1.0009297132492065,0.029080374166369438,0.00024360000679735094,0.9652108550071716,940000.0,0.0008159985300153494,0.004372603492811322,0.058819107711315155,0.05696985125541687,0.012836873531341553,0.739870011806488,3.0196897983551025,1.2689157724380493,4.486722946166992,2251.159912109375,35.988224029541016,9.886239051818848,45.87446594238281,435.9723815917969,1.599622368812561
7.293811798095703,43.959999084472656,1000.0,47.0,1.380370855331421,0.025551818311214447,1.0,1.0042344331741333,1.0042344331741333,1.0042344331741333,0.029643522575497627,0.0002423999976599589,0.9622129797935486,960000.0,0.00444834167137742,0.003632343141362071,-0.20690327882766724,0.08980114012956619,0.03283128887414932,1.1562618017196655,5.920103549957275,2.900413751602173,5.915403366088867,2290.43017578125,34.67815017700195,4.565674781799316,39.24382781982422,509.6343078613281,1.624867558479309
8.477459907531738,51.41999816894531,1000.0,48.0,1.3830504417419434,0.02942778542637825,2.0,0.999960720539093,0.999960720539093,0.999960720539093,0.028931889683008194,0.00024120000307448208,0.9648314714431763,980000.0,-0.004297137726098299,-0.00874547939747572,-0.06189001351594925,0.05142560601234436,-0.03837553411722183,0.9300050735473633,4.279024600982666,-1.6410789489746094,5.22834587097168,2334.867919921875,34.47684097290039,9.941838264465332,44.418678283691406,450.2610168457031,1.649449110031128
7.206894397735596,57.959999084472656,1000.0,49.0,1.3866536617279053,0.09971969574689865,1.0,0.9994502663612366,0.9994502663612366,0.9994502663612366,0.04020790755748749,0.00023999999393709004,0.9683325290679932,1000000.0,-0.0005354554741643369,0.003761682251933962,0.10718296468257904,0.05267396569252014,0.0012483596801757812,0.5804293751716614,3.6073126792907715,-0.6717119216918945,3.8444082736968994,2373.6669921875,33.635032653808594,5.134626865386963,38.769657135009766,515.8673095703125,1.6738271713256836
5.809169769287109,50.540000915527344,1000.0,50.0,1.3874328136444092,0.03893754631280899,2.0,1.0010550022125244,1.0010550022125244,1.0010550022125244,0.024120818823575974,0.00023879999935161322,0.9690565466880798,1020000.0,-0.001473187585361302,-0.000937732111196965,0.09498573839664459,0.06420855224132538,0.011534586548805237,0.7197404503822327,3.208651542663574,-0.39866113662719727,4.466588973999023,2422.34375,39.29547119140625,9.362203598022461,48.65767288208008,411.03485107421875,1.6975858211517334
5.081381320953369,51.459999084472656,1000.0,51.0,1.388095498085022,0.03596639633178711,2.0,0.9990461468696594,0.9990461468696594,0.9990461468696594,0.026647914201021194,0.0002376000047661364,0.9697180986404419,1040000.0,-0.0034107675310224295,-0.0019375799456611276,0.09786078333854675,0.05765853822231293,-0.006550014019012451,0.7401186227798462,3.63415265083313,0.42550110816955566,4.249837398529053,2465.273193359375,33.85467529296875,9.054697036743164,42.90937423706055,466.0986328125,1.7208484411239624
6.6335649490356445,48.47999954223633,1000.0,52.0,1.388701319694519,0.016673699021339417,2.0,1.0006418228149414,1.0006418228149414,1.0006418228149414,0.021126946434378624,0.00023639999562874436,0.970288872718811,1060000.0,0.0012107567163184285,0.004621524247340858,0.025108791887760162,0.057312287390232086,-0.00034625083208084106,0.8308859467506409,2.9105966091156006,-0.7235560417175293,4.494910717010498,2509.603271484375,35.082706451416016,9.226696968078613,44.30940246582031,451.3714599609375,1.7434862852096558
6.604353427886963,49.58000183105469,1000.0,53.0,1.385244369506836,0.031125450506806374,2.0,1.0002883672714233,1.0002883672714233,1.0002883672714233,0.025126593187451363,0.00023520000104326755,0.966934084892273,1080000.0,-0.0028670434840023518,-0.00407780020032078,-0.1766328662633896,0.05926614999771118,0.0019538626074790955,0.6486351490020752,2.8462018966674805,-0.06439471244812012,3.7454280853271484,2555.42041015625,36.10456085205078,9.691150665283203,45.795711517333984,436.72210693359375,1.7656352519989014
6.696582794189453,52.279998779296875,1000.0,54.0,1.3847484588623047,0.04564814269542694,1.0,0.999800980091095,0.999800980091095,0.999800980091095,0.031994253396987915,0.00023400000645779073,0.9664748311042786,1100000.0,0.0003175744495820254,0.003184617933584377,0.028380220755934715,0.0662899911403656,0.007023841142654419,0.5611387491226196,4.373286247253418,1.5270843505859375,4.098613262176514,2595.146484375,34.96385955810547,4.743348121643066,39.707210540771484,503.6868591308594,1.787519931793213
5.101434230804443,42.220001220703125,1000.0,55.0,1.3854173421859741,0.016701675951480865,2.0,0.9986567497253418,0.9986567497253418,0.9986567497253418,0.01994841918349266,0.0002327999973203987,0.967117428779602,1120000.0,-0.0010319830616936088,-0.0013495575112756342,0.15592049062252045,0.04649676755070686,-0.019793223589658737,0.3566054403781891,1.859694004058838,-2.51359224319458,3.4560725688934326,2642.161376953125,37.18915557861328,9.802978515625,46.99213409423828,425.6031494140625,1.8085308074951172
4.29447078704834,35.2400016784668,1000.0,56.0,1.3848923444747925,0.020909056067466736,2.0,0.9986886382102966,0.9986886382102966,0.9986886382102966,0.02319578267633915,0.00023160000273492187,0.9666077494621277,1140000.0,-0.004436115734279156,-0.003404132672585547,0.2376011312007904,0.04289447143673897,-0.0036022961139678955,0.2671718895435333,2.131031036376953,0.27133703231811523,2.65224027633667,2685.456298828125,33.97786331176758,9.296568870544434,43.27443313598633,462.1666564941406,1.8282957077026367
3.8441567420959473,25.299999237060547,1000.0,57.0,1.3850163221359253,0.038903821259737015,1.0,0.996172308921814,0.996172308921814,0.996172308921814,0.025602921843528748,0.00023039999359752983,0.9667696952819824,1160000.0,-0.0010951367439702153,0.0033409789903089404,-0.03682722896337509,0.05182904377579689,0.008934572339057922,0.38506799936294556,2.3398187160491943,0.2087876796722412,2.9898617267608643,2728.638671875,38.61788558959961,4.5433149337768555,43.161197662353516,463.379150390625,1.8462600708007812
3.118424892425537,26.639999389648438,1000.0,58.0,1.3822920322418213,0.016581589356064796,2.0,1.0008097887039185,1.0008097887039185,1.0008097887039185,0.028443466871976852,0.000229199999012053,0.9641145467758179,1180000.0,0.002353890333324671,0.003449027077294886,-0.1857452690601349,0.042373333126306534,-0.009455710649490356,0.39358365535736084,1.4910041093826294,-0.8488146066665649,3.2686281204223633,2773.34716796875,35.293922424316406,9.392660140991211,44.68658447265625,447.5616149902344,1.862680196762085
3.1595709323883057,30.760000228881836,1000.0,59.0,1.381278395652771,0.022598115727305412,2.0,0.9975257515907288,0.9975257515907288,0.9975257515907288,0.024934057146310806,0.0002280000044265762,0.9631794095039368,1200000.0,-0.004970815032720566,-0.007324705366045237,-0.4398954212665558,0.05102825537323952,0.008654922246932983,0.3395325839519501,1.8030049800872803,0.3120008707046509,2.697751998901367,2820.863037109375,39.07049560546875,8.425722122192383,47.4962158203125,421.086181640625,1.87798273563385
3.5848381519317627,32.47999954223633,1000.0,60.0,1.3813130855560303,0.018270935863256454,2.0,1.0013208389282227,1.0013208389282227,1.0013208389282227,0.018136024475097656,0.00022679999528918415,0.9632203578948975,1220000.0,-0.0003295500937383622,0.004641264938982204,-0.2682284414768219,0.04494301602244377,-0.006085239350795746,0.4926568269729614,1.8399872779846191,0.03698229789733887,2.8136212825775146,2868.505859375,36.97126007080078,10.65013599395752,47.621395111083984,419.9792785644531,1.8923921585083008
2.787344455718994,33.20000076293945,1000.0,61.0,1.3834267854690552,0.034509360790252686,3.0,0.9994354248046875,0.9994354248046875,0.9994354248046875,0.02516309544444084,0.00022560000070370734,0.965293824672699,1240000.0,-0.0033509067725390196,-0.0030213566788006574,0.15002481639385223,0.041543565690517426,-0.003399450331926346,0.33225712180137634,1.50947105884552,-0.3305162191390991,2.46460223197937,2917.638916015625,35.734825134277344,13.368430137634277,49.10325241088867,407.30499267578125,1.9060442447662354
2.609531879425049,28.81999969482422,1000.0,62.0,1.386401891708374,0.09154839813709259,1.0,0.9969273805618286,0.9969273805618286,0.9969273805618286,0.04370666667819023,0.00022440000611823052,0.9682192206382751,1260000.0,-0.007023525889962912,-0.003672619117423892,-0.1378839761018753,0.061214957386255264,0.01967139169573784,0.5171229243278503,2.7279860973358154,1.2185150384902954,3.315901517868042,2963.620361328125,41.03807067871094,4.9226226806640625,45.960693359375,435.1544494628906,1.9187027215957642
2.4222750663757324,25.34000015258789,1000.0,63.0,1.3864068984985352,0.01759219728410244,2.0,1.0002353191375732,1.0002353191375732,1.0002353191375732,0.024053936824202538,0.00022319999698083848,0.9682295322418213,1280000.0,0.0002895001380238682,0.00731302602798678,0.31505823135375977,0.04565254971385002,-0.015562407672405243,0.3733685612678528,1.4393112659454346,-1.2886748313903809,2.624335527420044,3007.78125,34.75925064086914,9.380716323852539,44.13996887207031,453.1040954589844,1.9302111864089966
1.690749168395996,25.81999969482422,1000.0,64.0,1.388669729232788,0.03437940031290054,1.0,0.9998142719268799,0.9998142719268799,0.9998142719268799,0.022411150857806206,0.00022200000239536166,0.9704283475875854,1300000.0,0.0012888367054983974,0.0009993365674745291,-0.046305812895298004,0.043300025165081024,-0.002352524548768997,0.2686828672885895,2.2353382110595703,0.7960269451141357,2.3697152137756348,3051.037109375,38.49281692504883,4.7420148849487305,43.234832763671875,462.5899658203125,1.940710186958313
1.6923540830612183,21.0,1000.0,65.0,1.3876984119415283,0.06315968185663223,1.0,0.9972150325775146,0.9972150325775146,0.9972150325775146,0.030318569391965866,0.00022079999325796962,0.9694802761077881,1320000.0,-0.0059676459059119225,-0.00725648261141032,-0.16725125908851624,0.03938833251595497,-0.003911692649126053,0.20776242017745972,1.627652645111084,-0.6076855659484863,2.0440449714660645,3089.809814453125,34.19292068481445,4.557385444641113,38.75030517578125,516.1249389648438,1.9499406814575195
0.316250205039978,19.959999084472656,1000.0,66.0,1.3882055282592773,0.019006909802556038,2.0,0.9973276853561401,0.9973276853561401,0.9973276853561401,0.017548682168126106,0.0002195999986724928,0.969970703125,1340000.0,-0.005369898397475481,0.0005977475084364414,-0.05164039134979248,0.036594048142433167,-0.002794284373521805,0.08953756093978882,1.0970172882080078,-0.5306353569030762,2.0522162914276123,3139.416259765625,39.83932113647461,9.743240356445312,49.58356475830078,403.3594665527344,1.9579410552978516
0.9513670206069946,22.079999923706055,1000.0,67.0,1.3896085023880005,0.14590464532375336,1.0,0.9963455200195312,0.9963455200195312,0.9963455200195312,0.042256344109773636,0.00021840000408701599,0.9713357090950012,1360000.0,0.0006174584268592298,0.005987356824334711,0.18510107696056366,0.045663103461265564,0.009069055318832397,0.29555389285087585,2.750501871109009,1.653484582901001,2.65952730178833,3180.366943359375,35.78303527832031,5.147902488708496,40.93093490600586,488.6279602050781,1.964979648590088
1.359043002128601,26.1200008392334,1000.0,68.0,1.388366460800171,0.020719997584819794,2.0,1.0017271041870117,1.0017271041870117,1.0017271041870117,0.01900801621377468,0.00021719999494962394,0.9700977206230164,1380000.0,-0.0006290613673627377,-0.0012465197942219675,0.040072180330753326,0.040839966386556625,-0.004823137074708939,0.1847473382949829,1.4219752550125122,-1.3285266160964966,2.125352621078491,3227.37109375,38.5882568359375,8.396256446838379,46.98451614379883,425.6721496582031,1.9714454412460327
1.4546263217926025,26.700000762939453,1000.0,69.0,1.3889857530593872,0.152383491396904,1.0,0.9925729036331177,0.9925729036331177,0.9925729036331177,0.052900876849889755,0.00021600000036414713,0.9707220196723938,1400000.0,-0.009815157391130924,-0.009186096023768187,0.20452730357646942,0.0456828698515892,0.0048429034650325775,0.08542994409799576,1.8861571550369263,0.46418190002441406,2.1991403102874756,3272.2119140625,39.52922058105469,5.292560577392578,44.821781158447266,446.21160888671875,1.9774354696273804
1.6743413209915161,26.579999923706055,1000.0,70.0,1.3868752717971802,0.022884219884872437,3.0,1.0010571479797363,1.0010571479797363,1.0010571479797363,0.025830237194895744,0.0002148000057786703,0.968672513961792,1420000.0,-0.0010397902224212885,0.008775367168709636,0.4394870698451996,0.03204715624451637,-0.01363571360707283,0.23624926805496216,1.4238640069961548,-0.4622931480407715,2.1832287311553955,3321.890625,36.10775375366211,13.544228553771973,49.651981353759766,402.80364990234375,1.982985496520996
2.0673322677612305,22.65999984741211,1000.0,71.0,1.3864166736602783,0.03565642982721329,3.0,1.0017105340957642,1.0017105340957642,1.0017105340957642,0.04120829701423645,0.00021359999664127827,0.9682748317718506,1440000.0,-0.0009772665798664093,6.252364255487919e-05,-0.04247312620282173,0.028659041970968246,-0.0033881142735481262,0.16580724716186523,0.8653059005737305,-0.5585581064224243,1.8308916091918945,3375.532470703125,39.49710464477539,14.123475074768066,53.62057876586914,372.9911193847656,1.9878380298614502
2.8052337169647217,29.459999084472656,1000.0,72.0,1.3893659114837646,0.09622769057750702,2.0,1.01152765750885,1.01152765750885,1.01152765750885,0.22058191895484924,0.00021240000205580145,0.9712062478065491,1460000.0,0.007228689268231392,0.008205955848097801,0.09081624448299408,0.04958504065871239,0.02092599868774414,0.372089684009552,1.30772864818573,0.4424227476119995,2.2838025093078613,3421.656494140625,36.07830047607422,10.025481224060059,46.103782653808594,433.80389404296875,1.9925786256790161
2.9406702518463135,30.18000030517578,1000.0,73.0,1.3892267942428589,0.03391942381858826,1.0,0.9981502294540405,0.9981502294540405,0.9981502294540405,0.02286572940647602,0.0002111999929184094,0.9711146950721741,1480000.0,-0.0013847389491274953,-0.008613428217358887,-0.17259621620178223,0.03948412835597992,-0.010100912302732468,0.22905993461608887,2.0650856494903564,0.7573570013046265,1.7562917470932007,3464.19287109375,37.849735260009766,4.666102409362793,42.515838623046875,470.4129333496094,1.9972753524780273
2.9844930171966553,38.279998779296875,1000.0,74.0,1.3883000612258911,0.02866639383137226,1.0,0.9990577697753906,0.9990577697753906,0.9990577697753906,0.022356025874614716,0.0002099999983329326,0.9702122211456299,1500000.0,0.0012830313062295318,0.002667770255357027,-0.3006560802459717,0.043956294655799866,0.004472166299819946,0.2308420091867447,2.9035274982452393,0.8384418487548828,2.2915244102478027,3506.012939453125,37.03950881958008,4.760394096374512,41.799903869628906,478.4700012207031,2.0
2.602092981338501,33.18000030517578,1000.0,75.0,1.3838595151901245,0.20612196624279022,1.0,1.0003033876419067,1.0003033876419067,1.0003033876419067,0.07608242332935333,0.00020880000374745578,0.9659561514854431,1520000.0,-0.0026762259658426046,-0.003959257272072136,-0.195128932595253,0.04072857275605202,-0.0032277218997478485,0.209768608212471,2.3935649394989014,-0.5099625587463379,2.06282114982605,3548.039794921875,37.48186492919922,4.526036262512207,42.00790023803711,476.10089111328125,2.0
2.7972662448883057,33.7599983215332,1000.0,76.0,1.383428931236267,0.034951094537973404,2.0,0.9991250038146973,0.9991250038146973,0.9991250038146973,0.025714773684740067,0.00020759999461006373,0.9656683802604675,1540000.0,-0.004241520073264837,-0.0015652941074222326,-0.04060757905244827,0.041802339255809784,0.0010737664997577667,0.28902509808540344,1.9423824548721313,-0.45118248462677,3.387033224105835,3597.580810546875,39.58098602294922,9.940423965454102,49.52140808105469,403.86572265625,2.0
2.607151746749878,32.939998626708984,1000.0,77.0,1.3861349821090698,0.05582505464553833,2.0,1.0030990839004517,1.0030990839004517,1.0030990839004517,0.03891751542687416,0.00020640000002458692,0.9683024883270264,1560000.0,-0.0015566388610750437,0.0026848812121897936,0.22258692979812622,0.03738613799214363,-0.004416201263666153,0.19904370605945587,1.8620274066925049,-0.08035504817962646,2.740443468093872,3639.824462890625,33.194091796875,9.029227256774902,42.22332000732422,473.6719055175781,2.0
3.461090326309204,34.099998474121094,1000.0,78.0,1.3865607976913452,0.03444499894976616,1.0,1.0001356601715088,1.0001356601715088,1.0001356601715088,0.02472936362028122,0.0002052000054391101,0.9688251614570618,1580000.0,0.0024553565308451653,0.004011995391920209,-0.23055586218833923,0.049747176468372345,0.012361038476228714,0.5141206979751587,3.5721750259399414,1.7101476192474365,3.6175074577331543,3683.62353515625,39.15135955810547,4.627598762512207,43.778961181640625,456.8404541015625,2.0
3.550907611846924,32.279998779296875,1000.0,79.0,1.385454773902893,0.0154976611956954,2.0,1.001189947128296,1.001189947128296,1.001189947128296,0.017109829932451248,0.00020399999630171806,0.9677693247795105,1600000.0,0.0012556427391245961,-0.0011997137917205691,-0.29565364122390747,0.040694400668144226,-0.009052775800228119,0.32336097955703735,1.5152884721755981,-2.0568865537643433,2.6530301570892334,3728.744140625,34.512306213378906,10.587234497070312,45.09954071044922,443.4635009765625,2.0
3.3054490089416504,30.479999542236328,1000.0,80.0,1.3855839967727661,0.015135673806071281,2.0,0.9986806511878967,0.9986806511878967,0.9986806511878967,0.019207393750548363,0.00020280000171624124,0.9679726362228394,1620000.0,0.0011899417731910944,-6.570096593350172e-05,0.145249605178833,0.03193862736225128,-0.008755773305892944,0.28574663400650024,1.7121139764785767,0.19682550430297852,2.9092979431152344,3776.93701171875,39.157222747802734,9.015365600585938,48.17258834838867,415.1738586425781,2.0
2.3096327781677246,17.420000076293945,1000.0,81.0,1.386136531829834,0.026077846065163612,3.0,0.9966772794723511,0.9966772794723511,0.9966772794723511,0.023329846560955048,0.00020160000713076442,0.9686140418052673,1640000.0,-0.0027832251507788897,-0.003973166923969984,0.07705465704202652,0.027049928903579712,-0.00488869845867157,0.1974877566099167,0.7600142955780029,-0.9520996809005737,2.0546202659606934,3830.95263671875,38.7601318359375,15.232735633850098,53.99286651611328,370.4192810058594,2.0
1.5885769128799438,14.460000038146973,1000.0,82.0,1.388241171836853,0.03055126778781414,2.0,0.9984569549560547,0.9984569549560547,0.9984569549560547,0.02938173897564411,0.00020039999799337238,0.9707014560699463,1660000.0,-0.0032659932039678097,-0.00048276805318892,0.08860715478658676,0.025865333154797554,-0.001184595748782158,0.2561419606208801,0.9592993259429932,0.19928503036499023,2.069422721862793,3876.2666015625,36.040367126464844,9.252130508422852,45.29249954223633,441.57421875,2.0
1.8292573690414429,16.31999969482422,1000.0,83.0,1.3880494832992554,0.025718962773680687,1.0,0.9999396204948425,0.9999396204948425,0.9999396204948425,0.020072806626558304,0.00019920000340789557,0.970465898513794,1680000.0,0.0032855679746717215,0.006551561178639531,-0.06666924804449081,0.035185378044843674,0.00932004489004612,0.2631111741065979,2.8067493438720703,1.8474500179290771,2.0823802947998047,3920.119384765625,38.9736328125,4.858154296875,43.831787109375,456.28985595703125,2.0
1.9619598388671875,20.360000610351562,1000.0,84.0,1.3882650136947632,0.04046289250254631,1.0,0.9977908134460449,0.9977908134460449,0.9977908134460449,0.03878018632531166,0.00019799999427050352,0.9706189632415771,1700000.0,0.003220616839826107,-6.495113484561443e-05,0.030017506331205368,0.030607879161834717,-0.004577498883008957,0.2833729386329651,2.244873523712158,-0.5618758201599121,2.6859443187713623,3959.984375,34.952510833740234,4.891814231872559,39.84432601928711,501.9535217285156,2.0
2.57188081741333,25.520000457763672,1000.0,85.0,1.388451099395752,0.026539960876107216,2.0,1.001984715461731,1.001984715461731,1.001984715461731,0.02761768363416195,0.0001967999996850267,0.9707595705986023,1720000.0,3.189324706909247e-05,-0.0031887235927570146,-0.14237333834171295,0.05179399624466896,0.021186117082834244,0.28397631645202637,1.4579983949661255,-0.7868751287460327,2.522599220275879,4008.984619140625,39.16969680786133,9.809442520141602,48.9791374206543,408.3371276855469,2.0
3.0830633640289307,23.34000015258789,1000.0,86.0,1.3867785930633545,0.02305208519101143,2.0,0.9992668032646179,0.9992668032646179,0.9992668032646179,0.022940509021282196,0.0001956000050995499,0.969118058681488,1740000.0,-0.0022648542653769255,-0.002296747512446018,0.0865364596247673,0.03629152104258537,-0.015502475202083588,0.22107920050621033,1.781888484954834,0.3238900899887085,2.103374481201172,4052.82177734375,34.16265869140625,9.652755737304688,43.81541442871094,456.4603576660156,2.0
3.691357135772705,32.779998779296875,1000.0,87.0,1.3872979879379272,0.40556854009628296,1.0,0.9961044788360596,0.9961044788360596,0.9961044788360596,0.1091407760977745,0.00019439999596215785,0.9696017503738403,1760000.0,-0.0011561306891962886,0.0011087235761806369,-0.0531458705663681,0.046035874634981155,0.009744353592395782,0.4987882375717163,3.6381075382232666,1.8562190532684326,3.989579677581787,4096.7109375,39.14115905761719,4.724868297576904,43.86602783203125,455.9336853027344,2.0
2.6196835041046143,30.8799991607666,1000.0,88.0,1.389146089553833,0.042986128479242325,1.0,1.0001596212387085,1.0001596212387085,1.0001596212387085,0.03456856682896614,0.00019320000137668103,0.9713314175605774,1780000.0,0.0037535345181822777,0.004909665207378566,0.016566837206482887,0.0274051446467638,-0.018630729988217354,0.141728475689888,1.5263636112213135,-2.111743927001953,1.379992961883545,4140.7822265625,39.22022247314453,4.831975936889648,44.05220031738281,454.0068359375,2.0
1.996629238128662,31.639999389648438,1000.0,89.0,1.391177773475647,0.03814540430903435,1.0,1.0073530673980713,1.0073530673980713,1.0073530673980713,0.150625079870224,0.00019200000679120421,0.9734774231910706,1800000.0,0.003917492926120758,0.00016395840793848038,0.01759428344666958,0.03068477287888527,0.0032796282321214676,0.22991128265857697,2.066042184829712,0.5396785736083984,2.6187446117401123,4182.68701171875,37.318077087402344,4.560415267944336,41.87849426269531,477.5721130371094,2.0
1.211540937423706,21.5,1000.0,90.0,1.3879809379577637,0.08088122308254242,1.0,1.0009384155273438,1.0009384155273438,1.0009384155273438,0.02725040167570114,0.00019079999765381217,0.9703097343444824,1820000.0,-0.0037262458354234695,-0.007643738761544228,-0.006096574477851391,0.034112922847270966,0.0034281499683856964,0.24666623771190643,2.0181663036346436,-0.04787588119506836,1.6518398523330688,4227.12890625,39.691444396972656,4.728781223297119,44.420223236083984,450.245361328125,2.0
1.6601471900939941,19.920000076293945,1000.0,91.0,1.3897221088409424,0.015665991231799126,3.0,0.9999015927314758,0.9999015927314758,0.9999015927314758,0.018250439316034317,0.00018960000306833535,0.9720127582550049,1840000.0,-0.00403618672862649,-0.0003099408932030201,0.25991132855415344,0.029001684859395027,-0.005111237987875938,0.24862201511859894,1.3241406679153442,-0.6940256357192993,1.786393404006958,4277.517578125,35.36313247680664,15.005719184875488,50.36885452270508,397.0707702636719,2.0
1.4194703102111816,14.4399995803833,1000.0,92.0,1.3905959129333496,0.023693358525633812,1.0,1.0001144409179688,1.0001144409179688,1.0001144409179688,0.016990140080451965,0.0001883999939309433,0.9728660583496094,1860000.0,0.0005230280803516507,0.00455921480897814,-0.01154370978474617,0.031694136559963226,0.002692451700568199,0.18436536192893982,1.3182982206344604,-0.005842447280883789,1.5469233989715576,4322.484375,40.38643264770508,4.546114921569824,44.93254852294922,445.11163330078125,2.0
1.0876755714416504,11.899999618530273,1000.0,93.0,1.389660120010376,0.022264471277594566,3.0,1.0014477968215942,1.0014477968215942,1.0014477968215942,0.02419647015631199,0.0001871999993454665,0.9720075726509094,1880000.0,-0.00410362146794796,-0.004626649548299611,0.3236858546733856,0.028755927458405495,-0.0029382091015577316,0.06179766356945038,0.5566815137863159,-0.7616167068481445,0.8697910308837891,4374.31298828125,36.63957977294922,15.169456481933594,51.80903625488281,386.0330505371094,1.999138593673706
1.210305094718933,11.640000343322754,1000.0,94.0,1.3897600173950195,0.09083162248134613,1.0,0.9996377825737,0.9996377825737,0.9996377825737,0.024796439334750175,0.00018600000475998968,0.9721161723136902,1900000.0,0.006439139135181904,0.010542760603129864,0.3863487243652344,0.0406762957572937,0.011920368298888206,0.14605574309825897,1.3234906196594238,0.7668091058731079,1.3437256813049316,4416.39501953125,37.64262390136719,4.405877113342285,42.04850387573242,475.6412048339844,1.997188925743103
2.1431546211242676,28.639999389648438,1000.0,95.0,1.3937610387802124,0.31704407930374146,1.0,1.0151920318603516,1.0151920318603516,1.0151920318603516,0.23473961651325226,0.00018479999562259763,0.9760081171989441,1920000.0,0.06734032928943634,0.060901190154254436,0.13276681303977966,0.04677121341228485,0.00609491765499115,0.22383442521095276,2.462110996246338,1.138620376586914,1.6057900190353394,4459.5791015625,38.21812057495117,4.945549964904785,43.16366958618164,463.3526306152344,1.995745301246643
2.812709331512451,30.81999969482422,1000.0,96.0,1.3938747644424438,0.0543816052377224,1.0,0.9987177848815918,0.9987177848815918,0.9987177848815918,0.026486294344067574,0.00018360000103712082,0.9760655164718628,1940000.0,0.00048484245780855417,-0.06685548683162779,0.24412330985069275,0.03742552548646927,-0.009345687925815582,0.24020615220069885,1.8207262754440308,-0.6413847208023071,1.5257495641708374,4499.97314453125,35.794517517089844,4.579375267028809,40.37389373779297,495.36962890625,1.9949545860290527
2.6375012397766113,31.34000015258789,1000.0,97.0,1.39228093624115,0.02859819121658802,2.0,1.0000195503234863,1.0000195503234863,1.0000195503234863,0.018443701788783073,0.000182400006451644,0.9745368361473083,1960000.0,-0.002848703181371093,-0.003333545639179647,0.01483975350856781,0.03021981008350849,-0.007205715402960777,0.29839298129081726,1.0879979133605957,-0.7327283620834351,1.721523404121399,4548.47509765625,38.042606353759766,10.439231872558594,48.48183822631836,412.5256042480469,1.9948036670684814
2.6502575874328613,18.739999771118164,1000.0,98.0,1.392275333404541,0.021251516416668892,3.0,0.9994542598724365,0.9994542598724365,0.9994542598724365,0.026183757930994034,0.00018119999731425196,0.9745389819145203,1980000.0,-0.0023768595419824123,0.00047184363938868046,0.12107343971729279,0.03133338317275047,0.0011135730892419815,0.2673250436782837,1.2015999555587769,0.11360204219818115,1.5975035429000854,4603.015625,39.94441223144531,14.574743270874023,54.51915740966797,366.8435363769531,1.9941068887710571
3.3073530197143555,20.579999923706055,1000.0,99.0,1.3920986652374268,0.02556828036904335,2.0,0.9974985122680664,0.9974985122680664,0.9974985122680664,0.024129483848810196,0.00018000000272877514,0.9743489623069763,2000000.0,-0.004888103809207678,-0.0025112442672252655,-0.22755494713783264,0.03908056765794754,0.007747184485197067,0.37650662660598755,1.1729650497436523,-0.02863490581512451,2.8192827701568604,4647.9462890625,35.659549713134766,9.24726676940918,44.90781784057617,445.35675048828125,1.9930789470672607
2.884708881378174,20.059999465942383,1000.0,100.0,1.3916475772857666,0.0347910113632679,2.0,1.0007411241531372,1.0007411241531372,1.0007411241531372,0.03251396119594574,0.0001787999935913831,0.973986029624939,2020000.0,0.0013527643168345094,0.006240868126042187,0.006020023487508297,0.03160805627703667,-0.007472511380910873,0.22843539714813232,1.0067534446716309,-0.16621160507202148,2.1465847492218018,4699.55908203125,42.24493408203125,9.345416069030762,51.59035110473633,387.6694030761719,1.9917023181915283
2.605011224746704,19.040000915527344,1000.0,101.0,1.3930047750473022,0.026161525398492813,2.0,0.9982804656028748,0.9982804656028748,0.9982804656028748,0.023365916684269905,0.00017759999900590628,0.9754195213317871,2040000.0,-0.0023497247602790594,-0.0037024890771135688,-0.007072534412145615,0.03190204128623009,0.0002939850091934204,0.22823193669319153,1.1482311487197876,0.14147770404815674,1.5496584177017212,4746.12255859375,35.9821891784668,10.56067180633545,46.54286193847656,429.71142578125,1.989915370941162
1.8867264986038208,15.520000457763672,1000.0,102.0,1.3903188705444336,0.021166183054447174,2.0,1.000952124595642,1.000952124595642,1.000952124595642,0.02295398712158203,0.00017640000442042947,0.9728018045425415,2060000.0,-0.00244412524625659,-9.440048597753048e-05,-0.24017976224422455,0.03758560121059418,0.00568355992436409,0.23890942335128784,0.8690140843391418,-0.27921706438064575,1.4488890171051025,4793.45166015625,37.97513961791992,9.333044052124023,47.309139251708984,422.75128173828125,1.987433671951294
2.1895158290863037,17.479999542236328,1000.0,103.0,1.3912222385406494,0.04042273014783859,1.0,0.9996218681335449,0.9996218681335449,0.9996218681335449,0.04626087471842766,0.00017519999528303742,0.9735870957374573,2080000.0,0.010220236144959927,0.012664361391216516,0.2654563784599304,0.037398431450128555,-0.00018716976046562195,0.2844519317150116,1.8769780397415161,1.0079639554023743,1.7901531457901,4835.01708984375,36.40428924560547,5.139466285705566,41.54375457763672,481.42010498046875,1.9844990968704224
2.8319292068481445,22.3799991607666,1000.0,104.0,1.3907017707824707,0.03960954397916794,1.0,0.9998316168785095,0.9998316168785095,0.9998316168785095,0.039610594511032104,0.0001740000006975606,0.9730942249298096,2100000.0,0.0061811418272554874,-0.004039094317704439,-0.2003995180130005,0.0355432964861393,-0.0018551349639892578,0.27507904171943665,1.6651432514190674,-0.21183478832244873,1.6638011932373047,4875.904296875,36.413997650146484,4.452360153198242,40.866355895996094,489.4001159667969,1.9816030263900757
2.5767030715942383,20.420000076293945,1000.0,105.0,1.3929094076156616,0.0256564449518919,3.0,0.9978825449943542,0.9978825449943542,0.9978825449943542,0.019726987928152084,0.0001728000061120838,0.9751728773117065,2120000.0,-0.0019063141662627459,-0.008087455993518233,0.06381386518478394,0.0286236759275198,-0.006919620558619499,0.3291473984718323,0.9139256477355957,-0.7512176036834717,2.4700000286102295,4931.947265625,41.971927642822266,14.050844192504883,56.022769927978516,356.9977111816406,1.9785592555999756
2.0855634212493896,16.799999237060547,1000.0,106.0,1.390687108039856,0.012981685809791088,5.0,0.9999961256980896,0.9999961256980896,0.9999961256980896,0.022322358563542366,0.00017159999697469175,0.9730914831161499,2140000.0,-0.0038991014007478952,-0.0019927872344851494,0.024869007989764214,0.023670386523008347,-0.004953289404511452,0.11139177531003952,0.5797590017318726,-0.33416664600372314,0.885404109954834,4992.626953125,34.04319763183594,26.615270614624023,60.65946578979492,329.70947265625,1.9750432968139648
1.7440036535263062,15.5600004196167,1000.0,107.0,1.388845443725586,0.04116665571928024,2.0,0.9995129704475403,0.9995129704475403,0.9995129704475403,0.031641457229852676,0.00017040000238921493,0.9713924527168274,2160000.0,-0.0022605822887271643,0.001638519112020731,-0.07489676028490067,0.03073749877512455,0.007067112252116203,0.14936710894107819,1.1571791172027588,0.5774201154708862,1.4035310745239258,5038.84716796875,36.6488151550293,9.53934097290039,46.18815612792969,433.0114440917969,1.970981240272522
1.1489731073379517,12.9399995803833,1000.0,108.0,1.3872714042663574,0.01534770242869854,5.0,1.000463604927063,1.000463604927063,1.000463604927063,0.020002927631139755,0.0001691999932518229,0.9699505567550659,2180000.0,-0.0032299859449267387,-0.0009694036561995745,0.06260684132575989,0.01880413293838501,-0.01193336583673954,0.13391126692295074,0.6367883682250977,-0.5203907489776611,1.3195608854293823,5101.0546875,38.45264434814453,23.733163833618164,62.18580627441406,321.6167907714844,1.9661762714385986
1.3284908533096313,11.640000343322754,1000.0,109.0,1.385040044784546,0.01392198633402586,4.0,1.0005775690078735,1.0005775690078735,1.0005775690078735,0.017707951366901398,0.00016799999866634607,0.9678977727890015,2200000.0,-0.00022674549836665392,0.003003240446560085,-0.0020474910270422697,0.021232815459370613,0.0024286825209856033,0.13428358733654022,0.5542361736297607,-0.08255219459533691,0.9851555824279785,5160.8505859375,40.38581085205078,19.38807487487793,59.773887634277344,334.5942687988281,1.9605729579925537
1.545815110206604,11.680000305175781,1000.0,110.0,1.3862940073013306,0.03440982103347778,2.0,1.001098394393921,1.001098394393921,1.001098394393921,0.03985891491174698,0.00016680000408086926,0.9691896438598633,2220000.0,-0.0005000658566132188,-0.00027332035824656487,-0.026435263454914093,0.02859240584075451,0.007359590381383896,0.1829489767551422,0.684269368648529,0.1300331950187683,1.2483268976211548,5206.98876953125,36.84351348876953,9.27356243133545,46.1170768737793,433.6788330078125,1.954246997833252
1.975979208946228,10.779999732971191,1000.0,111.0,1.3862764835357666,0.02101825550198555,2.0,1.0002899169921875,1.0002899169921875,1.0002899169921875,0.01935476064682007,0.0001655999949434772,0.9692854881286621,2240000.0,-0.0007728870259597898,-0.00027282116934657097,0.0051531437784433365,0.022315457463264465,-0.006276948377490044,0.20705224573612213,0.8914187550544739,0.20714938640594482,1.3890303373336792,5255.9423828125,39.19346237182617,9.738899230957031,48.9323616027832,408.72747802734375,1.947177767753601
1.865065336227417,18.780000686645508,1000.0,112.0,1.3822444677352905,0.031937744468450546,2.0,0.9979709982872009,0.9979709982872009,0.9979709982872009,0.02792196162045002,0.0001644000003580004,0.9653809666633606,2260000.0,-0.0017788317054510117,-0.001005944679491222,-0.14457447826862335,0.025886766612529755,0.0035713091492652893,0.1732206493616104,1.018794298171997,0.1273755431175232,1.0096935033798218,5306.01123046875,40.721317291259766,9.313244819641113,50.03456115722656,399.72369384765625,1.9401919841766357
1.854364275932312,19.979999542236328,1000.0,113.0,1.381629228591919,0.015737563371658325,2.0,1.0006729364395142,1.0006729364395142,1.0006729364395142,0.019409026950597763,0.00016320000577252358,0.96479332447052,2280000.0,-0.0014885812997817993,0.00029025040566921234,-0.13771241903305054,0.02931029349565506,0.003423526883125305,0.12181806564331055,1.1846516132354736,0.16585731506347656,0.9814691543579102,5353.0029296875,37.62109375,9.349331855773926,46.970428466796875,425.7998352050781,1.9333940744400024
1.6098843812942505,20.81999969482422,1000.0,114.0,1.3803497552871704,0.015154548920691013,3.0,1.0001107454299927,1.0001107454299927,1.0001107454299927,0.02106896974146366,0.00016199999663513154,0.9634692072868347,2300000.0,-0.002024145098403096,-0.0005355637986212969,0.11583209782838821,0.02289712056517601,-0.00641317293047905,0.1351262629032135,0.9959113001823425,-0.1887403130531311,1.0928555727005005,5403.89697265625,36.72224807739258,14.150080680847168,50.8723258972168,393.14105224609375,1.926844835281372
1.6676721572875977,13.720000267028809,1000.0,115.0,1.3788506984710693,0.022943075746297836,2.0,0.9971671104431152,0.9971671104431152,0.9971671104431152,0.022120561450719833,0.00016080000204965472,0.9620224833488464,2320000.0,-0.001684506074525416,0.0003396390238776803,0.15535113215446472,0.03973717615008354,0.016840055584907532,0.17473657429218292,0.7920718193054199,-0.2038394808769226,1.5020312070846558,5453.48828125,40.508697509765625,9.057157516479492,49.565853118896484,403.5035705566406,1.9198336601257324
1.6396000385284424,12.880000114440918,1000.0,116.0,1.377221703529358,0.014643937349319458,5.0,0.9985617399215698,0.9985617399215698,0.9985617399215698,0.02088239975273609,0.00015959999291226268,0.9604247808456421,2340000.0,-0.005443056114017963,-0.0037585500394925475,-0.1586955338716507,0.027942374348640442,-0.0117948018014431,0.19265824556350708,0.6104462742805481,-0.18162554502487183,1.3229817152023315,5514.970703125,36.85997772216797,24.601472854614258,61.46145248413086,325.4072265625,1.9123196601867676
1.6988927125930786,9.760000228881836,1000.0,117.0,1.3766940832138062,0.02538575790822506,3.0,1.0025134086608887,1.0025134086608887,1.0025134086608887,0.04114491492509842,0.00015839999832678586,0.9599208831787109,2360000.0,-0.0020156821701675653,0.003427373943850398,0.12386161088943481,0.020163413137197495,-0.007778961211442947,0.14617343246936798,0.41381654143333435,-0.19662973284721375,1.1186866760253906,5564.48291015625,34.79702377319336,14.692351341247559,49.489376068115234,404.12713623046875,1.9040446281433105
1.4648455381393433,11.260000228881836,1000.0,118.0,1.3776928186416626,0.04456910863518715,1.0,0.9998241066932678,0.9998241066932678,0.9998241066932678,0.025373850017786026,0.00015720000374130905,0.9610533118247986,2380000.0,-0.0012083279434591532,0.0008073542267084122,-0.0231168270111084,0.030507072806358337,0.010343659669160843,0.2545229494571686,1.0285618305206299,0.6147452890872955,1.5261105298995972,5609.3291015625,40.290916442871094,4.534394264221191,44.82530975341797,446.1764831542969,1.895222544670105
1.6341509819030762,20.860000610351562,1000.0,119.0,1.37765634059906,0.1212647333741188,1.0,1.0072003602981567,1.0072003602981567,1.0072003602981567,0.17843063175678253,0.000155999994603917,0.961203396320343,2400000.0,0.003241077298298478,0.004449405241757631,-0.2168574184179306,0.03220195323228836,0.0016948804259300232,0.266137957572937,1.8660104274749756,0.8374485969543457,1.4636330604553223,5649.34228515625,35.02702713012695,4.967200756072998,39.99422836303711,500.0721740722656,1.8868404626846313
0.8838104009628296,25.700000762939453,1000.0,120.0,1.3749079704284668,0.04154640808701515,1.0,1.001956582069397,1.001956582069397,1.001956582069397,0.025568466633558273,0.0001548000000184402,0.9586244821548462,2420000.0,0.004431666806340218,0.0011905895080417395,0.005217716097831726,0.020511792972683907,-0.011690160259604454,0.08565403521060944,2.1001694202423096,0.23415899276733398,0.80631422996521,5693.92626953125,40.09395217895508,4.469775199890137,44.56372833251953,448.7955017089844,1.8793325424194336
0.856394350528717,23.0,1000.0,121.0,1.3761227130889893,0.009475847706198692,5.0,1.0006529092788696,1.0006529092788696,1.0006529092788696,0.015826785936951637,0.00015360000543296337,0.9597780108451843,2440000.0,-0.0033080040011554956,-0.007739670807495713,0.16269612312316895,0.01892969012260437,-0.0015821028500795364,0.2010161429643631,0.40043649077415466,-1.699732929468155,1.3787864446640015,5753.02783203125,33.21097946166992,25.870758056640625,59.08174133300781,338.5140686035156,1.872347354888916
0.18476562201976776,14.460000038146973,1000.0,122.0,1.3774349689483643,0.014092141762375832,4.0,0.9995103478431702,0.9995103478431702,0.9995103478431702,0.02020714245736599,0.00015239999629557133,0.9611092209815979,2460000.0,-0.005451860371977091,-0.002143856370821595,0.03694024309515953,0.015587922185659409,-0.0033417679369449615,0.12792803347110748,0.3846026062965393,-0.015833884477615356,1.088354468345642,5811.18017578125,37.173622131347656,20.94709014892578,58.12071228027344,344.1114196777344,1.864985466003418
0.6613853573799133,10.020000457763672,1000.0,123.0,1.3769453763961792,0.042800817638635635,1.0,1.0017611980438232,1.0017611980438232,1.0017611980438232,0.037335146218538284,0.0001512000017100945,0.9606420993804932,2480000.0,0.013895997777581215,0.019347858149558306,-0.33637937903404236,0.022735925391316414,0.007148003205657005,0.14876827597618103,1.51499605178833,1.1303934454917908,1.3077868223190308,5848.36962890625,32.767906188964844,4.399053573608398,37.16695785522461,538.1123657226562,1.8568382263183594
1.0401729345321655,15.720000267028809,1000.0,124.0,1.3764941692352295,0.010522793047130108,3.0,1.001215934753418,1.001215934753418,1.001215934753418,0.01723061315715313,0.0001500000071246177,0.9600404500961304,2500000.0,-0.000932727416511625,-0.01482872519409284,-0.06426002085208893,0.023383423686027527,0.000647498294711113,0.165633425116539,0.9283019304275513,-0.5866941213607788,1.1677922010421753,5903.2353515625,40.01155471801758,14.83613395690918,54.847686767578125,364.64617919921875,1.8485448360443115
1.3786571025848389,22.31999969482422,1000.0,125.0,1.375219464302063,0.030179904773831367,1.0,1.0004993677139282,1.0004993677139282,1.0004993677139282,0.04435555264353752,0.00014879999798722565,0.958814263343811,2520000.0,0.00624531926587224,0.007178046682383865,-0.08050402253866196,0.025656359270215034,0.0022729355841875076,0.1122884750366211,1.5838149785995483,0.6555130481719971,1.3702106475830078,5943.955078125,35.09566116333008,5.602089881896973,40.697750091552734,491.4276428222656,1.8407790660858154
1.2218931913375854,18.260000228881836,1000.0,126.0,1.3746681213378906,0.05291758477687836,1.0,1.0001481771469116,1.0001481771469116,1.0001481771469116,0.021754244342446327,0.00014760000340174884,0.9583936929702759,2540000.0,-0.0017011486925184727,-0.007946467958390713,0.21480272710323334,0.029760634526610374,0.00410427525639534,0.06496457010507584,1.6589545011520386,0.07513952255249023,1.51925790309906,5986.490234375,38.151084899902344,4.355297088623047,42.50638198852539,470.517578125,1.8330790996551514
0.9669407606124878,15.380000114440918,1000.0,127.0,1.3749310970306396,0.011054158210754395,3.0,1.000811219215393,1.000811219215393,1.000811219215393,0.018410170450806618,0.0001463999942643568,0.9586381912231445,2560000.0,-0.0015074271941557527,0.00019372149836272,-0.16261766850948334,0.023357441648840904,-0.00640319287776947,0.0875580832362175,0.719855785369873,-0.9390987157821655,1.6971346139907837,6038.6962890625,36.84556579589844,15.34231185913086,52.18788146972656,383.2307434082031,1.8251447677612305
1.2186741828918457,10.039999961853027,1000.0,128.0,1.3749959468841553,0.010752355679869652,4.0,0.9992923140525818,0.9992923140525818,0.9992923140525818,0.017458291724324226,0.00014519999967887998,0.9586297869682312,2580000.0,-0.0016275198431685567,-0.00012009264901280403,0.016744468361139297,0.022076329216361046,-0.0012811124324798584,0.06167714297771454,0.4963066875934601,-0.22354909777641296,1.4664058685302734,6092.55810546875,33.83353042602539,20.00703239440918,53.8405647277832,371.4671325683594,1.816454291343689
0.8561261892318726,11.979999542236328,1000.0,129.0,1.3758115768432617,0.04083220660686493,1.0,0.9960843920707703,0.9960843920707703,0.9960843920707703,0.04474062845110893,0.00014400000509340316,0.9593047499656677,2600000.0,0.004830160643905401,0.006457680487073958,-0.1796192228794098,0.023135242983698845,0.001058913767337799,0.03332995995879173,1.6200681924819946,1.1237615048885345,1.3420642614364624,6137.58642578125,40.44097900390625,4.56589937210083,45.00687789916992,444.37652587890625,1.8072729110717773
1.158057689666748,17.459999084472656,1000.0,130.0,1.3736658096313477,0.012991297990083694,2.0,1.0009398460388184,1.0009398460388184,1.0009398460388184,0.016633354127407074,0.00014279999595601112,0.9572489857673645,2620000.0,0.0005884416750632226,-0.004241718968842179,0.07674847543239594,0.02402658946812153,0.0008913464844226837,0.10586708784103394,1.1099607944488525,-0.5101073980331421,1.6635454893112183,6185.6953125,38.45198059082031,9.63718032836914,48.08916091918945,415.8941345214844,1.7982029914855957
0.7004233002662659,18.739999771118164,1000.0,131.0,1.3733930587768555,0.029347717761993408,2.0,0.9975041151046753,0.9975041151046753,0.9975041151046753,0.029838325455784798,0.0001416000013705343,0.9569772481918335,2640000.0,-0.006077051628381014,-0.0066654933034442365,0.03334666043519974,0.018798280507326126,-0.0052283089607954025,0.09088446944952011,0.8464571833610535,-0.2635036110877991,1.571621060371399,6232.0224609375,36.399356842041016,9.9064302444458,46.3057861328125,431.9114685058594,1.7893623113632202
1.126194715499878,20.34000015258789,1000.0,132.0,1.3711395263671875,0.07228510826826096,2.0,0.9998164772987366,0.9998164772987366,0.9998164772987366,0.06119946762919426,0.00014040000678505749,0.954911470413208,2660000.0,0.0004657390818465501,0.006542790710227564,-0.13825184106826782,0.026935171335935593,0.008136890828609467,0.09015548974275589,1.3273420333862305,0.480884850025177,1.651230812072754,6279.42578125,37.97441101074219,9.40084457397461,47.37525939941406,422.1612854003906,1.7808916568756104
1.2218421697616577,18.3799991607666,1000.0,133.0,1.371474027633667,0.02643369324505329,3.0,1.0028280019760132,1.0028280019760132,1.0028280019760132,0.03072758950293064,0.00013919999764766544,0.9552329778671265,2680000.0,-0.006364722270518541,-0.0068304613523650914,-0.005911177955567837,0.02108651213347912,-0.005848659202456474,0.0579511858522892,0.7882181406021118,-0.5391238927841187,1.8694218397140503,6331.18896484375,37.37335205078125,14.370916366577148,51.744266510009766,386.5162353515625,1.7725507020950317
1.503869652748108,15.020000457763672,1000.0,134.0,1.37252938747406,0.029761940240859985,2.0,1.0003376007080078,1.0003376007080078,1.0003376007080078,0.04512970894575119,0.00013800000306218863,0.9562473297119141,2700000.0,-0.005630206316709518,0.0007345159538090229,-0.030446454882621765,0.019171608611941338,-0.0019149035215377808,0.07659374177455902,0.8118666410446167,0.023648500442504883,1.7770417928695679,6378.962890625,37.50729751586914,10.244576454162598,47.75187301635742,418.83172607421875,1.7639755010604858
1.9241163730621338,16.81999969482422,1000.0,135.0,1.3730121850967407,0.024458402767777443,2.0,0.9974368214607239,0.9974368214607239,0.9974368214607239,0.022022100165486336,0.00013679999392479658,0.9567064642906189,2720000.0,-0.004543674644082785,0.0010865316726267338,0.005239229649305344,0.02706846036016941,0.007896851748228073,0.12426308542490005,0.9045091271400452,0.09264248609542847,1.5138128995895386,6426.8662109375,37.853084564208984,10.026226043701172,47.879310607910156,417.71697998046875,1.7553726434707642
1.5968440771102905,15.4399995803833,1000.0,136.0,1.3704822063446045,0.01780649647116661,2.0,1.002535343170166,1.002535343170166,1.002535343170166,0.02417728491127491,0.00013559999933931977,0.9541873335838318,2740000.0,0.00047105923295021057,0.005014733877032995,-0.12902875244617462,0.019327277317643166,-0.007741183042526245,0.11160288006067276,1.346277117729187,0.44176799058914185,2.0226333141326904,6473.6533203125,37.1870231628418,9.5786771774292,46.76569747924805,427.66387939453125,1.7465975284576416
1.5550963878631592,24.260000228881836,1000.0,137.0,1.3683652877807617,0.025448041036725044,2.0,1.0003077983856201,1.0003077983856201,1.0003077983856201,0.024040069431066513,0.00013440000475384295,0.9522308111190796,2760000.0,0.0030347169376909733,0.0025636577047407627,0.08338911831378937,0.02456585504114628,0.005238577723503113,0.1143067479133606,1.4213035106658936,0.07502639293670654,1.7646379470825195,6521.4384765625,37.93189239501953,9.832866668701172,47.7647590637207,418.71875,1.7385910749435425
1.175318717956543,26.1200008392334,1000.0,138.0,1.3704540729522705,0.03548924997448921,1.0,1.0025219917297363,1.0025219917297363,1.0025219917297363,0.027656957507133484,0.0001331999956164509,0.9543347954750061,2780000.0,0.0035160179249942303,0.000481300987303257,0.2383076399564743,0.025389332324266434,0.0008234772831201553,0.12945802509784698,2.8186748027801514,1.3973712921142578,1.8093560934066772,6563.44140625,37.14488983154297,4.838196754455566,41.98308563232422,476.3822937011719,1.731476068496704
1.0317316055297852,25.020000457763672,1000.0,139.0,1.3701722621917725,0.021259279921650887,3.0,1.0008273124694824,1.0008273124694824,1.0008273124694824,0.02849424071609974,0.0001320000010309741,0.9541838765144348,2800000.0,-0.0034470362588763237,-0.006963054183870554,0.03308073803782463,0.021772190928459167,-0.0036171413958072662,0.12734940648078918,0.7406529784202576,-2.078021824359894,1.8309513330459595,6615.630859375,37.95685577392578,14.213088035583496,52.169944763183594,383.36248779296875,1.7250499725341797
0.8990797996520996,19.940000534057617,1000.0,140.0,1.3695826530456543,0.026249393820762634,2.0,0.9991341233253479,0.9991341233253479,0.9991341233253479,0.023365847766399384,0.00013080000644549727,0.9536218643188477,2820000.0,-0.006108331959694624,-0.0026612957008183002,-0.03413860499858856,0.021238021552562714,-0.0005341693758964539,0.11691008508205414,0.8470854759216309,0.10643249750137329,1.0673091411590576,6659.25439453125,33.332481384277344,10.269951820373535,43.60243225097656,458.69000244140625,1.7187050580978394
0.9514607191085815,14.9399995803833,1000.0,141.0,1.3681209087371826,0.017920637503266335,3.0,0.9997290372848511,0.9997290372848511,0.9997290372848511,0.018622636795043945,0.00012959999730810523,0.9522170424461365,2840000.0,-0.0027712739538401365,0.0033370580058544874,0.09221652895212173,0.019965102896094322,-0.0012729186564683914,0.09867611527442932,0.9749376773834229,0.127852201461792,0.8978363275527954,6714.18798828125,41.00712585449219,13.900152206420898,54.90727615356445,364.25042724609375,1.711897850036621
2.3634400367736816,17.31999969482422,1000.0,142.0,1.3683030605316162,0.02605375088751316,3.0,1.0002774000167847,1.0002774000167847,1.0002774000167847,0.026372766122221947,0.00012840000272262841,0.952480137348175,2860000.0,-0.0049158246256411076,-0.002144550671800971,-0.04529688507318497,0.03016267530620098,0.010197572410106659,0.22387221455574036,1.2491161823272705,0.27417850494384766,2.2160110473632812,6767.431640625,38.555824279785156,14.665590286254883,53.221412658691406,375.7886047363281,1.70492422580719
3.1996009349823,22.559999465942383,1000.0,143.0,1.36997652053833,0.11345445364713669,1.0,0.9983358383178711,0.9983358383178711,0.9983358383178711,0.03393370285630226,0.00012719999358523637,0.954067051410675,2880000.0,-0.00521719129756093,-0.0003013666719198227,0.13282433152198792,0.03616541251540184,0.006002737209200859,0.28889012336730957,2.2478091716766357,0.9986929893493652,1.84696364402771,6807.59765625,35.4838752746582,4.66107177734375,40.14494705200195,498.1947021484375,1.6983613967895508
3.0536890029907227,32.119998931884766,1000.0,144.0,1.3701285123825073,0.04496726021170616,1.0,1.000372290611267,1.000372290611267,1.000372290611267,0.04348323121666908,0.00012599999899975955,0.9542892575263977,2900000.0,0.0106086740270257,0.01582586532458663,-0.05997370928525925,0.030780255794525146,-0.005385156720876694,0.2263493835926056,2.848433494567871,0.6006243228912354,1.978847622871399,6851.83349609375,39.185791015625,5.027482986450195,44.21327209472656,452.35284423828125,1.693204641342163
2.599790334701538,30.100000381469727,1000.0,145.0,1.3691962957382202,0.036810263991355896,3.0,0.9983661770820618,0.9983661770820618,0.9983661770820618,0.019453831017017365,0.00012480000441428274,0.9534125328063965,2920000.0,-0.003140593646094203,-0.013749267673119903,-0.009990917518734932,0.026842458173632622,-0.003937797620892525,0.22688151895999908,0.7712487578392029,-2.077184736728668,1.9678462743759155,6902.0859375,35.10089111328125,15.124521255493164,50.22541046142578,398.2048034667969,1.689100742340088
3.1167664527893066,34.2400016784668,1000.0,146.0,1.3688486814498901,0.018280740827322006,2.0,0.9992347359657288,0.9992347359657288,0.9992347359657288,0.020114606246352196,0.0001235999952768907,0.9531629085540771,2940000.0,-0.0010026930831372738,0.002137900562956929,0.15751151740550995,0.03267909958958626,0.005836641415953636,0.32790055871009827,1.7656093835830688,0.994360625743866,2.2157177925109863,6948.06982421875,36.911376953125,9.049579620361328,45.96194076538086,435.1426086425781,1.6864019632339478
4.291617393493652,29.719999313354492,1000.0,147.0,1.3695311546325684,0.04271416366100311,1.0,1.0003632307052612,1.0003632307052612,1.0003632307052612,0.022906191647052765,0.00012240000069141388,0.9537882804870605,2960000.0,0.0024072222877293825,0.0034099153708666563,-0.05021606385707855,0.04057961329817772,0.007900513708591461,0.29322466254234314,2.0714030265808105,0.3057936429977417,2.7828831672668457,6994.4365234375,41.77959060668945,4.565390110015869,46.34497833251953,431.54620361328125,1.6844806671142578
3.93851375579834,26.959999084472656,1000.0,148.0,1.3702869415283203,0.04379217326641083,1.0,0.9968971610069275,0.9968971610069275,0.9968971610069275,0.024747291579842567,0.00012119999882997945,0.9544950723648071,2980000.0,0.0016774319810792804,-0.0007297903066501021,0.33149781823158264,0.0345119908452034,-0.0060676224529743195,0.3085196316242218,3.3796355724334717,1.3082325458526611,2.642756462097168,7035.5244140625,36.22981262207031,4.83303165435791,41.062843322753906,487.0583190917969,1.6829603910446167
4.035199165344238,24.239999771118164,1000.0,149.0,1.3709462881088257,0.017121754586696625,3.0,1.001129388809204,1.001129388809204,1.001129388809204,0.019747277721762657,0.00011999999696854502,0.9551118612289429,3000000.0,-0.003236680757254362,-0.0049141127383336425,0.16946059465408325,0.028363842517137527,-0.006148148328065872,0.31085634231567383,1.3129849433898926,-2.066650629043579,2.6415412425994873,7088.3125,38.9465446472168,13.8206787109375,52.76722717285156,379.0231628417969,1.681503415107727
3.36214017868042,20.65999984741211,1000.0,150.0,1.3738040924072266,0.11145854741334915,1.0,1.0001308917999268,1.0001308917999268,1.0001308917999268,0.031078126281499863,0.0001188000023830682,0.9577949643135071,3020000.0,-0.005826535169035196,-0.002589854411780834,0.262321412563324,0.03654039278626442,0.008176550269126892,0.3256671130657196,2.1771647930145264,0.8641798496246338,2.094402313232422,7132.92138671875,39.92454147338867,4.663491249084473,44.588035583496094,448.55084228515625,1.6797077655792236
3.514829635620117,22.8799991607666,1000.0,151.0,1.3768984079360962,0.02453446574509144,3.0,0.9977244734764099,0.9977244734764099,0.9977244734764099,0.02515854500234127,0.00011760000052163377,0.9609208703041077,3040000.0,-0.0037599001079797745,0.002066635061055422,-0.002034176141023636,0.031496867537498474,-0.0050435252487659454,0.454668790102005,1.6017296314239502,-0.5754351615905762,3.452092170715332,7183.38818359375,36.141300201416016,14.30416202545166,50.445465087890625,396.4677734375,1.6778507232666016
3.212811231613159,30.68000030517578,1000.0,152.0,1.3779436349868774,0.28458917140960693,1.0,0.9949044585227966,0.9949044585227966,0.9949044585227966,0.058100566267967224,0.00011639999866019934,0.9620406031608582,3060000.0,-0.006303942296653986,-0.0025440421886742115,-0.0029236720874905586,0.028586767613887787,-0.0029100999236106873,0.2760426104068756,3.0169880390167236,1.4152584075927734,2.15014910697937,7228.11865234375,40.128631591796875,4.580592155456543,44.709224700927734,447.3349609375,1.6768059730529785
3.46630859375,34.959999084472656,1000.0,153.0,1.3795928955078125,0.027088256552815437,1.0,0.9997589588165283,0.9997589588165283,0.9997589588165283,0.04203756898641586,0.00011519999679876491,0.9636464715003967,3080000.0,0.007182694040238857,0.013486636336892843,0.08483020961284637,0.03208105266094208,0.0034942850470542908,0.3023185133934021,2.488421678543091,-0.5285663604736328,2.5690882205963135,7273.34814453125,40.181617736816406,5.028428077697754,45.210044860839844,442.37957763671875,1.676975131034851
3.9098641872406006,39.939998626708984,1000.0,154.0,1.3825627565383911,0.034841567277908325,2.0,0.9986078143119812,0.9986078143119812,0.9986078143119812,0.020522931590676308,0.0001140000022132881,0.9664838314056396,3100000.0,-0.006874506361782551,-0.014057200402021408,0.33499523997306824,0.03906327113509178,0.006982218474149704,0.480070024728775,2.109781265258789,-0.37864041328430176,3.7415473461151123,7318.0439453125,35.1208610534668,9.554534912109375,44.67539596557617,447.6737060546875,1.6788008213043213
4.241584300994873,37.939998626708984,1000.0,155.0,1.3839154243469238,0.027061250060796738,2.0,0.9981703162193298,0.9981703162193298,0.9981703162193298,0.0244181826710701,0.00011280000035185367,0.9677067399024963,3120000.0,-0.0054488456808030605,0.0014256606809794903,-0.022376753389835358,0.03870940953493118,-0.00035386160016059875,0.3887254297733307,2.025071144104004,-0.08471012115478516,3.05281138420105,7365.98046875,38.907466888427734,9.00895881652832,47.91642761230469,417.3934020996094,1.6819020509719849
4.239953994750977,36.5,1000.0,156.0,1.3831591606140137,0.017396170645952225,2.0,0.9994701743125916,0.9994701743125916,0.9994701743125916,0.021663786843419075,0.00011159999849041924,0.9668942093849182,3140000.0,-0.0069648693315684795,-0.001516023650765419,-0.27705127000808716,0.038578685373067856,-0.00013072416186332703,0.3250979483127594,1.7035514116287231,-0.32151973247528076,2.8988137245178223,7415.212890625,39.89531707763672,9.317329406738281,49.212646484375,406.39959716796875,1.6859968900680542
2.9712326526641846,31.719999313354492,1000.0,157.0,1.3838672637939453,0.029541045427322388,1.0,1.0018929243087769,1.0018929243087769,1.0018929243087769,0.03415011987090111,0.00011039999662898481,0.9675007462501526,3160000.0,0.00373283214867115,0.01069770148023963,-0.3154850900173187,0.03605230897665024,-0.002526376396417618,0.3747016191482544,2.573221445083618,0.869670033454895,2.939912796020508,7454.8623046875,33.7479133605957,5.881176948547363,39.62908935546875,504.67974853515625,1.6904537677764893
3.1003496646881104,27.420000076293945,1000.0,158.0,1.3847464323043823,0.010644009336829185,5.0,0.9989203214645386,0.9989203214645386,0.9989203214645386,0.0158071368932724,0.00010920000204350799,0.9682225584983826,3180000.0,-0.005596787203103304,-0.009329619351774454,-0.04594659060239792,0.03431304544210434,-0.0017392635345458984,0.38041260838508606,1.0394225120544434,-1.5337989330291748,2.7940127849578857,7515.10400390625,37.630699157714844,22.588096618652344,60.21879577636719,332.1222229003906,1.6947529315948486
3.0303473472595215,21.040000915527344,1000.0,159.0,1.3858747482299805,0.03500683605670929,3.0,1.0025173425674438,1.0025173425674438,1.0025173425674438,0.0688869059085846,0.00010800000018207356,0.969322144985199,3200000.0,-0.0039510889910161495,0.0016456982120871544,-0.23141056299209595,0.028926679864525795,-0.005386365577578545,0.28159642219543457,0.6894420981407166,-0.3499804139137268,1.731743335723877,7569.18505859375,40.42204284667969,13.636381149291992,54.05842208862305,369.9700927734375,1.698184609413147
3.4064691066741943,18.979999542236328,1000.0,160.0,1.3861985206604004,0.021662114188075066,1.0,1.0017451047897339,1.0017451047897339,1.0017451047897339,0.01439616922289133,0.00010679999832063913,0.9695575833320618,3220000.0,0.002734902547672391,0.0066859915386885405,0.149124413728714,0.03992978110909462,0.011003101244568825,0.3032493591308594,1.796648621559143,1.1072065234184265,2.042104959487915,7613.22412109375,39.18809127807617,4.82791805267334,44.01601028442383,454.380126953125,1.7005959749221802
3.0024945735931396,17.780000686645508,1000.0,161.0,1.3862730264663696,0.020313512533903122,2.0,1.0004137754440308,1.0004137754440308,1.0004137754440308,0.021753428503870964,0.0001055999964592047,0.9696325659751892,3240000.0,-0.004153755959123373,-0.006888658506795764,-0.15586768090724945,0.02837049402296543,-0.011559287086129189,0.3071196675300598,1.0280498266220093,-0.7685987949371338,2.1924703121185303,7658.72314453125,35.81159591674805,9.668607711791992,45.48020553588867,439.75177001953125,1.7019463777542114
2.56150484085083,18.760000228881836,1000.0,162.0,1.3864006996154785,0.013209974393248558,2.0,1.0008745193481445,1.0008745193481445,1.0008745193481445,0.01934787817299366,0.00010440000187372789,0.9698219299316406,3260000.0,0.0004802583425771445,0.0046340143017005175,-0.10632039606571198,0.03137129172682762,0.0030007977038621902,0.28916072845458984,1.1375538110733032,0.10950398445129395,2.864267587661743,7706.53515625,38.9053955078125,8.885284423828125,47.790679931640625,418.49163818359375,1.7024487257003784
2.6021969318389893,16.700000762939453,1000.0,163.0,1.3862055540084839,0.02063804119825363,1.0,0.9989938735961914,0.9989938735961914,0.9989938735961914,0.015773100778460503,0.00010320000001229346,0.9697023630142212,3280000.0,-0.0005724414950236678,-0.0010526998376008123,0.10542398691177368,0.034191034734249115,0.0028197430074214935,0.30682694911956787,1.9142941236495972,0.776740312576294,1.9457902908325195,7749.791015625,38.552101135253906,4.684051990509033,43.23615264892578,462.57586669921875,1.7019459009170532
2.664454460144043,19.239999771118164,1000.0,164.0,1.3851224184036255,0.02052408829331398,2.0,0.9992098808288574,0.9992098808288574,0.9992098808288574,0.020972134545445442,0.00010199999815085903,0.9687297940254211,3300000.0,-0.0037332670763134956,-0.003160825581289828,-0.18013623356819153,0.0367412231862545,0.0025501884520053864,0.3690367341041565,1.2945051193237305,-0.6197890043258667,2.4604902267456055,7795.5322265625,35.69456100463867,10.027417182922363,45.72197723388672,437.4263916015625,1.7008260488510132
3.646857976913452,30.860000610351562,1000.0,165.0,1.3863394260406494,0.0243319571018219,1.0,1.0001485347747803,1.0001485347747803,1.0001485347747803,0.018184317275881767,0.00010080000356538221,0.9700202345848083,3320000.0,0.0015273665776476264,0.005260633653961122,-0.011834105476737022,0.04403773695230484,0.007296513766050339,0.48608389496803284,3.1517744064331055,1.857269287109375,2.8173258304595947,7840.69970703125,40.574424743652344,4.572312831878662,45.14673614501953,442.9998779296875,1.7004945278167725
3.9076156616210938,32.5,1000.0,166.0,1.3882771730422974,0.011876157484948635,4.0,1.0002952814102173,1.0002952814102173,1.0002952814102173,0.020196327939629555,9.960000170394778e-05,0.97162264585495,3340000.0,-0.005250893998891115,-0.006778260576538742,0.06788751482963562,0.03315143287181854,-0.010886304080486298,0.4041765034198761,0.9978623986244202,-2.1539120078086853,1.9647797346115112,7899.6826171875,39.337791442871094,19.624557495117188,58.96234893798828,339.1994934082031,1.701067566871643
4.157934665679932,36.58000183105469,1000.0,167.0,1.3885457515716553,0.031048398464918137,2.0,0.9985849857330322,0.9985849857330322,0.9985849857330322,0.03140505775809288,9.839999984251335e-05,0.9718140363693237,3360000.0,0.0008980348356999457,0.006148928834591061,-0.020088057965040207,0.03842181712388992,0.005270384252071381,0.3748346269130707,1.2929617166519165,0.29509931802749634,2.441877603530884,7943.9404296875,34.291194915771484,9.943765640258789,44.234962463378906,452.1310729980469,1.7029354572296143
3.123129367828369,22.760000228881836,1000.0,168.0,1.384601354598999,0.0136904027312994,5.0,1.0002979040145874,1.0002979040145874,1.0002979040145874,0.021378638222813606,9.719999798107892e-05,0.9679651856422424,3380000.0,-0.006324015557765961,-0.007222050393465906,-0.007651150226593018,0.02921740524470806,-0.009204411879181862,0.32871612906455994,0.6876937747001648,-0.6052679419517517,1.8198111057281494,8007.39892578125,40.07444381713867,23.360694885253906,63.43513870239258,315.2826843261719,1.704359769821167
2.768202781677246,26.3799991607666,1000.0,169.0,1.3804186582565308,0.019980961456894875,3.0,1.0025885105133057,1.0025885105133057,1.0025885105133057,0.029837198555469513,9.600000339560211e-05,0.9640416502952576,3400000.0,-0.003339192131534219,0.002984823426231742,-0.090682253241539,0.03301463648676872,0.0037972312420606613,0.3984105587005615,1.1861326694488525,0.49843889474868774,1.8614857196807861,8059.19140625,37.788143157958984,13.982714653015137,51.77085494995117,386.3177490234375,1.7058078050613403
2.898369789123535,24.219999313354492,1000.0,170.0,1.378858208656311,0.017761649563908577,3.0,1.0004328489303589,1.0004328489303589,1.0004328489303589,0.02169676125049591,9.480000153416768e-05,0.9626196026802063,3420000.0,-0.006788302678614855,-0.003449110547080636,0.13764216005802155,0.03202250972390175,-0.0009921267628669739,0.3988361954689026,1.185071587562561,-0.001061081886291504,2.0452725887298584,8113.51904296875,40.4183464050293,13.886996269226074,54.30534362792969,368.28790283203125,1.7070233821868896
2.6138367652893066,25.31999969482422,1000.0,171.0,1.3791271448135376,0.03529591113328934,2.0,0.9992130994796753,0.9992130994796753,0.9992130994796753,0.026937387883663177,9.359999967273325e-05,0.9628658890724182,3440000.0,-0.006235962733626366,0.0005523399449884892,0.07092535495758057,0.038694415241479874,0.006671905517578125,0.33474498987197876,1.210095763206482,0.0250241756439209,2.048727035522461,8158.697265625,33.86634063720703,11.292695999145508,45.15903854370117,442.8792419433594,1.7081586122512817
1.7704765796661377,22.399999618530273,1000.0,172.0,1.3793810606002808,0.03048195131123066,2.0,0.998617947101593,0.998617947101593,0.998617947101593,0.01927013508975506,9.239999781129882e-05,0.9631146788597107,3460000.0,-0.005795914679765701,0.00044004805386066437,0.012243509292602539,0.028914524242281914,-0.00977989099919796,0.2762235999107361,1.5066657066345215,0.29656994342803955,2.0238378047943115,8205.703125,37.698150634765625,9.27953815460205,46.97768783569336,425.7340393066406,1.7088754177093506
2.2844254970550537,23.559999465942383,1000.0,173.0,1.378395915031433,0.014410598203539848,4.0,0.997465968132019,0.997465968132019,0.997465968132019,0.018256178125739098,9.1200003225822e-05,0.9621920585632324,3480000.0,-0.006874750833958387,-0.001078836154192686,-0.22049058973789215,0.03221749886870384,0.0033029746264219284,0.36173757910728455,0.8859624266624451,-0.6207032799720764,2.394381046295166,8261.0244140625,35.85332489013672,19.447341918945312,55.30066680908203,361.6593017578125,1.7093514204025269
1.942936658859253,21.399999618530273,1000.0,174.0,1.3772971630096436,0.01694369688630104,2.0,0.9996178150177002,0.9996178150177002,0.9996178150177002,0.01695370301604271,9.000000136438757e-05,0.961118757724762,3500000.0,-0.003301797667518258,0.0035729531664401293,0.032802682369947433,0.030343612655997276,-0.0018738862127065659,0.2931922376155853,1.1375805139541626,0.25161808729171753,1.907228946685791,8308.578125,36.5328483581543,10.987604141235352,47.52045440673828,420.87139892578125,1.709351897239685
2.964590549468994,20.440000534057617,1000.0,175.0,1.3769752979278564,0.015764610841870308,3.0,1.0010614395141602,1.0010614395141602,1.0010614395141602,0.016469348222017288,8.879999950295314e-05,0.9609507322311401,3520000.0,-0.00249786046333611,0.000803937204182148,-0.07389482855796814,0.03197313845157623,0.0016295257955789566,0.3367839753627777,0.8242522478103638,-0.31332826614379883,1.8482409715652466,8361.2626953125,38.36105728149414,14.301397323608398,52.662452697753906,379.7772216796875,1.7088068723678589
2.958535671234131,23.719999313354492,1000.0,176.0,1.3757598400115967,0.01853182166814804,2.0,0.9996007084846497,0.9996007084846497,0.9996007084846497,0.01864234358072281,8.759999764151871e-05,0.9597065448760986,3540000.0,-0.0018009175546467304,0.0006969429086893797,-0.04339363053441048,0.03979072347283363,0.0078175850212574,0.3467991352081299,1.4739232063293457,0.6496709585189819,2.557952642440796,8409.1181640625,38.6842041015625,9.147550582885742,47.83256530761719,418.1251525878906,1.7081612348556519
3.1719112396240234,34.68000030517578,1000.0,177.0,1.3774291276931763,0.027635186910629272,1.0,1.0016977787017822,1.0016977787017822,1.0016977787017822,0.01698964834213257,8.64000030560419e-05,0.9613288640975952,3560000.0,0.004446642007678747,0.006247559562325478,-0.020693907514214516,0.04505656287074089,0.005265839397907257,0.3517591655254364,3.325503349304199,1.8515801429748535,2.2296504974365234,8449.453125,35.210899353027344,5.102535724639893,40.31443405151367,496.1002197265625,1.7087430953979492
3.553642988204956,34.439998626708984,1000.0,178.0,1.3777543306350708,0.03549670800566673,2.0,0.9981189370155334,0.9981189370155334,0.9981189370155334,0.025420133024454117,8.520000119460747e-05,0.9617180824279785,3580000.0,-0.007656811270862818,-0.012103453278541565,0.32889705896377563,0.03833014890551567,-0.00672641396522522,0.3711220324039459,1.4177359342575073,-1.907767415046692,2.6573433876037598,8496.0634765625,37.09455108642578,9.496077537536621,46.59062576293945,429.2708740234375,1.710407018661499
3.6791296005249023,37.720001220703125,1000.0,179.0,1.3773466348648071,0.023989759385585785,1.0,1.0001300573349,1.0001300573349,1.0001300573349,0.01759491302073002,8.399999933317304e-05,0.9613132476806641,3600000.0,-0.004747080150991678,0.0029097311198711395,0.2071530520915985,0.03166244924068451,-0.0066676996648311615,0.34290972352027893,2.0919198989868164,0.6741839647293091,2.8319287300109863,8539.7626953125,39.070674896240234,4.607806205749512,43.67848205566406,457.8913879394531,1.7134464979171753
3.6013131141662598,31.65999984741211,1000.0,180.0,1.3759474754333496,0.021555624902248383,3.0,0.9991883039474487,0.9991883039474487,0.9991883039474487,0.024326495826244354,8.27999974717386e-05,0.9600167870521545,3620000.0,-0.0055966246873140335,-0.0008495445363223553,0.21723583340644836,0.03113532066345215,-0.0005271285772323608,0.378731906414032,1.607767939567566,-0.4841519594192505,3.8669397830963135,8586.8173828125,32.92368698120117,14.110641479492188,47.03432846069336,425.2213439941406,1.716997504234314
4.005575180053711,31.700000762939453,1000.0,181.0,1.376304030418396,0.015547461807727814,3.0,0.9996935725212097,0.9996935725212097,0.9996935725212097,0.019810928031802177,8.160000288626179e-05,0.9603450298309326,3640000.0,-0.005590532440692186,6.092246621847153e-06,0.37629303336143494,0.04682859033346176,0.015693269670009613,0.516914963722229,1.6706764698028564,0.06290853023529053,3.8078973293304443,8639.2119140625,38.819786071777344,13.55319881439209,52.37298583984375,381.8762512207031,1.7210174798965454
3.683286428451538,28.799999237060547,1000.0,182.0,1.3758902549743652,0.020836519077420235,3.0,0.9993990063667297,0.9993990063667297,0.9993990063667297,0.024407466873526573,8.040000102482736e-05,0.9598508477210999,3660000.0,-0.007521429099142551,-0.001930896658450365,-0.10021094977855682,0.03125084564089775,-0.01557774469256401,0.379347562789917,1.5342589616775513,-0.13641750812530518,2.957714319229126,8693.4453125,39.32528305053711,14.884133338928223,54.209415435791016,368.9395751953125,1.725109577178955
3.442495107650757,34.36000061035156,1000.0,183.0,1.3755803108215332,0.017284194007515907,3.0,0.9993545413017273,0.9993545413017273,0.9993545413017273,0.0204017236828804,7.919999916339293e-05,0.9594058394432068,3680000.0,-0.007042506709694862,0.00047892238944768906,-0.08745437115430832,0.02976932004094124,-0.0014815255999565125,0.366280198097229,1.2878063917160034,-0.24645256996154785,2.4392309188842773,8744.1630859375,36.1803092956543,14.51753044128418,50.69788360595703,394.4937744140625,1.7299470901489258
3.398581027984619,28.940000534057617,1000.0,184.0,1.3748807907104492,0.013744675554335117,7.0,1.0026456117630005,1.0026456117630005,1.0026456117630005,0.02161150611937046,7.79999973019585e-05,0.9587849378585815,3700000.0,-0.005733761470764875,0.001308745238929987,0.2302204817533493,0.02941877767443657,-0.0003505423665046692,0.3905526101589203,0.9795834422111511,-0.3082229495048523,2.5938925743103027,8815.1396484375,37.8602294921875,33.09532928466797,70.95555877685547,281.8665771484375,1.7347968816757202
3.355037212371826,29.600000381469727,1000.0,185.0,1.37459135055542,0.013546228408813477,3.0,0.9977812767028809,0.9977812767028809,0.9977812767028809,0.02132897451519966,7.680000271648169e-05,0.9584946632385254,3720000.0,-0.006535294000059366,-0.0008015325292944908,-0.11821918934583664,0.03313852846622467,0.003719750791788101,0.43171924352645874,1.3904385566711426,0.41085511445999146,2.617690086364746,8867.5517578125,37.981773376464844,14.406499862670898,52.38827133178711,381.76483154296875,1.7397401332855225
3.33897066116333,20.959999084472656,1000.0,186.0,1.3759185075759888,0.018757184967398643,3.0,0.9990732073783875,0.9990732073783875,0.9990732073783875,0.023740731179714203,7.560000085504726e-05,0.9596629738807678,3740000.0,-0.003956752363592386,0.00257854163646698,0.13030660152435303,0.03138785436749458,-0.0017506740987300873,0.3578547537326813,0.8808483481407166,-0.509590208530426,2.40580677986145,8917.1015625,34.408729553222656,15.119955062866211,49.5286865234375,403.806396484375,1.7437034845352173
3.779416561126709,23.540000915527344,1000.0,187.0,1.3752646446228027,0.023446843028068542,3.0,0.9981968402862549,0.9981968402862549,0.9981968402862549,0.02279713936150074,7.439999899361283e-05,0.9589232802391052,3760000.0,-0.00488943001255393,-0.000932677648961544,0.538014829158783,0.04178297892212868,0.010395124554634094,0.5446732640266418,1.1016794443130493,0.22083109617233276,3.0829036235809326,8968.1728515625,36.56206512451172,14.487485885620117,51.0495491027832,391.7762145996094,1.7471002340316772
3.0266571044921875,17.059999465942383,1000.0,188.0,1.3734222650527954,0.0123596778139472,5.0,0.9978433847427368,0.9978433847427368,0.9978433847427368,0.01641678623855114,7.31999971321784e-05,0.9570709466934204,3780000.0,-0.006737339776009321,-0.001847909763455391,0.39541617035865784,0.022898981347680092,-0.018883997574448586,0.1849147379398346,0.4936979413032532,-0.6079815030097961,1.3562791347503662,9030.884765625,37.9797248840332,24.71076202392578,62.690486907958984,319.0276794433594,1.7491804361343384
3.581080436706543,19.799999237060547,1000.0,189.0,1.3743212223052979,0.01411216240376234,4.0,0.9991533160209656,0.9991533160209656,0.9991533160209656,0.020647933706641197,7.200000254670158e-05,0.9580527544021606,3800000.0,-0.0061369361355900764,0.0006004036404192448,-0.1030440554022789,0.03671932592988014,0.01382034458220005,0.39397144317626953,0.8980801701545715,0.40438222885131836,2.233760118484497,9085.8349609375,34.730133056640625,20.19700050354004,54.9271354675293,364.1187438964844,1.7504109144210815
3.1597931385040283,16.700000762939453,1000.0,190.0,1.3748290538787842,0.011411241255700588,6.0,1.0004620552062988,1.0004620552062988,1.0004620552062988,0.018472833558917046,7.080000068526715e-05,0.9586535692214966,3820000.0,-0.006788849830627441,-0.000651913695037365,-0.10491473972797394,0.034664370119571686,-0.0020549558103084564,0.40607374906539917,0.6521520018577576,-0.24592816829681396,2.07576584815979,9152.0673828125,37.56203079223633,28.638904571533203,66.20093536376953,302.11053466796875,1.7504860162734985
3.9724013805389404,30.260000228881836,1000.0,191.0,1.373645305633545,0.3126644194126129,1.0,1.023537039756775,1.023537039756775,1.023537039756775,0.4854046702384949,6.959999882383272e-05,0.9575300812721252,3840000.0,0.048108212649822235,0.054897062480449677,-0.20264464616775513,0.04406960308551788,0.009405232965946198,0.43394234776496887,2.5175399780273438,1.8653879761695862,2.2777957916259766,9193.7900390625,36.784828186035156,4.91486930847168,41.6996955871582,479.61981201171875,1.7512116432189941
4.580828666687012,34.91999816894531,1000.0,192.0,1.3731333017349243,0.01294253021478653,3.0,1.0015965700149536,1.0015965700149536,1.0015965700149536,0.01788681000471115,6.839999696239829e-05,0.9571734070777893,3860000.0,-0.004887283779680729,-0.052995496429502964,-0.1649235188961029,0.039757464081048965,-0.004312139004468918,0.4335540533065796,1.6387361288070679,-0.8788038492202759,2.431175470352173,9243.8095703125,35.76190185546875,14.238386154174805,50.0008430480957,399.9932556152344,1.7531102895736694
4.989585876464844,39.380001068115234,1000.0,193.0,1.3718892335891724,0.011100906878709793,3.0,1.002261996269226,1.002261996269226,1.002261996269226,0.01654432900249958,6.720000237692147e-05,0.9559962153434753,3880000.0,-0.0028441271279007196,0.0020431566517800093,0.2569490075111389,0.04065354913473129,0.0008960850536823273,0.6122840642929077,1.4518580436706543,-0.18687808513641357,2.830847978591919,9292.6875,34.725189208984375,14.133132934570312,48.85832214355469,409.34686279296875,1.7566297054290771
5.116250991821289,28.65999984741211,1000.0,194.0,1.3719727993011475,0.00985938310623169,4.0,0.9986385107040405,0.9986385107040405,0.9986385107040405,0.016231657937169075,6.600000051548705e-05,0.9560402631759644,3900000.0,-0.006477556191384792,-0.0036334290634840727,0.19379553198814392,0.03188709542155266,-0.008766453713178635,0.47627007961273193,0.9695684909820557,-0.48228955268859863,3.0134716033935547,9349.0244140625,37.07099533081055,19.24427032470703,56.31526184082031,355.14349365234375,1.7602671384811401
4.747044563293457,20.81999969482422,1000.0,195.0,1.369840145111084,0.010691930539906025,10.0,1.001880407333374,1.001880407333374,1.001880407333374,0.02474111318588257,6.479999865405262e-05,0.9539914131164551,3920000.0,-0.006673725787550211,-0.00019616959616541862,0.14342685043811798,0.02874826081097126,-0.003138834610581398,0.457477867603302,0.5414525270462036,-0.42811596393585205,2.544822931289673,9432.435546875,36.39653015136719,46.98624038696289,83.38370513916016,239.85501098632812,1.76302170753479
4.652603626251221,22.31999969482422,1000.0,196.0,1.3695822954177856,0.01691560447216034,2.0,0.9995997548103333,0.9995997548103333,0.9995997548103333,0.017908848822116852,6.359999679261819e-05,0.9537959694862366,3940000.0,-0.004035815130919218,0.002637910656630993,0.14108653366565704,0.041810858994722366,0.013062598183751106,0.4489167034626007,0.9886965751647949,0.4472440481185913,2.1021692752838135,9481.462890625,39.43544387817383,9.56850528717041,49.00395202636719,408.13037109375,1.7651680707931519
4.30972146987915,20.399999618530273,1000.0,197.0,1.3722409009933472,0.011986049823462963,6.0,1.0002909898757935,1.0002909898757935,1.0002909898757935,0.019851891323924065,6.240000220714137e-05,0.9563833475112915,3960000.0,-0.00712369941174984,-0.0030878842808306217,0.1444811075925827,0.0310599934309721,-0.010750865563750267,0.5247862339019775,0.7571030855178833,-0.23159348964691162,2.0759871006011963,9544.4560546875,33.894859313964844,29.076316833496094,62.97117614746094,317.6056213378906,1.766520619392395
3.951735019683838,20.520000457763672,1000.0,198.0,1.3714416027069092,0.013152386993169785,3.0,1.000196099281311,1.000196099281311,1.000196099281311,0.051830459386110306,6.120000034570694e-05,0.9556346535682678,3980000.0,-0.0051594809629023075,0.0019642184488475323,-0.2059960961341858,0.03601602837443352,0.004956034943461418,0.48746269941329956,1.0019145011901855,0.24481141567230225,2.4229159355163574,9593.83984375,35.71401596069336,13.646690368652344,49.3607063293457,405.1805725097656,1.7671705484390259
2.7407476902008057,17.579999923706055,1000.0,199.0,1.371221899986267,0.017798932269215584,3.0,0.9982603192329407,0.9982603192329407,0.9982603192329407,0.01646658591926098,5.999999848427251e-05,0.955483078956604,4000000.0,-0.008583290502429008,-0.003423809539526701,0.0451432466506958,0.030066506937146187,-0.005949521437287331,0.42615899443626404,0.7391124963760376,-0.26280200481414795,1.5445553064346313,9648.15625,40.808284759521484,13.48669147491455,54.29497528076172,368.35821533203125,1.7668092250823975
2.505136489868164,15.539999961853027,1000.0,200.0,1.3712621927261353,0.011401304975152016,5.0,0.9993168115615845,0.9993168115615845,0.9993168115615845,0.017135661095380783,5.880000026081689e-05,0.9553518295288086,4020000.0,-0.006927709560841322,0.0016555809415876865,-0.31382644176483154,0.024315059185028076,-0.005751447752118111,0.4194795489311218,0.6686397194862366,-0.07047277688980103,1.835724949836731,9710.748046875,38.668251037597656,23.903005599975586,62.571258544921875,319.63555908203125,1.7652720212936401
2.26570463180542,16.540000915527344,1000.0,201.0,1.3720004558563232,0.010531225241720676,5.0,0.9995920658111572,0.9995920658111572,0.9995920658111572,0.017203744500875473,5.759999839938246e-05,0.9559338092803955,4040000.0,-0.004818047396838665,0.002109662164002657,0.021418007090687752,0.03672913834452629,0.012414079159498215,0.466099351644516,0.6861451268196106,0.017505407333374023,2.1349542140960693,9771.2392578125,35.86558532714844,24.605472564697266,60.4710578918457,330.7367248535156,1.7627992630004883
2.575498104095459,14.9399995803833,1000.0,202.0,1.371159315109253,0.005810399539768696,13.0,1.0019493103027344,1.0019493103027344,1.0019493103027344,0.024936845526099205,5.6400000175926834e-05,0.9550887942314148,4060000.0,-0.004004839342087507,0.0008132080547511578,0.14290690422058105,0.018094860017299652,-0.01863427832722664,0.2905973792076111,0.3318904936313629,-0.3542546331882477,1.503692388534546,9866.3720703125,33.24260330200195,61.86931228637695,95.1119155883789,210.27859497070312,1.7592743635177612
2.9293956756591797,15.319999694824219,1000.0,203.0,1.3712621927261353,0.01038188673555851,10.0,0.9988086819648743,0.9988086819648743,0.9988086819648743,0.015061860904097557,5.5199998314492404e-05,0.9551466703414917,4080000.0,-0.005774175748229027,-0.0017693364061415195,-0.010625578463077545,0.019520409405231476,0.0014255493879318237,0.37317004799842834,0.2714058756828308,-0.060484617948532104,1.4759846925735474,9952.353515625,40.226951599121094,45.7293586730957,85.95631408691406,232.6763458251953,1.7548460960388184
2.6204674243927,16.299999237060547,1000.0,204.0,1.3725417852401733,0.015851683914661407,4.0,0.999251663684845,0.999251663684845,0.999251663684845,0.02674086019396782,5.400000009103678e-05,0.956514298915863,4100000.0,-0.006025226321071386,-0.00025105057284235954,-0.032368943095207214,0.024512458592653275,0.004992049187421799,0.3718355894088745,0.758522629737854,0.4871167540550232,1.6212379932403564,10008.208984375,38.448631286621094,17.380727767944336,55.8293571472168,358.2344665527344,1.7497262954711914
3.0017919540405273,21.219999313354492,1000.0,205.0,1.3730250597000122,0.012458537705242634,3.0,0.9994063973426819,0.9994063973426819,0.9994063973426819,0.014398881234228611,5.279999822960235e-05,0.9572386145591736,4120000.0,-0.005340127740055323,0.0006850985810160637,0.26023417711257935,0.027849961072206497,0.0033375024795532227,0.44759106636047363,0.9534537196159363,0.19493108987808228,2.4045403003692627,10061.7197265625,39.6211051940918,13.86115550994873,53.48225784301758,373.9557800292969,1.7446163892745972
3.7691757678985596,27.780000686645508,1000.0,206.0,1.371277928352356,0.014504635706543922,5.0,1.0006662607192993,1.0006662607192993,1.0006662607192993,0.028482511639595032,5.160000000614673e-05,0.9558466076850891,4140000.0,-0.007417682092636824,-0.002077554352581501,0.30730512738227844,0.03063184581696987,0.0027818847447633743,0.4186568856239319,0.8036667704582214,-0.14978694915771484,2.192704200744629,10119.6650390625,32.589927673339844,25.33390235900879,57.923831939697266,345.2810363769531,1.7403665781021118
3.345925807952881,22.459999084472656,1000.0,207.0,1.3694006204605103,0.013545683585107327,6.0,1.0012485980987549,1.0012485980987549,1.0012485980987549,0.019373925402760506,5.0400001782691106e-05,0.9542592763900757,4160000.0,-0.005376526154577732,0.0020411559380590916,0.21369317173957825,0.026555992662906647,-0.004075853154063225,0.2867043912410736,0.5335027575492859,-0.27016401290893555,1.506290078163147,10182.021484375,31.990591049194336,30.34315299987793,62.333744049072266,320.8534851074219,1.7362005710601807
4.045876502990723,23.479999542236328,1000.0,208.0,1.3685959577560425,0.015552245080471039,4.0,0.998782217502594,0.998782217502594,0.998782217502594,0.0209194365888834,4.9199999921256676e-05,0.9534657597541809,4180000.0,-0.008050810545682907,-0.002674284391105175,0.10706910490989685,0.04129449278116226,0.014738500118255615,0.4510132670402527,1.1954160928726196,0.6619133353233337,2.558154344558716,10236.8408203125,36.03060531616211,18.76481056213379,54.79541778564453,364.9940490722656,1.7322427034378052
3.604471206665039,25.600000381469727,1000.0,209.0,1.3687620162963867,0.01769428886473179,3.0,0.9991031885147095,0.9991031885147095,0.9991031885147095,0.017846951261162758,4.8000001697801054e-05,0.9536278247833252,4200000.0,-0.00923522561788559,-0.0011844150722026825,-0.4970349967479706,0.0327853187918663,-0.00850917398929596,0.4030495882034302,0.9755035042762756,-0.219912588596344,2.172658681869507,10291.076171875,40.59729766845703,13.617645263671875,54.214942932128906,368.9019775390625,1.7287497520446777
3.9742679595947266,28.81999969482422,1000.0,210.0,1.3666516542434692,0.009580487385392189,4.0,0.9990078210830688,0.9990078210830688,0.9990078210830688,0.014242035336792469,4.6799999836366624e-05,0.9516510963439941,4220000.0,-0.005828098393976688,0.003407127223908901,0.09612693637609482,0.028382541611790657,-0.0044027771800756454,0.32547104358673096,0.7786107063293457,-0.19689279794692993,1.802490234375,10349.7802734375,40.508880615234375,18.17462158203125,58.683502197265625,340.811279296875,1.7260996103286743
3.1099908351898193,31.700000762939453,1000.0,211.0,1.3638830184936523,0.02230917662382126,4.0,1.0027307271957397,1.0027307271957397,1.0027307271957397,0.045298125594854355,4.5600001612911e-05,0.9490713477134705,4240000.0,-0.005750167649239302,7.79307447373867e-05,0.06430701166391373,0.028296997770667076,-8.554384112358093e-05,0.30314844846725464,0.9851376414299011,0.20652693510055542,1.6567257642745972,10404.2607421875,34.65350341796875,19.805889129638672,54.45939254760742,367.24609375,1.72459077835083
3.587692975997925,26.5,1000.0,212.0,1.3620043992996216,0.011929918080568314,8.0,0.9987282752990723,0.9987282752990723,0.9987282752990723,0.01961967535316944,4.439999975147657e-05,0.9473763704299927,4260000.0,-0.007870852947235107,-0.0021206852979958057,-0.039090368896722794,0.033765800297260284,0.005468802526593208,0.5344597697257996,0.7797501683235168,-0.20538747310638428,3.3435280323028564,10478.1298828125,36.403465270996094,37.443695068359375,73.84716033935547,270.82965087890625,1.7234272956848145
4.0339884757995605,32.70000076293945,1000.0,213.0,1.361104965209961,0.009355651214718819,8.0,1.000236988067627,1.000236988067627,1.000236988067627,0.01739635318517685,4.320000152802095e-05,0.9465878009796143,4280000.0,-0.009100234135985374,-0.001229381188750267,-0.20735327899456024,0.03584109619259834,0.0020752958953380585,0.5045002698898315,0.6161072254180908,-0.16364294290542603,2.332803964614868,10554.2412109375,37.96621322631836,38.12174606323242,76.08795928955078,262.8536682128906,1.7233964204788208
3.471431016921997,21.260000228881836,1000.0,214.0,1.361694574356079,0.008728000335395336,9.0,1.0002686977386475,1.0002686977386475,1.0002686977386475,0.015949582681059837,4.199999966658652e-05,0.947137713432312,4300000.0,-0.008376422338187695,0.0007238117977976799,0.0760493054986,0.025188101455569267,-0.010652994737029076,0.4174027442932129,0.4700247049331665,-0.14608252048492432,2.6672627925872803,10632.9482421875,36.59762954711914,42.07825469970703,78.6758804321289,254.20750427246094,1.7228724956512451
3.6306684017181396,27.719999313354492,1000.0,215.0,1.3610382080078125,0.011569127440452576,7.0,1.000613808631897,1.000613808631897,1.000613808631897,0.01957170106470585,4.0800001443130895e-05,0.9464443922042847,4320000.0,-0.008993959985673428,-0.000617537647485733,-0.13213925063610077,0.03210824355483055,0.006920142099261284,0.555467426776886,0.8857179284095764,0.4156932234764099,2.937244415283203,10704.2001953125,39.499473571777344,31.727197647094727,71.22666931152344,280.793701171875,1.7227615118026733
4.248204231262207,27.899999618530273,1000.0,216.0,1.3598058223724365,0.011795774102210999,6.0,1.0010523796081543,1.0010523796081543,1.0010523796081543,0.02109697088599205,3.9599999581696466e-05,0.9452301859855652,4340000.0,-0.009101098403334618,-0.00010713841766119003,-0.28608155250549316,0.03197229653596878,-0.00013594701886177063,0.585997998714447,0.747898280620575,-0.13781964778900146,3.2788567543029785,10769.5478515625,37.34245300292969,27.98302459716797,65.32547760009766,306.1592712402344,1.7230479717254639
5.466787338256836,39.040000915527344,1000.0,217.0,1.3575844764709473,0.014287536963820457,4.0,1.0001044273376465,1.0001044273376465,1.0001044273376465,0.019377397373318672,3.840000135824084e-05,0.943034291267395,4360000.0,-0.00885539036244154,0.00024570804089307785,0.005797375924885273,0.03824266418814659,0.006270367652177811,0.4546043574810028,1.1862576007843018,0.4383593201637268,3.2242276668548584,10824.748046875,37.02806854248047,18.15054702758789,55.178611755371094,362.45928955078125,1.7251815795898438
5.0905256271362305,29.600000381469727,1000.0,218.0,1.3552385568618774,0.00816262699663639,6.0,1.0012613534927368,1.0012613534927368,1.0012613534927368,0.022536640986800194,3.719999949680641e-05,0.9408474564552307,4380000.0,-0.004010363016277552,0.004845027346163988,-0.13796374201774597,0.03704988583922386,-0.0011927783489227295,0.4611894488334656,0.7349640130996704,-0.45129358768463135,2.7491700649261475,10892.251953125,40.41792678833008,27.06260871887207,67.48053741455078,296.38177490234375,1.7277225255966187
4.373627185821533,31.760000228881836,1000.0,219.0,1.3558354377746582,0.01025553047657013,9.0,1.0015480518341064,1.0015480518341064,1.0015480518341064,0.019677620381116867,3.600000127335079e-05,0.9415535926818848,4400000.0,-0.010144115425646305,-0.006133752409368753,0.05502849072217941,0.028554163873195648,-0.008495721966028214,0.4232212007045746,0.9875048995018005,0.2525408864021301,2.8257296085357666,10973.4365234375,38.910728454589844,42.249977111816406,81.16070556640625,246.42466735839844,1.7309221029281616
3.395585536956787,30.100000381469727,1000.0,220.0,1.3562577962875366,0.014413854107260704,4.0,0.9991823434829712,0.9991823434829712,0.9991823434829712,0.018741633743047714,3.479999941191636e-05,0.9421126246452332,4420000.0,-0.007788537070155144,0.0023555783554911613,0.12446257472038269,0.03436046093702316,0.005806297063827515,0.4808749556541443,1.4994791746139526,0.5119742751121521,3.825404405593872,11032.9384765625,41.25383377075195,18.225059509277344,59.47989273071289,336.2480773925781,1.7344948053359985
3.3527441024780273,34.0,1000.0,221.0,1.356654167175293,0.010618098080158234,5.0,1.0001060962677002,1.0001060962677002,1.0001060962677002,0.01769077591598034,3.360000118846074e-05,0.9425358772277832,4440000.0,-0.009640092961490154,-0.0018515558913350105,0.020105134695768356,0.030545173212885857,-0.003815287724137306,0.48810234665870667,1.0579617023468018,-0.4415174722671509,2.3082501888275146,11092.876953125,37.36410140991211,22.552413940429688,59.9165153503418,333.79779052734375,1.7389309406280518
3.598586320877075,30.260000228881836,1000.0,222.0,1.3568856716156006,0.00990140251815319,4.0,0.9992513060569763,0.9992513060569763,0.9992513060569763,0.01677703484892845,3.239999932702631e-05,0.9426889419555664,4460000.0,-0.006732533220201731,0.0029075597412884235,-0.11422291398048401,0.03033749759197235,-0.00020767562091350555,0.39323192834854126,1.0192320346832275,-0.03872966766357422,2.701624870300293,11148.201171875,35.755889892578125,19.54446029663086,55.300350189208984,361.6613464355469,1.743644118309021
3.6232573986053467,20.34000015258789,1000.0,223.0,1.357517957687378,0.011760193854570389,4.0,1.0002458095550537,1.0002458095550537,1.0002458095550537,0.018566511571407318,3.1200001103570685e-05,0.9432644248008728,4480000.0,-0.008505587466061115,-0.0017730542458593845,0.10077737271785736,0.0344831682741642,0.004145670682191849,0.326335608959198,1.1849678754806519,0.16573584079742432,2.8201651573181152,11200.6611328125,33.49360275268555,18.94454574584961,52.43914794921875,381.3944396972656,1.7472648620605469
3.545640468597412,18.360000610351562,1000.0,224.0,1.3610130548477173,0.006827818229794502,16.0,1.0017584562301636,1.0017584562301636,1.0017584562301636,0.017753712832927704,2.9999999242136255e-05,0.9466152191162109,4500000.0,-0.007650497369468212,0.0008550900965929031,0.09738663583993912,0.02485019713640213,-0.00963297113776207,0.38128045201301575,0.5756912231445312,-0.6092766523361206,3.14003324508667,11311.3935546875,35.628353118896484,75.08197021484375,110.7103271484375,180.65162658691406,1.749629259109497
4.363966464996338,20.260000228881836,1000.0,225.0,1.3615914583206177,0.007845163345336914,13.0,1.0007456541061401,1.0007456541061401,1.0007456541061401,0.01773676835000515,2.879999919969123e-05,0.9471574425697327,4520000.0,-0.007171872537583113,0.0004786248318850994,0.16980136930942535,0.03772261366248131,0.012872416526079178,0.5418180823326111,0.5598202347755432,-0.015870988368988037,3.4688687324523926,11407.7509765625,35.728904724121094,60.60142135620117,96.33032989501953,207.6189422607422,1.7511171102523804
3.8770554065704346,22.780000686645508,1000.0,226.0,1.360347867012024,0.012476589530706406,6.0,1.0002870559692383,1.0002870559692383,1.0002870559692383,0.018096094951033592,2.7599999157246202e-05,0.945992648601532,4540000.0,-0.007755522150546312,-0.0005836496129631996,0.07020241767168045,0.03556939586997032,-0.0021532177925109863,0.5064033269882202,0.6988735198974609,0.13905328512191772,3.096346139907837,11469.21875,33.85139083862305,27.588682174682617,61.442054748535156,325.50994873046875,1.7521564960479736
4.029646873474121,23.68000030517578,1000.0,227.0,1.3600049018859863,0.00851431768387556,10.0,0.999422013759613,0.999422013759613,0.999422013759613,0.017293628305196762,2.6399999114801176e-05,0.9457104802131653,4560000.0,-0.009931131266057491,-0.002175609115511179,0.009690433740615845,0.02937566488981247,-0.006193730980157852,0.39820030331611633,0.5745388865470886,-0.12433463335037231,2.377706289291382,11555.5830078125,40.13111114501953,46.209815979003906,86.34092712402344,231.63986206054688,1.7529135942459106
3.4218223094940186,23.559999465942383,1000.0,228.0,1.3587260246276855,0.0068614608608186245,24.0,1.0016438961029053,1.0016438961029053,1.0016438961029053,0.04043419286608696,2.5200000891345553e-05,0.9445306658744812,4580000.0,-0.010173417627811432,-0.00024228636175394058,0.05515127629041672,0.024266226217150688,-0.005109438672661781,0.40569236874580383,0.30485132336616516,-0.26968756318092346,1.7542556524276733,11705.359375,36.86723709106445,112.8841552734375,149.7513885498047,133.5546875,1.7533992528915405
3.739888906478882,23.6200008392334,1000.0,229.0,1.3566044569015503,0.008202848955988884,11.0,1.0000982284545898,1.0000982284545898,1.0000982284545898,0.021694427356123924,2.4000000848900527e-05,0.9424554109573364,4600000.0,-0.00828002579510212,0.0018933918327093124,0.46929219365119934,0.025286540389060974,0.001020314171910286,0.537789523601532,0.5417537093162537,0.2369023859500885,2.3650407791137695,11793.0654296875,36.48290252685547,51.191131591796875,87.67403411865234,228.11770629882812,1.7536476850509644
4.415182590484619,22.979999542236328,1000.0,230.0,1.3559303283691406,0.00779831362888217,14.0,1.0006438493728638,1.0006438493728638,1.0006438493728638,0.018855877220630646,2.28000008064555e-05,0.9418210983276367,4620000.0,-0.00946088507771492,-0.0011808592826128006,-0.0580267459154129,0.027441656216979027,0.0021551158279180527,0.5004535913467407,0.5137345194816589,-0.028019189834594727,2.238037109375,11896.1953125,35.28731918334961,67.81568145751953,103.1030044555664,193.98077392578125,1.7535934448242188
3.8364758491516113,25.3799991607666,1000.0,231.0,1.3556797504425049,0.012338266707956791,7.0,0.9997959733009338,0.9997959733009338,0.9997959733009338,0.013844510540366173,2.1600000764010474e-05,0.9415392875671387,4640000.0,-0.005556089803576469,0.0039047952741384506,0.11632703989744186,0.027498485520482063,5.68293035030365e-05,0.45306825637817383,0.5910846590995789,0.07735013961791992,1.8083122968673706,11961.2138671875,31.0050048828125,33.987613677978516,64.99261474609375,307.7272644042969,1.7535970211029053
3.3880374431610107,19.459999084472656,1000.0,232.0,1.356178641319275,0.007368026301264763,13.0,1.0004650354385376,1.0004650354385376,1.0004650354385376,0.016012506559491158,2.0400000721565448e-05,0.9419643878936768,4660000.0,-0.006268367636948824,-0.0007122778333723545,0.29279083013534546,0.023411964997649193,-0.0040865205228328705,0.41563335061073303,0.34137633442878723,-0.24970832467079163,2.0215020179748535,12057.6611328125,35.15091323852539,61.27259063720703,96.42350769042969,207.41830444335938,1.7528332471847534
2.4067323207855225,19.1200008392334,1000.0,233.0,1.3563272953033447,0.008110960945487022,7.0,0.9986218214035034,0.9986218214035034,0.9986218214035034,0.013856646604835987,1.920000067912042e-05,0.9421051144599915,4680000.0,-0.006581536494195461,-0.00031316885724663734,-0.15717032551765442,0.027483947575092316,0.004071982577443123,0.3631014823913574,0.5132202506065369,0.17184391617774963,1.6823718547821045,12123.0341796875,33.19009017944336,32.15594482421875,65.34603118896484,306.0629577636719,1.7513283491134644
2.6482934951782227,21.860000610351562,1000.0,234.0,1.3586283922195435,0.0072496868669986725,10.0,1.0012712478637695,1.0012712478637695,1.0012712478637695,0.04011702910065651,1.8000000636675395e-05,0.9442313313484192,4700000.0,-0.005295796785503626,0.0012857397086918354,0.001991942524909973,0.02484586462378502,-0.0026380829513072968,0.3712417781352997,0.545813798904419,0.03259354829788208,1.5721381902694702,12205.9736328125,36.76019287109375,46.14532470703125,82.905517578125,241.23846435546875,1.7495338916778564
2.631002902984619,24.239999771118164,1000.0,235.0,1.360210657119751,0.007887069135904312,9.0,0.9992029070854187,0.9992029070854187,0.9992029070854187,0.014282156713306904,1.680000059423037e-05,0.9457303285598755,4720000.0,-0.008745932951569557,-0.0034501361660659313,0.15739396214485168,0.021564889699220657,-0.0032809749245643616,0.42561015486717224,0.5388038754463196,-0.007009923458099365,1.709713339805603,12282.8701171875,35.40753173828125,41.457515716552734,76.86504364013672,260.1962890625,1.7478090524673462
3.065692186355591,24.219999313354492,1000.0,236.0,1.3586398363113403,0.006582943256944418,13.0,0.9993463754653931,0.9993463754653931,0.9993463754653931,0.012858024798333645,1.5600000551785342e-05,0.9443080425262451,4740000.0,-0.008709128014743328,3.6804936826229095e-05,0.021550863981246948,0.02186516858637333,0.0003002788871526718,0.45726680755615234,0.4007495045661926,-0.13805437088012695,2.2444372177124023,12374.7431640625,30.731985092163086,61.11656188964844,91.84854888916016,217.74977111816406,1.7461440563201904
2.8401873111724854,23.219999313354492,1000.0,237.0,1.357759952545166,0.01018056832253933,8.0,1.000247597694397,1.000247597694397,1.000247597694397,0.033339034765958786,1.4399999599845614e-05,0.9434612393379211,4760000.0,-0.01120244711637497,-0.0024933191016316414,-0.10756658017635345,0.024936361238360405,0.003071192651987076,0.4419851005077362,0.5405041575431824,0.13975465297698975,1.8380675315856934,12449.12890625,38.50089645385742,35.858089447021484,74.3589859008789,268.9654846191406,1.7443926334381104
3.23958683013916,23.8799991607666,1000.0,238.0,1.3585559129714966,0.008109117858111858,11.0,0.9990406632423401,0.9990406632423401,0.9990406632423401,0.013515508733689785,1.3199999557400588e-05,0.9442197680473328,4780000.0,-0.008965009823441505,0.002237437292933464,-0.10681934654712677,0.024611879140138626,-0.00032448209822177887,0.4643826186656952,0.44583314657211304,-0.09467101097106934,1.8139315843582153,12535.302734375,35.73357009887695,50.417545318603516,86.15111541748047,232.15020751953125,1.7426553964614868
3.8291120529174805,25.559999465942383,1000.0,239.0,1.358539342880249,0.008809495717287064,10.0,0.9991632699966431,0.9991632699966431,0.9991632699966431,0.01711355708539486,1.2000000424450263e-05,0.9443008303642273,4800000.0,-0.00847883615642786,0.00048617366701364517,-0.04973747581243515,0.0269422996789217,0.0023304205387830734,0.4959832429885864,0.589128851890564,0.14329570531845093,2.5769433975219727,12618.333984375,37.27239227294922,45.73222732543945,83.0046157836914,240.950439453125,1.7411670684814453
4.205855846405029,22.84000015258789,1000.0,240.0,1.3598945140838623,0.006437758449465036,17.0,1.00017249584198,1.00017249584198,1.00017249584198,0.013399368152022362,1.0800000382005237e-05,0.945692777633667,4820000.0,-0.00872908253222704,-0.0002502463757991791,-0.16537512838840485,0.028755679726600647,0.0018133800476789474,0.44058868288993835,0.4486514627933502,-0.14047738909721375,1.9728550910949707,12731.5537109375,35.61661148071289,77.5779037475586,113.19451904296875,176.68699645996094,1.739519715309143
4.197468280792236,23.600000381469727,1000.0,241.0,1.3620120286941528,0.006485663820058107,11.0,1.0008152723312378,1.0008152723312378,1.0008152723312378,0.01760800927877426,9.60000033956021e-06,0.9477918148040771,4840000.0,-0.009349696338176727,-0.000620613805949688,0.2885693609714508,0.02246336080133915,-0.0062923189252614975,0.3743419647216797,0.5416757464408875,0.09302428364753723,1.9740734100341797,12816.037109375,33.43731689453125,51.01845169067383,84.45577239990234,236.8103485107422,1.7378356456756592
3.632643699645996,22.459999084472656,1000.0,242.0,1.3610854148864746,0.007406072225421667,40.0,0.9997293949127197,0.9997293949127197,0.9997293949127197,0.014574183151125908,8.400000297115184e-06,0.9469335675239563,4860000.0,-0.011669976636767387,-0.00232028029859066,-0.05146312341094017,0.018181046470999718,-0.004282314330339432,0.3718184530735016,0.2677341103553772,-0.27394163608551025,1.9510992765426636,13035.8388671875,37.339847564697266,182.4365692138672,219.7764129638672,91.00157928466797,1.7359565496444702
3.1153576374053955,18.639999389648438,1000.0,243.0,1.361356496810913,0.005471188575029373,28.0,1.0010085105895996,1.0010085105895996,1.0010085105895996,0.029138026759028435,7.199999799922807e-06,0.9471374750137329,4880000.0,-0.008054103702306747,0.00361587293446064,-0.15167103707790375,0.022047245875000954,0.003866199404001236,0.5004379153251648,0.24436596035957336,-0.023368149995803833,2.412757396697998,13199.0625,35.661041259765625,127.52400970458984,163.18605041503906,122.55949401855469,1.733358383178711
3.660907030105591,23.6200008392334,1000.0,244.0,1.3626888990402222,0.006881055887788534,25.0,0.9998485445976257,0.9998485445976257,0.9998485445976257,0.021207431331276894,6.000000212225132e-06,0.9484149217605591,4900000.0,-0.009264455176889896,-0.001210351474583149,-0.24568307399749756,0.021848397329449654,-0.00019884854555130005,0.5101612210273743,0.31735342741012573,0.07298746705055237,2.1111109256744385,13350.158203125,36.44538116455078,114.61821746826172,151.0635986328125,132.3945770263672,1.7308181524276733
3.710864782333374,23.65999984741211,1000.0,245.0,1.3629192113876343,0.004507046192884445,40.0,1.001389503479004,1.001389503479004,1.001389503479004,0.015884459018707275,4.800000169780105e-06,0.9487208724021912,4920000.0,-0.009502342902123928,-0.00023788772523403168,0.09381814301013947,0.023659205064177513,0.0018108077347278595,0.5359302163124084,0.3232641816139221,0.005910754203796387,2.5202858448028564,13565.4169921875,31.681049346923828,183.5242462158203,215.20529174804688,92.93451690673828,1.7283354997634888
3.8918521404266357,27.219999313354492,1000.0,246.0,1.36341392993927,0.005170990247279406,39.0,1.001155972480774,1.001155972480774,1.001155972480774,0.014417929574847221,3.5999998999614036e-06,0.9493515491485596,4940000.0,-0.007273850962519646,0.0022284919396042824,-0.06586857885122299,0.024673525243997574,0.0010143201798200607,0.5508445501327515,0.3210105895996094,-0.002253592014312744,2.365161657333374,13776.21484375,34.507381439208984,176.25119018554688,210.75856018066406,94.89531707763672,1.726413607597351
3.6362814903259277,20.3799991607666,1000.0,247.0,1.3642586469650269,0.005835887975990772,40.0,0.9988862872123718,0.9988862872123718,0.9988862872123718,0.013184716925024986,2.4000000848900527e-06,0.950186550617218,4960000.0,-0.010361873544752598,-0.003088022582232952,-0.021359503269195557,0.01755519025027752,-0.007118334993720055,0.49080830812454224,0.27456778287887573,-0.04644280672073364,2.1932778358459473,13991.9970703125,35.11161804199219,180.62355041503906,215.73516845703125,92.70626068115234,1.724017858505249
4.268657207489014,24.700000762939453,1000.0,248.0,1.3649431467056274,0.0013239311520010233,40.0,1.0001624822616577,1.0001624822616577,1.0001624822616577,0.00637787114828825,1.2000000424450263e-06,0.9507143497467041,4980000.0,-0.004482475575059652,0.0058793979696929455,0.03958003968000412,0.021982045844197273,0.004426855593919754,0.5323994755744934,0.37696462869644165,0.10239684581756592,2.3562865257263184,14206.8349609375,33.706302642822266,181.09523010253906,214.80152893066406,93.10920715332031,1.721813678741455
4.869241237640381,23.059999465942383,1000.0,249.0,1.3651304244995117,0.0005397632485255599,40.0,0.9999398589134216,0.9999398589134216,0.9999398589134216,0.004047167021781206,0.0,0.9508314728736877,5000000.0,-0.0023613369558006525,0.002121138619259,-0.03214272856712341,0.025320205837488174,0.003338159993290901,0.7184234857559204,0.32735779881477356,-0.04960682988166809,3.104112386703491,14420.005859375,30.81820297241211,182.31405639648438,213.13226318359375,93.83844757080078,1.7195461988449097
