Metrics/EpRet,Metrics/EpCost,Metrics/EpLen,Train/Epoch,Train/Entropy,Train/KL,Train/StopIter,Train/PolicyRatio,Train/PolicyRatio/Min,Train/PolicyRatio/Max,Train/PolicyRatio/Std,Train/LR,Train/PolicyStd,TotalEnvSteps,Loss/Loss_pi,Loss/Loss_pi/Delta,Value/Adv,Loss/Loss_reward_critic,Loss/Loss_reward_critic/Delta,Value/reward,Loss/Loss_cost_critic,Loss/Loss_cost_critic/Delta,Value/cost,Time/Total,Time/Rollout,Time/Update,Time/Epoch,Time/FPS,Metrics/LagrangeMultiplier
-1.3909698724746704,53.6875,1000.0,0.0,1.4188987016677856,0.01608223468065262,2.0,0.998705267906189,0.998705267906189,0.998705267906189,0.020672257989645004,0.00029880000511184335,0.9999653100967407,20000.0,-0.0023479864466935396,-0.0023479864466935396,-0.17834842205047607,0.02250833250582218,0.02250833250582218,0.031191183254122734,7.019033432006836,7.019033432006836,0.007206331007182598,53.0859260559082,44.829429626464844,8.256495475769043,53.0859260559082,376.7477111816406,0.03599999472498894
-0.627621054649353,57.4375,1000.0,1.0,1.4169639348983765,0.00955262128263712,6.0,0.9988692402839661,0.9988692402839661,0.9988692402839661,0.019506996497511864,0.0002975999959744513,0.9980297088623047,40000.0,-0.00020255797426216304,0.0021454284724313766,0.18573914468288422,0.013830503448843956,-0.008677829056978226,0.014433743432164192,4.655920028686523,-2.3631134033203125,1.141174077987671,107.4521713256836,28.700281143188477,25.645679473876953,54.3459587097168,368.01263427734375,0.07104603946208954
0.4362662136554718,60.875,1000.0,2.0,1.417710304260254,0.023762160912156105,3.0,1.000882625579834,1.000882625579834,1.000882625579834,0.0263003408908844,0.00029639998683705926,0.9987742304801941,60000.0,-0.001977550331503153,-0.0017749923572409898,-0.035113684833049774,0.013854669407010078,2.4165958166122437e-05,0.0188398826867342,4.111344337463379,-0.5445756912231445,2.072274923324585,149.33267211914062,29.11929702758789,12.739599227905273,41.85889434814453,477.7956848144531,0.10617154091596603
1.6120342016220093,68.12000274658203,1000.0,3.0,1.4142600297927856,0.010173899121582508,5.0,1.0010851621627808,1.0010851621627808,1.0010851621627808,0.019085098057985306,0.00029520000680349767,0.9953372478485107,80000.0,-0.0013026332017034292,0.0006749171297997236,-0.045399270951747894,0.011280127801001072,-0.0025745416060090065,0.050574447959661484,4.81990909576416,0.7085647583007812,2.383716106414795,200.1289825439453,29.42605972290039,21.350740432739258,50.776798248291016,393.88067626953125,0.141380175948143
3.1492364406585693,82.69999694824219,1000.0,4.0,1.4131865501403809,0.010206014849245548,6.0,1.0013762712478638,1.0013762712478638,1.0013762712478638,0.018766364082694054,0.00029399999766610563,0.9942768216133118,100000.0,-0.0014116446254774928,-0.00010901142377406359,0.05616648122668266,0.022524669766426086,0.011244541965425014,0.12650606036186218,4.589042663574219,-0.2308664321899414,3.0539073944091797,266.0629577636719,39.863372802734375,26.050439834594727,65.91381072998047,303.4265441894531,0.17650985717773438
4.498691558837891,80.05999755859375,1000.0,5.0,1.4108514785766602,0.01778528466820717,8.0,1.0003721714019775,1.0003721714019775,1.0003721714019775,0.02212456241250038,0.0002927999885287136,0.9919672608375549,120000.0,-0.002399066463112831,-0.0009874218376353383,0.18272852897644043,0.02297063171863556,0.00044596195220947266,0.254978209733963,2.634685754776001,-1.9543569087982178,4.8173041343688965,329.4208984375,29.0701904296875,34.26479721069336,63.33498764038086,315.7812194824219,0.21187445521354675
7.633957386016846,81.72000122070312,1000.0,6.0,1.4057320356369019,0.010595327243208885,10.0,1.0002907514572144,1.0002907514572144,1.0002907514572144,0.018262796103954315,0.000291600008495152,0.9869048595428467,140000.0,-0.0039637451991438866,-0.0015646787360310555,-0.2635890245437622,0.03654630109667778,0.013575669378042221,0.4751752018928528,2.704890727996826,0.0702049732208252,4.438581466674805,403.06591796875,29.489383697509766,44.133331298828125,73.62271881103516,271.6552734375,0.24746456742286682
9.224042892456055,72.16000366210938,1000.0,7.0,1.4024416208267212,0.018537135794758797,4.0,1.0013771057128906,1.0013771057128906,1.0013771057128906,0.026351533830165863,0.00029039999935775995,0.9836570024490356,160000.0,-0.0005614109104499221,0.0034023342886939645,-0.18857616186141968,0.03536607325077057,-0.0011802278459072113,0.4659923315048218,3.0968499183654785,0.39195919036865234,4.686758041381836,458.6169128417969,38.34197235107422,17.181934356689453,55.52390670776367,360.2052001953125,0.2830033600330353
10.933156967163086,70.91999816894531,1000.0,8.0,1.4032999277114868,0.010596098378300667,5.0,1.0011249780654907,1.0011249780654907,1.0011249780654907,0.01844489574432373,0.0002891999902203679,0.984524667263031,180000.0,-0.0014893218176439404,-0.0009279109071940184,-0.3459283709526062,0.038087207823991776,0.0027211345732212067,0.5986586213111877,3.310502529144287,0.2136526107788086,4.036876678466797,508.4738464355469,28.4045467376709,21.43238067626953,49.8369255065918,401.308837890625,0.31845587491989136
11.528285026550293,72.12000274658203,1000.0,9.0,1.4054279327392578,0.01994481310248375,6.0,1.0016509294509888,1.0016509294509888,1.0016509294509888,0.021136047318577766,0.0002880000101868063,0.9866241812705994,200000.0,-0.0025175034534186125,-0.001028181635774672,0.17943203449249268,0.04659326374530792,0.008506055921316147,0.7562751173973083,3.719064950942993,0.40856242179870605,5.816187381744385,562.6212158203125,28.24175453186035,25.884675979614258,54.12643051147461,369.5052490234375,0.3538867235183716
12.309146881103516,94.44000244140625,1000.0,10.0,1.408599615097046,0.012425986118614674,6.0,1.0014699697494507,1.0014699697494507,1.0014699697494507,0.02081008441746235,0.0002868000010494143,0.9897838830947876,220000.0,-0.0021718016359955072,0.00034570181742310524,-0.13016344606876373,0.04969126731157303,0.003098003566265106,0.9717460870742798,3.6112496852874756,-0.10781526565551758,6.895729064941406,627.8878784179688,36.61380386352539,28.631086349487305,65.24488830566406,306.53741455078125,0.38981300592422485
13.93242073059082,107.62000274658203,1000.0,11.0,1.4060152769088745,0.011916887946426868,5.0,1.000315546989441,1.000315546989441,1.000315546989441,0.018892860040068626,0.00028559999191202223,0.9872691035270691,240000.0,-0.0018465524772182107,0.00032524915877729654,0.29609599709510803,0.0642772912979126,0.014586023986339569,1.0682435035705566,4.686323642730713,1.0750739574432373,7.072765827178955,678.8600463867188,28.995450973510742,21.955392837524414,50.950843811035156,392.53521728515625,0.4262455701828003
13.520526885986328,119.18000030517578,1000.0,12.0,1.405320405960083,0.014215603470802307,6.0,1.0006235837936401,1.0006235837936401,1.0006235837936401,0.021857624873518944,0.00028440001187846065,0.9866210222244263,260000.0,-0.00355380866676569,-0.0017072561895474792,0.036557093262672424,0.07226453721523285,0.007987245917320251,1.126691460609436,4.365543365478516,-0.32078027725219727,7.760261058807373,735.1234741210938,29.345333099365234,26.89635467529297,56.2416877746582,355.60809326171875,0.46316802501678467
14.63653564453125,120.12000274658203,1000.0,13.0,1.4071016311645508,0.034574467688798904,2.0,1.0001920461654663,1.0001920461654663,1.0001920461654663,0.026964042335748672,0.0002832000027410686,0.9883577823638916,280000.0,-0.0012781176483258605,0.0022756910184398293,-0.11130767315626144,0.05608716607093811,-0.01617737114429474,0.9984890818595886,7.715402126312256,3.3498587608337402,8.043667793273926,778.103759765625,34.1353759765625,8.821516036987305,42.95689392089844,465.5830383300781,0.5005529522895813
12.911591529846191,96.77999877929688,1000.0,14.0,1.410233974456787,0.014666058123111725,3.0,1.0004515647888184,1.0004515647888184,1.0004515647888184,0.019060783088207245,0.00028199999360367656,0.9913995265960693,300000.0,-0.0011503103887662292,0.00012780725955963135,-0.25908687710762024,0.05184922367334366,-0.004237942397594452,0.8948105573654175,3.9153130054473877,-3.800089120864868,6.685281276702881,824.8963623046875,33.34528350830078,13.426017761230469,46.77130126953125,427.6126403808594,0.5379576683044434
12.516953468322754,86.5999984741211,1000.0,15.0,1.4101861715316772,0.014299821108579636,3.0,0.9987565875053406,0.9987565875053406,0.9987565875053406,0.02121473290026188,0.00028080001357011497,0.9913647174835205,320000.0,-0.0012545196805149317,-0.00010420929174870253,0.07599514722824097,0.06275341659784317,0.010904192924499512,1.1672039031982422,4.605361461639404,0.6900484561920166,7.6602983474731445,872.3724365234375,34.04438400268555,13.410139083862305,47.45546340942383,421.4477844238281,0.5750830173492432
13.09695816040039,70.05999755859375,1000.0,16.0,1.4117729663848877,0.015909023582935333,2.0,0.998875617980957,0.998875617980957,0.998875617980957,0.020267672836780548,0.0002796000044327229,0.9929473400115967,340000.0,-0.0010896921157836914,0.00016482756473124027,0.02837343141436577,0.07387526333332062,0.011121846735477448,1.3759737014770508,5.489623069763184,0.8842616081237793,8.127776145935059,915.4439086914062,33.46455383300781,9.585289001464844,43.05094909667969,464.5658264160156,0.6113431453704834
16.061246871948242,94.30000305175781,1000.0,17.0,1.4124972820281982,0.022287920117378235,3.0,1.001862645149231,1.001862645149231,1.001862645149231,0.025508206337690353,0.0002783999952953309,0.9936680197715759,360000.0,-0.0010484541999176145,4.1237915866076946e-05,-0.09009771794080734,0.07432732731103897,0.00045206397771835327,1.5763262510299683,7.020859241485596,1.531236171722412,9.586188316345215,963.1455078125,34.125003814697266,13.555872917175293,47.680877685546875,419.4553527832031,0.647743821144104
17.148998260498047,102.22000122070312,1000.0,18.0,1.4135714769363403,0.017601780593395233,2.0,1.000826358795166,1.000826358795166,1.000826358795166,0.023129822686314583,0.00027719998615793884,0.9947401285171509,380000.0,0.0012309366138651967,0.002279390813782811,-0.12382020056247711,0.06734570115804672,-0.0069816261529922485,1.602354645729065,6.357113838195801,-0.6637454032897949,8.364523887634277,1001.9979248046875,29.513662338256836,9.318183898925781,38.83184814453125,515.0411987304688,0.6844807863235474
16.845190048217773,106.0999984741211,1000.0,19.0,1.4160516262054443,0.019937921315431595,2.0,1.001817226409912,1.001817226409912,1.001817226409912,0.024079689756035805,0.00027600000612437725,0.99720698595047,400000.0,-0.002023921115323901,-0.003254857729189098,0.26104044914245605,0.06388676166534424,-0.003458939492702484,1.4678888320922852,5.609396934509277,-0.7477169036865234,6.7169718742370605,1046.8194580078125,35.18933868408203,9.61335563659668,44.802696228027344,446.4017028808594,0.7215932607650757
16.40544891357422,103.9800033569336,1000.0,20.0,1.4206546545028687,0.018940486013889313,3.0,0.9999139308929443,0.9999139308929443,0.9999139308929443,0.02542572095990181,0.0002747999969869852,1.001819372177124,420000.0,-0.0011459158267825842,0.000878005288541317,0.22461339831352234,0.07061255723237991,0.006725795567035675,1.672537922859192,6.153643608093262,0.5442466735839844,8.30959701538086,1094.873291015625,35.09767150878906,12.936434745788574,48.03410720825195,416.3708190917969,0.7589573860168457
15.902356147766113,101.44000244140625,1000.0,21.0,1.4205427169799805,0.018599720671772957,3.0,1.0001616477966309,1.0001616477966309,1.0001616477966309,0.02034897543489933,0.00027359998784959316,1.0016987323760986,440000.0,-0.0025232145562767982,-0.001377298729494214,0.015976672992110252,0.06398892402648926,-0.0066236332058906555,1.5607166290283203,5.19843053817749,-0.9552130699157715,7.445878028869629,1140.0926513671875,31.418235778808594,13.780912399291992,45.19914627075195,442.4862060546875,0.7964552640914917
18.37409210205078,105.87999725341797,1000.0,22.0,1.4181426763534546,0.023990515619516373,2.0,1.0010956525802612,1.0010956525802612,1.0010956525802612,0.02402973547577858,0.0002724000078160316,0.9993228316307068,460000.0,-0.0009059799485839903,0.001617234607692808,0.12568843364715576,0.09885110706090927,0.03486218303442001,1.9128820896148682,7.762999534606934,2.5645689964294434,8.577791213989258,1188.0299072265625,38.843223571777344,9.072389602661133,47.915611267089844,417.4004821777344,0.8341848254203796
18.536380767822266,98.94000244140625,1000.0,23.0,1.4132535457611084,0.014960024505853653,4.0,1.000091791152954,1.000091791152954,1.000091791152954,0.021305803209543228,0.00027119999867863953,0.994451642036438,480000.0,-0.001144837005995214,-0.00023885705741122365,0.01460876315832138,0.0739748626947403,-0.024876244366168976,1.8015754222869873,4.133635520935059,-3.629364013671875,9.119146347045898,1236.6064453125,30.6967830657959,17.858896255493164,48.55567932128906,411.89825439453125,0.8718993663787842
18.422849655151367,98.58000183105469,1000.0,24.0,1.4133672714233398,0.030147427693009377,2.0,0.9985327124595642,0.9985327124595642,0.9985327124595642,0.02590380422770977,0.0002699999895412475,0.9945473670959473,500000.0,-0.0013892111601307988,-0.00024437415413558483,-0.12392710149288177,0.0756102129817009,0.0016353502869606018,1.7024376392364502,6.964056491851807,2.830420970916748,8.00245189666748,1283.3802490234375,37.29571533203125,9.457413673400879,46.75312805175781,427.7788391113281,0.9095825552940369
16.22850799560547,92.72000122070312,1000.0,25.0,1.4180166721343994,0.01762884110212326,2.0,0.9985376000404358,0.9985376000404358,0.9985376000404358,0.02042064256966114,0.0002688000095076859,0.9991604089736938,520000.0,-0.0003128878306597471,0.0010763233294710517,-0.2515098750591278,0.07699665427207947,0.0013864412903785706,1.6276679039001465,6.118011951446533,-0.8460445404052734,8.490257263183594,1324.8182373046875,32.467044830322266,8.949389457702637,41.41643524169922,482.90008544921875,0.9470387697219849
16.17919158935547,84.81999969482422,1000.0,26.0,1.4194585084915161,0.016800710931420326,4.0,1.0001161098480225,1.0001161098480225,1.0001161098480225,0.0212587658315897,0.00026760000037029386,1.0005918741226196,540000.0,-0.004325538873672485,-0.004012651043012738,0.19905340671539307,0.06904426962137222,-0.007952384650707245,1.8257842063903809,3.531075954437256,-2.5869359970092773,8.813682556152344,1378.796630859375,33.26099395751953,20.697023391723633,53.9580192565918,370.6585388183594,0.9840087890625
16.5283260345459,74.95999908447266,1000.0,27.0,1.418562889099121,0.016434449702501297,4.0,1.001193881034851,1.001193881034851,1.001193881034851,0.02134617604315281,0.0002663999912329018,0.999678373336792,560000.0,-0.002966600237414241,0.0013589386362582445,-0.07789063453674316,0.07911938428878784,0.010075114667415619,1.7974214553833008,3.899247646331787,0.36817169189453125,7.714947700500488,1429.654541015625,33.33577346801758,17.4914608001709,50.827232360839844,393.4898376464844,1.020159363746643
17.357410430908203,69.5999984741211,1000.0,28.0,1.4200668334960938,0.02050783857703209,4.0,1.001266598701477,1.001266598701477,1.001266598701477,0.023618968203663826,0.0002652000111993402,1.001163125038147,580000.0,-0.004239012487232685,-0.0012724122498184443,0.19016113877296448,0.07700346410274506,-0.0021159201860427856,1.890437126159668,3.6779608726501465,-0.22128677368164062,8.518524169921875,1486.5087890625,38.66249084472656,18.171594619750977,56.834083557128906,351.9014892578125,1.0553542375564575
16.284757614135742,64.45999908447266,1000.0,29.0,1.418089747428894,0.014764942228794098,3.0,0.9985210299491882,0.9985210299491882,0.9985210299491882,0.01935756579041481,0.0002640000020619482,0.9992154240608215,600000.0,-0.0018874562811106443,0.0023515562061220407,0.2610444724559784,0.08190937340259552,0.004905909299850464,1.6487375497817993,3.65733003616333,-0.020630836486816406,7.041907787322998,1534.728515625,33.9853630065918,14.213170051574707,48.19853210449219,414.95037841796875,1.089467167854309
15.940705299377441,63.31999969482422,1000.0,30.0,1.4159739017486572,0.017372364178299904,3.0,0.9998931884765625,0.9998931884765625,0.9998931884765625,0.020768286660313606,0.00026279999292455614,0.9971402287483215,620000.0,-0.0025257794186472893,-0.0006383231375366449,-0.10811660438776016,0.06304170191287994,-0.018867671489715576,1.487166166305542,2.7460122108459473,-0.9113178253173828,6.600661754608154,1584.3277587890625,35.474796295166016,14.103385925292969,49.578182220458984,403.40325927734375,1.1225613355636597
15.318063735961914,67.19999694824219,1000.0,31.0,1.4176452159881592,0.0215375404804945,1.0,0.9987855553627014,0.9987855553627014,0.9987855553627014,0.021027322858572006,0.00026160001289099455,0.9987846612930298,640000.0,0.0007469911361113191,0.0032727705547586083,0.30707746744155884,0.07904651015996933,0.016004808247089386,1.68295156955719,6.243951320648193,3.497939109802246,6.74790096282959,1621.346435546875,32.51668167114258,4.480467796325684,36.99715042114258,540.5822143554688,1.1549302339553833
13.476706504821777,66.36000061035156,1000.0,32.0,1.4141271114349365,0.013342918828129768,4.0,0.9979203343391418,0.9979203343391418,0.9979203343391418,0.020027142018079758,0.0002604000037536025,0.9952725768089294,660000.0,-0.0051521966233849525,-0.005899187759496272,-0.28103992342948914,0.05883217602968216,-0.02021433413028717,1.3474515676498413,3.0446600914001465,-3.199291229248047,5.591835021972656,1678.535888671875,39.35841369628906,17.806978225708008,57.16539001464844,349.8620300292969,1.1866159439086914
13.867473602294922,79.83999633789062,1000.0,33.0,1.4136306047439575,0.02323366329073906,1.0,1.000876784324646,1.000876784324646,1.000876784324646,0.022819362580776215,0.00025919999461621046,0.9947876334190369,680000.0,0.00226373178884387,0.007415928412228823,-0.06329142302274704,0.07632862031459808,0.017496444284915924,1.4860421419143677,7.531797409057617,4.487137317657471,6.571531295776367,1716.5477294921875,33.36534118652344,4.623936653137207,37.98927688598633,526.46435546875,1.2183213233947754
11.668842315673828,75.86000061035156,1000.0,34.0,1.4132205247879028,0.021203329786658287,3.0,0.9999338388442993,0.9999338388442993,0.9999338388442993,0.021844251081347466,0.0002579999854788184,0.9944071173667908,700000.0,-0.003803249914199114,-0.006066981703042984,-0.21933676302433014,0.060948461294174194,-0.01538015902042389,1.2625032663345337,3.4673967361450195,-4.064400672912598,6.447893142700195,1768.51220703125,38.32258605957031,13.621432304382324,51.94401931762695,385.0299072265625,1.2498692274093628
12.413926124572754,79.0999984741211,1000.0,35.0,1.4120794534683228,0.021398330107331276,3.0,0.9987209439277649,0.9987209439277649,0.9987209439277649,0.02266615256667137,0.00025680000544525683,0.9933618307113647,720000.0,-0.0027366443537175655,0.0010666055604815483,-0.21490831673145294,0.07666920125484467,0.01572073996067047,1.5537586212158203,3.8248867988586426,0.35749006271362305,6.839854717254639,1818.622802734375,36.50865936279297,13.577052116394043,50.08570861816406,399.31549072265625,1.2814316749572754
12.517319679260254,75.80000305175781,1000.0,36.0,1.414888620376587,0.01553630642592907,2.0,0.9999470710754395,0.9999470710754395,0.9999470710754395,0.020833738148212433,0.0002555999963078648,0.9961647987365723,740000.0,-0.000635798554867506,0.0021008457988500595,-0.11310215294361115,0.08012343943119049,0.003454238176345825,1.5504142045974731,5.032148838043213,1.2072620391845703,6.982276439666748,1861.89697265625,34.38106155395508,8.872946739196777,43.25400924682617,462.3848876953125,1.3128604888916016
11.91662883758545,68.04000091552734,1000.0,37.0,1.4160891771316528,0.018566234037280083,3.0,1.0003421306610107,1.0003421306610107,1.0003421306610107,0.03430061414837837,0.00025439998717047274,0.9973070025444031,760000.0,-0.001358306733891368,-0.0007225081790238619,-0.03689047694206238,0.06418391317129135,-0.01593952625989914,1.2924216985702515,2.9589617252349854,-2.0731871128082275,6.848562717437744,1913.0064697265625,37.69401168823242,13.39583969116211,51.08985137939453,391.4671630859375,1.343803882598877
12.637687683105469,68.16000366210938,1000.0,38.0,1.4151935577392578,0.014477811753749847,3.0,0.9999664425849915,0.9999664425849915,0.9999664425849915,0.018743252381682396,0.00025320000713691115,0.9964579343795776,780000.0,-0.002630323637276888,-0.00127201690338552,0.23277491331100464,0.06673097610473633,0.002547062933444977,1.4235475063323975,3.8450682163238525,0.8861064910888672,6.155632972717285,1960.2171630859375,32.853797912597656,14.336359977722168,47.190155029296875,423.81719970703125,1.3743246793746948
12.803810119628906,65.12000274658203,1000.0,39.0,1.4149010181427002,0.012916717678308487,4.0,1.0003670454025269,1.0003670454025269,1.0003670454025269,0.02010001242160797,0.0002519999979995191,0.9962191581726074,800000.0,-0.004488939885050058,-0.0018586162477731705,-0.046987973153591156,0.0667363852262497,5.409121513366699e-06,1.525137186050415,3.295275926589966,-0.5497922897338867,7.399738311767578,2015.966552734375,37.794891357421875,17.933170318603516,55.728057861328125,358.8856201171875,1.404320478439331
14.272119522094727,68.86000061035156,1000.0,40.0,1.4144989252090454,0.03468446806073189,2.0,1.0000118017196655,1.0000118017196655,1.0000118017196655,0.0287729911506176,0.00025079998886212707,0.9958572387695312,820000.0,-0.0057077668607234955,-0.0012188269756734371,0.041346944868564606,0.07558392733335495,0.008847542107105255,1.4206814765930176,4.865312576293945,1.5700366497039795,6.133976459503174,2063.970947265625,37.46975326538086,10.512615203857422,47.98236846923828,416.8197937011719,1.4340418577194214
13.312313079833984,61.2599983215332,1000.0,41.0,1.4052995443344116,0.013659263029694557,5.0,1.0010929107666016,1.0010929107666016,1.0010929107666016,0.01904762163758278,0.0002496000088285655,0.9868777990341187,840000.0,-0.005149961449205875,0.0005578054115176201,0.22824788093566895,0.06149126589298248,-0.014092661440372467,1.2659151554107666,2.2120280265808105,-2.6532845497131348,5.365781307220459,2121.54345703125,34.807350158691406,22.73467445373535,57.54202651977539,347.5720520019531,1.4631320238113403
12.77424430847168,54.65999984741211,1000.0,42.0,1.3994710445404053,0.01685883291065693,2.0,1.0001300573349,1.0001300573349,1.0001300573349,0.01856488734483719,0.00024839999969117343,0.9811164736747742,860000.0,-0.0019302183063700795,0.003219743142835796,0.22018295526504517,0.06219511851668358,0.0007038526237010956,1.211881399154663,3.658099889755249,1.4460718631744385,4.636961936950684,2166.8212890625,35.46255111694336,9.793731689453125,45.256282806396484,441.9276123046875,1.491305947303772
11.90112018585205,52.20000076293945,1000.0,43.0,1.3975672721862793,0.023999329656362534,2.0,0.9993247389793396,0.9993247389793396,0.9993247389793396,0.02583695761859417,0.0002471999905537814,0.9792059063911438,880000.0,-0.0031385633628815413,-0.0012083450565114617,0.029801778495311737,0.07300100475549698,0.0108058862388134,1.2874345779418945,4.0344977378845215,0.37639784812927246,5.506608486175537,2209.513671875,33.50959396362305,9.162500381469727,42.672096252441406,468.69036865234375,1.5185226202011108
10.937448501586914,59.720001220703125,1000.0,44.0,1.3948745727539062,0.017743520438671112,2.0,1.0009406805038452,1.0009406805038452,1.0009406805038452,0.023973610252141953,0.0002460000105202198,0.9765433073043823,900000.0,-0.0026066736318171024,0.0005318897310644388,0.02672826685011387,0.06685763597488403,-0.0061433687806129456,1.347360372543335,4.266141891479492,0.2316441535949707,5.028595924377441,2255.19287109375,36.242713928222656,9.416389465332031,45.65910339355469,438.02874755859375,1.5452989339828491
9.930377006530762,51.119998931884766,1000.0,45.0,1.3933488130569458,0.018257295712828636,4.0,1.0007340908050537,1.0007340908050537,1.0007340908050537,0.023154769092798233,0.00024480000138282776,0.9750467538833618,920000.0,-0.00528822373598814,-0.0026815501041710377,0.013873517513275146,0.06540718674659729,-0.0014504492282867432,1.0829063653945923,1.9795078039169312,-2.286634087562561,4.33378791809082,2307.92529296875,34.374507904052734,18.337337493896484,52.711849212646484,379.4213562011719,1.5712032318115234
10.300222396850586,54.560001373291016,1000.0,46.0,1.3983609676361084,0.01327602006494999,2.0,0.9997860789299011,0.9997860789299011,0.9997860789299011,0.016221212223172188,0.00024360000679735094,0.9799607992172241,940000.0,0.00012269167928025126,0.005410915415268391,-0.4812272787094116,0.07152292132377625,0.006115734577178955,1.2940903902053833,3.33365797996521,1.3541501760482788,5.247674465179443,2355.988525390625,39.06134033203125,8.979894638061523,48.04123306274414,416.3090515136719,1.596523404121399
10.64019775390625,52.2400016784668,1000.0,47.0,1.404183030128479,0.02500060573220253,1.0,0.9969954490661621,0.9969954490661621,0.9969954490661621,0.02081538736820221,0.0002423999976599589,0.9856780171394348,960000.0,0.00026079011149704456,0.0001380984322167933,0.05303926765918732,0.08179003745317459,0.010267116129398346,1.298948884010315,5.409844875335693,2.0761868953704834,5.1287102699279785,2396.653076171875,35.9283332824707,4.716221809387207,40.644554138183594,492.0708312988281,1.621189832687378
12.543330192565918,68.77999877929688,1000.0,48.0,1.401268482208252,0.018846917897462845,2.0,0.9993807673454285,0.9993807673454285,0.9993807673454285,0.023184342309832573,0.00024120000307448208,0.9828703999519348,980000.0,-0.0011225213529542089,-0.0013833114644512534,0.2705475389957428,0.0853601023554802,0.003570064902305603,1.3653593063354492,5.472706317901611,0.06286144256591797,6.299873352050781,2442.295654296875,36.47866439819336,9.144024848937988,45.62268829345703,438.37835693359375,1.6462178230285645
12.710738182067871,66.18000030517578,1000.0,49.0,1.397620677947998,0.011686928570270538,4.0,0.9997878670692444,0.9997878670692444,0.9997878670692444,0.01581088826060295,0.00023999999393709004,0.9793041944503784,1000000.0,-0.0034681030083447695,-0.0023455816553905606,0.1154140904545784,0.06262397766113281,-0.02273612469434738,1.1994084119796753,2.237935781478882,-3.2347705364227295,4.938138961791992,2494.83203125,33.738990783691406,18.777278900146484,52.51626968383789,380.8343505859375,1.671434760093689
11.633116722106934,60.560001373291016,1000.0,50.0,1.3967530727386475,0.01831958256661892,2.0,1.0010876655578613,1.0010876655578613,1.0010876655578613,0.029176443815231323,0.00023879999935161322,0.9784001111984253,1020000.0,2.90845910058124e-05,0.003497187599350582,0.15710774064064026,0.06093142181634903,-0.001692555844783783,1.0173749923706055,3.2832932472229004,1.0453574657440186,4.257476329803467,2539.8466796875,35.67279052734375,9.321824073791504,44.99461364746094,444.4976501464844,1.6965103149414062
11.004219055175781,56.7400016784668,1000.0,51.0,1.396653652191162,0.021095719188451767,1.0,0.9992632865905762,0.9992632865905762,0.9992632865905762,0.018241293728351593,0.0002376000047661364,0.9783690571784973,1040000.0,0.0019528773846104741,0.0019237927936046617,-0.13392417132854462,0.08575978875160217,0.024828366935253143,1.3217722177505493,5.531726360321045,2.2484331130981445,5.907157897949219,2581.0888671875,36.804344177246094,4.417011260986328,41.22135925292969,485.1853942871094,1.7212446928024292
10.326058387756348,63.939998626708984,1000.0,52.0,1.3971283435821533,0.022397516295313835,1.0,1.000967264175415,1.000967264175415,1.000967264175415,0.02320103347301483,0.00023639999562874436,0.9788666367530823,1060000.0,0.001052244333550334,-0.0009006330510601401,0.3584427833557129,0.08242585510015488,-0.003333933651447296,1.249056100845337,6.616936206817627,1.085209846496582,6.0987138748168945,2620.921142578125,35.08150100708008,4.730997085571289,39.812496185302734,502.3548278808594,1.7461012601852417
10.891746520996094,61.08000183105469,1000.0,53.0,1.390676736831665,0.013265598565340042,3.0,1.0001224279403687,1.0001224279403687,1.0001224279403687,0.018153345212340355,0.00023520000104326755,0.9725939035415649,1080000.0,-0.003940497990697622,-0.004992742324247956,0.13957515358924866,0.06627041846513748,-0.016155436635017395,1.1423602104187012,3.542633533477783,-3.0743026733398438,5.7619829177856445,2672.033203125,37.39052200317383,13.701465606689453,51.09198760986328,391.4508056640625,1.7709100246429443
10.907471656799316,62.5,1000.0,54.0,1.3836809396743774,0.02102627418935299,2.0,0.9991119503974915,0.9991119503974915,0.9991119503974915,0.02310924418270588,0.00023400000645779073,0.9658810496330261,1100000.0,-0.0035548449959605932,0.0003856529947370291,-0.0716015100479126,0.07403502613306046,0.007764607667922974,1.1897083520889282,4.322214126586914,0.7795805931091309,5.134880542755127,2719.438720703125,37.79016876220703,9.593783378601074,47.38395309448242,422.0838317871094,1.7957682609558105
10.034307479858398,57.779998779296875,1000.0,55.0,1.3799636363983154,0.019532158970832825,3.0,1.001371145248413,1.001371145248413,1.001371145248413,0.02482185699045658,0.0002327999973203987,0.9623750448226929,1120000.0,-0.004488575737923384,-0.0009337307419627905,0.1230912134051323,0.051820140331983566,-0.02221488580107689,1.1014758348464966,3.0195202827453613,-1.3026938438415527,4.737606048583984,2767.597900390625,34.30492401123047,13.833972930908203,48.13889694213867,415.4644470214844,1.8203990459442139
9.376077651977539,66.5,1000.0,56.0,1.3763996362686157,0.022079909220337868,3.0,1.000651478767395,1.000651478767395,1.000651478767395,0.02451395057141781,0.00023160000273492187,0.9590226411819458,1140000.0,-0.005483326502144337,-0.000994750764220953,0.22026808559894562,0.06385087221860886,0.01203073188662529,1.150530457496643,3.3650331497192383,0.34551286697387695,5.07073450088501,2820.275146484375,39.54275894165039,13.113072395324707,52.65583038330078,379.8249816894531,1.845353126525879
9.643017768859863,70.30000305175781,1000.0,57.0,1.3755536079406738,0.020893612876534462,2.0,0.999441921710968,0.999441921710968,0.999441921710968,0.023079169914126396,0.00023039999359752983,0.9581291079521179,1160000.0,-0.002469936152920127,0.00301339034922421,-0.01223033294081688,0.07217233628034592,0.00832146406173706,1.2232528924942017,4.387320518493652,1.022287368774414,5.572470188140869,2865.6298828125,34.797218322753906,10.536609649658203,45.33473205566406,441.162841796875,1.870829701423645
9.396392822265625,64.0,1000.0,58.0,1.3744657039642334,0.019700881093740463,4.0,0.9997469186782837,0.9997469186782837,0.9997469186782837,0.02431453950703144,0.000229199999012053,0.956961452960968,1180000.0,-0.005414493381977081,-0.0029445572290569544,0.09566596150398254,0.05727275460958481,-0.014899581670761108,0.9880622029304504,2.3658390045166016,-2.021481513977051,4.648005485534668,2921.5751953125,37.649749755859375,18.275691986083984,55.92544174194336,357.6189880371094,1.8964112997055054
9.4292573928833,56.720001220703125,1000.0,59.0,1.374463438987732,0.02612837217748165,2.0,0.9992474913597107,0.9992474913597107,0.9992474913597107,0.024901490658521652,0.0002280000044265762,0.9568835496902466,1200000.0,-0.0034780341666191816,0.0019364592153578997,0.04808519035577774,0.05609996244311333,-0.0011727921664714813,0.8898105621337891,3.0983710289001465,0.7325320243835449,4.381684303283691,2971.72998046875,40.187255859375,9.943035125732422,50.130287170410156,398.96038818359375,1.9216548204421997
8.279444694519043,43.400001525878906,1000.0,60.0,1.3711470365524292,0.02093670889735222,4.0,1.0017720460891724,1.0017720460891724,1.0017720460891724,0.030680088326334953,0.00022679999528918415,0.9536939859390259,1220000.0,-0.00968827586621046,-0.006210241699591279,-0.11601074039936066,0.05555656924843788,-0.0005433931946754456,0.9783440232276917,2.0438244342803955,-1.054546594619751,4.329480171203613,3024.5068359375,33.3410758972168,19.415523529052734,52.75659942626953,379.0994873046875,1.9457653760910034
9.128008842468262,43.84000015258789,1000.0,61.0,1.3678009510040283,0.014984674751758575,4.0,1.000896692276001,1.000896692276001,1.000896692276001,0.01962733455002308,0.00022560000070370734,0.9504743814468384,1240000.0,-0.0037443379405885935,0.005943937925621867,-0.026159916073083878,0.06658121198415756,0.01102464273571968,1.034727692604065,2.332369089126587,0.2885446548461914,4.474933624267578,3081.349365234375,38.54248046875,18.27780532836914,56.82028579711914,351.9869689941406,1.9688833951950073
9.209537506103516,38.220001220703125,1000.0,62.0,1.3701496124267578,0.018871771171689034,2.0,0.9999029040336609,0.9999029040336609,0.9999029040336609,0.01724039763212204,0.00022440000611823052,0.9527003169059753,1260000.0,-0.0014648896176367998,0.0022794483229517937,0.1617853343486786,0.06189318746328354,-0.0046880245208740234,0.8997403383255005,1.9913759231567383,-0.34099316596984863,3.7818191051483154,3130.195556640625,38.76872634887695,10.057500839233398,48.82622528076172,409.6159362792969,1.9907407760620117
8.313307762145996,31.920000076293945,1000.0,63.0,1.3731275796890259,0.026182930916547775,2.0,1.0007761716842651,1.0007761716842651,1.0007761716842651,0.02182314172387123,0.00022319999698083848,0.9556232690811157,1280000.0,-0.006393625400960445,-0.004928735783323646,-0.08738972991704941,0.06184925138950348,-4.3936073780059814e-05,0.8645002841949463,1.990324854850769,-0.0010510683059692383,3.776130437850952,3174.60498046875,34.8027458190918,9.585224151611328,44.387969970703125,450.572509765625,2.0
5.659752368927002,23.5,1000.0,64.0,1.3747154474258423,0.010274142026901245,5.0,1.0024998188018799,1.0024998188018799,1.0024998188018799,0.0177264716476202,0.00022200000239536166,0.9571937918663025,1300000.0,-0.004056556615978479,0.002337068784981966,-0.268306165933609,0.038237087428569794,-0.023612163960933685,0.5263829231262207,0.9109591841697693,-1.0793656706809998,2.4022109508514404,3237.790283203125,40.84804916381836,22.304065704345703,63.15211486816406,316.6956481933594,2.0
6.46358585357666,29.6200008392334,1000.0,65.0,1.3734922409057617,0.020759085193276405,2.0,1.000994324684143,1.000994324684143,1.000994324684143,0.027042826637625694,0.00022079999325796962,0.9560639262199402,1320000.0,-0.00043376110261306167,0.0036227955133654177,0.13771352171897888,0.07214902341365814,0.03391193598508835,0.9123747944831848,2.2498388290405273,1.338879644870758,3.8780078887939453,3287.021484375,39.23762893676758,9.971491813659668,49.20912170410156,406.4287109375,2.0
6.87766170501709,30.1200008392334,1000.0,66.0,1.3734492063522339,0.015810120850801468,3.0,1.0010852813720703,1.0010852813720703,1.0010852813720703,0.020348649471998215,0.0002195999986724928,0.9560377597808838,1340000.0,-0.002640519291162491,-0.002206758188549429,-0.0432220995426178,0.05890946835279465,-0.013239555060863495,0.8939186334609985,1.6257466077804565,-0.6240922212600708,3.2895472049713135,3335.544677734375,33.96611785888672,14.534740447998047,48.500858306884766,412.36383056640625,2.0
8.412627220153809,40.380001068115234,1000.0,67.0,1.3738983869552612,0.02506284974515438,2.0,0.999441921710968,0.999441921710968,0.999441921710968,0.023433169350028038,0.00021840000408701599,0.9566078782081604,1360000.0,-0.007373654283583164,-0.004733134992420673,-0.12542009353637695,0.05917396768927574,0.00026449933648109436,0.9625068306922913,2.51332426071167,0.8875776529312134,3.3263721466064453,3383.183837890625,38.20215606689453,9.410526275634766,47.6126823425293,420.05615234375,2.0
6.974437713623047,32.939998626708984,1000.0,68.0,1.375077486038208,0.024746112525463104,3.0,1.0003265142440796,1.0003265142440796,1.0003265142440796,0.02430635131895542,0.00021719999494962394,0.9578663110733032,1380000.0,-0.003678966546431184,0.0036946877371519804,0.1951168030500412,0.051676440984010696,-0.007497526705265045,0.7166566848754883,1.5302953720092773,-0.9830288887023926,2.61452317237854,3435.353759765625,36.561920166015625,15.58686351776123,52.14878463745117,383.5180358886719,2.0
7.696561813354492,34.70000076293945,1000.0,69.0,1.3754807710647583,0.012976241298019886,2.0,1.0016592741012573,1.0016592741012573,1.0016592741012573,0.018545933067798615,0.00021600000036414713,0.9581964015960693,1400000.0,-0.0007886863895691931,0.0028902801568619907,0.09211643040180206,0.07084029167890549,0.01916385069489479,0.9622193574905396,2.5158965587615967,0.9856011867523193,3.4449048042297363,3480.67041015625,35.7176399230957,9.56498908996582,45.28262710571289,441.67047119140625,2.0
7.190214157104492,28.559999465942383,1000.0,70.0,1.3750602006912231,0.02108449675142765,1.0,1.0005505084991455,1.0005505084991455,1.0005505084991455,0.018260380253195763,0.0002148000057786703,0.95777827501297,1420000.0,0.001722741755656898,0.002511428145226091,0.13972167670726776,0.06840088218450546,-0.0024394094944000244,0.795141339302063,2.2173969745635986,-0.29849958419799805,2.86670184135437,3522.351806640625,36.55405044555664,5.106990814208984,41.661041259765625,480.0648193359375,2.0
7.98989725112915,31.479999542236328,1000.0,71.0,1.3731616735458374,0.02681652456521988,2.0,0.9998183846473694,0.9998183846473694,0.9998183846473694,0.027452358976006508,0.00021359999664127827,0.9560475945472717,1440000.0,-0.0022647513542324305,-0.0039874931098893285,0.11340025812387466,0.06560986489057541,-0.0027910172939300537,0.8614634871482849,2.3690500259399414,0.15165305137634277,2.9528839588165283,3569.271240234375,36.805912017822266,10.093125343322754,46.8990364074707,426.447998046875,2.0
6.604827404022217,27.860000610351562,1000.0,72.0,1.3710116147994995,0.011548873968422413,6.0,1.0010572671890259,1.0010572671890259,1.0010572671890259,0.020228002220392227,0.00021240000205580145,0.9539558291435242,1460000.0,-0.005660070572048426,-0.003395319217815995,0.03010965883731842,0.050347186625003815,-0.015262678265571594,0.6719861626625061,1.0593206882476807,-1.3097293376922607,3.077058792114258,3634.9111328125,37.73492431640625,27.884929656982422,65.6198501586914,304.7857971191406,2.0
7.473628520965576,30.100000381469727,1000.0,73.0,1.3712384700775146,0.013522079214453697,4.0,0.9992916584014893,0.9992916584014893,0.9992916584014893,0.01883244700729847,0.0002111999929184094,0.9541932344436646,1480000.0,-0.0047563910484313965,0.0009036795236170292,0.013165602460503578,0.06394707411527634,0.013599887490272522,0.8956758975982666,1.33441162109375,0.27509093284606934,3.0401811599731445,3692.746337890625,39.1035041809082,18.710268020629883,57.81377029418945,345.9383544921875,2.0
6.572147369384766,24.34000015258789,1000.0,74.0,1.372011423110962,0.07482468336820602,1.0,1.0001513957977295,1.0001513957977295,1.0001513957977295,0.026173902675509453,0.0002099999983329326,0.9549052715301514,1500000.0,-0.0014382859226316214,0.003318105125799775,-0.22269289195537567,0.061058204621076584,-0.002888869494199753,0.844662606716156,1.7717570066452026,0.43734538555145264,2.5197741985321045,3733.6484375,35.7601318359375,5.119351387023926,40.8804817199707,489.23101806640625,2.0
5.31706428527832,20.100000381469727,1000.0,75.0,1.3722329139709473,0.023236297070980072,4.0,0.9997751712799072,0.9997751712799072,0.9997751712799072,0.02799629047513008,0.00020880000374745578,0.9552710056304932,1520000.0,-0.003768949070945382,-0.0023306631483137608,-0.11988157033920288,0.033787183463573456,-0.027271021157503128,0.6025792956352234,0.6968045234680176,-1.074952483177185,1.485951542854309,3790.74560546875,38.18482971191406,18.88051414489746,57.065345764160156,350.47540283203125,2.0
5.2553815841674805,20.479999542236328,1000.0,76.0,1.373672366142273,0.01584485173225403,2.0,1.0005276203155518,1.0005276203155518,1.0005276203155518,0.018228664994239807,0.00020759999461006373,0.9566195011138916,1540000.0,-0.003880611155182123,-0.00011166208423674107,0.15123885869979858,0.068194679915905,0.03440749645233154,0.6695777177810669,1.370058536529541,0.6732540130615234,2.265155792236328,3838.411376953125,38.157379150390625,9.486479759216309,47.643856048583984,419.7812805175781,2.0
3.9509310722351074,16.139999389648438,1000.0,77.0,1.373422384262085,0.013735528104007244,2.0,1.0015712976455688,1.0015712976455688,1.0015712976455688,0.018609561026096344,0.00020640000002458692,0.9562738537788391,1560000.0,-0.0018264638492837548,0.0020541473058983684,-0.18859431147575378,0.0489451102912426,-0.0192495696246624,0.5572681427001953,1.285834789276123,-0.08422374725341797,1.9074018001556396,3883.092529296875,35.306549072265625,9.351691246032715,44.65823745727539,447.845703125,2.0
4.948060512542725,20.3799991607666,1000.0,78.0,1.3667670488357544,0.018329903483390808,4.0,0.99803626537323,0.99803626537323,0.99803626537323,0.01950288936495781,0.0002052000054391101,0.94990473985672,1580000.0,-0.0040123178623616695,-0.0021858540130779147,-0.02654607966542244,0.04795468971133232,-0.0009904205799102783,0.7243883013725281,0.9910317063331604,-0.29480308294296265,2.2090036869049072,3941.982421875,40.02310562133789,18.837629318237305,58.86073684692383,339.78509521484375,2.0
5.255255699157715,24.719999313354492,1000.0,79.0,1.3650774955749512,0.024652864784002304,1.0,0.9982657432556152,0.9982657432556152,0.9982657432556152,0.019526882097125053,0.00020399999630171806,0.9484267830848694,1600000.0,0.0023548335302621126,0.006367151392623782,-0.2891632914543152,0.06705354899168015,0.019098859280347824,0.7290980219841003,2.2905375957489014,1.299505889415741,2.4973626136779785,3984.127685546875,37.09698486328125,5.027332305908203,42.12431716918945,474.78515625,2.0
5.90378475189209,25.520000457763672,1000.0,80.0,1.3635858297348022,0.0192561075091362,2.0,0.9989011883735657,0.9989011883735657,0.9989011883735657,0.023117341101169586,0.00020280000171624124,0.9470500349998474,1620000.0,-0.0018304777331650257,-0.004185311263427138,0.06712524592876434,0.05208100751042366,-0.014972541481256485,0.6146951913833618,1.4719655513763428,-0.8185720443725586,2.351019859313965,4031.393310546875,38.19184875488281,9.043063163757324,47.23491287231445,423.4156188964844,2.0
6.555812358856201,24.579999923706055,1000.0,81.0,1.3663111925125122,0.017656857147812843,3.0,1.000240683555603,1.000240683555603,1.000240683555603,0.019583314657211304,0.00020160000713076442,0.9494912028312683,1640000.0,-0.0031116062309592962,-0.0012811284977942705,0.07989868521690369,0.05353647843003273,0.0014554709196090698,0.5946472883224487,1.176091194152832,-0.29587435722351074,2.1514720916748047,4082.072265625,35.713539123535156,14.945039749145508,50.6585807800293,394.79986572265625,2.0
5.962167263031006,27.65999984741211,1000.0,82.0,1.364902138710022,0.02016560174524784,1.0,1.0010526180267334,1.0010526180267334,1.0010526180267334,0.02186184749007225,0.00020039999799337238,0.9481356143951416,1660000.0,0.0021676693577319384,0.005279275588691235,0.16968165338039398,0.05441323295235634,0.0008767545223236084,0.655274510383606,2.3640265464782715,1.1879353523254395,2.4533326625823975,4127.7919921875,40.854156494140625,4.840972423553467,45.69512939453125,437.68341064453125,2.0
5.67630672454834,28.979999542236328,1000.0,83.0,1.3613123893737793,0.018384918570518494,2.0,1.0014055967330933,1.0014055967330933,1.0014055967330933,0.018881935626268387,0.00019920000340789557,0.9447939991950989,1680000.0,-0.0027438844554126263,-0.004911553813144565,0.48777613043785095,0.06153292581439018,0.007119692862033844,0.6853447556495667,2.149129867553711,-0.21489667892456055,2.2217986583709717,4174.9814453125,37.28273010253906,9.886221885681152,47.16895294189453,424.0077209472656,2.0
5.871243476867676,32.18000030517578,1000.0,84.0,1.3655691146850586,0.040702275931835175,1.0,1.000213861465454,1.000213861465454,1.000213861465454,0.028446953743696213,0.00019799999427050352,0.9488242864608765,1700000.0,0.002497056033462286,0.005240940488874912,-0.05636906996369362,0.0658632442355156,0.004330318421125412,0.6852331757545471,3.1814827919006348,1.0323529243469238,2.6257522106170654,4218.4169921875,38.37278366088867,5.039186477661133,43.41197204589844,460.7024230957031,2.0
5.383398532867432,31.940000534057617,1000.0,85.0,1.3644930124282837,0.015269279479980469,2.0,0.9973521828651428,0.9973521828651428,0.9973521828651428,0.01890946924686432,0.0001967999996850267,0.9478040933609009,1720000.0,-0.0027196407318115234,-0.005216696765273809,0.09628784656524658,0.043482355773448944,-0.02238088846206665,0.4536716938018799,2.3346710205078125,-0.8468117713928223,2.351729154586792,4263.40283203125,35.64851760864258,9.314803123474121,44.963321685791016,444.8070068359375,2.0
5.488163471221924,34.29999923706055,1000.0,86.0,1.3638182878494263,0.01885368674993515,2.0,0.9995715022087097,0.9995715022087097,0.9995715022087097,0.01974056102335453,0.0001956000050995499,0.9472224116325378,1740000.0,-0.002758577698841691,-3.893696703016758e-05,-0.16812115907669067,0.05127933621406555,0.007796980440616608,0.7219355702400208,2.2930233478546143,-0.04164767265319824,3.0379104614257812,4314.14990234375,41.37009811401367,9.357434272766113,50.72753143310547,394.2632141113281,2.0
5.445175647735596,32.20000076293945,1000.0,87.0,1.3622502088546753,0.019247058779001236,2.0,0.9986110925674438,0.9986110925674438,0.9986110925674438,0.018157899379730225,0.00019439999596215785,0.945777952671051,1760000.0,-0.004345976281911135,-0.0015873985830694437,-0.14921404421329498,0.05605686828494072,0.004777532070875168,0.6650981903076172,2.179719924926758,-0.11330342292785645,2.68086838722229,4358.66552734375,34.809608459472656,9.685201644897461,44.49481201171875,449.4906005859375,2.0
5.367773532867432,32.29999923706055,1000.0,88.0,1.3614062070846558,0.015087906271219254,3.0,0.9994155168533325,0.9994155168533325,0.9994155168533325,0.019402682781219482,0.00019320000137668103,0.944933295249939,1780000.0,-0.006655565463006496,-0.0023095891810953617,-0.12507084012031555,0.054827552288770676,-0.001229315996170044,0.5921368598937988,1.8491313457489014,-0.33058857917785645,2.3016114234924316,4412.04345703125,38.987449645996094,14.360398292541504,53.34785079956055,374.89794921875,2.0
5.549815654754639,33.58000183105469,1000.0,89.0,1.3639414310455322,0.02342296950519085,3.0,0.998885989189148,0.998885989189148,0.998885989189148,0.022693172097206116,0.00019200000679120421,0.9472718834877014,1800000.0,-0.0031980150379240513,0.003457550425082445,0.22304612398147583,0.04663507267832756,-0.008192479610443115,0.5780783891677856,1.856142520904541,0.0070111751556396484,2.8727028369903564,4468.3583984375,40.91857147216797,15.375904083251953,56.29447555541992,355.2746276855469,2.0
6.1605963706970215,37.08000183105469,1000.0,90.0,1.3655890226364136,0.013701275922358036,3.0,1.000853419303894,1.000853419303894,1.000853419303894,0.01926908828318119,0.00019079999765381217,0.9488354921340942,1820000.0,-0.0025314365047961473,0.0006665785331279039,-0.23351553082466125,0.07030612975358963,0.02367105707526207,0.7251772284507751,2.2935879230499268,0.43744540214538574,3.2010514736175537,4517.17041015625,34.252830505371094,14.538078308105469,48.79090881347656,409.91241455078125,2.0
6.67225456237793,36.599998474121094,1000.0,91.0,1.3661258220672607,0.011415463872253895,3.0,1.0003118515014648,1.0003118515014648,1.0003118515014648,0.01665831170976162,0.00018960000306833535,0.9494574069976807,1840000.0,-0.00514219282194972,-0.002610756317153573,-0.29187464714050293,0.06570559740066528,-0.004600532352924347,0.6728171110153198,1.4411015510559082,-0.8524863719940186,2.6048991680145264,4571.64404296875,40.198951721191406,14.241304397583008,54.44025421142578,367.3752136230469,2.0
8.28849983215332,36.099998474121094,1000.0,92.0,1.3646185398101807,0.04194718971848488,1.0,0.9988633394241333,0.9988633394241333,0.9988633394241333,0.021741323173046112,0.0001883999939309433,0.948128879070282,1860000.0,-0.0029989148024469614,0.002143278019502759,0.08265431225299835,0.07642185688018799,0.010716259479522705,0.6922907829284668,2.1192750930786133,0.6781735420227051,2.728651285171509,4613.0283203125,36.5698127746582,4.793669700622559,41.36348342895508,483.5182800292969,2.0
7.004003524780273,30.479999542236328,1000.0,93.0,1.364475131034851,0.03166094422340393,2.0,0.9965243339538574,0.9965243339538574,0.9965243339538574,0.032813336700201035,0.0001871999993454665,0.9481332898139954,1880000.0,-0.004162360914051533,-0.0011634461116045713,0.032132044434547424,0.057108692824840546,-0.019313164055347443,0.5970700979232788,2.441161870956421,0.3218867778778076,2.2931013107299805,4657.19970703125,33.96799087524414,10.182991981506348,44.15098571777344,452.99102783203125,2.0
6.509076118469238,30.31999969482422,1000.0,94.0,1.367944598197937,0.041123148053884506,3.0,0.9988114237785339,0.9988114237785339,0.9988114237785339,0.03136065974831581,0.00018600000475998968,0.9514068961143494,1900000.0,-0.005125803407281637,-0.0009634424932301044,0.25590452551841736,0.06395584344863892,0.00684715062379837,0.780669629573822,1.58572256565094,-0.855439305305481,2.843722343444824,4710.43408203125,39.10396194458008,14.11019229888916,53.21415710449219,375.83984375,2.0
5.433927059173584,35.959999084472656,1000.0,95.0,1.365896224975586,0.020289696753025055,2.0,1.0002202987670898,1.0002202987670898,1.0002202987670898,0.018620314076542854,0.00018479999562259763,0.9494641423225403,1920000.0,-0.003653939114883542,0.0014718642923980951,0.16929787397384644,0.055254172533750534,-0.008701670914888382,0.7199165225028992,2.264087438583374,0.6783648729324341,2.592885971069336,4758.89501953125,37.455963134765625,10.984455108642578,48.4404182434082,412.87835693359375,2.0
5.721991539001465,31.3799991607666,1000.0,96.0,1.3644721508026123,0.023392608389258385,3.0,0.9994667768478394,0.9994667768478394,0.9994667768478394,0.02648884430527687,0.00018360000103712082,0.9482118487358093,1940000.0,-0.0068650138564407825,-0.0032110747415572405,0.19335414469242096,0.06817346066236496,0.012919288128614426,0.6675959229469299,1.9200958013534546,-0.34399163722991943,2.673517942428589,4808.17236328125,35.25619888305664,13.998764991760254,49.25602340698242,406.0417175292969,2.0
5.382280349731445,32.68000030517578,1000.0,97.0,1.3650680780410767,0.1242808848619461,1.0,1.0011329650878906,1.0011329650878906,1.0011329650878906,0.05609963834285736,0.000182400006451644,0.9489216804504395,1960000.0,-0.0010657655075192451,0.005799248348921537,0.26460912823677063,0.057973239570856094,-0.010200221091508865,0.6039128303527832,2.4042134284973145,0.48411762714385986,2.452608585357666,4855.228515625,42.151241302490234,4.880196571350098,47.031436920166016,425.2474670410156,2.0
4.6108903884887695,25.760000228881836,1000.0,98.0,1.363511323928833,0.01115589402616024,4.0,1.0004023313522339,1.0004023313522339,1.0004023313522339,0.019170396029949188,0.00018119999731425196,0.9476441144943237,1980000.0,-0.003694628830999136,-0.002628863323479891,0.1250319480895996,0.0439833365380764,-0.013989903032779694,0.6416861414909363,1.3039299249649048,-1.1002835035324097,2.5129194259643555,4911.40576171875,34.98136520385742,21.174644470214844,56.156009674072266,356.1506652832031,2.0
3.629096031188965,26.799999237060547,1000.0,99.0,1.3624107837677002,0.01193090807646513,3.0,1.0001555681228638,1.0001555681228638,1.0001555681228638,0.026631655171513557,0.00018000000272877514,0.9467635154724121,2000000.0,-0.003242865204811096,0.0004517636261880398,0.3785804808139801,0.04415288195014,0.00016954541206359863,0.5815206170082092,1.1028300523757935,-0.20109987258911133,2.443312406539917,4960.77783203125,35.18095779418945,14.161802291870117,49.34339141845703,405.32275390625,2.0
2.2955169677734375,22.34000015258789,1000.0,100.0,1.3606444597244263,0.011240375228226185,4.0,0.9991309642791748,0.9991309642791748,0.9991309642791748,0.01682237908244133,0.0001787999935913831,0.945084273815155,2020000.0,-0.003037771675735712,0.00020509352907538414,-0.13834652304649353,0.03728337958455086,-0.006869502365589142,0.34185555577278137,0.8104802966117859,-0.29234975576400757,1.5770684480667114,5019.0029296875,39.08657455444336,19.115657806396484,58.202232360839844,343.6294250488281,2.0
1.7153679132461548,15.880000114440918,1000.0,101.0,1.3599563837051392,0.030929557979106903,2.0,1.0005099773406982,1.0005099773406982,1.0005099773406982,0.04589499160647392,0.00017759999900590628,0.9444523453712463,2040000.0,-0.003973043989390135,-0.0009352723136544228,-0.10448233783245087,0.04866713657975197,0.01138375699520111,0.258163183927536,0.7278632521629333,-0.08261704444885254,1.5217832326889038,5064.48876953125,35.83072280883789,9.632960319519043,45.464683532714844,439.9018859863281,2.0
1.3504143953323364,13.239999771118164,1000.0,102.0,1.35882568359375,0.23149724304676056,1.0,0.9929038286209106,0.9929038286209106,0.9929038286209106,0.08051592856645584,0.00017640000442042947,0.9432684183120728,2060000.0,-0.008358603343367577,-0.004385559353977442,-0.17520461976528168,0.0364319384098053,-0.01223519816994667,0.3393554985523224,1.8210924863815308,1.0932292342185974,1.509864091873169,5104.892578125,35.7010612487793,4.682451248168945,40.38351058959961,495.2516174316406,2.0
1.4228262901306152,9.779999732971191,1000.0,103.0,1.357749104499817,0.01450482290238142,3.0,0.9987257122993469,0.9987257122993469,0.9987257122993469,0.01897125318646431,0.00017519999528303742,0.9421119689941406,2080000.0,-0.004248096141964197,0.0041105072014033794,0.17485922574996948,0.03813246265053749,0.001700524240732193,0.2411632090806961,0.7356469035148621,-1.0854455828666687,1.3912605047225952,5159.5888671875,39.877864837646484,14.798327445983887,54.67619323730469,365.7899169921875,2.0
1.437624454498291,14.699999809265137,1000.0,104.0,1.3548252582550049,0.017429634928703308,4.0,0.9986613988876343,0.9986613988876343,0.9986613988876343,0.022331682965159416,0.0001740000006975606,0.9393638372421265,2100000.0,-0.005124805495142937,-0.0008767093531787395,0.5143666863441467,0.03880481421947479,0.0006723515689373016,0.25356820225715637,1.092153549194336,0.3565066456794739,1.712500810623169,5215.0380859375,35.75127410888672,19.6763973236084,55.427669525146484,360.8305969238281,1.999560832977295
1.5653953552246094,23.3799991607666,1000.0,105.0,1.356810212135315,0.023669876158237457,2.0,1.0004477500915527,1.0004477500915527,1.0004477500915527,0.02499726600944996,0.0001728000061120838,0.9412477016448975,2120000.0,0.0031702991109341383,0.008295104606077075,0.3896370232105255,0.05116620659828186,0.012361392378807068,0.42351004481315613,1.9840599298477173,0.8919063806533813,1.724052906036377,5262.5595703125,37.07879638671875,10.421663284301758,47.50046157836914,421.0485534667969,1.9990214109420776
1.6506609916687012,27.84000015258789,1000.0,106.0,1.3583135604858398,0.03012348711490631,2.0,1.0033390522003174,1.0033390522003174,1.0033390522003174,0.026843886822462082,0.00017159999697469175,0.9427483677864075,2140000.0,-0.007299087941646576,-0.010469387052580714,0.1855284571647644,0.03744547814130783,-0.01372072845697403,0.21143755316734314,1.1616244316101074,-0.8224354982376099,1.3119333982467651,5311.22802734375,38.87228775024414,9.774580001831055,48.64686584472656,411.1261901855469,1.9987841844558716
2.188607931137085,26.940000534057617,1000.0,107.0,1.3576325178146362,0.011297282762825489,3.0,1.0015132427215576,1.0015132427215576,1.0015132427215576,0.020790599286556244,0.00017040000238921493,0.9420897960662842,2160000.0,-0.0027039460837841034,0.0045951418578624725,-0.018937846645712852,0.045365408062934875,0.007919929921627045,0.4008295238018036,1.2659006118774414,0.10427618026733398,2.0782310962677,5362.76025390625,36.699676513671875,14.812966346740723,51.51264190673828,388.25421142578125,1.998741626739502
2.128453254699707,26.799999237060547,1000.0,108.0,1.3548073768615723,0.017954351380467415,2.0,0.9982344508171082,0.9982344508171082,0.9982344508171082,0.01952187344431877,0.0001691999932518229,0.9394591450691223,2180000.0,-0.0048326835967600346,-0.002128737512975931,-0.14425455033779144,0.039314839988946915,-0.006050568073987961,0.33549782633781433,1.5734822750091553,0.30758166313171387,2.016556739807129,5407.69970703125,35.30820846557617,9.611186981201172,44.919395446777344,445.241943359375,1.9988635778427124
1.7205907106399536,20.84000015258789,1000.0,109.0,1.3539950847625732,0.011939680203795433,4.0,1.0007545948028564,1.0007545948028564,1.0007545948028564,0.015939651057124138,0.00016799999866634607,0.9385998249053955,2200000.0,-0.0041686841286718845,0.00066399946808815,-0.01182873547077179,0.02985297329723835,-0.009461866691708565,0.1358824521303177,0.582044243812561,-0.9914380311965942,1.2691869735717773,5465.59423828125,38.96208190917969,18.91117286682129,57.87325668334961,345.582763671875,1.9986013174057007
1.415066123008728,19.440000534057617,1000.0,110.0,1.3514484167099,0.02691371738910675,2.0,1.0001896619796753,1.0001896619796753,1.0001896619796753,0.027402356266975403,0.00016680000408086926,0.936084508895874,2220000.0,-0.003116878215223551,0.0010518059134483337,-0.00722857378423214,0.041095055639743805,0.011242082342505455,0.16116438806056976,0.9211068749427795,0.3390626311302185,1.1518349647521973,5515.40625,40.15151596069336,9.639141082763672,49.79065704345703,401.6817932128906,1.997864007949829
1.353691577911377,18.399999618530273,1000.0,111.0,1.3502880334854126,0.03405717387795448,2.0,0.9986146092414856,0.9986146092414856,0.9986146092414856,0.02916697785258293,0.0001655999949434772,0.9348698258399963,2240000.0,-0.006402603816241026,-0.003285725601017475,0.022129200398921967,0.046403203159570694,0.005308147519826889,0.30313625931739807,1.659212589263916,0.7381057143211365,1.81943941116333,5559.0419921875,34.04329299926758,9.572680473327637,43.61597442626953,458.547607421875,1.996600866317749
2.2851216793060303,20.700000762939453,1000.0,112.0,1.349959373474121,0.009829336777329445,4.0,0.999418318271637,0.999418318271637,0.999418318271637,0.016626419499516487,0.0001644000003580004,0.9344008564949036,2260000.0,-0.0033936230465769768,0.003008980769664049,-0.10334835201501846,0.03966439515352249,-0.0067388080060482025,0.21579384803771973,0.799437403678894,-0.859775185585022,1.9364564418792725,5619.56884765625,40.878353118896484,19.627079010009766,60.50543212890625,330.548828125,1.9950683116912842
2.450598955154419,24.479999542236328,1000.0,113.0,1.3498730659484863,0.016436181962490082,2.0,0.9999003410339355,0.9999003410339355,0.9999003410339355,0.021624276414513588,0.00016320000577252358,0.9342502355575562,2280000.0,-0.0017923745326697826,0.0016012485139071941,0.14369937777519226,0.04921012744307518,0.009545732289552689,0.25541478395462036,1.350725769996643,0.551288366317749,1.928467035293579,5667.173828125,37.239540100097656,10.344289779663086,47.58382797241211,420.31085205078125,1.9936351776123047
2.1356618404388428,22.65999984741211,1000.0,114.0,1.350107192993164,0.015692008659243584,3.0,0.9997845888137817,0.9997845888137817,0.9997845888137817,0.017168058082461357,0.00016199999663513154,0.9344798922538757,2300000.0,-0.0038335358258336782,-0.0020411612931638956,0.20272216200828552,0.035141970962285995,-0.014068156480789185,0.112960085272789,0.9462826251983643,-0.4044431447982788,1.4309918880462646,5717.1435546875,36.04523468017578,13.90488052368164,49.95011520385742,400.39947509765625,1.9921249151229858
1.973311185836792,18.059999465942383,1000.0,115.0,1.3495588302612305,0.02063044346868992,1.0,0.9996148943901062,0.9996148943901062,0.9996148943901062,0.018174221739172935,0.00016080000204965472,0.9339693188667297,2320000.0,0.0011190868681296706,0.004952622693963349,-0.07539578527212143,0.04403487220406532,0.008892901241779327,0.27044180035591125,1.3315577507019043,0.38527512550354004,1.8648017644882202,5759.42626953125,37.29612731933594,4.965353965759277,42.261478424072266,473.24420166015625,1.9901208877563477
1.4499847888946533,13.84000015258789,1000.0,116.0,1.3511090278625488,0.03118295408785343,2.0,0.9982810020446777,0.9982810020446777,0.9982810020446777,0.02318590320646763,0.00015959999291226268,0.9354482293128967,2340000.0,-0.0034994478337466717,-0.004618534701876342,0.11299780011177063,0.035201240330934525,-0.008833631873130798,0.24289678037166595,1.182765245437622,-0.14879250526428223,2.2612404823303223,5805.2294921875,35.33990478515625,10.441401481628418,45.781307220458984,436.8595275878906,1.9872782230377197
1.5959751605987549,15.899999618530273,1000.0,117.0,1.3493952751159668,0.02663441002368927,2.0,1.001465082168579,1.001465082168579,1.001465082168579,0.027955060824751854,0.00015839999832678586,0.9337916970252991,2360000.0,-0.0034640226513147354,3.5425182431936264e-05,0.35643723607063293,0.03794928267598152,0.002748042345046997,0.21301372349262238,1.1673086881637573,-0.015456557273864746,1.9022347927093506,5850.48681640625,35.978355407714844,9.255529403686523,45.23388671875,442.1463928222656,1.983864188194275
1.091607928276062,16.18000030517578,1000.0,118.0,1.3477239608764648,0.023063091561198235,2.0,0.9995900988578796,0.9995900988578796,0.9995900988578796,0.026079315692186356,0.00015720000374130905,0.9322046637535095,2380000.0,-0.004330944735556841,-0.0008669220842421055,-0.3317505121231079,0.04501340165734291,0.007064118981361389,0.15207327902317047,0.8416445851325989,-0.32566410303115845,1.4463708400726318,5901.28125,41.04219436645508,9.731555938720703,50.77375030517578,393.9043273925781,1.9799563884735107
0.4209524989128113,17.719999313354492,1000.0,119.0,1.3489018678665161,0.0966264009475708,1.0,0.9976288676261902,0.9976288676261902,0.9976288676261902,0.038172341883182526,0.000155999994603917,0.9333160519599915,2400000.0,-0.004598831292241812,-0.00026788655668497086,0.16406893730163574,0.03763658553361893,-0.007376816123723984,0.0856877788901329,1.2398077249526978,0.3981631398200989,0.9424025416374207,5939.52734375,33.23154830932617,4.993391990661621,38.224937438964844,523.2186279296875,1.9757426977157593
0.5313007235527039,20.420000076293945,1000.0,120.0,1.347801923751831,0.033657170832157135,2.0,0.9983131289482117,0.9983131289482117,0.9983131289482117,0.028756778687238693,0.0001548000000184402,0.9322839379310608,2420000.0,-0.004383868537843227,0.00021496275439858437,-0.12385508418083191,0.03819770738482475,0.0005611218512058258,0.1243722066283226,1.4723988771438599,0.2325911521911621,1.581497311592102,5989.015625,40.40801239013672,9.059928894042969,49.46794128417969,404.30224609375,1.9715032577514648
1.9114046096801758,20.459999084472656,1000.0,121.0,1.3470416069030762,0.013221807777881622,4.0,1.0010576248168945,1.0010576248168945,1.0010576248168945,0.018821923062205315,0.00015360000543296337,0.9315279126167297,2440000.0,-0.0033263820223510265,0.0010574865154922009,-0.11135265231132507,0.05709078535437584,0.018893077969551086,0.4292755722999573,1.0506411790847778,-0.42175769805908203,3.1370162963867188,6047.0908203125,37.38743209838867,20.668798446655273,58.05622863769531,344.4936218261719,1.9672425985336304
2.9082436561584473,21.780000686645508,1000.0,122.0,1.347978115081787,0.017866874113678932,2.0,0.9986369609832764,0.9986369609832764,0.9986369609832764,0.021375851705670357,0.00015239999629557133,0.9323680996894836,2460000.0,-0.0020161622669547796,0.001310219755396247,-0.19524624943733215,0.050897952169179916,-0.006192833185195923,0.23419050872325897,1.43038809299469,0.3797469139099121,2.3469159603118896,6090.62890625,33.955509185791016,9.560235977172852,43.515743255615234,459.603759765625,1.9630861282348633
3.1563239097595215,20.600000381469727,1000.0,123.0,1.347994327545166,0.02890264429152012,2.0,1.0006799697875977,1.0006799697875977,1.0006799697875977,0.024989118799567223,0.0001512000017100945,0.9323854446411133,2480000.0,-0.003816710552200675,-0.0018005482852458954,-0.028000613674521446,0.047806162387132645,-0.0030917897820472717,0.18632963299751282,1.6541472673416138,0.22375917434692383,1.7503132820129395,6140.521484375,40.36652374267578,9.502975463867188,49.87151336669922,401.0305480957031,1.958910346031189
2.9157395362854004,20.559999465942383,1000.0,124.0,1.3450313806533813,0.018472330644726753,3.0,0.9984443783760071,0.9984443783760071,0.9984443783760071,0.01995023526251316,0.0001500000071246177,0.9295310974121094,2500000.0,-0.0036206855438649654,0.00019602500833570957,-0.23921102285385132,0.044147323817014694,-0.0036588385701179504,0.26225706934928894,1.2695626020431519,-0.3845846652984619,2.2184641361236572,6192.662109375,37.1923942565918,14.912383079528809,52.104774475097656,383.84197998046875,1.9547115564346313
3.3319296836853027,19.040000915527344,1000.0,125.0,1.3446201086044312,0.023002207279205322,1.0,1.0004264116287231,1.0004264116287231,1.0004264116287231,0.02121143974363804,0.00014879999798722565,0.9291061162948608,2520000.0,0.0014283681521192193,0.005049053695984185,0.08210861682891846,0.05715551599860191,0.01300819218158722,0.3466949760913849,1.6823246479034424,0.4127620458602905,2.1274101734161377,6231.232421875,33.82811737060547,4.7206549644470215,38.548770904541016,518.8233032226562,1.9503446817398071
3.9801788330078125,20.799999237060547,1000.0,126.0,1.3428845405578613,0.026453997939825058,1.0,0.9990866184234619,0.9990866184234619,0.9990866184234619,0.0201836246997118,0.00014760000340174884,0.9274925589561462,2540000.0,0.0012699866201728582,-0.00015838153194636106,-0.2919369041919708,0.058971110731363297,0.001815594732761383,0.39768192172050476,1.8807296752929688,0.19840502738952637,2.059168815612793,6272.2236328125,36.40279769897461,4.568224906921387,40.97101974487305,488.14990234375,1.9459930658340454
3.103670120239258,18.020000457763672,1000.0,127.0,1.343709111213684,0.027087653055787086,2.0,0.9987673759460449,0.9987673759460449,0.9987673759460449,0.02105361968278885,0.0001463999942643568,0.9282476902008057,2560000.0,-0.00464026490226388,-0.005910251522436738,-0.05518502742052078,0.03777468577027321,-0.021196424961090088,0.3247605860233307,1.1487176418304443,-0.7320120334625244,1.7603380680084229,6318.28466796875,36.39470672607422,9.623706817626953,46.01841354370117,434.608642578125,1.94138503074646
2.8823864459991455,22.719999313354492,1000.0,128.0,1.3454838991165161,0.02072778157889843,2.0,1.0003451108932495,1.0003451108932495,1.0003451108932495,0.02228846214711666,0.00014519999967887998,0.9299784302711487,2580000.0,-0.0031446272041648626,0.0014956376980990171,0.06015710532665253,0.046027738600969315,0.008253052830696106,0.33810991048812866,2.1589651107788086,1.0102474689483643,2.164386749267578,6364.85400390625,37.27046585083008,9.277892112731934,46.54835510253906,429.66070556640625,1.936998963356018
2.6205942630767822,25.139999389648438,1000.0,129.0,1.3479766845703125,0.02073727361857891,2.0,0.9990053176879883,0.9990053176879883,0.9990053176879883,0.029596826061606407,0.00014400000509340316,0.9322612881660461,2600000.0,-0.001200602506287396,0.0019440246978774667,-0.16791248321533203,0.05494655668735504,0.008918818086385727,0.316074937582016,1.654450535774231,-0.5045145750045776,1.8058980703353882,6416.10498046875,42.123661041259766,9.100680351257324,51.224342346191406,390.4393615722656,1.9330488443374634
3.3299896717071533,30.399999618530273,1000.0,130.0,1.350467324256897,0.012480479665100574,3.0,0.9986241459846497,0.9986241459846497,0.9986241459846497,0.01772449165582657,0.00014279999595601112,0.934628963470459,2620000.0,-0.006550912745296955,-0.005350310239009559,0.35597655177116394,0.041166163980960846,-0.013780392706394196,0.3837554156780243,1.3156394958496094,-0.3388110399246216,2.4701790809631348,6467.87451171875,37.585784912109375,14.161991119384766,51.74777603149414,386.4900207519531,1.930008888244629
3.3317503929138184,32.0,1000.0,131.0,1.3512578010559082,0.02537113055586815,1.0,1.0004990100860596,1.0004990100860596,1.0004990100860596,0.015212168917059898,0.0001416000013705343,0.9353793859481812,2640000.0,0.0034521613270044327,0.010003074072301388,0.060120247304439545,0.044967759400606155,0.0038015954196453094,0.3226796090602875,2.0354223251342773,0.719782829284668,2.365793466567993,6509.71630859375,37.28569030761719,4.535185813903809,41.82087707519531,478.23004150390625,1.9279509782791138
3.4275717735290527,26.360000610351562,1000.0,132.0,1.35171639919281,0.014079404063522816,3.0,0.9996650815010071,0.9996650815010071,0.9996650815010071,0.017407219856977463,0.00014040000678505749,0.9359312057495117,2660000.0,-0.0036968584172427654,-0.007149019744247198,-0.37414824962615967,0.037281863391399384,-0.007685896009206772,0.4281679689884186,1.2141387462615967,-0.8212835788726807,3.1546802520751953,6562.54736328125,38.57630157470703,14.235706329345703,52.812007904052734,378.7017517089844,1.9262257814407349
3.6770143508911133,27.299999237060547,1000.0,133.0,1.3518056869506836,0.010296042077243328,3.0,1.0006897449493408,1.0006897449493408,1.0006897449493408,0.01619746908545494,0.00013919999764766544,0.936129093170166,2680000.0,-0.0014679469168186188,0.0022289115004241467,0.13893871009349823,0.045104995369911194,0.00782313197851181,0.44125697016716003,1.0545694828033447,-0.15956926345825195,2.5906567573547363,6613.90673828125,37.23195266723633,14.103473663330078,51.335426330566406,389.594482421875,1.9248950481414795
3.666764497756958,20.100000381469727,1000.0,134.0,1.3512870073318481,0.02160290628671646,2.0,0.9993836283683777,0.9993836283683777,0.9993836283683777,0.024095013737678528,0.00013800000306218863,0.9356537461280823,2700000.0,-0.004840338137000799,-0.0033723912201821804,-0.3026939332485199,0.04217192903161049,-0.002933066338300705,0.3497316837310791,1.3656909465789795,0.31112146377563477,1.9075303077697754,6657.794921875,33.54323196411133,10.322309494018555,43.86553955078125,455.9387512207031,1.923204779624939
3.846237897872925,22.0,1000.0,135.0,1.352919101715088,0.02351009100675583,3.0,1.001961350440979,1.001961350440979,1.001961350440979,0.022824186831712723,0.00013679999392479658,0.9371134042739868,2720000.0,-0.002568725263699889,0.00227161287330091,0.1632075160741806,0.05180303752422333,0.009631108492612839,0.47514066100120544,1.1523988246917725,-0.21329212188720703,2.9704182147979736,6710.87548828125,39.09872817993164,13.961155891418457,53.05988311767578,376.9326171875,1.9213776588439941
3.9819211959838867,22.3799991607666,1000.0,136.0,1.3542025089263916,0.022668108344078064,3.0,1.0007312297821045,1.0007312297821045,1.0007312297821045,0.01997409388422966,0.00013559999933931977,0.9382734894752502,2740000.0,-0.005483032204210758,-0.002914306940510869,-0.07185099273920059,0.046177443116903305,-0.005625594407320023,0.4503647983074188,1.313392996788025,0.16099417209625244,3.0193514823913574,6764.77490234375,39.118656158447266,14.76051139831543,53.87916564941406,371.20098876953125,1.919463872909546
4.306308269500732,19.079999923706055,1000.0,137.0,1.3508049249649048,0.012621453031897545,5.0,0.9985132217407227,0.9985132217407227,0.9985132217407227,0.018979892134666443,0.00013440000475384295,0.9351025819778442,2760000.0,-0.006383778993040323,-0.000900746788829565,-0.0528673492372036,0.04483515024185181,-0.0013422928750514984,0.4681349992752075,0.7690697312355042,-0.5443232655525208,2.6078145503997803,6824.71923828125,35.62360382080078,24.299386978149414,59.92299270629883,333.7616882324219,1.9171385765075684
4.1444902420043945,31.260000228881836,1000.0,138.0,1.3501540422439575,0.040604982525110245,1.0,0.9999547600746155,0.9999547600746155,0.9999547600746155,0.032274629920721054,0.0001331999956164509,0.9344853758811951,2780000.0,0.001155584235675633,0.007539363228715956,-0.17186640202999115,0.06005844846367836,0.015223298221826553,0.46659955382347107,3.1757218837738037,2.4066521525382996,2.2319083213806152,6867.900390625,38.141300201416016,5.0166120529174805,43.15790939331055,463.4144592285156,1.9156709909439087
3.3031303882598877,25.959999084472656,1000.0,139.0,1.3511875867843628,0.010166552849113941,7.0,0.9990392327308655,0.9990392327308655,0.9990392327308655,0.01922749914228916,0.0001320000010309741,0.935430645942688,2800000.0,-0.0038557008374482393,-0.005011285073123872,0.1933964490890503,0.02984555810689926,-0.0302128903567791,0.26590532064437866,0.5564889907836914,-2.6192328929901123,2.6581599712371826,6940.89892578125,38.878170013427734,34.10017395019531,72.97834014892578,274.05389404296875,1.914442539215088
3.0479471683502197,27.280000686645508,1000.0,140.0,1.3507150411605835,0.02967946045100689,2.0,1.0007092952728271,1.0007092952728271,1.0007092952728271,0.024048153311014175,0.00013080000644549727,0.9349667429924011,2820000.0,-0.004166868049651384,-0.00031116721220314503,0.1395878940820694,0.05010254681110382,0.02025698870420456,0.315830260515213,1.1520658731460571,0.5955768823623657,2.098984718322754,6987.2978515625,36.08908462524414,10.288005828857422,46.37709045410156,431.2474060058594,1.9135650396347046
3.0351479053497314,16.540000915527344,1000.0,141.0,1.3489872217178345,0.014760948717594147,3.0,1.0015712976455688,1.0015712976455688,1.0015712976455688,0.022120265290141106,0.00012959999730810523,0.9334010481834412,2840000.0,0.00015408822218887508,0.004320956271840259,-0.12728607654571533,0.049661386758089066,-0.00044116005301475525,0.4074510633945465,1.1952985525131226,0.04323267936706543,2.464285135269165,7037.76806640625,35.90185546875,14.547118186950684,50.448974609375,396.440185546875,1.9119073152542114
3.9827404022216797,20.059999465942383,1000.0,142.0,1.3496428728103638,0.03492523729801178,1.0,0.9977226853370667,0.9977226853370667,0.9977226853370667,0.028331933543086052,0.00012840000272262841,0.9339982867240906,2860000.0,6.847378972452134e-05,-8.561443246435374e-05,0.038661833852529526,0.055643774569034576,0.005982387810945511,0.574955940246582,2.0008246898651123,0.8055261373519897,2.1636698246002197,7080.2939453125,38.139732360839844,4.365013122558594,42.50474548339844,470.53570556640625,1.909902811050415
3.404585599899292,16.739999771118164,1000.0,143.0,1.3472628593444824,0.011533981189131737,5.0,0.9995336532592773,0.9995336532592773,0.9995336532592773,0.016214514151215553,0.00012719999358523637,0.9318030476570129,2880000.0,-0.005799836479127407,-0.005868310268851928,0.10175131261348724,0.037061356008052826,-0.01858241856098175,0.28584742546081543,0.5766834616661072,-1.4241412281990051,1.2804702520370483,7141.75634765625,36.7889518737793,24.65406608581543,61.443016052246094,325.5048522949219,1.907241702079773
3.5311172008514404,20.520000457763672,1000.0,144.0,1.345948576927185,0.02657724916934967,1.0,0.9998950958251953,0.9998950958251953,0.9998950958251953,0.025764524936676025,0.00012599999899975955,0.9306033253669739,2900000.0,0.0046873860992491245,0.010487222578376532,0.004113450646400452,0.05548427999019623,0.018422923982143402,0.39003419876098633,2.023749828338623,1.4470663666725159,1.4317511320114136,7178.41357421875,32.02525329589844,4.610884666442871,36.63613510131836,545.9091186523438,1.9043748378753662
4.017248630523682,27.440000534057617,1000.0,145.0,1.3466562032699585,0.02433457411825657,1.0,0.9995507001876831,0.9995507001876831,0.9995507001876831,0.0209854356944561,0.00012480000441428274,0.9312164187431335,2920000.0,0.0009936228161677718,-0.0036937632830813527,0.15628287196159363,0.05809628590941429,0.0026120059192180634,0.5799977779388428,3.15674090385437,1.132991075515747,2.4924678802490234,7223.6494140625,40.56572341918945,4.649303436279297,45.21502685546875,442.3308410644531,1.902038335800171
4.087617874145508,35.099998474121094,1000.0,146.0,1.3480216264724731,0.028414171189069748,2.0,1.0009286403656006,1.0009286403656006,1.0009286403656006,0.034591902047395706,0.0001235999952768907,0.9325271248817444,2940000.0,-0.0034981570206582546,-0.0044917798368260264,-0.36828476190567017,0.04128732904791832,-0.01680895686149597,0.36860939860343933,2.052415132522583,-1.104325771331787,1.9990243911743164,7273.57958984375,40.00945281982422,9.899477005004883,49.90892791748047,400.7298889160156,1.9009798765182495
3.770836591720581,39.08000183105469,1000.0,147.0,1.3488664627075195,0.03420171141624451,2.0,1.00167977809906,1.00167977809906,1.00167977809906,0.031655583530664444,0.00012240000069141388,0.9332626461982727,2960000.0,-0.0041724396869540215,-0.0006742826662957668,0.21858955919742584,0.045346733182668686,0.004059404134750366,0.5693790316581726,1.8977136611938477,-0.15470147132873535,2.8000881671905518,7319.68017578125,36.37409973144531,9.705967903137207,46.08007049560547,434.0271301269531,1.9014945030212402
3.6491024494171143,37.52000045776367,1000.0,148.0,1.3488065004348755,0.06559190154075623,2.0,0.9970327019691467,0.9970327019691467,0.9970327019691467,0.031483445316553116,0.00012119999882997945,0.9332308769226074,2980000.0,-0.008274807594716549,-0.0041023679077625275,0.12063169479370117,0.05594901740550995,0.010602284222841263,0.5365079045295715,1.3911553621292114,-0.5065582990646362,2.401050090789795,7366.490234375,37.78581237792969,8.999252319335938,46.785064697265625,427.4868469238281,1.9032704830169678
3.9141311645507812,34.119998931884766,1000.0,149.0,1.3487894535064697,0.014093957841396332,4.0,0.9999155402183533,0.9999155402183533,0.9999155402183533,0.018023483455181122,0.00011999999696854502,0.9333277940750122,3000000.0,-0.006660305894911289,0.0016145016998052597,-0.14794141054153442,0.04722728207707405,-0.008721735328435898,0.5164631605148315,1.2832955121994019,-0.10785984992980957,1.7311819791793823,7425.4228515625,39.92509841918945,18.98198127746582,58.90707778930664,339.51776123046875,1.9058326482772827
3.9796319007873535,26.959999084472656,1000.0,150.0,1.3511741161346436,0.015563719905912876,4.0,0.9997546672821045,0.9997546672821045,0.9997546672821045,0.020462453365325928,0.0001188000023830682,0.9356564879417419,3020000.0,-0.005094583611935377,0.001565722282975912,-0.07783716917037964,0.04821234196424484,0.0009850598871707916,0.4763723611831665,1.0592848062515259,-0.22401070594787598,2.443359613418579,7484.7001953125,38.467063903808594,20.78873062133789,59.255794525146484,337.5197448730469,1.908353567123413
2.894700288772583,24.440000534057617,1000.0,151.0,1.3496421575546265,0.015722518786787987,5.0,0.9988447427749634,0.9988447427749634,0.9988447427749634,0.01936173439025879,0.00011760000052163377,0.9343036413192749,3040000.0,-0.007083089556545019,-0.001988505944609642,0.25230228900909424,0.039861008524894714,-0.008351333439350128,0.32387614250183105,0.7361924052238464,-0.32309240102767944,1.519879937171936,7541.34814453125,29.699512481689453,26.925886154174805,56.62540054321289,353.1983947753906,1.9105710983276367
2.127382278442383,17.780000686645508,1000.0,152.0,1.348966121673584,0.016548648476600647,4.0,1.0006829500198364,1.0006829500198364,1.0006829500198364,0.020015627145767212,0.00011639999866019934,0.9336692094802856,3060000.0,-0.006783044431358576,0.00030004512518644333,-0.17125558853149414,0.04558306932449341,0.005722060799598694,0.46616581082344055,0.8224513530731201,0.08625894784927368,2.59382700920105,7596.57275390625,34.863136291503906,20.338546752929688,55.201683044433594,362.3077697753906,1.9118069410324097
2.744180917739868,15.960000038146973,1000.0,153.0,1.3489065170288086,0.018130773678421974,4.0,0.999632716178894,0.999632716178894,0.999632716178894,0.020345589146018028,0.00011519999679876491,0.9336559772491455,3080000.0,-0.003777611767873168,0.003005432663485408,-0.11068154871463776,0.05706260725855827,0.011479537934064865,0.4461959898471832,0.7598394155502319,-0.06261193752288818,1.7864230871200562,7652.6103515625,37.28221893310547,18.732912063598633,56.015132904052734,357.04638671875,1.9119596481323242
3.406365156173706,18.219999313354492,1000.0,154.0,1.3493661880493164,0.019834479317069054,3.0,0.9987357258796692,0.9987357258796692,0.9987357258796692,0.01747288554906845,0.0001140000022132881,0.9339836239814758,3100000.0,-0.0013371113454923034,0.0024405004223808646,0.004993768408894539,0.05622051656246185,-0.0008420906960964203,0.5280105471611023,1.067427635192871,0.30758821964263916,2.1566641330718994,7707.44970703125,40.81647872924805,14.002580642700195,54.81905746459961,364.83660888671875,1.9113727807998657
3.30263090133667,20.079999923706055,1000.0,155.0,1.3511908054351807,0.03871118649840355,2.0,0.9990699291229248,0.9990699291229248,0.9990699291229248,0.01991700939834118,0.00011280000035185367,0.9357566833496094,3120000.0,-0.0035111329052597284,-0.002174021559767425,-0.0827941745519638,0.05208302289247513,-0.004137493669986725,0.30814751982688904,0.9482593536376953,-0.11916828155517578,1.8061119318008423,7754.708984375,37.561485290527344,9.669608116149902,47.2310905456543,423.44989013671875,1.9103150367736816
2.0339090824127197,19.020000457763672,1000.0,156.0,1.351728916168213,0.022778360173106194,2.0,0.9996992945671082,0.9996992945671082,0.9996992945671082,0.02498413808643818,0.00011159999849041924,0.9364157915115356,3140000.0,-0.002259425353258848,0.0012517075520008802,0.0887250229716301,0.04351038485765457,-0.008572638034820557,0.2566911280155182,0.9145992398262024,-0.03366011381149292,1.0422838926315308,7799.72705078125,34.98696517944336,10.011444091796875,44.998409271240234,444.46014404296875,1.9087163209915161
2.639096736907959,26.219999313354492,1000.0,157.0,1.3527412414550781,0.018443336710333824,3.0,0.9988549947738647,0.9988549947738647,0.9988549947738647,0.02094953879714012,0.00011039999662898481,0.9374340772628784,3160000.0,-0.008984087966382504,-0.006724662613123655,-0.11922275274991989,0.06125132739543915,0.017740942537784576,0.42711031436920166,1.4881486892700195,0.5735494494438171,1.67337167263031,7853.103515625,38.9288444519043,14.413776397705078,53.342620849609375,374.9346923828125,1.9074043035507202
3.232426166534424,27.020000457763672,1000.0,158.0,1.3532214164733887,0.043062951415777206,1.0,0.999215304851532,0.999215304851532,0.999215304851532,0.02538386732339859,0.00010920000204350799,0.9379183650016785,3180000.0,0.0017090064939111471,0.01069309446029365,0.4138984680175781,0.048988573253154755,-0.012262754142284393,0.6192678809165955,1.7120872735977173,0.22393858432769775,2.6030123233795166,7896.24853515625,38.04515838623047,5.079209804534912,43.12437057495117,463.77490234375,1.9064383506774902
4.53672981262207,30.15999984741211,1000.0,159.0,1.3542176485061646,0.014980442821979523,4.0,1.0005520582199097,1.0005520582199097,1.0005520582199097,0.02593790739774704,0.00010800000018207356,0.9388329982757568,3200000.0,-0.0037771451752632856,-0.005486151669174433,-0.06209190934896469,0.05400726944208145,0.005018696188926697,0.5543895959854126,0.9574877619743347,-0.7545995116233826,2.0389339923858643,7951.39404296875,34.44804382324219,20.67671012878418,55.124752044677734,362.81341552734375,1.9061270952224731
4.096804618835449,26.1200008392334,1000.0,160.0,1.3536423444747925,0.013834778219461441,3.0,1.0000182390213013,1.0000182390213013,1.0000182390213013,0.02328754961490631,0.00010679999832063913,0.9382913112640381,3220000.0,-0.003492610529065132,0.0002845346461981535,0.0005423258990049362,0.048485975712537766,-0.005521293729543686,0.3388940989971161,1.0236576795578003,0.06616991758346558,1.482338309288025,8002.12646484375,36.302330017089844,14.408452033996582,50.710784912109375,394.3934326171875,1.905968189239502
4.334975719451904,24.84000015258789,1000.0,161.0,1.351761817932129,0.010523193515837193,4.0,0.9993465542793274,0.9993465542793274,0.9993465542793274,0.015720628201961517,0.0001055999964592047,0.9364762306213379,3240000.0,-0.004855563398450613,-0.0013629528693854809,0.20044857263565063,0.054414037615060806,0.005928061902523041,0.4831165075302124,0.9933609962463379,-0.030296683311462402,1.8882343769073486,8058.4208984375,37.56126403808594,18.710166931152344,56.27143096923828,355.4201354980469,1.9058071374893188
4.251612186431885,22.079999923706055,1000.0,162.0,1.3500359058380127,0.014126092195510864,5.0,1.0014089345932007,1.0014089345932007,1.0014089345932007,0.019194897264242172,0.00010440000187372789,0.9347644448280334,3260000.0,-0.004180298186838627,0.0006752652116119862,-0.07757186144590378,0.04700016602873802,-0.007413871586322784,0.46772679686546326,0.8742903470993042,-0.11907064914703369,2.234327793121338,8122.91015625,41.2619743347168,23.205730438232422,64.46770477294922,310.23284912109375,1.9053411483764648
4.919573783874512,20.959999084472656,1000.0,163.0,1.3484160900115967,0.014314740896224976,3.0,1.0003507137298584,1.0003507137298584,1.0003507137298584,0.01861351542174816,0.00010320000001229346,0.9332179427146912,3280000.0,-0.003929413855075836,0.0002508843317627907,-0.2486543506383896,0.051950037479400635,0.004949871450662613,0.5540254712104797,1.0733344554901123,0.1990441083908081,1.9161943197250366,8174.99072265625,37.11899948120117,14.940688133239746,52.059688568115234,384.1744079589844,1.904475212097168
4.833282947540283,13.9399995803833,1000.0,164.0,1.3459769487380981,0.015220128931105137,4.0,1.0008150339126587,1.0008150339126587,1.0008150339126587,0.02089015208184719,0.00010199999815085903,0.9309969544410706,3300000.0,-0.006585335358977318,-0.0026559215039014816,0.0094680767506361,0.04585658758878708,-0.006093449890613556,0.43155980110168457,0.9030075073242188,-0.17032694816589355,1.6016433238983154,8231.197265625,36.6886100769043,19.496723175048828,56.185333251953125,355.96478271484375,1.902471661567688
4.7454328536987305,13.380000114440918,1000.0,165.0,1.3433318138122559,0.011061840690672398,7.0,0.9984701871871948,0.9984701871871948,0.9984701871871948,0.017608461901545525,0.00010080000356538221,0.9283888339996338,3320000.0,-0.008494937792420387,-0.0019096024334430695,-0.014375966042280197,0.03899795189499855,-0.0068586356937885284,0.4556339979171753,0.652519941329956,-0.2504875659942627,2.053100347518921,8302.0595703125,36.34190368652344,34.49806594848633,70.8399658203125,282.32647705078125,1.8993757963180542
3.2945632934570312,10.65999984741211,1000.0,166.0,1.3423515558242798,0.01678885892033577,3.0,1.0000946521759033,1.0000946521759033,1.0000946521759033,0.01994743011891842,9.960000170394778e-05,0.9274382591247559,3340000.0,-0.006401509512215853,0.0020934282802045345,0.3122693598270416,0.038440171629190445,-0.0005577802658081055,0.2678638696670532,0.5867801904678345,-0.06573975086212158,1.4270042181015015,8355.7314453125,39.86322784423828,13.770936965942383,53.63416290283203,372.8966369628906,1.8949891328811646
3.2262091636657715,10.100000381469727,1000.0,167.0,1.3424947261810303,0.012950417585670948,6.0,1.0022895336151123,1.0022895336151123,1.0022895336151123,0.025467848405241966,9.839999984251335e-05,0.9276987314224243,3360000.0,-0.0058401599526405334,0.0005613495595753193,0.0975755974650383,0.03637366369366646,-0.002066507935523987,0.37047600746154785,0.4536660611629486,-0.13311412930488586,1.4366141557693481,8422.2890625,38.395599365234375,28.141948699951172,66.53754425048828,300.5821533203125,1.8893717527389526
1.9222304821014404,11.739999771118164,1000.0,168.0,1.3405529260635376,0.0765036791563034,1.0,0.9999536871910095,0.9999536871910095,0.9999536871910095,0.030515864491462708,9.719999798107892e-05,0.9258986115455627,3380000.0,-0.007156656123697758,-0.0013164961710572243,0.0780489444732666,0.0393228605389595,0.002949196845293045,0.2522123157978058,1.8726744651794434,1.4190084040164948,1.244537353515625,8465.548828125,37.97739791870117,5.254919052124023,43.23231887817383,462.61688232421875,1.882822036743164
2.262746810913086,11.140000343322754,1000.0,169.0,1.3389159440994263,0.013605572283267975,3.0,0.9989284873008728,0.9989284873008728,0.9989284873008728,0.01531301625072956,9.600000339560211e-05,0.9244174361228943,3400000.0,-0.0038376515731215477,0.00331900455057621,-0.01960916630923748,0.04058263450860977,0.0012597739696502686,0.25430062413215637,0.628805935382843,-1.2438685297966003,1.430757999420166,8517.5888671875,37.05195236206055,14.96735954284668,52.019309997558594,384.47259521484375,1.875360369682312
1.7831677198410034,9.0600004196167,1000.0,170.0,1.3368539810180664,0.008002675138413906,7.0,0.9991598129272461,0.9991598129272461,0.9991598129272461,0.014613051898777485,9.480000153416768e-05,0.922538697719574,3420000.0,-0.00550697511062026,-0.0016693235374987125,0.11653311550617218,0.037617992609739304,-0.002964641898870468,0.3014914095401764,0.38462376594543457,-0.24418216943740845,1.164491057395935,8586.80078125,36.6143913269043,32.56230545043945,69.17669677734375,289.1147155761719,1.8668402433395386
2.6088690757751465,11.239999771118164,1000.0,171.0,1.3360109329223633,0.020558997988700867,2.0,0.9993221759796143,0.9993221759796143,0.9993221759796143,0.025048520416021347,9.359999967273325e-05,0.9218508005142212,3440000.0,-0.0022290823981165886,0.0032778927125036716,-0.08140449225902557,0.056754421442747116,0.019136428833007812,0.44964852929115295,1.2764790058135986,0.8918552398681641,1.4718217849731445,8634.697265625,38.80567932128906,9.067148208618164,47.87282943725586,417.7735290527344,1.8576043844223022
2.7762811183929443,11.079999923706055,1000.0,172.0,1.3371812105178833,0.03715985268354416,2.0,0.9990896582603455,0.9990896582603455,0.9990896582603455,0.03296235203742981,9.239999781129882e-05,0.9229974150657654,3460000.0,-0.0039002529811114073,-0.0016711705829948187,-0.15502092242240906,0.0433499701321125,-0.013404451310634613,0.35639554262161255,0.7751511931419373,-0.5013278126716614,1.4827834367752075,8682.734375,38.130531311035156,9.885748863220215,48.01627731323242,416.5254211425781,1.847701072692871
2.7496678829193115,16.579999923706055,1000.0,173.0,1.3369609117507935,0.012111888267099857,3.0,1.000381350517273,1.000381350517273,1.000381350517273,0.021240364760160446,9.1200003225822e-05,0.9228760004043579,3480000.0,-0.003955168183892965,-5.491520278155804e-05,0.2001398354768753,0.04692121595144272,0.0035712458193302155,0.33122605085372925,0.8992120623588562,0.12406086921691895,1.491012692451477,8733.7568359375,37.084232330322266,13.915899276733398,51.001102447509766,392.1484069824219,1.837809681892395
3.100200891494751,17.079999923706055,1000.0,174.0,1.3393330574035645,0.012586652301251888,3.0,0.9993930459022522,0.9993930459022522,0.9993930459022522,0.015501380898058414,9.000000136438757e-05,0.9250679612159729,3500000.0,-0.004763835575431585,-0.00080866739153862,-0.05438549816608429,0.049687452614307404,0.002766236662864685,0.4527202248573303,0.7792547345161438,-0.1199573278427124,1.534898281097412,8787.25,39.14183807373047,14.329368591308594,53.472206115722656,374.0260925292969,1.8279829025268555
2.8862738609313965,17.420000076293945,1000.0,175.0,1.3421710729599,0.008648859336972237,4.0,1.0002481937408447,1.0002481937408447,1.0002481937408447,0.013036918826401234,8.879999950295314e-05,0.9276368618011475,3520000.0,-0.005043311510235071,-0.00027947593480348587,-0.002959776669740677,0.037899721413850784,-0.01178773120045662,0.2832950949668884,0.48351967334747314,-0.29573506116867065,1.276826024055481,8840.8896484375,33.881439208984375,19.738439559936523,53.61988067626953,372.9959716796875,1.8182505369186401
3.704751491546631,15.5600004196167,1000.0,176.0,1.343567967414856,0.019770266488194466,3.0,0.998371958732605,0.998371958732605,0.998371958732605,0.019622445106506348,8.759999764151871e-05,0.9288678765296936,3540000.0,-0.008002152666449547,-0.0029588411562144756,-0.24362358450889587,0.05500520393252373,0.017105482518672943,0.45372432470321655,1.072099208831787,0.588579535484314,1.527815818786621,8892.7236328125,37.731170654296875,14.080846786499023,51.81201934814453,386.0108337402344,1.8083897829055786
3.4888861179351807,12.420000076293945,1000.0,177.0,1.3434609174728394,0.009180516935884953,6.0,0.9993264675140381,0.9993264675140381,0.9993264675140381,0.014669498428702354,8.64000030560419e-05,0.9286180138587952,3560000.0,-0.005769398994743824,0.002232753671705723,0.004496373236179352,0.0326385572552681,-0.02236664667725563,0.35358670353889465,0.5498663783073425,-0.5222328305244446,0.9954330325126648,8960.4736328125,39.08219528198242,28.64629554748535,67.7284927368164,295.29669189453125,1.79805326461792
3.7884457111358643,12.760000228881836,1000.0,178.0,1.3448638916015625,0.009932096116244793,3.0,1.0018118619918823,1.0018118619918823,1.0018118619918823,0.021825196221470833,8.520000119460747e-05,0.9298893213272095,3580000.0,-0.0026423954404890537,0.0031270035542547703,-0.16474322974681854,0.045981667935848236,0.01334311068058014,0.42874741554260254,0.7401056885719299,0.1902393102645874,1.2413684129714966,9011.9619140625,36.77581024169922,14.691169738769531,51.46697998046875,388.5986633300781,1.787322759628296
3.099836826324463,10.380000114440918,1000.0,179.0,1.3444997072219849,0.010188037529587746,6.0,1.0000202655792236,1.0000202655792236,1.0000202655792236,0.015584824606776237,8.399999933317304e-05,0.9296053647994995,3600000.0,-0.005990864243358374,-0.00334846880286932,-0.050159405916929245,0.03770192712545395,-0.008279740810394287,0.4200516641139984,0.5166972875595093,-0.22340840101242065,1.1187219619750977,9077.26171875,36.10926818847656,29.16741371154785,65.27776336669922,306.383056640625,1.775961995124817
4.040740966796875,16.299999237060547,1000.0,180.0,1.3432776927947998,0.016196241602301598,3.0,0.9995771050453186,0.9995771050453186,0.9995771050453186,0.019453909248113632,8.27999974717386e-05,0.9283617734909058,3620000.0,-0.006930678151547909,-0.0009398139081895351,0.16226837038993835,0.05262717977166176,0.01492525264620781,0.42595064640045166,0.818118691444397,0.3014214038848877,1.5082731246948242,9129.1875,37.650787353515625,14.253418922424316,51.904205322265625,385.3252258300781,1.7647058963775635
3.374877691268921,15.4399995803833,1000.0,181.0,1.3421107530593872,0.007547119632363319,12.0,1.0016509294509888,1.0016509294509888,1.0016509294509888,0.03961772844195366,8.160000288626179e-05,0.9270588159561157,3640000.0,-0.008327274583280087,-0.0013965964317321777,-0.08581069111824036,0.03102763369679451,-0.02159954607486725,0.29667577147483826,0.34881457686424255,-0.4693041145801544,1.1703848838806152,9221.09375,34.26042175292969,57.62205123901367,91.88247680664062,217.66937255859375,1.7534428834915161
3.591766357421875,13.65999984741211,1000.0,182.0,1.3379749059677124,0.008230315521359444,9.0,1.0017762184143066,1.0017762184143066,1.0017762184143066,0.021543141454458237,8.040000102482736e-05,0.92318195104599,3660000.0,-0.00603064289316535,0.0022966316901147366,0.015573155134916306,0.036750033497810364,0.005722399801015854,0.4036092162132263,0.3075092136859894,-0.041305363178253174,1.267232060432434,9302.025390625,38.38529968261719,42.504432678222656,80.88973236083984,247.2501678466797,1.741965889930725
2.7481565475463867,9.0600004196167,1000.0,183.0,1.3365768194198608,0.01099340245127678,6.0,0.9998595714569092,0.9998595714569092,0.9998595714569092,0.02110048197209835,7.919999916339293e-05,0.9219163656234741,3680000.0,-0.00567203015089035,0.0003586127422749996,0.2715347111225128,0.038248322904109955,0.001498289406299591,0.274549663066864,0.3529946804046631,0.045485466718673706,0.7470579147338867,9366.6513671875,36.03520202636719,28.566287994384766,64.60148620605469,309.59039306640625,1.729763150215149
2.894437313079834,11.819999694824219,1000.0,184.0,1.3360967636108398,0.014274478890001774,7.0,0.9969488382339478,0.9969488382339478,0.9969488382339478,0.04830595850944519,7.79999973019585e-05,0.9213768839836121,3700000.0,-0.009321611374616623,-0.0036495812237262726,-0.10474236309528351,0.03710084408521652,-0.0011474788188934326,0.3675023019313812,0.5121865272521973,0.15919184684753418,1.1194766759872437,9434.314453125,34.62004852294922,33.01885223388672,67.640380859375,295.6813659667969,1.7172199487686157
3.7323012351989746,15.720000267028809,1000.0,185.0,1.3366938829421997,0.009416523389518261,8.0,1.0007190704345703,1.0007190704345703,1.0007190704345703,0.01883394829928875,7.680000271648169e-05,0.9217877388000488,3720000.0,-0.007068125996738672,0.0022534853778779507,-0.3122588098049164,0.04175294563174248,0.004652101546525955,0.5291003584861755,0.4300650358200073,-0.08212149143218994,1.563990831375122,9511.87109375,39.34671401977539,38.187198638916016,77.5339126586914,257.9516296386719,1.7048176527023315
4.814791679382324,20.8799991607666,1000.0,186.0,1.3366785049438477,0.012878780253231525,5.0,0.9992780089378357,0.9992780089378357,0.9992780089378357,0.017660189419984818,7.560000085504726e-05,0.921710729598999,3740000.0,-0.007406172808259726,-0.0003380468115210533,0.05781933665275574,0.04698270931839943,0.005229763686656952,0.465424507856369,0.6849809885025024,0.2549159526824951,1.4612849950790405,9573.2841796875,36.9954948425293,24.39275550842285,61.38825225830078,325.79522705078125,1.6931411027908325
4.768391132354736,20.639999389648438,1000.0,187.0,1.3366830348968506,0.01268220879137516,5.0,0.9983236193656921,0.9983236193656921,0.9983236193656921,0.017423570156097412,7.439999899361283e-05,0.9217098951339722,3760000.0,-0.0072572180069983006,0.00014895480126142502,0.14039340615272522,0.0408703088760376,-0.006112400442361832,0.4358642101287842,0.5686729550361633,-0.11630803346633911,1.1677297353744507,9633.3740234375,34.40888214111328,25.658849716186523,60.06773376464844,332.95745849609375,1.682090163230896
4.762446403503418,19.559999465942383,1000.0,188.0,1.3370885848999023,0.01491750217974186,2.0,0.9995130896568298,0.9995130896568298,0.9995130896568298,0.016121726483106613,7.31999971321784e-05,0.9220457077026367,3780000.0,-0.004094128031283617,0.0031630899757146835,0.13903777301311493,0.05159979686141014,0.010729487985372543,0.5036733150482178,0.7733322381973267,0.20465928316116333,1.2712962627410889,9678.6904296875,34.18707275390625,11.10467529296875,45.291748046875,441.58154296875,1.671475887298584
3.8847904205322266,15.0,1000.0,189.0,1.3360891342163086,0.007919007912278175,5.0,0.9998956918716431,0.9998956918716431,0.9998956918716431,0.013737153261899948,7.200000254670158e-05,0.921137809753418,3800000.0,-0.00465772720053792,-0.000563599169254303,-0.018721681088209152,0.04027416929602623,-0.011325627565383911,0.5269770622253418,0.394716739654541,-0.37861549854278564,1.2183308601379395,9736.09765625,33.97273254394531,23.412765502929688,57.385494232177734,348.5201110839844,1.6607180833816528
4.122670650482178,14.020000457763672,1000.0,190.0,1.3335094451904297,0.010707201436161995,7.0,1.0007843971252441,1.0007843971252441,1.0007843971252441,0.018296439200639725,7.080000068526715e-05,0.9187484383583069,3820000.0,-0.00858104508370161,-0.003923317883163691,0.1291557103395462,0.04559541866183281,0.00532124936580658,0.5334792733192444,0.5120305418968201,0.11731380224227905,1.2632800340652466,9807.1962890625,37.83355712890625,33.243961334228516,71.0775146484375,281.3829345703125,1.6497128009796143
4.004647254943848,11.899999618530273,1000.0,191.0,1.3305397033691406,0.009281360544264317,10.0,0.999252200126648,0.999252200126648,0.999252200126648,0.017941974103450775,6.959999882383272e-05,0.9159790277481079,3840000.0,-0.006340668071061373,0.002240377012640238,0.09910819679498672,0.03655669093132019,-0.009038727730512619,0.44012320041656494,0.30946215987205505,-0.20256838202476501,1.0963704586029053,9890.796875,36.364715576171875,47.212764739990234,83.57748413085938,239.2989044189453,1.6382315158843994
3.4884958267211914,15.4399995803833,1000.0,192.0,1.3275076150894165,0.010700313374400139,4.0,0.9988947510719299,0.9988947510719299,0.9988947510719299,0.016452210023999214,6.839999696239829e-05,0.9131163358688354,3860000.0,-0.007243874948471785,-0.0009032068774104118,-0.03008410334587097,0.03460873290896416,-0.0019479580223560333,0.36006903648376465,0.6274116039276123,0.31794944405555725,0.9916597604751587,9944.5927734375,35.92464065551758,17.846363067626953,53.770999908447266,371.94769287109375,1.6267352104187012
3.5202033519744873,13.420000076293945,1000.0,193.0,1.3256717920303345,0.009013236500322819,11.0,1.0007169246673584,1.0007169246673584,1.0007169246673584,0.021971730515360832,6.720000237692147e-05,0.9114099740982056,3880000.0,-0.007877851836383343,-0.0006339768879115582,-0.18024799227714539,0.0409310981631279,0.006322365254163742,0.5103021264076233,0.36618369817733765,-0.26122790575027466,1.4218378067016602,10040.0419921875,41.582801818847656,53.84334945678711,95.4261474609375,209.58615112304688,1.6149834394454956
2.824660301208496,13.899999618530273,1000.0,194.0,1.3212748765945435,0.011168599128723145,7.0,1.0003161430358887,1.0003161430358887,1.0003161430358887,0.028077473863959312,6.600000051548705e-05,0.9074115753173828,3900000.0,-0.00925295427441597,-0.001375102438032627,0.0093478262424469,0.03325730562210083,-0.007673792541027069,0.3377144932746887,0.3734295070171356,0.007245808839797974,0.9126534461975098,10106.8681640625,32.4665412902832,34.33437728881836,66.80091857910156,299.3970642089844,1.6030550003051758
3.556875228881836,11.859999656677246,1000.0,195.0,1.3199213743209839,0.014325009658932686,4.0,0.998652458190918,0.998652458190918,0.998652458190918,0.015083295293152332,6.479999865405262e-05,0.9061976671218872,3920000.0,-0.006388154812157154,0.0028647994622588158,-0.04835648834705353,0.046525076031684875,0.013267770409584045,0.5329642295837402,0.5988632440567017,0.22543373703956604,1.3635615110397339,10160.1787109375,34.98680114746094,18.301294326782227,53.2880973815918,375.318359375,1.5907217264175415
3.5752899646759033,15.640000343322754,1000.0,196.0,1.3186172246932983,0.015373493544757366,4.0,1.0007346868515015,1.0007346868515015,1.0007346868515015,0.023274701088666916,6.359999679261819e-05,0.9050484299659729,3940000.0,-0.006678031291812658,-0.0002898764796555042,-0.03448580950498581,0.038147106766700745,-0.00837796926498413,0.42715057730674744,0.7216053009033203,0.12274205684661865,1.4568780660629272,10219.76171875,41.024112701416016,18.53473472595215,59.55884552001953,335.8023376464844,1.578470230102539
4.762058258056641,15.239999771118164,1000.0,197.0,1.3184266090393066,0.01232239045202732,5.0,1.0014299154281616,1.0014299154281616,1.0014299154281616,0.02054811641573906,6.240000220714137e-05,0.9048659801483154,3960000.0,-0.007572120055556297,-0.000894088763743639,-0.15419673919677734,0.04793285205960274,0.009785745292901993,0.4456728398799896,0.48352110385894775,-0.23808419704437256,1.2563884258270264,10281.2744140625,37.01784133911133,24.47292137145996,61.490760803222656,325.2521057128906,1.566241979598999
5.962060451507568,16.899999618530273,1000.0,198.0,1.3177708387374878,0.012193913571536541,6.0,1.0013370513916016,1.0013370513916016,1.0013370513916016,0.02094838209450245,6.120000034570694e-05,0.9042235016822815,3980000.0,-0.006139849778264761,0.0014322702772915363,0.07212628424167633,0.05156559869647026,0.003632746636867523,0.6755673289299011,0.7236117124557495,0.24009060859680176,1.8262263536453247,10347.08203125,36.50440216064453,29.278467178344727,65.78286743164062,304.030517578125,1.55423104763031
5.990571975708008,18.18000030517578,1000.0,199.0,1.3172861337661743,0.014675384387373924,4.0,0.9979950785636902,0.9979950785636902,0.9979950785636902,0.017248105257749557,5.999999848427251e-05,0.9037925004959106,4000000.0,-0.011922921985387802,-0.005783072207123041,0.004108406603336334,0.0377255380153656,-0.01384006068110466,0.4698944389820099,0.8681877255439758,0.14457601308822632,1.2399433851242065,10400.365234375,33.793155670166016,19.468849182128906,53.26200866699219,375.5021667480469,1.5425678491592407
5.527161121368408,16.3799991607666,1000.0,200.0,1.3177498579025269,0.008449694141745567,5.0,1.0005848407745361,1.0005848407745361,1.0005848407745361,0.016305947676301003,5.880000026081689e-05,0.9042584300041199,4020000.0,-0.005330445244908333,0.006592476740479469,-0.141370952129364,0.040393244475126266,0.002667706459760666,0.5150935649871826,0.4860098361968994,-0.3821778893470764,1.1818197965621948,10461.3154296875,38.040138244628906,22.888761520385742,60.928897857666016,328.25146484375,1.5309993028640747
4.471715927124023,18.520000457763672,1000.0,201.0,1.318165898323059,0.013089323416352272,4.0,1.0003060102462769,1.0003060102462769,1.0003060102462769,0.024088885635137558,5.759999839938246e-05,0.9047245979309082,4040000.0,-0.005896107293665409,-0.0005656620487570763,-0.18320849537849426,0.046190883964300156,0.005797639489173889,0.5968618392944336,0.6508980393409729,0.1648882031440735,1.5874518156051636,10517.41796875,36.08789825439453,19.9923038482666,56.080204010009766,356.632080078125,1.5197725296020508
4.619306564331055,16.940000534057617,1000.0,202.0,1.3207486867904663,0.012762969359755516,5.0,0.9985891580581665,0.9985891580581665,0.9985891580581665,0.016099242493510246,5.6400000175926834e-05,0.9070823192596436,4060000.0,-0.007350442465394735,-0.0014543351717293262,0.002999924123287201,0.0434873104095459,-0.002703573554754257,0.4794852137565613,0.6474817395210266,-0.003416299819946289,1.071701169013977,10575.4775390625,34.01189422607422,24.016443252563477,58.02833557128906,344.6592102050781,1.5086605548858643
4.869565010070801,17.200000762939453,1000.0,203.0,1.3216853141784668,0.008133657276630402,6.0,1.0000795125961304,1.0000795125961304,1.0000795125961304,0.019929872825741768,5.5199998314492404e-05,0.9078968167304993,4080000.0,-0.005231911316514015,0.00211853114888072,0.22296325862407684,0.03932638466358185,-0.00416092574596405,0.49066635966300964,0.3715526759624481,-0.2759290635585785,1.030029296875,10638.5654296875,35.19114303588867,27.873088836669922,63.064231872558594,317.1369934082031,1.4976813793182373
4.882852077484131,15.800000190734863,1000.0,204.0,1.3228464126586914,0.011159030720591545,5.0,1.000731348991394,1.000731348991394,1.000731348991394,0.016992103308439255,5.400000009103678e-05,0.9089288115501404,4100000.0,-0.005708692129701376,-0.00047678081318736076,-0.02549370564520359,0.04647264629602432,0.007146261632442474,0.5805982947349548,0.5262479782104492,0.1546953022480011,1.607174277305603,10699.9169921875,38.54384231567383,22.785310745239258,61.32915496826172,326.1091613769531,1.4866491556167603
5.15574836730957,20.719999313354492,1000.0,205.0,1.3222895860671997,0.015689924359321594,4.0,0.9991917014122009,0.9991917014122009,0.9991917014122009,0.021378168836236,5.279999822960235e-05,0.9083981513977051,4120000.0,-0.007877342402935028,-0.002168650273233652,0.193100243806839,0.05116960406303406,0.004696957767009735,0.5545169711112976,0.8793736696243286,0.3531256914138794,1.3960957527160645,10754.955078125,37.2352294921875,17.77933692932129,55.014564514160156,363.5400695800781,1.4761683940887451
5.359616756439209,24.84000015258789,1000.0,206.0,1.3214881420135498,0.010395068675279617,5.0,0.999967634677887,0.999967634677887,0.999967634677887,0.01823945716023445,5.160000000614673e-05,0.9077610373497009,4140000.0,-0.007017562165856361,0.0008597802370786667,0.14809943735599518,0.04560656100511551,-0.005563043057918549,0.571321427822113,0.6833299398422241,-0.1960437297821045,1.6916626691818237,10814.8349609375,36.75611877441406,23.101591110229492,59.85771179199219,334.1257019042969,1.4666906595230103
5.740612983703613,30.139999389648438,1000.0,207.0,1.3208701610565186,0.011994031257927418,5.0,0.9992856979370117,0.9992856979370117,0.9992856979370117,0.03461079299449921,5.0400001782691106e-05,0.9073056578636169,4160000.0,-0.01006283424794674,-0.003045272082090378,0.19502615928649902,0.05439571663737297,0.008789155632257462,0.6807846426963806,1.166124939918518,0.48279500007629395,1.8666924238204956,10875.505859375,37.255496978759766,23.39299201965332,60.64848709106445,329.7691345214844,1.4587732553482056
5.4820685386657715,30.899999618530273,1000.0,208.0,1.3213623762130737,0.010116083547472954,5.0,0.999380350112915,0.999380350112915,0.999380350112915,0.018372438848018646,4.9199999921256676e-05,0.9077782034873962,4180000.0,-0.008827975019812584,0.0012348592281341553,-0.1824338436126709,0.04328946769237518,-0.011106248944997787,0.5200510025024414,0.76438307762146,-0.4017418622970581,1.5726921558380127,10936.4287109375,35.32677459716797,25.575681686401367,60.90245819091797,328.39398193359375,1.4523597955703735
6.40366268157959,30.15999984741211,1000.0,209.0,1.3214447498321533,0.007606532424688339,6.0,1.0054610967636108,1.0054610967636108,1.0054610967636108,0.14334066212177277,4.8000001697801054e-05,0.9078646302223206,4200000.0,-0.011916818097233772,-0.0030888430774211884,0.10941839218139648,0.051634516566991806,0.008345048874616623,0.6717295050621033,1.425140619277954,0.6607575416564941,1.9930108785629272,10998.8125,31.752256393432617,30.60993194580078,62.36219024658203,320.7071533203125,1.4472132921218872
4.828026294708252,19.860000610351562,1000.0,210.0,1.3207814693450928,0.006394044030457735,16.0,1.0013741254806519,1.0013741254806519,1.0013741254806519,0.028058361262083054,4.6799999836366624e-05,0.9072776436805725,4220000.0,-0.004733594600111246,0.007183223497122526,0.29010921716690063,0.027863189578056335,-0.02377132698893547,0.5071967840194702,0.2880275249481201,-1.137113094329834,1.3370628356933594,11108.466796875,33.97015380859375,75.66097259521484,109.6311264038086,182.42994689941406,1.4419300556182861
4.561456680297852,15.260000228881836,1000.0,211.0,1.3199529647827148,0.009832487441599369,10.0,0.9997423887252808,0.9997423887252808,0.9997423887252808,0.019375141710042953,4.5600001612911e-05,0.9064767956733704,4240000.0,-0.008144346997141838,-0.003410752397030592,0.1162431463599205,0.03310062363743782,0.005237434059381485,0.4760226905345917,0.3359069526195526,0.047879427671432495,1.243926763534546,11194.302734375,38.5213737487793,47.286861419677734,85.80823516845703,233.07786560058594,1.4359495639801025
4.028021812438965,20.8799991607666,1000.0,212.0,1.3200803995132446,0.009036311879754066,10.0,1.0005754232406616,1.0005754232406616,1.0005754232406616,0.017894217744469643,4.439999975147657e-05,0.9065626263618469,4260000.0,-0.008971906267106533,-0.000827559269964695,-0.11420898884534836,0.03256194666028023,-0.0005386769771575928,0.5286734104156494,0.5754823088645935,0.2395753562450409,1.5721678733825684,11276.5380859375,35.6024284362793,46.60839080810547,82.2108154296875,243.27699279785156,1.4300382137298584
5.001035213470459,28.979999542236328,1000.0,213.0,1.3165152072906494,0.008706148713827133,13.0,1.0009944438934326,1.0009944438934326,1.0009944438934326,0.01741025038063526,4.320000152802095e-05,0.9034050107002258,4280000.0,-0.009646630845963955,-0.0006747245788574219,-0.08261281996965408,0.04120442271232605,0.008642476052045822,0.541353702545166,0.6972634196281433,0.1217811107635498,1.9356756210327148,11369.1064453125,32.131103515625,60.41497039794922,92.54607391357422,216.10858154296875,1.4252033233642578
5.742513656616211,32.29999923706055,1000.0,214.0,1.3142733573913574,0.010581913404166698,10.0,0.9986188411712646,0.9986188411712646,0.9986188411712646,0.019305318593978882,4.199999966658652e-05,0.9014419317245483,4300000.0,-0.010138447396457195,-0.0004918165504932404,-0.5049828290939331,0.037441130727529526,-0.003763291984796524,0.6522135734558105,0.5845460295677185,-0.1127173900604248,1.792494297027588,11450.833984375,34.758033752441406,46.94366455078125,81.70169830322266,244.79295349121094,1.4217586517333984
6.201865196228027,28.459999084472656,1000.0,215.0,1.3140301704406738,0.01055985689163208,8.0,1.0003323554992676,1.0003323554992676,1.0003323554992676,0.020682312548160553,4.0800001443130895e-05,0.9013362526893616,4320000.0,-0.009520784951746464,0.0006176624447107315,0.008161880075931549,0.04175514355301857,0.004314012825489044,0.6125234365463257,0.6809439659118652,0.09639793634414673,1.6167724132537842,11524.33203125,36.2759895324707,37.198402404785156,73.47539520263672,272.1999816894531,1.4190863370895386
6.5034966468811035,27.920000076293945,1000.0,216.0,1.314324975013733,0.007973148487508297,11.0,0.999733030796051,0.999733030796051,0.999733030796051,0.016196850687265396,3.9599999581696466e-05,0.9016702771186829,4340000.0,-0.009197340346872807,0.0003234446048736572,-0.08982226252555847,0.04704864323139191,0.005293499678373337,0.7588056325912476,0.6503520607948303,-0.030591905117034912,1.8496357202529907,11608.5927734375,31.755990982055664,52.48324203491211,84.2392349243164,237.4190673828125,1.417043924331665
7.065828800201416,25.959999084472656,1000.0,217.0,1.3156187534332275,0.006062856409698725,10.0,0.9997517466545105,0.9997517466545105,0.9997517466545105,0.024538252502679825,3.840000135824084e-05,0.902768075466156,4360000.0,-0.005107872653752565,0.004089467693120241,0.1207369789481163,0.04295588657259941,-0.004092756658792496,0.6357555389404297,0.45009902119636536,-0.20025303959846497,1.9626370668411255,11690.306640625,37.16642761230469,44.52479934692383,81.69123077392578,244.82432556152344,1.4153226613998413
6.856659412384033,25.520000457763672,1000.0,218.0,1.3159385919570923,0.008481530472636223,8.0,0.9988793134689331,0.9988793134689331,0.9988793134689331,0.014499210752546787,3.719999949680641e-05,0.9030176997184753,4380000.0,-0.008649286814033985,-0.0035414141602814198,-0.038323186337947845,0.044741854071617126,0.0017859674990177155,0.5753294825553894,0.5646549463272095,0.11455592513084412,1.5752891302108765,11766.767578125,40.639732360839844,35.778133392333984,76.41786193847656,261.7189025878906,1.4138355255126953
6.121403694152832,19.65999984741211,1000.0,219.0,1.3154022693634033,0.00966478418558836,5.0,0.9999727010726929,0.9999727010726929,0.9999727010726929,0.016239497810602188,3.600000127335079e-05,0.902559757232666,4400000.0,-0.005580451339483261,0.003068835474550724,-0.3001561462879181,0.04081956297159195,-0.003922291100025177,0.5869720578193665,0.6214799284934998,0.05682498216629028,1.6460251808166504,11826.5908203125,36.968021392822266,22.832279205322266,59.80030059814453,334.44647216796875,1.4118143320083618
5.1290483474731445,16.920000076293945,1000.0,220.0,1.317454218864441,0.007466655224561691,16.0,1.0003160238265991,1.0003160238265991,1.0003160238265991,0.01625242456793785,3.479999941191636e-05,0.9044224619865417,4420000.0,-0.007769397459924221,-0.00218894612044096,0.1034124493598938,0.03810296952724457,-0.0027165934443473816,0.7441356778144836,0.3954775631427765,-0.22600236535072327,1.7901198863983154,11936.9833984375,36.65386962890625,73.71539306640625,110.3692626953125,181.20986938476562,1.4089605808258057
5.6833415031433105,19.719999313354492,1000.0,221.0,1.3164042234420776,0.009637555107474327,11.0,1.0006029605865479,1.0006029605865479,1.0006029605865479,0.03716351464390755,3.360000118846074e-05,0.9034149050712585,4440000.0,-0.010618465952575207,-0.0028490684926509857,0.13177363574504852,0.04548340663313866,0.007380437105894089,0.8304088711738586,0.5855874419212341,0.19010987877845764,2.1314523220062256,12025.2822265625,36.7100715637207,51.56148910522461,88.27156066894531,226.57354736328125,1.4057109355926514
6.210247039794922,24.239999771118164,1000.0,222.0,1.3167461156845093,0.007258265279233456,13.0,1.0002588033676147,1.0002588033676147,1.0002588033676147,0.01659565605223179,3.239999932702631e-05,0.9036044478416443,4460000.0,-0.0074667674489319324,0.0031516985036432743,0.23476803302764893,0.042484428733587265,-0.0029989778995513916,0.7044858932495117,0.5302107930183411,-0.055376648902893066,2.1320037841796875,12120.455078125,35.103729248046875,60.04464340209961,95.14837646484375,210.19802856445312,1.402681589126587
7.276538848876953,27.1200008392334,1000.0,223.0,1.3166923522949219,0.006651270668953657,13.0,1.001526117324829,1.001526117324829,1.001526117324829,0.018819279968738556,3.1200001103570685e-05,0.9034870862960815,4480000.0,-0.008070418611168861,-0.0006036511622369289,0.4249536693096161,0.046269193291664124,0.0037847645580768585,0.7080551385879517,0.4577333927154541,-0.07247740030288696,1.7538671493530273,12219.7744140625,37.9726676940918,61.31957244873047,99.292236328125,201.4256134033203,1.4002207517623901
6.800196647644043,19.020000457763672,1000.0,224.0,1.3189911842346191,0.0062272376380860806,14.0,1.000398874282837,1.000398874282837,1.000398874282837,0.014259123243391514,2.9999999242136255e-05,0.9054704904556274,4500000.0,-0.007221697364002466,0.0008487212471663952,0.1356375366449356,0.04330435022711754,-0.002964843064546585,0.6728846430778503,0.3454838693141937,-0.11224952340126038,1.824194312095642,12318.236328125,33.44673156738281,64.98828887939453,98.43502044677734,203.17971801757812,1.397230625152588
6.845245361328125,18.65999984741211,1000.0,225.0,1.3200091123580933,0.010783985257148743,4.0,1.0012632608413696,1.0012632608413696,1.0012632608413696,0.016518613323569298,2.879999919969123e-05,0.9063349962234497,4520000.0,-0.007028681691735983,0.0001930156722664833,-0.06480482220649719,0.06377118080854416,0.02046683058142662,0.7475696802139282,0.7688186764717102,0.4233348071575165,2.06427264213562,12372.0419921875,36.07654571533203,17.70224380493164,53.77979278564453,371.8868713378906,1.3937147855758667
6.484796524047852,15.760000228881836,1000.0,226.0,1.318867802619934,0.00963294506072998,9.0,0.999208390712738,0.999208390712738,0.999208390712738,0.01609223149716854,2.7599999157246202e-05,0.9052934646606445,4540000.0,-0.005408001597970724,0.0016206800937652588,-0.37595227360725403,0.042476724833250046,-0.021294455975294113,0.6828309297561646,0.4012961983680725,-0.3675224781036377,1.5994254350662231,12450.0693359375,37.57844543457031,40.426979064941406,78.00642395019531,256.3891296386719,1.3893481492996216
6.935098648071289,19.280000686645508,1000.0,227.0,1.316241979598999,0.007695573382079601,15.0,0.9996703267097473,0.9996703267097473,0.9996703267097473,0.015400247648358345,2.6399999114801176e-05,0.9030174612998962,4560000.0,-0.011882389895617962,-0.006474388297647238,-0.09271170198917389,0.05449721962213516,0.012020494788885117,0.7488721013069153,0.48055362701416016,0.07925742864608765,2.0002219676971436,12556.4130859375,36.154014587402344,70.16495513916016,106.3189697265625,188.11318969726562,1.384667158126831
7.269509315490723,21.8799991607666,1000.0,228.0,1.3143081665039062,0.007550476118922234,11.0,1.0014517307281494,1.0014517307281494,1.0014517307281494,0.021086661145091057,2.5200000891345553e-05,0.9012799859046936,4580000.0,-0.007631232496351004,0.004251157399266958,-0.19380037486553192,0.05219437554478645,-0.002302844077348709,0.7355888485908508,0.5371798872947693,0.05662626028060913,2.000593662261963,12642.7734375,34.0025749206543,52.32977294921875,86.33235168457031,231.66287231445312,1.3800386190414429
6.751132965087891,22.760000228881836,1000.0,229.0,1.313841700553894,0.006971639581024647,21.0,1.0027986764907837,1.0027986764907837,1.0027986764907837,0.07488618791103363,2.4000000848900527e-05,0.9008167386054993,4600000.0,-0.010140115395188332,-0.002508882898837328,-0.07048125565052032,0.03779573366045952,-0.014398641884326935,0.7271015644073486,0.3132800757884979,-0.22389981150627136,1.9502993822097778,12772.5458984375,31.676605224609375,98.07025146484375,129.74685668945312,154.1463165283203,1.3755708932876587
6.278959274291992,25.040000915527344,1000.0,230.0,1.3142457008361816,0.00505540007725358,17.0,1.002159595489502,1.002159595489502,1.002159595489502,0.02902320958673954,2.28000008064555e-05,0.9011031985282898,4620000.0,-0.007481889333575964,0.0026582260616123676,0.2646332085132599,0.03570929542183876,-0.002086438238620758,0.7032759785652161,0.38482892513275146,0.07154884934425354,1.889954686164856,12884.453125,31.692453384399414,80.18595886230469,111.87841796875,178.76548767089844,1.371545433998108
6.010357856750488,16.079999923706055,1000.0,231.0,1.3154526948928833,0.006192340049892664,19.0,0.999615490436554,0.999615490436554,0.999615490436554,0.015552372671663761,2.1600000764010474e-05,0.9022176265716553,4640000.0,-0.008111944422125816,-0.0006300550885498524,-0.12028487771749496,0.03383077681064606,-0.0018785186111927032,0.5851983428001404,0.28091999888420105,-0.10390892624855042,1.4221664667129517,13003.1865234375,31.1426944732666,87.5645523071289,118.7072525024414,168.48170471191406,1.3667470216751099
5.579333305358887,15.140000343322754,1000.0,232.0,1.3149991035461426,0.006968346890062094,24.0,1.002708077430725,1.002708077430725,1.002708077430725,0.026944531127810478,2.0400000721565448e-05,0.9017520546913147,4660000.0,-0.010065273381769657,-0.001953328959643841,-0.24464204907417297,0.032235752791166306,-0.0015950240194797516,0.6087773442268372,0.2786988317966461,-0.0022211670875549316,1.6625486612319946,13146.25390625,30.770999908447266,112.2674560546875,143.0384521484375,139.82254028320312,1.3611260652542114
5.682541370391846,16.84000015258789,1000.0,233.0,1.3128365278244019,0.006543541327118874,26.0,1.000967025756836,1.000967025756836,1.000967025756836,0.01872103102505207,1.920000067912042e-05,0.8997734785079956,4680000.0,-0.009763072244822979,0.00030220113694667816,0.21298956871032715,0.03708046302199364,0.0048447102308273315,0.6962505578994751,0.3171154856681824,0.038416653871536255,1.9204972982406616,13298.130859375,31.63599967956543,120.2079086303711,151.84390258789062,131.71420288085938,1.3549834489822388
4.476402282714844,20.260000228881836,1000.0,234.0,1.3117550611495972,0.00790015235543251,10.0,0.9989493489265442,0.9989493489265442,0.9989493489265442,0.013700604438781738,1.8000000636675395e-05,0.8987827301025391,4700000.0,-0.008170505985617638,0.0015925662592053413,-0.018743334338068962,0.0324506051838398,-0.004629857838153839,0.5259402394294739,0.38828957080841064,0.07117408514022827,1.4443073272705078,13377.060546875,33.10359573364258,45.77334976196289,78.87694549560547,253.55950927734375,1.3488177061080933
4.525757789611816,19.899999618530273,1000.0,235.0,1.3136487007141113,0.007106554228812456,19.0,1.0015509128570557,1.0015509128570557,1.0015509128570557,0.02171502448618412,1.680000059423037e-05,0.9004347324371338,4720000.0,-0.008741647005081177,-0.0005711410194635391,-0.19269832968711853,0.02936214581131935,-0.0030884593725204468,0.5382959246635437,0.2747952938079834,-0.11349427700042725,1.2847239971160889,13498.4013671875,34.91666793823242,86.39732360839844,121.3139877319336,164.8614501953125,1.3425822257995605
5.199261665344238,20.520000457763672,1000.0,236.0,1.3127070665359497,0.00699568772688508,20.0,1.0011403560638428,1.0011403560638428,1.0011403560638428,0.015623273327946663,1.5600000551785342e-05,0.89955073595047,4740000.0,-0.009289762005209923,-0.000548115000128746,0.18446189165115356,0.03832944855093956,0.008967302739620209,0.6442185044288635,0.308750718832016,0.03395542502403259,1.796364426612854,13620.9580078125,30.33091926574707,92.1961898803711,122.52711486816406,163.22918701171875,1.3363642692565918
5.586757183074951,18.920000076293945,1000.0,237.0,1.3099761009216309,0.007550112437456846,26.0,1.0011175870895386,1.0011175870895386,1.0011175870895386,0.028349658474326134,1.4399999599845614e-05,0.8970628380775452,4760000.0,-0.009208600036799908,8.11619684100151e-05,0.14798738062381744,0.03562141954898834,-0.0027080290019512177,0.6000613570213318,0.2234095335006714,-0.0853411853313446,1.2518374919891357,13770.8115234375,32.7585563659668,117.06761169433594,149.826171875,133.488037109375,1.329948902130127
6.046358108520508,20.399999618530273,1000.0,238.0,1.3080233335494995,0.007806597277522087,24.0,0.9984009265899658,0.9984009265899658,0.9984009265899658,0.014263583347201347,1.3199999557400588e-05,0.8952562808990479,4780000.0,-0.009849142283201218,-0.00064054224640131,-0.0518345907330513,0.03677991032600403,0.001158490777015686,0.6153292059898376,0.25058963894844055,0.027180105447769165,1.2680175304412842,13915.19921875,36.922264099121094,107.43348693847656,144.35574340820312,138.54661560058594,1.3235502243041992
5.429133892059326,16.600000381469727,1000.0,239.0,1.308549165725708,0.005282913334667683,33.0,1.0014712810516357,1.0014712810516357,1.0014712810516357,0.03505725786089897,1.2000000424450263e-05,0.895722508430481,4800000.0,-0.008599493652582169,0.001249648630619049,0.020497746765613556,0.03317214548587799,-0.0036077648401260376,0.6568667888641357,0.20491841435432434,-0.04567122459411621,1.4126297235488892,14097.2236328125,31.1892147064209,150.80690002441406,181.99610900878906,109.8924560546875,1.316659927368164
5.669919013977051,20.559999465942383,1000.0,240.0,1.3083406686782837,0.007387102581560612,14.0,0.9981622099876404,0.9981622099876404,0.9981622099876404,0.011997126042842865,1.0800000382005237e-05,0.8955419063568115,4820000.0,-0.0081118643283844,0.00048762932419776917,0.34496763348579407,0.04255065694451332,0.00937851145863533,0.6260172128677368,0.292884886264801,0.08796647191047668,1.2313246726989746,14190.494140625,29.58995819091797,63.64573669433594,93.2356948852539,214.51011657714844,1.3098515272140503
6.086472988128662,23.15999984741211,1000.0,241.0,1.3073121309280396,0.006976361386477947,33.0,0.9992470145225525,0.9992470145225525,0.9992470145225525,0.017162760719656944,9.60000033956021e-06,0.8946254253387451,4840000.0,-0.009814780205488205,-0.0017029158771038055,-0.49133506417274475,0.034403230994939804,-0.008147425949573517,0.6553172469139099,0.24933284521102905,-0.04355204105377197,1.5961498022079468,14371.7041015625,33.51306915283203,147.67068481445312,181.1837615966797,110.38516998291016,1.3034634590148926
7.10592794418335,25.940000534057617,1000.0,242.0,1.3062007427215576,0.004712275229394436,40.0,1.0090399980545044,1.0090399980545044,1.0090399980545044,0.23432280123233795,8.400000297115184e-06,0.8936320543289185,4860000.0,-0.015981122851371765,-0.00616634264588356,0.06952237337827682,0.037472616881132126,0.0030693858861923218,0.634601891040802,0.20869368314743042,-0.04063916206359863,1.7085652351379395,14585.6513671875,33.82533645629883,180.0867156982422,213.9120635986328,93.49636840820312,1.2978270053863525
7.911291122436523,29.559999465942383,1000.0,243.0,1.3076645135879517,0.003534304676577449,40.0,1.000846028327942,1.000846028327942,1.000846028327942,0.01119588315486908,7.199999799922807e-06,0.8949345946311951,4880000.0,-0.008984828367829323,0.006996294483542442,0.16160988807678223,0.047293223440647125,0.009820606559515,1.0670289993286133,0.3962002098560333,0.1875065267086029,2.6795995235443115,14795.427734375,31.79659652709961,177.9440155029297,209.74061584472656,95.35587310791016,1.293355941772461
8.491275787353516,28.579999923706055,1000.0,244.0,1.3055435419082642,0.0032566413283348083,40.0,1.0008974075317383,1.0008974075317383,1.0008974075317383,0.010900143533945084,6.000000212225132e-06,0.8930560350418091,4900000.0,-0.007842404767870903,0.0011424235999584198,-0.018036849796772003,0.03548038378357887,-0.011812839657068253,0.792808473110199,0.2817848026752472,-0.11441540718078613,2.0599677562713623,15007.884765625,35.81058883666992,176.60885620117188,212.41944885253906,94.15333557128906,1.2898054122924805
8.355598449707031,29.84000015258789,1000.0,245.0,1.305209994316101,0.002130592707544565,40.0,1.0006632804870605,1.0006632804870605,1.0006632804870605,0.009814633056521416,4.800000169780105e-06,0.8927775621414185,4920000.0,-0.006140673998743296,0.0017017307691276073,0.08553805947303772,0.03254278376698494,-0.002937600016593933,0.8446774482727051,0.23239849507808685,-0.04938630759716034,1.878448247909546,15215.2626953125,30.225479125976562,177.11474609375,207.34022521972656,96.4598159790039,1.2872567176818848
7.7844719886779785,30.1200008392334,1000.0,246.0,1.305229902267456,0.0062406668439507484,40.0,0.999160647392273,0.999160647392273,0.999160647392273,0.013374809175729752,3.5999998999614036e-06,0.8927844166755676,4940000.0,-0.013554345816373825,-0.007413671817630529,0.04595673829317093,0.03636595606803894,0.003823172301054001,0.9303789138793945,0.31624120473861694,0.08384270966053009,2.067047595977783,15423.2490234375,32.99184036254883,174.95533752441406,207.94813537597656,96.17782592773438,1.2856509685516357
7.358658313751221,31.8799991607666,1000.0,247.0,1.3040885925292969,0.0011315362062305212,40.0,1.0003710985183716,1.0003710985183716,1.0003710985183716,0.006057800259441137,2.4000000848900527e-06,0.8917445540428162,4960000.0,-0.00436822697520256,0.009186118841171265,-0.402144193649292,0.03383660688996315,-0.0025293491780757904,0.8210057616233826,0.2941030263900757,-0.02213817834854126,2.0326950550079346,15630.25,31.601591110229492,175.3629150390625,206.96450805664062,96.63492584228516,1.285136103630066
7.224936485290527,33.939998626708984,1000.0,248.0,1.3043370246887207,0.0009841268183663487,40.0,0.9999012351036072,0.9999012351036072,0.9999012351036072,0.005606852471828461,1.2000000424450263e-06,0.8919789791107178,4980000.0,-0.005083028227090836,-0.0007148012518882751,-0.3546399474143982,0.03978899121284485,0.005952384322881699,0.9266620874404907,0.4440608620643616,0.1499578356742859,2.182884693145752,15837.8369140625,32.18861770629883,175.36021423339844,207.548828125,96.36286163330078,1.2858871221542358
7.306069374084473,32.060001373291016,1000.0,249.0,1.3046318292617798,0.00038529327139258385,40.0,0.9999613165855408,0.9999613165855408,0.9999613165855408,0.0035109317395836115,0.0,0.8922541737556458,5000000.0,-0.0018016555113717914,0.003281372715719044,0.09901490807533264,0.045072343200445175,0.0052833519876003265,0.904593288898468,0.2732987105846405,-0.17076215147972107,2.30401611328125,16042.373046875,28.544857025146484,175.95407104492188,204.49891662597656,97.8000259399414,1.287526249885559
