Metrics/EpRet,Metrics/EpCost,Metrics/EpLen,Train/Epoch,Train/Entropy,Train/KL,Train/StopIter,Train/PolicyRatio,Train/PolicyRatio/Min,Train/PolicyRatio/Max,Train/PolicyRatio/Std,Train/LR,Train/PolicyStd,TotalEnvSteps,Loss/Loss_pi,Loss/Loss_pi/Delta,Value/Adv,Loss/Loss_reward_critic,Loss/Loss_reward_critic/Delta,Value/reward,Time/Total,Time/Rollout,Time/Update,Time/Epoch,Time/FPS,Metrics/EpBudget
-1.5626380443572998,32.8125,1000.0,0.0,1.4264389276504517,0.007760360836982727,40.0,1.0000550746917725,1.0000550746917725,1.0000550746917725,0.014227790758013725,0.00029880000511184335,1.0075350999832153,20000.0,-0.007844820618629456,-0.007844820618629456,0.20906129479408264,0.06862081587314606,0.06862081587314606,-0.05354030802845955,141.76451110839844,20.848556518554688,120.91595458984375,141.76451110839844,141.0790252685547,394.2373046875
-1.4874931573867798,38.875,1000.0,1.0,1.4338946342468262,0.009028898552060127,40.0,0.9999778270721436,0.9999778270721436,0.9999778270721436,0.014152394607663155,0.0002975999959744513,1.0150786638259888,40000.0,-0.010649168863892555,-0.0028043482452630997,0.12901562452316284,0.10290917009115219,0.034288354218006134,-0.742422878742218,281.9769287109375,19.89117431640625,120.2887191772461,140.1798858642578,142.67381286621094,11.4111328125
-1.2670522928237915,45.58333206176758,1000.0,2.0,1.4377837181091309,0.011714477092027664,40.0,0.9992722868919373,0.9992722868919373,0.9992722868919373,0.015607250854372978,0.00029639998683705926,1.0190337896347046,60000.0,-0.014017872512340546,-0.0033687036484479904,-0.12741133570671082,0.23678968846797943,0.13388051837682724,-1.6004384756088257,424.5482482910156,21.81537628173828,120.72391510009766,142.53929138183594,140.31219482421875,-351.2375793457031
-0.9014850854873657,51.15999984741211,1000.0,3.0,1.44940984249115,0.012830598279833794,40.0,0.9967387914657593,0.9967387914657593,0.9967387914657593,0.016941925510764122,0.00029520000680349767,1.0309549570083618,80000.0,-0.019133595749735832,-0.0051157232373952866,-0.43189629912376404,0.22962038218975067,-0.00716930627822876,-2.3829383850097656,566.2632446289062,19.648603439331055,122.03182983398438,141.68043518066406,141.16275024414062,-490.02410888671875
-0.5440590977668762,63.7599983215332,1000.0,4.0,1.4452821016311646,0.01579607091844082,40.0,0.998126745223999,0.998126745223999,0.998126745223999,0.017477041110396385,0.00029399999766610563,1.0267057418823242,100000.0,-0.0192507766187191,-0.00011718086898326874,-0.14254526793956757,0.3985930383205414,0.1689726561307907,-2.9615015983581543,709.352783203125,19.44887924194336,123.6084976196289,143.057373046875,139.80404663085938,-403.5230712890625
-0.37387821078300476,61.540000915527344,1000.0,5.0,1.4434431791305542,0.020802387967705727,40.0,0.998623788356781,0.998623788356781,0.998623788356781,0.019039776176214218,0.0002927999885287136,1.0248175859451294,120000.0,-0.021671436727046967,-0.0024206601083278656,0.27648618817329407,0.38733235001564026,-0.011260688304901123,-2.893864870071411,853.4352416992188,23.517641067504883,120.5317153930664,144.0493621826172,138.84130859375,-151.08444213867188
-0.28337228298187256,76.23999786376953,1000.0,6.0,1.4297622442245483,0.02070961333811283,33.0,0.9980968832969666,0.9980968832969666,0.9980968832969666,0.02088863030076027,0.000291600008495152,1.010886788368225,140000.0,-0.021424496546387672,0.00024694018065929413,0.07337208837270737,0.4892568588256836,0.10192450881004333,-3.298335075378418,977.0869750976562,23.578847885131836,100.0376968383789,123.61654663085938,161.7906494140625,-254.02833557128906
-0.5073197484016418,72.83999633789062,1000.0,7.0,1.4290331602096558,0.02088022790849209,30.0,0.9974232912063599,0.9974232912063599,0.9974232912063599,0.019892239943146706,0.00029039999935775995,1.0101573467254639,160000.0,-0.021980419754981995,-0.0005559232085943222,-0.3525908589363098,0.36297523975372314,-0.12628161907196045,-2.6480331420898438,1090.2757568359375,22.49411392211914,90.66510009765625,113.15921020507812,176.74212646484375,-665.1543579101562
-0.46814942359924316,72.87999725341797,1000.0,8.0,1.4164210557937622,0.022095656022429466,26.0,0.9987992644309998,0.9987992644309998,0.9987992644309998,0.02074289135634899,0.0002891999902203679,0.9975050687789917,180000.0,-0.019897297024726868,0.002083122730255127,0.4503854215145111,0.3165772259235382,-0.046398013830184937,-2.093428134918213,1191.193115234375,22.160255432128906,78.72815704345703,100.88841247558594,198.2388153076172,301.75994873046875
-0.16743755340576172,43.91999816894531,1000.0,9.0,1.3953838348388672,0.020421616733074188,25.0,0.9990831017494202,0.9990831017494202,0.9990831017494202,0.02058533765375614,0.0002880000101868063,0.9767377376556396,200000.0,-0.02088632434606552,-0.0009890273213386536,-0.18199558556079865,0.0937703549861908,-0.2228068709373474,-0.398762583732605,1289.2869873046875,20.633586883544922,77.43423461914062,98.06781768798828,203.9405059814453,1051.66845703125
0.14534948766231537,19.219999313354492,1000.0,10.0,1.4064304828643799,0.02217567153275013,20.0,1.002336025238037,1.002336025238037,1.002336025238037,0.02117100916802883,0.0002868000010494143,0.9875801801681519,220000.0,-0.016660267487168312,0.004226056858897209,0.3245900571346283,0.08537299931049347,-0.008397355675697327,-0.5576003789901733,1373.4490966796875,23.154911041259766,60.97858428955078,84.13349914550781,237.7174530029297,894.773193359375
0.49576064944267273,13.579999923706055,1000.0,11.0,1.39467453956604,0.020777633413672447,14.0,0.9983316659927368,0.9983316659927368,0.9983316659927368,0.020852768793702126,0.00028559999191202223,0.9760393500328064,240000.0,-0.015696141868829727,0.0009641256183385849,-0.1784399300813675,0.16108039021492004,0.07570739090442657,-0.8032535314559937,1436.2381591796875,20.021953582763672,42.742008209228516,62.76396179199219,318.6542053222656,763.2833862304688
0.9290960431098938,20.920000076293945,1000.0,12.0,1.3847533464431763,0.025073131546378136,14.0,1.0012476444244385,1.0012476444244385,1.0012476444244385,0.02216687612235546,0.00028440001187846065,0.9664007425308228,260000.0,-0.014616946689784527,0.0010791951790452003,-0.23582802712917328,0.14486056566238403,-0.01621982455253601,-0.5830789804458618,1499.3826904296875,20.220481872558594,42.900794982910156,63.12223434448242,316.8455505371094,908.64501953125
1.1309794187545776,25.3799991607666,1000.0,13.0,1.379653811454773,0.021048635244369507,22.0,1.0015735626220703,1.0015735626220703,1.0015735626220703,0.021413683891296387,0.0002832000027410686,0.9615032076835632,280000.0,-0.01966320350766182,-0.005046256817877293,0.1372884213924408,0.11208653450012207,-0.03277403116226196,-0.7092613577842712,1588.2841796875,22.157155990600586,66.6971206665039,88.85427856445312,225.08763122558594,796.7037963867188
1.3904643058776855,35.619998931884766,1000.0,14.0,1.3733640909194946,0.02289486676454544,1.0,0.9992292523384094,0.9992292523384094,0.9992292523384094,0.01740412414073944,0.00028199999360367656,0.955459713935852,300000.0,0.006216058041900396,0.025879261549562216,-0.15963830053806305,0.33979710936546326,0.2277105748653412,-1.6788599491119385,1612.2384033203125,20.831647872924805,3.097342014312744,23.930015563964844,835.7704467773438,-439.57086181640625
1.3266232013702393,32.20000076293945,1000.0,15.0,1.3743267059326172,0.021112678572535515,20.0,0.9977693557739258,0.9977693557739258,0.9977693557739258,0.021260768175125122,0.00028080001357011497,0.9563761949539185,320000.0,-0.018831618130207062,-0.025047676172107458,0.07046850025653839,0.19030332565307617,-0.14949378371238708,-1.2150958776474,1695.245361328125,20.912601470947266,62.0780029296875,82.99060821533203,240.9911346435547,839.46728515625
1.4136557579040527,46.439998626708984,1000.0,16.0,1.3693878650665283,0.020300351083278656,22.0,1.0000585317611694,1.0000585317611694,1.0000585317611694,0.021330518648028374,0.0002796000044327229,0.9516642093658447,340000.0,-0.023792987689375877,-0.004961369559168816,0.23701471090316772,0.3939885199069977,0.2036851942539215,-2.6311240196228027,1784.4427490234375,21.6184024810791,67.55471801757812,89.1731185913086,224.2828369140625,-337.5195617675781
1.357582449913025,43.47999954223633,1000.0,17.0,1.3706303834915161,0.023395275697112083,18.0,0.9987687468528748,0.9987687468528748,0.9987687468528748,0.020879629999399185,0.0002783999952953309,0.9528614282608032,360000.0,-0.01927860453724861,0.004514383152127266,0.11503364145755768,0.22276119887828827,-0.1712273210287094,-1.1746253967285156,1859.784912109375,20.6441650390625,54.66874313354492,75.31390380859375,265.5552062988281,606.8278198242188
1.3653160333633423,37.900001525878906,1000.0,18.0,1.3613570928573608,0.020108656957745552,12.0,0.9993835091590881,0.9993835091590881,0.9993835091590881,0.020915202796459198,0.00027719998615793884,0.9441110491752625,380000.0,-0.01717532053589821,0.002103284001350403,0.11847379803657532,0.2973687946796417,0.07460759580135345,-1.6103794574737549,1917.1888427734375,19.51239013671875,37.86848449707031,57.38087463378906,348.5481872558594,473.1163330078125
1.571203589439392,25.520000457763672,1000.0,19.0,1.3565469980239868,0.029507772997021675,13.0,1.0018000602722168,1.0018000602722168,1.0018000602722168,0.021993136033415794,0.00027600000612437725,0.9396547079086304,400000.0,-0.013840223662555218,0.003335096873342991,-0.09200064837932587,0.35090744495391846,0.05353865027427673,-0.8896331787109375,1976.502197265625,20.25414276123047,39.03820037841797,59.29234313964844,337.3116760253906,976.779296875
2.1410229206085205,18.81999969482422,1000.0,20.0,1.3468413352966309,0.023126773536205292,1.0,0.998645544052124,0.998645544052124,0.998645544052124,0.023961622267961502,0.0002747999969869852,0.9305366277694702,420000.0,0.003889518091455102,0.01772974175401032,0.021993743255734444,0.4178617298603058,0.06695428490638733,-1.1147403717041016,2001.8795166015625,22.226917266845703,3.1282708644866943,25.355188369750977,788.793212890625,720.0291748046875
2.1016504764556885,18.260000228881836,1000.0,21.0,1.3343522548675537,0.023380639031529427,13.0,0.9982903599739075,0.9982903599739075,0.9982903599739075,0.02203451842069626,0.00027359998784959316,0.9190142750740051,440000.0,-0.017168143764138222,-0.021057661855593324,0.07905302941799164,0.45159628987312317,0.03373456001281738,-2.109229803085327,2062.1884765625,19.593273162841797,40.6991081237793,60.292381286621094,331.71685791015625,571.9830322265625
2.38260817527771,19.540000915527344,1000.0,22.0,1.3144015073776245,0.02026221714913845,9.0,0.9995852708816528,0.9995852708816528,0.9995852708816528,0.02083473652601242,0.0002724000078160316,0.9009430408477783,460000.0,-0.014050401747226715,0.0031177420169115067,-0.05182500556111336,0.30534273386001587,-0.1462535560131073,-1.1874425411224365,2109.67138671875,20.590906143188477,26.869461059570312,47.46036911010742,421.40423583984375,693.6738891601562
2.1508493423461914,33.0,1000.0,23.0,1.3106881380081177,0.024937987327575684,15.0,0.9987652897834778,0.9987652897834778,0.9987652897834778,0.02102070301771164,0.00027119999867863953,0.8976163268089294,480000.0,-0.01749490015208721,-0.0034444984048604965,-0.08611281216144562,0.511001467704773,0.20565873384475708,-2.3198041915893555,2178.3974609375,23.624406814575195,45.08095932006836,68.70536804199219,291.09808349609375,-35.49462890625
2.4184234142303467,29.979999542236328,1000.0,24.0,1.2931262254714966,0.021368632093071938,10.0,0.9974074363708496,0.9974074363708496,0.9974074363708496,0.021871458739042282,0.0002699999895412475,0.8819555044174194,500000.0,-0.013984915800392628,0.003509984351694584,0.26026076078414917,0.4497067928314209,-0.06129467487335205,-1.5543121099472046,2231.636474609375,22.31931495666504,30.896787643432617,53.216102600097656,375.82611083984375,888.0880126953125
2.5362579822540283,25.780000686645508,1000.0,25.0,1.272318720817566,0.021294593811035156,8.0,1.0006126165390015,1.0006126165390015,1.0006126165390015,0.020085947588086128,0.0002688000095076859,0.8637244701385498,520000.0,-0.01215873472392559,0.0018261810764670372,0.07338299602270126,0.2088547796010971,-0.2408520132303238,-0.49860259890556335,2277.34912109375,20.263574600219727,25.428592681884766,45.692169189453125,437.7117919921875,968.228515625
3.1146435737609863,14.579999923706055,1000.0,26.0,1.2623571157455444,0.023758456110954285,15.0,0.9979008436203003,0.9979008436203003,0.9979008436203003,0.02190510556101799,0.00026760000037029386,0.8551895022392273,540000.0,-0.016584796831011772,-0.004426062107086182,-0.13245931267738342,0.3569391965866089,0.14808441698551178,-2.3387768268585205,2344.79248046875,20.384944915771484,47.03614044189453,67.42208862304688,296.6387023925781,593.9849853515625
2.8059921264648438,20.600000381469727,1000.0,27.0,1.2566683292388916,0.020611120387911797,3.0,0.9993853569030762,0.9993853569030762,0.9993853569030762,0.020434219390153885,0.0002663999912329018,0.850355327129364,560000.0,-0.0022278549149632454,0.014356941916048527,-0.20830434560775757,0.7360709309577942,0.3791317343711853,-2.822068452835083,2373.35107421875,19.7186222076416,8.815732955932617,28.53435516357422,700.9094848632812,383.457275390625
3.352938175201416,23.799999237060547,1000.0,28.0,1.2455346584320068,0.02028929442167282,11.0,0.9991648197174072,0.9991648197174072,0.9991648197174072,0.0211687833070755,0.0002652000111993402,0.8409542441368103,580000.0,-0.0153970280662179,-0.013169173151254654,-0.34032419323921204,0.31644386053085327,-0.4196270704269409,-1.363488793373108,2427.89990234375,20.520360946655273,34.0098991394043,54.5302619934082,366.7688293457031,569.1754760742188
3.421640396118164,34.68000030517578,1000.0,29.0,1.2383941411972046,0.021020159125328064,9.0,0.9987359046936035,0.9987359046936035,0.9987359046936035,0.019707269966602325,0.0002640000020619482,0.8349254131317139,600000.0,-0.013295412994921207,0.002101615071296692,0.03095066361129284,0.6236762404441833,0.3072323799133301,-2.7316834926605225,2476.03173828125,20.436492919921875,27.673654556274414,48.110145568847656,415.71270751953125,-122.17517852783203
3.9265809059143066,33.29999923706055,1000.0,30.0,1.2243517637252808,0.020042672753334045,9.0,0.9970200657844543,0.9970200657844543,0.9970200657844543,0.02148197777569294,0.00026279999292455614,0.8232378363609314,620000.0,-0.01336170919239521,-6.629619747400284e-05,0.23476944863796234,0.9503241777420044,0.32664793729782104,-2.7106528282165527,2524.262939453125,20.595314025878906,27.614948272705078,48.210262298583984,414.8494567871094,697.49609375
4.064237117767334,26.0,1000.0,31.0,1.2027467489242554,0.020759442821145058,9.0,0.99941086769104,0.99941086769104,0.99941086769104,0.020828504115343094,0.00026160001289099455,0.8056191802024841,640000.0,-0.01254145335406065,0.0008202558383345604,-0.04004848003387451,0.46740320324897766,-0.48292097449302673,-1.317516565322876,2572.431396484375,19.577754974365234,28.569740295410156,48.14749526977539,415.3902587890625,918.329833984375
4.150239944458008,14.84000015258789,1000.0,32.0,1.1853723526000977,0.02185116522014141,10.0,0.9999036192893982,0.9999036192893982,0.9999036192893982,0.022626757621765137,0.0002604000037536025,0.7917217016220093,660000.0,-0.011863913387060165,0.0006775399670004845,-0.11650518327951431,0.556487500667572,0.08908429741859436,-1.7765456438064575,2624.136474609375,21.841962814331055,29.84197235107422,51.683937072753906,386.9674377441406,857.5411376953125
3.4500701427459717,11.0600004196167,1000.0,33.0,1.177924633026123,0.02021593041718006,14.0,1.001137137413025,1.001137137413025,1.001137137413025,0.022702505812048912,0.00025919999461621046,0.7858371734619141,680000.0,-0.018039530143141747,-0.006175616756081581,0.3450191020965576,0.17526981234550476,-0.38121768832206726,-0.48184776306152344,2688.6787109375,22.384510040283203,42.137264251708984,64.52177429199219,309.9728698730469,926.3095703125
3.4271905422210693,22.15999984741211,1000.0,34.0,1.169363021850586,0.02022014558315277,11.0,0.9981323480606079,0.9981323480606079,0.9981323480606079,0.021814484149217606,0.0002579999854788184,0.7791394591331482,700000.0,-0.019146744161844254,-0.001107214018702507,0.13045887649059296,0.30304351449012756,0.1277737021446228,-1.5572326183319092,2743.472900390625,20.59456443786621,34.176414489746094,54.77098083496094,365.1568908691406,110.63543701171875
3.394716262817383,30.6200008392334,1000.0,35.0,1.1662178039550781,0.020788416266441345,1.0,0.9998162388801575,0.9998162388801575,0.9998162388801575,0.019458230584859848,0.00025680000544525683,0.7766958475112915,720000.0,0.005617801565676928,0.02476454572752118,-0.02604125440120697,0.8648439645767212,0.5618004500865936,-2.2630722522735596,2768.394287109375,21.66037368774414,3.240689277648926,24.901063919067383,803.1785278320312,245.92300415039062
4.200274467468262,39.36000061035156,1000.0,36.0,1.1630610227584839,0.026485910639166832,12.0,0.9984403252601624,0.9984403252601624,0.9984403252601624,0.021464399993419647,0.0002555999963078648,0.7743058800697327,740000.0,-0.017702531069517136,-0.023320332635194063,0.1421268880367279,0.562411367893219,-0.3024325966835022,-2.1451289653778076,2825.7294921875,20.811342239379883,36.50569534301758,57.317039489746094,348.9363708496094,394.27545166015625
4.974071502685547,32.84000015258789,1000.0,37.0,1.1482484340667725,0.023585323244333267,10.0,0.9968299269676208,0.9968299269676208,0.9968299269676208,0.02181394398212433,0.00025439998717047274,0.7630473971366882,760000.0,-0.01534428820014,0.0023582428693771362,0.08099918067455292,0.672781229019165,0.11036986112594604,-3.481142520904541,2878.5185546875,22.61151123046875,30.154478073120117,52.766990661621094,379.02484130859375,489.0767517089844
5.329746246337891,21.020000457763672,1000.0,38.0,1.1429729461669922,0.024635396897792816,3.0,0.9987804889678955,0.9987804889678955,0.9987804889678955,0.020267564803361893,0.00025320000713691115,0.7589536905288696,780000.0,-0.006240746006369591,0.009103542193770409,0.23293577134609222,0.48972198367118835,-0.18305924534797668,-1.6278432607650757,2910.7705078125,23.35112953186035,8.879680633544922,32.230812072753906,620.5242309570312,848.9892578125
5.504030704498291,16.059999465942383,1000.0,39.0,1.1426774263381958,0.04598148539662361,1.0,0.9999756217002869,0.9999756217002869,0.9999756217002869,0.01947838068008423,0.0002519999979995191,0.7586881518363953,800000.0,0.006065812893211842,0.012306558899581432,0.19028393924236298,0.5356834530830383,0.045961469411849976,-0.9624494910240173,2933.86279296875,19.894380569458008,3.1797678470611572,23.07510757446289,866.73486328125,564.6134643554688
5.157762050628662,14.819999694824219,1000.0,40.0,1.1385465860366821,0.02800973504781723,5.0,0.9994732737541199,0.9994732737541199,0.9994732737541199,0.02154996246099472,0.00025079998886212707,0.7555695176124573,820000.0,-0.0066232443787157536,-0.012689057271927595,-0.03799168020486832,0.4102415144443512,-0.12544193863868713,-0.9818297028541565,2970.951171875,21.937236785888672,15.13514518737793,37.072383880615234,539.4851684570312,835.484619140625
4.91345739364624,23.8799991607666,1000.0,41.0,1.1290968656539917,0.020801041275262833,9.0,0.9985285401344299,0.9985285401344299,0.9985285401344299,0.021650569513440132,0.0002496000088285655,0.7484406232833862,840000.0,-0.014445954002439976,-0.007822709623724222,-0.13211621344089508,0.7676647305488586,0.35742321610450745,-3.0172066688537598,3018.676513671875,20.00249481201172,27.70490837097168,47.70740509033203,419.2221374511719,348.6116943359375
4.755054950714111,25.5,1000.0,42.0,1.1163462400436401,0.020473236218094826,9.0,0.9981459975242615,0.9981459975242615,0.9981459975242615,0.02241821028292179,0.00024839999969117343,0.7389297485351562,860000.0,-0.01305740512907505,0.0013885488733649254,0.09747293591499329,0.725462794303894,-0.0422019362449646,-2.4663946628570557,3067.373046875,20.681224822998047,27.995187759399414,48.67641067504883,410.8766174316406,447.80035400390625
4.717189788818359,37.36000061035156,1000.0,43.0,1.1076405048370361,0.020101964473724365,10.0,0.9976696372032166,0.9976696372032166,0.9976696372032166,0.021422265097498894,0.0002471999905537814,0.7325682044029236,880000.0,-0.015345240943133831,-0.0022878358140587807,-0.032563548535108566,0.8006730079650879,0.07521021366119385,-3.388514757156372,3117.973876953125,20.42898178100586,30.151575088500977,50.58055877685547,395.4088439941406,7.952465057373047
5.035974979400635,34.099998474121094,1000.0,44.0,1.1008096933364868,0.022304194048047066,3.0,1.0004429817199707,1.0004429817199707,1.0004429817199707,0.022325726225972176,0.0002460000105202198,0.7275740504264832,900000.0,-0.0035817106254398823,0.011763530317693949,0.14817233383655548,0.7871572375297546,-0.013515770435333252,-2.0865445137023926,3150.743408203125,23.77975845336914,8.968622207641602,32.748382568359375,610.7172241210938,615.30419921875
5.142468452453613,31.860000610351562,1000.0,45.0,1.0936298370361328,0.02187170647084713,8.0,0.9997827410697937,0.9997827410697937,0.9997827410697937,0.02086123637855053,0.00024480000138282776,0.7223508954048157,920000.0,-0.010960015468299389,-0.007378304842859507,-0.08583629131317139,0.43101462721824646,-0.3561426103115082,-1.1515220403671265,3195.954833984375,19.363550186157227,25.829378128051758,45.19392776489258,442.537353515625,776.8019409179688
4.993457317352295,26.440000534057617,1000.0,46.0,1.0846437215805054,0.021512584760785103,1.0,1.000950813293457,1.000950813293457,1.000950813293457,0.019452549517154694,0.00024360000679735094,0.7158803343772888,940000.0,0.006624990608543158,0.017585006076842546,-0.12301763892173767,0.8217943906784058,0.3907797634601593,-1.7969927787780762,3220.780029296875,21.705963134765625,3.099052667617798,24.805015563964844,806.28857421875,473.2706298828125
4.809472560882568,24.3799991607666,1000.0,47.0,1.0763541460037231,0.025868169963359833,4.0,1.0003137588500977,1.0003137588500977,1.0003137588500977,0.020507317036390305,0.0002423999976599589,0.7099738121032715,960000.0,-0.005466123577207327,-0.012091114185750484,-0.057579509913921356,0.636767566204071,-0.18502682447433472,-2.3431994915008545,3253.45458984375,20.380460739135742,12.275701522827148,32.65669631958008,612.4318237304688,568.71435546875
5.027280807495117,23.239999771118164,1000.0,48.0,1.0811982154846191,0.020708881318569183,7.0,0.9995591640472412,0.9995591640472412,0.9995591640472412,0.02296236902475357,0.00024120000307448208,0.7134845852851868,980000.0,-0.01129081193357706,-0.005824688356369734,0.432662695646286,0.8231260180473328,0.18635845184326172,-2.2430219650268555,3296.167724609375,20.628870010375977,22.065839767456055,42.69470977783203,468.4421081542969,606.4173583984375
5.598885536193848,22.040000915527344,1000.0,49.0,1.074745535850525,0.020451169461011887,7.0,1.0007972717285156,1.0007972717285156,1.0007972717285156,0.02157043293118477,0.00023999999393709004,0.7089088559150696,1000000.0,-0.012277970090508461,-0.0009871581569314003,-0.04700694978237152,0.825828492641449,0.002702474594116211,-2.528535842895508,3338.899169921875,21.735084533691406,20.976707458496094,42.71280288696289,468.2436828613281,613.4121704101562
5.731202602386475,31.700000762939453,1000.0,50.0,1.0595297813415527,0.02253102883696556,10.0,0.9984992742538452,0.9984992742538452,0.9984992742538452,0.022168220952153206,0.00023879999935161322,0.6981624960899353,1020000.0,-0.016621164977550507,-0.004343194887042046,0.061653636395931244,1.154152750968933,0.32832425832748413,-4.605737209320068,3391.748291015625,19.607858657836914,33.222042083740234,52.829898834228516,378.5735168457031,-84.37646484375
5.604803085327148,27.420000076293945,1000.0,51.0,1.0581809282302856,0.02053629606962204,8.0,1.0005003213882446,1.0005003213882446,1.0005003213882446,0.021501168608665466,0.0002376000047661364,0.6972197890281677,1040000.0,-0.011932996101677418,0.004688168875873089,-0.07908711582422256,0.3255266845226288,-0.8286260664463043,-0.6838861703872681,3435.8984375,19.87761688232422,24.252038955688477,44.12965774536133,453.2099609375,872.53271484375
5.46785831451416,24.15999984741211,1000.0,52.0,1.058741569519043,0.02177794836461544,4.0,0.9998940229415894,0.9998940229415894,0.9998940229415894,0.021786848083138466,0.00023639999562874436,0.697614848613739,1060000.0,-0.0062784599140286446,0.005654536187648773,-0.12284313142299652,0.61555016040802,0.29002347588539124,-1.510518193244934,3469.802001953125,20.77383804321289,13.110013961791992,33.883853912353516,590.2516479492188,780.6696166992188
4.943093299865723,21.940000534057617,1000.0,53.0,1.0440573692321777,0.020238881930708885,11.0,0.9984706044197083,0.9984706044197083,0.9984706044197083,0.021079661324620247,0.00023520000104326755,0.6874178647994995,1080000.0,-0.01616887003183365,-0.009890410117805004,0.17964422702789307,0.6597035527229309,0.04415339231491089,-2.835528612136841,3523.917236328125,21.121112823486328,32.975101470947266,54.096214294433594,369.7116394042969,484.1614074707031
4.914450645446777,20.8799991607666,1000.0,54.0,1.0353084802627563,0.022150063887238503,9.0,0.99888014793396,0.99888014793396,0.99888014793396,0.021365616470575333,0.00023400000645779073,0.681395947933197,1100000.0,-0.013383712619543076,0.002785157412290573,0.012766875326633453,0.4466162621974945,-0.2130872905254364,-1.483561635017395,3573.69091796875,21.038188934326172,28.711257934570312,49.749446868896484,402.0145263671875,805.309326171875
5.001764297485352,22.100000381469727,1000.0,55.0,1.0346332788467407,0.020316025242209435,9.0,1.0003588199615479,1.0003588199615479,1.0003588199615479,0.02111913450062275,0.0002327999973203987,0.6809402108192444,1120000.0,-0.01339915581047535,-1.5443190932273865e-05,0.008599386550486088,0.3488789200782776,-0.09773734211921692,-1.12735915184021,3622.346923828125,20.67572021484375,27.96027183532715,48.635990142822266,411.2181091308594,587.1573486328125
5.133876800537109,20.020000457763672,1000.0,56.0,1.0372004508972168,0.021043134853243828,10.0,0.9982725381851196,0.9982725381851196,0.9982725381851196,0.021733488887548447,0.00023160000273492187,0.6827020645141602,1140000.0,-0.015592283569276333,-0.0021931277588009834,-0.1050839051604271,0.7137178182601929,0.3648388981819153,-3.116975784301758,3675.186767578125,21.83898162841797,30.98090362548828,52.81988525390625,378.645263671875,423.7583923339844
4.820318222045898,26.139999389648438,1000.0,57.0,1.0336085557937622,0.0219131950289011,5.0,0.9990679025650024,0.9990679025650024,0.9990679025650024,0.021477369591593742,0.00023039999359752983,0.6802647709846497,1160000.0,-0.008010655641555786,0.007581627927720547,0.006297510117292404,0.6195046901702881,-0.09421312808990479,-1.8610507249832153,3711.07421875,19.792369842529297,16.074115753173828,35.866485595703125,557.6236572265625,462.0109558105469
4.568643569946289,26.34000015258789,1000.0,58.0,1.022832989692688,0.021230746060609818,12.0,0.9980458617210388,0.9980458617210388,0.9980458617210388,0.021992722526192665,0.000229199999012053,0.6729874610900879,1180000.0,-0.015010896138846874,-0.007000240497291088,0.0005378639325499535,0.39111706614494324,-0.22838762402534485,-1.5848971605300903,3769.04248046875,21.356182098388672,36.592445373535156,57.94862747192383,345.13330078125,798.5744018554688
4.139873504638672,31.639999389648438,1000.0,59.0,1.0109399557113647,0.02950223907828331,2.0,0.999241054058075,0.999241054058075,0.999241054058075,0.021852463483810425,0.0002280000044265762,0.6650409698486328,1200000.0,0.00020852590387221426,0.015219422042719088,-0.1736857295036316,0.8332298994064331,0.44211283326148987,-2.1842641830444336,3796.9345703125,21.546419143676758,6.32405424118042,27.870473861694336,717.6052856445312,417.912841796875
4.106297016143799,23.440000534057617,1000.0,60.0,1.006872534751892,0.02180894836783409,12.0,0.9994480609893799,0.9994480609893799,0.9994480609893799,0.02122887782752514,0.00022679999528918415,0.662350058555603,1220000.0,-0.017415892332792282,-0.017624418236664496,0.004946423694491386,0.3650911748409271,-0.468138724565506,-1.1109728813171387,3854.62060546875,20.66433334350586,37.00472640991211,57.66905975341797,346.8064270019531,715.0543212890625
4.14982795715332,28.84000015258789,1000.0,61.0,1.0087028741836548,0.022946050390601158,9.0,0.9989747405052185,0.9989747405052185,0.9989747405052185,0.02302134595811367,0.00022560000070370734,0.663512110710144,1240000.0,-0.015390707179903984,0.002025185152888298,0.028089504688978195,0.45467451214790344,0.08958333730697632,-1.6048846244812012,3902.43115234375,20.06658363342285,27.72113037109375,47.78771209716797,418.5176086425781,626.791748046875
4.706681728363037,20.3799991607666,1000.0,62.0,1.0128703117370605,0.02096637897193432,6.0,0.9999672770500183,0.9999672770500183,0.9999672770500183,0.02275587059557438,0.00022440000611823052,0.6662845015525818,1260000.0,-0.009192000143229961,0.006198707036674023,-0.39803484082221985,0.5235771536827087,0.0689026415348053,-1.0508195161819458,3941.9658203125,21.410110473632812,18.105167388916016,39.51527786254883,506.13336181640625,842.0384521484375
5.2381205558776855,20.899999618530273,1000.0,63.0,1.0087682008743286,0.02563084475696087,5.0,1.000888466835022,1.000888466835022,1.000888466835022,0.021828705444931984,0.00022319999698083848,0.6635606288909912,1280000.0,-0.007280529011040926,0.0019114711321890354,0.4234090745449066,0.6082011461257935,0.08462399244308472,-1.7383109331130981,3978.357421875,21.140222549438477,15.231744766235352,36.3729362487793,549.859375,847.7982788085938
5.4404168128967285,22.440000534057617,1000.0,64.0,1.0077065229415894,0.020744331181049347,7.0,0.9999934434890747,0.9999934434890747,0.9999934434890747,0.021315835416316986,0.00022200000239536166,0.6628430485725403,1300000.0,-0.012517615221440792,-0.005237086210399866,0.042644351720809937,0.7734520435333252,0.16525089740753174,-1.9654160737991333,4020.8251953125,21.49582862854004,20.95320701599121,42.44903564453125,471.1532287597656,359.0693359375
5.188190460205078,21.239999771118164,1000.0,65.0,0.990971028804779,0.020041825249791145,7.0,0.9992534518241882,0.9992534518241882,0.9992534518241882,0.02004542574286461,0.00022079999325796962,0.6519210338592529,1320000.0,-0.010207237675786018,0.0023103775456547737,-0.02309747412800789,0.42588111758232117,-0.34757092595100403,-0.9142640829086304,4064.14794921875,21.21486473083496,22.089336395263672,43.30419921875,461.8489685058594,884.4357299804688
4.269641399383545,26.940000534057617,1000.0,66.0,0.982864499092102,0.021135937422513962,7.0,1.000536561012268,1.000536561012268,1.000536561012268,0.021613778546452522,0.0002195999986724928,0.646648108959198,1340000.0,-0.014227144420146942,-0.004019906744360924,-0.05001411586999893,0.5356658697128296,0.10978475213050842,-1.4865303039550781,4105.4150390625,20.598833084106445,20.647876739501953,41.246707916259766,484.8871765136719,273.19110107421875
4.5270094871521,24.0,1000.0,67.0,0.9701604843139648,0.020056411623954773,10.0,0.9964236617088318,0.9964236617088318,0.9964236617088318,0.022584842517971992,0.00021840000408701599,0.6384801864624023,1360000.0,-0.015602163039147854,-0.0013750186190009117,0.5457733273506165,0.34963732957839966,-0.18602854013442993,-1.1191312074661255,4158.37841796875,22.15435791015625,30.788503646850586,52.9428596496582,377.7657775878906,720.1758422851562
4.809503555297852,21.780000686645508,1000.0,68.0,0.9385883212089539,0.020686615258455276,11.0,0.9976988434791565,0.9976988434791565,0.9976988434791565,0.021895239129662514,0.00021719999494962394,0.618642270565033,1380000.0,-0.01488440204411745,0.0007177609950304031,0.065156951546669,0.22354382276535034,-0.12609350681304932,-0.5703085064888,4212.57666015625,20.909086227416992,33.26681900024414,54.175907135009766,369.16778564453125,960.0437622070312
5.491262912750244,18.799999237060547,1000.0,69.0,0.9381629228591919,0.020395202562212944,8.0,0.9999702572822571,0.9999702572822571,0.9999702572822571,0.023917661979794502,0.00021600000036414713,0.6183924078941345,1400000.0,-0.012966591864824295,0.0019178101792931557,0.05139733478426933,0.45275604724884033,0.22921222448349,-1.6488125324249268,4259.24462890625,21.947208404541016,24.699613571166992,46.646820068359375,428.7537536621094,715.5780639648438
5.104616165161133,28.700000762939453,1000.0,70.0,0.9439305663108826,0.022215526551008224,14.0,0.9986273050308228,0.9986273050308228,0.9986273050308228,0.022111801430583,0.0002148000057786703,0.6219163537025452,1420000.0,-0.02017352543771267,-0.007206933572888374,-0.2503812313079834,0.4354800879955292,-0.017275959253311157,-1.4330517053604126,4321.318359375,20.32699203491211,41.72703552246094,62.05402755737305,322.2998046875,396.90399169921875
4.990701675415039,28.059999465942383,1000.0,71.0,0.9396578073501587,0.02122245728969574,1.0,1.0006475448608398,1.0006475448608398,1.0006475448608398,0.019119909033179283,0.00021359999664127827,0.6192483901977539,1440000.0,0.004373342264443636,0.024546867702156305,0.1259625405073166,0.5240550637245178,0.08857497572898865,-0.8898667097091675,4344.6875,20.28824234008789,3.0578157901763916,23.346057891845703,856.6756591796875,867.2042236328125
4.836062908172607,31.860000610351562,1000.0,72.0,0.9352889060974121,0.020229056477546692,8.0,0.9991825819015503,0.9991825819015503,0.9991825819015503,0.02110809087753296,0.00021240000205580145,0.6165437698364258,1460000.0,-0.014381662011146545,-0.01875500427559018,-0.1397630274295807,0.3893541693687439,-0.13470089435577393,-2.0701537132263184,4391.36767578125,22.4381160736084,24.224515914916992,46.66263198852539,428.6084899902344,337.4112548828125
5.326428413391113,19.8799991607666,1000.0,73.0,0.9297678470611572,0.026062387973070145,2.0,0.9995478987693787,0.9995478987693787,0.9995478987693787,0.018091466277837753,0.0002111999929184094,0.6131613254547119,1480000.0,0.00016038848843891174,0.014542050499585457,0.00480584055185318,0.5556026101112366,0.16624844074249268,-1.8948345184326172,4416.91455078125,19.65540313720703,5.872450828552246,25.527854919433594,783.4579467773438,739.458251953125
6.126626491546631,17.0,1000.0,74.0,0.9159265756607056,0.0206436850130558,11.0,0.9975847601890564,0.9975847601890564,0.9975847601890564,0.022068729624152184,0.0002099999983329326,0.6048067212104797,1500000.0,-0.015204026363790035,-0.015364414852228947,0.07489326596260071,0.2689754068851471,-0.2866272032260895,-0.9060686230659485,4473.38671875,22.976011276245117,33.479042053222656,56.45505142211914,354.2641296386719,946.4557495117188
6.029234409332275,12.260000228881836,1000.0,75.0,0.8950099945068359,0.02028670348227024,7.0,0.9971877336502075,0.9971877336502075,0.9971877336502075,0.021426113322377205,0.00020880000374745578,0.5923146605491638,1520000.0,-0.0120900459587574,0.0031139804050326347,0.037183232605457306,0.4355672001838684,0.1665917932987213,-1.6290147304534912,4515.25634765625,19.74705696105957,22.100383758544922,41.847442626953125,477.9264831542969,699.7352294921875
5.341131687164307,15.220000267028809,1000.0,76.0,0.8943638205528259,0.0210378747433424,8.0,1.0013583898544312,1.0013583898544312,1.0013583898544312,0.02195429801940918,0.00020759999461006373,0.5919273495674133,1540000.0,-0.013232854194939137,-0.001142808236181736,0.17581260204315186,0.2814224362373352,-0.1541447639465332,-1.1881290674209595,4559.794921875,20.55085563659668,23.96669578552246,44.51755142211914,449.2610168457031,681.5510864257812
4.6668596267700195,18.760000228881836,1000.0,77.0,0.893975555896759,0.02047824114561081,10.0,1.001596450805664,1.001596450805664,1.001596450805664,0.021979408338665962,0.00020640000002458692,0.5917089581489563,1560000.0,-0.014914103783667088,-0.001681249588727951,-0.011202171444892883,0.33090582489967346,0.04948338866233826,-1.481061577796936,4611.04248046875,20.852624893188477,30.375085830688477,51.22771072387695,390.4136962890625,758.4911499023438
5.2983245849609375,23.959999084472656,1000.0,78.0,0.883958101272583,0.022400783374905586,8.0,0.9977584481239319,0.9977584481239319,0.9977584481239319,0.022355448454618454,0.0002052000054391101,0.5858792662620544,1580000.0,-0.012557382695376873,0.0023567210882902145,-0.03806622698903084,0.6429683566093445,0.312062531709671,-2.0398666858673096,4656.95654296875,20.18886947631836,25.70453643798828,45.89340591430664,435.7924499511719,533.2440185546875
6.241919040679932,21.65999984741211,1000.0,79.0,0.872682511806488,0.021941712126135826,4.0,0.999936044216156,0.999936044216156,0.999936044216156,0.02198101207613945,0.00020399999630171806,0.5793018341064453,1600000.0,-0.007685916498303413,0.00487146619707346,0.27848127484321594,0.5872111916542053,-0.05575716495513916,-1.6292355060577393,4689.9111328125,20.747100830078125,12.186829566955566,32.933929443359375,607.2764282226562,797.2362670898438
6.794318675994873,15.119999885559082,1000.0,80.0,0.8558887243270874,0.024769028648734093,12.0,0.9992146492004395,0.9992146492004395,0.9992146492004395,0.020002637058496475,0.00020280000171624124,0.5697298645973206,1620000.0,-0.018507758155465126,-0.010821841657161713,-0.29512396454811096,0.11760678887367249,-0.46960440278053284,0.3912138044834137,4746.150390625,20.193538665771484,36.028404235839844,56.22193908691406,355.7330017089844,1051.66845703125
6.832159519195557,17.0,1000.0,81.0,0.8546924591064453,0.024527620524168015,4.0,0.9983468055725098,0.9983468055725098,0.9983468055725098,0.020052948966622353,0.00020160000713076442,0.5689961910247803,1640000.0,-0.006853244733065367,0.01165451342239976,-0.1492358148097992,0.49203911423683167,0.3744323253631592,-1.0481239557266235,4778.88623046875,20.952728271484375,11.762323379516602,32.715049743652344,611.3394165039062,653.2876586914062
7.033666610717773,20.8799991607666,1000.0,82.0,0.8606324195861816,0.020330138504505157,12.0,1.0003104209899902,1.0003104209899902,1.0003104209899902,0.021495874971151352,0.00020039999799337238,0.5723140239715576,1660000.0,-0.019476501271128654,-0.012623256538063288,0.079948291182518,0.36252573132514954,-0.12951338291168213,-1.1203762292861938,4837.50537109375,21.05524444580078,37.54563903808594,58.60188293457031,341.2859802246094,361.89410400390625
6.419462203979492,26.639999389648438,1000.0,83.0,0.8655634522438049,0.021599233150482178,11.0,1.0006790161132812,1.0006790161132812,1.0006790161132812,0.022961143404245377,0.00019920000340789557,0.5751288533210754,1680000.0,-0.017763374373316765,0.0017131268978118896,0.06323009729385376,0.5030075311660767,0.14048179984092712,-1.8549951314926147,4891.5869140625,19.9814510345459,34.0778923034668,54.05934143066406,369.96380615234375,584.9757690429688
6.71218729019165,24.940000534057617,1000.0,84.0,0.85210120677948,0.020665215328335762,7.0,0.998696506023407,0.998696506023407,0.998696506023407,0.021214190870523453,0.00019799999427050352,0.5674269199371338,1700000.0,-0.014004392549395561,0.0037589818239212036,-0.12966765463352203,0.7384089827537537,0.235401451587677,-2.051392078399658,4933.216796875,20.71633529663086,20.89066505432129,41.606998443603516,480.6883544921875,538.7351684570312
6.28839111328125,24.059999465942383,1000.0,85.0,0.8454916477203369,0.0202706977725029,1.0,1.0021662712097168,1.0021662712097168,1.0021662712097168,0.018613722175359726,0.0001967999996850267,0.5636852979660034,1720000.0,0.004612043499946594,0.018616436049342155,0.03764576464891434,0.679943323135376,-0.058465659618377686,-1.693973422050476,4957.7880859375,21.48175621032715,3.0696310997009277,24.551387786865234,814.617919921875,472.98126220703125
7.228180408477783,25.280000686645508,1000.0,86.0,0.8398017287254333,0.022576408460736275,10.0,0.9997705221176147,0.9997705221176147,0.9997705221176147,0.021354669705033302,0.0001956000050995499,0.5605247020721436,1740000.0,-0.01502806693315506,-0.019640110433101654,-0.033472515642642975,0.3175866901874542,-0.36235663294792175,-1.1183339357376099,5008.72265625,20.75165367126465,30.16737174987793,50.91902542114258,392.7804870605469,576.4297485351562
6.670260429382324,22.639999389648438,1000.0,87.0,0.8257472515106201,0.021115753799676895,2.0,0.9993123412132263,0.9993123412132263,0.9993123412132263,0.020598258823156357,0.00019439999596215785,0.5526999831199646,1760000.0,-0.0013625690480694175,0.013665497885085642,0.07509297132492065,0.7645121812820435,0.44692549109458923,-1.7272762060165405,5036.42626953125,21.545225143432617,6.136819839477539,27.682044982910156,722.4899291992188,752.5784912109375
6.901020526885986,18.559999465942383,1000.0,88.0,0.8252350091934204,0.026296822354197502,9.0,1.0004286766052246,1.0004286766052246,1.0004286766052246,0.020702913403511047,0.00019320000137668103,0.5524056553840637,1780000.0,-0.015474136918783188,-0.01411156787071377,0.05063753202557564,0.3932957351207733,-0.37121644616127014,-1.1585720777511597,5084.498046875,21.35443878173828,26.699657440185547,48.05409622192383,416.1976013183594,680.6876831054688
6.4346184730529785,19.520000457763672,1000.0,89.0,0.8277171850204468,0.020417122170329094,1.0,1.0001088380813599,1.0001088380813599,1.0001088380813599,0.019931744784116745,0.00019200000679120421,0.5538198351860046,1800000.0,0.005450463388115168,0.020924600306898355,0.01293470710515976,0.7100526094436646,0.31675687432289124,-2.1616628170013428,5108.7314453125,20.867616653442383,3.345263719558716,24.212879180908203,826.0066528320312,710.180419921875
6.616145133972168,23.860000610351562,1000.0,90.0,0.8276249170303345,0.02016145922243595,10.0,0.9993742108345032,0.9993742108345032,0.9993742108345032,0.020844703540205956,0.00019079999765381217,0.5538205504417419,1820000.0,-0.016843613237142563,-0.02229407662525773,0.20102287828922272,0.7317288517951965,0.021676242351531982,-2.7928943634033203,5159.890625,21.399751663208008,29.741775512695312,51.14152526855469,391.0716247558594,145.2576904296875
6.7459716796875,27.65999984741211,1000.0,91.0,0.822202742099762,0.021601570770144463,10.0,0.9991323351860046,0.9991323351860046,0.9991323351860046,0.021834788843989372,0.00018960000306833535,0.55083829164505,1840000.0,-0.016282707452774048,0.000560905784368515,-0.1106557697057724,0.8486783504486084,0.11694949865341187,-3.4032719135284424,5211.82568359375,20.392269134521484,31.521127700805664,51.91339874267578,385.2569885253906,307.7779541015625
7.068702220916748,28.520000457763672,1000.0,92.0,0.8139815330505371,0.023462696000933647,10.0,0.9985681772232056,0.9985681772232056,0.9985681772232056,0.022535864263772964,0.0001883999939309433,0.5464555025100708,1860000.0,-0.014881091192364693,0.0014016162604093552,-0.15236905217170715,0.6477338671684265,-0.20094448328018188,-2.3638808727264404,5262.9599609375,20.512996673583984,30.59849739074707,51.11149597167969,391.3014221191406,657.4417114257812
7.484574794769287,23.399999618530273,1000.0,93.0,0.8017762303352356,0.021080583333969116,8.0,0.9996890425682068,0.9996890425682068,0.9996890425682068,0.021693293005228043,0.0001871999993454665,0.5397783517837524,1880000.0,-0.01421578973531723,0.0006653014570474625,0.15296486020088196,0.618735671043396,-0.028998196125030518,-2.7122490406036377,5308.05859375,20.528718948364258,24.548843383789062,45.07756042480469,443.6797180175781,632.5228271484375
6.8575873374938965,24.959999084472656,1000.0,94.0,0.7864651679992676,0.021729540079832077,9.0,0.9992335438728333,0.9992335438728333,0.9992335438728333,0.022115135565400124,0.00018600000475998968,0.5316048264503479,1900000.0,-0.017168516293168068,-0.0029527265578508377,-0.1077871024608612,0.7072798609733582,0.08854418992996216,-2.5127055644989014,5356.92919921875,20.721668243408203,28.128957748413086,48.850624084472656,409.4113464355469,448.0462646484375
7.057064056396484,23.479999542236328,1000.0,95.0,0.7692726254463196,0.02173866517841816,5.0,1.0012292861938477,1.0012292861938477,1.0012292861938477,0.020360149443149567,0.00018479999562259763,0.5226849317550659,1920000.0,-0.008635574951767921,0.008532941341400146,-0.02296259254217148,0.5528637766838074,-0.15441608428955078,-1.1088309288024902,5393.5751953125,20.950077056884766,15.675546646118164,36.6256217956543,546.0657958984375,813.216552734375
6.780710220336914,31.040000915527344,1000.0,96.0,0.7633572816848755,0.02044324390590191,7.0,0.9991414546966553,0.9991414546966553,0.9991414546966553,0.021000782027840614,0.00018360000103712082,0.5195215344429016,1940000.0,-0.015700850635766983,-0.007065275683999062,-0.0962447002530098,0.7044326066970825,0.15156883001327515,-2.55493426322937,5436.86865234375,21.644407272338867,21.630205154418945,43.27461242675781,462.16473388671875,172.11068725585938
7.638481616973877,40.29999923706055,1000.0,97.0,0.7542554140090942,0.021231938153505325,8.0,0.9992701411247253,0.9992701411247253,0.9992701411247253,0.021843580529093742,0.000182400006451644,0.5148165225982666,1960000.0,-0.01563197188079357,6.887875497341156e-05,0.12537477910518646,0.5175060033798218,-0.18692660331726074,-1.9373595714569092,5480.42578125,19.62664222717285,23.912397384643555,43.539039611816406,459.35784912109375,285.9393615722656
7.808145046234131,43.900001525878906,1000.0,98.0,0.7391253709793091,0.021847058087587357,9.0,0.9968337416648865,0.9968337416648865,0.9968337416648865,0.022187134250998497,0.00018119999731425196,0.5070546269416809,1980000.0,-0.01642785035073757,-0.0007958784699440002,-0.11935669183731079,0.9370967149734497,0.41959071159362793,-3.397688627243042,5529.7587890625,21.67390251159668,27.636985778808594,49.31088638305664,405.5899353027344,200.59751892089844
8.561722755432129,37.70000076293945,1000.0,99.0,0.7335758805274963,0.02043127827346325,8.0,0.9975812435150146,0.9975812435150146,0.9975812435150146,0.02256765030324459,0.00018000000272877514,0.504131555557251,2000000.0,-0.01400204747915268,0.0024258028715848923,-0.08214449882507324,0.8778191208839417,-0.05927759408950806,-3.3535573482513428,5574.70703125,21.092390060424805,23.83449935913086,44.9268913269043,445.1676940917969,521.3016967773438
8.677188873291016,37.18000030517578,1000.0,100.0,0.7150522470474243,0.0240193922072649,10.0,0.9987619519233704,0.9987619519233704,0.9987619519233704,0.022003784775733948,0.0001787999935913831,0.4948301613330841,2020000.0,-0.01672581024467945,-0.0027237627655267715,-0.025777429342269897,0.34511882066726685,-0.5327003002166748,-1.0197466611862183,5626.75244140625,21.819223403930664,30.206737518310547,52.02595901489258,384.4234619140625,569.5844116210938
8.993617057800293,28.920000076293945,1000.0,101.0,0.7063992023468018,0.020034514367580414,6.0,0.9990076422691345,0.9990076422691345,0.9990076422691345,0.021699508652091026,0.00017759999900590628,0.49059802293777466,2040000.0,-0.01063307374715805,0.0060927364975214005,0.13795976340770721,0.6638398170471191,0.3187209963798523,-2.0612809658050537,5668.16455078125,22.53482437133789,18.85504150390625,41.38986587524414,483.2100830078125,736.9840698242188
8.595134735107422,25.8799991607666,1000.0,102.0,0.7052238583564758,0.023696525022387505,7.0,0.9999810457229614,0.9999810457229614,0.9999810457229614,0.02211189828813076,0.00017640000442042947,0.4900524616241455,2060000.0,-0.012734896503388882,-0.002101822756230831,-0.08979295194149017,0.5860993266105652,-0.07774049043655396,-2.0110785961151123,5709.38671875,20.247087478637695,20.95656394958496,41.203651428222656,485.3938903808594,536.0625
8.624770164489746,22.239999771118164,1000.0,103.0,0.7052733898162842,0.02270960435271263,8.0,1.0012338161468506,1.0012338161468506,1.0012338161468506,0.02146500162780285,0.00017519999528303742,0.4900365471839905,2080000.0,-0.013506901450455189,-0.0007720049470663071,0.11594149470329285,0.5401888489723206,-0.04591047763824463,-1.3267085552215576,5755.578125,20.437955856323242,25.733999252319336,46.17195510864258,433.16339111328125,462.0836181640625
8.308353424072266,21.459999084472656,1000.0,104.0,0.6998004913330078,0.023784242570400238,6.0,0.9982041716575623,0.9982041716575623,0.9982041716575623,0.02177867665886879,0.0001740000006975606,0.48738184571266174,2100000.0,-0.01097559742629528,0.0025313040241599083,0.0010481920326128602,0.7827143669128418,0.24252551794052124,-2.083207130432129,5794.1650390625,21.014659881591797,17.54923439025879,38.56389617919922,518.6198120117188,570.4796142578125
7.758993625640869,17.700000762939453,1000.0,105.0,0.6989763379096985,0.020120538771152496,4.0,0.9989683628082275,0.9989683628082275,0.9989683628082275,0.02138400264084339,0.0001728000061120838,0.4870474934577942,2120000.0,-0.006676245015114546,0.004299352411180735,-0.022365231066942215,0.5059545636177063,-0.2767598032951355,-0.9007315635681152,5827.71923828125,21.551631927490234,11.983195304870605,33.534828186035156,596.3948974609375,921.4696044921875
6.618502140045166,22.219999313354492,1000.0,106.0,0.7054044604301453,0.02055354230105877,9.0,0.9997002482414246,0.9997002482414246,0.9997002482414246,0.022454319521784782,0.00017159999697469175,0.4902220666408539,2140000.0,-0.015725770965218544,-0.009049525950103998,0.15334653854370117,0.4692646861076355,-0.0366898775100708,-1.596604824066162,5875.455078125,21.09676742553711,26.620946884155273,47.717716217041016,419.1315612792969,114.2225112915039
6.965249061584473,32.459999084472656,1000.0,107.0,0.6943203210830688,0.020304232835769653,9.0,0.9984503984451294,0.9984503984451294,0.9984503984451294,0.021333927288651466,0.00017040000238921493,0.48464369773864746,2160000.0,-0.016009563580155373,-0.0002837926149368286,0.3023146390914917,1.159861445426941,0.6905967593193054,-4.863646507263184,5923.91943359375,20.626789093017578,27.816640853881836,48.44342803955078,412.8526916503906,242.1833953857422
6.949800968170166,45.41999816894531,1000.0,108.0,0.6883255839347839,0.026948317885398865,2.0,0.9975857138633728,0.9975857138633728,0.9975857138633728,0.019990917295217514,0.0001691999932518229,0.48172786831855774,2180000.0,-0.0009059734875336289,0.015103590092621744,0.27249860763549805,1.4611608982086182,0.30129945278167725,-4.289912700653076,5950.2744140625,20.46942138671875,5.865323066711426,26.33474349975586,759.4530029296875,-227.2747802734375
8.24243450164795,38.81999969482422,1000.0,109.0,0.6817697286605835,0.020044498145580292,6.0,0.9995794892311096,0.9995794892311096,0.9995794892311096,0.021758127957582474,0.00016799999866634607,0.4786190688610077,2200000.0,-0.011494061909615993,-0.010588088422082365,-0.11811528354883194,0.8386296033859253,-0.6225312948226929,-2.3024556636810303,5987.7412109375,19.623048782348633,17.82675552368164,37.449806213378906,534.0481567382812,672.632080078125
8.582100868225098,38.2599983215332,1000.0,110.0,0.6750073432922363,0.02569672279059887,9.0,0.9983041286468506,0.9983041286468506,0.9983041286468506,0.022532891482114792,0.00016680000408086926,0.4754161536693573,2220000.0,-0.015704581514000893,-0.004210519604384899,0.1789853572845459,1.2267868518829346,0.3881572484970093,-3.9725914001464844,6037.94677734375,22.936124801635742,27.250003814697266,50.186126708984375,398.5165100097656,453.25201416015625
8.390982627868652,29.719999313354492,1000.0,111.0,0.6680186986923218,0.0200351569801569,8.0,0.9986279606819153,0.9986279606819153,0.9986279606819153,0.022337188944220543,0.0001655999949434772,0.4721229374408722,2240000.0,-0.014876187779009342,0.0008283937349915504,-0.03585014119744301,0.7513418197631836,-0.475445032119751,-2.576738119125366,6080.89990234375,19.394161224365234,23.539623260498047,42.93378448486328,465.8336181640625,394.98089599609375
8.159958839416504,32.84000015258789,1000.0,112.0,0.6629278063774109,0.021867569535970688,4.0,0.9998422265052795,0.9998422265052795,0.9998422265052795,0.02189713902771473,0.0001644000003580004,0.4696684181690216,2260000.0,-0.008730081841349602,0.0061461059376597404,0.3172416687011719,1.055417776107788,0.3040759563446045,-3.831454277038574,6115.1640625,21.744983673095703,12.499300956726074,34.244285583496094,584.0390625,288.7001953125
7.799098491668701,32.060001373291016,1000.0,113.0,0.6584380865097046,0.02482730709016323,8.0,0.9993684887886047,0.9993684887886047,0.9993684887886047,0.02297833375632763,0.00016320000577252358,0.4675740897655487,2280000.0,-0.014536437578499317,-0.005806355737149715,0.1017591580748558,0.8586441278457642,-0.19677364826202393,-2.1519973278045654,6160.70166015625,22.051095962524414,23.468669891357422,45.51976776123047,439.36956787109375,468.0077209472656
7.767248153686523,34.97999954223633,1000.0,114.0,0.6546417474746704,0.02022487297654152,6.0,0.9996982216835022,0.9996982216835022,0.9996982216835022,0.021553408354520798,0.00016199999663513154,0.46582135558128357,2300000.0,-0.011836288496851921,0.002700149081647396,0.25339174270629883,1.0309604406356812,0.172316312789917,-3.793236255645752,6198.84521484375,19.86391258239746,18.258623123168945,38.122535705566406,524.6240844726562,408.33917236328125
7.786153793334961,35.15999984741211,1000.0,115.0,0.644723117351532,0.020804671570658684,9.0,0.9990837574005127,0.9990837574005127,0.9990837574005127,0.022052021697163582,0.00016080000204965472,0.4611723721027374,2320000.0,-0.014788898639380932,-0.0029526101425290108,-0.006668448448181152,0.9420331120491028,-0.08892732858657837,-3.904575824737549,6246.59814453125,20.9522647857666,26.78120994567871,47.73347473144531,418.9931640625,327.2208251953125
7.962874889373779,34.119998931884766,1000.0,116.0,0.6316655874252319,0.02318568527698517,7.0,0.9979857206344604,0.9979857206344604,0.9979857206344604,0.021473437547683716,0.00015959999291226268,0.455241858959198,2340000.0,-0.013900062069296837,0.000888836570084095,0.13131719827651978,0.834809422492981,-0.10722368955612183,-3.2882633209228516,6288.43017578125,20.241987228393555,21.56841468811035,41.810401916503906,478.349853515625,484.40313720703125
7.800030708312988,28.440000534057617,1000.0,117.0,0.6236512064933777,0.02678265981376171,9.0,0.9973001480102539,0.9973001480102539,0.9973001480102539,0.022993650287389755,0.00015839999832678586,0.4516778290271759,2360000.0,-0.015521972440183163,-0.0016219103708863258,0.05085188150405884,0.4941805899143219,-0.34062883257865906,-1.7955414056777954,6337.6767578125,21.536867141723633,27.68978500366211,49.226654052734375,406.2839660644531,753.1044311523438
7.738523960113525,22.739999771118164,1000.0,118.0,0.6143637895584106,0.022966470569372177,6.0,0.9999143481254578,0.9999143481254578,0.9999143481254578,0.021771954372525215,0.00015720000374130905,0.4475056827068329,2380000.0,-0.011130496859550476,0.004391475580632687,0.2588910758495331,1.1179471015930176,0.6237665116786957,-3.664361000061035,6375.9169921875,20.320003509521484,17.899478912353516,38.219482421875,523.2933349609375,535.28173828125
6.971309661865234,22.3799991607666,1000.0,119.0,0.6107218265533447,0.02203683741390705,8.0,0.9989602565765381,0.9989602565765381,0.9989602565765381,0.0217273011803627,0.000155999994603917,0.4459541440010071,2400000.0,-0.012760883197188377,-0.0016303863376379013,0.13301104307174683,0.4688633978366852,-0.6490837037563324,-1.3503164052963257,6421.6640625,21.68780517578125,24.039438247680664,45.72724151611328,437.37603759765625,412.9064025878906
7.310053825378418,21.920000076293945,1000.0,120.0,0.6116438508033752,0.0254112146794796,8.0,1.0005556344985962,1.0005556344985962,1.0005556344985962,0.022456811740994453,0.0001548000000184402,0.44638168811798096,2420000.0,-0.012851961888372898,-9.107869118452072e-05,-0.06558987498283386,0.5944356322288513,0.12557223439216614,-2.4734888076782227,6465.69384765625,19.996501922607422,24.0143985748291,44.010902404785156,454.432861328125,631.9335327148438
7.883115768432617,33.060001373291016,1000.0,121.0,0.6102593541145325,0.021724089980125427,1.0,1.0005677938461304,1.0005677938461304,1.0005677938461304,0.022229617461562157,0.00015360000543296337,0.4457990229129791,2440000.0,0.005033825058490038,0.017885786946862936,0.07333363592624664,0.6770939230918884,0.08265829086303711,-0.8096954822540283,6488.73681640625,20.053234100341797,2.968602180480957,23.02183723449707,868.7404174804688,407.0341796875
8.275010108947754,39.279998779296875,1000.0,122.0,0.6118223667144775,0.021231602877378464,10.0,1.000643014907837,1.000643014907837,1.000643014907837,0.02245410718023777,0.00015239999629557133,0.4464998245239258,2460000.0,-0.018025219440460205,-0.023059044498950243,-0.4763871133327484,0.6536999940872192,-0.02339392900466919,-2.3659074306488037,6540.18408203125,21.89132308959961,29.537622451782227,51.4289436340332,388.88604736328125,416.85498046875
8.19007682800293,35.279998779296875,1000.0,123.0,0.6084340214729309,0.02191714569926262,10.0,0.9985989332199097,0.9985989332199097,0.9985989332199097,0.021983854472637177,0.0001512000017100945,0.44499915838241577,2480000.0,-0.01618034392595291,0.0018448755145072937,0.13851074874401093,0.4897489547729492,-0.16395103931427002,-1.6131504774093628,6591.333984375,21.343006134033203,29.787017822265625,51.13002395629883,391.15960693359375,455.28741455078125
8.01912784576416,33.459999084472656,1000.0,124.0,0.6009521484375,0.023569872602820396,5.0,1.0004303455352783,1.0004303455352783,1.0004303455352783,0.021249111741781235,0.0001500000071246177,0.4416402578353882,2500000.0,-0.009130743332207203,0.0070496005937457085,0.04744087904691696,0.5397362112998962,0.04998725652694702,-1.5428932905197144,6627.8193359375,21.29679298400879,15.165319442749023,36.46211242675781,548.5145874023438,540.389404296875
7.754073619842529,29.600000381469727,1000.0,125.0,0.5946268439292908,0.020411087200045586,8.0,0.9985386729240417,0.9985386729240417,0.9985386729240417,0.02227051556110382,0.00014879999798722565,0.438928484916687,2520000.0,-0.013999102637171745,-0.004868359304964542,0.044125042855739594,0.42859578132629395,-0.1111404299736023,-1.8546653985977173,6672.91162109375,21.12193489074707,23.95204734802246,45.07398223876953,443.7149658203125,539.9856567382812
8.495821952819824,27.8799991607666,1000.0,126.0,0.5863667130470276,0.023174133151769638,10.0,0.9979850053787231,0.9979850053787231,0.9979850053787231,0.02272137813270092,0.00014760000340174884,0.43525445461273193,2540000.0,-0.015009556896984577,-0.0010104542598128319,0.016385631635785103,0.5006502866744995,0.07205450534820557,-1.4487453699111938,6723.765625,20.94393539428711,29.889942169189453,50.83387756347656,393.43841552734375,674.6041870117188
8.189518928527832,22.1200008392334,1000.0,127.0,0.5849132537841797,0.0237879678606987,9.0,1.001396894454956,1.001396894454956,1.001396894454956,0.02386441081762314,0.0001463999942643568,0.4345531463623047,2560000.0,-0.01448220107704401,0.000527355819940567,0.04651949182152748,0.3752814829349518,-0.12536880373954773,-1.2451767921447754,6771.53857421875,20.773984909057617,26.978252410888672,47.752235412597656,418.82855224609375,702.82470703125
8.88018798828125,25.040000915527344,1000.0,128.0,0.5771334767341614,0.02160804718732834,8.0,1.000045895576477,1.000045895576477,1.000045895576477,0.022678222507238388,0.00014519999967887998,0.43114250898361206,2580000.0,-0.016152728348970413,-0.001670527271926403,0.010103873908519745,1.182565689086914,0.8072842061519623,-4.648987293243408,6815.80224609375,20.432674407958984,23.810222625732422,44.242897033691406,452.0499572753906,129.2207489013672
8.294411659240723,24.700000762939453,1000.0,129.0,0.5658510327339172,0.020043473690748215,9.0,0.9996976852416992,0.9996976852416992,0.9996976852416992,0.022049563005566597,0.00014400000509340316,0.4263305962085724,2600000.0,-0.014913845807313919,0.0012388825416564941,0.11955375969409943,0.7153627276420593,-0.46720296144485474,-2.2674782276153564,6864.31298828125,21.370771408081055,27.120824813842773,48.49174118041992,412.44134521484375,607.6033935546875
7.586458206176758,23.6200008392334,1000.0,130.0,0.5548962950706482,0.023663513362407684,10.0,0.9981063604354858,0.9981063604354858,0.9981063604354858,0.021681958809494972,0.00014279999595601112,0.42168372869491577,2620000.0,-0.015469838865101337,-0.0005559930577874184,0.11544239521026611,0.4435170888900757,-0.27184563875198364,-1.836729884147644,6914.697265625,20.016550064086914,30.346721649169922,50.3632698059082,397.1147766113281,720.3875122070312
7.8228654861450195,16.1200008392334,1000.0,131.0,0.5408502817153931,0.0203948263078928,6.0,0.9996828436851501,0.9996828436851501,0.9996828436851501,0.020836349576711655,0.0001416000013705343,0.41580986976623535,2640000.0,-0.011050797998905182,0.0044190408661961555,-0.15084795653820038,0.48233282566070557,0.03881573677062988,-0.6020591259002686,6953.0419921875,20.571195602416992,17.75153160095215,38.323726654052734,521.8699340820312,915.3787231445312
7.084629535675049,17.239999771118164,1000.0,132.0,0.5301600694656372,0.021326543763279915,7.0,0.9978834986686707,0.9978834986686707,0.9978834986686707,0.021301209926605225,0.00014040000678505749,0.41138800978660583,2660000.0,-0.014238719828426838,-0.003187921829521656,0.025185801088809967,1.0257773399353027,0.5434445142745972,-3.649366855621338,6995.24658203125,20.760541915893555,21.425588607788086,42.18613052368164,474.0894470214844,352.4677734375
7.744816303253174,25.15999984741211,1000.0,133.0,0.5188287496566772,0.02309648133814335,7.0,0.9986233115196228,0.9986233115196228,0.9986233115196228,0.021291976794600487,0.00013919999764766544,0.40674152970314026,2680000.0,-0.014235734939575195,2.9848888516426086e-06,0.01910674199461937,0.6073656678199768,-0.4184116721153259,-1.535602331161499,7037.416015625,19.92646026611328,22.222946166992188,42.14940643310547,474.5025329589844,465.51983642578125
7.593075752258301,27.239999771118164,1000.0,134.0,0.5056428909301758,0.020034756511449814,7.0,0.9988031387329102,0.9988031387329102,0.9988031387329102,0.021506641060113907,0.00013800000306218863,0.40136072039604187,2700000.0,-0.012955643236637115,0.0012800917029380798,0.13424380123615265,0.5509341359138489,-0.05643153190612793,-1.4549936056137085,7078.96923828125,20.85863494873047,20.675514221191406,41.534149169921875,481.5314636230469,689.144287109375
8.551030158996582,30.100000381469727,1000.0,135.0,0.49753209948539734,0.02259724959731102,5.0,0.9987024664878845,0.9987024664878845,0.9987024664878845,0.020159296691417694,0.00013679999392479658,0.3980899751186371,2720000.0,-0.009370565414428711,0.0035850778222084045,0.16054026782512665,0.8731347322463989,0.32220059633255005,-2.3070411682128906,7113.23388671875,19.777708053588867,14.467464447021484,34.24517059326172,584.02392578125,402.6832580566406
8.044659614562988,39.060001373291016,1000.0,136.0,0.4873056411743164,0.02509228140115738,11.0,1.0014532804489136,1.0014532804489136,1.0014532804489136,0.02103302627801895,0.00013559999933931977,0.3940192461013794,2740000.0,-0.017531225457787514,-0.008160660043358803,-0.4239596128463745,0.5634426474571228,-0.3096920847892761,-1.5814297199249268,7168.208984375,19.409015655517578,35.54763412475586,54.95664978027344,363.9231872558594,-17.28229522705078
8.046222686767578,45.0,1000.0,137.0,0.4748377501964569,0.020644212141633034,9.0,1.0013476610183716,1.0013476610183716,1.0013476610183716,0.022095687687397003,0.00013440000475384295,0.3891039490699768,2760000.0,-0.01685710810124874,0.0006741173565387726,-0.15461419522762299,0.7753105163574219,0.21186786890029907,-3.0331358909606934,7215.0654296875,20.124195098876953,26.7104434967041,46.83464050292969,427.03436279296875,148.22598266601562
8.327081680297852,33.47999954223633,1000.0,138.0,0.46615833044052124,0.02419045940041542,11.0,1.0000959634780884,1.0000959634780884,1.0000959634780884,0.02344067394733429,0.0001331999956164509,0.38571006059646606,2780000.0,-0.01595929265022278,0.0008978154510259628,-0.0015907436609268188,0.4184732437133789,-0.35683727264404297,-1.0898845195770264,7267.259765625,19.12911605834961,33.04578399658203,52.17490005493164,383.3260803222656,918.4575805664062
8.090627670288086,23.65999984741211,1000.0,139.0,0.4577122628688812,0.021624794229865074,3.0,0.9996580481529236,0.9996580481529236,0.9996580481529236,0.021651694551110268,0.0001320000010309741,0.3824578523635864,2800000.0,-0.00448457570746541,0.011474716942757368,-0.15926295518875122,0.882167637348175,0.46369439363479614,-1.8005648851394653,7296.91943359375,20.565227508544922,9.072385787963867,29.63761329650879,674.8181762695312,710.5061645507812
8.224908828735352,16.719999313354492,1000.0,140.0,0.4541167616844177,0.020401177927851677,4.0,1.0005123615264893,1.0005123615264893,1.0005123615264893,0.02214798331260681,0.00013080000644549727,0.3810928761959076,2820000.0,-0.00801110453903675,-0.0035265288315713406,-0.12709926068782806,0.8681687712669373,-0.013998866081237793,-2.9452967643737793,7328.5986328125,20.124080657958984,11.538106918334961,31.662189483642578,631.6682739257812,649.0029296875
8.311965942382812,21.559999465942383,1000.0,141.0,0.44837620854377747,0.022470831871032715,6.0,0.9988952279090881,0.9988952279090881,0.9988952279090881,0.02062693051993847,0.00012959999730810523,0.37891846895217896,2840000.0,-0.011774208396673203,-0.0037631038576364517,-0.4131852388381958,0.8719722628593445,0.0038034915924072266,-3.021512985229492,7367.83349609375,20.918888092041016,18.29814910888672,39.217037200927734,509.982421875,561.3340454101562
8.245068550109863,26.020000457763672,1000.0,142.0,0.4424050450325012,0.02046755515038967,1.0,0.9985437393188477,0.9985437393188477,0.9985437393188477,0.018872277811169624,0.00012840000272262841,0.3766708970069885,2860000.0,0.00467608030885458,0.016450288705527782,0.03386834263801575,0.8287537097930908,-0.04321855306625366,-1.5971606969833374,7392.0400390625,20.91721534729004,3.2717273235321045,24.188941955566406,826.8240966796875,653.42041015625
7.801441669464111,23.579999923706055,1000.0,143.0,0.436885803937912,0.020459305495023727,6.0,0.9994185566902161,0.9994185566902161,0.9994185566902161,0.020445676520466805,0.00012719999358523637,0.37460899353027344,2880000.0,-0.01052246242761612,-0.0151985427364707,0.1872328519821167,0.6193915009498596,-0.2093622088432312,-1.9731998443603516,7430.34716796875,20.863821029663086,17.424386978149414,38.28923416137695,522.3400268554688,605.3323974609375
7.787073135375977,31.15999984741211,1000.0,144.0,0.4305444061756134,0.02469881996512413,3.0,0.9993988871574402,0.9993988871574402,0.9993988871574402,0.020399654284119606,0.00012599999899975955,0.372211754322052,2900000.0,-0.0035191895440220833,0.007003272883594036,-0.27849331498146057,0.8765260577201843,0.2571345567703247,-2.806709051132202,7459.0537109375,19.92422866821289,8.762116432189941,28.687345504760742,697.1715087890625,152.6057891845703
8.815093040466309,33.560001373291016,1000.0,145.0,0.4273024797439575,0.021666863933205605,10.0,0.9990828037261963,0.9990828037261963,0.9990828037261963,0.021690987050533295,0.00012480000441428274,0.3710230886936188,2920000.0,-0.017385762184858322,-0.013866572640836239,-0.013112159445881844,0.6977967023849487,-0.1787293553352356,-2.342655897140503,7509.30908203125,20.350540161132812,29.88692855834961,50.23746871948242,398.1092224121094,430.81463623046875
9.469608306884766,28.579999923706055,1000.0,146.0,0.4175916314125061,0.020581115037202835,6.0,1.00151789188385,1.00151789188385,1.00151789188385,0.021493475884199142,0.0001235999952768907,0.3674548268318176,2940000.0,-0.012646423652768135,0.004739338532090187,0.11269167810678482,0.6068509221076965,-0.0909457802772522,-1.372878909111023,7549.455078125,21.66811752319336,18.45554542541504,40.123661041259766,498.458984375,830.1539306640625
9.060624122619629,21.139999389648438,1000.0,147.0,0.4095451235771179,0.02466656267642975,2.0,1.0007102489471436,1.0007102489471436,1.0007102489471436,0.01959853805601597,0.00012240000069141388,0.36451801657676697,2960000.0,-0.0004755397676490247,0.01217088388511911,-0.1080506294965744,0.750790536403656,0.14393961429595947,-1.4184308052062988,7575.154296875,19.599397659301758,6.08152437210083,25.68092155456543,778.7882080078125,710.1253662109375
7.535762786865234,23.860000610351562,1000.0,148.0,0.40369588136672974,0.02501709572970867,9.0,0.9983982443809509,0.9983982443809509,0.9983982443809509,0.02204790525138378,0.00012119999882997945,0.36238226294517517,2980000.0,-0.014252081513404846,-0.013776541745755821,-0.11677587777376175,0.7608374357223511,0.010046899318695068,-2.912370204925537,7621.630859375,19.82935905456543,26.629777908325195,46.459136962890625,430.48583984375,209.6035919189453
6.602852821350098,34.70000076293945,1000.0,149.0,0.39947274327278137,0.02084076777100563,2.0,0.9994551539421082,0.9994551539421082,0.9994551539421082,0.01963774301111698,0.00011999999696854502,0.3608384430408478,3000000.0,-0.0010154525516554713,0.013236628961749375,-0.02765214629471302,1.2918574810028076,0.5310200452804565,-2.6429977416992188,7649.5,21.92998504638672,5.918924331665039,27.848909378051758,718.1610107421875,314.424560546875
5.834163188934326,43.52000045776367,1000.0,150.0,0.39919519424438477,0.023687992244958878,8.0,0.9982029795646667,0.9982029795646667,0.9982029795646667,0.020994652062654495,0.0001188000023830682,0.36074209213256836,3020000.0,-0.013525332324206829,-0.012509879772551358,-0.08134148269891739,0.8077985048294067,-0.4840589761734009,-3.405815601348877,7693.833984375,20.029956817626953,24.287006378173828,44.31696319580078,451.2944641113281,-51.277313232421875
6.443832874298096,52.540000915527344,1000.0,151.0,0.39688640832901,0.025819554924964905,9.0,0.99794602394104,0.99794602394104,0.99794602394104,0.02158970944583416,0.00011760000052163377,0.35995718836784363,3040000.0,-0.01750478893518448,-0.00397945661097765,-0.2723812162876129,1.1163806915283203,0.3085821866989136,-4.939723014831543,7741.55126953125,20.859426498413086,26.837862014770508,47.697288513183594,419.31103515625,-189.43621826171875
6.767532825469971,53.459999084472656,1000.0,152.0,0.3885383605957031,0.021919699385762215,8.0,0.9966016411781311,0.9966016411781311,0.9966016411781311,0.020837627351284027,0.00011639999866019934,0.3570081293582916,3060000.0,-0.015236898325383663,0.0022678906098008156,-0.36642757058143616,1.0174849033355713,-0.09889578819274902,-3.2851836681365967,7785.41259765625,20.073257446289062,23.76808738708496,43.841346740722656,456.19036865234375,-0.87982177734375
7.625427722930908,56.939998626708984,1000.0,153.0,0.38388392329216003,0.02053087204694748,8.0,0.9991677403450012,0.9991677403450012,0.9991677403450012,0.021618634462356567,0.00011519999679876491,0.355328768491745,3080000.0,-0.016541341319680214,-0.0013044429942965508,0.24459874629974365,0.7981052398681641,-0.21937966346740723,-2.8102385997772217,7830.34814453125,20.26384162902832,24.65057373046875,44.91441345214844,445.2913513183594,159.593994140625
7.904844760894775,46.84000015258789,1000.0,154.0,0.3789106011390686,0.0202283076941967,4.0,0.9995522499084473,0.9995522499084473,0.9995522499084473,0.019601384177803993,0.0001140000022132881,0.353532612323761,3100000.0,-0.007420232053846121,0.009121109265834093,0.11678513139486313,0.9449945688247681,0.146889328956604,-2.655284881591797,7861.9140625,19.898454666137695,11.646720886230469,31.545175552368164,634.0113525390625,392.9981994628906
9.043830871582031,38.040000915527344,1000.0,155.0,0.3697613477706909,0.020739739760756493,9.0,0.9990237951278687,0.9990237951278687,0.9990237951278687,0.02042495459318161,0.00011280000035185367,0.35031837224960327,3120000.0,-0.014125588349997997,-0.0067053562961518764,-0.3309052288532257,0.5321577787399292,-0.41283679008483887,-1.6012935638427734,7910.34814453125,21.75701904296875,26.659578323364258,48.416595458984375,413.08148193359375,825.9171752929688
8.783312797546387,30.360000610351562,1000.0,156.0,0.3629174828529358,0.02120959199965,9.0,0.9998495578765869,0.9998495578765869,0.9998495578765869,0.02188160829246044,0.00011159999849041924,0.3479321002960205,3140000.0,-0.016063101589679718,-0.0019375132396817207,0.14275164902210236,0.6545521020889282,0.12239432334899902,-2.3288774490356445,7957.41162109375,20.085237503051758,26.957855224609375,47.0430908203125,425.1421203613281,339.97528076171875
9.729264259338379,26.020000457763672,1000.0,157.0,0.36289918422698975,0.026024984195828438,11.0,0.9991250038146973,0.9991250038146973,0.9991250038146973,0.021779615432024002,0.00011039999662898481,0.34792616963386536,3160000.0,-0.018124403432011604,-0.0020613018423318863,-0.14383885264396667,0.7803246378898621,0.12577253580093384,-3.1022753715515137,8012.39453125,20.583370208740234,34.377681732177734,54.96105194091797,363.89404296875,494.27557373046875
8.802181243896484,28.360000610351562,1000.0,158.0,0.35613468289375305,0.026074960827827454,6.0,0.9986645579338074,0.9986645579338074,0.9986645579338074,0.02178974449634552,0.00010920000204350799,0.3455828130245209,3180000.0,-0.011366738937795162,0.006757664494216442,0.27724528312683105,0.7171743512153625,-0.06315028667449951,-1.9843692779541016,8049.72607421875,19.489933013916016,17.819271087646484,37.3092041015625,536.060791015625,748.6156005859375
9.41414737701416,22.360000610351562,1000.0,159.0,0.3451150357723236,0.020153092220425606,8.0,0.9982465505599976,0.9982465505599976,0.9982465505599976,0.021202227100729942,0.00010800000018207356,0.3418155908584595,3200000.0,-0.013883894309401512,-0.00251715537160635,-0.08706291764974594,0.5216427445411682,-0.19553160667419434,-1.680876612663269,8094.4736328125,20.461828231811523,24.267742156982422,44.72957229614258,447.1315002441406,583.7658081054688
8.670780181884766,23.540000915527344,1000.0,160.0,0.33694690465927124,0.022819016128778458,9.0,0.9982637166976929,0.9982637166976929,0.9982637166976929,0.021689636632800102,0.00010679999832063913,0.3390728533267975,3220000.0,-0.01728837937116623,-0.003404485061764717,-0.09283477067947388,0.8673100471496582,0.34566730260849,-2.773833990097046,8142.3017578125,21.655441284179688,26.152057647705078,47.807498931884766,418.34442138671875,401.2138977050781
8.456605911254883,26.65999984741211,1000.0,161.0,0.3250921368598938,0.024760490283370018,8.0,0.9990862011909485,0.9990862011909485,0.9990862011909485,0.020815793424844742,0.0001055999964592047,0.3350921869277954,3240000.0,-0.015908250585198402,0.0013801287859678268,-0.01576455682516098,0.6844189167022705,-0.1828911304473877,-2.607419729232788,8186.4140625,20.166053771972656,23.924715042114258,44.09077072143555,453.60968017578125,428.7117919921875
8.12654972076416,33.720001220703125,1000.0,162.0,0.31543976068496704,0.02098875679075718,12.0,0.9977506399154663,0.9977506399154663,0.9977506399154663,0.02141864225268364,0.00010440000187372789,0.33186155557632446,3260000.0,-0.019174428656697273,-0.003266178071498871,0.06879042834043503,0.6279575228691101,-0.0564613938331604,-2.9635157585144043,8242.8779296875,20.44721031188965,35.996543884277344,56.443756103515625,354.33502197265625,-12.621658325195312
8.026169776916504,34.2400016784668,1000.0,163.0,0.30973052978515625,0.02006315439939499,9.0,0.9982413649559021,0.9982413649559021,0.9982413649559021,0.02141205407679081,0.00010320000001229346,0.329958975315094,3280000.0,-0.016997836530208588,0.0021765921264886856,-0.037763625383377075,0.7075564861297607,0.07959896326065063,-2.2023143768310547,8291.2216796875,21.109643936157227,27.212949752807617,48.322593688964844,413.88507080078125,324.62469482421875
8.528580665588379,37.84000015258789,1000.0,164.0,0.3041655421257019,0.02051766961812973,7.0,0.9985353946685791,0.9985353946685791,0.9985353946685791,0.021023446694016457,0.00010199999815085903,0.32808658480644226,3300000.0,-0.012823940254747868,0.00417389627546072,0.05538417398929596,0.7375980615615845,0.03004157543182373,-2.663309097290039,8331.96484375,20.002687454223633,20.72132110595703,40.7240104675293,491.11077880859375,409.1956481933594
8.434859275817871,35.34000015258789,1000.0,165.0,0.29720985889434814,0.02092835307121277,11.0,0.9972095489501953,0.9972095489501953,0.9972095489501953,0.021777955815196037,0.00010080000356538221,0.3257826566696167,3320000.0,-0.020087946206331253,-0.0072640059515833855,-0.07015193998813629,0.5777381062507629,-0.15985995531082153,-2.427873134613037,8384.595703125,19.592754364013672,33.018497467041016,52.61125183105469,380.1468200683594,179.71890258789062
8.086908340454102,33.15999984741211,1000.0,166.0,0.2857436537742615,0.02036452107131481,10.0,0.9994688034057617,0.9994688034057617,0.9994688034057617,0.020615000277757645,9.960000170394778e-05,0.32208070158958435,3340000.0,-0.01719011552631855,0.002897830680012703,-0.09172975271940231,0.4012000858783722,-0.17653802037239075,-1.823716402053833,8434.9521484375,19.872541427612305,30.463909149169922,50.336448669433594,397.3263854980469,326.8046875
7.9776291847229,38.91999816894531,1000.0,167.0,0.2726742625236511,0.020331742241978645,9.0,0.9996531009674072,0.9996531009674072,0.9996531009674072,0.021890774369239807,9.839999984251335e-05,0.3179146349430084,3360000.0,-0.017228592187166214,-3.847666084766388e-05,0.07633752375841141,0.623337984085083,0.22213789820671082,-2.9867420196533203,8482.2197265625,20.053699493408203,27.192241668701172,47.245941162109375,423.3168029785156,179.90476989746094
7.428806781768799,30.239999771118164,1000.0,168.0,0.2615743577480316,0.02139376476407051,8.0,0.9991145133972168,0.9991145133972168,0.9991145133972168,0.020700985565781593,9.719999798107892e-05,0.31443464756011963,3380000.0,-0.015050278976559639,0.002178313210606575,-0.08376643806695938,0.5633345246315002,-0.060003459453582764,-2.251030445098877,8525.9619140625,19.971500396728516,23.750551223754883,43.722049713134766,457.4350891113281,421.76727294921875
6.612123012542725,31.979999542236328,1000.0,169.0,0.25264856219291687,0.023398155346512794,5.0,0.9999750256538391,0.9999750256538391,0.9999750256538391,0.02050277590751648,9.600000339560211e-05,0.311681866645813,3400000.0,-0.01016305759549141,0.00488722138106823,0.15404078364372253,0.8747603893280029,0.3114258646965027,-3.904747247695923,8561.1357421875,20.21269989013672,14.942089080810547,35.154788970947266,568.9125366210938,351.592529296875
6.564357280731201,45.900001525878906,1000.0,170.0,0.2471865862607956,0.021420713514089584,13.0,1.0007952451705933,1.0007952451705933,1.0007952451705933,0.021865759044885635,9.480000153416768e-05,0.3100062906742096,3420000.0,-0.021139441058039665,-0.010976383462548256,-0.14574500918388367,0.8194707632064819,-0.055289626121520996,-3.404662847518921,8619.796875,19.827072143554688,38.81352615356445,58.640594482421875,341.0606384277344,-327.6808776855469
7.133442401885986,39.36000061035156,1000.0,171.0,0.23202860355377197,0.024150652810931206,8.0,0.9984247088432312,0.9984247088432312,0.9984247088432312,0.020377011969685555,9.359999967273325e-05,0.3053697347640991,3440000.0,-0.015212730504572392,0.005926710553467274,0.4210192561149597,0.6615474224090576,-0.15792334079742432,-1.9716796875,8664.841796875,21.044174194335938,23.97956085205078,45.02373504638672,444.21014404296875,545.1797485351562
7.79814338684082,41.34000015258789,1000.0,172.0,0.22034431993961334,0.020364250987768173,10.0,0.9989457726478577,0.9989457726478577,0.9989457726478577,0.021788418292999268,9.239999781129882e-05,0.30182453989982605,3460000.0,-0.01612189970910549,-0.0009091692045331001,0.19430777430534363,0.7347540855407715,0.07320666313171387,-2.600515604019165,8714.3857421875,19.874502182006836,29.64944076538086,49.52394104003906,403.8450622558594,471.3674621582031
8.993380546569824,26.700000762939453,1000.0,173.0,0.2169346809387207,0.02083284966647625,13.0,1.0024385452270508,1.0024385452270508,1.0024385452270508,0.022351888939738274,9.1200003225822e-05,0.3008219599723816,3480000.0,-0.020377058535814285,-0.004255158826708794,0.036697953939437866,0.6775086522102356,-0.05724543333053589,-3.318164825439453,8773.681640625,20.099098205566406,39.17415237426758,59.273250579833984,337.4203186035156,612.4653930664062
9.904504776000977,23.899999618530273,1000.0,174.0,0.20525102317333221,0.021561721339821815,9.0,0.9995859265327454,0.9995859265327454,0.9995859265327454,0.021515851840376854,9.000000136438757e-05,0.29735252261161804,3500000.0,-0.017488641664385796,0.0028884168714284897,-0.16178005933761597,0.7139399647712708,0.036431312561035156,-2.2421741485595703,8821.58984375,20.648189544677734,27.238113403320312,47.88630294799805,417.65594482421875,609.5007934570312
9.370381355285645,27.84000015258789,1000.0,175.0,0.1970812976360321,0.020864037796854973,10.0,0.9990933537483215,0.9990933537483215,0.9990933537483215,0.02047838270664215,8.879999950295314e-05,0.29495567083358765,3520000.0,-0.018972190096974373,-0.0014835484325885773,-0.08757075667381287,0.6936279535293579,-0.020312011241912842,-2.628474235534668,8871.6123046875,20.327945709228516,29.673826217651367,50.00177001953125,399.98583984375,27.693008422851562
9.06546401977539,25.979999542236328,1000.0,176.0,0.18854786455631256,0.020122386515140533,8.0,0.9996845722198486,0.9996845722198486,0.9996845722198486,0.020341098308563232,8.759999764151871e-05,0.29243630170822144,3540000.0,-0.015184271149337292,0.003787918947637081,0.19482728838920593,0.6729916930198669,-0.020636260509490967,-2.2742769718170166,8915.1279296875,20.404264450073242,23.089876174926758,43.494140625,459.8320617675781,652.4887084960938
8.006321907043457,33.7599983215332,1000.0,177.0,0.18059033155441284,0.020292874425649643,9.0,0.9998083114624023,0.9998083114624023,0.9998083114624023,0.021285727620124817,8.64000030560419e-05,0.2900899052619934,3560000.0,-0.017702965065836906,-0.0025186939164996147,-0.07075858116149902,1.1043903827667236,0.4313986897468567,-3.690605878829956,8962.20703125,20.554141998291016,26.506208419799805,47.06034851074219,424.9862060546875,68.09718322753906
8.399645805358887,30.81999969482422,1000.0,178.0,0.1670488864183426,0.020568011328577995,10.0,1.000767707824707,1.000767707824707,1.000767707824707,0.020418517291545868,8.520000119460747e-05,0.286190390586853,3580000.0,-0.018574384972453117,-0.0008714199066162109,-0.021113231778144836,0.719505250453949,-0.38488513231277466,-3.4181199073791504,9013.0673828125,20.832378387451172,30.006319046020508,50.839698791503906,393.39337158203125,67.31451416015625
8.455767631530762,28.959999084472656,1000.0,179.0,0.1508510857820511,0.02160354144871235,12.0,0.9965821504592896,0.9965821504592896,0.9965821504592896,0.021110597997903824,8.399999933317304e-05,0.28158247470855713,3600000.0,-0.01872624270617962,-0.00015185773372650146,-0.16666391491889954,0.4631785452365875,-0.25632670521736145,-1.5781687498092651,9068.783203125,20.483943939208984,35.21196746826172,55.6959114074707,359.0928039550781,812.2442016601562
8.748900413513184,27.1200008392334,1000.0,180.0,0.13899430632591248,0.020475568249821663,11.0,0.9985855221748352,0.9985855221748352,0.9985855221748352,0.02112242393195629,8.27999974717386e-05,0.27826252579689026,3620000.0,-0.018841814249753952,-0.00011557154357433319,-0.03164105489850044,0.49034467339515686,0.027166128158569336,-2.1734299659729004,9120.9404296875,19.77484130859375,32.36107635498047,52.13591766357422,383.6127014160156,309.84033203125
8.293006896972656,28.459999084472656,1000.0,181.0,0.12414726614952087,0.020122099667787552,10.0,0.9988071322441101,0.9988071322441101,0.9988071322441101,0.021240955218672752,8.160000288626179e-05,0.2741903066635132,3640000.0,-0.018251141533255577,0.0005906727164983749,-0.07062491029500961,0.5962349772453308,0.10589030385017395,-2.352982759475708,9171.279296875,20.214805603027344,30.103696823120117,50.318504333496094,397.4681091308594,525.0750732421875
7.8245768547058105,29.260000228881836,1000.0,182.0,0.10950309038162231,0.020113812759518623,11.0,0.9985406994819641,0.9985406994819641,0.9985406994819641,0.02225721813738346,8.040000102482736e-05,0.2702242136001587,3660000.0,-0.01849118433892727,-0.0002400428056716919,-0.35371243953704834,0.5669291615486145,-0.02930581569671631,-1.454518437385559,9224.9287109375,21.025455474853516,32.602596282958984,53.6280517578125,372.93914794921875,738.336181640625
8.549731254577637,30.68000030517578,1000.0,183.0,0.10221260786056519,0.020128976553678513,9.0,0.998924732208252,0.998924732208252,0.998924732208252,0.021468626335263252,7.919999916339293e-05,0.26829075813293457,3680000.0,-0.018879903480410576,-0.0003887191414833069,-0.13553401827812195,0.5505971908569336,-0.016331970691680908,-2.1415657997131348,9271.8857421875,19.890613555908203,27.045705795288086,46.93632125854492,426.1092529296875,469.967041015625
8.874667167663574,24.399999618530273,1000.0,184.0,0.09667107462882996,0.022226406261324883,13.0,1.000172734260559,1.000172734260559,1.000172734260559,0.022262660786509514,7.79999973019585e-05,0.26684680581092834,3700000.0,-0.019805843010544777,-0.000925939530134201,0.10267451405525208,0.6662444472312927,0.11564725637435913,-3.2471749782562256,9331.7431640625,20.177217483520508,39.66050720214844,59.83772277832031,334.2373352050781,404.71728515625
8.978918075561523,40.380001068115234,1000.0,185.0,0.09247567504644394,0.020751899108290672,2.0,0.9991592764854431,0.9991592764854431,0.9991592764854431,0.017636766657233238,7.680000271648169e-05,0.26574498414993286,3720000.0,-0.0024393536150455475,0.01736648939549923,-0.12156315892934799,1.1472313404083252,0.48098689317703247,-3.0054948329925537,9358.95703125,20.89102554321289,6.301358222961426,27.192384719848633,735.5000610351562,165.2953643798828
8.522623062133789,35.560001373291016,1000.0,186.0,0.0967331975698471,0.02133672870695591,10.0,0.9971473217010498,0.9971473217010498,0.9971473217010498,0.020623479038476944,7.560000085504726e-05,0.26691606640815735,3740000.0,-0.017047619447112083,-0.014608265832066536,0.04765164852142334,0.36663374304771423,-0.780597597360611,-1.4572362899780273,9409.76953125,20.929079055786133,29.86583137512207,50.7949104309082,393.740234375,746.5491333007812
8.124595642089844,28.920000076293945,1000.0,187.0,0.09668010473251343,0.021529361605644226,1.0,0.9988435506820679,0.9988435506820679,0.9988435506820679,0.017997656017541885,7.439999899361283e-05,0.26692652702331543,3760000.0,0.0020544545259326696,0.019102073973044753,0.16002684831619263,0.5293530821800232,0.16271933913230896,-0.9452624320983887,9432.3544921875,19.49919319152832,3.064485549926758,22.563678741455078,886.3802490234375,759.252685546875
8.632452011108398,16.739999771118164,1000.0,188.0,0.0958038717508316,0.02356751635670662,11.0,0.9994848966598511,0.9994848966598511,0.9994848966598511,0.020945429801940918,7.31999971321784e-05,0.2666764259338379,3780000.0,-0.017279887571930885,-0.019334342097863555,-0.08126012235879898,0.3200699985027313,-0.20928308367729187,-1.2208130359649658,9484.890625,19.92076873779297,32.598026275634766,52.518795013427734,380.8160400390625,800.8653564453125
8.303346633911133,24.440000534057617,1000.0,189.0,0.09566061198711395,0.022441036999225616,16.0,1.0015802383422852,1.0015802383422852,1.0015802383422852,0.022419005632400513,7.200000254670158e-05,0.266612708568573,3800000.0,-0.021837478503584862,-0.0045575909316539764,-0.027958162128925323,0.5433576107025146,0.22328761219978333,-3.194140672683716,9552.4453125,19.508636474609375,48.02397537231445,67.5326156616211,296.1531982421875,-155.33287048339844
7.732858657836914,25.940000534057617,1000.0,190.0,0.0863206759095192,0.021136634051799774,12.0,0.9982350468635559,0.9982350468635559,0.9982350468635559,0.021508729085326195,7.080000068526715e-05,0.2640942931175232,3820000.0,-0.01937699131667614,0.002460487186908722,0.03446804732084274,0.6927040219306946,0.14934641122817993,-2.7652781009674072,9608.3681640625,20.350366592407227,35.550567626953125,55.900936126708984,357.7757568359375,617.717529296875
8.56911849975586,30.31999969482422,1000.0,191.0,0.0720997005701065,0.02207053452730179,7.0,0.9999159574508667,0.9999159574508667,0.9999159574508667,0.01987510360777378,6.959999882383272e-05,0.2603517472743988,3840000.0,-0.013227787800133228,0.0061492035165429115,-0.0443684421479702,0.8158552050590515,0.12315118312835693,-2.554598093032837,9648.412109375,19.295944213867188,20.7281551361084,40.02410125732422,499.6989440917969,571.0272827148438
8.612832069396973,23.15999984741211,1000.0,192.0,0.06464876234531403,0.023714864626526833,12.0,0.9995812773704529,0.9995812773704529,0.9995812773704529,0.020366491749882698,6.839999696239829e-05,0.25844353437423706,3860000.0,-0.0201913770288229,-0.0069635892286896706,-0.21145573258399963,0.6728615760803223,-0.14299362897872925,-2.351506233215332,9703.51171875,19.9158935546875,35.16362762451172,55.079524993896484,363.1113586425781,309.7578430175781
8.910049438476562,23.440000534057617,1000.0,193.0,0.0579131618142128,0.020093843340873718,12.0,0.9988436698913574,0.9988436698913574,0.9988436698913574,0.02040422149002552,6.720000237692147e-05,0.25668421387672424,3880000.0,-0.017792372032999992,0.0023990049958229065,0.10314922779798508,0.5500602722167969,-0.12280130386352539,-1.6681923866271973,9761.2236328125,21.96257781982422,35.726829528808594,57.68940734863281,346.68408203125,685.277099609375
7.8913750648498535,34.70000076293945,1000.0,194.0,0.04838808625936508,0.02225016988813877,10.0,0.9988369941711426,0.9988369941711426,0.9988369941711426,0.02084171772003174,6.600000051548705e-05,0.25424709916114807,3900000.0,-0.019303299486637115,-0.001510927453637123,0.31224000453948975,0.6718124151229858,0.12175214290618896,-2.855532169342041,9811.2578125,20.78860855102539,29.22263526916504,50.01124572753906,399.9100646972656,230.056640625
8.158684730529785,36.63999938964844,1000.0,195.0,0.03955942019820213,0.02019128017127514,17.0,1.0002762079238892,1.0002762079238892,1.0002762079238892,0.020356198772788048,6.479999865405262e-05,0.25202736258506775,3920000.0,-0.022657930850982666,-0.0033546313643455505,0.12978479266166687,0.673496663570404,0.0016842484474182129,-2.736541509628296,9881.7958984375,20.203861236572266,50.31283187866211,70.51669311523438,283.62078857421875,-46.58873748779297
8.554525375366211,50.79999923706055,1000.0,196.0,0.029849698767066002,0.02112281322479248,14.0,0.9993210434913635,0.9993210434913635,0.9993210434913635,0.020698919892311096,6.359999679261819e-05,0.24962849915027618,3940000.0,-0.02149328403174877,0.0011646468192338943,0.3984575867652893,0.8695222735404968,0.19602560997009277,-2.8814306259155273,9945.0400390625,20.894433975219727,42.326904296875,63.22227096557617,316.3442077636719,232.88162231445312
8.534003257751465,38.220001220703125,1000.0,197.0,0.017593340948224068,0.025333458557724953,14.0,0.9972519278526306,0.9972519278526306,0.9972519278526306,0.021511387079954147,6.240000220714137e-05,0.24657021462917328,3960000.0,-0.01964876428246498,0.0018445197492837906,-0.0065311528742313385,0.39122122526168823,-0.4783010482788086,-1.282617211341858,10006.646484375,20.75695037841797,40.82733917236328,61.58428955078125,324.7581481933594,645.138427734375
8.919025421142578,42.380001068115234,1000.0,198.0,0.002508957404643297,0.02164781093597412,13.0,0.9991147518157959,0.9991147518157959,0.9991147518157959,0.02128100022673607,6.120000034570694e-05,0.24287055432796478,3980000.0,-0.020145665854215622,-0.0004969015717506409,0.12029407173395157,0.9940364360809326,0.6028152108192444,-3.576129674911499,10064.6494140625,19.646533966064453,38.3348274230957,57.981361389160156,344.93841552734375,189.97927856445312
8.371803283691406,32.900001525878906,1000.0,199.0,-0.0074689374305307865,0.021018927916884422,13.0,0.9995687007904053,0.9995687007904053,0.9995687007904053,0.0206158384680748,5.999999848427251e-05,0.2404719889163971,4000000.0,-0.01935368776321411,0.0007919780910015106,0.29851970076560974,0.3968314230442047,-0.5972050130367279,-1.3341327905654907,10124.5498046875,20.221845626831055,39.65752410888672,59.87936782836914,334.0048522949219,558.32421875
9.005001068115234,35.58000183105469,1000.0,200.0,-0.018183758482336998,0.020611818879842758,12.0,0.9986612796783447,0.9986612796783447,0.9986612796783447,0.021720759570598602,5.880000026081689e-05,0.23790504038333893,4020000.0,-0.019478559494018555,-0.00012487173080444336,0.10409039258956909,0.5981069803237915,0.2012755572795868,-1.8134719133377075,10180.5654296875,20.5095272064209,35.485198974609375,55.994728088378906,357.1764831542969,544.4036254882812
8.823975563049316,36.97999954223633,1000.0,201.0,-0.02539554424583912,0.023483864963054657,12.0,1.0007355213165283,1.0007355213165283,1.0007355213165283,0.019848808646202087,5.759999839938246e-05,0.23623627424240112,4040000.0,-0.020431533455848694,-0.0009529739618301392,-0.12151014804840088,0.5803318023681641,-0.01777517795562744,-2.4929568767547607,10235.5693359375,19.745363235473633,35.236576080322266,54.981937408447266,363.7558288574219,-60.422698974609375
8.928277969360352,28.899999618530273,1000.0,202.0,-0.03143332526087761,0.02221107669174671,11.0,0.9996144771575928,0.9996144771575928,0.9996144771575928,0.021093808114528656,5.6400000175926834e-05,0.23485054075717926,4060000.0,-0.01959296315908432,0.0008385702967643738,0.13691085577011108,0.44444653391838074,-0.13588526844978333,-2.2327842712402344,10288.064453125,19.659931182861328,32.814613342285156,52.474544525146484,381.1371765136719,614.2340698242188
8.869455337524414,33.220001220703125,1000.0,203.0,-0.039616961032152176,0.020456090569496155,13.0,0.9986311197280884,0.9986311197280884,0.9986311197280884,0.020318416878581047,5.5199998314492404e-05,0.23298107087612152,4080000.0,-0.0204390250146389,-0.0008460618555545807,-0.23188157379627228,0.7094579935073853,0.2650114595890045,-3.070641040802002,10346.9541015625,20.416860580444336,38.4512939453125,58.86912155151367,339.7366943359375,345.73431396484375
8.603517532348633,24.18000030517578,1000.0,204.0,-0.04739225283265114,0.0204863753169775,13.0,1.0003104209899902,1.0003104209899902,1.0003104209899902,0.021454256027936935,5.400000009103678e-05,0.23118862509727478,4100000.0,-0.020398374646902084,4.0650367736816406e-05,0.1318613886833191,0.5270518064498901,-0.18240618705749512,-2.1360530853271484,10405.525390625,19.83993148803711,38.71017074584961,58.55010223388672,341.5877990722656,674.5331420898438
8.487730979919434,26.3799991607666,1000.0,205.0,-0.055475860834121704,0.02414499595761299,15.0,0.9975422620773315,0.9975422620773315,0.9975422620773315,0.022455478087067604,5.279999822960235e-05,0.22933083772659302,4120000.0,-0.02069271355867386,-0.0002943389117717743,-0.2114185094833374,0.6969352960586548,0.16988348960876465,-2.9891161918640137,10469.5322265625,19.377685546875,44.60532760620117,63.983009338378906,312.5829772949219,527.8825073242188
8.682703971862793,27.399999618530273,1000.0,206.0,-0.06227822229266167,0.02003319188952446,16.0,1.0016790628433228,1.0016790628433228,1.0016790628433228,0.02102017216384411,5.160000000614673e-05,0.22772420942783356,4140000.0,-0.022467678412795067,-0.0017749648541212082,-0.23112882673740387,0.4327920079231262,-0.26414328813552856,-1.0109564065933228,10537.5126953125,21.07659149169922,46.881343841552734,67.95793151855469,294.2997131347656,276.78009033203125
8.006718635559082,34.400001525878906,1000.0,207.0,-0.07059979438781738,0.021469106897711754,14.0,0.997221827507019,0.997221827507019,0.997221827507019,0.02041742019355297,5.0400001782691106e-05,0.22588637471199036,4160000.0,-0.022855430841445923,-0.000387752428650856,0.22888460755348206,0.7008888721466064,0.2680968642234802,-3.619124174118042,10598.0732421875,19.418231964111328,41.11996078491211,60.53818893432617,330.3699645996094,99.48159790039062
8.411367416381836,33.52000045776367,1000.0,208.0,-0.07999247312545776,0.020736580714583397,15.0,0.9980089068412781,0.9980089068412781,0.9980089068412781,0.020515982061624527,4.9199999921256676e-05,0.22381974756717682,4180000.0,-0.02093319594860077,0.0019222348928451538,-0.32221776247024536,0.36203721165657043,-0.338851660490036,-0.5582835078239441,10662.25390625,19.252321243286133,44.90555953979492,64.15788269042969,311.7309875488281,691.5413818359375
8.250393867492676,30.360000610351562,1000.0,209.0,-0.09402157366275787,0.02018493413925171,15.0,0.9996173977851868,0.9996173977851868,0.9996173977851868,0.02039952017366886,4.8000001697801054e-05,0.22073031961917877,4200000.0,-0.021086083725094795,-0.00015288777649402618,0.12401540577411652,0.5785963535308838,0.21655914187431335,-2.6800780296325684,10726.275390625,20.116111755371094,43.883182525634766,63.99929428100586,312.5034484863281,270.33294677734375
9.204172134399414,36.18000030517578,1000.0,210.0,-0.10760856419801712,0.02058517001569271,13.0,0.9981763362884521,0.9981763362884521,0.9981763362884521,0.02080688066780567,4.6799999836366624e-05,0.21779677271842957,4220000.0,-0.021498972550034523,-0.0004128888249397278,-0.11410058289766312,0.6684319376945496,0.08983558416366577,-2.8490750789642334,10783.4677734375,19.323833465576172,37.84496307373047,57.16879653930664,349.8411865234375,99.58698272705078
10.192985534667969,34.040000915527344,1000.0,211.0,-0.1197289451956749,0.02053557150065899,15.0,0.9956804513931274,0.9956804513931274,0.9956804513931274,0.019863037392497063,4.5600001612911e-05,0.21521596610546112,4240000.0,-0.021065859124064445,0.0004331134259700775,-0.24981221556663513,0.42615318298339844,-0.24227875471115112,-1.8828883171081543,10847.181640625,19.09609603881836,44.595340728759766,63.691436767578125,314.0139465332031,523.1390380859375
10.023490905761719,30.020000457763672,1000.0,212.0,-0.12720344960689545,0.021728884428739548,19.0,1.0004431009292603,1.0004431009292603,1.0004431009292603,0.021011067554354668,4.439999975147657e-05,0.21361838281154633,4260000.0,-0.020861396566033363,0.00020446255803108215,0.040182601660490036,0.7006515860557556,0.2744984030723572,-2.8803529739379883,10922.7451171875,20.12436294555664,55.418190002441406,75.54254913330078,264.75146484375,573.951171875
8.841090202331543,31.1200008392334,1000.0,213.0,-0.13260877132415771,0.020716151222586632,18.0,1.0006775856018066,1.0006775856018066,1.0006775856018066,0.02155805565416813,4.320000152802095e-05,0.2124723345041275,4280000.0,-0.0232528243213892,-0.002391427755355835,-0.23476862907409668,0.6619271636009216,-0.038724422454833984,-2.8465662002563477,10994.6611328125,19.69269371032715,52.198150634765625,71.89183807373047,278.1956787109375,387.210205078125
7.938300609588623,28.899999618530273,1000.0,214.0,-0.14867360889911652,0.020296800881624222,17.0,0.9968627691268921,0.9968627691268921,0.9968627691268921,0.020232506096363068,4.199999966658652e-05,0.2091127336025238,4300000.0,-0.02262112684547901,0.0006316974759101868,0.09393522888422012,0.5074237585067749,-0.15450340509414673,-1.6408480405807495,11064.1796875,19.540573120117188,49.95514678955078,69.49571990966797,287.7875061035156,538.5214233398438
7.63149881362915,32.52000045776367,1000.0,215.0,-0.16352272033691406,0.02247248776257038,17.0,1.0015846490859985,1.0015846490859985,1.0015846490859985,0.02050301991403103,4.0800001443130895e-05,0.20604918897151947,4320000.0,-0.023478463292121887,-0.0008573364466428757,-0.20217761397361755,0.47547784447669983,-0.03194591403007507,-1.478091835975647,11132.94140625,19.19940757751465,49.5394287109375,68.73883819580078,290.9563293457031,681.3591918945312
7.731358528137207,32.599998474121094,1000.0,216.0,-0.1705525815486908,0.02087355963885784,20.0,0.9994630217552185,0.9994630217552185,0.9994630217552185,0.020992478355765343,3.9599999581696466e-05,0.20459693670272827,4340000.0,-0.025041641667485237,-0.00156317837536335,-0.15681329369544983,0.5216467976570129,0.04616895318031311,-3.461071014404297,11211.875,20.03504753112793,58.87541580200195,78.91046142578125,253.45181274414062,201.50494384765625
6.839144229888916,26.520000457763672,1000.0,217.0,-0.17633962631225586,0.02186763845384121,19.0,1.0004500150680542,1.0004500150680542,1.0004500150680542,0.019662830978631973,3.840000135824084e-05,0.20340827107429504,4360000.0,-0.02409476228058338,0.0009468793869018555,0.060133401304483414,0.335021436214447,-0.18662536144256592,-1.5720500946044922,11285.9462890625,19.526145935058594,54.5208854675293,74.04703521728516,270.0986022949219,673.147705078125
6.102137565612793,27.280000686645508,1000.0,218.0,-0.1834941953420639,0.020780950784683228,17.0,0.9990149736404419,0.9990149736404419,0.9990149736404419,0.01974516548216343,3.719999949680641e-05,0.20192870497703552,4380000.0,-0.02222333289682865,0.0018714293837547302,-0.030082326382398605,0.5426586866378784,0.2076372504234314,-2.2056572437286377,11354.6328125,19.168540954589844,49.494163513183594,68.66270446777344,291.2789306640625,456.8414001464844
6.620665073394775,33.040000915527344,1000.0,219.0,-0.18271836638450623,0.020061662420630455,21.0,0.9975669980049133,0.9975669980049133,0.9975669980049133,0.020830538123846054,3.600000127335079e-05,0.20208975672721863,4400000.0,-0.025665361434221268,-0.0034420285373926163,-0.399203360080719,0.574607789516449,0.03194910287857056,-3.0379574298858643,11435.2275390625,19.372533798217773,61.19849395751953,80.57102966308594,248.22817993164062,127.32295989990234
7.450779438018799,40.08000183105469,1000.0,220.0,-0.1875545084476471,0.020120177417993546,18.0,0.9976660013198853,0.9976660013198853,0.9976660013198853,0.019621917977929115,3.479999941191636e-05,0.2011255919933319,4420000.0,-0.02289525978267193,0.0027701016515493393,0.051709163933992386,0.47603392601013184,-0.09857386350631714,-2.500922203063965,11507.546875,19.910255432128906,52.38529968261719,72.2955551147461,276.6421813964844,323.3153381347656
7.746772289276123,35.52000045776367,1000.0,221.0,-0.19666944444179535,0.020582864060997963,21.0,0.9993047714233398,0.9993047714233398,0.9993047714233398,0.020037509500980377,3.360000118846074e-05,0.19924822449684143,4440000.0,-0.022535478696227074,0.00035978108644485474,0.038383182138204575,0.4384259879589081,-0.037607938051223755,-2.4330272674560547,11584.3720703125,18.968374252319336,57.834075927734375,76.80245208740234,260.4083557128906,654.9727172851562
8.433937072753906,33.34000015258789,1000.0,222.0,-0.20529915392398834,0.020251480862498283,23.0,1.0004640817642212,1.0004640817642212,1.0004640817642212,0.020672446116805077,3.239999932702631e-05,0.19751672446727753,4460000.0,-0.02390148490667343,-0.0013660062104463577,-0.06237209588289261,0.4711255431175232,0.03269955515861511,-2.472524642944336,11668.78125,19.533145904541016,64.85374450683594,84.38689422607422,237.00363159179688,48.64537048339844
8.580613136291504,32.720001220703125,1000.0,223.0,-0.2159789800643921,0.020248394459486008,24.0,0.9986246824264526,0.9986246824264526,0.9986246824264526,0.02023956924676895,3.1200001103570685e-05,0.19545219838619232,4480000.0,-0.028059223666787148,-0.004157738760113716,-0.040339842438697815,0.6216383576393127,0.15051281452178955,-3.3316612243652344,11754.693359375,18.786563873291016,67.10071563720703,85.88727569580078,232.8633575439453,353.80548095703125
8.176250457763672,40.58000183105469,1000.0,224.0,-0.22237291932106018,0.0207837987691164,29.0,0.9976367354393005,0.9976367354393005,0.9976367354393005,0.020482437685132027,2.9999999242136255e-05,0.1941906213760376,4500000.0,-0.028117245063185692,-5.802139639854431e-05,-0.12164391577243805,0.5831063389778137,-0.03853201866149902,-4.676639080047607,11855.9208984375,19.163536071777344,82.03802490234375,101.2015609741211,197.6254119873047,-28.73638343811035
8.787023544311523,34.619998931884766,1000.0,225.0,-0.23717394471168518,0.020427536219358444,27.0,0.9966793656349182,0.9966793656349182,0.9966793656349182,0.019791042432188988,2.879999919969123e-05,0.19138486683368683,4520000.0,-0.027373455464839935,0.0007437895983457565,0.23504075407981873,0.6221591234207153,0.03905278444290161,-3.503967523574829,11949.6181640625,19.331823348999023,74.33750915527344,93.6693344116211,213.5170440673828,512.2926025390625
9.352187156677246,29.440000534057617,1000.0,226.0,-0.2565431296825409,0.021276157349348068,26.0,0.9989315271377563,0.9989315271377563,0.9989315271377563,0.02007802575826645,2.7599999157246202e-05,0.187721386551857,4540000.0,-0.025618214160203934,0.0017552413046360016,0.01285063847899437,0.8066141605377197,0.1844550371170044,-3.7025234699249268,12041.3916015625,19.590349197387695,72.15938568115234,91.7497329711914,217.98428344726562,465.3116760253906
8.763309478759766,22.139999389648438,1000.0,227.0,-0.272102028131485,0.02066062018275261,32.0,0.9978253841400146,0.9978253841400146,0.9978253841400146,0.02065528929233551,2.6399999114801176e-05,0.18486322462558746,4560000.0,-0.026973821222782135,-0.0013556070625782013,-0.07207469642162323,0.5273303985595703,-0.2792837619781494,-2.383729934692383,12150.685546875,18.797338485717773,90.47039031982422,109.26773071289062,183.03665161132812,548.8733520507812
7.922367095947266,21.15999984741211,1000.0,228.0,-0.2877732813358307,0.020132385194301605,23.0,1.0005007982254028,1.0005007982254028,1.0005007982254028,0.019625863060355186,2.5200000891345553e-05,0.18201296031475067,4580000.0,-0.02325216680765152,0.0037216544151306152,-0.05142395943403244,0.4538237452507019,-0.07350665330886841,-1.3871854543685913,12234.4130859375,19.55951499938965,64.13636016845703,83.69587707519531,238.96038818359375,839.2951049804688
8.162179946899414,21.139999389648438,1000.0,229.0,-0.2982158660888672,0.020643258467316628,28.0,1.0006181001663208,1.0006181001663208,1.0006181001663208,0.01998973824083805,2.4000000848900527e-05,0.18007546663284302,4600000.0,-0.027751367539167404,-0.004499200731515884,-0.49657896161079407,0.4374315142631531,-0.016392230987548828,-1.7073357105255127,12330.341796875,18.937850952148438,76.96588897705078,95.90373992919922,208.54244995117188,499.9498291015625
8.07751178741455,28.18000030517578,1000.0,230.0,-0.30636143684387207,0.02052713744342327,35.0,1.0013813972473145,1.0013813972473145,1.0013813972473145,0.020176086574792862,2.28000008064555e-05,0.1786012202501297,4620000.0,-0.02814694121479988,-0.0003955736756324768,-0.07924722135066986,0.4611082077026367,0.023676693439483643,-2.459106922149658,12446.9931640625,19.31915855407715,97.305419921875,116.62458038330078,171.4904327392578,23.426902770996094
8.574100494384766,29.920000076293945,1000.0,231.0,-0.31604138016700745,0.02006947249174118,27.0,0.9960112571716309,0.9960112571716309,0.9960112571716309,0.019645242020487785,2.1600000764010474e-05,0.17694520950317383,4640000.0,-0.027033444494009018,0.001113496720790863,-0.017822017893195152,0.5987545847892761,0.1376463770866394,-3.6030194759368896,12542.1630859375,18.969650268554688,76.17105102539062,95.14070129394531,210.21498107910156,363.88946533203125
8.756082534790039,36.18000030517578,1000.0,232.0,-0.3278796374797821,0.020710721611976624,33.0,0.9977770447731018,0.9977770447731018,0.9977770447731018,0.019863491877913475,2.0400000721565448e-05,0.17487382888793945,4660000.0,-0.026790596544742584,0.00024284794926643372,0.05869893729686737,0.7364391088485718,0.13768452405929565,-4.019384384155273,12653.4755859375,19.507080078125,91.77884674072266,111.28592681884766,179.7172393798828,219.71652221679688
8.648702621459961,23.65999984741211,1000.0,233.0,-0.3422028422355652,0.020155252888798714,37.0,0.998641848564148,0.998641848564148,0.998641848564148,0.019508376717567444,1.920000067912042e-05,0.17240078747272491,4680000.0,-0.025736115872859955,0.0010544806718826294,-0.020504681393504143,0.27391859889030457,-0.4625205099582672,-0.8206540942192078,12775.98046875,18.76335906982422,103.71546936035156,122.47882843017578,163.2935333251953,875.492431640625
7.657712936401367,20.579999923706055,1000.0,234.0,-0.36157551407814026,0.02015584520995617,31.0,1.0002764463424683,1.0002764463424683,1.0002764463424683,0.01974065788090229,1.8000000636675395e-05,0.1691882610321045,4700000.0,-0.028409823775291443,-0.002673707902431488,-0.05646146833896637,0.36979129910469055,0.09587270021438599,-1.9837915897369385,12879.9609375,19.111536026000977,84.83779907226562,103.94933319091797,192.40142822265625,639.0953979492188
8.324316024780273,12.859999656677246,1000.0,235.0,-0.37579014897346497,0.01970641128718853,40.0,0.9976356625556946,0.9976356625556946,0.9976356625556946,0.01972411945462227,1.680000059423037e-05,0.16688965260982513,4720000.0,-0.02775021456182003,0.0006596092134714127,0.09081394225358963,0.31319233775138855,-0.056598961353302,-2.0828332901000977,13010.1650390625,19.334115982055664,110.84307861328125,130.1772003173828,153.63673400878906,671.1116943359375
8.292871475219727,16.959999084472656,1000.0,236.0,-0.38348662853240967,0.01741546206176281,40.0,1.0010188817977905,1.0010188817977905,1.0010188817977905,0.01840958185493946,1.5600000551785342e-05,0.165636345744133,4740000.0,-0.029175207018852234,-0.0014249924570322037,0.21638517081737518,0.1934460550546646,-0.11974628269672394,-0.24541990458965302,13140.6318359375,18.886463165283203,111.55260467529297,130.43907165527344,153.3282928466797,568.0431518554688
9.27364730834961,19.100000381469727,1000.0,237.0,-0.3849005699157715,0.017251230776309967,40.0,1.0019954442977905,1.0019954442977905,1.0019954442977905,0.0190900731831789,1.4399999599845614e-05,0.16541174054145813,4760000.0,-0.028759237378835678,0.0004159696400165558,0.16541455686092377,0.26763537526130676,0.07418932020664215,-0.8085954189300537,13272.0595703125,18.83512306213379,112.56039428710938,131.3955078125,152.2122039794922,648.3825073242188
8.917675018310547,22.739999771118164,1000.0,238.0,-0.3961601257324219,0.019400550052523613,40.0,1.0002307891845703,1.0002307891845703,1.0002307891845703,0.018850894644856453,1.3199999557400588e-05,0.16357707977294922,4780000.0,-0.02593451738357544,0.0028247199952602386,0.08447697013616562,0.35479891300201416,0.0871635377407074,-1.6336158514022827,13399.43359375,18.884525299072266,108.45932006835938,127.34384155273438,157.0550994873047,681.3452758789062
10.400032043457031,19.18000030517578,1000.0,239.0,-0.4115464985370636,0.017278529703617096,40.0,1.000044345855713,1.000044345855713,1.000044345855713,0.01866447925567627,1.2000000424450263e-05,0.16105714440345764,4800000.0,-0.02582954429090023,0.00010497309267520905,0.09341764450073242,0.3319823741912842,-0.02281653881072998,-1.145443081855774,13528.146484375,18.841482162475586,109.84251403808594,128.68399047851562,155.4194793701172,737.7084350585938
9.584095001220703,28.479999542236328,1000.0,240.0,-0.4163362979888916,0.01514069177210331,40.0,1.0005018711090088,1.0005018711090088,1.0005018711090088,0.017434101551771164,1.0800000382005237e-05,0.16021494567394257,4820000.0,-0.027677742764353752,-0.0018481984734535217,0.06701000034809113,0.37928053736686707,0.047298163175582886,-1.7951076030731201,13657.3212890625,19.171960830688477,109.97029876708984,129.1422576904297,154.86798095703125,249.77291870117188
8.847541809082031,27.299999237060547,1000.0,241.0,-0.4199024438858032,0.015797095373272896,40.0,0.9999391436576843,0.9999391436576843,0.9999391436576843,0.017812181264162064,9.60000033956021e-06,0.15964479744434357,4840000.0,-0.025463150814175606,0.0022145919501781464,0.20842739939689636,0.2777522802352905,-0.10152825713157654,-1.186621069908142,13785.4130859375,18.920907974243164,109.14031982421875,128.0612335205078,156.17529296875,695.6643676757812
7.922195911407471,31.6200008392334,1000.0,242.0,-0.42400234937667847,0.013462712056934834,40.0,1.0010707378387451,1.0010707378387451,1.0010707378387451,0.016842897981405258,8.400000297115184e-06,0.15896233916282654,4860000.0,-0.023247631266713142,0.0022155195474624634,0.03415277600288391,0.4327600300312042,0.1550077497959137,-1.334213137626648,13913.2001953125,19.32079315185547,108.4330062866211,127.75381469726562,156.5511016845703,318.8258972167969
8.807064056396484,19.719999313354492,1000.0,243.0,-0.4339984059333801,0.013506965711712837,40.0,0.9973325729370117,0.9973325729370117,0.9973325729370117,0.01601778157055378,7.199999799922807e-06,0.15736991167068481,4880000.0,-0.021843699738383293,0.0014039315283298492,0.2632378041744232,0.2613508999347687,-0.17140913009643555,-0.1592644304037094,14043.04296875,19.23320770263672,110.57752227783203,129.81072998046875,154.07046508789062,897.8109130859375
8.963107109069824,24.399999618530273,1000.0,244.0,-0.44329583644866943,0.011780745349824429,40.0,0.9996107220649719,0.9996107220649719,0.9996107220649719,0.015496176667511463,6.000000212225132e-06,0.15592071413993835,4900000.0,-0.021991580724716187,-0.00014788098633289337,-0.3214370608329773,0.32702675461769104,0.06567585468292236,-0.7916024327278137,14169.98046875,19.028223037719727,107.87877655029297,126.90699768066406,157.59571838378906,580.706298828125
9.019123077392578,18.440000534057617,1000.0,245.0,-0.44876828789711,0.011777185834944248,40.0,0.9981065392494202,0.9981065392494202,0.9981065392494202,0.01532170083373785,4.800000169780105e-06,0.15510006248950958,4920000.0,-0.02060523070394993,0.0013863500207662582,0.12969928979873657,0.43231579661369324,0.1052890419960022,-1.4095070362091064,14298.359375,19.24601936340332,109.10111236572266,128.34713745117188,155.827392578125,711.4234619140625
7.344818592071533,24.479999542236328,1000.0,246.0,-0.45290952920913696,0.009427928365767002,40.0,0.9997925758361816,0.9997925758361816,0.9997925758361816,0.013687067665159702,3.5999998999614036e-06,0.15447677671909332,4940000.0,-0.018890710547566414,0.0017145201563835144,-0.0257701575756073,0.3209177255630493,-0.11139807105064392,-1.4075677394866943,14426.625,18.93622589111328,109.2970962524414,128.2333221435547,155.9656982421875,287.6341247558594
8.125171661376953,24.6200008392334,1000.0,247.0,-0.4555721879005432,0.007709309924393892,40.0,1.0003454685211182,1.0003454685211182,1.0003454685211182,0.012751014903187752,2.4000000848900527e-06,0.15406155586242676,4960000.0,-0.016061685979366302,0.0028290245682001114,-0.032196998596191406,0.30572596192359924,-0.015191763639450073,-0.8958191275596619,14555.5,18.860742568969727,109.97583770751953,128.83657836914062,155.23541259765625,694.766357421875
8.52365493774414,25.059999465942383,1000.0,248.0,-0.45766422152519226,0.006536170374602079,40.0,1.0004651546478271,1.0004651546478271,1.0004651546478271,0.012288994155824184,1.2000000424450263e-06,0.15373794734477997,4980000.0,-0.014059070497751236,0.0020026154816150665,0.14507964253425598,0.4237493872642517,0.11802342534065247,-1.7640833854675293,14682.84375,18.871715545654297,108.44103240966797,127.31275177001953,157.0934600830078,530.3803100585938
8.964709281921387,27.68000030517578,1000.0,249.0,-0.4585217535495758,0.0039621321484446526,40.0,1.0002902746200562,1.0002902746200562,1.0002902746200562,0.009357187896966934,0.0,0.15360552072525024,5000000.0,-0.009583511389791965,0.0044755591079592705,0.1283106654882431,0.5644925832748413,0.1407431960105896,-3.3451225757598877,14810.4609375,18.71817970275879,108.86991882324219,127.58809661865234,156.7544403076172,353.44873046875
