Metrics/EpRet,Metrics/EpCost,Metrics/EpLen,Train/Epoch,Train/Entropy,Train/KL,Train/StopIter,Train/PolicyRatio,Train/PolicyRatio/Min,Train/PolicyRatio/Max,Train/PolicyRatio/Std,Train/LR,Train/PolicyStd,TotalEnvSteps,Loss/Loss_pi,Loss/Loss_pi/Delta,Value/Adv,Loss/Loss_reward_critic,Loss/Loss_reward_critic/Delta,Value/reward,Time/Total,Time/Rollout,Time/Update,Time/Epoch,Time/FPS,Metrics/EpBudget
-4.6771240234375,17.25,1000.0,0.0,1.421027660369873,0.00789342075586319,40.0,0.9999868869781494,0.9999868869781494,0.9999868869781494,0.013724911026656628,0.00029880000511184335,1.0020955801010132,20000.0,-0.00737769715487957,-0.00737769715487957,-0.06558026373386383,0.07342514395713806,0.07342514395713806,0.1407712996006012,141.10250854492188,20.044158935546875,121.058349609375,141.10250854492188,141.7409210205078,432.73223876953125
-5.025877952575684,16.8125,1000.0,1.0,1.4295768737792969,0.00817118026316166,40.0,1.0003995895385742,1.0003995895385742,1.0003995895385742,0.01357435155659914,0.0002975999959744513,1.0106990337371826,40000.0,-0.008085357956588268,-0.0007076608017086983,0.12924498319625854,0.12366443127393723,0.050239287316799164,-0.9265144467353821,283.055419921875,21.476539611816406,120.44331359863281,141.91986083984375,140.9246063232422,425.02197265625
-4.600277423858643,28.33333396911621,1000.0,2.0,1.4229077100753784,0.008834377862513065,40.0,0.9992818236351013,0.9992818236351013,0.9992818236351013,0.01458614133298397,0.00029639998683705926,1.0039812326431274,60000.0,-0.013016517274081707,-0.004931159317493439,-0.05853348225355148,0.3597445785999298,0.23608014732599258,-3.15381121635437,425.8514709472656,20.844390869140625,121.91947174072266,142.76385498046875,140.0914764404297,-703.489013671875
-4.394897937774658,28.8799991607666,1000.0,3.0,1.4220854043960571,0.011278090998530388,40.0,1.0006725788116455,1.0006725788116455,1.0006725788116455,0.015785280615091324,0.00029520000680349767,1.0031647682189941,80000.0,-0.014571418054401875,-0.0015549007803201675,0.12764769792556763,0.18429754674434662,-0.1754470318555832,-2.137960910797119,569.6405029296875,22.304107666015625,121.45352935791016,143.75762939453125,139.123046875,327.86517333984375
-3.544823408126831,29.760000228881836,1000.0,4.0,1.4161505699157715,0.014485311694443226,40.0,1.0001081228256226,1.0001081228256226,1.0001081228256226,0.01725825108587742,0.00029399999766610563,0.9972241520881653,100000.0,-0.01794937252998352,-0.003377954475581646,0.03086845576763153,0.16532084345817566,-0.01897670328617096,-1.7155011892318726,712.7843017578125,22.79734992980957,120.3126220703125,143.10997009277344,139.75267028808594,586.72021484375
-3.167323589324951,24.0,1000.0,5.0,1.4075191020965576,0.018721356987953186,40.0,0.9994038343429565,0.9994038343429565,0.9994038343429565,0.0187534186989069,0.0002927999885287136,0.9886490702629089,120000.0,-0.021485352888703346,-0.0035359803587198257,0.08475867658853531,0.2714229226112366,0.10610207915306091,-3.1302549839019775,855.6456909179688,20.488548278808594,122.3401870727539,142.8287353515625,140.02784729003906,210.1123809814453
-2.8854260444641113,25.3799991607666,1000.0,6.0,1.399444580078125,0.01873665861785412,40.0,0.9995008111000061,0.9995008111000061,0.9995008111000061,0.019659269601106644,0.000291600008495152,0.9806994199752808,140000.0,-0.02140437625348568,8.097663521766663e-05,-0.02146517112851143,0.4168936312198639,0.14547070860862732,-4.0683722496032715,998.0851440429688,19.617630004882812,122.78718566894531,142.40481567382812,140.44468688964844,63.32764434814453
-2.577435255050659,25.65999984741211,1000.0,7.0,1.3967846632003784,0.021666619926691055,21.0,0.9990363121032715,0.9990363121032715,0.9990363121032715,0.02110578492283821,0.00029039999935775995,0.9781030416488647,160000.0,-0.016357842832803726,0.005046533420681953,0.05317611247301102,0.4344647526741028,0.01757112145423889,-3.4095160961151123,1084.6474609375,21.922954559326172,64.60792541503906,86.53087615966797,231.13136291503906,583.0264282226562
-2.140836238861084,25.100000381469727,1000.0,8.0,1.3906084299087524,0.020541997626423836,23.0,0.9996834397315979,0.9996834397315979,0.9996834397315979,0.02029159665107727,0.0002891999902203679,0.9720869660377502,180000.0,-0.016921555623412132,-0.0005637127906084061,0.030812734737992287,0.4663521349430084,0.03188738226890564,-3.6042640209198,1178.647216796875,21.463781356811523,72.50834655761719,93.97212982177734,212.8290557861328,358.754638671875
-1.846433401107788,20.479999542236328,1000.0,9.0,1.378710150718689,0.0230448879301548,20.0,0.999904453754425,0.999904453754425,0.999904453754425,0.02132553420960903,0.0002880000101868063,0.9606207609176636,200000.0,-0.016732988879084587,0.00018856674432754517,0.07181982696056366,0.3109450936317444,-0.15540704131126404,-2.7378811836242676,1262.74560546875,21.97148895263672,62.0985221862793,84.07000732421875,237.89695739746094,562.3599853515625
-1.7965431213378906,21.299999237060547,1000.0,10.0,1.3755923509597778,0.020960567519068718,27.0,0.9991521835327148,0.9991521835327148,0.9991521835327148,0.021656012162566185,0.0002868000010494143,0.9575904607772827,220000.0,-0.019717641174793243,-0.0029846522957086563,-0.4350226819515228,0.3809477388858795,0.07000264525413513,-3.394406318664551,1367.5645751953125,21.07317352294922,83.71924591064453,104.79241943359375,190.85350036621094,332.3033447265625
-1.6176098585128784,23.15999984741211,1000.0,11.0,1.3618590831756592,0.020535457879304886,12.0,0.9978823661804199,0.9978823661804199,0.9978823661804199,0.020269669592380524,0.00028559999191202223,0.9445423483848572,240000.0,-0.012510823085904121,0.007206818088889122,0.23048624396324158,0.5315064191818237,0.1505586802959442,-4.176105499267578,1427.485595703125,23.359601974487305,36.53386306762695,59.89346694946289,333.9262390136719,513.0316772460938
-1.2696682214736938,23.579999923706055,1000.0,12.0,1.3488205671310425,0.02113920822739601,9.0,0.998996376991272,0.998996376991272,0.998996376991272,0.020075326785445213,0.00028440001187846065,0.9322947859764099,260000.0,-0.010255380533635616,0.002255442552268505,-0.4511104226112366,0.5656182765960693,0.034111857414245605,-2.88824725151062,1478.91259765625,22.447368621826172,28.953041076660156,51.40040969848633,389.1019592285156,556.587158203125
-0.5443682670593262,21.639999389648438,1000.0,13.0,1.3461188077926636,0.023227712139487267,12.0,0.9995768666267395,0.9995768666267395,0.9995768666267395,0.021390506997704506,0.0002832000027410686,0.9297916293144226,280000.0,-0.014093446545302868,-0.0038380660116672516,-0.1324194073677063,0.4063694179058075,-0.15924885869026184,-2.4366602897644043,1537.1260986328125,20.747093200683594,37.446441650390625,58.19353103637695,343.6808166503906,649.591064453125
0.059793125838041306,22.81999969482422,1000.0,14.0,1.346068024635315,0.021318653598427773,20.0,1.000400424003601,1.000400424003601,1.000400424003601,0.02140977419912815,0.00028199999360367656,0.9297245740890503,300000.0,-0.018259115517139435,-0.004165668971836567,-0.2830237150192261,0.3301723003387451,-0.07619711756706238,-1.990490436553955,1618.177978515625,21.285648345947266,59.745277404785156,81.03092193603516,246.81935119628906,340.2741394042969
0.37570175528526306,19.899999618530273,1000.0,15.0,1.3268121480941772,0.02149713784456253,7.0,0.9990485906600952,0.9990485906600952,0.9990485906600952,0.0205471683293581,0.00028080001357011497,0.9120163321495056,320000.0,-0.0087362639605999,0.009522851556539536,-0.2526867985725403,0.3774600327014923,0.04728773236274719,-2.0929088592529297,1663.6341552734375,24.255321502685547,21.172779083251953,45.4281005859375,440.2561340332031,550.69384765625
0.34592974185943604,17.260000228881836,1000.0,16.0,1.3171508312225342,0.02279992401599884,11.0,0.998935878276825,0.998935878276825,0.998935878276825,0.021572107449173927,0.0002796000044327229,0.9032309055328369,340000.0,-0.010907922871410847,-0.0021716589108109474,-0.07444535940885544,0.29963016510009766,-0.07782986760139465,-1.556821346282959,1717.22900390625,19.67974281311035,33.896766662597656,53.57651138305664,373.29791259765625,942.0338134765625
0.30653589963912964,15.9399995803833,1000.0,17.0,1.3200887441635132,0.02146214060485363,12.0,0.999534547328949,0.999534547328949,0.999534547328949,0.02261282131075859,0.0002783999952953309,0.9058913588523865,360000.0,-0.014075526036322117,-0.00316760316491127,0.17370730638504028,0.38752251863479614,0.08789235353469849,-2.662764549255371,1774.499267578125,21.90011215209961,35.348968505859375,57.24907684326172,349.3506164550781,600.8087158203125
0.49640801548957825,15.279999732971191,1000.0,18.0,1.3199108839035034,0.023458579555153847,14.0,1.0001217126846313,1.0001217126846313,1.0001217126846313,0.02209256775677204,0.00027719998615793884,0.9057252407073975,380000.0,-0.014979060739278793,-0.0009035347029566765,-0.1495756208896637,0.39812564849853516,0.010603129863739014,-1.6921806335449219,1838.7252197265625,21.107322692871094,43.09762954711914,64.2049560546875,311.50244140625,551.8370971679688
0.6320108771324158,14.680000305175781,1000.0,19.0,1.3016517162322998,0.020250719040632248,9.0,0.9996336698532104,0.9996336698532104,0.9996336698532104,0.021991020068526268,0.00027600000612437725,0.8893571496009827,400000.0,-0.011109678074717522,0.0038693826645612717,-0.14700211584568024,0.2722756862640381,-0.12584996223449707,-1.2300026416778564,1886.777587890625,20.433319091796875,27.59691619873047,48.030235290527344,416.4043884277344,967.767822265625
0.803028404712677,17.639999389648438,1000.0,20.0,1.2909084558486938,0.025025948882102966,14.0,1.0023447275161743,1.0023447275161743,1.0023447275161743,0.021058430895209312,0.0002747999969869852,0.8799143433570862,420000.0,-0.0168982595205307,-0.005788581445813179,1.50240957736969e-05,0.23274371027946472,-0.039531975984573364,-1.5255978107452393,1950.722900390625,21.75237464904785,42.170997619628906,63.92436218261719,312.8697814941406,444.5842590332031
1.1470586061477661,11.65999984741211,1000.0,21.0,1.2832955121994019,0.02213921956717968,4.0,0.999924898147583,0.999924898147583,0.999924898147583,0.01968930847942829,0.00027359998784959316,0.8732113838195801,440000.0,-0.0030538674909621477,0.013844392029568553,0.31332284212112427,0.17119334638118744,-0.06155036389827728,-0.9758424758911133,1985.313232421875,21.83949089050293,12.729866027832031,34.569358825683594,578.5470581054688,959.4707641601562
1.3716533184051514,16.899999618530273,1000.0,22.0,1.2708635330200195,0.022343935444951057,6.0,1.000199556350708,1.000199556350708,1.000199556350708,0.020161684602499008,0.0002724000078160316,0.8623766303062439,460000.0,-0.008760632947087288,-0.00570676545612514,-0.005872562527656555,0.5092450976371765,0.3380517512559891,-1.544281244277954,2023.7352294921875,20.61524772644043,17.786460876464844,38.4027099609375,520.7965698242188,577.211669921875
1.3822270631790161,13.619999885559082,1000.0,23.0,1.2699034214019775,0.0264077540487051,14.0,1.001627802848816,1.001627802848816,1.001627802848816,0.02154422551393509,0.00027119999867863953,0.8615448474884033,480000.0,-0.01651105098426342,-0.007750418037176132,0.10853451490402222,0.2906882166862488,-0.21855688095092773,-1.3987406492233276,2087.72802734375,21.504024505615234,42.469627380371094,63.97365188598633,312.62872314453125,569.0389404296875
1.2981377840042114,21.1200008392334,1000.0,24.0,1.2752149105072021,0.023624910041689873,12.0,1.0002801418304443,1.0002801418304443,1.0002801418304443,0.02108526974916458,0.0002699999895412475,0.8661743402481079,500000.0,-0.014129617251455784,0.0023814337328076363,-0.03462092950940132,0.22143708169460297,-0.06925113499164581,-1.0031185150146484,2144.83740234375,20.737998962402344,36.34935760498047,57.08735656738281,350.34027099609375,555.6055908203125
1.0400381088256836,18.440000534057617,1000.0,25.0,1.2703078985214233,0.024342404678463936,1.0,1.000866413116455,1.000866413116455,1.000866413116455,0.018571531400084496,0.0002688000095076859,0.8619143962860107,520000.0,0.006376645993441343,0.020506263244897127,-0.2831280529499054,0.24347089231014252,0.02203381061553955,-0.6663939356803894,2169.08837890625,21.12081527709961,3.109571695327759,24.23038673400879,825.4098510742188,772.9876098632812
1.2133984565734863,19.3799991607666,1000.0,26.0,1.2662596702575684,0.020607907325029373,1.0,0.9988996982574463,0.9988996982574463,0.9988996982574463,0.01975269429385662,0.00026760000037029386,0.8584312200546265,540000.0,0.0036895310040563345,-0.002687114989385009,-0.06089581549167633,0.35085922479629517,0.10738833248615265,-0.7809467315673828,2192.590576171875,20.471385955810547,3.0137016773223877,23.485088348388672,851.604248046875,717.8345336914062
1.3839802742004395,18.579999923706055,1000.0,27.0,1.2645695209503174,0.021991180256009102,12.0,1.0001078844070435,1.0001078844070435,1.0001078844070435,0.020627787336707115,0.0002663999912329018,0.8570358753204346,560000.0,-0.012622131034731865,-0.0163116620387882,0.27319392561912537,0.22273242473602295,-0.12812680006027222,-1.0548248291015625,2250.38232421875,20.80072593688965,36.974029541015625,57.77475357055664,346.1719665527344,573.9754028320312
1.8114891052246094,20.81999969482422,1000.0,28.0,1.2576234340667725,0.025020375847816467,3.0,0.9996616840362549,0.9996616840362549,0.9996616840362549,0.020562732592225075,0.0002652000111993402,0.8512420058250427,580000.0,-0.0021467001643031836,0.010475430870428681,-0.009008286520838737,0.2393035739660263,0.016571149230003357,-0.767662763595581,2279.2333984375,20.048189163208008,8.780889511108398,28.829078674316406,693.7439575195312,747.5581665039062
1.6578669548034668,19.84000015258789,1000.0,29.0,1.25179922580719,0.023382039740681648,1.0,1.0002940893173218,1.0002940893173218,1.0002940893173218,0.020661190152168274,0.0002640000020619482,0.8463336825370789,600000.0,0.004401008132845163,0.006547708297148347,-0.02290879562497139,0.5930722951889038,0.3537687212228775,-1.6529899835586548,2303.689208984375,21.241992950439453,3.195613384246826,24.437604904174805,818.4107666015625,692.198486328125
1.5292590856552124,20.1200008392334,1000.0,30.0,1.2473385334014893,0.020336894318461418,14.0,1.0005872249603271,1.0005872249603271,1.0005872249603271,0.02200605347752571,0.00026279999292455614,0.8425942063331604,620000.0,-0.01354670338332653,-0.017947711516171694,-0.0042213089764118195,0.21904651820659637,-0.37402577698230743,-1.0831516981124878,2368.259521484375,21.37141227722168,43.180667877197266,64.55207824707031,309.82733154296875,868.2068481445312
1.38213312625885,10.979999542236328,1000.0,31.0,1.2480376958847046,0.02909136936068535,3.0,0.998131513595581,0.998131513595581,0.998131513595581,0.023982129991054535,0.00026160001289099455,0.8432738184928894,640000.0,-0.0008833521278575063,0.012663351255469024,0.04076065495610237,0.35197654366493225,0.13293002545833588,-1.1004425287246704,2398.533447265625,21.307327270507812,8.933600425720215,30.240928649902344,661.3553466796875,961.041259765625
1.1513371467590332,15.180000305175781,1000.0,32.0,1.2488868236541748,0.020651422441005707,18.0,1.0040032863616943,1.0040032863616943,1.0040032863616943,0.02092045731842518,0.0002604000037536025,0.8442176580429077,660000.0,-0.017149537801742554,-0.016266185673885047,-0.1824410855770111,0.131522536277771,-0.22045400738716125,-0.09770132601261139,2472.7978515625,21.169044494628906,53.07808303833008,74.24713134765625,269.3706970214844,534.4285888671875
1.4057153463363647,18.81999969482422,1000.0,33.0,1.2485511302947998,0.020108787342905998,17.0,1.0022116899490356,1.0022116899490356,1.0022116899490356,0.021291926503181458,0.00025919999461621046,0.8440391421318054,680000.0,-0.021432355046272278,-0.004282817244529724,-0.0024502165615558624,0.1332991123199463,0.001776576042175293,-0.7240175008773804,2546.189697265625,22.51034927368164,50.85714340209961,73.36749267578125,272.6003112792969,530.3421630859375
1.4789535999298096,22.579999923706055,1000.0,34.0,1.2592467069625854,0.020242534577846527,15.0,1.0013703107833862,1.0013703107833862,1.0013703107833862,0.020948603749275208,0.0002579999854788184,0.8532595634460449,700000.0,-0.01972075179219246,0.0017116032540798187,-0.23152676224708557,0.10287254303693771,-0.030426569283008575,-0.41377007961273193,2611.142333984375,19.713350296020508,45.21582794189453,64.9291763305664,308.0279235839844,590.5746459960938
1.3871512413024902,19.360000610351562,1000.0,35.0,1.2506753206253052,0.02184058539569378,15.0,1.0038044452667236,1.0038044452667236,1.0038044452667236,0.022422559559345245,0.00025680000544525683,0.8457688689231873,720000.0,-0.01832306571304798,0.0013976860791444778,-0.14870287477970123,0.1127856895327568,0.009913146495819092,-0.5304391384124756,2676.6103515625,21.544754028320312,43.899070739746094,65.4438247680664,305.6056213378906,887.0376586914062
1.9037539958953857,16.040000915527344,1000.0,36.0,1.243360161781311,0.021191829815506935,18.0,1.003196120262146,1.003196120262146,1.003196120262146,0.021807219833135605,0.0002555999963078648,0.839333713054657,740000.0,-0.02134009636938572,-0.003017030656337738,0.22183561325073242,0.1513710469007492,0.0385853573679924,-0.8872362375259399,2753.2578125,23.125816345214844,53.499549865722656,76.6253662109375,261.0101623535156,543.934814453125
1.8148295879364014,13.680000305175781,1000.0,37.0,1.245233416557312,0.021654319018125534,14.0,1.0042990446090698,1.0042990446090698,1.0042990446090698,0.022794192656874657,0.00025439998717047274,0.8410096168518066,760000.0,-0.017519168555736542,0.0038209278136491776,0.15829800069332123,0.10037383437156677,-0.050997212529182434,-0.46794506907463074,2816.688232421875,21.738550186157227,41.66881561279297,63.40736770629883,315.4207458496094,845.8294677734375
2.2339560985565186,12.960000038146973,1000.0,38.0,1.239101529121399,0.02242160215973854,13.0,1.0015084743499756,1.0015084743499756,1.0015084743499756,0.022114139050245285,0.00025320000713691115,0.8359640836715698,780000.0,-0.01551799662411213,0.0020011719316244125,0.09650091081857681,0.2023155689239502,0.10194173455238342,-0.8810877203941345,2876.910400390625,21.098251342773438,39.102691650390625,60.20094680786133,332.220703125,844.8770751953125
2.1215903759002686,14.479999542236328,1000.0,39.0,1.2336548566818237,0.02085920423269272,9.0,1.0005706548690796,1.0005706548690796,1.0005706548690796,0.0221248771995306,0.0002519999979995191,0.8315038084983826,800000.0,-0.014197130687534809,0.00132086593657732,0.12095741182565689,0.33756542205810547,0.13524985313415527,-1.211084246635437,2924.774169921875,20.311439514160156,27.53228759765625,47.843727111816406,418.0276184082031,773.2957763671875
2.694009304046631,16.31999969482422,1000.0,40.0,1.2315329313278198,0.024472441524267197,14.0,1.0017030239105225,1.0017030239105225,1.0017030239105225,0.02202799543738365,0.00025079998886212707,0.829606831073761,820000.0,-0.018887238577008247,-0.004690107889473438,-0.009644849225878716,0.19699545204639435,-0.14056997001171112,-1.1045619249343872,2987.091552734375,20.469545364379883,41.82762145996094,62.29716491699219,321.0419006347656,642.8566284179688
3.139565944671631,24.0,1000.0,41.0,1.2373836040496826,0.02189747430384159,15.0,1.0005229711532593,1.0005229711532593,1.0005229711532593,0.02271258644759655,0.0002496000088285655,0.834463894367218,840000.0,-0.019173340871930122,-0.000286102294921875,-0.07823127508163452,0.26372474431991577,0.06672929227352142,-1.4487518072128296,3052.764404296875,20.325536727905273,45.32516098022461,65.65069580078125,304.6426086425781,236.7025604248047
3.6822826862335205,21.959999084472656,1000.0,42.0,1.2331647872924805,0.021392185240983963,1.0,1.0014078617095947,1.0014078617095947,1.0014078617095947,0.02427903190255165,0.00024839999969117343,0.8309094905853271,860000.0,0.008146350271999836,0.02731969114392996,-0.02180228941142559,0.4138687252998352,0.15014398097991943,-0.8351258039474487,3076.04248046875,20.23797035217285,3.0124218463897705,23.250391006469727,860.2005615234375,681.9824829101562
3.595113754272461,25.520000457763672,1000.0,43.0,1.2298082113265991,0.021426396444439888,11.0,0.998959481716156,0.998959481716156,0.998959481716156,0.021431174129247665,0.0002471999905537814,0.8281515836715698,880000.0,-0.01338451262563467,-0.021530862897634506,-0.21522894501686096,0.6008161902427673,0.18694746494293213,-2.239410638809204,3130.2001953125,21.40223503112793,32.73792266845703,54.14015579223633,369.41156005859375,695.1141357421875
3.1732072830200195,20.31999969482422,1000.0,44.0,1.2277337312698364,0.021234693005681038,8.0,0.9993494749069214,0.9993494749069214,0.9993494749069214,0.022677147760987282,0.0002460000105202198,0.8265460729598999,900000.0,-0.013093313202261925,0.0002911994233727455,0.12757790088653564,0.4838465452194214,-0.11696964502334595,-1.123669147491455,3175.242919921875,21.191923141479492,23.827266693115234,45.02019119262695,444.2451171875,683.7376098632812
2.5160434246063232,25.399999618530273,1000.0,45.0,1.2231214046478271,0.02002997323870659,15.0,1.0003650188446045,1.0003650188446045,1.0003650188446045,0.021311400458216667,0.00024480000138282776,0.822639524936676,920000.0,-0.01959771104156971,-0.006504397839307785,-0.12892012298107147,0.5458000898361206,0.06195354461669922,-2.8571231365203857,3242.212890625,20.97059440612793,45.98015213012695,66.95074462890625,298.72705078125,274.55322265625
2.4835779666900635,20.5,1000.0,46.0,1.2212772369384766,0.020031655207276344,3.0,0.9993186593055725,0.9993186593055725,0.9993186593055725,0.02018875814974308,0.00024360000679735094,0.8211928606033325,940000.0,-0.003456272417679429,0.01614143862389028,0.03336717188358307,0.5078726410865784,-0.037927448749542236,-1.8705785274505615,3271.771240234375,19.690231323242188,9.846092224121094,29.53632354736328,677.13232421875,688.5121459960938
2.9125866889953613,20.860000610351562,1000.0,47.0,1.2129929065704346,0.024666039273142815,4.0,1.000486969947815,1.000486969947815,1.000486969947815,0.019950654357671738,0.0002423999976599589,0.8144684433937073,960000.0,-0.006074674893170595,-0.002618402475491166,-0.11458352208137512,0.43314772844314575,-0.07472491264343262,-0.6697489619255066,3304.904541015625,20.759435653686523,12.355892181396484,33.115325927734375,603.949951171875,933.1686401367188
3.1755282878875732,15.079999923706055,1000.0,48.0,1.194278597831726,0.021643882617354393,11.0,0.9986663460731506,0.9986663460731506,0.9986663460731506,0.020962022244930267,0.00024120000307448208,0.7994856834411621,980000.0,-0.014830750413239002,-0.008756075520068407,0.286420077085495,0.25385117530822754,-0.1792965531349182,-0.5443121790885925,3358.798583984375,20.93927574157715,32.934600830078125,53.873878479003906,371.2374267578125,955.633544921875
3.1842098236083984,34.540000915527344,1000.0,49.0,1.1939473152160645,0.02003650926053524,18.0,1.0023661851882935,1.0023661851882935,1.0023661851882935,0.02265884354710579,0.00023999999393709004,0.7991669774055481,1000000.0,-0.024856986477971077,-0.010026236064732075,-0.28874722123146057,0.3301100730895996,0.07625889778137207,-1.3154246807098389,3433.77685546875,21.765382766723633,53.19137191772461,74.95675659179688,266.8205261230469,-54.10906982421875
3.289095401763916,28.459999084472656,1000.0,50.0,1.1889625787734985,0.020359613001346588,11.0,0.999021053314209,0.999021053314209,0.999021053314209,0.02229257859289646,0.00023879999935161322,0.7952415347099304,1020000.0,-0.016187701374292374,0.008669285103678703,0.008495498448610306,0.22274693846702576,-0.10736313462257385,-0.7040890455245972,3488.520263671875,21.076141357421875,33.6413688659668,54.71751022338867,365.5137023925781,933.6519165039062
3.5783188343048096,31.020000457763672,1000.0,51.0,1.1772358417510986,0.024298574775457382,7.0,1.0004042387008667,1.0004042387008667,1.0004042387008667,0.02182788960635662,0.0002376000047661364,0.7859662175178528,1040000.0,-0.01263395044952631,0.0035537509247660637,0.31070634722709656,0.30788078904151917,0.08513385057449341,-1.263407588005066,3529.550048828125,19.84859848022461,21.16054344177246,41.00920867919922,487.6953430175781,848.1534423828125
3.982351303100586,23.520000457763672,1000.0,52.0,1.1656147241592407,0.02002652734518051,9.0,1.000103235244751,1.000103235244751,1.000103235244751,0.021470535546541214,0.00023639999562874436,0.7767155170440674,1060000.0,-0.016238918527960777,-0.0036049680784344673,-0.05449192225933075,0.3779613971710205,0.07008060812950134,-1.8704583644866943,3578.261962890625,21.37102699279785,27.321399688720703,48.69242477416992,410.7414855957031,218.64129638671875
3.859687566757202,24.860000610351562,1000.0,53.0,1.1572517156600952,0.020063340663909912,8.0,0.9990694522857666,0.9990694522857666,0.9990694522857666,0.021801240742206573,0.00023520000104326755,0.7703030705451965,1080000.0,-0.011787675321102142,0.004451243206858635,-0.15090718865394592,0.32536807656288147,-0.05259332060813904,-1.3009079694747925,3623.9970703125,21.258316040039062,24.456737518310547,45.71505355834961,437.4926452636719,710.55810546875
3.7508325576782227,32.540000915527344,1000.0,54.0,1.1569472551345825,0.02087521180510521,2.0,0.9999297857284546,0.9999297857284546,0.9999297857284546,0.019732126966118813,0.00023400000645779073,0.7700297236442566,1100000.0,-0.0008268195670098066,0.010960855754092336,-0.07281175255775452,0.6519692540168762,0.32660117745399475,-2.1671385765075684,3652.04248046875,22.008949279785156,6.016373157501221,28.02532196044922,713.6403198242188,399.4110107421875
3.4403839111328125,28.040000915527344,1000.0,55.0,1.1514157056808472,0.027820760384202003,9.0,0.9991523027420044,0.9991523027420044,0.9991523027420044,0.02156743034720421,0.0002327999973203987,0.7659399509429932,1120000.0,-0.013980510644614697,-0.01315369107760489,-0.26399803161621094,0.567538321018219,-0.08443093299865723,-1.9271548986434937,3701.012451171875,22.251903533935547,26.700387954711914,48.952293395996094,408.56103515625,594.1221923828125
3.6236581802368164,26.459999084472656,1000.0,56.0,1.1421184539794922,0.022044995799660683,9.0,0.999097466468811,0.999097466468811,0.999097466468811,0.021423904225230217,0.00023160000273492187,0.7590293884277344,1140000.0,-0.013414772227406502,0.0005657384172081947,-0.009535486809909344,0.34375351667404175,-0.22378480434417725,-1.540595531463623,3748.025146484375,19.428302764892578,27.56239891052246,46.990699768066406,425.6161193847656,824.705322265625
4.1811652183532715,29.059999465942383,1000.0,57.0,1.1379704475402832,0.027914538979530334,1.0,1.0012892484664917,1.0012892484664917,1.0012892484664917,0.019821366295218468,0.00023039999359752983,0.7559905052185059,1160000.0,0.006359923630952835,0.019774695858359337,0.0505107119679451,0.7830102443695068,0.4392567276954651,-1.7903187274932861,3772.086181640625,21.028697967529297,3.0122358798980713,24.04093360900879,831.9144897460938,435.1374816894531
4.032238483428955,23.84000015258789,1000.0,58.0,1.1412783861160278,0.021570120006799698,11.0,1.0024034976959229,1.0024034976959229,1.0024034976959229,0.021687155589461327,0.000229199999012053,0.7583119869232178,1180000.0,-0.014747204259037971,-0.021107127889990807,0.03572528809309006,0.4776345491409302,-0.30537569522857666,-2.296025276184082,3826.0029296875,21.92690658569336,31.973079681396484,53.899986267089844,371.0576171875,660.19921875
4.374532222747803,32.619998931884766,1000.0,59.0,1.1358870267868042,0.020054664462804794,6.0,0.9993827939033508,0.9993827939033508,0.9993827939033508,0.0204656720161438,0.0002280000044265762,0.7544951438903809,1200000.0,-0.010897151194512844,0.0038500530645251274,-0.020552879199385643,0.6057139039039612,0.128079354763031,-1.7339445352554321,3865.3515625,22.18398094177246,17.143234252929688,39.32721710205078,508.5536804199219,233.37399291992188
3.3589844703674316,30.540000915527344,1000.0,60.0,1.1249773502349854,0.02078535407781601,10.0,1.0013295412063599,1.0013295412063599,1.0013295412063599,0.02213641256093979,0.00022679999528918415,0.7464250922203064,1220000.0,-0.015112590976059437,-0.004215439781546593,0.08177511394023895,0.3855302929878235,-0.2201836109161377,-0.9752341508865356,3918.453369140625,22.06723976135254,31.01626968383789,53.08351135253906,376.76483154296875,705.0759887695312
3.4070730209350586,31.100000381469727,1000.0,61.0,1.1091504096984863,0.023822467774152756,5.0,0.9982455968856812,0.9982455968856812,0.9982455968856812,0.021336227655410767,0.00022560000070370734,0.734459400177002,1240000.0,-0.009157472290098667,0.00595511868596077,0.03444250673055649,0.27978864312171936,-0.10574164986610413,-0.5106542706489563,3953.1337890625,20.178071975708008,14.481155395507812,34.65922546386719,577.0469360351562,816.9428100585938
3.2878143787384033,21.1200008392334,1000.0,62.0,1.0984584093093872,0.022256523370742798,6.0,1.000826358795166,1.000826358795166,1.000826358795166,0.02165403589606285,0.00022440000611823052,0.7267094850540161,1260000.0,-0.012007543817162514,-0.0028500715270638466,-0.024119235575199127,0.19755609333515167,-0.08223254978656769,-0.49711373448371887,3991.48193359375,20.81358528137207,17.51637077331543,38.3299560546875,521.7850952148438,667.1611938476562
3.5061776638031006,23.299999237060547,1000.0,63.0,1.1016583442687988,0.02113795094192028,12.0,0.998688280582428,0.998688280582428,0.998688280582428,0.022295702248811722,0.00022319999698083848,0.7291817665100098,1280000.0,-0.01768520660698414,-0.005677662789821625,0.09304414689540863,0.4029044210910797,0.20534832775592804,-2.128124713897705,4049.374267578125,22.2482967376709,35.62544631958008,57.87374496459961,345.5798645019531,277.96380615234375
4.017796993255615,36.02000045776367,1000.0,64.0,1.0920846462249756,0.02076609432697296,8.0,0.9997080564498901,0.9997080564498901,0.9997080564498901,0.021862467750906944,0.00022200000239536166,0.7223272919654846,1300000.0,-0.015255833975970745,0.0024293726310133934,-0.1527918130159378,0.5188256502151489,0.11592122912406921,-2.2479817867279053,4095.376953125,21.399076461791992,24.582000732421875,45.9810791015625,434.9615478515625,162.0961456298828
4.377646446228027,32.279998779296875,1000.0,65.0,1.0715645551681519,0.021518219262361526,8.0,0.9988151788711548,0.9988151788711548,0.9988151788711548,0.021747957915067673,0.00022079999325796962,0.7074906229972839,1320000.0,-0.012568676844239235,0.00268715713173151,-0.3377501964569092,0.45368748903274536,-0.06513816118240356,-1.4447561502456665,4139.06005859375,19.991931915283203,23.66987419128418,43.661808013916016,458.0662536621094,607.1383056640625
3.9800095558166504,30.68000030517578,1000.0,66.0,1.058631181716919,0.020506415516138077,5.0,0.9984219670295715,0.9984219670295715,0.9984219670295715,0.022069808095693588,0.0002195999986724928,0.6982815861701965,1340000.0,-0.007764069829136133,0.004804607015103102,0.12725035846233368,0.4750361442565918,0.021348655223846436,-1.275826096534729,4175.52197265625,21.136816024780273,15.305965423583984,36.44278335571289,548.8055419921875,799.1082763671875
3.9399380683898926,31.6200008392334,1000.0,67.0,1.054368257522583,0.02414843626320362,11.0,1.0009493827819824,1.0009493827819824,1.0009493827819824,0.02202790416777134,0.00021840000408701599,0.695321798324585,1360000.0,-0.017372315749526024,-0.00960824592038989,0.11068762093782425,0.5336503982543945,0.058614253997802734,-2.504425048828125,4228.83837890625,20.61737823486328,32.678871154785156,53.29624938964844,375.26092529296875,-114.15141296386719
4.452563285827637,31.18000030517578,1000.0,68.0,1.0454425811767578,0.020250333473086357,4.0,0.9983496069908142,0.9983496069908142,0.9983496069908142,0.021296385675668716,0.00021719999494962394,0.6892876625061035,1380000.0,-0.00804021954536438,0.009332096204161644,-0.08315626531839371,0.8121271729469299,0.2784767746925354,-2.9433231353759766,4262.08837890625,20.082977294921875,13.144012451171875,33.22698974609375,601.9202880859375,419.3971862792969
5.360569953918457,28.639999389648438,1000.0,69.0,1.033612608909607,0.02466416545212269,8.0,1.0009255409240723,1.0009255409240723,1.0009255409240723,0.022351376712322235,0.00021600000036414713,0.6813093423843384,1400000.0,-0.013135754503309727,-0.005095534957945347,0.04410242289304733,0.39592257142066956,-0.4162046015262604,-1.2481708526611328,4306.4521484375,20.90186309814453,23.443294525146484,44.345157623291016,451.00750732421875,843.5738525390625
5.407097816467285,25.899999618530273,1000.0,70.0,1.032454013824463,0.02001815102994442,7.0,0.998981773853302,0.998981773853302,0.998981773853302,0.022070806473493576,0.0002148000057786703,0.6805614829063416,1420000.0,-0.014461452141404152,-0.0013256976380944252,-0.10039117932319641,0.475033700466156,0.07911112904548645,-1.555675983428955,4346.92822265625,19.309219360351562,21.146846771240234,40.4560661315918,494.3634338378906,430.81658935546875
5.350706577301025,27.799999237060547,1000.0,71.0,1.0366766452789307,0.022423211485147476,1.0,0.9981973171234131,0.9981973171234131,0.9981973171234131,0.02084946818649769,0.00021359999664127827,0.6835587620735168,1440000.0,0.002553685801103711,0.017015137942507863,0.21897968649864197,0.6928161978721619,0.21778249740600586,-1.7343801259994507,4371.6328125,21.460508346557617,3.2238762378692627,24.684385299682617,810.2288208007812,453.097900390625
5.6144304275512695,35.060001373291016,1000.0,72.0,1.0386699438095093,0.021310651674866676,7.0,0.9994703531265259,0.9994703531265259,0.9994703531265259,0.020586876198649406,0.00021240000205580145,0.6849527955055237,1460000.0,-0.011481303721666336,-0.014034989522770047,-0.05000748857855797,0.4670904278755188,-0.22572576999664307,-1.232651710510254,4413.48828125,21.493270874023438,20.344276428222656,41.83808517456055,478.0333251953125,489.0130310058594
5.495734214782715,39.040000915527344,1000.0,73.0,1.0339646339416504,0.020154867321252823,9.0,0.9990949630737305,0.9990949630737305,0.9990949630737305,0.02175370417535305,0.0002111999929184094,0.681581974029541,1480000.0,-0.015042883343994617,-0.0035615796223282814,0.0754716694355011,0.5871092081069946,0.12001878023147583,-2.668647289276123,4460.71923828125,19.82628059387207,27.383644104003906,47.209922790527344,423.6397399902344,271.29681396484375
5.292556285858154,33.540000915527344,1000.0,74.0,1.0235458612442017,0.026568414643406868,3.0,0.9999093413352966,0.9999093413352966,0.9999093413352966,0.022866126149892807,0.0002099999983329326,0.6743918061256409,1500000.0,-0.005115404259413481,0.009927479084581137,0.05791729316115379,0.7474228739738464,0.1603136658668518,-1.5884640216827393,4490.203125,20.639270782470703,8.823241233825684,29.462512969970703,678.8287353515625,636.922119140625
4.657563209533691,25.18000030517578,1000.0,75.0,1.0178860425949097,0.025131680071353912,8.0,0.9991346001625061,0.9991346001625061,0.9991346001625061,0.021776478737592697,0.00020880000374745578,0.6705777049064636,1520000.0,-0.013108368031680584,-0.007992963772267103,0.14691604673862457,0.42641451954841614,-0.3210083544254303,-1.9411115646362305,4533.97705078125,20.308589935302734,23.4484920501709,43.757083892822266,457.06884765625,719.6522827148438
4.992355823516846,18.65999984741211,1000.0,76.0,1.0129175186157227,0.02386883832514286,1.0,0.9986145496368408,0.9986145496368408,0.9986145496368408,0.019393619149923325,0.00020759999461006373,0.6671132445335388,1540000.0,0.005861942190676928,0.01897031022235751,-0.07213107496500015,0.8551530241966248,0.4287385046482086,-2.4620563983917236,4558.53759765625,21.391584396362305,3.1498172283172607,24.54140281677246,814.9493408203125,559.884033203125
4.985325813293457,20.31999969482422,1000.0,77.0,1.009616494178772,0.020861294120550156,9.0,0.9993728995323181,0.9993728995323181,0.9993728995323181,0.021332239732146263,0.00020640000002458692,0.6647253632545471,1560000.0,-0.013768763281404972,-0.0196307054720819,0.03472293168306351,0.3699568212032318,-0.48519620299339294,-1.5588457584381104,4605.69970703125,20.24110221862793,26.904190063476562,47.145294189453125,424.22052001953125,591.765380859375
4.796253204345703,17.6200008392334,1000.0,78.0,1.0030142068862915,0.02008458785712719,2.0,1.0000221729278564,1.0000221729278564,1.0000221729278564,0.020887402817606926,0.0002052000054391101,0.6602867245674133,1580000.0,-0.001302960910834372,0.0124658023705706,-0.08063270151615143,0.3289774954319,-0.04097932577133179,-1.042322039604187,4631.572265625,19.78031349182129,6.070703506469727,25.851016998291016,773.6639404296875,772.993896484375
5.048254013061523,16.600000381469727,1000.0,79.0,0.9992662668228149,0.02186928130686283,5.0,1.0003412961959839,1.0003412961959839,1.0003412961959839,0.020499341189861298,0.00020399999630171806,0.6578088998794556,1600000.0,-0.009044403210282326,-0.007741442299447954,-0.2351524829864502,0.3154605031013489,-0.013516992330551147,-0.9481645226478577,4668.36669921875,21.971202850341797,14.80517864227295,36.77638244628906,543.8272705078125,771.6219482421875
4.808086395263672,24.559999465942383,1000.0,80.0,0.9930917024612427,0.02027996815741062,9.0,0.9975330233573914,0.9975330233573914,0.9975330233573914,0.02298382669687271,0.00020280000171624124,0.6537777185440063,1620000.0,-0.016429513692855835,-0.007385110482573509,0.010388096794486046,0.6696709394454956,0.35421043634414673,-3.436053991317749,4714.587890625,19.671340942382812,26.531566619873047,46.20290756225586,432.8731994628906,299.0145568847656
4.908714771270752,25.940000534057617,1000.0,81.0,0.9895250201225281,0.020898722112178802,7.0,1.0011483430862427,1.0011483430862427,1.0011483430862427,0.022204730659723282,0.00020160000713076442,0.6513497233390808,1640000.0,-0.012068256735801697,0.004361256957054138,-0.12748056650161743,0.4035869240760803,-0.2660840153694153,-1.0366014242172241,4756.4228515625,19.789194107055664,22.02497673034668,41.814170837402344,478.3067321777344,789.0460205078125
4.775513648986816,20.860000610351562,1000.0,82.0,0.9808645844459534,0.02408953569829464,9.0,0.9986023306846619,0.9986023306846619,0.9986023306846619,0.022073013707995415,0.00020039999799337238,0.6457423567771912,1660000.0,-0.01358619425445795,-0.0015179375186562538,-0.08241020888090134,0.2905694246292114,-0.1130174994468689,-0.6052584648132324,4803.56884765625,20.204252243041992,26.92066192626953,47.124916076660156,424.4039611816406,992.7426147460938
5.21493673324585,28.1200008392334,1000.0,83.0,0.9669060707092285,0.02058892883360386,8.0,0.998641848564148,0.998641848564148,0.998641848564148,0.020384497940540314,0.00019920000340789557,0.6368131637573242,1680000.0,-0.014845594763755798,-0.0012594005092978477,-0.17986983060836792,0.5777988433837891,0.28722941875457764,-2.498814821243286,4847.6318359375,20.167505264282227,23.874574661254883,44.04207992553711,454.11114501953125,124.81842041015625
5.07632303237915,22.68000030517578,1000.0,84.0,0.9631316661834717,0.022052304819226265,4.0,0.9987697601318359,0.9987697601318359,0.9987697601318359,0.02030942589044571,0.00019799999427050352,0.6344826221466064,1700000.0,-0.0060615153051912785,0.00878407945856452,0.05376095324754715,0.32025161385536194,-0.2575472295284271,-1.1176706552505493,4880.2138671875,20.860057830810547,11.700261116027832,32.56031799316406,614.24462890625,770.8763427734375
5.166873931884766,28.31999969482422,1000.0,85.0,0.9558979272842407,0.026541095227003098,8.0,0.9992232918739319,0.9992232918739319,0.9992232918739319,0.022773731499910355,0.0001967999996850267,0.6299563050270081,1720000.0,-0.012435807846486568,-0.00637429254129529,-0.16465122997760773,0.5958908796310425,0.27563926577568054,-2.1856915950775146,4924.81396484375,20.945405960083008,23.636470794677734,44.58187484741211,448.61279296875,497.93438720703125
5.119215965270996,21.260000228881836,1000.0,86.0,0.9511976838111877,0.021108772605657578,8.0,1.001822829246521,1.001822829246521,1.001822829246521,0.023455051705241203,0.0001956000050995499,0.626983106136322,1740000.0,-0.011725787073373795,0.0007100207731127739,0.3055589199066162,0.4633854329586029,-0.13250544667243958,-1.633028268814087,4969.9345703125,21.164180755615234,23.93534278869629,45.09952163696289,443.46368408203125,657.2384643554688
5.238618850708008,20.100000381469727,1000.0,87.0,0.9500240087509155,0.02172236703336239,4.0,1.000767469406128,1.000767469406128,1.000767469406128,0.02224583551287651,0.00019439999596215785,0.6261011958122253,1760000.0,-0.0066871438175439835,0.005038643255829811,-0.06393755227327347,0.6641950011253357,0.2008095681667328,-1.6610187292099,5002.2451171875,19.768468856811523,12.52372932434082,32.292198181152344,619.3446044921875,784.1011962890625
5.321346282958984,19.559999465942383,1000.0,88.0,0.9458756446838379,0.020805558189749718,1.0,0.9989585280418396,0.9989585280418396,0.9989585280418396,0.017862286418676376,0.00019320000137668103,0.6235267519950867,1780000.0,0.004277740605175495,0.010964884422719479,0.14860984683036804,0.7902446985244751,0.1260496973991394,-1.7027045488357544,5024.7568359375,19.566497802734375,2.927025079727173,22.49352264404297,889.1448364257812,770.5289916992188
5.116541862487793,16.81999969482422,1000.0,89.0,0.9407297372817993,0.02041715942323208,10.0,0.9995168447494507,0.9995168447494507,0.9995168447494507,0.02246054634451866,0.00019200000679120421,0.620262086391449,1800000.0,-0.013456856831908226,-0.01773459743708372,0.10594221949577332,0.3841114044189453,-0.4061332941055298,-0.6595582365989685,5074.923828125,20.220417022705078,29.92915916442871,50.150569915771484,398.7990417480469,947.7808227539062
5.269886493682861,20.3799991607666,1000.0,90.0,0.9289250373840332,0.02001754380762577,10.0,1.0013418197631836,1.0013418197631836,1.0013418197631836,0.0221796203404665,0.00019079999765381217,0.6129716634750366,1820000.0,-0.016893979161977768,-0.003437122330069542,-0.21853111684322357,0.34693580865859985,-0.03717559576034546,-0.8359578251838684,5125.3837890625,20.96845245361328,29.46661376953125,50.43506622314453,396.54949951171875,580.2742919921875
5.630846977233887,16.260000228881836,1000.0,91.0,0.9161781072616577,0.02192918211221695,5.0,0.9994879961013794,0.9994879961013794,0.9994879961013794,0.021726518869400024,0.00018960000306833535,0.6052893400192261,1840000.0,-0.007877941243350506,0.009016037918627262,0.04130198061466217,0.46683451533317566,0.1198987066745758,-1.028748869895935,5160.07275390625,19.99189567565918,14.676002502441406,34.66790008544922,576.902587890625,883.4921264648438
5.4748334884643555,21.700000762939453,1000.0,92.0,0.9065241813659668,0.020502688363194466,8.0,0.9985278248786926,0.9985278248786926,0.9985278248786926,0.022226782515645027,0.0001883999939309433,0.5995808839797974,1860000.0,-0.017128057777881622,-0.009250116534531116,-0.04545067250728607,0.7083337306976318,0.24149921536445618,-2.5836386680603027,5204.96826171875,21.467506408691406,23.40841293334961,44.875919342041016,445.67333984375,383.39361572265625
5.509432792663574,16.760000228881836,1000.0,93.0,0.8924354910850525,0.020721685141324997,6.0,0.9982140064239502,0.9982140064239502,0.9982140064239502,0.02116876095533371,0.0001871999993454665,0.5913610458374023,1880000.0,-0.010486692190170288,0.006641365587711334,-0.08052153140306473,0.31650927662849426,-0.3918244540691376,-0.750191867351532,5243.86767578125,20.521839141845703,18.35826301574707,38.88010025024414,514.4019775390625,901.8570556640625
5.840183734893799,16.639999389648438,1000.0,94.0,0.8853065371513367,0.02660498581826687,1.0,0.9988122582435608,0.9988122582435608,0.9988122582435608,0.022451600059866905,0.00018600000475998968,0.5871694684028625,1900000.0,0.005150804296135902,0.01563749648630619,-0.08085542917251587,0.4552174508571625,0.1387081742286682,-0.7765822410583496,5266.8154296875,19.88134002685547,3.0448575019836426,22.926198959350586,872.3644409179688,862.5315551757812
5.905901908874512,18.68000030517578,1000.0,95.0,0.8830593228340149,0.020999569445848465,11.0,1.0003714561462402,1.0003714561462402,1.0003714561462402,0.02209470421075821,0.00018479999562259763,0.5858671069145203,1920000.0,-0.018190542235970497,-0.0233413465321064,0.19995331764221191,0.4163147509098053,-0.03890269994735718,-1.3631675243377686,5321.337890625,21.04499053955078,33.46036911010742,54.5053596496582,366.9364013671875,389.7193603515625
6.093329906463623,28.040000915527344,1000.0,96.0,0.8807501792907715,0.023475755006074905,11.0,1.000343918800354,1.000343918800354,1.000343918800354,0.023177798837423325,0.00018360000103712082,0.5842337012290955,1940000.0,-0.018872998654842377,-0.0006824564188718796,-0.25644224882125854,0.4595332145690918,0.0432184636592865,-2.382206439971924,5373.27392578125,19.828210830688477,32.087581634521484,51.915794372558594,385.2392272949219,424.90948486328125
5.87431526184082,32.400001525878906,1000.0,97.0,0.8726333975791931,0.025868508964776993,4.0,0.9999627470970154,0.9999627470970154,0.9999627470970154,0.02163045108318329,0.000182400006451644,0.5794468522071838,1960000.0,-0.005970558617264032,0.012902440037578344,-0.09591931104660034,0.7209009528160095,0.2613677382469177,-2.15594744682312,5405.712890625,19.38470458984375,13.033204078674316,32.41790771484375,616.9429321289062,517.7274169921875
6.417430400848389,26.15999984741211,1000.0,98.0,0.8629680871963501,0.02063308097422123,8.0,0.9994387030601501,0.9994387030601501,0.9994387030601501,0.021107643842697144,0.00018119999731425196,0.5738438367843628,1980000.0,-0.012211289256811142,-0.00624073063954711,0.003438010811805725,0.4626524746417999,-0.2582484781742096,-0.6299834847450256,5452.3017578125,22.894668579101562,23.675336837768555,46.570003509521484,429.46099853515625,846.0841674804688
5.937542915344238,21.780000686645508,1000.0,99.0,0.8545862436294556,0.022289125248789787,7.0,0.9985965490341187,0.9985965490341187,0.9985965490341187,0.023294206708669662,0.00018000000272877514,0.5690988302230835,2000000.0,-0.013154235668480396,-0.0009429464116692543,0.011216685175895691,0.9432554244995117,0.4806029498577118,-2.8990015983581543,5492.21630859375,19.576736450195312,20.31821632385254,39.894954681396484,501.3165283203125,613.23779296875
5.561544418334961,20.84000015258789,1000.0,100.0,0.8430198431015015,0.020749948918819427,10.0,1.0005897283554077,1.0005897283554077,1.0005897283554077,0.021790234372019768,0.0001787999935913831,0.5625435709953308,2020000.0,-0.0166328065097332,-0.003478570841252804,0.0728149563074112,0.6223832964897156,-0.32087212800979614,-2.5173745155334473,5542.244140625,19.654123306274414,30.354053497314453,50.0081787109375,399.9346008300781,512.7236938476562
5.0589399337768555,22.459999084472656,1000.0,101.0,0.8378821611404419,0.021370012313127518,8.0,0.998821496963501,0.998821496963501,0.998821496963501,0.022321533411741257,0.00017759999900590628,0.5597069263458252,2040000.0,-0.016120612621307373,0.000512193888425827,0.20843955874443054,0.497864305973053,-0.1245189905166626,-1.6504212617874146,5585.7822265625,20.136552810668945,23.38160514831543,43.518157958984375,459.5782775878906,607.939208984375
5.126029014587402,21.280000686645508,1000.0,102.0,0.8326233625411987,0.021669575944542885,11.0,0.9996318817138672,0.9996318817138672,0.9996318817138672,0.022392893210053444,0.00017640000442042947,0.5567965507507324,2060000.0,-0.018602076917886734,-0.002481464296579361,-0.20863595604896545,0.4023372232913971,-0.09552708268165588,-1.3925931453704834,5639.626953125,20.742040634155273,33.08274459838867,53.82478713989258,371.5760192871094,791.0562133789062
5.415226936340332,26.6200008392334,1000.0,103.0,0.8221468925476074,0.020565088838338852,5.0,0.999512791633606,0.999512791633606,0.999512791633606,0.021680498495697975,0.00017519999528303742,0.5509324073791504,2080000.0,-0.010074431076645851,0.008527645841240883,-0.1152505874633789,0.9542768001556396,0.5519395768642426,-1.8555736541748047,5675.9111328125,21.816680908203125,14.445514678955078,36.2621955871582,551.53857421875,683.79248046875
5.190542697906494,21.520000457763672,1000.0,104.0,0.8035026788711548,0.02403871901333332,7.0,0.9981951713562012,0.9981951713562012,0.9981951713562012,0.020915232598781586,0.0001740000006975606,0.5407007336616516,2100000.0,-0.011921804398298264,-0.0018473733216524124,-0.03070315532386303,0.41254356503486633,-0.5417332351207733,-1.005273461341858,5716.3349609375,19.78672218322754,20.618091583251953,40.40581512451172,494.9782409667969,934.7778930664062
5.633823394775391,29.280000686645508,1000.0,105.0,0.7839797139167786,0.02226846292614937,10.0,1.000620722770691,1.000620722770691,1.000620722770691,0.02226371504366398,0.0001728000061120838,0.5301915407180786,2120000.0,-0.016775844618678093,-0.004854040220379829,-0.29745206236839294,0.592495858669281,0.17995229363441467,-2.042675495147705,5766.3994140625,20.129657745361328,29.915929794311523,50.04558563232422,399.6356201171875,492.65362548828125
5.840252876281738,27.059999465942383,1000.0,106.0,0.7732886672019958,0.025153806433081627,10.0,0.9988713264465332,0.9988713264465332,0.9988713264465332,0.02265072800219059,0.00017159999697469175,0.5245363712310791,2140000.0,-0.018560199066996574,-0.0017843544483184814,0.052858948707580566,0.7620129585266113,0.16951709985733032,-3.183668613433838,5817.65478515625,21.40447425842285,29.82975196838379,51.23422622680664,390.3640441894531,437.3338317871094
6.481184482574463,39.2599983215332,1000.0,107.0,0.7723137736320496,0.020843200385570526,12.0,0.9996864795684814,0.9996864795684814,0.9996864795684814,0.022409163415431976,0.00017040000238921493,0.524002730846405,2160000.0,-0.021478379145264626,-0.002918180078268051,-0.12098588049411774,0.7612445950508118,-0.0007683634757995605,-3.3493597507476807,5872.6279296875,19.866458892822266,35.08594512939453,54.9524040222168,363.9513244628906,-106.86883544921875
6.326467990875244,36.720001220703125,1000.0,108.0,0.7651587128639221,0.020788466557860374,9.0,1.000699520111084,1.000699520111084,1.000699520111084,0.021309342235326767,0.0001691999932518229,0.5202739238739014,2180000.0,-0.016534017398953438,0.004944361746311188,-0.21559113264083862,0.5164617896080017,-0.24478280544281006,-1.608978271484375,5921.0654296875,21.940580368041992,26.47623634338379,48.41681671142578,413.0796203613281,293.7631530761719
6.370228290557861,38.279998779296875,1000.0,109.0,0.7504740953445435,0.02118734084069729,7.0,0.9998512268066406,0.9998512268066406,0.9998512268066406,0.022155309095978737,0.00016799999866634607,0.5126790404319763,2200000.0,-0.014742841944098473,0.0017911754548549652,-0.030399251729249954,0.796881377696991,0.28041958808898926,-2.961397171020508,5962.12109375,20.18984603881836,20.844491958618164,41.03433609008789,487.3966979980469,560.3334350585938
6.217950344085693,37.47999954223633,1000.0,110.0,0.7435435652732849,0.021099619567394257,9.0,0.9984772801399231,0.9984772801399231,0.9984772801399231,0.02269025892019272,0.00016680000408086926,0.5091342329978943,2220000.0,-0.01720408909022808,-0.002461247146129608,-0.15336112678050995,0.6789631247520447,-0.11791825294494629,-2.5762109756469727,6009.89208984375,21.035451889038086,26.715639114379883,47.75109100341797,418.8385925292969,434.90020751953125
6.567245960235596,37.119998931884766,1000.0,111.0,0.7391852736473083,0.03778731822967529,1.0,1.0017257928848267,1.0017257928848267,1.0017257928848267,0.020466981455683708,0.0001655999949434772,0.5069627165794373,2240000.0,0.005271663889288902,0.022475752979516983,-0.13820600509643555,1.0312459468841553,0.3522828221321106,-2.1577792167663574,6032.33984375,19.50843048095703,2.919468879699707,22.427898406982422,891.7465209960938,730.3388061523438
6.121610164642334,35.47999954223633,1000.0,112.0,0.7398754358291626,0.020240023732185364,2.0,0.9985451698303223,0.9985451698303223,0.9985451698303223,0.018780536949634552,0.0001644000003580004,0.5072543621063232,2260000.0,-0.0006341802072711289,-0.005905844096560031,-0.005890626460313797,0.43589094281196594,-0.5953550040721893,-1.049619197845459,6058.4990234375,19.90309715270996,6.239500045776367,26.142597198486328,765.034912109375,504.69287109375
6.4972004890441895,25.239999771118164,1000.0,113.0,0.7399390935897827,0.02084793522953987,9.0,0.9996309876441956,0.9996309876441956,0.9996309876441956,0.02206455171108246,0.00016320000577252358,0.5072357058525085,2280000.0,-0.015962930396199226,-0.015328750188928097,0.13626815378665924,0.5135946869850159,0.07770374417304993,-1.7988202571868896,6105.72900390625,20.2110595703125,27.000686645507812,47.21174621582031,423.6233825683594,737.1248168945312
6.270038604736328,26.600000381469727,1000.0,114.0,0.7307664155960083,0.020346088334918022,8.0,0.9979583621025085,0.9979583621025085,0.9979583621025085,0.02266104891896248,0.00016199999663513154,0.5025916695594788,2300000.0,-0.014689476229250431,0.0012734541669487953,-0.12558898329734802,0.914460301399231,0.4008656144142151,-2.821481943130493,6150.31005859375,20.431182861328125,24.129257202148438,44.56044006347656,448.82861328125,517.0725708007812
7.350683212280273,19.959999084472656,1000.0,115.0,0.7181541323661804,0.020536309108138084,9.0,0.9961634278297424,0.9961634278297424,0.9961634278297424,0.022318221628665924,0.00016080000204965472,0.49627184867858887,2320000.0,-0.014408744871616364,0.00028073135763406754,0.041729141026735306,0.4924575686454773,-0.42200273275375366,-1.4151909351348877,6196.4697265625,20.128955841064453,26.010967254638672,46.139923095703125,433.4640808105469,860.3533935546875
7.272209644317627,21.34000015258789,1000.0,116.0,0.7102524042129517,0.021907392889261246,8.0,0.9979401230812073,0.9979401230812073,0.9979401230812073,0.022428888827562332,0.00015959999291226268,0.4923256039619446,2340000.0,-0.014920148998498917,-0.0005114041268825531,0.3188423216342926,0.7849211692810059,0.29246360063552856,-2.1405112743377686,6240.5048828125,20.232215881347656,23.78223991394043,44.01445770263672,454.39617919921875,714.1849975585938
6.896126747131348,18.979999542236328,1000.0,117.0,0.709499716758728,0.02202860824763775,7.0,0.9998711943626404,0.9998711943626404,0.9998711943626404,0.022048164159059525,0.00015839999832678586,0.49194028973579407,2360000.0,-0.013615265488624573,0.0013048835098743439,0.12227635085582733,0.49430185556411743,-0.2906193137168884,-2.511430263519287,6281.78076171875,20.45176124572754,20.80532455444336,41.25708770751953,484.76519775390625,682.6549072265625
6.712411880493164,25.979999542236328,1000.0,118.0,0.706777036190033,0.020672479644417763,4.0,1.000475287437439,1.000475287437439,1.000475287437439,0.02064436860382557,0.00015720000374130905,0.49058815836906433,2380000.0,-0.009104994125664234,0.004510271362960339,-0.13075502216815948,0.9946680068969727,0.5003661513328552,-4.208015441894531,6313.40771484375,19.242107391357422,12.366147994995117,31.608257293701172,632.74609375,449.0543212890625
6.000747203826904,25.739999771118164,1000.0,119.0,0.7005468010902405,0.021540913730859756,5.0,0.9990487694740295,0.9990487694740295,0.9990487694740295,0.0206171665340662,0.000155999994603917,0.48755717277526855,2400000.0,-0.010074298828840256,-0.0009693047031760216,-0.13501031696796417,0.798588216304779,-0.1960797905921936,-2.288423776626587,6348.4189453125,19.562387466430664,15.42987060546875,34.99225616455078,571.5549926757812,577.2723999023438
6.480082988739014,20.920000076293945,1000.0,120.0,0.6820415258407593,0.020042801275849342,9.0,0.9991759657859802,0.9991759657859802,0.9991759657859802,0.02162114344537258,0.0001548000000184402,0.4786383807659149,2420000.0,-0.015094093978404999,-0.005019795149564743,0.3739964962005615,0.3529607951641083,-0.4456274211406708,-1.1134932041168213,6396.07470703125,21.541696548461914,26.09303855895996,47.63572692871094,419.85296630859375,902.054443359375
6.6423444747924805,25.0,1000.0,121.0,0.6719531416893005,0.021968118846416473,1.0,0.9987246990203857,0.9987246990203857,0.9987246990203857,0.018212024122476578,0.00015360000543296337,0.4738314747810364,2440000.0,0.005441715940833092,0.02053580991923809,-0.11741198599338531,0.7101773619651794,0.35721656680107117,-1.7243624925613403,6419.3447265625,20.176841735839844,3.0729029178619385,23.249744415283203,860.2245483398438,210.03131103515625
7.610168933868408,25.81999969482422,1000.0,122.0,0.6713302135467529,0.02183503843843937,1.0,0.9984949827194214,0.9984949827194214,0.9984949827194214,0.021035127341747284,0.00015239999629557133,0.47354555130004883,2460000.0,0.005462620873004198,2.090493217110634e-05,-0.026375722140073776,1.1470253467559814,0.436847984790802,-1.9883695840835571,6442.22119140625,19.629409790039062,3.229062557220459,22.85847282409668,874.9490966796875,716.6813354492188
7.766460418701172,27.299999237060547,1000.0,123.0,0.6556127667427063,0.021068792790174484,8.0,0.9997432827949524,0.9997432827949524,0.9997432827949524,0.022037126123905182,0.0001512000017100945,0.4661432206630707,2480000.0,-0.01502110157161951,-0.02048372244462371,0.2414006143808365,0.5194258689880371,-0.6275994777679443,-1.6455031633377075,6485.623046875,20.154010772705078,23.230714797973633,43.38472366333008,460.9917297363281,796.4374389648438
7.787510871887207,16.959999084472656,1000.0,124.0,0.6430941820144653,0.02179054170846939,7.0,0.9999704957008362,0.9999704957008362,0.9999704957008362,0.022170783951878548,0.0001500000071246177,0.46032220125198364,2500000.0,-0.01312993187457323,0.00189116969704628,0.19232305884361267,0.4327099025249481,-0.08671596646308899,-1.8895260095596313,6528.3212890625,21.78681755065918,20.891300201416016,42.67811584472656,468.6242370605469,764.0980834960938
7.033496856689453,21.520000457763672,1000.0,125.0,0.6297406554222107,0.02004120498895645,7.0,0.9974995255470276,0.9974995255470276,0.9974995255470276,0.022297870367765427,0.00014879999798722565,0.4542127549648285,2520000.0,-0.01424934808164835,-0.001119416207075119,-0.3767557442188263,0.7241525053977966,0.2914426028728485,-3.1445648670196533,6568.97509765625,19.78629493713379,20.848161697387695,40.634456634521484,492.193115234375,468.0513000488281
7.3342108726501465,23.799999237060547,1000.0,126.0,0.6201841235160828,0.02817697823047638,9.0,0.999302327632904,0.999302327632904,0.999302327632904,0.02180923894047737,0.00014760000340174884,0.44990116357803345,2540000.0,-0.017100855708122253,-0.0028515076264739037,-0.30706992745399475,0.6967579126358032,-0.027394592761993408,-3.3440542221069336,6614.6865234375,19.302669525146484,26.389446258544922,45.692115783691406,437.7122802734375,367.49273681640625
7.138983249664307,26.459999084472656,1000.0,127.0,0.6053892374038696,0.022658398374915123,6.0,0.999807596206665,0.999807596206665,0.999807596206665,0.022294405847787857,0.0001463999942643568,0.44329074025154114,2560000.0,-0.011418776586651802,0.005682079121470451,-0.07338754832744598,0.7901462316513062,0.09338831901550293,-3.069718837738037,6652.66455078125,19.841829299926758,18.11621856689453,37.95804977416992,526.8974609375,554.0935668945312
6.823561191558838,26.799999237060547,1000.0,128.0,0.5969749093055725,0.021750960499048233,4.0,1.0005466938018799,1.0005466938018799,1.0005466938018799,0.022467276081442833,0.00014519999967887998,0.43957218527793884,2580000.0,-0.009144061245024204,0.002274715341627598,-0.07671266794204712,1.1400331258773804,0.3498868942260742,-2.7153995037078857,6684.7763671875,19.98472785949707,12.108939170837402,32.093666076660156,623.1759033203125,463.7892761230469
6.760778903961182,24.780000686645508,1000.0,129.0,0.5844263434410095,0.020175207406282425,8.0,1.0002774000167847,1.0002774000167847,1.0002774000167847,0.021840406581759453,0.00014400000509340316,0.43409883975982666,2600000.0,-0.015902187675237656,-0.006758126430213451,0.003428479190915823,0.6101400852203369,-0.5298930406570435,-1.515758991241455,6728.82958984375,19.791837692260742,24.24236297607422,44.03419876098633,454.1924133300781,677.336669921875
6.426633834838867,27.18000030517578,1000.0,130.0,0.572084367275238,0.020698079839348793,2.0,0.999029278755188,0.999029278755188,0.999029278755188,0.02067580260336399,0.00014279999595601112,0.4287653863430023,2620000.0,-0.000677769014146179,0.015224418661091477,0.07481894642114639,0.9772207140922546,0.3670806288719177,-2.1249756813049316,6754.23583984375,19.39747428894043,5.988821029663086,25.386295318603516,787.82666015625,449.6556091308594
6.1540422439575195,25.3799991607666,1000.0,131.0,0.5755226016044617,0.022169802337884903,9.0,0.9981978535652161,0.9981978535652161,0.9981978535652161,0.021953439339995384,0.0001416000013705343,0.4302394688129425,2640000.0,-0.017005963250994682,-0.016328194236848503,0.0235906969755888,0.662299633026123,-0.3149210810661316,-2.8318209648132324,6800.7421875,19.444210052490234,27.04405403137207,46.48826599121094,430.2160949707031,422.864501953125
6.572625160217285,24.1200008392334,1000.0,132.0,0.5660321712493896,0.020728958770632744,10.0,0.9999982118606567,0.9999982118606567,0.9999982118606567,0.022881899029016495,0.00014040000678505749,0.42618057131767273,2660000.0,-0.019060777500271797,-0.002054814249277115,0.03246597945690155,0.4390086531639099,-0.22329097986221313,-1.1927040815353394,6849.78173828125,19.72006607055664,29.299049377441406,49.01911544799805,408.0041198730469,662.5096435546875
6.545804500579834,24.040000915527344,1000.0,133.0,0.5536309480667114,0.020304033532738686,7.0,0.9980143308639526,0.9980143308639526,0.9980143308639526,0.021875832229852676,0.00013919999764766544,0.42092305421829224,2680000.0,-0.013344785198569298,0.005715992301702499,-0.12414643168449402,0.6612712740898132,0.22226262092590332,-1.941725730895996,6891.0146484375,19.91255760192871,21.300277709960938,41.212833404541016,485.28570556640625,413.5667419433594
7.303842067718506,26.31999969482422,1000.0,134.0,0.5469522476196289,0.02091018296778202,7.0,0.998607337474823,0.998607337474823,0.998607337474823,0.021679800003767014,0.00013800000306218863,0.4181274175643921,2700000.0,-0.01405736617743969,-0.0007125809788703918,-0.10617764294147491,0.634060800075531,-0.027210474014282227,-2.3870866298675537,6931.724609375,20.251182556152344,20.43985366821289,40.691036224365234,491.5087585449219,393.5308532714844
7.088314056396484,32.900001525878906,1000.0,135.0,0.535871148109436,0.021080978214740753,6.0,0.9998473525047302,0.9998473525047302,0.9998473525047302,0.021839629858732224,0.00013679999392479658,0.4135182797908783,2720000.0,-0.01205309946089983,0.0020042667165398598,-0.35515689849853516,1.0801234245300293,0.4460626244544983,-2.5848793983459473,6969.04150390625,19.81757164001465,17.479808807373047,37.29738235473633,536.2306518554688,517.2099609375
7.530107021331787,29.1200008392334,1000.0,136.0,0.527976393699646,0.02202463708817959,5.0,0.9993267059326172,0.9993267059326172,0.9993267059326172,0.022645482793450356,0.00013559999933931977,0.4102645218372345,2740000.0,-0.009980330243706703,0.0020727692171931267,0.06648289412260056,0.7472292184829712,-0.3328942060470581,-1.9269804954528809,7003.7421875,20.087575912475586,14.593727111816406,34.681304931640625,576.6796264648438,538.3311767578125
7.263479232788086,25.399999618530273,1000.0,137.0,0.5183865427970886,0.020207788795232773,7.0,0.9992691278457642,0.9992691278457642,0.9992691278457642,0.020799385383725166,0.00013440000475384295,0.40635842084884644,2760000.0,-0.013947700150310993,-0.00396736990660429,0.050951406359672546,0.5754348635673523,-0.1717943549156189,-1.4990637302398682,7043.8671875,19.108367919921875,20.996307373046875,40.105712890625,498.68206787109375,539.4758911132812
7.274169921875,19.5,1000.0,138.0,0.505211591720581,0.021640438586473465,8.0,1.0000452995300293,1.0000452995300293,1.0000452995300293,0.022531669586896896,0.0001331999956164509,0.40103936195373535,2780000.0,-0.01725360006093979,-0.0033058999106287956,0.06960129737854004,0.5071611404418945,-0.06827372312545776,-2.0007357597351074,7088.47216796875,20.401920318603516,24.183656692504883,44.58557891845703,448.5755615234375,638.0150756835938
7.2926506996154785,18.600000381469727,1000.0,139.0,0.4985186457633972,0.023408295586705208,6.0,0.9976956248283386,0.9976956248283386,0.9976956248283386,0.023068159818649292,0.0001320000010309741,0.39837104082107544,2800000.0,-0.012131488882005215,0.005122111178934574,0.01431521400809288,0.4580870270729065,-0.04907411336898804,-1.4036349058151245,7125.5791015625,19.435819625854492,17.65001678466797,37.085838317871094,539.2894287109375,745.1488647460938
6.645150184631348,24.059999465942383,1000.0,140.0,0.4957399368286133,0.021094264462590218,11.0,1.0003889799118042,1.0003889799118042,1.0003889799118042,0.023166634142398834,0.00013080000644549727,0.39729905128479004,2820000.0,-0.020175134763121605,-0.00804364588111639,-0.2243657410144806,0.7959535121917725,0.33786648511886597,-3.560220241546631,7178.12548828125,20.317888259887695,32.210182189941406,52.52806854248047,380.7488098144531,24.34162712097168
6.288965225219727,28.420000076293945,1000.0,141.0,0.49748846888542175,0.02116968110203743,9.0,0.9979888200759888,0.9979888200759888,0.9979888200759888,0.02315424010157585,0.00012959999730810523,0.3979746103286743,2840000.0,-0.016711322590708733,0.0034638121724128723,-0.027461372315883636,0.8412745594978333,0.04532104730606079,-2.706897258758545,7224.73388671875,19.91909408569336,26.668975830078125,46.588069915771484,429.2944641113281,459.7915344238281
6.811334133148193,25.5,1000.0,142.0,0.4966476857662201,0.02471974864602089,8.0,0.9989336133003235,0.9989336133003235,0.9989336133003235,0.022222483530640602,0.00012840000272262841,0.39763957262039185,2860000.0,-0.014124683104455471,0.0025866394862532616,-0.02786603569984436,0.39172598719596863,-0.4495485723018646,-1.2023869752883911,7269.3828125,20.72673988342285,23.90163803100586,44.628379821777344,448.14532470703125,776.8618774414062
7.595163345336914,26.360000610351562,1000.0,143.0,0.4921199381351471,0.021788129583001137,4.0,0.9995249509811401,0.9995249509811401,0.9995249509811401,0.02162519469857216,0.00012719999358523637,0.39585018157958984,2880000.0,-0.007666421588510275,0.006458261515945196,0.1827995479106903,1.0031853914260864,0.6114594042301178,-2.54034161567688,7301.47607421875,20.28257942199707,11.791013717651367,32.07359313964844,623.56591796875,161.56942749023438
7.325162410736084,31.420000076293945,1000.0,144.0,0.48425906896591187,0.020263299345970154,4.0,0.9978559613227844,0.9978559613227844,0.9978559613227844,0.019720714539289474,0.00012599999899975955,0.3927396237850189,2900000.0,-0.008693832904100418,-0.0010274113155901432,-0.09875597059726715,1.1196507215499878,0.11646533012390137,-4.4069061279296875,7332.6748046875,19.234210968017578,11.944076538085938,31.1793155670166,641.450927734375,-164.52133178710938
6.793980121612549,36.040000915527344,1000.0,145.0,0.48229077458381653,0.02141578309237957,7.0,1.0000771284103394,1.0000771284103394,1.0000771284103394,0.02215500921010971,0.00012480000441428274,0.3919616937637329,2920000.0,-0.013380229473114014,-0.004686396569013596,-0.3396827280521393,0.8264448046684265,-0.2932059168815613,-3.2884066104888916,7372.4736328125,19.35712432861328,20.423667907714844,39.780792236328125,502.7552185058594,471.86224365234375
6.674259662628174,36.459999084472656,1000.0,146.0,0.47780293226242065,0.020914632827043533,7.0,0.9986661672592163,0.9986661672592163,0.9986661672592163,0.022005779668688774,0.0001235999952768907,0.39021432399749756,2940000.0,-0.013725916855037212,-0.0003456873819231987,-0.1557207703590393,1.1502782106399536,0.3238334059715271,-3.9904370307922363,7413.3115234375,20.320213317871094,20.498140335083008,40.818355560302734,489.97564697265625,261.61273193359375
7.3664751052856445,24.940000534057617,1000.0,147.0,0.46772176027297974,0.020407885313034058,8.0,0.998841404914856,0.998841404914856,0.998841404914856,0.021757502108812332,0.00012240000069141388,0.38629525899887085,2960000.0,-0.013200752437114716,0.0005251644179224968,-0.15124045312404633,0.6350387930870056,-0.515239417552948,-2.292417287826538,7458.453125,20.83878517150879,24.28265953063965,45.12144470214844,443.2481994628906,722.3477172851562
8.114060401916504,25.280000686645508,1000.0,148.0,0.45963430404663086,0.02237749472260475,9.0,0.9985674023628235,0.9985674023628235,0.9985674023628235,0.02243145741522312,0.00012119999882997945,0.38316717743873596,2980000.0,-0.017511937767267227,-0.004311185330152512,-0.05026434361934662,0.8764241337776184,0.2413853406906128,-2.921659469604492,7504.3740234375,19.41988754272461,26.48091697692871,45.90180206298828,435.7127380371094,611.45068359375
8.748932838439941,16.639999389648438,1000.0,149.0,0.4541469216346741,0.020129721611738205,7.0,1.0006338357925415,1.0006338357925415,1.0006338357925415,0.022118352353572845,0.00011999999696854502,0.3810715675354004,3000000.0,-0.012982913292944431,0.004529024474322796,0.010404806584119797,0.5822653770446777,-0.2941587567329407,-1.4987361431121826,7544.54150390625,19.170894622802734,20.977191925048828,40.14808654785156,498.1557312011719,868.8711547851562
8.374863624572754,14.5600004196167,1000.0,150.0,0.4501374065876007,0.027649566531181335,1.0,1.000518560409546,1.000518560409546,1.000518560409546,0.021930914372205734,0.0001188000023830682,0.37954840064048767,3020000.0,0.006349177565425634,0.019332090858370066,0.18561716377735138,1.1855133771896362,0.6032480001449585,-2.377220869064331,7567.07275390625,19.546045303344727,2.9652044773101807,22.511249542236328,888.4447021484375,722.8042602539062
8.183595657348633,18.579999923706055,1000.0,151.0,0.448269248008728,0.021407781168818474,4.0,0.9986976981163025,0.9986976981163025,0.9986976981163025,0.02025170810520649,0.00011760000052163377,0.37884193658828735,3040000.0,-0.008833576925098896,-0.01518275449052453,-0.3102600574493408,1.3670142889022827,0.18150091171264648,-4.223160743713379,7598.91845703125,19.352691650390625,12.475611686706543,31.828304290771484,628.3715209960938,298.1248779296875
7.902641773223877,23.239999771118164,1000.0,152.0,0.4433029890060425,0.02129189670085907,6.0,1.0003247261047363,1.0003247261047363,1.0003247261047363,0.020201243460178375,0.00011639999866019934,0.37696072459220886,3060000.0,-0.012636727653443813,-0.0038031507283449173,0.10979315638542175,0.7919514179229736,-0.5750628709793091,-2.7670812606811523,7638.197265625,20.739072799682617,18.522796630859375,39.261871337890625,509.40008544921875,667.98828125
8.188934326171875,25.899999618530273,1000.0,153.0,0.4348689019680023,0.02066616900265217,10.0,0.9989790320396423,0.9989790320396423,0.9989790320396423,0.02164704166352749,0.00011519999679876491,0.3737958073616028,3080000.0,-0.017357293516397476,-0.004720565862953663,-0.06050843745470047,0.6279243230819702,-0.16402709484100342,-2.6057746410369873,7687.2236328125,19.48023796081543,29.527555465698242,49.00832748413086,408.0939025878906,616.7548828125
7.170942306518555,28.360000610351562,1000.0,154.0,0.4236190915107727,0.020681900903582573,10.0,0.9992443323135376,0.9992443323135376,0.9992443323135376,0.022808928042650223,0.0001140000022132881,0.36961662769317627,3100000.0,-0.01700088009238243,0.00035641342401504517,0.017646588385105133,0.9964846968650818,0.3685603737831116,-3.6616132259368896,7737.03564453125,19.85981559753418,29.931692123413086,49.791507720947266,401.6749267578125,196.69577026367188
7.000446796417236,38.380001068115234,1000.0,155.0,0.41545844078063965,0.021299242973327637,5.0,0.999844491481781,0.999844491481781,0.999844491481781,0.02075742930173874,0.00011280000035185367,0.3666112720966339,3120000.0,-0.01022924855351448,0.0067716315388679504,0.014449402689933777,1.033663034439087,0.03717833757400513,-3.638960599899292,7771.26904296875,19.58074951171875,14.632101058959961,34.21284866333008,584.57568359375,-26.50251007080078
7.281569957733154,42.439998626708984,1000.0,156.0,0.4038238823413849,0.022166768088936806,8.0,1.00032639503479,1.00032639503479,1.00032639503479,0.02122216671705246,0.00011159999849041924,0.3623700439929962,3140000.0,-0.016305886209011078,-0.006076637655496597,0.2988046407699585,0.7839595079421997,-0.2497035264968872,-2.6213626861572266,7815.8876953125,20.771713256835938,23.826847076416016,44.59856033325195,448.4449768066406,273.7438659667969
8.258199691772461,37.040000915527344,1000.0,157.0,0.3887135982513428,0.021623805165290833,6.0,0.9992584586143494,0.9992584586143494,0.9992584586143494,0.022159671410918236,0.00011039999662898481,0.35693737864494324,3160000.0,-0.01128750666975975,0.0050183795392513275,-0.12154164910316467,0.42527058720588684,-0.35868892073631287,-0.8823992013931274,7853.51123046875,20.098575592041016,17.504207611083984,37.602783203125,531.8755493164062,440.4709777832031
8.197264671325684,35.720001220703125,1000.0,158.0,0.3768617510795593,0.022476762533187866,8.0,0.998793363571167,0.998793363571167,0.998793363571167,0.021109052002429962,0.00010920000204350799,0.3527352809906006,3180000.0,-0.016457580029964447,-0.005170073360204697,-0.0692204087972641,1.0028972625732422,0.5776266753673553,-3.891597270965576,7895.95361328125,19.297969818115234,23.125885009765625,42.42385482788086,471.4328918457031,477.61102294921875
8.094311714172363,23.1200008392334,1000.0,159.0,0.3630389869213104,0.021030422300100327,8.0,0.9986832737922668,0.9986832737922668,0.9986832737922668,0.021271497011184692,0.00010800000018207356,0.3478955030441284,3200000.0,-0.01552804559469223,0.0009295344352722168,0.15812484920024872,0.6559469699859619,-0.3469502925872803,-2.52557373046875,7939.3837890625,20.218137741088867,23.19198226928711,43.41012191772461,460.7220458984375,669.9310913085938
8.398582458496094,23.440000534057617,1000.0,160.0,0.3533199429512024,0.028350457549095154,1.0,1.00095534324646,1.00095534324646,1.00095534324646,0.020786821842193604,0.00010679999832063913,0.34452933073043823,3220000.0,0.004287275020033121,0.01981532061472535,-0.22976192831993103,1.3680543899536133,0.7121074199676514,-3.498459815979004,7961.85205078125,19.413864135742188,3.034183979034424,22.448047637939453,890.946044921875,577.316162109375
7.7562360763549805,29.760000228881836,1000.0,161.0,0.34869515895843506,0.02266695164144039,9.0,0.9983648657798767,0.9983648657798767,0.9983648657798767,0.022563360631465912,0.0001055999964592047,0.34293127059936523,3240000.0,-0.017124366015195847,-0.021411641035228968,0.4848863482475281,0.9400397539138794,-0.4280146360397339,-2.6291258335113525,8010.43115234375,22.003759384155273,26.557405471801758,48.56116485595703,411.8517150878906,298.34161376953125
7.3199052810668945,30.520000457763672,1000.0,162.0,0.3382398188114166,0.02163688838481903,6.0,0.9991428256034851,0.9991428256034851,0.9991428256034851,0.02209346555173397,0.00010440000187372789,0.3393602967262268,3260000.0,-0.011571337468922138,0.005553028546273708,-0.12254615128040314,0.9774248003959656,0.03738504648208618,-3.066988468170166,8048.4853515625,20.368507385253906,17.665529251098633,38.034034729003906,525.8447875976562,499.443115234375
7.562637805938721,31.899999618530273,1000.0,163.0,0.3330787718296051,0.021454166620969772,4.0,1.0002005100250244,1.0002005100250244,1.0002005100250244,0.020310984924435616,0.00010320000001229346,0.3376118540763855,3280000.0,-0.008059769868850708,0.00351156760007143,-0.05611778795719147,0.9704079627990723,-0.0070168375968933105,-3.3126168251037598,8079.64013671875,19.204858779907227,11.931537628173828,31.136396408081055,642.3350830078125,448.4986267089844
7.044647216796875,20.219999313354492,1000.0,164.0,0.32297685742378235,0.022039666771888733,9.0,1.000132441520691,1.000132441520691,1.000132441520691,0.02056288905441761,0.00010199999815085903,0.33422720432281494,3300000.0,-0.014870518818497658,-0.00681074894964695,-0.2021620124578476,0.3908913731575012,-0.579516589641571,-0.7221609950065613,8125.40673828125,20.100536346435547,25.647520065307617,45.74805450439453,437.17706298828125,848.4653930664062
6.958762168884277,20.200000762939453,1000.0,165.0,0.31146588921546936,0.021442390978336334,2.0,0.9995842576026917,0.9995842576026917,0.9995842576026917,0.018495051190257072,0.00010080000356538221,0.3303961157798767,3320000.0,-0.0020668262150138617,0.012803692603483796,0.17978404462337494,0.8136821985244751,0.4227908253669739,-1.8948785066604614,8151.263671875,19.767139434814453,6.068356513977051,25.83549690246582,774.1287231445312,508.27349853515625
6.631226062774658,16.440000534057617,1000.0,166.0,0.30455344915390015,0.02005346305668354,7.0,0.997926652431488,0.997926652431488,0.997926652431488,0.02093985490500927,9.960000170394778e-05,0.32812604308128357,3340000.0,-0.01469027902930975,-0.012623452814295888,-0.23384502530097961,0.5932251811027527,-0.2204570174217224,-1.751370906829834,8193.71875,21.539548873901367,20.897058486938477,42.43718719482422,471.2847900390625,546.837890625
7.380144119262695,23.81999969482422,1000.0,167.0,0.30318331718444824,0.021224847063422203,10.0,0.998249351978302,0.998249351978302,0.998249351978302,0.02314266934990883,9.839999984251335e-05,0.3276805579662323,3360000.0,-0.01889280043542385,-0.004202521406114101,0.14579202234745026,0.48107224702835083,-0.11215293407440186,-2.2748348712921143,8243.689453125,20.14468002319336,29.807287216186523,49.95196533203125,400.3846435546875,340.21051025390625
6.936654090881348,23.940000534057617,1000.0,168.0,0.2987233102321625,0.02005012519657612,8.0,0.9990283846855164,0.9990283846855164,0.9990283846855164,0.02260940708220005,9.719999798107892e-05,0.32622817158699036,3380000.0,-0.015514768660068512,0.003378031775355339,0.022161580622196198,0.457306444644928,-0.02376580238342285,-2.0760810375213623,8286.9228515625,19.75939178466797,23.45305824279785,43.21245193481445,462.82958984375,619.2550659179688
7.417727470397949,21.739999771118164,1000.0,169.0,0.28686633706092834,0.020087365061044693,10.0,1.00007164478302,1.00007164478302,1.00007164478302,0.022054161876440048,9.600000339560211e-05,0.3223869204521179,3400000.0,-0.016702981665730476,-0.0011882130056619644,-0.14058172702789307,0.35777220129966736,-0.09953424334526062,-0.2509385645389557,8336.0361328125,19.418996810913086,29.674827575683594,49.09382629394531,407.3832092285156,943.3807983398438
7.805825710296631,15.020000457763672,1000.0,170.0,0.28317931294441223,0.024094343185424805,7.0,1.0002381801605225,1.0002381801605225,1.0002381801605225,0.023516235873103142,9.480000153416768e-05,0.3212009370326996,3420000.0,-0.014241418801248074,0.002461562864482403,0.23237857222557068,0.49637871980667114,0.13860651850700378,-1.0510320663452148,8377.62109375,20.806293487548828,20.757200241088867,41.56349182128906,481.1915283203125,855.0469360351562
8.262391090393066,18.219999313354492,1000.0,171.0,0.2836025357246399,0.020744547247886658,7.0,0.9997139573097229,0.9997139573097229,0.9997139573097229,0.020815035328269005,9.359999967273325e-05,0.32133835554122925,3440000.0,-0.015267305076122284,-0.0010258862748742104,0.05571342259645462,0.681775689125061,0.1853969693183899,-1.716364860534668,8418.373046875,20.222942352294922,20.507583618164062,40.73152542114258,491.0201416015625,462.05255126953125
7.780969619750977,34.15999984741211,1000.0,172.0,0.2697981894016266,0.02169434353709221,11.0,0.9996410608291626,0.9996410608291626,0.9996410608291626,0.021230880171060562,9.239999781129882e-05,0.3169354498386383,3460000.0,-0.019854694604873657,-0.004587389528751373,-0.0584704764187336,0.8035675883293152,0.12179189920425415,-2.857062578201294,8470.1845703125,19.37698745727539,32.415767669677734,51.792755126953125,386.1543884277344,-279.0216369628906
7.1648383140563965,36.5,1000.0,173.0,0.254015177488327,0.0204341858625412,9.0,0.9992110729217529,0.9992110729217529,0.9992110729217529,0.020844630897045135,9.1200003225822e-05,0.3119663894176483,3480000.0,-0.01873747818171978,0.0011172164231538773,0.23937693238258362,0.5340871214866638,-0.26948046684265137,-2.104675769805908,8516.01171875,19.165555953979492,26.6409912109375,45.806549072265625,436.6188049316406,434.5189514160156
7.579807281494141,29.040000915527344,1000.0,174.0,0.24097836017608643,0.023325245827436447,9.0,0.9988354444503784,0.9988354444503784,0.9988354444503784,0.021522458642721176,9.000000136438757e-05,0.307932585477829,3500000.0,-0.016773011535406113,0.0019644666463136673,-0.07574861496686935,0.2829599976539612,-0.25112712383270264,-1.1114619970321655,8562.80078125,19.638347625732422,27.131546020507812,46.769893646240234,427.6255187988281,898.133544921875
7.582956314086914,28.34000015258789,1000.0,175.0,0.2329070121049881,0.020985782146453857,10.0,1.0002895593643188,1.0002895593643188,1.0002895593643188,0.02238808386027813,8.879999950295314e-05,0.3054695427417755,3520000.0,-0.017311524599790573,-0.0005385130643844604,0.11031406372785568,0.5208289623260498,0.23786896467208862,-1.1550326347351074,8611.39453125,19.506576538085938,29.067855834960938,48.574432373046875,411.7392272949219,428.5986328125
8.475420951843262,30.459999084472656,1000.0,176.0,0.22992315888404846,0.020550353452563286,6.0,0.9997682571411133,0.9997682571411133,0.9997682571411133,0.020820077508687973,8.759999764151871e-05,0.3045671284198761,3540000.0,-0.011823276057839394,0.0054882485419511795,0.0387813076376915,0.6567891240119934,0.1359601616859436,-2.296426773071289,8648.65625,19.512304306030273,17.72881317138672,37.24111557006836,537.0408325195312,372.3262939453125
8.665058135986328,34.2400016784668,1000.0,177.0,0.21850517392158508,0.020860575139522552,8.0,0.9980759024620056,0.9980759024620056,0.9980759024620056,0.020787831395864487,8.64000030560419e-05,0.30110394954681396,3560000.0,-0.014965117909014225,-0.0031418418511748314,0.39692264795303345,0.5033530592918396,-0.1534360647201538,-1.3241908550262451,8691.439453125,19.40004539489746,23.363903045654297,42.763946533203125,467.6836853027344,539.8989868164062
8.391073226928711,38.099998474121094,1000.0,178.0,0.2052905261516571,0.020484192296862602,8.0,0.9979404211044312,0.9979404211044312,0.9979404211044312,0.021647557616233826,8.520000119460747e-05,0.29716888070106506,3580000.0,-0.015766074880957603,-0.0008009569719433784,0.21640664339065552,0.7710973024368286,0.267744243144989,-2.553783416748047,8735.4365234375,19.753541946411133,24.22067642211914,43.97421646118164,454.81195068359375,426.8894958496094
8.709447860717773,29.1200008392334,1000.0,179.0,0.20028181374073029,0.021339140832424164,8.0,0.9988113045692444,0.9988113045692444,0.9988113045692444,0.02189565822482109,8.399999933317304e-05,0.2957015037536621,3600000.0,-0.015491706319153309,0.0002743685618042946,-0.02141304314136505,0.691574215888977,-0.07952308654785156,-2.5926969051361084,8778.9111328125,20.093151092529297,23.362077713012695,43.455230712890625,460.2438049316406,571.376220703125
7.658200740814209,28.780000686645508,1000.0,180.0,0.19398708641529083,0.020588204264640808,8.0,0.9976018667221069,0.9976018667221069,0.9976018667221069,0.0223032608628273,8.27999974717386e-05,0.29385650157928467,3620000.0,-0.014592158608138561,0.0008995477110147476,0.08467140793800354,0.4955630600452423,-0.19601115584373474,-1.365683674812317,8821.7138671875,19.444799423217773,23.33835220336914,42.78315353393555,467.4737243652344,789.3927612304688
6.957352161407471,24.360000610351562,1000.0,181.0,0.1868264079093933,0.02033322863280773,9.0,0.9992291927337646,0.9992291927337646,0.9992291927337646,0.021796390414237976,8.160000288626179e-05,0.2917371988296509,3640000.0,-0.017093254253268242,-0.0025010956451296806,-0.10466288030147552,0.5680584907531738,0.07249543070793152,-2.010324239730835,8867.314453125,19.565147399902344,26.016376495361328,45.58152389526367,438.7742614746094,452.36761474609375
7.177131175994873,26.940000534057617,1000.0,182.0,0.18278290331363678,0.020649736747145653,10.0,0.9989973306655884,0.9989973306655884,0.9989973306655884,0.021208543330430984,8.040000102482736e-05,0.2905441224575043,3660000.0,-0.017882801592350006,-0.0007895473390817642,0.17061710357666016,0.606821596622467,0.03876310586929321,-2.116368293762207,8916.7734375,19.789047241210938,29.65013885498047,49.439186096191406,404.53741455078125,528.279296875
7.885013580322266,29.139999389648438,1000.0,183.0,0.17184601724147797,0.024101076647639275,12.0,0.9985654950141907,0.9985654950141907,0.9985654950141907,0.021626977249979973,7.919999916339293e-05,0.287388414144516,3680000.0,-0.01865457370877266,-0.0007717721164226532,0.03230717405676842,0.8690316081047058,0.26221001148223877,-4.602080345153809,8971.6171875,19.96019172668457,34.863101959228516,54.82329177856445,364.8084411621094,353.1650085449219
7.519350528717041,23.239999771118164,1000.0,184.0,0.16023901104927063,0.020985238254070282,8.0,0.9988409280776978,0.9988409280776978,0.9988409280776978,0.021141160279512405,7.79999973019585e-05,0.28406864404678345,3700000.0,-0.014437368139624596,0.004217205569148064,-0.014553556218743324,0.3907689154148102,-0.47826269268989563,-1.2524189949035645,9014.1142578125,19.445581436157227,23.031208038330078,42.47678756713867,470.84539794921875,727.2792358398438
7.053605556488037,23.399999618530273,1000.0,185.0,0.1552126407623291,0.02191643975675106,8.0,0.9984924793243408,0.9984924793243408,0.9984924793243408,0.020641131326556206,7.680000271648169e-05,0.28262844681739807,3720000.0,-0.01642322540283203,-0.0019858572632074356,-0.03162108361721039,0.7336562871932983,0.34288737177848816,-2.6150991916656494,9056.607421875,19.340164184570312,23.133472442626953,42.473636627197266,470.8803405761719,228.3209228515625
6.385408401489258,31.18000030517578,1000.0,186.0,0.1481429636478424,0.021412717178463936,9.0,0.9974110126495361,0.9974110126495361,0.9974110126495361,0.02074277773499489,7.560000085504726e-05,0.2806289494037628,3740000.0,-0.01828506961464882,-0.0018618442118167877,-0.1865115463733673,0.9143937230110168,0.1807374358177185,-3.939779758453369,9102.6435546875,19.42942237854004,26.586156845092773,46.01557922363281,434.6354064941406,304.55133056640625
7.366346836090088,30.299999237060547,1000.0,187.0,0.1410062313079834,0.02083609253168106,3.0,0.9986539483070374,0.9986539483070374,0.9986539483070374,0.01759306527674198,7.439999899361283e-05,0.27862629294395447,3760000.0,-0.006209839601069689,0.01207523001357913,-0.011178916320204735,0.8708881139755249,-0.04350560903549194,-3.1830739974975586,9131.833984375,20.194190979003906,8.974677085876465,29.168869018554688,685.6625366210938,612.6156616210938
7.233076095581055,29.420000076293945,1000.0,188.0,0.13609403371810913,0.02005767449736595,12.0,0.9986074566841125,0.9986074566841125,0.9986074566841125,0.021192770451307297,7.31999971321784e-05,0.2772628664970398,3780000.0,-0.019834699109196663,-0.013624859508126974,-0.024850912392139435,0.7355383038520813,-0.1353498101234436,-3.1769373416900635,9185.876953125,19.487398147583008,34.537322998046875,54.02471923828125,370.2008972167969,566.1624755859375
7.694097995758057,16.100000381469727,1000.0,189.0,0.12429141998291016,0.023228049278259277,6.0,1.0011717081069946,1.0011717081069946,1.0011717081069946,0.019954863935709,7.200000254670158e-05,0.2740047872066498,3800000.0,-0.012006646953523159,0.007828052155673504,-0.2388293296098709,0.5460012555122375,-0.18953704833984375,-1.5017595291137695,9222.416015625,19.532175064086914,16.9853458404541,36.517520904541016,547.6823120117188,779.1511840820312
8.061073303222656,15.920000076293945,1000.0,190.0,0.1118687316775322,0.020280931144952774,12.0,1.0001840591430664,1.0001840591430664,1.0001840591430664,0.021502545103430748,7.080000068526715e-05,0.27062299847602844,3820000.0,-0.02057814598083496,-0.008571499027311802,0.09131099283695221,0.3994360864162445,-0.14656516909599304,-1.0645041465759277,9276.416015625,19.12248992919922,34.85834503173828,53.9808349609375,370.5018615722656,741.5611572265625
8.312899589538574,33.2400016784668,1000.0,191.0,0.10061182826757431,0.021379120647907257,12.0,0.9995986223220825,0.9995986223220825,0.9995986223220825,0.021606819704174995,6.959999882383272e-05,0.26758873462677,3840000.0,-0.021524105221033096,-0.0009459592401981354,-0.07244668900966644,0.8104831576347351,0.4110470712184906,-3.4048585891723633,9330.666015625,19.582698822021484,34.646209716796875,54.22890853881836,368.8069763183594,-702.83203125
8.375484466552734,35.540000915527344,1000.0,192.0,0.0968284010887146,0.02128686010837555,11.0,0.9992856383323669,0.9992856383323669,0.9992856383323669,0.023077795282006264,6.839999696239829e-05,0.26657727360725403,3860000.0,-0.016236523166298866,0.00528758205473423,-0.11316319555044174,0.49840593338012695,-0.31207722425460815,-1.467978596687317,9381.2216796875,19.373205184936523,31.161500930786133,50.534706115722656,395.7676086425781,758.109375
8.83523178100586,33.400001525878906,1000.0,193.0,0.08945197612047195,0.020666584372520447,12.0,0.9975754022598267,0.9975754022598267,0.9975754022598267,0.021817702800035477,6.720000237692147e-05,0.26461997628211975,3880000.0,-0.019438453018665314,-0.0032019298523664474,-0.04228421300649643,0.43226075172424316,-0.06614518165588379,-1.1467547416687012,9435.3115234375,19.88677406311035,34.183231353759766,54.07000732421875,369.8908386230469,763.8546752929688
9.003817558288574,21.239999771118164,1000.0,194.0,0.07937747240066528,0.020425716415047646,10.0,0.9974291324615479,0.9974291324615479,0.9974291324615479,0.02130955643951893,6.600000051548705e-05,0.2619680166244507,3900000.0,-0.017502453178167343,0.0019359998404979706,0.02935144491493702,0.6146472096443176,0.18238645792007446,-1.490424394607544,9484.6767578125,20.091215133666992,29.252717971801758,49.34393310546875,405.31829833984375,862.2955932617188
8.158982276916504,16.360000610351562,1000.0,195.0,0.06572870910167694,0.020409058779478073,9.0,0.9988930821418762,0.9988930821418762,0.9988930821418762,0.02074487693607807,6.479999865405262e-05,0.2584134340286255,3920000.0,-0.01805482804775238,-0.0005523748695850372,-0.27288565039634705,0.5018513202667236,-0.112795889377594,-1.8226633071899414,9529.4462890625,19.12059783935547,25.628202438354492,44.748802185058594,446.9393615722656,694.1710205078125
7.045950889587402,17.780000686645508,1000.0,196.0,0.0600992776453495,0.020884785801172256,9.0,1.0000094175338745,1.0000094175338745,1.0000094175338745,0.019981004297733307,6.359999679261819e-05,0.25696149468421936,3940000.0,-0.015966301783919334,0.002088526263833046,0.002066444605588913,0.5897731781005859,0.0879218578338623,-1.2290282249450684,9574.6025390625,19.22242546081543,25.913034439086914,45.135459899902344,443.110595703125,699.7327270507812
6.8524065017700195,26.6200008392334,1000.0,197.0,0.05463848263025284,0.020695889368653297,14.0,1.0006238222122192,1.0006238222122192,1.0006238222122192,0.021631982177495956,6.240000220714137e-05,0.2555612325668335,3960000.0,-0.02426021359860897,-0.008293911814689636,-0.03652190789580345,0.8546056747436523,0.2648324966430664,-4.1959357261657715,9634.1533203125,19.034883499145508,40.49590301513672,59.530784606933594,335.96063232421875,46.10201644897461
6.809751987457275,27.84000015258789,1000.0,198.0,0.046590302139520645,0.02236669696867466,14.0,1.0007165670394897,1.0007165670394897,1.0007165670394897,0.02142573893070221,6.120000034570694e-05,0.253512442111969,3980000.0,-0.022160492837429047,0.002099720761179924,0.043862029910087585,0.526847779750824,-0.32775789499282837,-2.4149153232574463,9693.91796875,19.37027931213379,40.371192932128906,59.74147415161133,334.77581787109375,403.56903076171875
7.6591477394104,31.18000030517578,1000.0,199.0,0.03128650784492493,0.020784921944141388,13.0,0.9988939762115479,0.9988939762115479,0.9988939762115479,0.021556520834565163,5.999999848427251e-05,0.24966394901275635,4000000.0,-0.021160148084163666,0.0010003447532653809,0.11562599986791611,0.7867128252983093,0.25986504554748535,-3.9644057750701904,9750.9755859375,19.717636108398438,37.317771911621094,57.03540802001953,350.65936279296875,143.39353942871094
7.542707443237305,28.719999313354492,1000.0,200.0,0.020484797656536102,0.022803720086812973,8.0,0.9981531500816345,0.9981531500816345,0.9981531500816345,0.020213177427649498,5.880000026081689e-05,0.24697978794574738,4020000.0,-0.015590804629027843,0.005569343455135822,0.19562867283821106,0.7824033498764038,-0.004309475421905518,-2.594254970550537,9792.119140625,19.029003143310547,22.09389305114746,41.12289810180664,486.3470764160156,314.4759521484375
7.913393974304199,28.760000228881836,1000.0,201.0,0.011086600832641125,0.021895265206694603,12.0,1.00054931640625,1.00054931640625,1.00054931640625,0.021723536774516106,5.759999839938246e-05,0.24466969072818756,4040000.0,-0.019542379304766655,-0.0039515746757388115,-0.12724976241588593,0.6441285610198975,-0.13827478885650635,-1.6810061931610107,9844.1513671875,19.392868041992188,32.62091827392578,52.01378631591797,384.513427734375,527.779296875
7.341667652130127,27.34000015258789,1000.0,202.0,0.001839841715991497,0.02215886302292347,13.0,0.9998065233230591,0.9998065233230591,0.9998065233230591,0.02180505357682705,5.6400000175926834e-05,0.2424183189868927,4060000.0,-0.02028610184788704,-0.0007437225431203842,-0.10167377442121506,0.5242075324058533,-0.11992102861404419,-1.993099570274353,9898.669921875,19.62392807006836,34.87277603149414,54.4967041015625,366.9946594238281,574.2755737304688
7.267410755157471,23.100000381469727,1000.0,203.0,-0.01600896753370762,0.02318403124809265,12.0,0.9964318871498108,0.9964318871498108,0.9964318871498108,0.019692962989211082,5.5199998314492404e-05,0.23813396692276,4080000.0,-0.01907285302877426,0.0012132488191127777,-0.018758971244096756,0.4266121983528137,-0.09759533405303955,-2.08233904838562,9951.052734375,19.096479415893555,33.26652908325195,52.36301040649414,381.9490051269531,781.8271484375
7.960866928100586,27.079999923706055,1000.0,204.0,-0.03093809075653553,0.020138464868068695,11.0,0.9996863007545471,0.9996863007545471,0.9996863007545471,0.020521288737654686,5.400000009103678e-05,0.23460820317268372,4100000.0,-0.019192462787032127,-0.0001196097582578659,0.25114697217941284,0.6929835677146912,0.26637136936187744,-3.316011428833008,10000.5849609375,18.89024543762207,30.623329162597656,49.51357650756836,403.92962646484375,134.34930419921875
7.920273303985596,25.0,1000.0,205.0,-0.04239475354552269,0.02105402946472168,13.0,0.9978655576705933,0.9978655576705933,0.9978655576705933,0.019826317206025124,5.279999822960235e-05,0.2319355309009552,4120000.0,-0.020586038008332253,-0.0013935752213001251,-0.022320296615362167,0.8086410164833069,0.11565744876861572,-4.0887885093688965,10057.06640625,19.065847396850586,37.396484375,56.46233367919922,354.21844482421875,368.94927978515625
8.237844467163086,34.380001068115234,1000.0,206.0,-0.052489493042230606,0.020553018897771835,10.0,0.9991228580474854,0.9991228580474854,0.9991228580474854,0.019968008622527122,5.160000000614673e-05,0.22960017621517181,4140000.0,-0.01803811825811863,0.002547919750213623,0.32889291644096375,0.701696515083313,-0.1069445013999939,-2.3618557453155518,10103.4267578125,18.699527740478516,27.639892578125,46.339420318603516,431.59796142578125,129.19467163085938
7.400554180145264,24.780000686645508,1000.0,207.0,-0.06042267382144928,0.020010892301797867,14.0,0.9986917972564697,0.9986917972564697,0.9986917972564697,0.021774696186184883,5.0400001782691106e-05,0.22778497636318207,4160000.0,-0.019384115934371948,-0.0013459976762533188,-0.02515767514705658,0.36613646149635315,-0.33556005358695984,-0.7954123020172119,10161.04296875,19.41238784790039,38.185909271240234,57.598297119140625,347.23248291015625,892.53759765625
7.564396858215332,20.15999984741211,1000.0,208.0,-0.06838785856962204,0.020796725526452065,13.0,1.0001871585845947,1.0001871585845947,1.0001871585845947,0.021506350487470627,4.9199999921256676e-05,0.225976824760437,4180000.0,-0.020979993045330048,-0.0015958771109580994,0.16251036524772644,0.3573848307132721,-0.008751630783081055,-0.5567492842674255,10215.33203125,18.990108489990234,35.2767333984375,54.266841888427734,368.5491638183594,744.021728515625
7.182709217071533,23.5,1000.0,209.0,-0.06854920089244843,0.021161261945962906,16.0,1.0001105070114136,1.0001105070114136,1.0001105070114136,0.021680248901247978,4.8000001697801054e-05,0.22594134509563446,4200000.0,-0.02440793067216873,-0.003427937626838684,0.0808851569890976,0.4262624979019165,0.06887766718864441,-2.307812213897705,10277.291015625,19.323972702026367,42.613067626953125,61.93703842163086,322.9085693359375,407.66412353515625
8.073884010314941,25.760000228881836,1000.0,210.0,-0.07549332827329636,0.021772827953100204,15.0,0.9989156126976013,0.9989156126976013,0.9989156126976013,0.020490316674113274,4.6799999836366624e-05,0.22438251972198486,4220000.0,-0.022548392415046692,0.0018595382571220398,0.048790343105793,0.5607670545578003,0.1345045566558838,-2.6191365718841553,10339.181640625,19.28017807006836,42.587608337402344,61.8677864074707,323.27001953125,657.9312133789062
7.812439441680908,40.63999938964844,1000.0,211.0,-0.08169339597225189,0.020384591072797775,20.0,1.002707600593567,1.002707600593567,1.002707600593567,0.021476909518241882,4.5600001612911e-05,0.222999706864357,4240000.0,-0.02722957544028759,-0.004681183025240898,-0.2774061858654022,0.5515791177749634,-0.009187936782836914,-3.0772600173950195,10412.6767578125,18.812227249145508,54.66147232055664,73.47370147705078,272.20623779296875,-783.259033203125
8.441826820373535,29.780000686645508,1000.0,212.0,-0.08996821939945221,0.020952759310603142,14.0,0.9987345933914185,0.9987345933914185,0.9987345933914185,0.020777320489287376,4.439999975147657e-05,0.22116079926490784,4260000.0,-0.0212746299803257,0.005954945459961891,-0.07986979931592941,0.5646209120750427,0.013041794300079346,-2.2966699600219727,10468.767578125,19.50560188293457,36.55870056152344,56.064300537109375,356.7332458496094,832.3634033203125
8.013036727905273,27.979999542236328,1000.0,213.0,-0.10474754869937897,0.020846113562583923,18.0,0.9958889484405518,0.9958889484405518,0.9958889484405518,0.02130797505378723,4.320000152802095e-05,0.2179187536239624,4280000.0,-0.023274626582860947,-0.001999996602535248,0.2706875205039978,0.4561562240123749,-0.10846468806266785,-1.925026535987854,10536.771484375,19.079679489135742,48.903289794921875,67.98297119140625,294.1913146972656,735.6702880859375
8.326760292053223,21.979999542236328,1000.0,214.0,-0.11581655591726303,0.021671025082468987,17.0,0.99941086769104,0.99941086769104,0.99941086769104,0.02066524513065815,4.199999966658652e-05,0.2155320793390274,4300000.0,-0.022896207869052887,0.0003784187138080597,-0.37715157866477966,0.37846487760543823,-0.07769134640693665,-1.2338255643844604,10602.076171875,19.244476318359375,46.03985595703125,65.28433227539062,306.35223388671875,271.29693603515625
8.360305786132812,25.600000381469727,1000.0,215.0,-0.12463044375181198,0.020761646330356598,18.0,1.0006998777389526,1.0006998777389526,1.0006998777389526,0.020523719489574432,4.0800001443130895e-05,0.2136397361755371,4320000.0,-0.024549588561058044,-0.0016533806920051575,-0.2643166184425354,0.4277332127094269,0.04926833510398865,-2.1608214378356934,10670.2724609375,19.15615463256836,49.0163688659668,68.17252349853516,293.3733215332031,457.3990783691406
8.574082374572754,26.280000686645508,1000.0,216.0,-0.13092665374279022,0.023992329835891724,18.0,1.0007365942001343,1.0007365942001343,1.0007365942001343,0.021311277523636818,3.9599999581696466e-05,0.21229985356330872,4340000.0,-0.021334657445549965,0.0032149311155080795,-0.3587024211883545,0.5086411833763123,0.08090797066688538,-1.8470300436019897,10738.9892578125,18.789913177490234,49.9068603515625,68.69677734375,291.1344909667969,797.2849731445312
8.146683692932129,28.68000030517578,1000.0,217.0,-0.13839560747146606,0.021332312375307083,16.0,1.000152826309204,1.000152826309204,1.000152826309204,0.020547790452837944,3.840000135824084e-05,0.21071720123291016,4360000.0,-0.02356714755296707,-0.0022324901074171066,-0.08387478440999985,0.41884845495224,-0.08979272842407227,-1.3063254356384277,10800.869140625,18.74691390991211,43.10980224609375,61.85671615600586,323.3278503417969,324.87451171875
8.483534812927246,22.700000762939453,1000.0,218.0,-0.14452823996543884,0.023490959778428078,20.0,1.000972867012024,1.000972867012024,1.000972867012024,0.02117098495364189,3.719999949680641e-05,0.20943360030651093,4380000.0,-0.024176744744181633,-0.0006095971912145615,0.47726550698280334,0.49764367938041687,0.07879522442817688,-2.2194924354553223,10873.69921875,19.27412223815918,53.53266906738281,72.80679321289062,274.69964599609375,629.0365600585938
8.319881439208984,24.34000015258789,1000.0,219.0,-0.1549055129289627,0.020547695457935333,21.0,0.9991142749786377,0.9991142749786377,0.9991142749786377,0.020324217155575752,3.600000127335079e-05,0.20727074146270752,4400000.0,-0.02563878707587719,-0.0014620423316955566,-0.235937237739563,0.4517787992954254,-0.045864880084991455,-2.4391748905181885,10950.970703125,18.926910400390625,58.320274353027344,77.24718475341797,258.90911865234375,522.9786376953125
8.709648132324219,19.559999465942383,1000.0,220.0,-0.16816829144954681,0.02050033211708069,19.0,0.9982565641403198,0.9982565641403198,0.9982565641403198,0.020872419700026512,3.479999941191636e-05,0.2045462280511856,4420000.0,-0.024048082530498505,0.001590704545378685,0.003761831670999527,0.4104011654853821,-0.041377633810043335,-2.023650646209717,11022.822265625,18.75640869140625,53.071136474609375,71.82754516601562,278.4447326660156,549.541015625
8.79379653930664,22.8799991607666,1000.0,221.0,-0.1809614896774292,0.020077930763363838,18.0,1.0008659362792969,1.0008659362792969,1.0008659362792969,0.02053348906338215,3.360000118846074e-05,0.20194299519062042,4440000.0,-0.021660776808857918,0.002387305721640587,0.14559148252010345,0.6843774914741516,0.27397632598876953,-2.1857147216796875,11091.3525390625,19.014650344848633,49.49336624145508,68.50801849365234,291.9366455078125,568.0111083984375
9.03458309173584,22.799999237060547,1000.0,222.0,-0.19304874539375305,0.02121308632194996,20.0,0.9994801878929138,0.9994801878929138,0.9994801878929138,0.020386477932333946,3.239999932702631e-05,0.1995195746421814,4460000.0,-0.024158885702490807,-0.002498108893632889,0.26887407898902893,0.5882397890090942,-0.09613770246505737,-2.163198947906494,11165.9921875,18.745899200439453,55.87131881713867,74.61721801757812,268.0346374511719,647.1651611328125
9.099230766296387,28.540000915527344,1000.0,223.0,-0.20678409934043884,0.020935872569680214,20.0,1.0005875825881958,1.0005875825881958,1.0005875825881958,0.02049509808421135,3.1200001103570685e-05,0.19679321348667145,4480000.0,-0.026659570634365082,-0.002500684931874275,0.10924852639436722,0.7317602038383484,0.14352041482925415,-3.609238386154175,11240.5341796875,18.721702575683594,55.795352935791016,74.51799011230469,268.39154052734375,206.60720825195312
7.732320785522461,39.20000076293945,1000.0,224.0,-0.2149699628353119,0.02269904688000679,22.0,0.9992790222167969,0.9992790222167969,0.9992790222167969,0.02091558650135994,2.9999999242136255e-05,0.19518454372882843,4500000.0,-0.026251476258039474,0.0004080943763256073,-0.11294686049222946,0.47822368144989014,-0.25353652238845825,-2.3406054973602295,11319.98828125,18.74302101135254,60.68841552734375,79.43143463134766,251.7894744873047,-3.3200149536132812
8.200069427490234,39.5,1000.0,225.0,-0.22657454013824463,0.020404504612088203,28.0,1.001263976097107,1.001263976097107,1.001263976097107,0.020598154515028,2.879999919969123e-05,0.19293062388896942,4520000.0,-0.026770956814289093,-0.0005194805562496185,0.08980687707662582,0.42337566614151,-0.05484801530838013,-1.6425535678863525,11415.30078125,18.699352264404297,76.59002685546875,95.28937530517578,209.88697814941406,637.7391357421875
8.212292671203613,30.420000076293945,1000.0,226.0,-0.24087326228618622,0.02110401540994644,23.0,0.9990216493606567,0.9990216493606567,0.9990216493606567,0.020501939579844475,2.7599999157246202e-05,0.19020725786685944,4540000.0,-0.025676390156149864,0.0010945666581392288,-0.09229075163602829,0.5570977926254272,0.13372212648391724,-2.3895435333251953,11495.7978515625,18.798994064331055,61.67414855957031,80.47314453125,248.53012084960938,662.8074951171875
8.62304973602295,20.5,1000.0,227.0,-0.25123026967048645,0.020125871524214745,28.0,1.0011379718780518,1.0011379718780518,1.0011379718780518,0.020080475136637688,2.6399999114801176e-05,0.18825216591358185,4560000.0,-0.029756292700767517,-0.004079902544617653,-0.12497077137231827,0.4841454029083252,-0.07295238971710205,-2.899510622024536,11591.775390625,18.985958099365234,76.9693832397461,95.95533752441406,208.4302978515625,206.77206420898438
8.624543190002441,22.600000381469727,1000.0,228.0,-0.2595427632331848,0.020008418709039688,28.0,1.0006718635559082,1.0006718635559082,1.0006718635559082,0.020061511546373367,2.5200000891345553e-05,0.18670083582401276,4580000.0,-0.027053069323301315,0.0027032233774662018,-0.1130603700876236,0.3999904990196228,-0.08415490388870239,-1.3882726430892944,11688.021484375,19.18712615966797,77.03498077392578,96.22210693359375,207.85244750976562,638.2335205078125
8.708503723144531,25.479999542236328,1000.0,229.0,-0.2736884653568268,0.020388951525092125,23.0,0.9970293045043945,0.9970293045043945,0.9970293045043945,0.020451586693525314,2.4000000848900527e-05,0.1840827763080597,4600000.0,-0.025195399299263954,0.0018576700240373611,0.10667020082473755,0.4458502531051636,0.04585975408554077,-2.1904947757720947,11768.7177734375,19.19593620300293,61.474239349365234,80.67018127441406,247.923095703125,578.55517578125
9.233816146850586,21.1200008392334,1000.0,230.0,-0.29103466868400574,0.020257126539945602,24.0,0.9981541633605957,0.9981541633605957,0.9981541633605957,0.019465826451778412,2.28000008064555e-05,0.1809048056602478,4620000.0,-0.023745091632008553,0.0014503076672554016,-0.34904932975769043,0.34663745760917664,-0.09921279549598694,-1.045579433441162,11852.63671875,19.577112197875977,64.31806182861328,83.89517211914062,238.39273071289062,863.5594482421875
9.481586456298828,18.6200008392334,1000.0,231.0,-0.3086945712566376,0.020382018759846687,25.0,0.9996923804283142,0.9996923804283142,0.9996923804283142,0.020172595977783203,2.1600000764010474e-05,0.17772623896598816,4640000.0,-0.026525123044848442,-0.0027800314128398895,0.18258410692214966,0.33718910813331604,-0.009448349475860596,-0.6928518414497375,11939.6923828125,19.06333351135254,67.96868133544922,87.03201293945312,229.8004913330078,756.0844116210938
9.296717643737793,18.899999618530273,1000.0,232.0,-0.31966540217399597,0.020684635266661644,29.0,1.0000889301300049,1.0000889301300049,1.0000889301300049,0.020036086440086365,2.0400000721565448e-05,0.17578452825546265,4660000.0,-0.027315985411405563,-0.0007908623665571213,0.20304927229881287,0.3395748734474182,0.002385765314102173,-1.3831385374069214,12037.09765625,18.71698760986328,78.66555786132812,97.3825454711914,205.37562561035156,560.5663452148438
9.262081146240234,19.020000457763672,1000.0,233.0,-0.324795663356781,0.020130179822444916,37.0,1.0008347034454346,1.0008347034454346,1.0008347034454346,0.0205254964530468,1.920000067912042e-05,0.17488792538642883,4680000.0,-0.02979268692433834,-0.0024767015129327774,0.10053515434265137,0.3330134153366089,-0.006561458110809326,-1.3094512224197388,12156.2763671875,19.39259910583496,99.75725555419922,119.14985656738281,167.85585021972656,634.2061157226562
8.584456443786621,21.299999237060547,1000.0,234.0,-0.3311617970466614,0.020229481160640717,33.0,1.000749945640564,1.000749945640564,1.000749945640564,0.020250588655471802,1.8000000636675395e-05,0.17377778887748718,4700000.0,-0.030449330806732178,-0.000656643882393837,0.03766109049320221,0.4239947199821472,0.09098130464553833,-2.3662936687469482,12263.9365234375,19.021682739257812,88.61087036132812,107.63255310058594,185.81739807128906,403.5037841796875
8.949110984802246,22.959999084472656,1000.0,235.0,-0.3324020802974701,0.02037615142762661,38.0,1.0017774105072021,1.0017774105072021,1.0017774105072021,0.020228952169418335,1.680000059423037e-05,0.17357206344604492,4720000.0,-0.02855875715613365,0.001890573650598526,0.014398845843970776,0.2868749499320984,-0.13711977005004883,-1.0750107765197754,12384.16015625,18.791414260864258,101.40641784667969,120.19783020019531,166.39234924316406,500.89892578125
9.390460014343262,23.020000457763672,1000.0,236.0,-0.3369712233543396,0.02011873386800289,40.0,0.9991190433502197,0.9991190433502197,0.9991190433502197,0.020304353907704353,1.5600000551785342e-05,0.1727931797504425,4740000.0,-0.027913957834243774,0.0006447993218898773,0.57627934217453,0.2728794515132904,-0.013995498418807983,-1.3452303409576416,12510.9833984375,18.84619140625,107.94868469238281,126.79487609863281,157.73507690429688,705.1497802734375
9.601517677307129,22.440000534057617,1000.0,237.0,-0.3459213376045227,0.020299207419157028,40.0,1.0004239082336426,1.0004239082336426,1.0004239082336426,0.019463375210762024,1.4399999599845614e-05,0.17125967144966125,4760000.0,-0.029663685709238052,-0.001749727874994278,-0.25930705666542053,0.33150383830070496,0.05862438678741455,-1.530853271484375,12639.009765625,18.66624641418457,109.33238983154297,127.9986343383789,156.2516632080078,499.64044189453125
9.028190612792969,20.6200008392334,1000.0,238.0,-0.351968377828598,0.018345225602388382,40.0,1.0000208616256714,1.0000208616256714,1.0000208616256714,0.01992901973426342,1.3199999557400588e-05,0.17022185027599335,4780000.0,-0.027351638302206993,0.0023120474070310593,-0.0014306511729955673,0.4065227806568146,0.07501894235610962,-2.57456636428833,12765.3212890625,18.73615264892578,107.54537963867188,126.28153228759766,158.37628173828125,564.4521484375
8.214595794677734,25.3799991607666,1000.0,239.0,-0.35163506865501404,0.015851637348532677,40.0,0.9999402761459351,0.9999402761459351,0.9999402761459351,0.01775931753218174,1.2000000424450263e-05,0.17027418315410614,4800000.0,-0.026754416525363922,0.000597221776843071,-0.22401730716228485,0.35217612981796265,-0.05434665083885193,-2.2058920860290527,12891.2802734375,18.74647331237793,107.18197631835938,125.9284439086914,158.8203582763672,398.1084899902344
8.676725387573242,35.29999923706055,1000.0,240.0,-0.3563987612724304,0.014779072254896164,40.0,1.000447392463684,1.000447392463684,1.000447392463684,0.01757180690765381,1.0800000382005237e-05,0.16946624219417572,4820000.0,-0.027081770822405815,-0.000327354297041893,-0.14225657284259796,0.5215943455696106,0.16941821575164795,-3.3579723834991455,13018.9833984375,18.76249885559082,108.91265869140625,127.67516326904297,156.6475372314453,-117.169189453125
8.919329643249512,32.279998779296875,1000.0,241.0,-0.36659735441207886,0.015822894871234894,40.0,0.9985402226448059,0.9985402226448059,0.9985402226448059,0.017876235768198967,9.60000033956021e-06,0.16774983704090118,4840000.0,-0.026239318773150444,0.0008424520492553711,-0.10175895690917969,0.35892951488494873,-0.16266483068466187,-2.0683748722076416,13146.37109375,18.736373901367188,108.62256622314453,127.35894012451172,157.03648376464844,611.3264770507812
8.672633171081543,32.7400016784668,1000.0,242.0,-0.3743744492530823,0.013538992032408714,40.0,1.0018950700759888,1.0018950700759888,1.0018950700759888,0.017081934958696365,8.400000297115184e-06,0.1664448231458664,4860000.0,-0.025066500529646873,0.0011728182435035706,0.1978975087404251,0.3185204565525055,-0.04040905833244324,-2.148944616317749,13268.21875,18.631717681884766,103.18551635742188,121.81723022460938,164.18038940429688,317.0881042480469
8.369515419006348,29.81999969482422,1000.0,243.0,-0.380100280046463,0.01325833611190319,40.0,1.0001882314682007,1.0001882314682007,1.0001882314682007,0.0161322969943285,7.199999799922807e-06,0.16548451781272888,4880000.0,-0.02327626943588257,0.0017902310937643051,0.024501323699951172,0.5134950876235962,0.1949746310710907,-3.0475995540618896,13389.724609375,18.39389419555664,103.08468627929688,121.47857666015625,164.63807678222656,363.4214782714844
7.8604936599731445,31.760000228881836,1000.0,244.0,-0.3864230513572693,0.012533295899629593,40.0,1.0005745887756348,1.0005745887756348,1.0005745887756348,0.01605018973350525,6.000000212225132e-06,0.16443446278572083,4900000.0,-0.022685442119836807,0.0005908273160457611,0.3380105197429657,0.44598060846328735,-0.06751447916030884,-2.808704376220703,13509.2373046875,18.330875396728516,101.15528106689453,119.48616027832031,167.38340759277344,454.99267578125
7.610264778137207,35.79999923706055,1000.0,245.0,-0.39320632815361023,0.010663916356861591,40.0,0.9985699653625488,0.9985699653625488,0.9985699653625488,0.01468837633728981,4.800000169780105e-06,0.16332368552684784,4920000.0,-0.022230561822652817,0.0004548802971839905,-0.06977781653404236,0.506706953048706,0.0607263445854187,-3.1961326599121094,13630.693359375,18.410200119018555,103.01797485351562,121.42816925048828,164.7064208984375,345.99609375
7.656485080718994,37.70000076293945,1000.0,246.0,-0.39696064591407776,0.009306577034294605,40.0,0.9994690418243408,0.9994690418243408,0.9994690418243408,0.014113334007561207,3.5999998999614036e-06,0.16271109879016876,4940000.0,-0.019897587597370148,0.002332974225282669,-0.000504225492477417,0.4178765118122101,-0.08883044123649597,-2.017258882522583,13752.603515625,18.344099044799805,103.53742980957031,121.88153076171875,164.09378051757812,-236.74957275390625
7.617337703704834,44.880001068115234,1000.0,247.0,-0.39821168780326843,0.0079732621088624,40.0,0.9998961091041565,0.9998961091041565,0.9998961091041565,0.01302156038582325,2.4000000848900527e-06,0.1625068038702011,4960000.0,-0.017255090177059174,0.002642497420310974,0.16392280161380768,0.4104378819465637,-0.007438629865646362,-2.270192861557007,13874.091796875,18.401813507080078,103.05838775634766,121.460205078125,164.66297912597656,-34.78592300415039
7.9833807945251465,45.31999969482422,1000.0,248.0,-0.3989958167076111,0.006427041720598936,40.0,0.9994490146636963,0.9994490146636963,0.9994490146636963,0.011700646951794624,1.2000000424450263e-06,0.16237877309322357,4980000.0,-0.014028129167854786,0.0032269610092043877,-0.23817874491214752,0.4756988286972046,0.06526094675064087,-3.655561685562134,13994.314453125,18.385910034179688,101.80679321289062,120.19270324707031,166.3994598388672,341.74029541015625
8.526664733886719,41.08000183105469,1000.0,249.0,-0.3989507555961609,0.004679401870816946,40.0,0.9996722340583801,0.9996722340583801,0.9996722340583801,0.009465598501265049,0.0,0.1623872071504593,5000000.0,-0.009148387238383293,0.004879741929471493,-0.07996578514575958,0.4929311275482178,0.017232298851013184,-2.722823143005371,14115.64453125,18.49645233154297,102.80625915527344,121.3027114868164,164.8767852783203,186.47543334960938
