Metrics/EpRet,Metrics/EpCost,Metrics/EpLen,Train/Epoch,Train/Entropy,Train/KL,Train/StopIter,Train/PolicyRatio,Train/PolicyRatio/Min,Train/PolicyRatio/Max,Train/PolicyRatio/Std,Train/LR,Train/PolicyStd,TotalEnvSteps,Loss/Loss_pi,Loss/Loss_pi/Delta,Value/Adv,Loss/Loss_reward_critic,Loss/Loss_reward_critic/Delta,Value/reward,Loss/Loss_cost_critic,Loss/Loss_cost_critic/Delta,Value/cost,Time/Total,Time/Rollout,Time/Update,Time/Epoch,Time/FPS,Metrics/LagrangeMultiplier
-0.5704877972602844,94.0,1000.0,0.0,1.415545105934143,0.047286257147789,2.0,1.0006266832351685,1.0006266832351685,1.0006266832351685,0.03208751603960991,0.00029880000511184335,0.9966214299201965,20000.0,-0.005419070366770029,-0.005419070366770029,0.1567499339580536,0.02001081593334675,0.02001081593334675,0.026570213958621025,16.209280014038086,16.209280014038086,0.08440340310335159,32.46702575683594,23.343830108642578,9.122159957885742,32.46599197387695,616.0292358398438,0.03599999472498894
-0.2232920378446579,84.6875,1000.0,1.0,1.413710355758667,0.06391584128141403,2.0,1.0015568733215332,1.0015568733215332,1.0015568733215332,0.06781522184610367,0.0002975999959744513,0.9947903752326965,40000.0,-0.009705713950097561,-0.004286643583327532,0.22725453972816467,0.00482593197375536,-0.015184883959591389,0.059755921363830566,10.667298316955566,-5.5419816970825195,2.0133349895477295,63.14451217651367,21.691022872924805,8.964839935302734,30.65586280822754,652.4037475585938,0.07077699899673462
0.24678581953048706,86.35416412353516,1000.0,2.0,1.4153292179107666,0.018426857888698578,3.0,0.9995418190956116,0.9995418190956116,0.9995418190956116,0.022399140521883965,0.00029639998683705926,0.9963992238044739,60000.0,-0.00028231131727807224,0.009423402632819489,-0.14006976783275604,0.007388509809970856,0.002562577836215496,0.055377207696437836,9.910152435302734,-0.757145881652832,3.425029993057251,99.87318420410156,22.866724014282227,13.840871810913086,36.70759582519531,544.8463745117188,0.10556289553642273
1.2024794816970825,86.0199966430664,1000.0,3.0,1.4141101837158203,0.026557091623544693,2.0,1.0004676580429077,1.0004676580429077,1.0004676580429077,0.02161215990781784,0.00029520000680349767,0.9951852560043335,80000.0,-0.0008292373386211693,-0.0005469260213430971,0.10348439961671829,0.008102655410766602,0.0007141456007957458,0.08158069103956223,10.307357788085938,0.3972053527832031,4.768421649932861,129.91134643554688,20.75780487060547,9.259825706481934,30.01763153076172,666.2750854492188,0.1403493583202362
2.3309848308563232,84.91999816894531,1000.0,4.0,1.4120135307312012,0.015785494819283485,2.0,1.0004057884216309,1.0004057884216309,1.0004057884216309,0.016672208905220032,0.00029399999766610563,0.9931086897850037,100000.0,0.0005242938059382141,0.0013535311445593834,-0.34811490774154663,0.016507327556610107,0.008404672145843506,0.12138798832893372,9.546417236328125,-0.7609405517578125,4.539419651031494,163.05105590820312,23.587514877319336,9.530158042907715,33.11870193481445,603.888427734375,0.17510762810707092
3.6600725650787354,78.22000122070312,1000.0,5.0,1.4118510484695435,0.013590103946626186,6.0,1.0001815557479858,1.0001815557479858,1.0001815557479858,0.020468909293413162,0.0002927999885287136,0.9929677844047546,120000.0,-0.0012531318934634328,-0.0017774256994016469,0.03893297165632248,0.022233683615922928,0.0057263560593128204,0.19300004839897156,4.4678497314453125,-5.0785675048828125,5.252486705780029,213.52685546875,22.69916343688965,27.756383895874023,50.45554733276367,396.3885192871094,0.20961730182170868
5.114866256713867,55.619998931884766,1000.0,6.0,1.4110132455825806,0.014852622523903847,4.0,0.9984857439994812,0.9984857439994812,0.9984857439994812,0.01978406496345997,0.000291600008495152,0.9921200275421143,140000.0,-0.0006259898073039949,0.0006271420861594379,0.04819324612617493,0.023857897147536278,0.00162421353161335,0.26575034856796265,3.1059374809265137,-1.3619122505187988,4.2347846031188965,255.69398498535156,22.283912658691406,19.860078811645508,42.14398956298828,474.5635070800781,0.24270793795585632
7.603143215179443,42.560001373291016,1000.0,7.0,1.4095804691314697,0.012808887287974358,5.0,0.9997935891151428,0.9997935891151428,0.9997935891151428,0.01985636167228222,0.00029039999935775995,0.9906955361366272,160000.0,-0.0011138947447761893,-0.00048790493747219443,-0.10482533276081085,0.028231553733348846,0.004373656585812569,0.5385147929191589,3.653510570526123,0.5475730895996094,3.934765338897705,301.9833068847656,23.590988159179688,22.67618179321289,46.26716995239258,432.2719421386719,0.2736791968345642
11.646411895751953,36.279998779296875,1000.0,8.0,1.404506802558899,0.009387214668095112,14.0,1.0003021955490112,1.0003021955490112,1.0003021955490112,0.017208002507686615,0.0002891999902203679,0.9856773614883423,180000.0,-0.002951539121568203,-0.0018376443767920136,-0.19947925209999084,0.027968628332018852,-0.0002629254013299942,0.7902714610099792,1.5309600830078125,-2.1225504875183105,4.543931007385254,391.1884765625,24.128087997436523,65.05445098876953,89.18253326416016,224.2591552734375,0.3023582100868225
15.600375175476074,38.13999938964844,1000.0,9.0,1.3999828100204468,0.011290004476904869,9.0,0.9986739158630371,0.9986739158630371,0.9986739158630371,0.020159617066383362,0.0002880000101868063,0.9812338352203369,200000.0,-0.0017277932493016124,0.0012237458722665906,-0.06096780300140381,0.029520198702812195,0.0015515703707933426,0.955407440662384,1.6289830207824707,0.0980229377746582,4.4335198402404785,454.90667724609375,22.51791763305664,41.173126220703125,63.691043853759766,314.0158996582031,0.32930925488471985
16.982379913330078,36.400001525878906,1000.0,10.0,1.3993202447891235,0.02793167531490326,2.0,0.9989568591117859,0.9989568591117859,0.9989568591117859,0.02900845929980278,0.0002868000010494143,0.9805780649185181,220000.0,-0.0021808710880577564,-0.00045307783875614405,0.023459680378437042,0.027864666655659676,-0.0016555320471525192,0.9741244316101074,2.821305751800537,1.1923227310180664,3.833056926727295,485.27191162109375,21.44964027404785,8.892753601074219,30.34239387512207,659.143798828125,0.35464492440223694
17.697734832763672,36.70000076293945,1000.0,11.0,1.39780592918396,0.01051633246243,9.0,1.0000172853469849,1.0000172853469849,1.0000172853469849,0.02043093368411064,0.00028559999191202223,0.9790957570075989,240000.0,-0.0018065269105136395,0.000374344177544117,0.12902113795280457,0.02623915858566761,-0.0016255080699920654,1.140710711479187,1.9377557039260864,-0.8835500478744507,4.187699794769287,549.8804321289062,23.725872039794922,40.863792419433594,64.58966064453125,309.6470642089844,0.37863630056381226
17.820819854736328,43.459999084472656,1000.0,12.0,1.3992767333984375,0.011342189274728298,3.0,0.999647319316864,0.999647319316864,0.999647319316864,0.019049400463700294,0.00028440001187846065,0.980553925037384,260000.0,2.1513531464734115e-05,0.0018280404419783736,0.1609022319316864,0.029532475396990776,0.003293316811323166,1.3180865049362183,3.311250686645508,1.3734949827194214,4.490798473358154,588.5010986328125,24.652978897094727,13.944822311401367,38.597801208496094,518.1642456054688,0.4021148681640625
19.1915340423584,47.02000045776367,1000.0,13.0,1.3957698345184326,0.012755981646478176,3.0,0.9987397789955139,0.9987397789955139,0.9987397789955139,0.0160367488861084,0.0002832000027410686,0.9771434664726257,280000.0,0.0005337996990419924,0.0005122861675772583,-0.08408718556165695,0.027709944173693657,-0.0018225312232971191,1.3928900957107544,2.844536781311035,-0.46671390533447266,4.36280632019043,623.1365966796875,20.583194732666016,14.031280517578125,34.61447525024414,577.7929077148438,0.42549097537994385
19.491802215576172,51.91999816894531,1000.0,14.0,1.3912042379379272,0.010520515032112598,5.0,1.0013813972473145,1.0013813972473145,1.0013813972473145,0.01882180944085121,0.00028199999360367656,0.9727105498313904,300000.0,-0.0006774535868316889,-0.0012112532858736813,-0.007362633943557739,0.03139643743634224,0.0036864932626485825,1.5340888500213623,2.9034862518310547,0.05894947052001953,4.876536846160889,668.0596923828125,22.85004234313965,22.052993774414062,44.903038024902344,445.4041748046875,0.4492184817790985
20.1407527923584,51.29999923706055,1000.0,15.0,1.3876792192459106,0.009940123185515404,5.0,1.000907301902771,1.000907301902771,1.000907301902771,0.019451219588518143,0.00028080001357011497,0.9692627191543579,320000.0,-0.000827499374281615,-0.00015004578744992614,0.16045674681663513,0.02795986644923687,-0.0034365709871053696,1.5663738250732422,2.530606746673584,-0.3728795051574707,5.040798664093018,715.4047241210938,25.323190689086914,22.0006046295166,47.323795318603516,422.620361328125,0.473226398229599
20.01873016357422,49.279998779296875,1000.0,16.0,1.3816688060760498,0.010744127444922924,8.0,1.0012215375900269,1.0012215375900269,1.0012215375900269,0.037499792873859406,0.0002796000044327229,0.9634352326393127,340000.0,-0.0019384479383006692,-0.0011109485640190542,-0.00888735055923462,0.025889292359352112,-0.002070574089884758,1.5973197221755981,1.9313044548034668,-0.5993022918701172,4.975317478179932,774.40771484375,21.45126724243164,37.5306510925293,58.98191833496094,339.08697509765625,0.4973357319831848
19.983531951904297,45.13999938964844,1000.0,17.0,1.3742443323135376,0.011712081730365753,4.0,1.0015320777893066,1.0015320777893066,1.0015320777893066,0.017412681132555008,0.0002783999952953309,0.9563087821006775,360000.0,-0.00034087648964487016,0.001597571448655799,-0.09585733711719513,0.03501225635409355,0.00912296399474144,1.7293150424957275,2.394874334335327,0.46356987953186035,4.834033012390137,815.18310546875,21.571144104003906,19.180421829223633,40.7525634765625,490.76666259765625,0.5212001204490662
19.691604614257812,48.7599983215332,1000.0,18.0,1.3714479207992554,0.00852807518094778,15.0,1.000599980354309,1.000599980354309,1.000599980354309,0.017243878915905952,0.00027719998615793884,0.9536720514297485,380000.0,-0.0029155677184462547,-0.0025746912288013846,0.14737756550312042,0.02669692412018776,-0.008315332233905792,1.7497607469558716,1.6270827054977417,-0.7677916288375854,4.895455837249756,906.865234375,23.370038986206055,68.2916030883789,91.66163635253906,218.19378662109375,0.5451823472976685
19.157468795776367,48.560001373291016,1000.0,19.0,1.3684786558151245,0.023300962522625923,2.0,1.002599835395813,1.002599835395813,1.002599835395813,0.025922037661075592,0.00027600000612437725,0.9508464336395264,400000.0,-0.0008955165394581854,0.0020200511789880693,0.15430739521980286,0.03143423795700073,0.004737313836812973,1.7321869134902954,2.854961633682251,1.2278789281845093,4.693479061126709,939.2714233398438,23.230382919311523,9.148530960083008,32.37891387939453,617.6859741210938,0.5692717432975769
19.236486434936523,50.380001068115234,1000.0,20.0,1.3636618852615356,0.016058743000030518,5.0,0.9994286298751831,0.9994286298751831,0.9994286298751831,0.022052504122257233,0.0002747999969869852,0.9462592601776123,420000.0,-0.0018016635440289974,-0.000906147004570812,0.10979842394590378,0.030444040894508362,-0.0009901970624923706,1.8792566061019897,2.5599100589752197,-0.29505157470703125,5.024740695953369,984.622314453125,22.762895584106445,22.567543029785156,45.33043670654297,441.20465087890625,0.5936303734779358
19.712121963500977,54.400001525878906,1000.0,21.0,1.3637101650238037,0.015323154628276825,2.0,1.0001581907272339,1.0001581907272339,1.0001581907272339,0.03237881511449814,0.00027359998784959316,0.9462924599647522,440000.0,0.0026828390546143055,0.004484502598643303,-0.08631283789873123,0.0317455492913723,0.0013015083968639374,1.887074589729309,4.138496398925781,1.5785863399505615,5.1186652183532715,1018.6152954101562,24.320045471191406,9.649901390075684,33.969947814941406,588.7556762695312,0.618577778339386
20.616392135620117,53.880001068115234,1000.0,22.0,1.3615281581878662,0.012650648131966591,5.0,1.0003929138183594,1.0003929138183594,1.0003929138183594,0.018490388989448547,0.0002724000078160316,0.9442191123962402,460000.0,-0.0008814269094727933,-0.003564265964087099,-0.2776455879211426,0.0320759043097496,0.0003303550183773041,2.017852783203125,2.5349056720733643,-1.603590726852417,5.169704914093018,1062.75341796875,21.072555541992188,23.04458999633789,44.11714553833008,453.3385009765625,0.6440186500549316
21.854536056518555,50.560001373291016,1000.0,23.0,1.359593391418457,0.007951569743454456,12.0,1.0004606246948242,1.0004606246948242,1.0004606246948242,0.01898759976029396,0.00027119999867863953,0.942387044429779,480000.0,-0.004545200150460005,-0.0036637732409872115,-0.2512512505054474,0.026915479451417923,-0.00516042485833168,2.049093723297119,1.618227243423462,-0.9166784286499023,5.353540420532227,1140.380859375,21.914804458618164,55.690242767333984,77.60504913330078,257.7152099609375,0.6696367263793945
22.2049560546875,44.68000030517578,1000.0,24.0,1.3579641580581665,0.011943039484322071,8.0,1.000745177268982,1.000745177268982,1.000745177268982,0.020108172670006752,0.0002699999895412475,0.9408575296401978,500000.0,-0.002462175441905856,0.0020830247085541487,0.02378310263156891,0.026845846325159073,-6.96331262588501e-05,2.0079023838043213,1.8876196146011353,0.26939237117767334,5.321957588195801,1201.0413818359375,22.4716739654541,38.164188385009766,60.6358642578125,329.8377990722656,0.6949138045310974
22.075881958007812,44.79999923706055,1000.0,25.0,1.3581253290176392,0.03351360931992531,1.0,1.0006754398345947,1.0006754398345947,1.0006754398345947,0.028898118063807487,0.0002688000095076859,0.9410347938537598,520000.0,0.0017825545510277152,0.004244729992933571,0.15140748023986816,0.027879105880856514,0.001033259555697441,2.0917513370513916,4.13131856918335,2.2436989545822144,5.1043782234191895,1229.1490478515625,22.919172286987305,5.16727876663208,28.086450576782227,712.0870971679688,0.719910204410553
21.130725860595703,44.81999969482422,1000.0,26.0,1.3603521585464478,0.013328036293387413,5.0,0.9993140697479248,0.9993140697479248,0.9993140697479248,0.018948839977383614,0.00026760000037029386,0.943127453327179,540000.0,-0.002218100242316723,-0.004000654793344438,-0.17905068397521973,0.02612311579287052,-0.0017559900879859924,2.002718687057495,2.332296133041382,-1.7990224361419678,4.324831485748291,1274.044677734375,22.691041946411133,22.1826171875,44.8736572265625,445.6957702636719,0.744670569896698
21.028657913208008,39.279998779296875,1000.0,27.0,1.3575299978256226,0.011536926031112671,6.0,0.9995251297950745,0.9995251297950745,0.9995251297950745,0.018287574872374535,0.0002663999912329018,0.9405031800270081,560000.0,-0.0026828160043805838,-0.0004647157620638609,-0.01854810118675232,0.027159936726093292,0.0010368209332227707,2.082902431488037,1.9213632345199585,-0.41093289852142334,4.558455944061279,1325.591796875,24.18037223815918,27.343975067138672,51.52434539794922,388.166015625,0.7687050104141235
20.757099151611328,40.20000076293945,1000.0,28.0,1.3560341596603394,0.015363453887403011,6.0,1.0011825561523438,1.0011825561523438,1.0011825561523438,0.02145460993051529,0.0002652000111993402,0.9391322731971741,580000.0,-0.0034248989541083574,-0.0007420829497277737,-0.22877049446105957,0.025453755632042885,-0.0017061810940504074,2.194589376449585,2.4496583938598633,0.5282951593399048,5.094742774963379,1377.2041015625,23.465471267700195,28.124704360961914,51.59017562866211,387.67071533203125,0.7921856045722961
20.876535415649414,38.97999954223633,1000.0,29.0,1.3558443784713745,0.015843568369746208,4.0,0.9993113279342651,0.9993113279342651,0.9993113279342651,0.021546408534049988,0.0002640000020619482,0.9389396905899048,600000.0,-0.0033356640487909317,8.923490531742573e-05,0.13049988448619843,0.0295674167573452,0.004113661125302315,2.140500545501709,2.277528762817383,-0.17212963104248047,4.8828630447387695,1418.832763671875,22.98943519592285,18.616724014282227,41.6071662902832,480.6864318847656,0.8150560259819031
21.63774871826172,39.36000061035156,1000.0,30.0,1.3490365743637085,0.011915943585336208,3.0,1.000739336013794,1.000739336013794,1.000739336013794,0.01761755719780922,0.00026279999292455614,0.9326446056365967,620000.0,-0.0014167928602546453,0.0019188711885362864,0.11889997124671936,0.029463578015565872,-0.00010383874177932739,2.148608446121216,2.3206517696380615,0.04312300682067871,4.5801286697387695,1456.3773193359375,22.702516555786133,14.820993423461914,37.52350997924805,532.9992065429688,0.8374245762825012
21.889415740966797,45.34000015258789,1000.0,31.0,1.3411797285079956,0.013627370819449425,5.0,0.998435378074646,0.998435378074646,0.998435378074646,0.018756218254566193,0.00026160001289099455,0.9253313541412354,640000.0,-0.0035578308161348104,-0.002141037955880165,0.4179786443710327,0.028533222153782845,-0.0009303558617830276,2.197310447692871,2.8065171241760254,0.48586535453796387,5.387463092803955,1501.6492919921875,22.232133865356445,23.018774032592773,45.25090789794922,441.9800720214844,0.8599511384963989
23.046676635742188,46.63999938964844,1000.0,32.0,1.340067744255066,0.010029779747128487,5.0,1.0014281272888184,1.0014281272888184,1.0014281272888184,0.021324021741747856,0.0002604000037536025,0.9242790341377258,660000.0,-0.002043272601440549,0.0015145582146942616,0.019909963011741638,0.027702732011675835,-0.0008304901421070099,2.249591112136841,2.4362375736236572,-0.37027955055236816,5.402525901794434,1546.7125244140625,20.722856521606445,24.319095611572266,45.041954040527344,444.0304870605469,0.8827617764472961
22.448625564575195,49.84000015258789,1000.0,33.0,1.3385851383209229,0.012261268682777882,6.0,1.0047681331634521,1.0047681331634521,1.0047681331634521,0.08391650021076202,0.00025919999461621046,0.922876238822937,680000.0,-0.0025850667152553797,-0.0005417941138148308,0.10278434306383133,0.026220161467790604,-0.001482570543885231,2.176669120788574,2.033039093017578,-0.4031984806060791,4.9268717765808105,1596.834228515625,22.223215103149414,27.87590980529785,50.099124908447266,399.20855712890625,0.9061521291732788
22.72603988647461,41.68000030517578,1000.0,34.0,1.3335530757904053,0.011196957901120186,7.0,1.0003808736801147,1.0003808736801147,1.0003808736801147,0.019682755693793297,0.0002579999854788184,0.9181962609291077,700000.0,-0.003740824293345213,-0.0011557575780898333,0.020633641630411148,0.024448128417134285,-0.0017720330506563187,2.2787821292877197,1.876645803451538,-0.15639328956604004,5.36238431930542,1654.161865234375,24.047334671020508,33.25831604003906,57.3056526184082,349.0057067871094,0.929265022277832
22.769392013549805,45.91999816894531,1000.0,35.0,1.3322280645370483,0.009733705781400204,8.0,0.9990343451499939,0.9990343451499939,0.9990343451499939,0.018502047285437584,0.00025680000544525683,0.916974663734436,720000.0,-0.004190168343484402,-0.00044934405013918877,0.20347028970718384,0.02544616162776947,0.0009980332106351852,2.298893451690674,2.035706043243408,0.15906023979187012,5.101941108703613,1714.512939453125,22.48297882080078,37.8460578918457,60.329036712646484,331.51531982421875,0.9525712132453918
24.0676212310791,47.68000030517578,1000.0,36.0,1.3310457468032837,0.012918089516460896,3.0,0.9976105690002441,0.9976105690002441,0.9976105690002441,0.01921970583498478,0.0002555999963078648,0.9159131646156311,740000.0,-0.0026303499471396208,0.001559818396344781,0.1725962907075882,0.028001731261610985,0.0025555696338415146,2.283742666244507,2.9734861850738525,0.9377801418304443,5.319077968597412,1749.3162841796875,21.256803512573242,13.521647453308105,34.77845001220703,575.0687255859375,0.9762406349182129
24.005826950073242,51.119998931884766,1000.0,37.0,1.3251811265945435,0.011575877666473389,8.0,1.0007871389389038,1.0007871389389038,1.0007871389389038,0.022171737626194954,0.00025439998717047274,0.9105448126792908,760000.0,-0.005297871772199869,-0.0026675218250602484,0.2981385588645935,0.02149713598191738,-0.0065045952796936035,2.304183006286621,1.936923623085022,-1.0365625619888306,5.273722171783447,1811.8941650390625,25.30303382873535,37.254180908203125,62.557212829589844,319.70733642578125,1.0005881786346436
23.4815731048584,50.5,1000.0,38.0,1.3258346319198608,0.17518122494220734,1.0,1.0005561113357544,1.0005561113357544,1.0005561113357544,0.053787775337696075,0.00025320000713691115,0.9111575484275818,780000.0,0.0018130613025277853,0.0071109330747276545,0.005744891241192818,0.024292191490530968,0.0027950555086135864,2.2721476554870605,4.019577503204346,2.0826538801193237,5.002752780914307,1840.6884765625,24.206932067871094,4.566166877746582,28.77309799194336,695.0936889648438,1.0254932641983032
23.239757537841797,48.540000915527344,1000.0,39.0,1.3229838609695435,0.01576804183423519,4.0,0.9992775321006775,0.9992775321006775,0.9992775321006775,0.026457995176315308,0.0002519999979995191,0.9085455536842346,800000.0,-0.003703771624714136,-0.005516832927241921,-0.04666340351104736,0.02278892882168293,-0.0015032626688480377,2.3064608573913574,2.4609251022338867,-1.558652400970459,4.841300964355469,1881.322021484375,22.347951889038086,18.264436721801758,40.61338806152344,492.4484558105469,1.0507147312164307
23.595491409301758,46.7599983215332,1000.0,40.0,1.3177642822265625,0.012114599347114563,8.0,1.0010823011398315,1.0010823011398315,1.0010823011398315,0.02121466025710106,0.00025079998886212707,0.9038167595863342,820000.0,-0.004373716656118631,-0.0006699450314044952,-0.19244512915611267,0.020922282710671425,-0.0018666461110115051,2.3523666858673096,1.6842681169509888,-0.776656985282898,5.028349876403809,1942.0660400390625,23.874183654785156,36.848018646240234,60.72320556640625,329.3633728027344,1.0760517120361328
23.90865707397461,39.900001525878906,1000.0,41.0,1.3123570680618286,0.013728732243180275,4.0,0.9986714720726013,0.9986714720726013,0.9986714720726013,0.017675360664725304,0.0002496000088285655,0.898941695690155,840000.0,-0.0030288284178823233,0.001344888238236308,0.0034400969743728638,0.02420334704220295,0.0032810643315315247,2.3446125984191895,1.8343149423599243,0.15004682540893555,4.701204776763916,1984.2137451171875,24.090574264526367,18.033239364624023,42.12381362915039,474.79083251953125,1.1007843017578125
24.110610961914062,41.099998474121094,1000.0,42.0,1.3098450899124146,0.011897061951458454,3.0,1.001433253288269,1.001433253288269,1.001433253288269,0.029540689662098885,0.00024839999969117343,0.8966791033744812,860000.0,-0.002336082048714161,0.0006927463691681623,0.11571651697158813,0.022597648203372955,-0.0016056988388299942,2.35115122795105,2.203185796737671,0.3688708543777466,4.683582782745361,2023.0501708984375,25.410228729248047,13.404973983764648,38.81520080566406,515.2620239257812,1.1251091957092285
23.588462829589844,48.540000915527344,1000.0,43.0,1.3138067722320557,0.016334662213921547,3.0,0.9993529319763184,0.9993529319763184,0.9993529319763184,0.02049143612384796,0.0002471999905537814,0.9002242684364319,880000.0,-0.0020868752617388964,0.00024920678697526455,-0.07729802280664444,0.02821691334247589,0.005619265139102936,2.3268346786499023,2.743467330932617,0.5402815341949463,4.730165004730225,2059.07958984375,20.95391082763672,15.055289268493652,36.00920104980469,555.4136352539062,1.1498643159866333
23.227346420288086,46.459999084472656,1000.0,44.0,1.3148442506790161,0.010496102273464203,8.0,1.0007878541946411,1.0007878541946411,1.0007878541946411,0.018138421699404716,0.0002460000105202198,0.901141881942749,900000.0,-0.0044013760052621365,-0.00231450074352324,0.18072348833084106,0.025204339995980263,-0.0030125733464956284,2.3394150733947754,1.6854355335235596,-1.0580317974090576,4.627263069152832,2121.004638671875,24.35921859741211,37.54433822631836,61.90456008911133,323.0779724121094,1.1747990846633911
22.54775619506836,43.380001068115234,1000.0,45.0,1.3146332502365112,0.021077636629343033,4.0,0.9995299577713013,0.9995299577713013,0.9995299577713013,0.027267899364233017,0.00024480000138282776,0.9009522199630737,920000.0,-0.002761063165962696,0.0016403128392994404,0.11033391952514648,0.025501463562250137,0.00029712356626987457,2.3152780532836914,1.8289401531219482,0.14350461959838867,4.3224310874938965,2162.592529296875,23.580528259277344,17.984418869018555,41.564945220947266,481.1746826171875,1.1995763778686523
22.785470962524414,39.15999984741211,1000.0,46.0,1.314226746559143,0.01663273386657238,3.0,1.0002156496047974,1.0002156496047974,1.0002156496047974,0.020292935892939568,0.00024360000679735094,0.9005928635597229,940000.0,-0.002286531962454319,0.0004745312035083771,-0.22736415266990662,0.026153454557061195,0.000651990994811058,2.4040002822875977,2.5405495166778564,0.7116093635559082,4.653194904327393,2201.50146484375,24.906957626342773,13.980974197387695,38.88793182373047,514.29833984375,1.2237554788589478
22.986337661743164,44.459999084472656,1000.0,47.0,1.3126834630966187,0.031626805663108826,1.0,0.9984537363052368,0.9984537363052368,0.9984537363052368,0.025518937036395073,0.0002423999976599589,0.8992076516151428,960000.0,0.002211029641330242,0.004497561603784561,0.18655481934547424,0.02993260696530342,0.0037791524082422256,2.352229356765747,2.816634178161621,0.27608466148376465,4.567299842834473,2230.48828125,24.0927734375,4.874118328094482,28.966890335083008,690.4434204101562,1.2479915618896484
23.121685028076172,45.119998931884766,1000.0,48.0,1.3172754049301147,0.511532187461853,1.0,0.9914977550506592,0.9914977550506592,0.9914977550506592,0.1434015929698944,0.00024120000307448208,0.9033493399620056,980000.0,-0.015064793638885021,-0.017275823280215263,0.061124496161937714,0.029651550576090813,-0.00028105638921260834,2.309006929397583,3.706061601638794,0.8894274234771729,4.365505695343018,2257.034423828125,22.092992782592773,4.434596061706543,26.527589797973633,753.9320678710938,1.2723615169525146
22.505687713623047,44.70000076293945,1000.0,49.0,1.3184670209884644,0.013648848049342632,5.0,1.0008004903793335,1.0008004903793335,1.0008004903793335,0.021785002201795578,0.00023999999393709004,0.904430627822876,1000000.0,-0.0019390099914744496,0.013125783647410572,0.19682079553604126,0.029315710067749023,-0.00033584050834178925,2.24923038482666,2.0032873153686523,-1.7027742862701416,4.547384738922119,2305.772705078125,24.863719940185547,23.85272216796875,48.7164421081543,410.53900146484375,1.2968156337738037
22.7972412109375,42.560001373291016,1000.0,50.0,1.3124699592590332,0.013942999765276909,4.0,0.9992959499359131,0.9992959499359131,0.9992959499359131,0.020120851695537567,0.00023879999935161322,0.8990529179573059,1020000.0,-0.0024850410409271717,-0.0005460310494527221,0.03332534804940224,0.027248401194810867,-0.002067308872938156,2.373800277709961,2.1558752059936523,0.152587890625,4.773553848266602,2348.84814453125,22.915908813476562,20.139066696166992,43.05497360229492,464.52239990234375,1.3211158514022827
23.912080764770508,42.380001068115234,1000.0,51.0,1.308740258216858,0.010662106797099113,8.0,0.999855101108551,0.999855101108551,0.999855101108551,0.018134830519557,0.0002376000047661364,0.8957082629203796,1040000.0,-0.005430898629128933,-0.0029458575882017612,-0.06530296802520752,0.024927355349063873,-0.002321045845746994,2.433743715286255,1.8194788694381714,-0.33639633655548096,4.985830307006836,2408.57177734375,21.304962158203125,38.39760208129883,59.70256042480469,334.9939880371094,1.3452661037445068
24.662981033325195,40.439998626708984,1000.0,52.0,1.3039605617523193,0.012422815896570683,5.0,0.9991650581359863,0.9991650581359863,0.9991650581359863,0.020443378016352654,0.00023639999562874436,0.8914273381233215,1060000.0,-0.003428474999964237,0.0020024236291646957,-0.118231862783432,0.02601464092731476,0.001087285578250885,2.4041213989257812,1.7726186513900757,-0.0468602180480957,4.483479976654053,2455.870849609375,22.869644165039062,24.406801223754883,47.27644348144531,423.04364013671875,1.3690671920776367
24.871278762817383,41.720001220703125,1000.0,53.0,1.3022385835647583,0.021692993119359016,3.0,0.9995720982551575,0.9995720982551575,0.9995720982551575,0.025943314656615257,0.00023520000104326755,0.8898820281028748,1080000.0,-0.0026749134995043278,0.0007535615004599094,0.2023460417985916,0.028240205720067024,0.002225564792752266,2.440366268157959,2.368046998977661,0.5954283475875854,4.57535982131958,2492.65576171875,21.44159698486328,15.322090148925781,36.76368713378906,544.0150756835938,1.3927103281021118
24.93808364868164,39.41999816894531,1000.0,54.0,1.3008404970169067,0.021599654108285904,4.0,1.0013905763626099,1.0013905763626099,1.0013905763626099,0.04456102102994919,0.00023400000645779073,0.8886272311210632,1100000.0,-0.003079833462834358,-0.00040491996333003044,0.1682356894016266,0.0248721856623888,-0.0033680200576782227,2.4656269550323486,2.001199960708618,-0.36684703826904297,4.3694071769714355,2532.509521484375,21.303701400756836,18.53040313720703,39.8341064453125,502.08233642578125,1.415950059890747
25.14575958251953,38.040000915527344,1000.0,55.0,1.2995094060897827,0.014879043214023113,4.0,0.9991838932037354,0.9991838932037354,0.9991838932037354,0.0264583732932806,0.0002327999973203987,0.8874321579933167,1120000.0,-0.0015477576525881886,0.0015320758102461696,-0.22055268287658691,0.023400282487273216,-0.0014719031751155853,2.472456932067871,1.7919986248016357,-0.20920133590698242,4.307010173797607,2576.981689453125,25.343460083007812,19.102678298950195,44.446136474609375,449.98284912109375,1.4386684894561768
24.677509307861328,38.099998474121094,1000.0,56.0,1.3017691373825073,0.015277732163667679,4.0,1.0013582706451416,1.0013582706451416,1.0013582706451416,0.02077733539044857,0.00023160000273492187,0.8894349932670593,1140000.0,-0.0025695357471704483,-0.0010217780945822597,-0.2569272518157959,0.024131422862410545,0.0007311403751373291,2.448031187057495,1.9454866647720337,0.15348803997039795,4.311598777770996,2618.732666015625,23.005861282348633,18.723587036132812,41.72945022583008,479.27783203125,1.4609304666519165
24.168739318847656,41.040000915527344,1000.0,57.0,1.3028732538223267,0.013245170004665852,3.0,0.998124361038208,0.998124361038208,0.998124361038208,0.02371181920170784,0.00023039999359752983,0.8904179930686951,1160000.0,-0.001577934017404914,0.0009916017297655344,-0.04076487571001053,0.02294655330479145,-0.0011848695576190948,2.4475173950195312,2.1897189617156982,0.24423229694366455,4.483933925628662,2658.118408203125,25.744888305664062,13.61868953704834,39.36357879638672,508.0838928222656,1.48314368724823
23.369142532348633,43.79999923706055,1000.0,58.0,1.3030848503112793,0.013151568360626698,6.0,0.9987732768058777,0.9987732768058777,0.9987732768058777,0.020718544721603394,0.000229199999012053,0.8906070590019226,1180000.0,-0.004334550350904465,-0.002756616333499551,0.04431062936782837,0.02453766204416752,0.0015911087393760681,2.4066402912139893,1.7239842414855957,-0.46573472023010254,4.398223400115967,2710.46533203125,23.91566276550293,28.411800384521484,52.32746124267578,382.20849609375,1.5056536197662354
23.196887969970703,39.279998779296875,1000.0,59.0,1.3024078607559204,0.010960320010781288,9.0,0.9993062019348145,0.9993062019348145,0.9993062019348145,0.01943994127213955,0.0002280000044265762,0.8900059461593628,1200000.0,-0.005227980669587851,-0.0008934303186833858,0.012838601134717464,0.023454099893569946,-0.0010835621505975723,2.430589437484741,1.442037582397461,-0.28194665908813477,4.652783393859863,2775.9755859375,23.534832000732422,41.9537239074707,65.48855590820312,305.3968811035156,1.5278925895690918
23.050033569335938,42.31999969482422,1000.0,60.0,1.2992099523544312,0.01485232263803482,4.0,1.0011464357376099,1.0011464357376099,1.0011464357376099,0.022933702915906906,0.00022679999528918415,0.8871713280677795,1220000.0,-0.004309586249291897,0.0009183944202959538,0.12987500429153442,0.02533658780157566,0.0018824879080057144,2.415769577026367,2.1458418369293213,0.7038042545318604,4.344203472137451,2819.34716796875,25.139986038208008,18.207441329956055,43.34742736816406,461.3883972167969,1.5502674579620361
22.976642608642578,40.31999969482422,1000.0,61.0,1.2971031665802002,0.012033974751830101,4.0,1.0001420974731445,1.0001420974731445,1.0001420974731445,0.018133297562599182,0.00022560000070370734,0.8853198885917664,1240000.0,-0.0022452406119555235,0.0020643456373363733,0.00822136178612709,0.024220122024416924,-0.0011164657771587372,2.384990692138672,1.94988214969635,-0.1959596872329712,4.476653575897217,2861.189453125,21.63488006591797,20.187198638916016,41.822078704833984,478.21630859375,1.5725284814834595
23.125694274902344,42.099998474121094,1000.0,62.0,1.2960878610610962,0.015553410165011883,3.0,0.9985594153404236,0.9985594153404236,0.9985594153404236,0.02152939699590206,0.00022440000611823052,0.8844364881515503,1260000.0,-0.0017623192397877574,0.0004829213721677661,-0.15901803970336914,0.025188405066728592,0.0009682830423116684,2.4324772357940674,2.2732324600219727,0.32335031032562256,4.442378044128418,2897.731689453125,21.84998321533203,14.671091079711914,36.52107620239258,547.6290283203125,1.5949153900146484
23.15622329711914,44.7400016784668,1000.0,63.0,1.2982689142227173,0.014968755654990673,4.0,0.9963447451591492,0.9963447451591492,0.9963447451591492,0.021836696192622185,0.00022319999698083848,0.8863628506660461,1280000.0,-0.004573780577629805,-0.002811461337842047,-0.21988271176815033,0.022497354075312614,-0.0026910509914159775,2.4180312156677246,2.3392231464385986,0.06599068641662598,4.908236026763916,2940.484130859375,24.50282859802246,18.226669311523438,42.72949981689453,468.06072998046875,1.6177490949630737
23.841699600219727,43.459999084472656,1000.0,64.0,1.2979300022125244,0.026036713272333145,1.0,1.0000423192977905,1.0000423192977905,1.0000423192977905,0.022909710183739662,0.00022200000239536166,0.8860464096069336,1300000.0,0.0013900261837989092,0.005963806761428714,-0.2159910798072815,0.02623412385582924,0.0037367697805166245,2.393392562866211,2.8638792037963867,0.5246560573577881,4.430284023284912,2971.051025390625,26.169343948364258,4.376244068145752,30.545589447021484,654.759033203125,1.6408365964889526
23.780414581298828,43.900001525878906,1000.0,65.0,1.2971657514572144,0.0198933407664299,2.0,0.9985543489456177,0.9985543489456177,0.9985543489456177,0.020855378359556198,0.00022079999325796962,0.8853763937950134,1320000.0,-0.00037889910163357854,-0.0017689252854324877,0.4155598282814026,0.0250471793115139,-0.0011869445443153381,2.3706469535827637,2.8193283081054688,-0.04455089569091797,4.8296403884887695,3001.193115234375,20.533737182617188,9.589031219482422,30.12276840209961,663.9495849609375,1.6642156839370728
22.865163803100586,41.939998626708984,1000.0,66.0,1.2943732738494873,0.018163558095693588,3.0,1.0009974241256714,1.0009974241256714,1.0009974241256714,0.02511851117014885,0.0002195999986724928,0.8828940391540527,1340000.0,-0.002982150297611952,-0.0026032511959783733,-0.13257074356079102,0.024219496175646782,-0.0008276831358671188,2.3006436824798584,2.2698590755462646,-0.5494692325592041,4.869993686676025,3039.9072265625,25.986000061035156,12.706962585449219,38.692962646484375,516.8898315429688,1.6876217126846313
23.00408172607422,41.52000045776367,1000.0,67.0,1.2965227365493774,0.013899666257202625,3.0,0.9984913468360901,0.9984913468360901,0.9984913468360901,0.018936453387141228,0.00021840000408701599,0.8847842216491699,1360000.0,-0.0007764992769807577,0.002205651020631194,0.11349936574697495,0.027750514447689056,0.0035310182720422745,2.4031519889831543,2.3304076194763184,0.06054854393005371,4.713688373565674,3078.259765625,22.7370548248291,15.595420837402344,38.33247756958008,521.7507934570312,1.7110073566436768
22.976665496826172,46.70000076293945,1000.0,68.0,1.2953739166259766,0.013895506970584393,4.0,0.9993852376937866,0.9993852376937866,0.9993852376937866,0.018046675249934196,0.00021719999494962394,0.8837665319442749,1380000.0,-0.003399814944714308,-0.00262331566773355,0.10583612322807312,0.02645520493388176,-0.0012953095138072968,2.407942771911621,2.16955304145813,-0.16085457801818848,4.769028186798096,3119.67138671875,23.341588973999023,18.04875946044922,41.39034652709961,483.2044372558594,1.7350302934646606
24.198816299438477,48.119998931884766,1000.0,69.0,1.2933003902435303,0.016151538118720055,2.0,0.9998396039009094,0.9998396039009094,0.9998396039009094,0.01877487823367119,0.00021600000036414713,0.8819353580474854,1400000.0,-0.0009502870379947126,0.002449527906719595,-0.06666956841945648,0.02802683599293232,0.00157163105905056,2.4708352088928223,2.687049627304077,0.5174965858459473,4.794394493103027,3154.956298828125,25.973114013671875,9.290353775024414,35.263465881347656,567.1591796875,1.75980806350708
23.801929473876953,45.959999084472656,1000.0,70.0,1.2913219928741455,0.012850145809352398,6.0,1.0018154382705688,1.0018154382705688,1.0018154382705688,0.020186273381114006,0.0002148000057786703,0.8801916837692261,1420000.0,-0.004304927308112383,-0.0033546402701176703,-0.20971795916557312,0.026522452011704445,-0.0015043839812278748,2.4215052127838135,1.7379440069198608,-0.9491056203842163,4.391735553741455,3204.6572265625,21.023237228393555,28.656511306762695,49.680747985839844,402.5704345703125,1.785003662109375
23.645849227905273,44.63999938964844,1000.0,71.0,1.2909579277038574,0.022579636424779892,1.0,0.9998325109481812,0.9998325109481812,0.9998325109481812,0.023045578971505165,0.00021359999664127827,0.8798707127571106,1440000.0,0.0026858400087803602,0.006990767316892743,-0.13676932454109192,0.02710745856165886,0.0005850065499544144,2.424764394760132,2.877422332763672,1.139478325843811,4.58311128616333,3232.0810546875,22.797443389892578,4.603528022766113,27.400972366333008,729.901123046875,1.8104174137115479
23.45656967163086,42.97999954223633,1000.0,72.0,1.286831021308899,0.01538531482219696,4.0,1.0008087158203125,1.0008087158203125,1.0008087158203125,0.026118876412510872,0.00021240000205580145,0.8762491941452026,1460000.0,-0.003052129875868559,-0.005737969884648919,-0.08732545375823975,0.02411676198244095,-0.0029906965792179108,2.4002437591552734,2.1703848838806152,-0.7070374488830566,4.402360916137695,3274.771484375,23.632123947143555,19.0372257232666,42.670372009277344,468.70928955078125,1.8358252048492432
23.686840057373047,45.5,1000.0,73.0,1.2822710275650024,0.011659324169158936,6.0,0.9991834759712219,0.9991834759712219,0.9991834759712219,0.018971895799040794,0.0002111999929184094,0.8722610473632812,1480000.0,-0.00467338040471077,-0.0016212505288422108,0.1907505989074707,0.024756845086812973,0.0006400831043720245,2.374755859375,1.8705111742019653,-0.2998737096786499,4.497006893157959,3327.366455078125,24.05483627319336,28.518125534057617,52.572959899902344,380.4237060546875,1.8615530729293823
23.82526206970215,38.959999084472656,1000.0,74.0,1.2823991775512695,0.012934982776641846,4.0,0.9994779825210571,0.9994779825210571,0.9994779825210571,0.018276184797286987,0.0002099999983329326,0.8723778128623962,1500000.0,-0.003554685041308403,0.0011186953634023666,0.1395801305770874,0.02661512978374958,0.0018582846969366074,2.3772151470184326,1.9737287759780884,0.10321760177612305,4.54734992980957,3371.52734375,24.80787467956543,19.331056594848633,44.13893127441406,453.11474609375,1.8867391347885132
23.61069107055664,39.84000015258789,1000.0,75.0,1.2822039127349854,0.013369443826377392,3.0,1.00017249584198,1.00017249584198,1.00017249584198,0.019572395831346512,0.00020880000374745578,0.8722160458564758,1520000.0,-0.0019247638992965221,0.0016299211420118809,0.040416866540908813,0.026284348219633102,-0.00033078156411647797,2.399414539337158,2.5629794597625732,0.5892506837844849,4.664673805236816,3408.771240234375,22.016197204589844,15.206380844116211,37.22357940673828,537.2938232421875,1.9115573167800903
23.1872615814209,40.900001525878906,1000.0,76.0,1.28204345703125,0.0370316207408905,2.0,1.000583291053772,1.000583291053772,1.000583291053772,0.03276735916733742,0.00020759999461006373,0.8720804452896118,1540000.0,-0.0018867439357563853,3.8019963540136814e-05,-0.15479806065559387,0.029043428599834442,0.0027590803802013397,2.346935987472534,2.6778767108917236,0.11489725112915039,5.025761604309082,3440.6923828125,22.97601890563965,8.924070358276367,31.900089263916016,626.95751953125,1.936188817024231
22.620746612548828,43.63999938964844,1000.0,77.0,1.2851444482803345,0.021954739466309547,3.0,0.9987282156944275,0.9987282156944275,0.9987282156944275,0.02080538123846054,0.00020640000002458692,0.8747740387916565,1560000.0,-0.0023669858928769827,-0.00048024195712059736,-0.24293319880962372,0.025980111211538315,-0.0030633173882961273,2.3084003925323486,2.575784921646118,-0.10209178924560547,4.8843183517456055,3479.515869140625,23.698787689208984,15.104394912719727,38.803184509277344,515.421630859375,1.9610155820846558
22.482900619506836,44.439998626708984,1000.0,78.0,1.28517746925354,0.027126774191856384,2.0,0.9997801184654236,0.9997801184654236,0.9997801184654236,0.02821122296154499,0.0002052000054391101,0.8748095035552979,1580000.0,-0.0017993494402617216,0.0005676364526152611,-0.31294891238212585,0.027730366215109825,0.0017502550035715103,2.3631792068481445,2.7324330806732178,0.1566481590270996,4.76551628112793,3510.27880859375,21.608131408691406,9.132534980773926,30.740665435791016,650.60400390625,1.986128568649292
22.220674514770508,43.119998931884766,1000.0,79.0,1.287784457206726,0.3209652006626129,1.0,0.9903225302696228,0.9903225302696228,0.9903225302696228,0.1652470976114273,0.00020399999630171806,0.8770851492881775,1600000.0,0.009949536062777042,0.011748885503038764,0.022483408451080322,0.02776206284761429,3.1696632504463196e-05,2.320058822631836,5.002358436584473,2.269925355911255,4.84218692779541,3540.210693359375,24.937469482421875,4.973016262054443,29.910486221313477,668.6618041992188,2.0
21.802114486694336,37.560001373291016,1000.0,80.0,1.2885318994522095,0.01037420891225338,5.0,1.000576138496399,1.000576138496399,1.000576138496399,0.016485733911395073,0.00020280000171624124,0.8777393102645874,1620000.0,-0.0037993162404745817,-0.013748852303251624,0.04184131324291229,0.029528511688113213,0.0017664488404989243,2.2579081058502197,2.0290887355804443,-2.9732697010040283,4.649328708648682,3587.420654296875,22.006000518798828,25.183679580688477,47.18968200683594,423.82147216796875,2.0
21.383045196533203,33.099998474121094,1000.0,81.0,1.287256121635437,0.012107066810131073,3.0,1.0006004571914673,1.0006004571914673,1.0006004571914673,0.018725421279668808,0.00020160000713076442,0.8766213655471802,1640000.0,-0.0004468854458536953,0.0033524307946208864,0.1555289477109909,0.028707535937428474,-0.0008209757506847382,2.2896671295166016,1.7890701293945312,-0.24001860618591309,4.290006637573242,3623.69970703125,22.430002212524414,13.826091766357422,36.25609588623047,551.6314086914062,2.0
21.634075164794922,40.84000015258789,1000.0,82.0,1.288252592086792,0.2544204592704773,1.0,0.9882809519767761,0.9882809519767761,0.9882809519767761,0.05695014446973801,0.00020039999799337238,0.8774941563606262,1660000.0,-0.020042624324560165,-0.01959573887870647,0.14689049124717712,0.03179718926548958,0.003089653328061104,2.3006539344787598,3.544783353805542,1.7557132244110107,4.382172107696533,3653.013427734375,24.86749267578125,4.424109935760498,29.291603088378906,682.78955078125,2.0
22.047334671020508,49.34000015258789,1000.0,83.0,1.2870303392410278,0.01449705008417368,3.0,0.9996051788330078,0.9996051788330078,0.9996051788330078,0.020922914147377014,0.00019920000340789557,0.8764246702194214,1680000.0,-0.0032256843987852335,0.016816939925774932,-0.24005566537380219,0.0273995790630579,-0.004397610202431679,2.330097198486328,3.024231433868408,-0.5205519199371338,4.493167877197266,3688.92333984375,21.290616989135742,14.600383758544922,35.89099884033203,557.2427368164062,2.0
22.178091049194336,53.439998626708984,1000.0,84.0,1.2860121726989746,0.011314503848552704,3.0,0.9995468854904175,0.9995468854904175,0.9995468854904175,0.01578780822455883,0.00019799999427050352,0.875532865524292,1700000.0,-0.0007897260948084295,0.002435958303976804,-0.0795385092496872,0.02956792712211609,0.0021683480590581894,2.341355085372925,2.35917592048645,-0.665055513381958,4.329517364501953,3726.93798828125,24.639591217041016,13.352880477905273,37.992469787597656,526.4201049804688,2.0
22.206958770751953,57.20000076293945,1000.0,85.0,1.2888157367706299,0.6642646789550781,1.0,1.001116394996643,1.001116394996643,1.001116394996643,0.38738614320755005,0.0001967999996850267,0.8779901266098022,1720000.0,-0.023871518671512604,-0.023081792576704174,-0.022366639226675034,0.029961997643113136,0.0003940705209970474,2.342618465423584,3.8213253021240234,1.4621493816375732,4.659202575683594,3754.86474609375,22.645498275756836,5.261252403259277,27.906749725341797,716.6724853515625,2.0
21.690834045410156,57.900001525878906,1000.0,86.0,1.2940740585327148,0.05569274351000786,2.0,1.001826286315918,1.001826286315918,1.001826286315918,0.05029799044132233,0.0001956000050995499,0.8826212286949158,1740000.0,-0.004930227529257536,0.018941291142255068,0.08521537482738495,0.026825862005352974,-0.0031361356377601624,2.3012657165527344,2.820918321609497,-1.0004069805145264,4.4505486488342285,3788.492431640625,24.227651596069336,9.37977123260498,33.607421875,595.1066284179688,2.0
21.400236129760742,53.63999938964844,1000.0,87.0,1.293724775314331,0.0162468533962965,3.0,0.9994256496429443,0.9994256496429443,0.9994256496429443,0.020529840141534805,0.00019439999596215785,0.882318913936615,1760000.0,-0.003611830063164234,0.0013183974660933018,0.2903069853782654,0.024015890434384346,-0.002809971570968628,2.39611554145813,1.9601949453353882,-0.8607233762741089,4.112985134124756,3824.968505859375,22.027103424072266,14.427770614624023,36.45487594604492,548.6234741210938,2.0
20.472017288208008,47.959999084472656,1000.0,88.0,1.2926325798034668,0.08898929506540298,1.0,1.0002284049987793,1.0002284049987793,1.0002284049987793,0.031408023089170456,0.00019320000137668103,0.8813617825508118,1780000.0,-8.54972458910197e-05,0.0035263328172732145,-0.06112294644117355,0.03072287142276764,0.006706980988383293,2.2386858463287354,3.3928706645965576,1.4326757192611694,4.144799709320068,3852.2890625,22.92338752746582,4.376827239990234,27.300214767456055,732.594970703125,2.0
21.920156478881836,43.880001068115234,1000.0,89.0,1.2923007011413574,0.02862788364291191,2.0,1.0014796257019043,1.0014796257019043,1.0014796257019043,0.029257146641612053,0.00019200000679120421,0.881070077419281,1800000.0,-0.003533695125952363,-0.0034481978800613433,-0.18468812108039856,0.029369717463850975,-0.0013531539589166641,2.393970251083374,2.814321994781494,-0.5785486698150635,4.523130893707275,3885.724609375,23.017242431640625,10.399185180664062,33.41642761230469,598.5079956054688,2.0
22.348228454589844,48.34000015258789,1000.0,90.0,1.2877289056777954,0.0285123810172081,2.0,0.9977558255195618,0.9977558255195618,0.9977558255195618,0.028202194720506668,0.00019079999765381217,0.8770511150360107,1820000.0,-0.0006365833105519414,0.0028971118154004216,-0.1740671545267105,0.028113992884755135,-0.0012557245790958405,2.335900068283081,3.0595357418060303,0.24521374702453613,4.262216567993164,3915.724365234375,21.086584091186523,8.892013549804688,29.97859764099121,667.142578125,2.0
23.727060317993164,40.29999923706055,1000.0,91.0,1.2874319553375244,0.021283164620399475,4.0,1.0002095699310303,1.0002095699310303,1.0002095699310303,0.03149571269750595,0.00018960000306833535,0.8767930269241333,1840000.0,-0.003959374502301216,-0.0033227911917492747,0.10482257604598999,0.020794136449694633,-0.007319856435060501,2.4396114349365234,1.9185726642608643,-1.140963077545166,4.264530658721924,3960.269775390625,26.232086181640625,18.293203353881836,44.52528762817383,449.18292236328125,2.0
23.083511352539062,43.619998931884766,1000.0,92.0,1.2899996042251587,0.01567104458808899,4.0,1.000937819480896,1.000937819480896,1.000937819480896,0.024040337651968002,0.0001883999939309433,0.8790735602378845,1860000.0,-0.0036096542607992887,0.0003497202415019274,0.18938328325748444,0.026468971744179726,0.005674835294485092,2.340237617492676,2.3653202056884766,0.4467475414276123,4.649425029754639,4003.882080078125,23.49993324279785,20.09273338317871,43.59266662597656,458.7927551269531,2.0
22.794815063476562,48.599998474121094,1000.0,93.0,1.2912148237228394,0.5073040127754211,1.0,0.9980571269989014,0.9980571269989014,0.9980571269989014,0.2746542990207672,0.0001871999993454665,0.8801373839378357,1880000.0,0.02294810675084591,0.026557761011645198,-0.267174631357193,0.028077945113182068,0.0016089733690023422,2.3743889331817627,4.100680351257324,1.7353601455688477,4.508180618286133,4029.078369140625,20.577518463134766,4.598987102508545,25.17650604248047,794.3914184570312,2.0
20.498619079589844,49.41999816894531,1000.0,94.0,1.2875584363937378,0.015945915132761,2.0,0.9982107877731323,0.9982107877731323,0.9982107877731323,0.01905796118080616,0.00018600000475998968,0.8769294619560242,1900000.0,-0.0009792560013011098,-0.02392736275214702,-0.16558197140693665,0.03185192868113518,0.0037739835679531097,2.271012783050537,2.5084009170532227,-1.5922794342041016,5.148648262023926,4064.57470703125,25.752622604370117,9.724349021911621,35.47697067260742,563.7459716796875,2.0
19.682273864746094,44.060001373291016,1000.0,95.0,1.2877044677734375,0.017107827588915825,2.0,0.9999438524246216,0.9999438524246216,0.9999438524246216,0.019528910517692566,0.00018479999562259763,0.8770461678504944,1920000.0,-0.001077849417924881,-9.859341662377119e-05,0.10896012932062149,0.03019849583506584,-0.001653432846069336,2.266251802444458,2.302222490310669,-0.2061784267425537,4.705721855163574,4094.45263671875,20.60396957397461,9.253076553344727,29.857046127319336,669.858642578125,2.0
19.081790924072266,45.97999954223633,1000.0,96.0,1.2858368158340454,0.47919154167175293,1.0,1.0000332593917847,1.0000332593917847,1.0000332593917847,0.19723020493984222,0.00018360000103712082,0.8754274249076843,1940000.0,0.01604366861283779,0.017121518030762672,0.09043440967798233,0.0296977236866951,-0.0005007721483707428,2.2427375316619873,3.5349340438842773,1.2327115535736084,4.562335014343262,4125.05859375,25.774450302124023,4.811667442321777,30.586118698120117,653.8914184570312,2.0
20.449499130249023,53.13999938964844,1000.0,97.0,1.2868622541427612,0.34109464287757874,1.0,0.9932653903961182,0.9932653903961182,0.9932653903961182,0.08312470465898514,0.000182400006451644,0.8763493895530701,1960000.0,-0.007596233859658241,-0.023639902472496033,-0.0788063183426857,0.034126993268728256,0.004429269582033157,2.2671594619750977,3.6440916061401367,0.10915756225585938,4.188333511352539,4151.78466796875,22.226577758789062,4.479729652404785,26.70630645751953,748.8867797851562,2.0
19.770910263061523,49.939998626708984,1000.0,98.0,1.2864354848861694,0.016024596989154816,5.0,0.9995412826538086,0.9995412826538086,0.9995412826538086,0.021111154928803444,0.00018119999731425196,0.8759751319885254,1980000.0,-0.007362383417785168,0.00023385044187307358,-0.1076941192150116,0.03268886357545853,-0.0014381296932697296,2.065660238265991,2.113809823989868,-1.5302817821502686,4.399438381195068,4200.09765625,25.353612899780273,22.939159393310547,48.29277038574219,414.1406555175781,2.0
18.880624771118164,53.540000915527344,1000.0,99.0,1.286202311515808,0.13468168675899506,1.0,0.9970315098762512,0.9970315098762512,0.9970315098762512,0.04017486795783043,0.00018000000272877514,0.8757870197296143,2000000.0,-0.00026550254551693797,0.00709688087226823,-0.02789175510406494,0.03069201484322548,-0.0019968487322330475,2.072683334350586,4.635153293609619,2.521343469619751,4.914419651031494,4229.01416015625,23.91781997680664,4.9766130447387695,28.894433975219727,692.1748657226562,2.0
18.141437530517578,55.220001220703125,1000.0,100.0,1.286531925201416,0.019531093537807465,3.0,0.9986371397972107,0.9986371397972107,0.9986371397972107,0.02179390750825405,0.0001787999935913831,0.8760920763015747,2020000.0,-0.0056143151596188545,-0.0053488126141019166,0.3318513035774231,0.033920835703611374,0.0032288208603858948,2.1344165802001953,2.5887632369995117,-2.0463900566101074,4.354744911193848,4266.662109375,23.969181060791016,13.658781051635742,37.627960205078125,531.5195922851562,2.0
18.541217803955078,56.220001220703125,1000.0,101.0,1.2873938083648682,0.12877368927001953,1.0,1.0004867315292358,1.0004867315292358,1.0004867315292358,0.039077967405319214,0.00017759999900590628,0.8768520355224609,2040000.0,-0.00392551813274622,0.0016887970268726349,-0.11853483319282532,0.03191721811890602,-0.002003617584705353,2.0319180488586426,4.439315319061279,1.8505520820617676,4.671933650970459,4297.51953125,25.38225746154785,5.45286750793457,30.835124969482422,648.6109619140625,2.0
19.249467849731445,43.13999938964844,1000.0,102.0,1.287399411201477,0.015253477729856968,4.0,1.0014474391937256,1.0014474391937256,1.0014474391937256,0.01889624260365963,0.00017640000442042947,0.876842737197876,2060000.0,-0.0026443724054843187,0.001281145727261901,-0.0028378814458847046,0.029656562954187393,-0.002260655164718628,2.103623628616333,2.0906379222869873,-2.348677396774292,4.6183319091796875,4338.42333984375,20.9934139251709,19.886112213134766,40.8795280456543,489.2424621582031,2.0
19.02875518798828,40.52000045776367,1000.0,103.0,1.2904890775680542,0.016549723222851753,3.0,0.9999833703041077,0.9999833703041077,0.9999833703041077,0.021169809624552727,0.00017519999528303742,0.8795554041862488,2080000.0,-0.0025355990510433912,0.0001087733544409275,-0.25835683941841125,0.031186221167445183,0.0015296582132577896,2.1322760581970215,2.3358824253082275,0.24524450302124023,4.746006965637207,4375.72998046875,23.79331398010254,13.490434646606445,37.283748626708984,536.4267578125,2.0
20.91159439086914,35.459999084472656,1000.0,104.0,1.2923818826675415,0.08692251890897751,1.0,0.9960780739784241,0.9960780739784241,0.9960780739784241,0.03049655817449093,0.0001740000006975606,0.8812367916107178,2100000.0,-0.001507605193182826,0.0010279938578605652,0.09674224257469177,0.03626922145485878,0.005083000287413597,2.114206075668335,3.011483669281006,0.6756012439727783,4.577197551727295,4403.669921875,22.87723731994629,5.040982246398926,27.91822052001953,716.3780517578125,2.0
20.484691619873047,40.400001525878906,1000.0,105.0,1.293393611907959,0.1682821810245514,1.0,1.0037423372268677,1.0037423372268677,1.0037423372268677,0.2039148062467575,0.0001728000061120838,0.882102906703949,2120000.0,0.02847403660416603,0.029981641797348857,-0.25604477524757385,0.032601550221443176,-0.0036676712334156036,2.088228225708008,3.0864226818084717,0.07493901252746582,4.366000652313232,4432.38134765625,24.002899169921875,4.679205894470215,28.682106018066406,697.2988891601562,2.0
20.543479919433594,44.84000015258789,1000.0,106.0,1.2939947843551636,0.24474580585956573,1.0,0.9953076839447021,0.9953076839447021,0.9953076839447021,0.06112885847687721,0.00017159999697469175,0.8826172947883606,2140000.0,-0.015109313651919365,-0.043583350256085396,0.059933729469776154,0.03854907676577568,0.005947526544332504,2.06881046295166,3.20182728767395,0.11540460586547852,4.326838970184326,4459.6025390625,21.873821258544922,5.326671123504639,27.20049285888672,735.28076171875,2.0
19.400747299194336,38.900001525878906,1000.0,107.0,1.2954739332199097,0.008996124379336834,7.0,1.0014564990997314,1.0014564990997314,1.0014564990997314,0.017619507387280464,0.00017040000238921493,0.8840088844299316,2160000.0,-0.005314115434885025,0.00979519821703434,0.2226356565952301,0.029744261875748634,-0.008804814890027046,2.037452220916748,1.549971580505371,-1.651855707168579,4.287881851196289,4516.83251953125,24.03343963623047,33.176666259765625,57.210105895996094,349.5885925292969,2.0
20.11080551147461,37.459999084472656,1000.0,108.0,1.297251582145691,0.19364723563194275,1.0,0.9955592751502991,0.9955592751502991,0.9955592751502991,0.05619639530777931,0.0001691999932518229,0.8855991363525391,2180000.0,0.004746308550238609,0.010060423985123634,-0.03720225766301155,0.033738795667886734,0.0039945337921381,2.199899911880493,3.904959201812744,2.354987621307373,4.238078594207764,4543.33447265625,22.06612777709961,4.412322044372559,26.47945213317871,755.3026733398438,2.0
19.959754943847656,42.560001373291016,1000.0,109.0,1.296622633934021,0.02486903965473175,1.0,1.0018982887268066,1.0018982887268066,1.0018982887268066,0.016789916902780533,0.00016799999866634607,0.8850144743919373,2200000.0,0.004919534083455801,0.0001732255332171917,0.2196330726146698,0.03429260104894638,0.0005538053810596466,2.0829885005950928,4.217742919921875,0.31278371810913086,4.321274757385254,4572.8798828125,24.58486557006836,4.94244384765625,29.52730941772461,677.3390502929688,2.0
20.466646194458008,54.380001068115234,1000.0,110.0,1.297544002532959,0.015940748155117035,4.0,1.0009114742279053,1.0009114742279053,1.0009114742279053,0.02318381890654564,0.00016680000408086926,0.8858645558357239,2220000.0,-0.0016689993208274245,-0.0065885334042832255,-0.13671936094760895,0.031247159466147423,-0.003045441582798958,2.16984486579895,2.884186029434204,-1.333556890487671,4.809863567352295,4616.9296875,24.232139587402344,19.791669845581055,44.02381134033203,454.29962158203125,2.0
21.185266494750977,60.63999938964844,1000.0,111.0,1.2976666688919067,0.03862263634800911,1.0,0.998212456703186,0.998212456703186,0.998212456703186,0.022954748943448067,0.0001655999949434772,0.8859966397285461,2240000.0,-0.00220373529009521,-0.0005347359692677855,-0.08727208524942398,0.030165160074830055,-0.0010819993913173676,2.226691961288452,3.4922327995300293,0.6080467700958252,5.1020379066467285,4644.30712890625,22.749530792236328,4.605459213256836,27.354990005493164,731.1279907226562,2.0
21.014511108398438,53.47999954223633,1000.0,112.0,1.2971938848495483,0.011043345555663109,8.0,0.9997531175613403,0.9997531175613403,0.9997531175613403,0.019179290160536766,0.0001644000003580004,0.8855310082435608,2260000.0,-0.006677652709186077,-0.004473917419090867,-0.1744168996810913,0.03037191927433014,0.00020675919950008392,2.092024087905884,1.6796990633010864,-1.8125337362289429,4.343687534332275,4704.46435546875,23.19745635986328,36.93986511230469,60.13732147216797,332.5721740722656,2.0
20.621166229248047,48.099998474121094,1000.0,113.0,1.2963814735412598,0.018666209653019905,3.0,1.0007123947143555,1.0007123947143555,1.0007123947143555,0.023669006302952766,0.00016320000577252358,0.8848071098327637,2280000.0,-0.0019053714349865913,0.004772281274199486,0.3286963105201721,0.028445644304156303,-0.0019262749701738358,2.1465673446655273,2.220271348953247,0.5405722856521606,4.451437950134277,4740.82373046875,22.064634323120117,14.263956069946289,36.328590393066406,550.5305786132812,2.0
20.639406204223633,41.959999084472656,1000.0,114.0,1.2946945428848267,0.016120456159114838,2.0,0.998985230922699,0.998985230922699,0.998985230922699,0.017792148515582085,0.00016199999663513154,0.8833200931549072,2300000.0,0.00022520824859384447,0.002130579683580436,-0.0973682850599289,0.03289416804909706,0.004448523744940758,2.223602771759033,2.2200915813446045,-0.00017976760864257812,4.5515241622924805,4772.41552734375,22.456193923950195,9.11539077758789,31.571584701538086,633.4810180664062,2.0
20.6545352935791,39.599998474121094,1000.0,115.0,1.2957621812820435,0.011748741380870342,3.0,0.9995322227478027,0.9995322227478027,0.9995322227478027,0.016568882390856743,0.00016080000204965472,0.8842671513557434,2320000.0,-0.0009068151121027768,-0.0011320233606966212,0.09969906508922577,0.02969994954764843,-0.0031942185014486313,2.145002841949463,1.9612668752670288,-0.2588247060775757,4.164373397827148,4811.3271484375,25.341312408447266,13.54962158203125,38.890933990478516,514.2586669921875,2.0
21.77118492126465,38.20000076293945,1000.0,116.0,1.2971793413162231,0.018229184672236443,3.0,1.0024551153182983,1.0024551153182983,1.0024551153182983,0.03398635983467102,0.00015959999291226268,0.8854837417602539,2340000.0,-0.0031368329655379057,-0.002230017853435129,0.012130159884691238,0.031439173966646194,0.0017392244189977646,2.1552789211273193,2.196323871612549,0.23505699634552002,4.16008996963501,4848.09716796875,22.596004486083984,14.154085159301758,36.75008773803711,544.2163696289062,2.0
21.36273765563965,36.41999816894531,1000.0,117.0,1.2994084358215332,0.018104415386915207,2.0,1.001018762588501,1.001018762588501,1.001018762588501,0.027183951810002327,0.00015839999832678586,0.8874591588973999,2360000.0,-0.0016393897822126746,0.001497443183325231,-0.12157619744539261,0.03598439693450928,0.004545222967863083,2.186244010925293,2.538831949234009,0.34250807762145996,4.535345077514648,4881.54443359375,24.327178955078125,9.097594261169434,33.424774169921875,598.3585815429688,2.0
20.8649845123291,38.47999954223633,1000.0,118.0,1.30071222782135,0.28472352027893066,1.0,0.9840980172157288,0.9840980172157288,0.9840980172157288,0.0468989759683609,0.00015720000374130905,0.888634443283081,2380000.0,-0.02648732252418995,-0.024847932741977274,-0.10933984071016312,0.03392484411597252,-0.0020595528185367584,2.117161273956299,2.9607698917388916,0.4219379425048828,4.171407222747803,4908.546875,22.307052612304688,4.675112724304199,26.98216438293457,741.2303466796875,2.0
20.708515167236328,35.02000045776367,1000.0,119.0,1.3020075559616089,0.010728172026574612,6.0,0.9996036887168884,0.9996036887168884,0.9996036887168884,0.018542930483818054,0.000155999994603917,0.88975590467453,2400000.0,-0.005544979125261307,0.020942343398928642,0.17955130338668823,0.027381209656596184,-0.006543634459376335,2.1681673526763916,1.5621414184570312,-1.3986284732818604,3.9406726360321045,4962.17578125,23.830171585083008,29.779468536376953,53.609642028808594,373.0672302246094,2.0
19.587753295898438,32.619998931884766,1000.0,120.0,1.3035567998886108,0.013570294715464115,3.0,1.001273274421692,1.001273274421692,1.001273274421692,0.018592506647109985,0.0001548000000184402,0.8911023736000061,2420000.0,-0.002542373025789857,0.00300260609947145,-0.1893414855003357,0.03161529451608658,0.004234084859490395,2.0846681594848633,1.720124363899231,0.1579829454421997,4.027722358703613,4998.68359375,22.40826416015625,14.077167510986328,36.48543167114258,548.1640014648438,2.0
19.906818389892578,30.8799991607666,1000.0,121.0,1.3044472932815552,0.014951813966035843,2.0,0.999200701713562,0.999200701713562,0.999200701713562,0.01762452721595764,0.00015360000543296337,0.8918613195419312,2440000.0,-0.0018315623747184873,0.0007108106510713696,-0.09286238253116608,0.030491307377815247,-0.0011239871382713318,2.190563917160034,2.301035165786743,0.5809108018875122,3.932927370071411,5033.38916015625,25.326108932495117,9.357122421264648,34.683231353759766,576.6475219726562,2.0
19.728269577026367,40.91999816894531,1000.0,122.0,1.3054485321044922,0.4988775849342346,1.0,1.0140570402145386,1.0140570402145386,1.0140570402145386,0.5871564745903015,0.00015239999629557133,0.8927242755889893,2460000.0,-0.060273297131061554,-0.05844173475634307,0.10874529927968979,0.03419085592031479,0.0036995485424995422,2.1465601921081543,4.321523189544678,2.0204880237579346,3.9092965126037598,5059.6298828125,21.291702270507812,4.929988861083984,26.221691131591797,762.7273559570312,2.0
19.819307327270508,46.540000915527344,1000.0,123.0,1.3070199489593506,0.15317580103874207,1.0,0.9958081841468811,0.9958081841468811,0.9958081841468811,0.03819606453180313,0.0001512000017100945,0.8941296339035034,2480000.0,-0.01138001773506403,0.048893279395997524,-0.2220943719148636,0.0334019660949707,-0.0007888898253440857,2.1299855709075928,3.241265058517456,-1.0802581310272217,3.7294387817382812,5089.140625,24.393268585205078,5.096138954162598,29.48940658569336,678.2096557617188,2.0
20.851999282836914,46.540000915527344,1000.0,124.0,1.3076589107513428,0.027477962896227837,2.0,1.0001134872436523,1.0001134872436523,1.0001134872436523,0.020845022052526474,0.0001500000071246177,0.8946976065635681,2500000.0,-0.0011583471205085516,0.010221670614555478,0.18470129370689392,0.031200582161545753,-0.0022013839334249496,2.1913559436798096,2.972804546356201,-0.2684605121612549,4.080613613128662,5119.33984375,20.76780128479004,9.411555290222168,30.179357528686523,662.7046508789062,2.0
20.070154190063477,40.31999969482422,1000.0,125.0,1.3078343868255615,0.2127053439617157,1.0,0.993958592414856,0.993958592414856,0.993958592414856,0.06279145181179047,0.00014879999798722565,0.8948496580123901,2520000.0,-0.005804966203868389,-0.0046466190833598375,-0.37798750400543213,0.03540918603539467,0.004208603873848915,2.103304386138916,3.3668243885040283,0.39401984214782715,4.043528079986572,5149.8056640625,25.7386531829834,4.707200527191162,30.44585418701172,656.9039306640625,2.0
19.302417755126953,38.220001220703125,1000.0,126.0,1.3070822954177856,0.05065353214740753,1.0,0.9990050792694092,0.9990050792694092,0.9990050792694092,0.025449952110648155,0.00014760000340174884,0.8941750526428223,2540000.0,0.0034434532281011343,0.009248419431969523,0.16710165143013,0.03092334419488907,-0.0044858418405056,2.050569534301758,3.634779214859009,0.26795482635498047,3.718278169631958,5175.79150390625,21.157333374023438,4.808908462524414,25.96624183654785,770.2308349609375,2.0
17.762069702148438,35.900001525878906,1000.0,127.0,1.30641770362854,0.010909919627010822,7.0,0.9985109567642212,0.9985109567642212,0.9985109567642212,0.0181597787886858,0.0001463999942643568,0.8935843706130981,2560000.0,-0.006319766398519278,-0.009763219626620412,0.30390894412994385,0.0307158175855875,-0.00020752660930156708,2.006474018096924,1.340537190437317,-2.294242024421692,3.6529629230499268,5233.79248046875,24.74415397644043,33.236976623535156,57.98112869262695,344.9398193359375,2.0
17.068031311035156,31.8799991607666,1000.0,128.0,1.3067718744277954,0.022339511662721634,2.0,0.9987559914588928,0.9987559914588928,0.9987559914588928,0.01949087530374527,0.00014519999967887998,0.8938997387886047,2580000.0,-0.004315921571105719,0.002003844827413559,-0.07786432653665543,0.03385790064930916,0.003142083063721657,1.8892525434494019,1.666600227355957,0.32606303691864014,3.228104591369629,5265.9296875,22.535383224487305,9.57807731628418,32.113460540771484,622.7918090820312,2.0
16.810617446899414,34.7599983215332,1000.0,129.0,1.3099876642227173,0.10049989819526672,1.0,1.0004699230194092,1.0004699230194092,1.0004699230194092,0.048857323825359344,0.00014400000509340316,0.8967763185501099,2600000.0,0.0011869882000610232,0.005502909771166742,-0.05434640124440193,0.03739123418927193,0.0035333335399627686,1.8433024883270264,3.335847854614258,1.6692476272583008,3.0655782222747803,5293.91064453125,23.289852142333984,4.669171333312988,27.960025787353516,715.3069458007812,2.0
17.07777976989746,37.97999954223633,1000.0,130.0,1.3104643821716309,0.030531903728842735,1.0,0.999796986579895,0.999796986579895,0.999796986579895,0.023704946041107178,0.00014279999595601112,0.8972039222717285,2620000.0,6.945007771719247e-05,-0.0011175381223438308,0.05980956554412842,0.04205598682165146,0.004664752632379532,1.9508894681930542,3.170578718185425,-0.165269136428833,3.5871164798736572,5320.9111328125,22.06307601928711,4.9159650802612305,26.979042053222656,741.316162109375,2.0
16.540489196777344,37.20000076293945,1000.0,131.0,1.3099465370178223,0.020920608192682266,2.0,1.0008660554885864,1.0008660554885864,1.0008660554885864,0.028205769136548042,0.0001416000013705343,0.8967524766921997,2640000.0,0.0007632726919837296,0.0006938226142665371,0.026056230068206787,0.03729104995727539,-0.004764936864376068,1.8072304725646973,2.6829335689544678,-0.48764514923095703,3.5453269481658936,5355.2626953125,25.549503326416016,8.777511596679688,34.3270149230957,582.6315307617188,2.0
17.57675552368164,31.920000076293945,1000.0,132.0,1.307848572731018,0.016423553228378296,2.0,1.0001226663589478,1.0001226663589478,1.0001226663589478,0.016759200021624565,0.00014040000678505749,0.894875705242157,2660000.0,-0.0022597445640712976,-0.0030230172560550272,0.012831959873437881,0.03795763477683067,0.0006665848195552826,2.0696206092834473,2.682199239730835,-0.0007343292236328125,3.605581283569336,5388.2509765625,22.918664932250977,10.04959774017334,32.96826171875,606.64404296875,2.0
16.74417495727539,24.600000381469727,1000.0,133.0,1.3024901151657104,0.010497508570551872,7.0,0.9998040199279785,0.9998040199279785,0.9998040199279785,0.01823822408914566,0.00013919999764766544,0.8900974988937378,2680000.0,-0.004072046838700771,-0.0018123022746294737,-0.20636838674545288,0.03443329781293869,-0.003524336963891983,1.8734298944473267,1.1518921852111816,-1.5303070545196533,3.749851942062378,5443.8330078125,23.155542373657227,32.40555953979492,55.56110382080078,359.96405029296875,2.0
17.548742294311523,25.360000610351562,1000.0,134.0,1.300910472869873,0.015736809000372887,3.0,0.9994304180145264,0.9994304180145264,0.9994304180145264,0.01816362701356411,0.00013800000306218863,0.8886809945106506,2700000.0,-0.0020576482638716698,0.0020143985748291016,-0.1091890037059784,0.03322799131274223,-0.001205306500196457,1.9423308372497559,1.4181426763534546,0.26625049114227295,3.35072922706604,5480.291015625,22.27937889099121,14.156176567077637,36.43555450439453,548.9143676757812,2.0
17.569141387939453,27.059999465942383,1000.0,135.0,1.3040517568588257,0.014477195218205452,4.0,1.0006678104400635,1.0006678104400635,1.0006678104400635,0.02236403338611126,0.00013679999392479658,0.8914686441421509,2720000.0,-0.0017384974053129554,0.0003191508585587144,-0.37757912278175354,0.03522598743438721,0.0019979961216449738,1.9128497838974,1.4152514934539795,-0.0028911828994750977,3.4532551765441895,5523.79931640625,23.922372817993164,19.564538955688477,43.48691177368164,459.9084777832031,2.0
18.435565948486328,28.15999984741211,1000.0,136.0,1.3039344549179077,0.01050799060612917,4.0,0.9997201561927795,0.9997201561927795,0.9997201561927795,0.016765199601650238,0.00013559999933931977,0.8913658261299133,2740000.0,-0.004559750203043222,-0.002821252797730267,-0.2229822278022766,0.03671844303607941,0.0014924556016921997,1.9361320734024048,1.1788461208343506,-0.2364053726196289,2.956770896911621,5565.18603515625,21.345367431640625,20.020151138305664,41.36552047729492,483.4944763183594,2.0
17.96830177307129,27.100000381469727,1000.0,137.0,1.3034170866012573,0.013643279671669006,3.0,0.9996153116226196,0.9996153116226196,0.9996153116226196,0.01709177903831005,0.00013440000475384295,0.8909028172492981,2760000.0,-0.002931333612650633,0.0016284165903925896,0.21342207491397858,0.030093401670455933,-0.006625041365623474,1.6679757833480835,1.4022799730300903,0.22343385219573975,2.775690793991089,5601.4482421875,22.728992462158203,13.511713981628418,36.24070739746094,551.8656005859375,2.0
17.45052719116211,23.280000686645508,1000.0,138.0,1.3036844730377197,0.01389874517917633,4.0,1.0007545948028564,1.0007545948028564,1.0007545948028564,0.020515399053692818,0.0001331999956164509,0.8911399841308594,2780000.0,-0.004455970134586096,-0.001524636521935463,-0.03524583578109741,0.03647700697183609,0.0063836053013801575,1.8295047283172607,1.2908964157104492,-0.11138355731964111,2.8970589637756348,5645.716796875,25.052425384521484,19.195247650146484,44.24767303466797,452.0011901855469,2.0
15.205949783325195,37.79999923706055,1000.0,139.0,1.3048996925354004,0.960622251033783,1.0,0.9603781700134277,0.9603781700134277,0.9603781700134277,0.2478838413953781,0.0001320000010309741,0.892225444316864,2800000.0,-0.06749609857797623,-0.06304012844339013,-0.25561243295669556,0.03982758894562721,0.0033505819737911224,1.6784919500350952,2.5045762062072754,1.2136797904968262,3.239189386367798,5672.595703125,22.204692840576172,4.653961181640625,26.858654022216797,744.6389770507812,2.0
14.59428596496582,49.040000915527344,1000.0,140.0,1.304310917854309,1.1559444665908813,1.0,1.0737706422805786,1.0737706422805786,1.0737706422805786,1.4518935680389404,0.00013080000644549727,0.8917033672332764,2820000.0,0.20864953100681305,0.2761456295847893,-0.22701314091682434,0.04305734857916832,0.003229759633541107,1.675437331199646,4.1844940185546875,1.679917812347412,3.5215976238250732,5701.626953125,24.03050422668457,4.979401588439941,29.010906219482422,689.3958740234375,2.0
14.402544021606445,50.08000183105469,1000.0,141.0,1.306141972541809,0.09629009664058685,2.0,1.001284122467041,1.001284122467041,1.001284122467041,0.06709004193544388,0.00012959999730810523,0.8933369517326355,2840000.0,-0.0018326375866308808,-0.21048216859344393,0.05797711759805679,0.038979802280664444,-0.004077546298503876,1.6584019660949707,1.5993125438690186,-2.585181474685669,3.3183512687683105,5732.91162109375,21.92409896850586,9.340490341186523,31.264591217041016,639.7013549804688,2.0
13.745235443115234,52.20000076293945,1000.0,142.0,1.306067705154419,0.07956081628799438,2.0,1.0030943155288696,1.0030943155288696,1.0030943155288696,0.04639953747391701,0.00012840000272262841,0.8932672739028931,2860000.0,-0.002688910346478224,-0.000856272759847343,0.09488344192504883,0.0385456457734108,-0.00043415650725364685,1.6318910121917725,2.055748701095581,0.4564361572265625,3.0568699836730957,5765.685546875,23.42711067199707,9.326610565185547,32.75372314453125,610.6176147460938,2.0
15.374485969543457,26.760000228881836,1000.0,143.0,1.3102446794509888,0.008540409617125988,6.0,0.9992097020149231,0.9992097020149231,0.9992097020149231,0.01639227382838726,0.00012719999358523637,0.897005558013916,2880000.0,-0.003556294133886695,-0.0008673837874084711,0.056895844638347626,0.03454671800136566,-0.0039989277720451355,1.9695216417312622,1.2878321409225464,-0.7679165601730347,3.283498764038086,5817.90966796875,23.306610107421875,28.898242950439453,52.20485305786133,383.10614013671875,2.0
17.075008392333984,25.059999465942383,1000.0,144.0,1.3117759227752686,0.018162086606025696,4.0,0.9997414350509644,0.9997414350509644,0.9997414350509644,0.022485926747322083,0.00012599999899975955,0.8983801007270813,2900000.0,-0.0021545737981796265,0.0014017203357070684,0.24449142813682556,0.0365566685795784,0.002009950578212738,1.9133930206298828,1.1039637327194214,-0.183868408203125,2.9447619915008545,5858.9775390625,22.732837677001953,18.31334686279297,41.04618453979492,487.2560119628906,2.0
17.851091384887695,28.68000030517578,1000.0,145.0,1.3133991956710815,0.4227246046066284,1.0,0.9882111549377441,0.9882111549377441,0.9882111549377441,0.132028266787529,0.00012480000441428274,0.8998395800590515,2920000.0,-0.04109584540128708,-0.03894127160310745,0.08130732923746109,0.0371854268014431,0.0006287582218647003,1.7491650581359863,2.1811699867248535,1.0772062540054321,2.8555238246917725,5887.8564453125,23.8449764251709,5.013280868530273,28.858257293701172,693.0425415039062,2.0
17.344507217407227,45.619998931884766,1000.0,146.0,1.313536524772644,0.08785651624202728,2.0,1.0022082328796387,1.0022082328796387,1.0022082328796387,0.03552190214395523,0.0001235999952768907,0.8999632000923157,2940000.0,-0.00119101966265589,0.03990482573863119,-0.026375452056527138,0.04061669483780861,0.003431268036365509,1.753943920135498,2.4403672218322754,0.2591972351074219,3.018876552581787,5921.04150390625,23.390012741088867,9.776437759399414,33.16645050048828,603.0189819335938,2.0
17.28858184814453,52.459999084472656,1000.0,147.0,1.3121576309204102,0.010654176585376263,7.0,0.9998231530189514,0.9998231530189514,0.9998231530189514,0.01741718500852585,0.00012240000069141388,0.8987253904342651,2960000.0,-0.005694357678294182,-0.004503338015638292,0.061812885105609894,0.036770157516002655,-0.003846537321805954,1.828630805015564,1.3022760152816772,-1.1380912065505981,3.559314727783203,5976.65478515625,22.890241622924805,32.70281219482422,55.59305191040039,359.7571716308594,2.0
17.509599685668945,50.619998931884766,1000.0,148.0,1.3106662034988403,0.011158267967402935,5.0,0.9987276792526245,0.9987276792526245,0.9987276792526245,0.018247615545988083,0.00012119999882997945,0.8973855972290039,2980000.0,-0.0030776045750826597,0.002616753103211522,-0.034194186329841614,0.03904884681105614,0.002278689295053482,1.8378373384475708,1.4736301898956299,0.17135417461395264,3.561216354370117,6023.15625,24.268749237060547,22.209590911865234,46.47834014892578,430.3079528808594,2.0
16.65146827697754,34.720001220703125,1000.0,149.0,1.3121196031570435,0.11580265313386917,2.0,0.995823860168457,0.995823860168457,0.995823860168457,0.0520622655749321,0.00011999999696854502,0.8986894488334656,3000000.0,-0.001001468044705689,0.0020761365303769708,-0.05431352183222771,0.04158462956547737,0.002535782754421234,1.7390145063400269,2.4887900352478027,1.0151598453521729,3.1119611263275146,6058.79541015625,25.945682525634766,9.671579360961914,35.61726379394531,561.5254516601562,2.0
16.928800582885742,32.900001525878906,1000.0,150.0,1.3112188577651978,0.018068689852952957,2.0,0.9978218674659729,0.9978218674659729,0.9978218674659729,0.018639443442225456,0.0001188000023830682,0.8978822231292725,3020000.0,-0.0021164536010473967,-0.0011149855563417077,-0.26110559701919556,0.040176622569561005,-0.0014080069959163666,1.914116382598877,1.7887287139892578,-0.7000613212585449,3.2738852500915527,6090.83837890625,22.002666473388672,10.020330429077148,32.02399444580078,624.5316772460938,2.0
15.659698486328125,30.68000030517578,1000.0,151.0,1.3080064058303833,0.013043751940131187,5.0,1.0014302730560303,1.0014302730560303,1.0014302730560303,0.02044987864792347,0.00011760000052163377,0.8950231075286865,3040000.0,-0.00425672996789217,-0.0021402763668447733,-0.05428395792841911,0.038203440606594086,-0.001973181962966919,1.775580883026123,1.478832721710205,-0.30989599227905273,3.3942713737487793,6137.7373046875,23.855709075927734,23.021806716918945,46.87751388549805,426.6437683105469,2.0
15.426499366760254,29.440000534057617,1000.0,152.0,1.3068501949310303,0.01345838699489832,3.0,1.0006831884384155,1.0006831884384155,1.0006831884384155,0.03533826768398285,0.00011639999866019934,0.8939979076385498,3060000.0,-0.002673522336408496,0.001583207631483674,0.290058434009552,0.03438670560717583,-0.0038167349994182587,1.7634215354919434,1.178908109664917,-0.2999246120452881,3.145310640335083,6175.12548828125,22.69482421875,14.672894477844238,37.36771774291992,535.2213134765625,2.0
14.512563705444336,24.799999237060547,1000.0,153.0,1.3094075918197632,0.012915571220219135,7.0,1.0002597570419312,1.0002597570419312,1.0002597570419312,0.019340086728334427,0.00011519999679876491,0.8962842226028442,3080000.0,-0.0047509269788861275,-0.0020774046424776316,0.07059444487094879,0.03254624456167221,-0.0018404610455036163,1.6433013677597046,0.9998818635940552,-0.17902624607086182,3.0024616718292236,6231.98583984375,23.02149200439453,33.818843841552734,56.840335845947266,351.86279296875,2.0
14.420707702636719,18.860000610351562,1000.0,154.0,1.3105601072311401,0.015383422374725342,4.0,0.9986006021499634,0.9986006021499634,0.9986006021499634,0.018690701574087143,0.0001140000022132881,0.8973293304443359,3100000.0,-0.0030244318768382072,0.0017264951020479202,-0.005377858877182007,0.03521803393959999,0.00267178937792778,1.6238301992416382,1.2445167303085327,0.24463486671447754,3.040515422821045,6273.97802734375,22.658273696899414,19.311656951904297,41.97093200683594,476.5202941894531,2.0
12.943487167358398,38.08000183105469,1000.0,155.0,1.3091455698013306,0.9362146258354187,1.0,0.9658600091934204,0.9658600091934204,0.9658600091934204,0.10028381645679474,0.00011280000035185367,0.8960586786270142,3120000.0,-0.06302737444639206,-0.06000294256955385,0.02287095971405506,0.04075857624411583,0.005540542304515839,1.3927240371704102,2.134662628173828,0.8901458978652954,2.5409512519836426,6301.35546875,22.666872024536133,4.6897196769714355,27.356592178344727,731.085205078125,2.0
14.034232139587402,41.599998474121094,1000.0,156.0,1.3077861070632935,0.014669644646346569,4.0,1.0012890100479126,1.0012890100479126,1.0012890100479126,0.027433594688773155,0.00011159999849041924,0.8948348760604858,3140000.0,-0.003293171525001526,0.05973420292139053,0.0595628097653389,0.03638000413775444,-0.004378572106361389,1.7336914539337158,1.6349786520004272,-0.4996839761734009,3.071744203567505,6345.18701171875,24.488344192504883,19.323278427124023,43.811622619628906,456.4998779296875,2.0
14.546009063720703,42.400001525878906,1000.0,157.0,1.3066558837890625,0.00962604209780693,5.0,0.9976104497909546,0.9976104497909546,0.9976104497909546,0.01553245261311531,0.00011039999662898481,0.8938086032867432,3160000.0,-0.004580673761665821,-0.0012875022366642952,-0.08489102125167847,0.037513185292482376,0.0011331811547279358,1.6348620653152466,1.25022554397583,-0.38475310802459717,2.7359461784362793,6391.1396484375,22.9365234375,22.995075225830078,45.93159866333008,435.4300842285156,2.0
14.657752990722656,41.68000030517578,1000.0,158.0,1.306628704071045,0.043865542858839035,1.0,1.0007433891296387,1.0007433891296387,1.0007433891296387,0.029394235461950302,0.00010920000204350799,0.8937778472900391,3180000.0,0.0015939115546643734,0.0061745853163301945,-0.0033974573016166687,0.03938482701778412,0.0018716417253017426,1.4256260395050049,1.757596492767334,0.5073709487915039,2.644033670425415,6419.56201171875,23.821857452392578,4.578611373901367,28.400468826293945,704.2137451171875,2.0
14.552617073059082,20.979999542236328,1000.0,159.0,1.3065109252929688,0.04387309029698372,1.0,0.9988932013511658,0.9988932013511658,0.9988932013511658,0.035362035036087036,0.00010800000018207356,0.8936732411384583,3200000.0,-0.004512190353125334,-0.006106101907789707,0.4335630238056183,0.04709635302424431,0.00771152600646019,1.56438410282135,2.0111818313598633,0.2535853385925293,2.7089879512786865,6449.0693359375,24.30417823791504,5.181931972503662,29.48611068725586,678.2854614257812,2.0
13.661359786987305,23.34000015258789,1000.0,160.0,1.3067359924316406,0.009294467978179455,6.0,1.000855803489685,1.000855803489685,1.000855803489685,0.015553120523691177,0.00010679999832063913,0.8938800096511841,3220000.0,-0.003298078430816531,0.0012141119223088026,0.1492747813463211,0.037375375628471375,-0.009720977395772934,1.4481664896011353,1.082647681236267,-0.9285341501235962,2.853543519973755,6498.75,22.591527938842773,27.068410873413086,49.65993881225586,402.7391052246094,2.0
14.20406723022461,25.020000457763672,1000.0,161.0,1.3046430349349976,0.012620102614164352,4.0,1.0011544227600098,1.0011544227600098,1.0011544227600098,0.01982780359685421,0.0001055999964592047,0.8920064568519592,3240000.0,-0.004450971260666847,-0.001152892829850316,0.0375920832157135,0.042718108743429184,0.0053427331149578094,1.5170459747314453,1.4117753505706787,0.3291276693344116,2.620654344558716,6540.64306640625,23.285913467407227,18.582382202148438,41.86829376220703,477.68841552734375,2.0
15.786218643188477,31.31999969482422,1000.0,162.0,1.3040400743484497,0.025403231382369995,2.0,0.9978106021881104,0.9978106021881104,0.9978106021881104,0.02316812425851822,0.00010440000187372789,0.8914701342582703,3260000.0,-0.002364614512771368,0.002086356747895479,-0.3681074380874634,0.04937279596924782,0.006654687225818634,1.7857528924942017,2.3256163597106934,0.9138410091400146,3.209364414215088,6573.17626953125,22.54236602783203,9.970602035522461,32.512969970703125,615.13916015625,2.0
16.834182739257812,29.639999389648438,1000.0,163.0,1.3055684566497803,0.02792179584503174,1.0,1.000610113143921,1.000610113143921,1.000610113143921,0.02470201812684536,0.00010320000001229346,0.8928300738334656,3280000.0,0.001933365361765027,0.004297979874536395,-0.018169913440942764,0.0454396978020668,-0.003933098167181015,1.5492775440216064,1.9141162633895874,-0.41150009632110596,2.6676042079925537,6601.59521484375,23.759002685546875,4.639646530151367,28.398649215698242,704.2588500976562,2.0
16.821273803710938,30.639999389648438,1000.0,164.0,1.3055015802383423,0.026282738894224167,1.0,0.9991447329521179,0.9991447329521179,0.9991447329521179,0.019461220130324364,0.00010199999815085903,0.8927699327468872,3300000.0,0.0004412975686136633,-0.0014920677931513637,-0.006271243095397949,0.040476564317941666,-0.004963133484125137,1.6172819137573242,2.4150314331054688,0.5009151697158813,3.4249985218048096,6628.11474609375,21.605073928833008,4.894221305847168,26.49929428100586,754.737060546875,2.0
14.280426979064941,22.8799991607666,1000.0,165.0,1.3069323301315308,0.035642050206661224,2.0,1.0011299848556519,1.0011299848556519,1.0011299848556519,0.02842753194272518,0.00010080000356538221,0.8940442204475403,3320000.0,-0.0015988645609468222,-0.0020401621295604855,-0.19441041350364685,0.036862120032310486,-0.00361444428563118,1.4611680507659912,1.3903543949127197,-1.024677038192749,2.78905987739563,6662.74267578125,25.111103057861328,9.497604370117188,34.608707427978516,577.8892211914062,2.0
14.865508079528809,24.739999771118164,1000.0,166.0,1.3076294660568237,0.02247009426355362,2.0,0.9994341135025024,0.9994341135025024,0.9994341135025024,0.020106730982661247,9.960000170394778e-05,0.8946722149848938,3340000.0,-0.0013698399998247623,0.00022902456112205982,-0.11744020134210587,0.04499334841966629,0.008131228387355804,1.7150636911392212,1.9014699459075928,0.511115550994873,2.6349124908447266,6693.03173828125,20.413145065307617,9.856720924377441,30.269866943359375,660.7230834960938,2.0
14.67337417602539,36.439998626708984,1000.0,167.0,1.3078434467315674,0.3798750042915344,1.0,0.991237461566925,0.991237461566925,0.991237461566925,0.06827809661626816,9.839999984251335e-05,0.8948730826377869,3360000.0,-0.017292127013206482,-0.01592228701338172,0.11697104573249817,0.04315565899014473,-0.0018376894295215607,1.5916136503219604,3.8637959957122803,1.9623260498046875,3.182783842086792,6721.66748046875,24.118101119995117,4.496172904968262,28.614274978637695,698.9518432617188,2.0
13.980252265930176,39.900001525878906,1000.0,168.0,1.3074917793273926,0.028745653107762337,2.0,0.9999721050262451,0.9999721050262451,0.9999721050262451,0.019969435408711433,9.719999798107892e-05,0.894568681716919,3380000.0,-0.0033785474952310324,0.01391357951797545,-0.0071899015456438065,0.04293972998857498,-0.00021592900156974792,1.4874674081802368,2.8127622604370117,-1.0510337352752686,2.3265182971954346,6752.814453125,21.239225387573242,9.888675689697266,31.12790298461914,642.5103759765625,2.0
13.369690895080566,38.31999969482422,1000.0,169.0,1.3064305782318115,0.01196605060249567,3.0,1.0002038478851318,1.0002038478851318,1.0002038478851318,0.01904161274433136,9.600000339560211e-05,0.8936253190040588,3400000.0,-0.0022078738547861576,0.0011706736404448748,0.24891215562820435,0.040324192494153976,-0.0026155374944210052,1.577415943145752,1.2732577323913574,-1.5395045280456543,2.8372137546539307,6790.49609375,24.503528594970703,13.156932830810547,37.66046142578125,531.0609130859375,2.0
13.61581802368164,21.799999237060547,1000.0,170.0,1.3068571090698242,0.008116275072097778,7.0,1.001247763633728,1.001247763633728,1.001247763633728,0.01775394193828106,9.480000153416768e-05,0.8939900994300842,3420000.0,-0.003584442427381873,-0.0013765685725957155,0.31692957878112793,0.03798001632094383,-0.002344176173210144,1.770151972770691,1.0670347213745117,-0.2062230110168457,3.4930264949798584,6846.89306640625,22.607629776000977,33.76894760131836,56.3765754699707,354.75726318359375,2.0
13.424355506896973,22.540000915527344,1000.0,171.0,1.3083518743515015,0.0573057197034359,1.0,0.9995381236076355,0.9995381236076355,0.9995381236076355,0.039680857211351395,9.359999967273325e-05,0.8953168988227844,3440000.0,0.0015069447690621018,0.005091387196443975,0.012856751680374146,0.04611218720674515,0.008132170885801315,1.3338675498962402,2.6614990234375,1.5944643020629883,2.2605953216552734,6873.1455078125,21.621959686279297,4.608651161193848,26.230609893798828,762.4679565429688,2.0
14.057424545288086,23.68000030517578,1000.0,172.0,1.3090859651565552,0.013516765087842941,6.0,1.0032172203063965,1.0032172203063965,1.0032172203063965,0.05581808090209961,9.239999781129882e-05,0.8959676027297974,3460000.0,-0.0051048388704657555,-0.006611783639527857,-0.13342338800430298,0.038154203444719315,-0.007957983762025833,1.6426751613616943,1.1002006530761719,-1.5612983703613281,2.8339405059814453,6925.541015625,24.725378036499023,27.650278091430664,52.37565612792969,381.8567810058594,2.0
12.075255393981934,22.059999465942383,1000.0,173.0,1.307237148284912,0.006445849779993296,21.0,1.0027031898498535,1.0027031898498535,1.0027031898498535,0.020450804382562637,9.1200003225822e-05,0.8943120837211609,3480000.0,-0.005715438164770603,-0.0006105992943048477,-0.13092505931854248,0.032029569149017334,-0.006124634295701981,1.2821406126022339,0.4839930236339569,-0.616207629442215,2.2667691707611084,7046.66259765625,21.98866844177246,99.11112213134766,121.09979248046875,165.15304565429688,2.0
12.7609281539917,16.559999465942383,1000.0,174.0,1.3058115243911743,0.012077761813998222,5.0,0.9973450303077698,0.9973450303077698,0.9973450303077698,0.01755218580365181,9.000000136438757e-05,0.893038272857666,3500000.0,-0.00629614619538188,-0.0005807080306112766,0.2377130091190338,0.04194160923361778,0.009912040084600449,1.4652280807495117,0.954904317855835,0.47091129422187805,2.2701971530914307,7091.45751953125,21.04457664489746,23.7216739654541,44.76625061035156,446.76513671875,2.0
12.709644317626953,13.15999984741211,1000.0,175.0,1.3036025762557983,0.010379139333963394,9.0,1.0000406503677368,1.0000406503677368,1.0000406503677368,0.015483316965401173,8.879999950295314e-05,0.8910670280456543,3520000.0,-0.006338901352137327,-4.275515675544739e-05,-0.007961470633745193,0.04264695942401886,0.0007053501904010773,1.615356683731079,0.6670587658882141,-0.28784555196762085,2.447524070739746,7156.1220703125,22.73166275024414,41.90971755981445,64.6413803100586,309.39935302734375,2.0
13.149206161499023,15.460000038146973,1000.0,176.0,1.3013203144073486,0.014460588805377483,3.0,0.9992867708206177,0.9992867708206177,0.9992867708206177,0.01778353564441204,8.759999764151871e-05,0.8890359997749329,3540000.0,-0.004207224119454622,0.002131677232682705,-0.2818962335586548,0.03740553557872772,-0.005241423845291138,1.4993633031845093,1.2348169088363647,0.5677581429481506,2.1861186027526855,7193.3935546875,23.341020584106445,13.905546188354492,37.247535705566406,536.9482421875,2.0
13.98913860321045,17.459999084472656,1000.0,177.0,1.2989014387130737,0.010014261119067669,7.0,1.0015606880187988,1.0015606880187988,1.0015606880187988,0.02262766845524311,8.64000030560419e-05,0.8868880867958069,3560000.0,-0.005685038398951292,-0.0014778142794966698,0.04471554607152939,0.03724835813045502,-0.00015717744827270508,1.5140248537063599,0.8775503039360046,-0.3572666049003601,2.5126729011535645,7248.6357421875,22.160533905029297,33.061832427978516,55.22236633300781,362.1720886230469,1.9992269277572632
13.522347450256348,19.479999542236328,1000.0,178.0,1.300317645072937,0.008191577158868313,7.0,1.0005470514297485,1.0005470514297485,1.0005470514297485,0.015661703422665596,8.520000119460747e-05,0.88814777135849,3580000.0,-0.005316824186593294,0.0003682142123579979,0.015325574204325676,0.040016066282987595,0.0027677081525325775,1.5641496181488037,1.274666666984558,0.39711636304855347,2.293853521347046,7303.99462890625,22.424781799316406,32.910709381103516,55.33549118041992,361.43170166015625,1.9975937604904175
13.119335174560547,34.400001525878906,1000.0,179.0,1.3022809028625488,1.2946501970291138,1.0,0.9760263562202454,0.9760263562202454,0.9760263562202454,0.32571104168891907,8.399999933317304e-05,0.8898921012878418,3600000.0,-0.04269428551197052,-0.037377461325377226,-0.0004025101661682129,0.04128983989357948,0.0012737736105918884,1.364432454109192,2.013172149658203,0.738505482673645,2.325976848602295,7332.9970703125,24.417560577392578,4.560173511505127,28.977733612060547,690.1851196289062,1.9977171421051025
13.229133605957031,37.380001068115234,1000.0,180.0,1.3026474714279175,0.022763583809137344,2.0,0.999678373336792,0.999678373336792,0.999678373336792,0.02396855503320694,8.27999974717386e-05,0.8902189135551453,3620000.0,-0.0020537797827273607,0.04064050572924316,-0.005889877676963806,0.04638966917991638,0.005099829286336899,1.5099416971206665,1.7144970893859863,-0.2986750602722168,1.9467648267745972,7364.40771484375,21.400236129760742,9.989861488342285,31.390098571777344,637.1436157226562,1.999935507774353
12.431407928466797,36.439998626708984,1000.0,181.0,1.2984346151351929,0.008156528696417809,8.0,0.9985178112983704,0.9985178112983704,0.9985178112983704,0.015311350114643574,8.160000288626179e-05,0.8864830732345581,3640000.0,-0.005981455557048321,-0.00392767577432096,-0.1315579116344452,0.04511554166674614,-0.0012741275131702423,1.3215675354003906,0.8921040892601013,-0.822393000125885,1.6866847276687622,7425.6015625,23.720090866088867,37.45198440551758,61.17207717895508,326.9465637207031,2.0
12.196186065673828,27.940000534057617,1000.0,182.0,1.298353910446167,0.015676815062761307,4.0,0.9991349577903748,0.9991349577903748,0.9991349577903748,0.02334892936050892,8.040000102482736e-05,0.8864126205444336,3660000.0,-0.0023337253369390965,0.0036477302201092243,-0.30488571524620056,0.046593714505434036,0.0014781728386878967,1.3182586431503296,1.8995131254196167,1.0074090361595154,1.889194130897522,7466.58447265625,22.663715362548828,18.29592514038086,40.95964050292969,488.2855529785156,2.0
12.992527961730957,22.15999984741211,1000.0,183.0,1.2972540855407715,0.010041432455182076,7.0,0.9993516206741333,0.9993516206741333,0.9993516206741333,0.016733860597014427,7.919999916339293e-05,0.8854631185531616,3680000.0,-0.003712546080350876,-0.0013788207434117794,-0.057790257036685944,0.043797265738248825,-0.002796448767185211,1.5147144794464111,0.8660858273506165,-1.0334272980690002,2.110992670059204,7521.3212890625,21.78891372680664,32.926490783691406,54.71540451049805,365.52777099609375,2.0
12.290549278259277,21.719999313354492,1000.0,184.0,1.2964129447937012,0.0101579949259758,12.0,1.0009623765945435,1.0009623765945435,1.0009623765945435,0.028933849185705185,7.79999973019585e-05,0.8847131729125977,3700000.0,-0.00872895959764719,-0.005016413517296314,0.046421315521001816,0.0406414270401001,-0.0031558386981487274,1.4556783437728882,0.6248656511306763,-0.24122017621994019,2.023517608642578,7601.5400390625,24.032039642333984,56.164798736572266,80.19683837890625,249.38638305664062,2.0
13.669757843017578,21.15999984741211,1000.0,185.0,1.2959376573562622,0.009611322544515133,7.0,1.0007797479629517,1.0007797479629517,1.0007797479629517,0.01792258396744728,7.680000271648169e-05,0.8842911720275879,3720000.0,-0.005223437678068876,0.003505521919578314,-0.12447308003902435,0.04054639860987663,-9.502843022346497e-05,1.6231590509414673,0.7799485325813293,0.15508288145065308,2.0565860271453857,7657.0830078125,20.9560546875,34.56211853027344,55.51817321777344,360.2424011230469,2.0
12.151461601257324,18.079999923706055,1000.0,186.0,1.2953130006790161,0.012280586175620556,6.0,1.0075337886810303,1.0075337886810303,1.0075337886810303,0.21993540227413177,7.560000085504726e-05,0.883755624294281,3740000.0,-0.016099238768219948,-0.010875801090151072,0.2967345714569092,0.04149141535162926,0.0009450167417526245,1.2919968366622925,1.0853596925735474,0.305411159992218,2.121619939804077,7705.9423828125,21.261302947998047,27.575822830200195,48.837127685546875,409.5245056152344,2.0
11.63800048828125,18.540000915527344,1000.0,187.0,1.2947700023651123,0.33006739616394043,1.0,0.9946482181549072,0.9946482181549072,0.9946482181549072,0.048831239342689514,7.439999899361283e-05,0.8832802772521973,3760000.0,-0.016013601794838905,8.563697338104248e-05,-0.16423657536506653,0.04771024361252785,0.00621882826089859,1.2876958847045898,2.2706639766693115,1.1853042840957642,2.0954599380493164,7735.43505859375,24.881450653076172,4.588995933532715,29.470447540283203,678.6459350585938,1.9989588260650635
10.303487777709961,19.219999313354492,1000.0,188.0,1.2953386306762695,0.022530145943164825,2.0,1.0014766454696655,1.0014766454696655,1.0014766454696655,0.04072895273566246,7.31999971321784e-05,0.8837726712226868,3780000.0,0.006043634843081236,0.02205723663792014,0.08523044735193253,0.04607545956969261,-0.0016347840428352356,1.3120580911636353,1.836887001991272,-0.43377697467803955,1.914542555809021,7765.03955078125,20.224367141723633,9.359926223754883,29.584293365478516,676.034423828125,1.997014045715332
11.152984619140625,25.5,1000.0,189.0,1.294349193572998,0.017938079312443733,3.0,0.9997857213020325,0.9997857213020325,0.9997857213020325,0.023938465863466263,7.200000254670158e-05,0.8828821182250977,3800000.0,-0.0026705791242420673,-0.008714213967323303,0.08411593735218048,0.04416091367602348,-0.0019145458936691284,1.4953490495681763,2.717379570007324,0.8804925680160522,2.1120083332061768,7804.87255859375,25.78666877746582,14.026298522949219,39.812965393066406,502.3489074707031,1.9953458309173584
13.243037223815918,23.959999084472656,1000.0,190.0,1.2929468154907227,0.012908896431326866,4.0,0.9991089701652527,0.9991089701652527,0.9991089701652527,0.016065755859017372,7.080000068526715e-05,0.8816362619400024,3820000.0,-0.005588714964687824,-0.002918135840445757,0.2915269136428833,0.04551986977458,0.0013589560985565186,1.5431900024414062,1.273398518562317,-1.4439810514450073,2.6696033477783203,7845.1298828125,20.99057388305664,19.24459457397461,40.23516845703125,497.07757568359375,1.993658185005188
13.283604621887207,22.260000228881836,1000.0,191.0,1.289137601852417,0.010232875123620033,4.0,0.9994879364967346,0.9994879364967346,0.9994879364967346,0.01685974933207035,6.959999882383272e-05,0.8782937526702881,3840000.0,-0.0040132226422429085,0.0015754923224449158,-0.3258315920829773,0.04450847581028938,-0.001011393964290619,1.3235042095184326,1.1652686595916748,-0.10812985897064209,1.7290700674057007,7885.22509765625,22.07668113708496,17.99772071838379,40.07440185546875,499.07171630859375,1.991654396057129
13.780281066894531,16.899999618530273,1000.0,192.0,1.2873278856277466,0.008047257550060749,12.0,1.0006033182144165,1.0006033182144165,1.0006033182144165,0.02304074726998806,6.839999696239829e-05,0.8766937851905823,3860000.0,-0.007500723470002413,-0.0034875008277595043,-0.14666548371315002,0.039674513041973114,-0.004833962768316269,1.5235613584518433,0.8907885551452637,-0.27448010444641113,1.9994937181472778,7965.33544921875,25.2310791015625,54.85763931274414,80.08871459960938,249.7230682373047,1.9884225130081177
10.896130561828613,16.81999969482422,1000.0,193.0,1.2871150970458984,0.00781930610537529,11.0,0.9997044205665588,0.9997044205665588,0.9997044205665588,0.04460625350475311,6.720000237692147e-05,0.8764994740486145,3880000.0,-0.006596822757273912,0.0009039007127285004,-0.08246839791536331,0.035220108926296234,-0.00445440411567688,1.1225191354751587,0.5468127131462097,-0.34397584199905396,1.8771185874938965,8038.201171875,21.976436614990234,50.86488342285156,72.84131622314453,274.5694274902344,1.984065294265747
11.196115493774414,13.199999809265137,1000.0,194.0,1.2888191938400269,0.008433142676949501,9.0,1.000105857849121,1.000105857849121,1.000105857849121,0.019216865301132202,6.600000051548705e-05,0.8779913187026978,3900000.0,-0.0052413628436625,0.001355459913611412,-0.08872010558843613,0.03749928995966911,0.002279181033372879,1.2622119188308716,0.44888707995414734,-0.09792563319206238,1.9061894416809082,8101.47509765625,21.482040405273438,41.769283294677734,63.25132369995117,316.19891357421875,1.978053092956543
10.149735450744629,24.940000534057617,1000.0,195.0,1.2882288694381714,0.4196893572807312,1.0,1.002463459968567,1.002463459968567,1.002463459968567,0.0878816619515419,6.479999865405262e-05,0.8774739503860474,3920000.0,-0.0016733959782868624,0.003567966865375638,0.15008312463760376,0.048101212829351425,0.010601922869682312,1.3325300216674805,4.045366287231445,3.596479207277298,1.9600070714950562,8126.31005859375,19.919414520263672,4.890872955322266,24.811681747436523,806.0719604492188,1.972616195678711
10.270159721374512,28.979999542236328,1000.0,196.0,1.2901887893676758,0.4964381754398346,1.0,0.9747952818870544,0.9747952818870544,0.9747952818870544,0.07143975794315338,6.359999679261819e-05,0.8791958093643188,3940000.0,-0.041767667979002,-0.040094272000715137,0.058341868221759796,0.04920199140906334,0.001100778579711914,1.0362945795059204,2.4239630699157715,-1.6214032173156738,1.9323959350585938,8156.39404296875,25.51978302001953,4.544879913330078,30.064661026000977,665.2328491210938,1.968416452407837
12.10260009765625,30.34000015258789,1000.0,197.0,1.2891732454299927,0.010242248885333538,9.0,0.9992663860321045,0.9992663860321045,0.9992663860321045,0.01951242797076702,6.240000220714137e-05,0.8783090114593506,3960000.0,-0.004283977672457695,0.037483690306544304,0.14954668283462524,0.04500507190823555,-0.004196919500827789,1.4381946325302124,0.6793291568756104,-1.7446339130401611,2.7211146354675293,8219.24609375,20.361370086669922,42.4708251953125,62.83219528198242,318.30816650390625,1.9655773639678955
12.924970626831055,26.420000076293945,1000.0,198.0,1.2889368534088135,0.016668807715177536,2.0,0.9986961483955383,0.9986961483955383,0.9986961483955383,0.022673241794109344,6.120000034570694e-05,0.878105103969574,3980000.0,-0.0023470830637961626,0.0019368946086615324,0.08384069800376892,0.04394030198454857,-0.0010647699236869812,1.6284774541854858,2.412724733352661,1.7333955764770508,2.3530311584472656,8248.8125,20.537630081176758,9.005300521850586,29.542930603027344,676.9808959960938,1.9632686376571655
12.82645034790039,32.380001068115234,1000.0,199.0,1.2914056777954102,0.026338161900639534,3.0,0.99912428855896,0.99912428855896,0.99912428855896,0.02379981428384781,5.999999848427251e-05,0.880275309085846,4000000.0,-0.010077008046209812,-0.0077299249824136496,-0.2713301181793213,0.04636068642139435,0.0024203844368457794,1.2273772954940796,1.1786748170852661,-1.234049916267395,2.1370832920074463,8286.328125,23.174972534179688,14.320650100708008,37.49562072753906,533.3956298828125,1.9625062942504883
12.789815902709961,28.31999969482422,1000.0,200.0,1.292327880859375,0.00708456477150321,11.0,1.0003156661987305,1.0003156661987305,1.0003156661987305,0.01486876793205738,5.880000026081689e-05,0.8810803294181824,4020000.0,-0.0070818522945046425,0.0029951557517051697,0.012561775743961334,0.03982265293598175,-0.006538033485412598,1.2799382209777832,0.8303182125091553,-0.34835660457611084,2.0087225437164307,8357.900390625,20.318702697753906,51.23341369628906,71.55211639404297,279.51654052734375,1.9624139070510864
10.441034317016602,22.579999923706055,1000.0,201.0,1.2924748659133911,0.018168196082115173,3.0,0.9989833235740662,0.9989833235740662,0.9989833235740662,0.020341046154499054,5.759999839938246e-05,0.8812097311019897,4040000.0,-0.0054503800347447395,0.001631472259759903,-0.04809531196951866,0.04535805433988571,0.005535401403903961,1.123279094696045,1.555227518081665,0.7249093055725098,2.2979888916015625,8392.98828125,20.83106803894043,14.231842041015625,35.06291198730469,570.4033203125,1.961895227432251
12.823702812194824,26.559999465942383,1000.0,202.0,1.2910019159317017,0.009391351602971554,6.0,0.999466598033905,0.999466598033905,0.999466598033905,0.01494665164500475,5.6400000175926834e-05,0.879910409450531,4060000.0,-0.007925616577267647,-0.0024752365425229073,0.019373837858438492,0.039883166551589966,-0.005474887788295746,1.5952167510986328,1.7154110670089722,0.16018354892730713,2.8934242725372314,8443.6162109375,23.96394157409668,26.642181396484375,50.60612106323242,395.2091064453125,1.9617085456848145
11.854222297668457,31.760000228881836,1000.0,203.0,1.290069818496704,0.025771887972950935,1.0,0.9984646439552307,0.9984646439552307,0.9984646439552307,0.02132711373269558,5.5199998314492404e-05,0.8790901303291321,4080000.0,-0.0018694967729970813,0.0060561198042705655,0.2549069821834564,0.04878046736121178,0.008897300809621811,1.147302508354187,3.016216516494751,1.3008054494857788,2.5526845455169678,8471.962890625,23.401212692260742,4.924958229064941,28.326171875,706.060791015625,1.9627623558044434
13.310302734375,30.84000015258789,1000.0,204.0,1.291179895401001,0.006817196495831013,19.0,1.096959114074707,1.096959114074707,1.096959114074707,3.870171308517456,5.400000009103678e-05,0.8800687789916992,4100000.0,-0.13285812735557556,-0.13098863058257848,-0.16654373705387115,0.042574990540742874,-0.006205476820468903,1.4237546920776367,0.5188588500022888,-2.497357666492462,2.5750973224639893,8581.921875,21.359010696411133,88.5799789428711,109.9389877319336,181.91908264160156,1.9647715091705322
13.860011100769043,29.059999465942383,1000.0,205.0,1.2902904748916626,0.009636834263801575,8.0,0.999540388584137,0.999540388584137,0.999540388584137,0.01842603273689747,5.279999822960235e-05,0.8792888522148132,4120000.0,-0.006744831800460815,0.12611329555511475,0.27052080631256104,0.04184633493423462,-0.000728655606508255,1.6711333990097046,1.1656944751739502,0.6468356251716614,2.7658698558807373,8641.9384765625,22.40509796142578,37.58332443237305,59.98842239379883,333.3976745605469,1.9673222303390503
14.967623710632324,21.31999969482422,1000.0,206.0,1.2888753414154053,0.00805127713829279,9.0,1.0006258487701416,1.0006258487701416,1.0006258487701416,0.02827209047973156,5.160000000614673e-05,0.8780419826507568,4140000.0,-0.006609381642192602,0.00013545015826821327,0.14345461130142212,0.038241300731897354,-0.003605034202337265,1.5808014869689941,0.9706594347953796,-0.19503504037857056,2.721858501434326,8704.966796875,20.87070655822754,42.13014221191406,63.00084686279297,317.4560546875,1.9689533710479736
15.033456802368164,22.5,1000.0,207.0,1.2876677513122559,0.008986834436655045,13.0,1.0000450611114502,1.0000450611114502,1.0000450611114502,0.01736482046544552,5.0400001782691106e-05,0.8769891262054443,4160000.0,-0.009622208774089813,-0.003012827131897211,0.10349980741739273,0.03995227813720703,0.0017109774053096771,1.3547192811965942,1.1440061330795288,0.17334669828414917,2.3277945518493652,8787.73046875,22.195470809936523,60.5433235168457,82.7387924194336,241.72457885742188,1.969968557357788
14.167372703552246,22.559999465942383,1000.0,208.0,1.2860140800476074,0.00932722445577383,11.0,0.999792218208313,0.999792218208313,0.999792218208313,0.01599768176674843,4.9199999921256676e-05,0.8755372762680054,4180000.0,-0.009304976090788841,0.000317232683300972,-0.1670301854610443,0.04317851364612579,0.003226235508918762,1.3704798221588135,0.906376302242279,-0.23762983083724976,2.4187614917755127,8859.1650390625,20.011119842529297,51.3986701965332,71.4097900390625,280.0736389160156,1.97043776512146
14.579948425292969,23.360000610351562,1000.0,209.0,1.2821601629257202,0.008249296806752682,21.0,1.0018806457519531,1.0018806457519531,1.0018806457519531,0.023639876395463943,4.8000001697801054e-05,0.8721726536750793,4200000.0,-0.009032960049808025,0.0002720160409808159,0.1443219780921936,0.03987934812903404,-0.003299165517091751,1.6215907335281372,0.5454550385475159,-0.3609212636947632,2.7075741291046143,8977.560546875,21.208513259887695,97.16156005859375,118.37007141113281,168.9616241455078,1.970560073852539
15.066817283630371,24.1200008392334,1000.0,210.0,1.2796087265014648,0.008328722789883614,8.0,1.0044476985931396,1.0044476985931396,1.0044476985931396,0.11813068389892578,4.6799999836366624e-05,0.8699473142623901,4220000.0,-0.010689942166209221,-0.0016569821164011955,-0.13278421759605408,0.045493848621845245,0.005614500492811203,1.573052167892456,0.8587765693664551,0.3133215308189392,2.1650750637054443,9035.765625,21.321346282958984,36.85200500488281,58.1733512878418,343.8000183105469,1.9705084562301636
15.26030158996582,21.200000762939453,1000.0,211.0,1.2749526500701904,0.009631944820284843,10.0,1.0024923086166382,1.0024923086166382,1.0024923086166382,0.025060899555683136,4.5600001612911e-05,0.8659055829048157,4240000.0,-0.004903033375740051,0.00578690879046917,-0.23707738518714905,0.0395621582865715,-0.005931690335273743,1.488028645515442,0.7917220592498779,-0.06705451011657715,2.4807300567626953,9102.484375,21.40618133544922,45.29069137573242,66.6968765258789,299.8641357421875,1.969760537147522
14.515172004699707,20.84000015258789,1000.0,212.0,1.2733097076416016,0.00840344000607729,9.0,1.0015932321548462,1.0015932321548462,1.0015932321548462,0.045279182493686676,4.439999975147657e-05,0.8644845485687256,4260000.0,-0.007332125212997198,-0.002429091837257147,0.5376197099685669,0.04255396127700806,0.002991802990436554,1.4131643772125244,0.7015283703804016,-0.09019368886947632,2.1941003799438477,9165.224609375,21.118967056274414,41.596168518066406,62.71513748168945,318.90228271484375,1.9683159589767456
13.249253273010254,19.079999923706055,1000.0,213.0,1.274909257888794,0.0073592751286923885,16.0,1.000600814819336,1.000600814819336,1.000600814819336,0.01441533025354147,4.320000152802095e-05,0.8658837080001831,4280000.0,-0.008601558394730091,-0.001269433181732893,-0.27140530943870544,0.03802303224802017,-0.0045309290289878845,1.3777949810028076,0.6660242080688477,-0.035504162311553955,1.992578148841858,9258.5849609375,20.599393844604492,72.7381362915039,93.33753204345703,214.2760772705078,1.9659148454666138
12.722253799438477,24.520000457763672,1000.0,214.0,1.2756136655807495,0.027926987037062645,1.0,0.9982964992523193,0.9982964992523193,0.9982964992523193,0.016806773841381073,4.199999966658652e-05,0.8664995431900024,4300000.0,-0.003371638245880604,0.005229920148849487,0.20483478903770447,0.05017092078924179,0.012147888541221619,1.6047431230545044,3.212024688720703,2.5460004806518555,2.3278160095214844,9285.74609375,22.417240142822266,4.7167134284973145,27.133953094482422,737.0839233398438,1.9636590480804443
12.493159294128418,26.940000534057617,1000.0,215.0,1.2742499113082886,0.010469717904925346,10.0,0.9987075328826904,0.9987075328826904,0.9987075328826904,0.01619567535817623,4.0800001443130895e-05,0.8653081059455872,4320000.0,-0.007634480483829975,-0.004262842237949371,0.07946121692657471,0.03872532770037651,-0.01144559308886528,1.1393574476242065,0.83558189868927,-2.376442790031433,2.018674373626709,9353.0478515625,22.587337493896484,44.69504928588867,67.28238677978516,297.2546081542969,1.9619852304458618
11.906628608703613,24.079999923706055,1000.0,216.0,1.2725999355316162,0.007779663894325495,5.0,0.9994194507598877,0.9994194507598877,0.9994194507598877,0.01517618540674448,3.9599999581696466e-05,0.8638868927955627,4340000.0,-0.002967691281810403,0.004666789202019572,-0.21244797110557556,0.04696382209658623,0.008238494396209717,1.296390414237976,1.0919294357299805,0.25634753704071045,1.7165242433547974,9397.6953125,22.612300872802734,22.01081085205078,44.623111724853516,448.1982421875,1.9603030681610107
9.296672821044922,18.020000457763672,1000.0,217.0,1.2710148096084595,0.0070955525152385235,12.0,0.9999569654464722,0.9999569654464722,0.9999569654464722,0.013603140600025654,3.840000135824084e-05,0.8625163435935974,4360000.0,-0.006738753989338875,-0.003771062707528472,0.323508083820343,0.0417066290974617,-0.005257192999124527,1.0858923196792603,0.572738528251648,-0.5191909074783325,2.069003105163574,9473.625,20.504322052001953,55.40384292602539,75.90816497802734,263.47625732421875,1.9574782848358154
10.110304832458496,22.799999237060547,1000.0,218.0,1.2704442739486694,0.011821440421044827,5.0,0.9998944401741028,0.9998944401741028,0.9998944401741028,0.019494298845529556,3.719999949680641e-05,0.8620179295539856,4380000.0,-0.006806394085288048,-6.764009594917297e-05,-0.07351948320865631,0.05308585986495018,0.01137923076748848,1.4073103666305542,1.1970165967941284,0.6242780685424805,2.232628107070923,9517.25390625,21.241697311401367,22.36316680908203,43.60486602783203,458.6644287109375,1.9545165300369263
10.972630500793457,25.260000228881836,1000.0,219.0,1.2715368270874023,0.0063188704662024975,14.0,1.0003782510757446,1.0003782510757446,1.0003782510757446,0.029745448380708694,3.600000127335079e-05,0.8629487752914429,4400000.0,-0.007503535598516464,-0.0006971415132284164,-0.37670382857322693,0.04289979115128517,-0.010186068713665009,1.1767089366912842,0.7729052305221558,-0.42411136627197266,2.2440602779388428,9601.4287109375,20.76998519897461,63.38348388671875,84.15347290039062,237.66102600097656,1.9518930912017822
11.820889472961426,33.099998474121094,1000.0,220.0,1.272090196609497,0.016358116641640663,4.0,0.999036431312561,0.999036431312561,0.999036431312561,0.02098216861486435,3.479999941191636e-05,0.8634372353553772,4420000.0,-0.005902301985770464,0.0016012336127460003,-0.22652775049209595,0.0476212240755558,0.00472143292427063,1.2472364902496338,1.800734281539917,1.0278290510177612,2.8626937866210938,9643.626953125,23.265470504760742,18.90745735168457,42.17292785644531,474.2378845214844,1.9510551691055298
12.020071029663086,25.15999984741211,1000.0,221.0,1.2694587707519531,0.007239512633532286,16.0,1.0003316402435303,1.0003316402435303,1.0003316402435303,0.01716255582869053,3.360000118846074e-05,0.8611807227134705,4440000.0,-0.0074269953183829784,-0.0015246933326125145,-0.3668321371078491,0.03834554925560951,-0.009275674819946289,1.5112080574035645,0.6949208378791809,-1.105813443660736,3.038181781768799,9737.3427734375,19.98674201965332,73.70746612548828,93.69420623779297,213.4603729248047,1.9503294229507446
12.301274299621582,27.3799991607666,1000.0,222.0,1.2651350498199463,0.006816647946834564,14.0,0.9989309310913086,0.9989309310913086,0.9989309310913086,0.013563388958573341,3.239999932702631e-05,0.8574703931808472,4460000.0,-0.007413606625050306,1.3388693332672119e-05,-0.009600039571523666,0.038834698498249054,0.0004891492426395416,1.1775871515274048,0.5359846353530884,-0.15893620252609253,2.374577283859253,9821.865234375,21.271568298339844,63.225162506103516,84.4967269897461,236.695556640625,1.950125813484192
12.669548034667969,26.360000610351562,1000.0,223.0,1.2638044357299805,0.02844892628490925,1.0,1.0004016160964966,1.0004016160964966,1.0004016160964966,0.014462721534073353,3.1200001103570685e-05,0.8563304543495178,4480000.0,0.00021725607803091407,0.00763086270308122,0.25862908363342285,0.060581281781196594,0.02174658328294754,1.2519932985305786,1.8150359392166138,1.2790513038635254,2.512294054031372,9847.787109375,21.072010040283203,4.8251752853393555,25.897186279296875,772.28466796875,1.9502005577087402
12.07354736328125,23.760000228881836,1000.0,224.0,1.2642455101013184,0.005746462382376194,23.0,1.001194953918457,1.001194953918457,1.001194953918457,0.020133692771196365,2.9999999242136255e-05,0.8567034006118774,4500000.0,-0.0070281075313687325,-0.0072453636093996465,0.022492583841085434,0.03846445307135582,-0.022116828709840775,1.2427139282226562,0.3945094645023346,-1.4205264747142792,2.3086118698120117,9973.1806640625,21.018253326416016,104.35322570800781,125.3714828491211,159.52590942382812,1.9500317573547363
12.995964050292969,24.0,1000.0,225.0,1.2655982971191406,0.007218045648187399,14.0,1.00011146068573,1.00011146068573,1.00011146068573,0.013837572187185287,2.879999919969123e-05,0.8579117655754089,4520000.0,-0.008715030737221241,-0.0016869232058525085,0.07390669733285904,0.042258549481630325,0.0037940964102745056,1.4543546438217163,0.7636283040046692,0.3691188395023346,2.5094919204711914,10057.392578125,21.48455238342285,62.6982421875,84.18279266357422,237.5782470703125,1.94968843460083
11.397417068481445,16.920000076293945,1000.0,226.0,1.264262318611145,0.008050472475588322,22.0,1.000768780708313,1.000768780708313,1.000768780708313,0.01648027077317238,2.7599999157246202e-05,0.8567659854888916,4540000.0,-0.007501585874706507,0.0012134448625147343,-0.259753555059433,0.03560464829206467,-0.006653901189565659,1.2702337503433228,1.0006577968597412,0.23702949285507202,2.1392390727996826,10177.3056640625,20.376205444335938,99.51177978515625,119.88798522949219,166.8223876953125,1.9478325843811035
12.268139839172363,24.440000534057617,1000.0,227.0,1.2641899585723877,0.008342682383954525,9.0,1.0001237392425537,1.0001237392425537,1.0001237392425537,0.015652090311050415,2.6399999114801176e-05,0.8566890358924866,4560000.0,-0.007391581777483225,0.00011000409722328186,-0.24644771218299866,0.041165854781866074,0.005561206489801407,1.5363575220108032,1.2017911672592163,0.2011333703994751,2.616757869720459,10241.3505859375,23.438152313232422,40.577327728271484,64.0154800415039,312.4244384765625,1.946050763130188
10.57647705078125,21.860000610351562,1000.0,228.0,1.2639635801315308,0.006125576328486204,15.0,0.9981261491775513,0.9981261491775513,0.9981261491775513,0.013439980335533619,2.5200000891345553e-05,0.8564918637275696,4580000.0,-0.0068290443159639835,0.0005625374615192413,0.17840221524238586,0.03640725463628769,-0.004758600145578384,1.1243207454681396,0.5994665026664734,-0.6023246645927429,2.123119592666626,10329.1923828125,19.90862274169922,67.90997314453125,87.81859588623047,227.7421875,1.943839430809021
12.147059440612793,26.239999771118164,1000.0,229.0,1.2634823322296143,0.013653025031089783,4.0,1.000213384628296,1.000213384628296,1.000213384628296,0.018777113407850266,2.4000000848900527e-05,0.8560763001441956,4600000.0,-0.007095946930348873,-0.0002669026143848896,-0.36546072363853455,0.04402943700551987,0.007622182369232178,1.385134220123291,1.3584479093551636,0.7589814066886902,2.5025553703308105,10369.4453125,21.660133361816406,18.56569480895996,40.225830078125,497.1929626464844,1.942083477973938
11.546957015991211,24.059999465942383,1000.0,230.0,1.263261079788208,0.007134646642953157,22.0,0.9987613558769226,0.9987613558769226,0.9987613558769226,0.021526161581277847,2.28000008064555e-05,0.8558787703514099,4620000.0,-0.009074030444025993,-0.00197808351367712,-0.4242832362651825,0.035161908715963364,-0.008867528289556503,1.4137808084487915,0.7682477831840515,-0.5902001261711121,2.8252148628234863,10487.03515625,19.34135627746582,98.22744750976562,117.56880187988281,170.1131591796875,1.9403176307678223
13.903604507446289,23.920000076293945,1000.0,231.0,1.2627191543579102,0.008206423372030258,25.0,0.9994985461235046,0.9994985461235046,0.9994985461235046,0.014992984011769295,2.1600000764010474e-05,0.8554249405860901,4640000.0,-0.010954611003398895,-0.001880580559372902,-0.07652945816516876,0.03739304468035698,0.0022311359643936157,1.570898175239563,0.4735584855079651,-0.2946892976760864,2.8514676094055176,10621.951171875,23.478946685791016,111.40729522705078,134.88624572753906,148.27310180664062,1.938515305519104
12.078721046447754,16.6200008392334,1000.0,232.0,1.2595431804656982,0.007735469378530979,21.0,0.9994315505027771,0.9994315505027771,0.9994315505027771,0.015107056125998497,2.0400000721565448e-05,0.8527218103408813,4660000.0,-0.00783790834248066,0.0031167026609182358,-0.01940845139324665,0.03471067547798157,-0.002682369202375412,1.0662845373153687,0.4350295960903168,-0.038528889417648315,2.1962292194366455,10736.4453125,19.451801300048828,95.01229095458984,114.46409606933594,174.72727966308594,1.9352638721466064
11.079117774963379,17.799999237060547,1000.0,233.0,1.258636236190796,0.02972112037241459,3.0,0.9977519512176514,0.9977519512176514,0.9977519512176514,0.029316939413547516,1.920000067912042e-05,0.8519481420516968,4680000.0,-0.01011962816119194,-0.002281719818711281,0.05228181183338165,0.04407244548201561,0.009361770004034042,1.2459535598754883,1.4565348625183105,1.0215052664279938,2.2827558517456055,10772.322265625,22.160614013671875,13.686976432800293,35.847591400146484,557.9175415039062,1.930931568145752
8.445944786071777,16.18000030517578,1000.0,234.0,1.2571439743041992,0.007225205656141043,30.0,1.0050774812698364,1.0050774812698364,1.0050774812698364,0.06978859752416611,1.8000000636675395e-05,0.8506713509559631,4700000.0,-0.009454349987208843,0.0006652781739830971,-0.11091512441635132,0.032684288918972015,-0.011388156563043594,1.0722841024398804,0.40267467498779297,-1.0538601875305176,1.9406572580337524,10925.734375,20.135482788085938,133.25636291503906,153.391845703125,130.38502502441406,1.925307035446167
8.089997291564941,17.420000076293945,1000.0,235.0,1.2547202110290527,0.005310295149683952,34.0,1.002556562423706,1.002556562423706,1.002556562423706,0.02977750077843666,1.680000059423037e-05,0.8486154675483704,4720000.0,-0.006506055593490601,0.0029482943937182426,-0.0722702294588089,0.033062875270843506,0.0003785863518714905,1.1140365600585938,0.32334038615226746,-0.07933428883552551,2.0046775341033936,11098.181640625,21.42807388305664,150.9866943359375,172.41476440429688,115.99934387207031,1.9187555313110352
9.047515869140625,19.459999084472656,1000.0,236.0,1.2530465126037598,0.008793682791292667,24.0,0.9984813928604126,0.9984813928604126,0.9984813928604126,0.015734456479549408,1.5600000551785342e-05,0.8471850752830505,4740000.0,-0.012374835088849068,-0.005868779495358467,-0.1284116804599762,0.03862493112683296,0.005562055855989456,1.298157811164856,0.9811251759529114,0.6577847898006439,2.8319668769836426,11228.0576171875,22.96354866027832,106.87554931640625,129.83909606933594,154.03680419921875,1.9117627143859863
11.500737190246582,24.059999465942383,1000.0,237.0,1.25278902053833,0.008375654928386211,17.0,1.0006909370422363,1.0006909370422363,1.0006909370422363,0.03037586249411106,1.4399999599845614e-05,0.8469652533531189,4760000.0,-0.010685976594686508,0.0016888584941625595,-0.17684172093868256,0.0397394634783268,0.0011145323514938354,1.4024158716201782,0.9912925362586975,0.010167360305786133,3.2961106300354004,11325.0302734375,20.697755813598633,76.24632263183594,96.94407653808594,206.30450439453125,1.905269980430603
11.313407897949219,24.420000076293945,1000.0,238.0,1.25173819065094,0.006291539873927832,40.0,0.9988017678260803,0.9988017678260803,0.9988017678260803,0.013865496963262558,1.3199999557400588e-05,0.8460637331008911,4780000.0,-0.009139951318502426,0.001546025276184082,-0.1115577220916748,0.034149929881095886,-0.005589533597230911,1.2361119985580444,0.4074738323688507,-0.5838187038898468,2.4389750957489014,11521.609375,19.982603073120117,176.5691375732422,196.55174255371094,101.75437927246094,1.8992987871170044
11.107324600219727,22.239999771118164,1000.0,239.0,1.2505037784576416,0.007195832673460245,33.0,0.9990553259849548,0.9990553259849548,0.9990553259849548,0.015636879950761795,1.2000000424450263e-05,0.8450204133987427,4800000.0,-0.01185881532728672,-0.002718864008784294,0.038798920810222626,0.03545383736491203,0.0013039074838161469,1.3039090633392334,0.523224413394928,0.11575058102607727,2.9189577102661133,11689.13671875,20.47863006591797,147.01084899902344,167.48948669433594,119.41048431396484,1.8933687210083008
9.983963966369629,20.81999969482422,1000.0,240.0,1.2493418455123901,0.00490166898816824,40.0,1.0006155967712402,1.0006155967712402,1.0006155967712402,0.014007008634507656,1.0800000382005237e-05,0.8440310955047607,4820000.0,-0.008393081836402416,0.003465733490884304,0.04183223098516464,0.032091494649648666,-0.0033623427152633667,1.2234410047531128,0.6781332492828369,0.15490883588790894,2.8492112159729004,11886.1201171875,19.897991180419922,177.0522003173828,196.95018005371094,101.54852294921875,1.8871945142745972
8.92675495147705,20.860000610351562,1000.0,241.0,1.2487812042236328,0.005190209485590458,40.0,1.0005377531051636,1.0005377531051636,1.0005377531051636,0.014308766461908817,9.60000033956021e-06,0.843554675579071,4840000.0,-0.010098475962877274,-0.0017053941264748573,-0.10525158047676086,0.034942444413900375,0.002850949764251709,1.0707064867019653,0.9123234748840332,0.2341902256011963,2.440910816192627,12088.40625,20.256397247314453,181.9942169189453,202.25062561035156,98.88721466064453,1.88080632686615
10.641230583190918,21.260000228881836,1000.0,242.0,1.2501929998397827,0.0061039705760777,40.0,0.998959481716156,0.998959481716156,0.998959481716156,0.013764388859272003,8.400000297115184e-06,0.8447550535202026,4860000.0,-0.011303373612463474,-0.0012048976495862007,-0.12450440227985382,0.03659803420305252,0.0016555897891521454,1.4725537300109863,0.8504692316055298,-0.06185424327850342,3.2724506855010986,12284.416015625,20.22386360168457,175.74591064453125,195.96978759765625,102.05654907226562,1.874302625656128
10.978874206542969,21.68000030517578,1000.0,243.0,1.2502353191375732,0.0028945854865014553,40.0,1.0006521940231323,1.0006521940231323,1.0006521940231323,0.009659869596362114,7.199999799922807e-06,0.8447920680046082,4880000.0,-0.00688575766980648,0.004417615942656994,0.007402617018669844,0.035301029682159424,-0.001297004520893097,1.2521748542785645,0.43715450167655945,-0.41331472992897034,2.7065765857696533,12482.5625,22.03466033935547,176.0738525390625,198.1085205078125,100.95477294921875,1.8677763938903809
11.262002944946289,21.459999084472656,1000.0,244.0,1.25047767162323,0.001637625158764422,40.0,0.9994913339614868,0.9994913339614868,0.9994913339614868,0.007235990837216377,6.000000212225132e-06,0.8449974060058594,4900000.0,-0.005052128341048956,0.0018336293287575245,0.029742293059825897,0.030165620148181915,-0.0051354095339775085,1.1505001783370972,0.39206960797309875,-0.04508489370346069,2.6670024394989014,12678.75390625,19.248737335205078,176.90650939941406,196.15524291992188,101.96005249023438,1.8611845970153809
9.651810646057129,19.68000030517578,1000.0,245.0,1.2507319450378418,0.010319149121642113,9.0,0.9984447360038757,0.9984447360038757,0.9984447360038757,0.01728982664644718,4.800000169780105e-06,0.845212996006012,4920000.0,-0.008639690466225147,-0.0035875621251761913,0.007225576788187027,0.037795498967170715,0.0076298788189888,1.2123022079467773,1.0875301361083984,0.6954605281352997,2.7970547676086426,12737.5009765625,19.972326278686523,38.73775863647461,58.7100830078125,340.656982421875,1.854177713394165
9.519678115844727,42.20000076293945,1000.0,246.0,1.2503550052642822,0.008597851730883121,12.0,0.9984611868858337,0.9984611868858337,0.9984611868858337,0.015786727890372276,3.5999998999614036e-06,0.8448882699012756,4940000.0,-0.012216157279908657,-0.00357646681368351,-0.4235856533050537,0.037103455513715744,-0.0006920434534549713,1.428221344947815,3.005462884902954,1.9179327487945557,3.0494885444641113,12811.365234375,19.629865646362305,54.20944595336914,73.83930969238281,270.8584289550781,1.8513044118881226
7.937097549438477,42.619998931884766,1000.0,247.0,1.249921441078186,0.0020050841849297285,40.0,0.9998599886894226,0.9998599886894226,0.9998599886894226,0.00781382154673338,2.4000000848900527e-06,0.8445140719413757,4960000.0,-0.004861935041844845,0.007354222238063812,0.4731481075286865,0.031642764806747437,-0.0054606907069683075,1.1170029640197754,0.5096378326416016,-2.4958250522613525,3.4217801094055176,13013.7685546875,20.2167911529541,182.16253662109375,202.37933349609375,98.82432556152344,1.8522356748580933
10.74499225616455,43.380001068115234,1000.0,248.0,1.2502840757369995,0.0015604220097884536,40.0,1.0001362562179565,1.0001362562179565,1.0001362562179565,0.006912122014909983,1.2000000424450263e-06,0.8448141813278198,4980000.0,-0.004065417684614658,0.0007965173572301865,0.1659565567970276,0.03843766450881958,0.0067948997020721436,1.5025300979614258,0.6216650009155273,0.11202716827392578,3.4184367656707764,13213.32421875,21.00104522705078,178.51576232910156,199.5167999267578,100.2421875,1.8567417860031128
8.965210914611816,23.239999771118164,1000.0,249.0,1.25058913230896,0.0003236467600800097,40.0,1.000035047531128,1.000035047531128,1.000035047531128,0.0031151892617344856,0.0,0.8450700044631958,5000000.0,-0.0014258942101150751,0.0026395234744995832,-0.19828273355960846,0.030685551464557648,-0.007752113044261932,0.9980864524841309,0.3685334324836731,-0.25313156843185425,2.5485708713531494,13409.4892578125,19.658605575561523,176.4690399169922,196.1276397705078,101.97441101074219,1.8604543209075928
