Metrics/EpRet,Metrics/EpCost,Metrics/EpLen,Train/Epoch,Train/Entropy,Train/KL,Train/StopIter,Train/PolicyRatio,Train/PolicyRatio/Min,Train/PolicyRatio/Max,Train/PolicyRatio/Std,Train/LR,Train/PolicyStd,TotalEnvSteps,Loss/Loss_pi,Loss/Loss_pi/Delta,Value/Adv,Loss/Loss_reward_critic,Loss/Loss_reward_critic/Delta,Value/reward,Time/Total,Time/Rollout,Time/Update,Time/Epoch,Time/FPS,Metrics/EpBudget
-0.6700218915939331,44.625,1000.0,0.0,1.4244099855422974,0.010811726562678814,40.0,0.9986615777015686,0.9986615777015686,0.9986615777015686,0.014363950118422508,0.00029880000511184335,1.0055017471313477,20000.0,-0.009361292235553265,-0.009361292235553265,-0.03235732764005661,2.8125393390655518,2.8125393390655518,-0.1306740641593933,141.28355407714844,27.921491622924805,113.3610610961914,141.2825469970703,141.560302734375,-294.12445068359375
-0.8412483334541321,37.1875,1000.0,1.0,1.4219145774841309,0.012319626286625862,40.0,1.0013892650604248,1.0013892650604248,1.0013892650604248,0.016418909654021263,0.0002975999959744513,1.0029866695404053,40000.0,-0.01548689790070057,-0.0061256056651473045,0.15060529112815857,2.2189159393310547,-0.5936233997344971,-6.157637596130371,287.7396240234375,32.02181625366211,114.403076171875,146.42489624023438,136.5887908935547,-150.97915649414062
-0.9412897229194641,31.0,1000.0,2.0,1.4168353080749512,0.015882739797234535,40.0,1.0029414892196655,1.0029414892196655,1.0029414892196655,0.01855194754898548,0.00029639998683705926,0.9979119300842285,60000.0,-0.018330680206418037,-0.0028437823057174683,0.06490083783864975,0.7167054414749146,-1.5022104978561401,-2.112410545349121,435.7370300292969,30.644880294799805,117.32123565673828,147.9661102294922,135.16607666015625,1112.04345703125
-0.8879464864730835,23.139999389648438,1000.0,3.0,1.407331109046936,0.01790447160601616,40.0,1.0010634660720825,1.0010634660720825,1.0010634660720825,0.0191095732152462,0.00029520000680349767,0.988473117351532,80000.0,-0.023297475650906563,-0.004966795444488525,0.1724991798400879,1.2930995225906372,0.5763940811157227,-7.117774963378906,579.5396118164062,28.491249084472656,115.28030395507812,143.77154541015625,139.1095733642578,992.09033203125
-1.076486587524414,23.3799991607666,1000.0,4.0,1.4020949602127075,0.019202956929802895,40.0,1.0044276714324951,1.0044276714324951,1.0044276714324951,0.019849518314003944,0.00029399999766610563,0.9834522604942322,100000.0,-0.021909574046730995,0.0013879016041755676,0.05939514935016632,1.1178556680679321,-0.17524385452270508,-7.08073616027832,723.2698974609375,28.919681549072266,114.7795181274414,143.69920349121094,139.1796112060547,11.242813110351562
-0.6867777109146118,30.65999984741211,1000.0,5.0,1.396632194519043,0.020136108621954918,27.0,1.0017449855804443,1.0017449855804443,1.0017449855804443,0.020293239504098892,0.0002927999885287136,0.9781102538108826,120000.0,-0.025166498497128487,-0.0032569244503974915,0.00026882439851760864,1.569917917251587,0.4520622491836548,-10.317259788513184,830.2333984375,29.38733673095703,77.54460906982422,106.93194580078125,187.0348358154297,252.11203002929688
-0.6897607445716858,37.5,1000.0,6.0,1.387357234954834,0.02077433280646801,26.0,0.9995341300964355,0.9995341300964355,0.9995341300964355,0.020603056997060776,0.000291600008495152,0.9691020846366882,140000.0,-0.02349969372153282,0.001666804775595665,0.33056575059890747,2.170753002166748,0.6008350849151611,-13.121079444885254,933.956298828125,29.147323608398438,74.54950714111328,103.69683074951172,192.8699188232422,487.77825927734375
-0.39072203636169434,40.70000076293945,1000.0,7.0,1.3875534534454346,0.02145853079855442,21.0,0.9991371035575867,0.9991371035575867,0.9991371035575867,0.02059542015194893,0.00029039999935775995,0.9693294763565063,160000.0,-0.023786017671227455,-0.0002863239496946335,0.15145668387413025,2.904797315597534,0.7340443134307861,-13.516897201538086,1026.1629638671875,32.9704704284668,59.20867919921875,92.17914581298828,216.96881103515625,-577.1627197265625
-0.684095025062561,34.81999969482422,1000.0,8.0,1.3886003494262695,0.021154148504137993,22.0,1.0019781589508057,1.0019781589508057,1.0019781589508057,0.02052045240998268,0.0002891999902203679,0.9702510833740234,180000.0,-0.020862236618995667,0.0029237810522317886,0.1102113276720047,1.8082727193832397,-1.0965245962142944,-9.183231353759766,1120.8319091796875,30.2307071685791,64.41390228271484,94.64460754394531,211.3168487548828,730.2632446289062
-0.8719793558120728,26.84000015258789,1000.0,9.0,1.3818682432174683,0.020014910027384758,18.0,1.000420331954956,1.000420331954956,1.000420331954956,0.020660944283008575,0.0002880000101868063,0.9637444615364075,200000.0,-0.02025565877556801,0.0006065778434276581,-0.07200491428375244,3.614865779876709,1.8065930604934692,-15.757575035095215,1203.8695068359375,30.786376953125,52.22452163696289,83.01090240478516,240.93222045898438,653.54296875
-0.9368534088134766,29.360000610351562,1000.0,10.0,1.3768799304962158,0.02120894566178322,17.0,1.0010911226272583,1.0010911226272583,1.0010911226272583,0.02028796076774597,0.0002868000010494143,0.9588567018508911,220000.0,-0.019519686698913574,0.0007359720766544342,0.14494380354881287,3.343768358230591,-0.27109742164611816,-17.415586471557617,1285.4393310546875,31.95468521118164,49.59309768676758,81.54778289794922,245.25498962402344,-417.70697021484375
-1.0445359945297241,25.84000015258789,1000.0,11.0,1.374945044517517,0.02251303754746914,16.0,1.0000659227371216,1.0000659227371216,1.0000659227371216,0.02139148861169815,0.00028559999191202223,0.9569955468177795,240000.0,-0.02056371420621872,-0.0010440275073051453,0.33948078751564026,2.3925282955169678,-0.951240062713623,-15.73808479309082,1362.97705078125,30.124221801757812,47.39057922363281,77.51480102539062,258.0152282714844,676.8597412109375
-1.0225013494491577,29.579999923706055,1000.0,12.0,1.365880012512207,0.02092362381517887,15.0,0.9999802112579346,0.9999802112579346,0.9999802112579346,0.020297963172197342,0.00028440001187846065,0.9483643770217896,260000.0,-0.018463043496012688,0.002100670710206032,0.08263320475816727,1.544228434562683,-0.8482998609542847,-12.002728462219238,1434.8275146484375,29.291732788085938,42.53593063354492,71.82766723632812,278.4442443847656,633.6021728515625
-1.0404897928237915,31.719999313354492,1000.0,13.0,1.3498668670654297,0.02068139985203743,15.0,1.0021382570266724,1.0021382570266724,1.0021382570266724,0.020816707983613014,0.0002832000027410686,0.9332846403121948,280000.0,-0.018455779179930687,7.264316082000732e-06,-0.3634346127510071,4.002814292907715,2.4585858583450317,-20.24488067626953,1513.367431640625,34.8486328125,43.66729736328125,78.51593017578125,254.7253875732422,-546.4749755859375
-1.1632674932479858,45.279998779296875,1000.0,14.0,1.338719129562378,0.02041800506412983,17.0,1.002371907234192,1.002371907234192,1.002371907234192,0.02050171047449112,0.00028199999360367656,0.9229453206062317,300000.0,-0.022173278033733368,-0.003717498853802681,0.054333899170160294,2.1967368125915527,-1.806077480316162,-17.367095947265625,1593.532470703125,30.995492935180664,49.1455192565918,80.1410140991211,249.56011962890625,-1290.66845703125
-1.3953644037246704,40.2599983215332,1000.0,15.0,1.3360836505889893,0.020981742069125175,10.0,1.000298261642456,1.000298261642456,1.000298261642456,0.020622484385967255,0.00028080001357011497,0.9205319285392761,320000.0,-0.01376995537430048,0.008403322659432888,-0.10066065937280655,3.6945419311523438,1.497805118560791,-12.14938735961914,1654.3665771484375,31.94492530822754,28.866613388061523,60.81153869628906,328.88494873046875,834.6539306640625
-1.0860025882720947,36.86000061035156,1000.0,16.0,1.321643352508545,0.020363539457321167,12.0,0.9986261129379272,0.9986261129379272,0.9986261129379272,0.020537447184324265,0.0002796000044327229,0.9073790907859802,340000.0,-0.016663040965795517,-0.002893085591495037,-0.009026547893881798,2.487924337387085,-1.2066175937652588,-14.686062812805176,1720.767333984375,32.213050842285156,34.16816329956055,66.38121795654297,301.2900695800781,517.8499145507812
-1.1317930221557617,30.540000915527344,1000.0,17.0,1.3204445838928223,0.02062889374792576,6.0,0.9984564185142517,0.9984564185142517,0.9984564185142517,0.02042469009757042,0.0002783999952953309,0.9062265753746033,360000.0,-0.011148619465529919,0.005514421500265598,0.20122340321540833,5.657774448394775,3.1698501110076904,-17.666744232177734,1769.230224609375,30.339229583740234,18.09955596923828,48.43978500366211,412.8837585449219,768.0386352539062
-1.0989770889282227,17.600000381469727,1000.0,18.0,1.320462703704834,0.02065955102443695,15.0,1.0043935775756836,1.0043935775756836,1.0043935775756836,0.021480238065123558,0.00027719998615793884,0.906287431716919,380000.0,-0.01524987444281578,-0.004101254977285862,0.10407333076000214,1.6548107862472534,-4.002963662147522,-9.323368072509766,1845.40087890625,32.34897232055664,43.80298614501953,76.1519546508789,262.6327819824219,1210.0020751953125
-1.2918049097061157,11.960000038146973,1000.0,19.0,1.307961344718933,0.020688964053988457,7.0,1.000431776046753,1.000431776046753,1.000431776046753,0.020617537200450897,0.00027600000612437725,0.8950331807136536,400000.0,-0.009968763217329979,0.005281111225485802,0.01984959840774536,1.086078405380249,-0.5687323808670044,-4.231837749481201,1895.298095703125,29.27989959716797,20.592723846435547,49.872623443603516,401.0216064453125,1538.441162109375
-1.1486618518829346,11.34000015258789,1000.0,20.0,1.2908895015716553,0.022414304316043854,13.0,1.000269889831543,1.000269889831543,1.000269889831543,0.021653223782777786,0.0002747999969869852,0.8798434138298035,420000.0,-0.018211470916867256,-0.008242707699537277,-0.2959288954734802,2.4392154216766357,1.3531370162963867,-13.97316837310791,1964.726806640625,32.10737991333008,37.301780700683594,69.4091567993164,288.1463928222656,490.76300048828125
-0.9565277695655823,12.920000076293945,1000.0,21.0,1.2832214832305908,0.020937958732247353,10.0,1.0019397735595703,1.0019397735595703,1.0019397735595703,0.020471936091780663,0.00027359998784959316,0.8731780648231506,440000.0,-0.015087983570992947,0.0031234873458743095,-0.02669154480099678,5.543512344360352,3.104296922683716,-13.192852020263672,2025.619873046875,30.895034790039062,29.976938247680664,60.871971130371094,328.5584411621094,708.5457763671875
-1.135079026222229,27.34000015258789,1000.0,22.0,1.2806811332702637,0.02054845355451107,8.0,0.9991036653518677,0.9991036653518677,0.9991036653518677,0.020124537870287895,0.0002724000078160316,0.8710877299308777,460000.0,-0.015274829231202602,-0.00018684566020965576,0.07391718775033951,5.031489372253418,-0.5120229721069336,-16.72157859802246,2080.93017578125,31.035627365112305,24.254770278930664,55.29039764404297,361.7264709472656,-399.4449768066406
-1.10822331905365,26.639999389648438,1000.0,23.0,1.268758773803711,0.03040522150695324,11.0,0.9992030262947083,0.9992030262947083,0.9992030262947083,0.021480031311511993,0.00027119999867863953,0.8607851266860962,480000.0,-0.014673269353806973,0.0006015598773956299,0.0074553051963448524,2.9247453212738037,-2.1067440509796143,-10.51419734954834,2141.049560546875,27.0592098236084,33.04191207885742,60.10112380981445,332.7724914550781,1123.116943359375
-1.2656270265579224,31.31999969482422,1000.0,24.0,1.2617427110671997,0.02033899910748005,10.0,1.003243327140808,1.003243327140808,1.003243327140808,0.020738797262310982,0.0002699999895412475,0.8546291589736938,500000.0,-0.014164641499519348,0.0005086278542876244,0.1675928384065628,4.472551345825195,1.5478060245513916,-13.629919052124023,2200.1025390625,29.45907974243164,29.57444190979004,59.03352355957031,338.7905578613281,497.2889099121094
-1.146073579788208,17.8799991607666,1000.0,25.0,1.2605006694793701,0.020016342401504517,10.0,1.0034502744674683,1.0034502744674683,1.0034502744674683,0.020890476182103157,0.0002688000095076859,0.8535550832748413,520000.0,-0.013973919674754143,0.00019072182476520538,0.0575932078063488,2.8814878463745117,-1.5910634994506836,-12.392641067504883,2261.280029296875,31.74650764465332,29.409427642822266,61.15593338012695,327.0328674316406,908.5767211914062
-1.4297409057617188,26.600000381469727,1000.0,26.0,1.2528444528579712,0.02131621167063713,7.0,1.001118779182434,1.001118779182434,1.001118779182434,0.021296069025993347,0.00026760000037029386,0.8470574021339417,540000.0,-0.011754334904253483,0.00221958477050066,0.15077657997608185,5.589272499084473,2.707784652709961,-15.90849494934082,2314.502197265625,32.44142150878906,20.761192321777344,53.202613830566406,375.92138671875,246.0004425048828
-1.6638329029083252,25.639999389648438,1000.0,27.0,1.2391417026519775,0.023954277858138084,11.0,1.0014454126358032,1.0014454126358032,1.0014454126358032,0.020410537719726562,0.0002663999912329018,0.8355400562286377,560000.0,-0.014175699092447758,-0.002421364188194275,-0.01722250133752823,4.061672210693359,-1.5276002883911133,-11.54764461517334,2377.07177734375,29.460891723632812,33.08916473388672,62.55005645751953,319.7439270019531,311.7918701171875
-1.5826382637023926,21.739999771118164,1000.0,28.0,1.2244386672973633,0.02203015424311161,7.0,1.0002431869506836,1.0002431869506836,1.0002431869506836,0.02036985754966736,0.0002652000111993402,0.8233108520507812,580000.0,-0.010403654538094997,0.0037720445543527603,-0.04842086881399155,3.363764762878418,-0.6979074478149414,-8.853116035461426,2427.173095703125,28.60125160217285,21.47868537902832,50.07993698120117,399.36151123046875,1460.283203125
-1.1611320972442627,21.920000076293945,1000.0,29.0,1.2233704328536987,0.02036122977733612,10.0,0.9994484782218933,0.9994484782218933,0.9994484782218933,0.022378340363502502,0.0002640000020619482,0.8224303722381592,600000.0,-0.01606697030365467,-0.005663315765559673,-0.16953077912330627,5.3595428466796875,1.9957780838012695,-23.09469223022461,2487.443359375,31.367490768432617,28.88268280029297,60.25017166137695,331.9492492675781,236.61746215820312
-1.047942042350769,21.81999969482422,1000.0,30.0,1.2190687656402588,0.020918726921081543,14.0,1.0005427598953247,1.0005427598953247,1.0005427598953247,0.021160095930099487,0.00026279999292455614,0.8189092874526978,620000.0,-0.01728348806500435,-0.001216517761349678,-0.05815625190734863,5.770150184631348,0.41060733795166016,-19.619962692260742,2559.279296875,30.27632713317871,41.539066314697266,71.81539154052734,278.4918212890625,261.9038391113281
-1.395338773727417,23.84000015258789,1000.0,31.0,1.1983050107955933,0.02155393920838833,9.0,0.9988022446632385,0.9988022446632385,0.9988022446632385,0.02092668227851391,0.00026160001289099455,0.8020637631416321,640000.0,-0.013913774862885475,0.0033697132021188736,0.07797126471996307,2.185131311416626,-3.5850188732147217,-9.47414779663086,2615.8603515625,29.504623413085938,27.052452087402344,56.55707550048828,353.62506103515625,951.2625122070312
-1.8307613134384155,21.020000457763672,1000.0,32.0,1.180678367614746,0.020071135833859444,14.0,1.004510760307312,1.004510760307312,1.004510760307312,0.022430846467614174,0.0002604000037536025,0.7880273461341858,660000.0,-0.016534535214304924,-0.002620760351419449,0.09939473122358322,2.6670844554901123,0.48195314407348633,-13.717782974243164,2686.29443359375,29.565311431884766,40.84775924682617,70.41307067871094,284.0381774902344,631.6981811523438
-1.9868273735046387,13.800000190734863,1000.0,33.0,1.1717079877853394,0.021850936114788055,7.0,1.0001511573791504,1.0001511573791504,1.0001511573791504,0.02167535573244095,0.00025919999461621046,0.7810171842575073,680000.0,-0.010637236759066582,0.005897298455238342,-0.06647297739982605,2.1859967708587646,-0.48108768463134766,-8.235564231872559,2738.47802734375,32.33802032470703,19.823421478271484,52.161441802978516,383.42498779296875,823.0195922851562
-1.9836931228637695,15.640000343322754,1000.0,34.0,1.1614620685577393,0.020185483619570732,8.0,0.9995164275169373,0.9995164275169373,0.9995164275169373,0.0204706322401762,0.0002579999854788184,0.7730587124824524,700000.0,-0.012978593818843365,-0.002341357059776783,0.4898088574409485,3.3571600914001465,1.1711633205413818,-11.780723571777344,2793.673583984375,32.03158950805664,23.144001007080078,55.17658996582031,362.4725646972656,466.30133056640625
-2.0122530460357666,12.65999984741211,1000.0,35.0,1.1562591791152954,0.023726530373096466,14.0,1.0037260055541992,1.0037260055541992,1.0037260055541992,0.020976237952709198,0.00025680000544525683,0.7690119743347168,720000.0,-0.01730464957654476,-0.004326055757701397,0.043791644275188446,0.9244981408119202,-2.4326619505882263,-9.059069633483887,2867.992919921875,33.750816345214844,40.54950714111328,74.30032348632812,269.1778259277344,1181.755126953125
-1.9750937223434448,12.279999732971191,1000.0,36.0,1.1420193910598755,0.02516661025583744,6.0,1.0009543895721436,1.0009543895721436,1.0009543895721436,0.021372439339756966,0.0002555999963078648,0.7581459879875183,740000.0,-0.0057466598227620125,0.01155798975378275,-0.15313701331615448,1.0751742124557495,0.15067607164382935,-4.491471290588379,2914.439453125,28.744367599487305,17.67757797241211,46.42194366455078,430.8307189941406,1365.86865234375
-1.9657424688339233,6.239999771118164,1000.0,37.0,1.1301944255828857,0.022913934662938118,10.0,0.9995018839836121,0.9995018839836121,0.9995018839836121,0.021623244509100914,0.00025439998717047274,0.7492449283599854,760000.0,-0.007881022989749908,-0.002134363166987896,-0.30967360734939575,4.809215545654297,3.7340413331985474,-9.088558197021484,2974.556884765625,30.945308685302734,29.152925491333008,60.098236083984375,332.7884826660156,1283.8896484375
-1.7963087558746338,7.420000076293945,1000.0,38.0,1.127126932144165,0.021339360624551773,13.0,1.0021518468856812,1.0021518468856812,1.0021518468856812,0.02188532054424286,0.00025320000713691115,0.7469192743301392,780000.0,-0.018165413290262222,-0.010284390300512314,-0.08143193274736404,3.121187925338745,-1.6880276203155518,-11.919344902038574,3042.232177734375,30.223329544067383,37.430118560791016,67.65345001220703,295.624267578125,938.6107788085938
-1.4826754331588745,12.4399995803833,1000.0,39.0,1.1227608919143677,0.02029367908835411,10.0,1.001042127609253,1.001042127609253,1.001042127609253,0.022692274302244186,0.0002519999979995191,0.7436788082122803,800000.0,-0.015987634658813477,0.0021777786314487457,-0.1683497130870819,1.9880952835083008,-1.1330926418304443,-10.607291221618652,3105.811767578125,33.983741760253906,29.5739803314209,63.55772399902344,314.6745910644531,676.7869873046875
-1.167106032371521,17.5,1000.0,40.0,1.1078177690505981,0.02012547478079796,10.0,1.0025304555892944,1.0025304555892944,1.0025304555892944,0.020618421956896782,0.00025079998886212707,0.732723593711853,820000.0,-0.015187898650765419,0.0007997360080480576,-0.028086286038160324,3.575350046157837,1.5872547626495361,-13.163126945495605,3165.0244140625,30.709659576416016,28.481826782226562,59.19148635864258,337.88641357421875,554.4004516601562
-1.1747819185256958,14.319999694824219,1000.0,41.0,1.0966464281082153,0.02318124659359455,9.0,0.9991291761398315,0.9991291761398315,0.9991291761398315,0.022443482652306557,0.0002496000088285655,0.7245248556137085,840000.0,-0.013974571600556374,0.0012133270502090454,0.02936774492263794,1.2152892351150513,-2.3600608110427856,-3.709099292755127,3224.301025390625,33.23406982421875,26.022188186645508,59.256256103515625,337.51708984375,1595.647216796875
-1.211352825164795,9.899999618530273,1000.0,42.0,1.0862394571304321,0.022285956889390945,1.0,1.0004550218582153,1.0004550218582153,1.0004550218582153,0.019446032121777534,0.00024839999969117343,0.71699458360672,860000.0,0.009181293658912182,0.023155865259468555,0.043147534132003784,4.720504283905029,3.505215048789978,-6.473669528961182,3258.810302734375,31.626998901367188,2.8615617752075195,34.48855972290039,579.9024047851562,1441.849365234375
-1.3004001379013062,3.200000047683716,1000.0,43.0,1.0822354555130005,0.02047998644411564,6.0,0.9995929002761841,0.9995929002761841,0.9995929002761841,0.022101175040006638,0.0002471999905537814,0.7141352891921997,880000.0,-0.007660515606403351,-0.016841809265315533,-0.10829361528158188,1.3291975259780884,-3.391306757926941,-4.3094305992126465,3306.7138671875,29.680767059326172,18.206348419189453,47.887115478515625,417.6488952636719,1583.12158203125
-1.316006064414978,6.679999828338623,1000.0,44.0,1.0831475257873535,0.0201795045286417,11.0,1.0029937028884888,1.0029937028884888,1.0029937028884888,0.02144128829240799,0.0002460000105202198,0.7148112654685974,900000.0,-0.01610439270734787,-0.008443877100944519,-0.0478736013174057,1.7020010948181152,0.37280356884002686,-5.388158798217773,3370.433837890625,32.02154541015625,31.677356719970703,63.69890213012695,313.9771423339844,835.9903564453125
-1.4974851608276367,7.579999923706055,1000.0,45.0,1.078800082206726,0.020811080932617188,14.0,1.0050654411315918,1.0050654411315918,1.0050654411315918,0.020609211176633835,0.00024480000138282776,0.7117242217063904,920000.0,-0.014282473362982273,0.0018219193443655968,0.1001216396689415,0.6094052791595459,-1.0925958156585693,-2.365478515625,3441.4921875,30.46265411376953,40.574729919433594,71.03738403320312,281.5419006347656,1398.487060546875
-1.286383032798767,25.799999237060547,1000.0,46.0,1.0608552694320679,0.02215460315346718,6.0,1.0032362937927246,1.0032362937927246,1.0032362937927246,0.022654183208942413,0.00024360000679735094,0.6990581750869751,940000.0,-0.012743688188493252,0.0015387851744890213,0.05714694410562515,2.2233755588531494,1.6139702796936035,-12.888355255126953,3488.18896484375,28.758155822753906,17.916547775268555,46.674705505371094,428.49761962890625,-1252.480712890625
-1.1490516662597656,25.299999237060547,1000.0,47.0,1.0665420293807983,0.026652252301573753,10.0,0.9988811612129211,0.9988811612129211,0.9988811612129211,0.020946966484189034,0.0002423999976599589,0.7030539512634277,960000.0,-0.015532571822404861,-0.0027888836339116096,0.0437002032995224,3.029907703399658,0.8065321445465088,-13.19798755645752,3547.965087890625,31.438108444213867,28.317697525024414,59.75580596923828,334.69549560546875,886.9620361328125
-0.9511726498603821,30.100000381469727,1000.0,48.0,1.0643634796142578,0.020701229572296143,11.0,1.001030683517456,1.001030683517456,1.001030683517456,0.020920803770422935,0.00024120000307448208,0.701514482498169,980000.0,-0.017992917448282242,-0.0024603456258773804,0.05217007175087929,3.4512135982513428,0.42130589485168457,-16.01470947265625,3611.530029296875,31.16215705871582,32.38067626953125,63.54283142089844,314.7483215332031,159.34487915039062
-0.9907463788986206,17.700000762939453,1000.0,49.0,1.0569405555725098,0.020662318915128708,8.0,1.0012110471725464,1.0012110471725464,1.0012110471725464,0.02097507379949093,0.00023999999393709004,0.6963281035423279,1000000.0,-0.013595424592494965,0.004397492855787277,0.029177770018577576,1.997570276260376,-1.4536433219909668,-8.287765502929688,3667.420166015625,32.67241668701172,23.19675064086914,55.86916732788086,357.9792175292969,1309.164794921875
-1.1434987783432007,14.619999885559082,1000.0,50.0,1.0517563819885254,0.023225657641887665,7.0,0.9996312856674194,0.9996312856674194,0.9996312856674194,0.02120021916925907,0.00023879999935161322,0.6927285194396973,1020000.0,-0.01023314893245697,0.0033622756600379944,0.11098150163888931,4.865048885345459,2.867478609085083,-12.576631546020508,3719.027099609375,30.49297523498535,21.093698501586914,51.586673736572266,387.697021484375,998.697265625
-1.1794239282608032,12.380000114440918,1000.0,51.0,1.0567129850387573,0.022978942841291428,9.0,0.9991939067840576,0.9991939067840576,0.9991939067840576,0.021736469119787216,0.0002376000047661364,0.6961716413497925,1040000.0,-0.016344107687473297,-0.006110958755016327,-0.08905017375946045,1.4009708166122437,-3.4640780687332153,-7.161611080169678,3775.5712890625,28.989561080932617,27.530933380126953,56.52049255371094,353.85394287109375,1025.576171875
-1.4011025428771973,14.899999618530273,1000.0,52.0,1.0477044582366943,0.02026575617492199,15.0,1.0069862604141235,1.0069862604141235,1.0069862604141235,0.021334867924451828,0.00023639999562874436,0.6899446845054626,1060000.0,-0.01889757066965103,-0.0025534629821777344,0.13248968124389648,3.323431968688965,1.9224611520767212,-12.208243370056152,3849.555419921875,29.645782470703125,44.31934356689453,73.96512603759766,270.397705078125,479.6776123046875
-1.4191879034042358,14.279999732971191,1000.0,53.0,1.0424065589904785,0.03036845661699772,1.0,1.0004968643188477,1.0004968643188477,1.0004968643188477,0.020637890323996544,0.00023520000104326755,0.6862925291061401,1080000.0,0.009397223591804504,0.028294794261455536,0.22752971947193146,4.809351444244385,1.48591947555542,-9.95767593383789,3883.1962890625,30.379226684570312,3.2407095432281494,33.619937896728516,594.8851318359375,1068.6375732421875
-1.3712599277496338,16.139999389648438,1000.0,54.0,1.0447434186935425,0.021844234317541122,7.0,1.002819538116455,1.002819538116455,1.002819538116455,0.020227327942848206,0.00023400000645779073,0.687892735004425,1100000.0,-0.01049306895583868,-0.019890292547643185,-0.15928246080875397,5.378585338592529,0.5692338943481445,-12.598721504211426,3936.130615234375,33.61548614501953,19.3016300201416,52.917118072509766,377.94952392578125,822.9382934570312
-1.3337799310684204,16.65999984741211,1000.0,55.0,1.0365720987319946,0.020413590595126152,15.0,1.0075287818908691,1.0075287818908691,1.0075287818908691,0.02196107618510723,0.0002327999973203987,0.682288646697998,1120000.0,-0.01674666814506054,-0.006253599189221859,-0.10354949533939362,3.1365296840667725,-2.242055654525757,-11.067219734191895,4012.2998046875,32.06332778930664,44.08783721923828,76.15116882324219,262.635498046875,365.41949462890625
-1.2280797958374023,15.859999656677246,1000.0,56.0,1.029576063156128,0.020550131797790527,8.0,1.0010261535644531,1.0010261535644531,1.0010261535644531,0.021598460152745247,0.00023160000273492187,0.6775217056274414,1140000.0,-0.012441093102097511,0.004305575042963028,0.14214231073856354,3.2269740104675293,0.09044432640075684,-10.686201095581055,4070.138427734375,34.259552001953125,23.556055068969727,57.81560516357422,345.9273681640625,1163.785888671875
-1.214131474494934,13.800000190734863,1000.0,57.0,1.0332330465316772,0.020783690735697746,12.0,1.001225471496582,1.001225471496582,1.001225471496582,0.023849064484238625,0.00023039999359752983,0.6799834966659546,1160000.0,-0.01082685962319374,0.0016142334789037704,0.12350179255008698,1.663304328918457,-1.5636696815490723,-7.579139232635498,4135.40087890625,30.456518173217773,34.786338806152344,65.24285888671875,306.5469665527344,1271.174072265625
-1.3027946949005127,18.280000686645508,1000.0,58.0,1.0342038869857788,0.020657164976000786,9.0,1.0011026859283447,1.0011026859283447,1.0011026859283447,0.021248888224363327,0.000229199999012053,0.6806666851043701,1180000.0,-0.017863772809505463,-0.007036913186311722,0.1929275542497635,4.621395587921143,2.9580912590026855,-15.106024742126465,4194.650390625,31.974380493164062,27.254430770874023,59.22881317138672,337.6734924316406,28.551315307617188
-1.474113941192627,16.34000015258789,1000.0,59.0,1.0275166034698486,0.023495720699429512,12.0,1.0017226934432983,1.0017226934432983,1.0017226934432983,0.0213993601500988,0.0002280000044265762,0.676175594329834,1200000.0,-0.015156969428062439,0.0027068033814430237,-0.03065744787454605,1.5329982042312622,-3.0883973836898804,-5.863446235656738,4261.5400390625,31.300315856933594,35.568817138671875,66.86913299560547,299.0916748046875,664.1243286132812
-1.6636614799499512,17.540000915527344,1000.0,60.0,1.0209770202636719,0.020838787779211998,1.0,0.9995525479316711,0.9995525479316711,0.9995525479316711,0.022966796532273293,0.00022679999528918415,0.671778678894043,1220000.0,0.008061825297772884,0.023218794725835323,0.018364788964390755,7.048824310302734,5.515826106071472,-9.61020565032959,4297.13671875,32.53323745727539,3.04060697555542,35.57384490966797,562.2108154296875,596.9378662109375
-1.6911239624023438,10.65999984741211,1000.0,61.0,1.0128117799758911,0.020411331206560135,8.0,1.0024011135101318,1.0024011135101318,1.0024011135101318,0.020574958994984627,0.00022560000070370734,0.6663123965263367,1240000.0,-0.008651455864310265,-0.01671328116208315,0.39355596899986267,1.0338915586471558,-6.014932751655579,-5.509527683258057,4352.3486328125,31.807758331298828,23.386354446411133,55.1950798034668,362.35113525390625,1412.038818359375
-1.472191572189331,16.100000381469727,1000.0,62.0,1.0035139322280884,0.020056292414665222,11.0,1.0061742067337036,1.0061742067337036,1.0061742067337036,0.022494656965136528,0.00022440000611823052,0.6601034998893738,1260000.0,-0.016151467338204384,-0.007500011473894119,-0.2662443220615387,3.5199742317199707,2.486082673072815,-11.334271430969238,4415.9345703125,30.78187370300293,32.784244537353516,63.56667709350586,314.6302490234375,267.5896911621094
-1.6075233221054077,15.65999984741211,1000.0,63.0,0.9994998574256897,0.020201126113533974,11.0,1.0027034282684326,1.0027034282684326,1.0027034282684326,0.02085414156317711,0.00022319999698083848,0.6574317812919617,1280000.0,-0.01704338751733303,-0.0008919201791286469,-0.06667007505893707,2.8740289211273193,-0.6459453105926514,-12.149805068969727,4481.3203125,32.26199722290039,33.09977340698242,65.36177062988281,305.9892578125,815.7416381835938
-1.4150309562683105,18.0,1000.0,64.0,0.9871523976325989,0.022379178553819656,8.0,1.0006194114685059,1.0006194114685059,1.0006194114685059,0.0213601253926754,0.00022200000239536166,0.6493743658065796,1300000.0,-0.011737740598618984,0.0053056469187140465,-0.018667366355657578,2.1524085998535156,-0.7216203212738037,-8.47901439666748,4535.80517578125,31.95405387878418,22.509490966796875,54.46354675292969,367.2181091308594,1043.1533203125
-1.508224606513977,8.260000228881836,1000.0,65.0,0.9585826992988586,0.021640457212924957,9.0,0.9957318902015686,0.9957318902015686,0.9957318902015686,0.022311830893158913,0.00022079999325796962,0.631101667881012,1320000.0,-0.008392516523599625,0.0033452240750193596,0.01525956578552723,1.0551131963729858,-1.0972954034805298,-2.747619390487671,4594.96923828125,33.06377410888672,26.08211326599121,59.1458854675293,338.1469421386719,1597.174072265625
-1.5699174404144287,7.179999828338623,1000.0,66.0,0.9376797676086426,0.020321352407336235,12.0,1.0045971870422363,1.0045971870422363,1.0045971870422363,0.022006522864103317,0.0002195999986724928,0.6180175542831421,1340000.0,-0.015630709007382393,-0.007238192483782768,-0.4239945411682129,1.4082562923431396,0.3531430959701538,-7.442359924316406,4663.58154296875,32.12369918823242,36.468502044677734,68.59220123291016,291.5783386230469,1191.612548828125
-1.583166480064392,12.600000381469727,1000.0,67.0,0.9377160668373108,0.02228325419127941,10.0,1.0002864599227905,1.0002864599227905,1.0002864599227905,0.021820852532982826,0.00021840000408701599,0.6180422902107239,1360000.0,-0.015540346503257751,9.036250412464142e-05,0.020467698574066162,2.2566394805908203,0.8483831882476807,-11.676870346069336,4722.3115234375,28.51050567626953,30.197843551635742,58.708351135253906,340.66705322265625,661.877197265625
-1.7701010704040527,11.4399995803833,1000.0,68.0,0.9366541504859924,0.023871196433901787,6.0,0.9960070848464966,0.9960070848464966,0.9960070848464966,0.023319469764828682,0.00021719999494962394,0.6173751950263977,1380000.0,-0.010115766897797585,0.005424579605460167,-0.20077237486839294,3.212049961090088,0.9554104804992676,-12.07380485534668,4770.96533203125,30.405319213867188,18.22607421875,48.63139343261719,411.2569885253906,1356.9742431640625
-1.542699933052063,18.15999984741211,1000.0,69.0,0.9371085166931152,0.02091783471405506,10.0,1.0031639337539673,1.0031639337539673,1.0031639337539673,0.021080132573843002,0.00021600000036414713,0.6176537871360779,1400000.0,-0.015338586643338203,-0.005222819745540619,-0.05557774007320404,1.9777036905288696,-1.2343462705612183,-10.75756549835205,4831.564453125,30.911449432373047,29.666845321655273,60.57829284667969,330.1512451171875,11.80596923828125
-1.4622796773910522,16.799999237060547,1000.0,70.0,0.9389187097549438,0.022353410720825195,2.0,0.9993847608566284,0.9993847608566284,0.9993847608566284,0.019831834360957146,0.0002148000057786703,0.6187731027603149,1420000.0,0.00134352408349514,0.016682110726833344,0.6137020587921143,6.498335361480713,4.520631670951843,-10.97425651550293,4870.71875,33.22140884399414,5.9113569259643555,39.133296966552734,511.07373046875,1145.42529296875
-1.3196109533309937,21.299999237060547,1000.0,71.0,0.9423041343688965,0.02104329504072666,12.0,1.0038467645645142,1.0038467645645142,1.0038467645645142,0.0211784765124321,0.00021359999664127827,0.6208786368370056,1440000.0,-0.017795979976654053,-0.019139504060149193,0.17355135083198547,3.2196240425109863,-3.2787113189697266,-11.971297264099121,4937.82373046875,30.69542694091797,36.3915901184082,67.08756256103516,298.11785888671875,405.17919921875
-1.5187643766403198,18.520000457763672,1000.0,72.0,0.9384373426437378,0.02074076607823372,10.0,1.0031466484069824,1.0031466484069824,1.0031466484069824,0.0209511686116457,0.00021240000205580145,0.6185697317123413,1460000.0,-0.0154261514544487,0.002369828522205353,0.11492253839969635,1.916988730430603,-1.3026353120803833,-10.21629524230957,4996.29345703125,28.80170440673828,29.64742660522461,58.44913101196289,342.1778869628906,552.23828125
-1.389223575592041,22.1200008392334,1000.0,73.0,0.9336274266242981,0.020884189754724503,7.0,1.000827431678772,1.000827431678772,1.000827431678772,0.02276213839650154,0.0002111999929184094,0.6156677007675171,1480000.0,-0.012429824098944664,0.002996327355504036,-0.052413225173950195,4.275427341461182,2.3584386110305786,-13.392475128173828,5049.12451171875,31.488027572631836,21.322513580322266,52.810543060302734,378.7122497558594,613.2184448242188
-1.5007429122924805,23.040000915527344,1000.0,74.0,0.9302445650100708,0.02104059047996998,9.0,1.00202214717865,1.00202214717865,1.00202214717865,0.02098453789949417,0.0002099999983329326,0.6136983036994934,1500000.0,-0.015152174979448318,-0.0027223508805036545,0.1589522659778595,8.079209327697754,3.8037819862365723,-22.00442123413086,5107.1064453125,31.400943756103516,26.56155776977539,57.962501525878906,345.0506591796875,70.73272705078125
-1.4835149049758911,20.280000686645508,1000.0,75.0,0.9201600551605225,0.021351903676986694,1.0,1.0004920959472656,1.0004920959472656,1.0004920959472656,0.021745065227150917,0.00020880000374745578,0.6076529026031494,1520000.0,0.008976110257208347,0.024128285236656666,0.26753318309783936,8.426630020141602,0.34742069244384766,-9.474944114685059,5141.06103515625,30.952877044677734,2.979944944381714,33.93381118774414,589.3826293945312,1546.41943359375
-1.6390647888183594,15.0,1000.0,76.0,0.9247949123382568,0.021446339786052704,12.0,1.002862811088562,1.002862811088562,1.002862811088562,0.021010901778936386,0.00020759999461006373,0.6103854775428772,1540000.0,-0.017195289954543114,-0.02617140021175146,0.038384810090065,3.0420920848846436,-5.384537935256958,-13.346283912658691,5211.7431640625,36.02387237548828,34.642147064208984,70.666015625,283.0214538574219,572.5169677734375
-1.6638274192810059,8.079999923706055,1000.0,77.0,0.9033930897712708,0.020925981923937798,7.0,0.9985948801040649,0.9985948801040649,0.9985948801040649,0.02178637497127056,0.00020640000002458692,0.5975015759468079,1560000.0,-0.012507244944572449,0.004688045009970665,-0.029360288754105568,2.30452561378479,-0.7375664710998535,-7.0369038581848145,5264.60302734375,31.598974227905273,21.23963165283203,52.83860397338867,378.5111389160156,1408.2835693359375
-1.8306477069854736,13.84000015258789,1000.0,78.0,0.8788193464279175,0.020635085180401802,10.0,1.0051194429397583,1.0051194429397583,1.0051194429397583,0.020277366042137146,0.0002052000054391101,0.582929790019989,1580000.0,-0.015846431255340576,-0.0033391863107681274,-0.21785908937454224,2.0694305896759033,-0.23509502410888672,-8.92101001739502,5324.68798828125,30.648700714111328,29.417423248291016,60.066123962402344,332.9664001464844,402.6190185546875
-1.7586123943328857,9.15999984741211,1000.0,79.0,0.8696873784065247,0.023677008226513863,1.0,1.0004438161849976,1.0004438161849976,1.0004438161849976,0.0225750170648098,0.00020399999630171806,0.5776495933532715,1600000.0,0.010305983945727348,0.026152415201067924,0.03544863313436508,3.009491443634033,0.9400608539581299,-6.279099464416504,5361.384765625,33.81521987915039,2.860826253890991,36.67604446411133,545.3150634765625,1684.870849609375
-1.808189034461975,10.65999984741211,1000.0,80.0,0.8744121789932251,0.02269483357667923,14.0,1.0063605308532715,1.0063605308532715,1.0063605308532715,0.021216748282313347,0.00020280000171624124,0.5804981589317322,1620000.0,-0.015900027006864548,-0.026206010952591896,-0.1104140356183052,1.225331425666809,-1.7841600179672241,-5.634922504425049,5433.0634765625,29.888452529907227,41.773658752441406,71.662109375,279.0875244140625,1141.26171875
-1.636501431465149,5.579999923706055,1000.0,81.0,0.8651635050773621,0.020600052550435066,6.0,0.9990242719650269,0.9990242719650269,0.9990242719650269,0.02287968620657921,0.00020160000713076442,0.5750853419303894,1640000.0,-0.008679966442286968,0.0072200605645775795,0.05915088951587677,3.5264341831207275,2.3011027574539185,-8.473837852478027,5483.2333984375,32.14297866821289,18.005117416381836,50.148094177246094,398.8187255859375,1417.189208984375
-1.6883999109268188,5.559999942779541,1000.0,82.0,0.8549177050590515,0.021710986271500587,12.0,1.0061126947402954,1.0061126947402954,1.0061126947402954,0.021149424836039543,0.00020039999799337238,0.569189727306366,1660000.0,-0.013928169384598732,-0.005248202942311764,-0.30765050649642944,0.9627948999404907,-2.563639283180237,-4.940171718597412,5549.59814453125,29.78278923034668,36.560691833496094,66.344482421875,301.4568786621094,1350.2293701171875
-1.6552315950393677,5.960000038146973,1000.0,83.0,0.8579496741294861,0.02220015600323677,9.0,1.0028949975967407,1.0028949975967407,1.0028949975967407,0.02272987738251686,0.00019920000340789557,0.57094407081604,1680000.0,-0.013265471905469894,0.0006626974791288376,-0.06979313492774963,3.147196054458618,2.1844011545181274,-11.060591697692871,5606.40673828125,28.862524032592773,27.925962448120117,56.78848648071289,352.1840515136719,1063.8753662109375
-1.8096139430999756,6.800000190734863,1000.0,84.0,0.8636319041252136,0.02006213553249836,12.0,1.0056519508361816,1.0056519508361816,1.0056519508361816,0.021500322967767715,0.00019799999427050352,0.5741198062896729,1700000.0,-0.014710969291627407,-0.0014454973861575127,0.031127406284213066,1.837577223777771,-1.3096188306808472,-9.113080978393555,5670.31689453125,29.431591033935547,34.4583854675293,63.88998031616211,313.03814697265625,1168.294677734375
-1.7574023008346558,13.880000114440918,1000.0,85.0,0.8654413223266602,0.023378195241093636,7.0,1.0029805898666382,1.0029805898666382,1.0029805898666382,0.022785980254411697,0.0001967999996850267,0.5751180648803711,1720000.0,-0.01227983832359314,0.0024311309680342674,0.25923654437065125,3.093933582305908,1.2563563585281372,-10.742682456970215,5723.5205078125,32.44881820678711,20.73367691040039,53.1824951171875,376.0635681152344,558.2486572265625
-1.814157247543335,12.319999694824219,1000.0,86.0,0.8712199926376343,0.020940497517585754,12.0,1.0026025772094727,1.0026025772094727,1.0026025772094727,0.021349642425775528,0.0001956000050995499,0.5783730149269104,1740000.0,-0.014464734122157097,-0.002184895798563957,-0.19028593599796295,1.1994298696517944,-1.8945037126541138,-6.799847602844238,5789.56982421875,30.971723556518555,35.05881881713867,66.0305404663086,302.89013671875,1494.857421875
-1.7101925611495972,19.399999618530273,1000.0,87.0,0.8670619130134583,0.02326143905520439,8.0,0.9994667768478394,0.9994667768478394,0.9994667768478394,0.021254248917102814,0.00019439999596215785,0.5759758949279785,1760000.0,-0.015410392545163631,-0.0009456584230065346,0.0025457385927438736,3.3696129322052,2.1701830625534058,-12.814783096313477,5844.39892578125,30.854373931884766,23.95310401916504,54.80747604370117,364.9137268066406,518.8331909179688
-1.6622881889343262,17.959999084472656,1000.0,88.0,0.8632694482803345,0.021018072962760925,9.0,0.9994429349899292,0.9994429349899292,0.9994429349899292,0.021128728985786438,0.00019320000137668103,0.5738070607185364,1780000.0,-0.016846364364027977,-0.0014359718188643456,0.07221321761608124,2.0497617721557617,-1.3198511600494385,-11.08474063873291,5902.03271484375,30.670434951782227,26.944026947021484,57.614463806152344,347.13507080078125,776.0060424804688
-1.3294330835342407,16.420000076293945,1000.0,89.0,0.859878420829773,0.021091962233185768,9.0,1.0002193450927734,1.0002193450927734,1.0002193450927734,0.02198624052107334,0.00019200000679120421,0.5718369483947754,1800000.0,-0.018835702911019325,-0.0019893385469913483,0.07140830904245377,1.9850224256515503,-0.06473934650421143,-11.466337203979492,5959.4150390625,31.690013885498047,25.671064376831055,57.36107635498047,348.6684875488281,1158.96435546875
-1.2076133489608765,12.039999961853027,1000.0,90.0,0.8505743145942688,0.022154364734888077,9.0,1.0014020204544067,1.0014020204544067,1.0014020204544067,0.022917091846466064,0.00019079999765381217,0.5665660500526428,1820000.0,-0.015340804122388363,0.0034948987886309624,-0.21703362464904785,6.563462257385254,4.578439831733704,-15.410965919494629,6019.26953125,35.0570182800293,24.776111602783203,59.8331298828125,334.2629699707031,762.7510986328125
-1.1765999794006348,14.0600004196167,1000.0,91.0,0.8417321443557739,0.02068411558866501,7.0,1.0023120641708374,1.0023120641708374,1.0023120641708374,0.020355461165308952,0.00018960000306833535,0.5616211891174316,1840000.0,-0.009738221764564514,0.005602582357823849,0.23303991556167603,6.682739734649658,0.1192774772644043,-16.226266860961914,6073.00830078125,32.98065185546875,20.739042282104492,53.719696044921875,372.3029479980469,176.69223022460938
-1.3928735256195068,19.420000076293945,1000.0,92.0,0.8303093910217285,0.020291747525334358,8.0,1.0030076503753662,1.0030076503753662,1.0030076503753662,0.02081841230392456,0.0001883999939309433,0.5553239583969116,1860000.0,-0.01562330313026905,-0.0058850813657045364,-0.022862419486045837,5.213061332702637,-1.4696784019470215,-16.064647674560547,6125.47265625,28.69915008544922,23.746135711669922,52.44528579711914,381.3498229980469,349.43072509765625
-1.4563145637512207,18.84000015258789,1000.0,93.0,0.8262320160865784,0.02307208627462387,1.0,0.9999368190765381,0.9999368190765381,0.9999368190765381,0.022882129997015,0.0001871999993454665,0.5530551671981812,1880000.0,0.009007512591779232,0.024630815722048283,0.01481037400662899,10.064788818359375,4.851727485656738,-13.495802879333496,6160.51708984375,32.031707763671875,2.991828441619873,35.023536682128906,571.0445556640625,1159.0224609375
-1.4693958759307861,17.520000457763672,1000.0,94.0,0.8269789814949036,0.02042005956172943,12.0,1.0033655166625977,1.0033655166625977,1.0033655166625977,0.021310260519385338,0.00018600000475998968,0.5534530282020569,1900000.0,-0.020520171150565147,-0.02952768374234438,-0.05124788358807564,4.319780349731445,-5.74500846862793,-14.337312698364258,6224.9892578125,28.79636573791504,35.65961837768555,64.45598602294922,310.2892761230469,268.80133056640625
-1.5312628746032715,13.15999984741211,1000.0,95.0,0.8200652599334717,0.02511768415570259,9.0,0.9952718019485474,0.9952718019485474,0.9952718019485474,0.021895484998822212,0.00018479999562259763,0.5495548248291016,1920000.0,-0.013283053413033485,0.007237117737531662,-0.14100956916809082,4.226675033569336,-0.09310531616210938,-13.819867134094238,6282.32080078125,31.926424026489258,25.382783889770508,57.309207916259766,348.98406982421875,836.501708984375
-1.5822862386703491,13.180000305175781,1000.0,96.0,0.8146697878837585,0.0203342754393816,9.0,1.0026757717132568,1.0026757717132568,1.0026757717132568,0.02139963209629059,0.00018360000103712082,0.5465774536132812,1940000.0,-0.013634085655212402,-0.00035103224217891693,-0.010295631363987923,4.2370195388793945,0.010344505310058594,-13.619423866271973,6344.1474609375,35.7702751159668,26.037353515625,61.8076286315918,323.58465576171875,768.7537231445312
-1.6483829021453857,7.880000114440918,1000.0,97.0,0.8089532852172852,0.021186867728829384,7.0,1.0024133920669556,1.0024133920669556,1.0024133920669556,0.023253854364156723,0.000182400006451644,0.5434170365333557,1960000.0,-0.010245529003441334,0.0033885566517710686,0.15946783125400543,1.776300072669983,-2.4607194662094116,-4.159660339355469,6396.07275390625,30.92717933654785,20.977954864501953,51.90513610839844,385.3183288574219,1589.7384033203125
-1.418523907661438,5.920000076293945,1000.0,98.0,0.8048698902130127,0.023107990622520447,5.0,1.000852108001709,1.000852108001709,1.000852108001709,0.020719876512885094,0.00018119999731425196,0.5412335991859436,1980000.0,-0.006317600607872009,0.0039279283955693245,-0.01553015410900116,1.2517178058624268,-0.5245822668075562,-3.357239007949829,6444.45068359375,33.676151275634766,14.682326316833496,48.35847473144531,413.5779724121094,1376.22021484375
-1.3442262411117554,9.199999809265137,1000.0,99.0,0.8119893670082092,0.02077411487698555,7.0,1.000436544418335,1.000436544418335,1.000436544418335,0.021397501230239868,0.00018000000272877514,0.5451115369796753,2000000.0,-0.014431723393499851,-0.008114122785627842,-0.16919218003749847,2.570795774459839,1.319077968597412,-11.906352043151855,6494.94921875,29.92051887512207,20.560964584350586,50.481483459472656,396.18487548828125,356.2391357421875
-1.1777225732803345,18.940000534057617,1000.0,100.0,0.8181337118148804,0.0208204947412014,9.0,0.9990546107292175,0.9990546107292175,0.9990546107292175,0.021963661536574364,0.0001787999935913831,0.5484899282455444,2020000.0,-0.018172262236475945,-0.0037405388429760933,0.329501748085022,4.2264604568481445,1.6556646823883057,-15.833394050598145,6554.31591796875,33.5457878112793,25.799482345581055,59.345272064208984,337.0108337402344,-144.24066162109375
-1.3174009323120117,20.219999313354492,1000.0,101.0,0.8207504749298096,0.021339939907193184,4.0,1.0003442764282227,1.0003442764282227,1.0003442764282227,0.021099796518683434,0.00017759999900590628,0.5499109029769897,2040000.0,-0.0049437168054282665,0.013228545431047678,-0.12517988681793213,3.7348787784576416,-0.49158167839050293,-8.94357681274414,6597.7314453125,31.108699798583984,12.286620140075684,43.395320892333984,460.8791809082031,1286.91162109375
-1.316611647605896,14.380000114440918,1000.0,102.0,0.8228216767311096,0.020661327987909317,13.0,1.003134846687317,1.003134846687317,1.003134846687317,0.02074160985648632,0.00017640000442042947,0.5510377287864685,2060000.0,-0.017340313643217087,-0.01239659683778882,-0.32513701915740967,2.278334379196167,-1.4565443992614746,-11.673702239990234,6668.39111328125,33.148983001708984,37.490657806396484,70.63964080810547,283.12713623046875,1208.708251953125
-1.5781738758087158,9.220000267028809,1000.0,103.0,0.8059192299842834,0.02215653471648693,9.0,0.994543731212616,0.994543731212616,0.994543731212616,0.02183930017054081,0.00017519999528303742,0.5417698621749878,2080000.0,-0.013213482685387135,0.004126830957829952,-0.020099129527807236,1.5509819984436035,-0.7273523807525635,-6.995556831359863,6727.76611328125,33.345916748046875,26.007043838500977,59.352962493896484,336.9671936035156,1368.33154296875
-1.734910488128662,9.84000015258789,1000.0,104.0,0.8117402791976929,0.02103898487985134,10.0,1.0024818181991577,1.0024818181991577,1.0024818181991577,0.022160276770591736,0.0001740000006975606,0.544890820980072,2100000.0,-0.01743159256875515,-0.004218109883368015,-0.34224992990493774,2.2508108615875244,0.6998288631439209,-8.524868965148926,6789.283203125,31.32526206970215,30.17217254638672,61.497432708740234,325.2168273925781,621.481689453125
-1.6587519645690918,12.100000381469727,1000.0,105.0,0.8204420804977417,0.022329838946461678,10.0,1.0020803213119507,1.0020803213119507,1.0020803213119507,0.02258499711751938,0.0001728000061120838,0.5497166514396667,2120000.0,-0.014916102401912212,0.0025154901668429375,0.6534391641616821,1.399345874786377,-0.8514649868011475,-9.067721366882324,6848.58056640625,29.650781631469727,29.624916076660156,59.275699615478516,337.4064025878906,560.1199340820312
-1.5105687379837036,12.720000267028809,1000.0,106.0,0.821577787399292,0.022292450070381165,7.0,0.9984990358352661,0.9984990358352661,0.9984990358352661,0.023167837411165237,0.00017159999697469175,0.5503484010696411,2140000.0,-0.0094404686242342,0.005475633777678013,-0.0545332245528698,1.7120981216430664,0.31275224685668945,-4.964803695678711,6903.39111328125,34.133358001708984,20.657808303833008,54.79116439819336,365.0223388671875,1480.178955078125
-1.564914584159851,9.15999984741211,1000.0,107.0,0.8067658543586731,0.023111457005143166,11.0,0.9976487755775452,0.9976487755775452,0.9976487755775452,0.019627580419182777,0.00017040000238921493,0.5422041416168213,2160000.0,-0.008908978663384914,0.0005314899608492851,-0.10201630741357803,0.9986567497253418,-0.7134413719177246,-2.1494781970977783,6967.1064453125,31.416893005371094,32.27723693847656,63.694129943847656,314.00067138671875,1560.9306640625
-1.6594634056091309,4.679999828338623,1000.0,108.0,0.7989937663078308,0.026066109538078308,1.0,0.9991649985313416,0.9991649985313416,0.9991649985313416,0.028200969099998474,0.0001691999932518229,0.5379791259765625,2180000.0,0.01717538945376873,0.026084368117153645,0.08673543483018875,1.3504301309585571,0.35177338123321533,-3.2899136543273926,7000.6630859375,30.60150146484375,2.9347176551818848,33.53622055053711,596.3701782226562,1560.563232421875
-1.7694140672683716,10.5600004196167,1000.0,109.0,0.8052896857261658,0.02078229933977127,10.0,1.002354621887207,1.002354621887207,1.002354621887207,0.021198175847530365,0.00016799999866634607,0.5413815379142761,2200000.0,-0.020489932969212532,-0.03766532242298126,0.045051708817481995,2.668300151824951,1.317870020866394,-12.789773941040039,7060.296875,30.290260314941406,29.32611656188965,59.61637496948242,335.4783020019531,72.54852294921875
-1.5821744203567505,13.180000305175781,1000.0,110.0,0.7993098497390747,0.020214419811964035,8.0,1.0014687776565552,1.0014687776565552,1.0014687776565552,0.019865557551383972,0.00016680000408086926,0.5381478071212769,2220000.0,-0.014663667418062687,0.005826265551149845,-0.012925850227475166,4.8004536628723145,2.1321535110473633,-13.846080780029297,7115.2705078125,31.562780380249023,23.391712188720703,54.95449447631836,363.9375,932.9567260742188
-1.7166709899902344,13.100000381469727,1000.0,111.0,0.7964073419570923,0.02034195326268673,14.0,1.005661129951477,1.005661129951477,1.005661129951477,0.022448383271694183,0.0001655999949434772,0.5365954637527466,2240000.0,-0.019820397719740868,-0.005156730301678181,0.013870006427168846,1.5216865539550781,-3.2787671089172363,-6.878617286682129,7187.984375,30.85797882080078,41.835506439208984,72.6934814453125,275.1278076171875,1244.572998046875
-1.6240314245224,9.260000228881836,1000.0,112.0,0.7945817708969116,0.023082956671714783,1.0,0.9999867677688599,0.9999867677688599,0.9999867677688599,0.018751129508018494,0.0001644000003580004,0.5356168746948242,2260000.0,0.0054880063980817795,0.025308404117822647,-0.1474926769733429,1.8780235052108765,0.35633695125579834,-3.4708499908447266,7221.48583984375,30.43996810913086,3.04000186920166,33.4799690246582,597.3721313476562,1275.2373046875
-1.5852539539337158,7.139999866485596,1000.0,113.0,0.7981047630310059,0.02047734148800373,7.0,0.999883234500885,0.999883234500885,0.999883234500885,0.021798573434352875,0.00016320000577252358,0.5375264286994934,2280000.0,-0.013398743234574795,-0.018886749632656574,-0.3574308156967163,3.559673309326172,1.6816498041152954,-8.148422241210938,7274.32373046875,31.85146141052246,20.96933364868164,52.820796966552734,378.63873291015625,1330.749267578125
-1.2647446393966675,9.579999923706055,1000.0,114.0,0.8005347847938538,0.020717084407806396,8.0,1.0045924186706543,1.0045924186706543,1.0045924186706543,0.020055724307894707,0.00016199999663513154,0.5388613343238831,2300000.0,-0.014445547014474869,-0.001046803779900074,-0.015773355960845947,2.502354860305786,-1.0573184490203857,-9.459331512451172,7327.83056640625,30.778772354125977,22.708419799804688,53.48719024658203,373.9212951660156,594.5897216796875
-1.1979644298553467,9.460000038146973,1000.0,115.0,0.8008549809455872,0.02045714296400547,10.0,1.0017907619476318,1.0017907619476318,1.0017907619476318,0.02201397530734539,0.00016080000204965472,0.5390115976333618,2320000.0,-0.017656497657299042,-0.003210950642824173,0.025643646717071533,1.7654095888137817,-0.7369452714920044,-8.465116500854492,7392.11669921875,33.76220703125,30.503684997558594,64.2658920288086,311.2070617675781,1094.95556640625
-1.3372929096221924,15.180000305175781,1000.0,116.0,0.794612467288971,0.022939208894968033,10.0,1.0037565231323242,1.0037565231323242,1.0037565231323242,0.02180137299001217,0.00015959999291226268,0.5356658101081848,2340000.0,-0.015023420564830303,0.0026330770924687386,-0.1499657928943634,2.5661325454711914,0.8007229566574097,-7.678779602050781,7451.91796875,29.9576416015625,29.823509216308594,59.781150817871094,334.5536193847656,817.620361328125
-1.4344154596328735,12.979999542236328,1000.0,117.0,0.791485071182251,0.022767988964915276,1.0,1.0012437105178833,1.0012437105178833,1.0012437105178833,0.02002066932618618,0.00015839999832678586,0.533989429473877,2360000.0,0.010068207047879696,0.02509162761271,-0.03442899137735367,3.9082601070404053,1.3421275615692139,-5.240222454071045,7486.5078125,31.6580753326416,2.9114861488342285,34.56956100463867,578.5436401367188,1427.396728515625
-1.4668902158737183,18.100000381469727,1000.0,118.0,0.7950373291969299,0.021083742380142212,14.0,1.0047202110290527,1.0047202110290527,1.0047202110290527,0.02133023738861084,0.00015720000374130905,0.5359245538711548,2380000.0,-0.021685978397727013,-0.03175418544560671,0.15993830561637878,1.1467151641845703,-2.761544942855835,-4.672448635101318,7558.31396484375,30.64910888671875,41.14023208618164,71.78934478759766,278.5928955078125,84.998291015625
-1.6241564750671387,12.979999542236328,1000.0,119.0,0.7976835370063782,0.02352931909263134,16.0,1.006350040435791,1.006350040435791,1.006350040435791,0.021180296316742897,0.000155999994603917,0.5373547673225403,2400000.0,-0.019827069714665413,0.0018589086830615997,0.003524012863636017,0.9088338613510132,-0.23788130283355713,-4.577834129333496,7636.24072265625,30.967370986938477,46.93653869628906,77.9039077758789,256.7265319824219,1204.4844970703125
-1.5863921642303467,16.280000686645508,1000.0,120.0,0.7882457971572876,0.020687861368060112,8.0,0.9994880557060242,0.9994880557060242,0.9994880557060242,0.021410562098026276,0.0001548000000184402,0.5322948098182678,2420000.0,-0.016611887142062187,0.0032151825726032257,0.08224153518676758,1.2905168533325195,0.38168299198150635,-7.227475643157959,7695.07666015625,34.65770721435547,24.15630531311035,58.81401062011719,340.0550231933594,809.711669921875
-1.434929609298706,9.9399995803833,1000.0,121.0,0.7880111336708069,0.021805329248309135,10.0,1.0039074420928955,1.0039074420928955,1.0039074420928955,0.020780596882104874,0.00015360000543296337,0.5322331190109253,2440000.0,-0.01321378629654646,0.003398100845515728,0.09010947495698929,1.0942169427871704,-0.19629991054534912,-4.346665859222412,7756.35498046875,31.165788650512695,30.092134475708008,61.2579231262207,326.4883728027344,1316.5068359375
-1.3012319803237915,14.34000015258789,1000.0,122.0,0.787044882774353,0.02027471736073494,10.0,1.0044738054275513,1.0044738054275513,1.0044738054275513,0.0202656090259552,0.00015239999629557133,0.531722903251648,2460000.0,-0.016283193603157997,-0.003069407306611538,-0.39585795998573303,1.1526650190353394,0.058448076248168945,-6.373934745788574,7815.19873046875,28.821392059326172,30.000642776489258,58.82203674316406,340.0086364746094,755.2384643554688
-1.3884738683700562,12.34000015258789,1000.0,123.0,0.7943831086158752,0.023417513817548752,8.0,1.0010247230529785,1.0010247230529785,1.0010247230529785,0.021113716065883636,0.0001512000017100945,0.5356115698814392,2480000.0,-0.010695165023207664,0.005588028579950333,0.033284928649663925,2.080024242401123,0.9273592233657837,-5.930513381958008,7870.26123046875,31.55891990661621,23.479598999023438,55.03855514526367,363.3816223144531,1426.504638671875
-1.441367506980896,11.819999694824219,1000.0,124.0,0.7944273352622986,0.0203263983130455,11.0,1.0029313564300537,1.0029313564300537,1.0029313564300537,0.020783061161637306,0.0001500000071246177,0.5355690121650696,2500000.0,-0.016978193074464798,-0.0062830280512571335,-0.33364367485046387,2.953578472137451,0.8735542297363281,-12.165322303771973,7932.4326171875,29.273664474487305,32.87752151489258,62.15118408203125,321.79595947265625,855.8240966796875
-1.4331179857254028,12.819999694824219,1000.0,125.0,0.7965528964996338,0.020564142614603043,13.0,1.0027921199798584,1.0027921199798584,1.0027921199798584,0.02123393677175045,0.00014879999798722565,0.5366969108581543,2520000.0,-0.020197957754135132,-0.003219764679670334,0.042364705353975296,5.092102527618408,2.138524055480957,-14.517484664916992,7999.0126953125,29.252511978149414,37.307926177978516,66.56044006347656,300.4787902832031,291.1230163574219
-1.3895158767700195,11.420000076293945,1000.0,126.0,0.787971019744873,0.0202462337911129,7.0,0.9960955381393433,0.9960955381393433,0.9960955381393433,0.021428674459457397,0.00014760000340174884,0.5321049690246582,2540000.0,-0.013436490669846535,0.006761467084288597,0.09561924636363983,0.9935518503189087,-4.0985506772994995,-3.077906608581543,8051.44970703125,30.715736389160156,21.69943618774414,52.4151725769043,381.56890869140625,1669.0384521484375
-1.459110140800476,10.140000343322754,1000.0,127.0,0.7750834226608276,0.021458221599459648,11.0,1.0013844966888428,1.0013844966888428,1.0013844966888428,0.02174614928662777,0.0001463999942643568,0.5252780318260193,2560000.0,-0.01674281805753708,-0.003306327387690544,0.028599180281162262,1.686809778213501,0.6932579278945923,-5.851842403411865,8114.39111328125,30.662519454956055,32.25922775268555,62.921749114990234,317.8551330566406,1458.6650390625
-1.6711745262145996,7.880000114440918,1000.0,128.0,0.7678664326667786,0.02171982266008854,11.0,1.0033234357833862,1.0033234357833862,1.0033234357833862,0.020258665084838867,0.00014519999967887998,0.5215222239494324,2580000.0,-0.017397312447428703,-0.0006544943898916245,0.026591718196868896,1.5791332721710205,-0.10767650604248047,-10.838186264038086,8176.73779296875,29.462995529174805,32.86064529418945,62.32468032836914,320.9001770019531,1016.8778076171875
-1.7163718938827515,9.239999771118164,1000.0,129.0,0.7650488615036011,0.020564287900924683,7.0,0.9975966811180115,0.9975966811180115,0.9975966811180115,0.02426285482943058,0.00014400000509340316,0.520064651966095,2600000.0,-0.013403628952801228,0.003993683494627476,0.1966671347618103,2.8870387077331543,1.3079054355621338,-12.144219398498535,8227.5263671875,30.637876510620117,20.13053321838379,50.768409729003906,393.9457702636719,1041.1343994140625
-1.5890315771102905,12.4399995803833,1000.0,130.0,0.7584460377693176,0.020795317366719246,9.0,1.0015050172805786,1.0015050172805786,1.0015050172805786,0.019564535468816757,0.00014279999595601112,0.5166845321655273,2620000.0,-0.015573869459331036,-0.002170240506529808,-0.05496495962142944,4.78087854385376,1.8938398361206055,-10.658880233764648,8283.8349609375,30.088394165039062,26.197858810424805,56.2862548828125,355.3265380859375,970.19921875
-1.498711109161377,10.720000267028809,1000.0,131.0,0.7601253390312195,0.023693451657891273,14.0,1.004980444908142,1.004980444908142,1.004980444908142,0.021627329289913177,0.0001416000013705343,0.5175355076789856,2640000.0,-0.01685696467757225,-0.0012830952182412148,0.08003295212984085,2.183178424835205,-2.5977001190185547,-7.687344551086426,8357.0673828125,33.2851676940918,39.927608489990234,73.21277618408203,273.1763610839844,1037.6826171875
-1.4402159452438354,17.5,1000.0,132.0,0.7532876133918762,0.020227402448654175,10.0,1.0020958185195923,1.0020958185195923,1.0020958185195923,0.02188122272491455,0.00014040000678505749,0.5139768719673157,2660000.0,-0.01858682557940483,-0.0017298609018325806,0.1194961667060852,5.996842384338379,3.813663959503174,-18.495147705078125,8417.4609375,31.064483642578125,29.30675506591797,60.371238708496094,331.2835693359375,-233.59405517578125
-1.6317590475082397,18.3799991607666,1000.0,133.0,0.7409055829048157,0.020113009959459305,13.0,1.0087710618972778,1.0087710618972778,1.0087710618972778,0.0216237623244524,0.00013919999764766544,0.5076436400413513,2680000.0,-0.015725215896964073,0.0028616096824407578,0.11186353862285614,1.8662960529327393,-4.13054633140564,-6.029071807861328,8485.775390625,30.65928077697754,37.63434600830078,68.29362487792969,292.8531188964844,1056.3338623046875
-1.7785279750823975,17.100000381469727,1000.0,134.0,0.7392846941947937,0.0201321542263031,15.0,1.009212613105774,1.009212613105774,1.009212613105774,0.020701939240098,0.00013800000306218863,0.5068618059158325,2700000.0,-0.019747447222471237,-0.004022231325507164,0.009494589641690254,0.832168698310852,-1.0341273546218872,-3.5539238452911377,8560.1484375,30.305744171142578,44.045684814453125,74.35143280029297,268.9927978515625,1102.9599609375
-1.9559240341186523,20.420000076293945,1000.0,135.0,0.7473877668380737,0.020205294713377953,15.0,1.0053337812423706,1.0053337812423706,1.0053337812423706,0.020420357584953308,0.00013679999392479658,0.5110180974006653,2720000.0,-0.0209449864923954,-0.0011975392699241638,-0.017155826091766357,1.14141047000885,0.30924177169799805,-5.3464860916137695,8634.55078125,30.942533493041992,43.43666458129883,74.38019561767578,268.8887634277344,-168.76849365234375
-1.678158164024353,16.639999389648438,1000.0,136.0,0.7375470995903015,0.020439855754375458,8.0,0.9982471466064453,0.9982471466064453,0.9982471466064453,0.0214182510972023,0.00013559999933931977,0.5060088038444519,2740000.0,-0.013902201317250729,0.007042785175144672,-0.10360454767942429,5.939488887786865,4.798078417778015,-15.334094047546387,8689.4970703125,32.11969757080078,22.803747177124023,54.92344665527344,364.1432189941406,806.2678833007812
-1.7502270936965942,14.720000267028809,1000.0,137.0,0.7296702265739441,0.021535295993089676,8.0,0.9992752075195312,0.9992752075195312,0.9992752075195312,0.020826729014515877,0.00013440000475384295,0.502040684223175,2760000.0,-0.011347156949341297,0.0025550443679094315,0.3344636857509613,2.7189218997955322,-3.220566987991333,-7.568745136260986,8746.470703125,33.42315673828125,23.52937126159668,56.95352554321289,351.16351318359375,1382.7353515625
-1.4142060279846191,19.299999237060547,1000.0,138.0,0.7247509956359863,0.02113747037947178,10.0,1.0021183490753174,1.0021183490753174,1.0021183490753174,0.02074608951807022,0.0001331999956164509,0.4996165633201599,2780000.0,-0.02009723149240017,-0.008750074543058872,0.30634695291519165,2.335036277770996,-0.38388562202453613,-8.517282485961914,8808.7705078125,32.65181350708008,29.62745475769043,62.279266357421875,321.1341552734375,275.9754638671875
-1.494553804397583,12.039999961853027,1000.0,139.0,0.7187404036521912,0.02120201289653778,13.0,1.0062252283096313,1.0062252283096313,1.0062252283096313,0.021541763097047806,0.0001320000010309741,0.49657511711120605,2800000.0,-0.018404629081487656,0.0016926024109125137,0.0805545374751091,3.102318048477173,0.7672817707061768,-12.013714790344238,8877.6396484375,30.897296905517578,37.951778411865234,68.84907531738281,290.490478515625,1242.1170654296875
-1.4169976711273193,14.020000457763672,1000.0,140.0,0.711884617805481,0.020205823704600334,9.0,1.001969337463379,1.001969337463379,1.001969337463379,0.020819490775465965,0.00013080000644549727,0.49318641424179077,2820000.0,-0.014970631338655949,0.003433997742831707,-0.19391657412052155,5.33787202835083,2.2355539798736572,-12.970877647399902,8935.912109375,30.902307510375977,27.348587036132812,58.250892639160156,343.3423767089844,1174.010986328125
-1.5688416957855225,13.199999809265137,1000.0,141.0,0.7158899903297424,0.02123592607676983,12.0,1.0037884712219238,1.0037884712219238,1.0037884712219238,0.021345706656575203,0.00012959999730810523,0.4953000843524933,2840000.0,-0.018950892612338066,-0.0039802612736821175,-0.12518122792243958,3.534740686416626,-1.803131341934204,-12.136768341064453,9003.1064453125,31.911380767822266,35.261844635009766,67.17322540283203,297.7376708984375,862.4434204101562
-1.4731591939926147,11.920000076293945,1000.0,142.0,0.7089815735816956,0.020237229764461517,9.0,0.9969671964645386,0.9969671964645386,0.9969671964645386,0.020978879183530807,0.00012840000272262841,0.49195894598960876,2860000.0,-0.014823737554252148,0.004127155058085918,-0.2197369635105133,2.5759739875793457,-0.9587666988372803,-10.857860565185547,9061.9853515625,31.967628479003906,26.889558792114258,58.85718536376953,339.8055725097656,906.046875
-1.5274325609207153,13.279999732971191,1000.0,143.0,0.7032456398010254,0.021121839061379433,10.0,1.0001863241195679,1.0001863241195679,1.0001863241195679,0.02059119939804077,0.00012719999358523637,0.48923906683921814,2880000.0,-0.018145501613616943,-0.0033217640593647957,0.05606328323483467,4.98266077041626,2.406686782836914,-15.616698265075684,9123.3095703125,32.6376953125,28.665632247924805,61.30332565307617,326.24658203125,627.6160888671875
-1.4780516624450684,9.920000076293945,1000.0,144.0,0.6922864317893982,0.021162673830986023,8.0,1.0002398490905762,1.0002398490905762,1.0002398490905762,0.020511899143457413,0.00012599999899975955,0.48387062549591064,2900000.0,-0.013805761002004147,0.004339740611612797,0.27499109506607056,1.4035004377365112,-3.5791603326797485,-5.092787265777588,9178.330078125,32.40024948120117,22.599092483520508,54.99934005737305,363.6407165527344,1564.21533203125
-1.4739503860473633,8.9399995803833,1000.0,145.0,0.6787099838256836,0.02199750393629074,6.0,1.000059723854065,1.000059723854065,1.000059723854065,0.020437190309166908,0.00012480000441428274,0.4772767722606659,2920000.0,-0.01072895061224699,0.0030768103897571564,0.21692143380641937,1.8917992115020752,0.48829877376556396,-6.73123836517334,9228.6025390625,32.884605407714844,17.369125366210938,50.25373077392578,397.9803771972656,1390.265869140625
-1.1821708679199219,6.380000114440918,1000.0,146.0,0.6827357411384583,0.02263081632554531,10.0,1.0043038129806519,1.0043038129806519,1.0043038129806519,0.021493632346391678,0.0001235999952768907,0.47925978899002075,2940000.0,-0.017276780679821968,-0.006547830067574978,-0.11682488024234772,1.6939976215362549,-0.1978015899658203,-6.492231845855713,9289.314453125,32.39712905883789,28.29535675048828,60.69248580932617,329.53009033203125,1349.28076171875
-1.1946313381195068,12.039999961853027,1000.0,147.0,0.7004363536834717,0.020241376012563705,10.0,1.0022242069244385,1.0022242069244385,1.0022242069244385,0.021048659458756447,0.00012240000069141388,0.48779094219207764,2960000.0,-0.017423352226614952,-0.000146571546792984,-0.10752198100090027,2.277791976928711,0.583794355392456,-9.205750465393066,9352.0283203125,34.206443786621094,28.48638343811035,62.69282913208008,319.0157470703125,1058.40576171875
-1.3566803932189941,11.279999732971191,1000.0,148.0,0.6989369988441467,0.020070772618055344,14.0,1.0063880681991577,1.0063880681991577,1.0063880681991577,0.020183946937322617,0.00012119999882997945,0.48696550726890564,2980000.0,-0.01547891367226839,0.0019444385543465614,0.11187087744474411,1.1897029876708984,-1.0880889892578125,-5.961593151092529,9426.4306640625,33.51693344116211,40.86637878417969,74.38331604003906,268.87750244140625,1113.561279296875
-1.5847641229629517,10.399999618530273,1000.0,149.0,0.690054178237915,0.02029346115887165,10.0,1.0045366287231445,1.0045366287231445,1.0045366287231445,0.02072392962872982,0.00011999999696854502,0.4826391339302063,3000000.0,-0.01060057245194912,0.004878341220319271,0.027528773993253708,0.6445697546005249,-0.5451332330703735,-3.646730899810791,9486.3232421875,29.97214126586914,29.899011611938477,59.87115478515625,334.0506896972656,1485.682861328125
-1.7915797233581543,5.28000020980835,1000.0,150.0,0.6861265301704407,0.020071784034371376,11.0,1.0055739879608154,1.0055739879608154,1.0055739879608154,0.021065901964902878,0.0001188000023830682,0.48075664043426514,3020000.0,-0.01443879958242178,-0.00383822713047266,-0.02976834587752819,0.9720311760902405,0.3274614214897156,-5.119383811950684,9550.62890625,30.66952133178711,33.61320114135742,64.28272247314453,311.1255798339844,1529.1722412109375
-1.7173057794570923,4.980000019073486,1000.0,151.0,0.6820945143699646,0.021405113860964775,11.0,1.0010600090026855,1.0010600090026855,1.0010600090026855,0.02110018953680992,0.00011760000052163377,0.4788699448108673,3040000.0,-0.016675062477588654,-0.002236262895166874,-0.06901539117097855,3.520256757736206,2.5482255816459656,-13.778778076171875,9612.6826171875,29.601329803466797,32.4312858581543,62.03357696533203,322.4060363769531,1007.8173217773438
-1.6971832513809204,3.680000066757202,1000.0,152.0,0.6776397824287415,0.02164505422115326,13.0,1.0046156644821167,1.0046156644821167,1.0046156644821167,0.0206865556538105,0.00011639999866019934,0.4767962098121643,3060000.0,-0.015545545145869255,0.0011295173317193985,-0.6774007081985474,0.6298489570617676,-2.8904078006744385,-1.183327317237854,9680.9140625,30.857454299926758,37.35449981689453,68.21195220947266,293.2037353515625,1717.909912109375
-1.4424376487731934,4.380000114440918,1000.0,153.0,0.6660832166671753,0.02045498602092266,11.0,1.002583384513855,1.002583384513855,1.002583384513855,0.02100372314453125,0.00011519999679876491,0.4713195860385895,3080000.0,-0.015661679208278656,-0.00011613406240940094,0.0562359020113945,1.8097662925720215,1.179917335510254,-6.475388526916504,9745.2001953125,32.84967803955078,31.41486358642578,64.26454162597656,311.213623046875,1452.031005859375
-1.5327831506729126,3.9000000953674316,1000.0,154.0,0.6593617796897888,0.021283414214849472,11.0,1.0030884742736816,1.0030884742736816,1.0030884742736816,0.020907847210764885,0.0001140000022132881,0.468231737613678,3100000.0,-0.017928369343280792,-0.0022666901350021362,0.1272095888853073,1.5350733995437622,-0.2746928930282593,-8.280244827270508,9811.3154296875,35.190547943115234,30.902698516845703,66.09324645996094,302.602783203125,1482.52734375
-1.5254309177398682,9.920000076293945,1000.0,155.0,0.6522731184959412,0.020182417705655098,14.0,1.0071287155151367,1.0071287155151367,1.0071287155151367,0.0205811969935894,0.00011280000035185367,0.4650598168373108,3120000.0,-0.020320171490311623,-0.0023918021470308304,0.2361932396888733,2.2097764015197754,0.6747030019760132,-6.997143745422363,9884.0087890625,31.62879753112793,41.0432243347168,72.6720199584961,275.2090759277344,529.9736938476562
-1.4729574918746948,10.819999694824219,1000.0,156.0,0.6448662877082825,0.022032547742128372,13.0,1.0045111179351807,1.0045111179351807,1.0045111179351807,0.020778022706508636,0.00011159999849041924,0.4614293873310089,3140000.0,-0.015939787030220032,0.004380384460091591,0.07760228216648102,0.6717221140861511,-1.5380542874336243,-3.332042932510376,9954.0078125,31.320173263549805,38.65752029418945,69.97769165039062,285.80535888671875,1085.6591796875
-1.4650089740753174,11.380000114440918,1000.0,157.0,0.6336008906364441,0.020388955250382423,12.0,1.0067023038864136,1.0067023038864136,1.0067023038864136,0.020784132182598114,0.00011039999662898481,0.4562288820743561,3160000.0,-0.019185157492756844,-0.003245370462536812,-0.06089625880122185,1.0309926271438599,0.35927051305770874,-6.1664509773254395,10018.537109375,28.877492904663086,35.62841796875,64.50591278076172,310.0491027832031,1312.4951171875
-1.5263395309448242,11.420000076293945,1000.0,158.0,0.6304665207862854,0.02023141458630562,14.0,1.0071192979812622,1.0071192979812622,1.0071192979812622,0.020718824118375778,0.00010920000204350799,0.45484036207199097,3180000.0,-0.01978468894958496,-0.0005995314568281174,0.13020415604114532,1.3414325714111328,0.31043994426727295,-6.326597213745117,10090.546875,30.663602828979492,41.3264045715332,71.99000549316406,277.81634521484375,561.6065063476562
-1.5339535474777222,9.65999984741211,1000.0,159.0,0.6223917603492737,0.020554903894662857,10.0,1.003139615058899,1.003139615058899,1.003139615058899,0.020333563908934593,0.00010800000018207356,0.4511704742908478,3200000.0,-0.01638919673860073,0.00339549221098423,-0.14611777663230896,1.3639717102050781,0.022539138793945312,-4.127917289733887,10148.9365234375,29.06890106201172,29.297792434692383,58.366695404052734,342.6611633300781,1552.136962890625
-1.5293021202087402,13.180000305175781,1000.0,160.0,0.6246633529663086,0.020023208111524582,15.0,1.006239652633667,1.006239652633667,1.006239652633667,0.020937815308570862,0.00010679999832063913,0.4521596133708954,3220000.0,-0.019497396424412727,-0.0031081996858119965,0.20828719437122345,3.317558765411377,1.9535870552062988,-8.502028465270996,10224.06640625,31.27456283569336,43.83501052856445,75.10957336425781,266.27764892578125,1084.10986328125
-1.3980169296264648,15.15999984741211,1000.0,161.0,0.632218062877655,0.020785709843039513,12.0,0.9988939166069031,0.9988939166069031,0.9988939166069031,0.020435621961951256,0.0001055999964592047,0.45560768246650696,3240000.0,-0.022782016545534134,-0.0032846201211214066,0.141671285033226,2.1550662517547607,-1.1624925136566162,-12.3905668258667,10290.5732421875,32.07758712768555,34.40723419189453,66.48482513427734,300.8205261230469,530.115966796875
-1.184903621673584,15.800000190734863,1000.0,162.0,0.6288228631019592,0.020537633448839188,14.0,1.0012900829315186,1.0012900829315186,1.0012900829315186,0.020302653312683105,0.00010440000187372789,0.4540906846523285,3260000.0,-0.022473596036434174,0.00030842050909996033,-0.013714239001274109,2.760099172592163,0.6050329208374023,-13.588820457458496,10365.9619140625,35.197208404541016,40.17017364501953,75.36737823486328,265.3667907714844,654.8766479492188
-1.1831480264663696,12.460000038146973,1000.0,163.0,0.6234193444252014,0.021109482273459435,12.0,1.003299593925476,1.003299593925476,1.003299593925476,0.020165275782346725,0.00010320000001229346,0.45167475938796997,3280000.0,-0.01895659603178501,0.0035170000046491623,-0.06025828421115875,0.9446093440055847,-1.8154898285865784,-3.979863166809082,10432.0673828125,31.177106857299805,34.905006408691406,66.08211517333984,302.65374755859375,1320.578857421875
-1.1359823942184448,10.020000457763672,1000.0,164.0,0.6074784994125366,0.02268061600625515,8.0,0.9989715814590454,0.9989715814590454,0.9989715814590454,0.021730998530983925,0.00010199999815085903,0.4445485770702362,3300000.0,-0.015039321966469288,0.003917274065315723,0.15518930554389954,1.1893447637557983,0.24473541975021362,-6.226698398590088,10485.19140625,29.20049285888672,23.902143478393555,53.10263442993164,376.629150390625,1578.364990234375
-1.2639204263687134,5.420000076293945,1000.0,165.0,0.591566264629364,0.020413748919963837,11.0,1.0037482976913452,1.0037482976913452,1.0037482976913452,0.02037380449473858,0.00010080000356538221,0.4374994933605194,3320000.0,-0.015168659389019012,-0.00012933742254972458,-0.16573354601860046,0.7465748190879822,-0.44276994466781616,-2.365584373474121,10547.5966796875,31.571239471435547,30.814611434936523,62.38584899902344,320.58551025390625,1392.7890625
-1.1995339393615723,5.960000038146973,1000.0,166.0,0.590486466884613,0.020601453259587288,15.0,1.0077135562896729,1.0077135562896729,1.0077135562896729,0.021557748317718506,9.960000170394778e-05,0.4369952976703644,3340000.0,-0.022781381383538246,-0.007612721994519234,-0.01789446920156479,0.7653831243515015,0.018808305263519287,-6.03066349029541,10622.2314453125,31.712770462036133,42.8994255065918,74.61219787597656,268.0527038574219,785.3260498046875
-1.3060663938522339,7.840000152587891,1000.0,167.0,0.58179771900177,0.022166956216096878,16.0,1.0056788921356201,1.0056788921356201,1.0056788921356201,0.020673958584666252,9.839999984251335e-05,0.43327030539512634,3360000.0,-0.02086973749101162,0.0019116438925266266,0.01827309839427471,1.7209010124206543,0.9555178880691528,-8.259476661682129,10703.0263671875,33.55071258544922,47.22114562988281,80.77185821533203,247.61099243164062,1083.6339111328125
-1.330122470855713,15.15999984741211,1000.0,168.0,0.5765337347984314,0.021965328603982925,16.0,1.0038387775421143,1.0038387775421143,1.0038387775421143,0.02170020155608654,9.719999798107892e-05,0.43088650703430176,3380000.0,-0.021221430972218513,-0.0003516934812068939,-0.03796527534723282,3.9792141914367676,2.2583131790161133,-11.651324272155762,10781.2763671875,30.206235885620117,48.01878356933594,78.22502136230469,255.67266845703125,502.32080078125
-1.3004108667373657,13.140000343322754,1000.0,169.0,0.565828263759613,0.021570006385445595,12.0,1.0025904178619385,1.0025904178619385,1.0025904178619385,0.02121257595717907,9.600000339560211e-05,0.4262929856777191,3400000.0,-0.017563676461577415,0.003657754510641098,0.15291567146778107,3.338068723678589,-0.6411454677581787,-8.731215476989746,10845.8662109375,29.53833770751953,35.028648376464844,64.56698608398438,309.7558288574219,1281.528564453125
-1.3311676979064941,16.440000534057617,1000.0,170.0,0.5608018040657043,0.020113693550229073,11.0,0.9995954036712646,0.9995954036712646,0.9995954036712646,0.02078593522310257,9.480000153416768e-05,0.42421942949295044,3420000.0,-0.021851060912013054,-0.004287384450435638,-0.4296550452709198,5.731956481933594,2.393887758255005,-15.057303428649902,10909.6064453125,31.245681762695312,32.4744987487793,63.72018051147461,313.872314453125,798.8135986328125
-1.2458384037017822,17.600000381469727,1000.0,171.0,0.5600413680076599,0.021545376628637314,17.0,1.0038565397262573,1.0038565397262573,1.0038565397262573,0.020354628562927246,9.359999967273325e-05,0.42397984862327576,3440000.0,-0.023056339472532272,-0.0012052785605192184,0.23608314990997314,1.9668684005737305,-3.7650880813598633,-11.65496826171875,10990.20703125,30.18537139892578,50.39342498779297,80.57879638671875,248.20425415039062,562.3244018554688
-1.4201263189315796,14.859999656677246,1000.0,172.0,0.5463772416114807,0.022883784025907516,18.0,1.0107604265213013,1.0107604265213013,1.0107604265213013,0.021320853382349014,9.239999781129882e-05,0.41817253828048706,3460000.0,-0.02037276327610016,0.0026835761964321136,0.13354311883449554,1.9072380065917969,-0.059630393981933594,-8.267683029174805,11073.3828125,30.390165328979492,52.76097869873047,83.1511459350586,240.52584838867188,214.27459716796875
-1.5726003646850586,16.200000762939453,1000.0,173.0,0.5352489352226257,0.021448025479912758,12.0,1.0023577213287354,1.0023577213287354,1.0023577213287354,0.02099374495446682,9.1200003225822e-05,0.41354140639305115,3480000.0,-0.022851794958114624,-0.0024790316820144653,0.09214846789836884,4.738856315612793,2.831618309020996,-17.102188110351562,11140.6796875,32.059539794921875,35.21248245239258,67.27202606201172,297.3004150390625,850.2236938476562
-1.484604835510254,11.300000190734863,1000.0,174.0,0.5200781226158142,0.020958421751856804,13.0,0.9998149275779724,0.9998149275779724,0.9998149275779724,0.01867930218577385,9.000000136438757e-05,0.40741127729415894,3500000.0,-0.015811894088983536,0.007039900869131088,0.03727836534380913,0.6000667810440063,-4.138789534568787,-1.5149710178375244,11209.7490234375,30.331092834472656,38.71609878540039,69.04718780517578,289.656982421875,1584.41748046875
-1.463248610496521,8.5,1000.0,175.0,0.5083994269371033,0.020037861540913582,11.0,1.0043699741363525,1.0043699741363525,1.0043699741363525,0.021019596606492996,8.879999950295314e-05,0.40273037552833557,3520000.0,-0.01798117160797119,-0.0021692775189876556,-0.05065244063735008,2.749481678009033,2.149414896965027,-9.436779975891113,11272.150390625,29.1072998046875,33.27144241333008,62.378746032714844,320.6220397949219,966.1860961914062
-1.5190757513046265,10.0,1000.0,176.0,0.5125935077667236,0.02037922292947769,16.0,1.0038492679595947,1.0038492679595947,1.0038492679595947,0.021057510748505592,8.759999764151871e-05,0.40440547466278076,3540000.0,-0.02032480761408806,-0.002343636006116867,0.029676731675863266,1.2910971641540527,-1.4583845138549805,-7.059338092803955,11349.75390625,29.35506248474121,48.22612762451172,77.58119201660156,257.7944641113281,780.7528686523438
-1.5669763088226318,11.539999961853027,1000.0,177.0,0.5077815651893616,0.020283518359065056,11.0,1.0025216341018677,1.0025216341018677,1.0025216341018677,0.02220343053340912,8.64000030560419e-05,0.4024662673473358,3560000.0,-0.018946707248687744,0.0013781003654003143,-0.13658586144447327,2.5421717166900635,1.2510745525360107,-8.177783966064453,11413.234375,30.937349319458008,32.519832611083984,63.457183837890625,315.17315673828125,1239.6187744140625
-1.5160962343215942,12.779999732971191,1000.0,178.0,0.49206188321113586,0.020239416509866714,9.0,0.9999808669090271,0.9999808669090271,0.9999808669090271,0.02028925158083439,8.520000119460747e-05,0.3961912989616394,3580000.0,-0.015323476865887642,0.0036232303828001022,-0.06655462086200714,1.5571950674057007,-0.9849766492843628,-9.482470512390137,11469.5224609375,29.499977111816406,26.767066955566406,56.26704406738281,355.4478454589844,787.2527465820312
-1.2543959617614746,12.239999771118164,1000.0,179.0,0.48076140880584717,0.02004156820476055,14.0,1.0040714740753174,1.0040714740753174,1.0040714740753174,0.020590223371982574,8.399999933317304e-05,0.3917725086212158,3600000.0,-0.01903313584625721,-0.003709658980369568,0.20959536731243134,2.5117874145507812,0.9545923471450806,-13.616584777832031,11542.3876953125,31.486175537109375,41.35874938964844,72.84492492675781,274.55584716796875,585.2296142578125
-1.349852442741394,11.5600004196167,1000.0,180.0,0.47530344128608704,0.02137245610356331,11.0,1.0052651166915894,1.0052651166915894,1.0052651166915894,0.020281802862882614,8.27999974717386e-05,0.3896424472332001,3620000.0,-0.017542263492941856,0.0014908723533153534,0.13553301990032196,1.324072241783142,-1.1877151727676392,-4.6484503746032715,11603.3798828125,28.880868911743164,32.09052276611328,60.97138977050781,328.022705078125,1293.5721435546875
-1.260673999786377,11.15999984741211,1000.0,181.0,0.4716918170452118,0.020249109715223312,11.0,1.0015074014663696,1.0015074014663696,1.0015074014663696,0.021218666806817055,8.160000288626179e-05,0.3882368206977844,3640000.0,-0.014165421016514301,0.003376842476427555,0.022668926045298576,1.9637432098388672,0.6396709680557251,-4.058291912078857,11666.0439453125,31.040199279785156,31.602407455444336,62.642608642578125,319.2715148925781,1479.50048828125
-1.4477417469024658,10.260000228881836,1000.0,182.0,0.4703555703163147,0.020125892013311386,15.0,1.0058964490890503,1.0058964490890503,1.0058964490890503,0.0201510451734066,8.040000102482736e-05,0.3877587616443634,3660000.0,-0.020131226629018784,-0.005965805612504482,0.049216605722904205,1.787829875946045,-0.17591333389282227,-7.7897419929504395,11741.1572265625,31.10034942626953,43.992637634277344,75.09298706054688,266.3364562988281,530.7703857421875
-1.6170729398727417,9.359999656677246,1000.0,183.0,0.4605659246444702,0.020998774096369743,18.0,1.0092705488204956,1.0092705488204956,1.0092705488204956,0.0208495631814003,7.919999916339293e-05,0.3839556872844696,3680000.0,-0.023671910166740417,-0.003540683537721634,-0.022361300885677338,0.6871930956840515,-1.1006367802619934,-4.2354607582092285,11824.703125,29.525772094726562,53.996829986572266,83.5226058959961,239.45614624023438,1167.1683349609375
-1.4148445129394531,14.420000076293945,1000.0,184.0,0.45610108971595764,0.020505182445049286,16.0,1.0063990354537964,1.0063990354537964,1.0063990354537964,0.020443785935640335,7.79999973019585e-05,0.3821943402290344,3700000.0,-0.023711945861577988,-4.003569483757019e-05,-0.25045856833457947,1.7648026943206787,1.0776095986366272,-10.792669296264648,11900.2373046875,27.407291412353516,48.104068756103516,75.51136016845703,264.8608093261719,513.36083984375
-1.3879939317703247,14.140000343322754,1000.0,185.0,0.4548812508583069,0.021395886316895485,12.0,1.0006293058395386,1.0006293058395386,1.0006293058395386,0.019239868968725204,7.680000271648169e-05,0.3817354738712311,3720000.0,-0.021169614046812057,0.00254233181476593,0.28885093331336975,2.3719875812530518,0.607184886932373,-11.041400909423828,11964.775390625,29.394760131835938,35.12091064453125,64.51567077636719,310.002197265625,403.908447265625
-1.1087286472320557,15.579999923706055,1000.0,186.0,0.4548737108707428,0.02000739611685276,16.0,1.0082279443740845,1.0082279443740845,1.0082279443740845,0.02036500908434391,7.560000085504726e-05,0.38163790106773376,3740000.0,-0.0180395245552063,0.0031300894916057587,0.33374157547950745,1.0422778129577637,-1.329709768295288,-4.78466272354126,12042.0517578125,30.66738510131836,46.587196350097656,77.25458526611328,258.8843078613281,915.0174560546875
-1.0985093116760254,16.15999984741211,1000.0,187.0,0.45573458075523376,0.02086971327662468,15.0,1.0002543926239014,1.0002543926239014,1.0002543926239014,0.020350459963083267,7.439999899361283e-05,0.3818797171115875,3760000.0,-0.026130154728889465,-0.008090630173683167,0.1183365061879158,1.3276408910751343,0.2853630781173706,-6.2918171882629395,12117.7646484375,31.863725662231445,43.827362060546875,75.69108581542969,264.2319030761719,539.0926513671875
-1.3443835973739624,11.520000457763672,1000.0,188.0,0.44348955154418945,0.020414387807250023,12.0,1.0002824068069458,1.0002824068069458,1.0002824068069458,0.020263763144612312,7.31999971321784e-05,0.3772159814834595,3780000.0,-0.017322411760687828,0.008807742968201637,0.2042253166437149,0.9954717755317688,-0.3321691155433655,-3.4371891021728516,12183.7451171875,30.531734466552734,35.42638397216797,65.95811462402344,303.22271728515625,1444.99169921875
-1.484716534614563,9.84000015258789,1000.0,189.0,0.42441514134407043,0.020915307104587555,13.0,0.9971766471862793,0.9971766471862793,0.9971766471862793,0.02000555954873562,7.200000254670158e-05,0.3701125979423523,3800000.0,-0.016838975250720978,0.0004834365099668503,-0.22164711356163025,0.7343928217887878,-0.26107895374298096,-3.0381274223327637,12252.8984375,31.420255661010742,37.71208572387695,69.13233947753906,289.3002014160156,1544.768310546875
-1.7268322706222534,5.159999847412109,1000.0,190.0,0.4154726564884186,0.020081013441085815,16.0,1.0043846368789673,1.0043846368789673,1.0043846368789673,0.02065853774547577,7.080000068526715e-05,0.366787314414978,3820000.0,-0.019119752570986748,-0.00228077732026577,-0.02038203552365303,0.8224595785140991,0.08806675672531128,-5.5471320152282715,12329.2744140625,30.41444969177246,45.93994903564453,76.35440063476562,261.93646240234375,1188.77685546875
-1.5385596752166748,9.15999984741211,1000.0,191.0,0.41431358456611633,0.02068842388689518,18.0,1.0050311088562012,1.0050311088562012,1.0050311088562012,0.020979201421141624,6.959999882383272e-05,0.3664311468601227,3840000.0,-0.023963255807757378,-0.00484350323677063,-0.26451271772384644,2.0913379192352295,1.2688783407211304,-11.180795669555664,12413.1728515625,30.945125579833984,52.929996490478516,83.8751220703125,238.44972229003906,917.3239135742188
-1.4761677980422974,12.220000267028809,1000.0,192.0,0.4142400920391083,0.02011212892830372,13.0,1.0016348361968994,1.0016348361968994,1.0016348361968994,0.019750729203224182,6.839999696239829e-05,0.36643341183662415,3860000.0,-0.02160373516380787,0.0023595206439495087,-0.11596105247735977,0.7756997346878052,-1.3156381845474243,-3.8715643882751465,12480.3134765625,27.355304718017578,39.760135650634766,67.11544036865234,297.9940185546875,1169.734375
-1.5233278274536133,13.720000267028809,1000.0,193.0,0.409612238407135,0.02114715240895748,18.0,1.0046610832214355,1.0046610832214355,1.0046610832214355,0.020464062690734863,6.720000237692147e-05,0.3647547960281372,3880000.0,-0.022976554930210114,-0.0013728197664022446,0.13488583266735077,1.078382134437561,0.30268239974975586,-5.109218597412109,12560.529296875,27.89944076538086,52.295745849609375,80.19518280029297,249.3915252685547,964.4951171875
-1.6687246561050415,10.819999694824219,1000.0,194.0,0.40010640025138855,0.02108398824930191,10.0,0.9973456263542175,0.9973456263542175,0.9973456263542175,0.02066456712782383,6.600000051548705e-05,0.3613246977329254,3900000.0,-0.01381746493279934,0.009159089997410774,-0.13828212022781372,3.2501637935638428,2.1717816591262817,-5.978576183319092,12621.849609375,31.703779220581055,29.593036651611328,61.29681396484375,326.2812194824219,1343.3818359375
-1.7661900520324707,6.5,1000.0,195.0,0.40027058124542236,0.020091451704502106,20.0,1.00981605052948,1.00981605052948,1.00981605052948,0.021437548100948334,6.479999865405262e-05,0.36139941215515137,3920000.0,-0.019072167575359344,-0.005254702642560005,-0.03254302591085434,0.6126875877380371,-2.6374762058258057,-2.720184803009033,12709.9072265625,29.76245880126953,58.27581787109375,88.03827667236328,227.17391967773438,1580.557373046875
-1.855057954788208,8.279999732971191,1000.0,196.0,0.4046146273612976,0.020949430763721466,19.0,1.0079666376113892,1.0079666376113892,1.0079666376113892,0.020553316920995712,6.359999679261819e-05,0.3630634546279907,3940000.0,-0.022195547819137573,-0.0031233802437782288,0.0027100853621959686,1.0398799180984497,0.4271923303604126,-6.118156433105469,12794.99609375,29.712846755981445,55.350311279296875,85.06315612792969,235.11941528320312,670.6102905273438
-1.7880103588104248,7.639999866485596,1000.0,197.0,0.4016250967979431,0.02071250043809414,18.0,1.0081431865692139,1.0081431865692139,1.0081431865692139,0.02065061777830124,6.240000220714137e-05,0.36200016736984253,3960000.0,-0.022486284375190735,-0.0002907365560531616,0.05856841057538986,0.505271315574646,-0.5346086025238037,-3.5194504261016846,12879.0322265625,31.879037857055664,52.13241195678711,84.0114517211914,238.0627899169922,1417.8251953125
-1.599532127380371,7.840000152587891,1000.0,198.0,0.38860923051834106,0.02051655203104019,15.0,0.994149386882782,0.994149386882782,0.994149386882782,0.020784998312592506,6.120000034570694e-05,0.35741013288497925,3980000.0,-0.018942754715681076,0.003543529659509659,0.23748260736465454,0.3965626060962677,-0.1087087094783783,-1.2195298671722412,12951.7109375,29.659591674804688,42.994415283203125,72.65400695800781,275.2773132324219,1521.5943603515625
-1.273739218711853,5.119999885559082,1000.0,199.0,0.37840375304222107,0.020246783271431923,27.0,1.0134680271148682,1.0134680271148682,1.0134680271148682,0.021215368062257767,5.999999848427251e-05,0.35389676690101624,4000000.0,-0.02607540786266327,-0.007132653146982193,-0.16637009382247925,1.4785374402999878,1.08197483420372,-6.943312644958496,13062.162109375,30.90392303466797,79.52361297607422,110.42753601074219,181.11424255371094,956.6189575195312
-1.3301997184753418,5.78000020980835,1000.0,200.0,0.35621654987335205,0.020399853587150574,16.0,0.9984514713287354,0.9984514713287354,0.9984514713287354,0.01874874159693718,5.880000026081689e-05,0.3461766541004181,4020000.0,-0.01710398867726326,0.00897141918540001,-0.08639347553253174,0.4757438004016876,-1.0027936398983002,-1.0496753454208374,13137.607421875,29.23334312438965,46.186241149902344,75.41958618164062,265.18310546875,1581.450927734375
-1.238145112991333,10.720000267028809,1000.0,201.0,0.3384234309196472,0.020767245441675186,15.0,1.0008045434951782,1.0008045434951782,1.0008045434951782,0.020112380385398865,5.759999839938246e-05,0.3399948477745056,4040000.0,-0.029348747804760933,-0.012244759127497673,0.04540864750742912,1.0297709703445435,0.5540271699428558,-7.377710342407227,13211.5576171875,30.394689559936523,43.531795501708984,73.927490234375,270.5353698730469,653.3026733398438
-1.449004054069519,9.65999984741211,1000.0,202.0,0.33239737153053284,0.02136898785829544,19.0,1.0052852630615234,1.0052852630615234,1.0052852630615234,0.02022031880915165,5.6400000175926834e-05,0.3378536105155945,4060000.0,-0.02260226383805275,0.006746483966708183,0.021578408777713776,0.6858369708061218,-0.34393399953842163,-5.147663593292236,13295.33984375,28.927614212036133,54.831302642822266,83.75991821289062,238.77769470214844,1109.4144287109375
-1.6915156841278076,10.539999961853027,1000.0,203.0,0.31674936413764954,0.020692281424999237,16.0,0.993919312953949,0.993919312953949,0.993919312953949,0.01994187943637371,5.5199998314492404e-05,0.3325560986995697,4080000.0,-0.02289942093193531,-0.00029715709388256073,0.1989402323961258,0.9150180816650391,0.22918111085891724,-6.636321067810059,13371.3623046875,30.02186393737793,45.975669860839844,75.9975357055664,263.16644287109375,1193.8533935546875
-1.664300799369812,8.4399995803833,1000.0,204.0,0.30773431062698364,0.020074762403964996,25.0,1.0126891136169434,1.0126891136169434,1.0126891136169434,0.019978681579232216,5.400000009103678e-05,0.32961517572402954,4100000.0,-0.019236033782362938,0.0036633871495723724,-0.10639749467372894,0.7830157279968262,-0.1320023536682129,-2.5231568813323975,13473.9306640625,30.022727966308594,72.52224731445312,102.54497528076172,195.036376953125,1505.30029296875
-1.6037240028381348,9.84000015258789,1000.0,205.0,0.3054291903972626,0.020635785534977913,21.0,1.0058860778808594,1.0058860778808594,1.0058860778808594,0.01960662007331848,5.279999822960235e-05,0.328816682100296,4120000.0,-0.029044467955827713,-0.009808434173464775,0.07058282196521759,0.8547448515892029,0.07172912359237671,-5.897360801696777,13562.400390625,27.951889038085938,60.49047088623047,88.4423599243164,226.135986328125,217.72445678710938
-1.3921754360198975,8.619999885559082,1000.0,206.0,0.3082055151462555,0.021190593019127846,25.0,1.0065683126449585,1.0065683126449585,1.0065683126449585,0.02016041800379753,5.160000000614673e-05,0.3297406733036041,4140000.0,-0.024163685739040375,0.004880782216787338,0.03871826082468033,1.071988582611084,0.2172437310218811,-4.201442718505859,13663.7353515625,29.100845336914062,72.20864868164062,101.30949401855469,197.4148712158203,1427.8489990234375
-1.471733570098877,9.979999542236328,1000.0,207.0,0.3061225712299347,0.020706593990325928,28.0,1.0077561140060425,1.0077561140060425,1.0077561140060425,0.020884601399302483,5.0400001782691106e-05,0.329098105430603,4160000.0,-0.028634298592805862,-0.004470612853765488,0.1814049631357193,1.214555263519287,0.14256668090820312,-3.994082450866699,13773.2021484375,29.188255310058594,80.25247955322266,109.44073486328125,182.747314453125,1257.998291015625
-1.5681560039520264,8.84000015258789,1000.0,208.0,0.3057508170604706,0.020553523674607277,23.0,1.0052767992019653,1.0052767992019653,1.0052767992019653,0.019094938412308693,4.9199999921256676e-05,0.3289306163787842,4180000.0,-0.02814050205051899,0.0004937965422868729,-0.18053990602493286,0.5349682569503784,-0.6795870065689087,-2.872941732406616,13867.9482421875,29.373489379882812,65.34468841552734,94.71917724609375,211.1504669189453,616.9931640625
-1.739237666130066,10.140000343322754,1000.0,209.0,0.3084513247013092,0.020243557170033455,24.0,1.0056571960449219,1.0056571960449219,1.0056571960449219,0.020502332597970963,4.8000001697801054e-05,0.3298978805541992,4200000.0,-0.028963657096028328,-0.0008231550455093384,-0.3238893747329712,0.47960165143013,-0.05536660552024841,-4.889872074127197,13968.3388671875,30.375463485717773,69.98912048339844,100.36458587646484,199.2734832763672,1088.8057861328125
-1.661566138267517,12.619999885559082,1000.0,210.0,0.30205947160720825,0.020047781988978386,20.0,1.0076314210891724,1.0076314210891724,1.0076314210891724,0.019429435953497887,4.6799999836366624e-05,0.3277730345726013,4220000.0,-0.025305943563580513,0.003657713532447815,0.3055674135684967,0.39761385321617126,-0.08198779821395874,-2.1597962379455566,14055.9326171875,27.434473037719727,60.133663177490234,87.5681381225586,228.39356994628906,779.83544921875
-1.502740502357483,14.180000305175781,1000.0,211.0,0.2941186726093292,0.02017904818058014,21.0,1.0015461444854736,1.0015461444854736,1.0015461444854736,0.019967852160334587,4.5600001612911e-05,0.32512593269348145,4240000.0,-0.03191309794783592,-0.006607154384255409,-0.007327773608267307,1.251089334487915,0.8534754812717438,-11.581570625305176,14145.826171875,28.989938735961914,60.8770866394043,89.86803436279297,222.5485382080078,385.79534912109375
-1.582534909248352,14.600000381469727,1000.0,212.0,0.2844092845916748,0.020535901188850403,21.0,1.0045784711837769,1.0045784711837769,1.0045784711837769,0.01967235654592514,4.439999975147657e-05,0.322048157453537,4260000.0,-0.020923877134919167,0.010989220812916756,-0.06746961176395416,1.1266323328018188,-0.12445700168609619,-5.16366720199585,14234.8955078125,28.47549819946289,60.569271087646484,89.04476928710938,224.6061248779297,1469.351318359375
-1.3362394571304321,14.359999656677246,1000.0,213.0,0.27239561080932617,0.020277591422200203,27.0,1.0092931985855103,1.0092931985855103,1.0092931985855103,0.02004098892211914,4.320000152802095e-05,0.3182324171066284,4280000.0,-0.020130209624767303,0.0007936675101518631,-0.16398899257183075,0.9432198405265808,-0.18341249227523804,-5.754053592681885,14341.6103515625,28.5075740814209,78.18191528320312,106.68949127197266,187.45989990234375,1256.839599609375
-1.5828355550765991,8.619999885559082,1000.0,214.0,0.2766980528831482,0.02055228501558304,28.0,1.0057005882263184,1.0057005882263184,1.0057005882263184,0.020224669948220253,4.199999966658652e-05,0.31972813606262207,4300000.0,-0.03139635547995567,-0.01126614585518837,0.03123275190591812,0.5887376070022583,-0.3544822335243225,-2.1600749492645264,14451.68359375,28.759897232055664,81.2867202758789,110.04661560058594,181.7411651611328,684.0264892578125
-1.3814467191696167,9.760000228881836,1000.0,215.0,0.2761082351207733,0.02072123810648918,17.0,1.000631332397461,1.000631332397461,1.000631332397461,0.020373065024614334,4.0800001443130895e-05,0.3196522891521454,4320000.0,-0.022710630670189857,0.008685724809765816,0.08417622745037079,1.0337313413619995,0.4449937343597412,-5.721217155456543,14528.8046875,28.375137329101562,48.719696044921875,77.09483337402344,259.4207458496094,1322.6011962890625
-1.5565457344055176,10.260000228881836,1000.0,216.0,0.270906537771225,0.0200666356831789,20.0,1.005261778831482,1.005261778831482,1.005261778831482,0.02058979496359825,3.9599999581696466e-05,0.3180064558982849,4340000.0,-0.02298048697412014,-0.0002698563039302826,-0.4167221188545227,0.747522234916687,-0.2862091064453125,-4.792123794555664,14616.3935546875,30.291452407836914,57.2711067199707,87.56256103515625,228.4081268310547,1198.6353759765625
-1.4855332374572754,4.679999828338623,1000.0,217.0,0.2541513741016388,0.02004038356244564,29.0,1.0082372426986694,1.0082372426986694,1.0082372426986694,0.019218038767576218,3.840000135824084e-05,0.312717080116272,4360000.0,-0.020457062870264053,0.0025234241038560867,-0.07462906837463379,0.28681299090385437,-0.46070924401283264,-1.5873210430145264,14728.49609375,28.498123168945312,83.58073425292969,112.0798568725586,178.44419860839844,1717.909912109375
-1.4785466194152832,7.260000228881836,1000.0,218.0,0.24193274974822998,0.020421994850039482,26.0,1.0036157369613647,1.0036157369613647,1.0036157369613647,0.01987907662987709,3.719999949680641e-05,0.30883729457855225,4380000.0,-0.03021855279803276,-0.009761489927768707,0.044184714555740356,0.7044143676757812,0.4176013767719269,-5.305311679840088,14831.2705078125,27.944717407226562,74.80192565917969,102.74664306640625,194.653564453125,1006.6171875
-1.5468268394470215,6.119999885559082,1000.0,219.0,0.2423919290304184,0.020105231553316116,32.0,1.0105223655700684,1.0105223655700684,1.0105223655700684,0.020773807540535927,3.600000127335079e-05,0.3089402914047241,4400000.0,-0.028235090896487236,0.0019834619015455246,-0.003682428039610386,0.4966505765914917,-0.20776379108428955,-4.167145252227783,14951.1005859375,28.083389282226562,91.71903991699219,119.80242919921875,166.9415283203125,1100.803466796875
-1.7437254190444946,7.0,1000.0,220.0,0.24182994663715363,0.01962677203118801,40.0,1.0146952867507935,1.0146952867507935,1.0146952867507935,0.021085835993289948,3.479999941191636e-05,0.30876225233078003,4420000.0,-0.02192969061434269,0.0063054002821445465,-0.0749150812625885,0.3572085499763489,-0.13944202661514282,-2.601823329925537,15094.0712890625,27.871173858642578,115.07027435302734,142.9414520263672,139.9174346923828,1526.429443359375
-1.813165307044983,8.239999771118164,1000.0,221.0,0.23914092779159546,0.021076809614896774,34.0,1.011728286743164,1.011728286743164,1.011728286743164,0.02127980627119541,3.360000118846074e-05,0.3078576624393463,4440000.0,-0.027395159006118774,-0.005465468391776085,0.0958280935883522,0.6056069135665894,0.24839836359024048,-4.642638683319092,15221.091796875,29.441822052001953,97.54524230957031,126.98706817626953,157.49635314941406,1300.455078125
-1.6735531091690063,8.699999809265137,1000.0,222.0,0.23261594772338867,0.02003977634012699,31.0,1.0029151439666748,1.0029151439666748,1.0029151439666748,0.019569016993045807,3.239999932702631e-05,0.3058284819126129,4460000.0,-0.030485540628433228,-0.003090381622314453,-0.055078089237213135,1.438353419303894,0.8327465057373047,-11.043392181396484,15338.716796875,28.692136764526367,88.9034423828125,117.5955810546875,170.0744171142578,426.5352783203125
-1.4041802883148193,12.520000457763672,1000.0,223.0,0.2302381545305252,0.01957935094833374,40.0,1.0062291622161865,1.0062291622161865,1.0062291622161865,0.019796261563897133,3.1200001103570685e-05,0.30516377091407776,4480000.0,-0.027252132073044777,0.0032334085553884506,0.11291201412677765,0.9864395260810852,-0.45191389322280884,-6.857098579406738,15481.7451171875,29.26034927368164,113.73971557617188,143.00006103515625,139.86007690429688,1157.69482421875
-1.2893580198287964,17.0,1000.0,224.0,0.21955877542495728,0.020288776606321335,36.0,1.0033783912658691,1.0033783912658691,1.0033783912658691,0.018851295113563538,2.9999999242136255e-05,0.3020480275154114,4500000.0,-0.02489250712096691,0.0023596249520778656,0.05816548317670822,3.79543399810791,2.808994472026825,-11.879743576049805,15612.4423828125,27.305511474609375,103.3601303100586,130.66567993164062,153.0623779296875,900.0889282226562
-1.371352195739746,14.779999732971191,1000.0,225.0,0.20521341264247894,0.02006174810230732,34.0,1.005000352859497,1.005000352859497,1.005000352859497,0.018880652263760567,2.879999919969123e-05,0.29795968532562256,4520000.0,-0.027985697612166405,-0.0030931904911994934,0.5064681172370911,1.0411609411239624,-2.7542730569839478,-6.401436805725098,15737.9873046875,28.017166137695312,97.49628448486328,125.5134506225586,159.34547424316406,1082.3721923828125
-1.4779983758926392,8.859999656677246,1000.0,226.0,0.17596472799777985,0.020105935633182526,34.0,0.9969956278800964,0.9969956278800964,0.9969956278800964,0.01915350742638111,2.7599999157246202e-05,0.28950777649879456,4540000.0,-0.028028439730405807,-4.274211823940277e-05,-0.2120283991098404,0.33041101694107056,-0.7107499241828918,-1.1224853992462158,15863.908203125,29.23480987548828,96.65629577636719,125.89110565185547,158.86746215820312,1673.15869140625
-1.500857949256897,3.440000057220459,1000.0,227.0,0.16736984252929688,0.017491253092885017,40.0,1.0120397806167603,1.0120397806167603,1.0120397806167603,0.019909126684069633,2.6399999114801176e-05,0.28696998953819275,4560000.0,-0.02490687184035778,0.003121567890048027,-0.23279480636119843,0.2775465250015259,-0.05286449193954468,-1.9255177974700928,16007.7216796875,29.24151611328125,114.54182434082031,143.78334045410156,139.09817504882812,1500.8525390625
-1.4181057214736938,5.5,1000.0,228.0,0.1679048389196396,0.020271340385079384,37.0,1.0077760219573975,1.0077760219573975,1.0077760219573975,0.01981320045888424,2.5200000891345553e-05,0.28709161281585693,4580000.0,-0.032548725605010986,-0.007641853764653206,-0.10761519521474838,0.45483821630477905,0.17729169130325317,-3.539870262145996,16144.2353515625,30.386323928833008,106.09625244140625,136.48257446289062,146.53884887695312,1075.9700927734375
-1.4788000583648682,7.199999809265137,1000.0,229.0,0.17404238879680634,0.01851341314613819,40.0,1.0100466012954712,1.0100466012954712,1.0100466012954712,0.020088763907551765,2.4000000848900527e-05,0.2888498604297638,4600000.0,-0.024464024230837822,0.008084701374173164,-0.1670890748500824,0.49270913004875183,0.03787091374397278,-3.076385974884033,16288.427734375,29.79324722290039,114.36780548095703,144.1610565185547,138.73373413085938,1368.2978515625
-1.4967176914215088,8.0600004196167,1000.0,230.0,0.1745067685842514,0.01796667091548443,40.0,1.0125950574874878,1.0125950574874878,1.0125950574874878,0.019638393074274063,2.28000008064555e-05,0.2890532314777374,4620000.0,-0.025129739195108414,-0.0006657149642705917,-0.058504827320575714,0.2610069513320923,-0.23170217871665955,-2.1031997203826904,16430.6875,29.0283145904541,113.19595336914062,142.22427368164062,140.6229705810547,1359.874267578125
-1.3767982721328735,8.65999984741211,1000.0,231.0,0.17317348718643188,0.018485380336642265,40.0,1.0029698610305786,1.0029698610305786,1.0029698610305786,0.01865614391863346,2.1600000764010474e-05,0.28870946168899536,4640000.0,-0.03305212780833244,-0.00792238861322403,0.027334587648510933,0.9792243242263794,0.7182173728942871,-8.099531173706055,16575.1953125,30.623106002807617,113.85210418701172,144.47520446777344,138.4320526123047,555.900146484375
-1.373449683189392,14.619999885559082,1000.0,232.0,0.17194439470767975,0.016529522836208344,40.0,1.0071941614151,1.0071941614151,1.0071941614151,0.018470710143446922,2.0400000721565448e-05,0.28827938437461853,4660000.0,-0.029808463528752327,0.0032436642795801163,0.04745437204837799,1.6410839557647705,0.6618596315383911,-7.411830425262451,16716.232421875,27.01934814453125,113.98760223388672,141.00694274902344,141.8369903564453,366.7353515625
-1.2569009065628052,16.979999542236328,1000.0,233.0,0.16979093849658966,0.017851492390036583,40.0,1.007447600364685,1.007447600364685,1.007447600364685,0.018727049231529236,1.920000067912042e-05,0.28767192363739014,4680000.0,-0.02945723570883274,0.0003512278199195862,0.5526098012924194,0.8177834153175354,-0.8233005404472351,-5.1052069664001465,16869.033203125,29.71204948425293,123.05538177490234,152.76742553710938,130.91795349121094,851.7108154296875
-1.3878352642059326,14.140000343322754,1000.0,234.0,0.17479678988456726,0.013299011625349522,40.0,1.009531021118164,1.009531021118164,1.009531021118164,0.01728086918592453,1.8000000636675395e-05,0.28917384147644043,4700000.0,-0.02275254763662815,0.00670468807220459,-0.41887179017066956,0.3203999996185303,-0.4973834156990051,-1.4289262294769287,17021.435546875,29.080459594726562,123.28812408447266,152.3685760498047,131.26065063476562,1453.12158203125
-1.2556415796279907,8.4399995803833,1000.0,235.0,0.17956313490867615,0.015603954903781414,40.0,1.0070499181747437,1.0070499181747437,1.0070499181747437,0.018177540972828865,1.680000059423037e-05,0.2905592620372772,4720000.0,-0.03063737414777279,-0.007884826511144638,-0.20881251990795135,0.4442814290523529,0.12388142943382263,-4.233036041259766,17175.166015625,30.379783630371094,123.31613159179688,153.6959228515625,130.1270751953125,1126.072021484375
-1.3048025369644165,9.5600004196167,1000.0,236.0,0.1809798926115036,0.017451835796236992,40.0,1.0036931037902832,1.0036931037902832,1.0036931037902832,0.01771765761077404,1.5600000551785342e-05,0.2910148799419403,4740000.0,-0.0303243026137352,0.00031307153403759,-0.049896854907274246,0.6831234097480774,0.2388419806957245,-4.272306442260742,17330.50390625,31.153141021728516,124.15155029296875,155.3046875,128.77911376953125,1099.5576171875
-1.3713723421096802,8.920000076293945,1000.0,237.0,0.1866682767868042,0.012806051410734653,40.0,1.0073975324630737,1.0073975324630737,1.0073975324630737,0.017063332721590996,1.4399999599845614e-05,0.2927333414554596,4760000.0,-0.025177612900733948,0.005146689713001251,0.24302899837493896,0.37388911843299866,-0.30923429131507874,-3.9482593536376953,17484.474609375,30.549301147460938,123.38396453857422,153.93426513671875,129.9255828857422,1408.505615234375
-1.326508641242981,8.960000038146973,1000.0,238.0,0.19032658636569977,0.014132079668343067,40.0,1.0065785646438599,1.0065785646438599,1.0065785646438599,0.01670682802796364,1.3199999557400588e-05,0.293758362531662,4780000.0,-0.02747439220547676,-0.002296779304742813,0.04610501602292061,0.5026478171348572,0.12875869870185852,-5.325438022613525,17638.0859375,30.607820510864258,122.97013854980469,153.5779571533203,130.22702026367188,1294.967529296875
-1.3755104541778564,7.199999809265137,1000.0,239.0,0.1911541372537613,0.014317840337753296,40.0,1.0039101839065552,1.0039101839065552,1.0039101839065552,0.016081251204013824,1.2000000424450263e-05,0.29397478699684143,4800000.0,-0.02737368829548359,0.00010070390999317169,0.05160072073340416,0.6507865786552429,0.14813876152038574,-5.580671787261963,17790.416015625,29.466745376586914,122.82786560058594,152.29466247558594,131.32435607910156,1108.4500732421875
-1.1230934858322144,10.220000267028809,1000.0,240.0,0.19408807158470154,0.011875896714627743,40.0,1.0026087760925293,1.0026087760925293,1.0026087760925293,0.015204311348497868,1.0800000382005237e-05,0.2948080897331238,4820000.0,-0.02586495317518711,0.0015087351202964783,-0.0053367167711257935,0.8567529320716858,0.20596635341644287,-8.038002967834473,17943.583984375,30.372751235961914,122.7607421875,153.1334991455078,130.60499572753906,673.3297119140625
-1.2248073816299438,9.720000267028809,1000.0,241.0,0.19631275534629822,0.011254211887717247,40.0,1.0028815269470215,1.0028815269470215,1.0028815269470215,0.014613641425967216,9.60000033956021e-06,0.2954661250114441,4840000.0,-0.025268228724598885,0.0005967244505882263,-0.012528255581855774,0.9473584294319153,0.09060549736022949,-6.449902057647705,18099.21875,34.1086540222168,121.49344635009766,155.6020965576172,128.53297424316406,1469.11181640625
-1.29945707321167,12.680000305175781,1000.0,242.0,0.19725476205348969,0.010600640438497066,40.0,1.00466787815094,1.00466787815094,1.00466787815094,0.014576605521142483,8.400000297115184e-06,0.29568666219711304,4860000.0,-0.02259174920618534,0.0026764795184135437,0.06447124481201172,0.8471674919128418,-0.10019093751907349,-8.271248817443848,18253.025390625,31.09408950805664,122.67797088623047,153.77206420898438,130.06263732910156,695.5979614257812
-1.3825830221176147,11.380000114440918,1000.0,243.0,0.19276243448257446,0.010358670726418495,40.0,1.003122091293335,1.003122091293335,1.003122091293335,0.014116762205958366,7.199999799922807e-06,0.2943410873413086,4880000.0,-0.023438960313796997,-0.0008472111076116562,-0.11416596174240112,1.1246793270111084,0.2775118350982666,-8.159268379211426,18407.755859375,31.470596313476562,123.2231216430664,154.6937255859375,129.28773498535156,692.9769287109375
-1.2282500267028809,17.34000015258789,1000.0,244.0,0.1893939971923828,0.008233598433434963,40.0,1.0033258199691772,1.0033258199691772,1.0033258199691772,0.01299652922898531,6.000000212225132e-06,0.29336822032928467,4900000.0,-0.01853729970753193,0.004901660606265068,-0.0776953250169754,1.3995881080627441,0.27490878105163574,-6.038127422332764,18561.248046875,31.335853576660156,122.1225814819336,153.45848083496094,130.3284149169922,230.09698486328125
-1.2147502899169922,16.6200008392334,1000.0,245.0,0.18859609961509705,0.007794935721904039,40.0,1.002600908279419,1.002600908279419,1.002600908279419,0.012420342303812504,4.800000169780105e-06,0.29316651821136475,4920000.0,-0.017670126631855965,0.0008671730756759644,0.07804754376411438,1.2709062099456787,-0.12868189811706543,-8.03368091583252,18716.541015625,30.477672576904297,124.78083801269531,155.25851440429688,128.81741333007812,734.8126831054688
-1.2633494138717651,15.0,1000.0,246.0,0.18934760987758636,0.0067948028445243835,40.0,1.0023154020309448,1.0023154020309448,1.0023154020309448,0.012036764062941074,3.5999998999614036e-06,0.29343029856681824,4940000.0,-0.018303997814655304,-0.0006338711827993393,0.4983207583427429,0.9966005682945251,-0.27430564165115356,-8.859898567199707,18873.591796875,29.962692260742188,127.05179595947266,157.01449584960938,127.37677764892578,918.7791748046875
-1.2339595556259155,13.239999771118164,1000.0,247.0,0.19147156178951263,0.005599265918135643,40.0,1.0018486976623535,1.0018486976623535,1.0018486976623535,0.010357649065554142,2.4000000848900527e-06,0.2940709590911865,4960000.0,-0.015294416807591915,0.003009581007063389,-0.09254802763462067,0.7866489887237549,-0.20995157957077026,-6.045324802398682,19027.04296875,29.859962463378906,123.55699157714844,153.41696166992188,130.3636932373047,478.1625061035156
-1.2399415969848633,9.899999618530273,1000.0,248.0,0.1938745081424713,0.0047062416560947895,40.0,1.0014958381652832,1.0014958381652832,1.0014958381652832,0.009576661512255669,1.2000000424450263e-06,0.2947815954685211,4980000.0,-0.0114034004509449,0.0038910163566470146,-0.13434743881225586,1.0292913913726807,0.24264240264892578,-8.576567649841309,19179.962890625,30.497512817382812,122.39016723632812,152.8877716064453,130.81491088867188,1437.7415771484375
-1.1198017597198486,7.900000095367432,1000.0,249.0,0.19466255605220795,0.003071816172450781,40.0,1.0008877515792847,1.0008877515792847,1.0008877515792847,0.008085026405751705,0.0,0.29502028226852417,5000000.0,-0.008428238332271576,0.0029751621186733246,-0.014030173420906067,0.8939636945724487,-0.13532769680023193,-3.749762773513794,19333.162109375,30.474529266357422,122.68820190429688,153.16273498535156,130.58006286621094,1436.350830078125
