Metrics/EpRet,Metrics/EpCost,Metrics/EpLen,Train/Epoch,Train/Entropy,Train/KL,Train/StopIter,Train/PolicyRatio,Train/PolicyRatio/Min,Train/PolicyRatio/Max,Train/PolicyRatio/Std,Train/LR,Train/PolicyStd,TotalEnvSteps,Loss/Loss_pi,Loss/Loss_pi/Delta,Value/Adv,Loss/Loss_reward_critic,Loss/Loss_reward_critic/Delta,Value/reward,Time/Total,Time/Rollout,Time/Update,Time/Epoch,Time/FPS
-2.21704363822937,41.4375,1000.0,0.0,1.4099562168121338,0.01718781515955925,40.0,0.9985702633857727,0.9985702633857727,0.9985702633857727,0.01891639269888401,0.00029880000511184335,0.9910759925842285,20000.0,-0.01753239333629608,-0.01753239333629608,-0.039391711354255676,0.004950252361595631,0.004950252361595631,0.046521205455064774,146.74986267089844,32.951812744140625,113.79804229736328,146.74986267089844,136.2863311767578
-1.960080862045288,43.6875,1000.0,1.0,1.3968942165374756,0.020178571343421936,19.0,0.9998415112495422,0.9998415112495422,0.9998415112495422,0.021282494068145752,0.0002975999959744513,0.9782277345657349,40000.0,-0.02106591872870922,-0.0035335253924131393,0.006311528384685516,0.0035324981436133385,-0.0014177542179822922,0.012166554108262062,231.87338256835938,29.789871215820312,55.30107498168945,85.09095001220703,235.04263305664062
-1.3638402223587036,63.35416793823242,1000.0,2.0,1.3848190307617188,0.020607315003871918,15.0,0.9993805885314941,0.9993805885314941,0.9993805885314941,0.02199723571538925,0.00029639998683705926,0.9664645195007324,60000.0,-0.019945157691836357,0.0011207610368728638,-0.06444554030895233,0.0032404609955847263,-0.00029203714802861214,0.010354612022638321,298.8264465332031,22.302490234375,44.62764358520508,66.9302749633789,298.8184509277344
-0.24087707698345184,83.72000122070312,1000.0,3.0,1.3669859170913696,0.02015405334532261,11.0,0.9989912509918213,0.9989912509918213,0.9989912509918213,0.02148231491446495,0.00029520000680349767,0.9493892788887024,80000.0,-0.016931599006056786,0.0030135586857795715,-0.2388596534729004,0.004609409254044294,0.001368948258459568,0.03688833490014076,358.9930725097656,26.605140686035156,33.537899017333984,60.14303970336914,332.5405578613281
1.580196499824524,97.45999908447266,1000.0,4.0,1.3319787979125977,0.022356627508997917,17.0,0.9964019060134888,0.9964019060134888,0.9964019060134888,0.021667087450623512,0.00029399999766610563,0.9167428612709045,100000.0,-0.020174041390419006,-0.0032424423843622208,-0.01939075067639351,0.009536772966384888,0.004927363712340593,0.12127365916967392,432.5420227050781,21.926586151123047,51.598854064941406,73.52644348144531,272.010986328125
2.655268669128418,97.08000183105469,1000.0,5.0,1.3037221431732178,0.020990965887904167,11.0,0.9985354542732239,0.9985354542732239,0.9985354542732239,0.021319158375263214,0.0002927999885287136,0.8911963105201721,120000.0,-0.018309323117136955,0.001864718273282051,0.06484062224626541,0.006911486387252808,-0.00262528657913208,0.14853435754776,489.9512634277344,23.10976791381836,34.27735137939453,57.38711929321289,348.51025390625
4.248647689819336,81.69999694824219,1000.0,6.0,1.2718067169189453,0.02220682054758072,13.0,0.9999662637710571,0.9999662637710571,0.9999662637710571,0.0210338793694973,0.000291600008495152,0.8632107973098755,140000.0,-0.020074160769581795,-0.0017648376524448395,-0.0599290132522583,0.00819963775575161,0.0012881513684988022,0.24190780520439148,552.055908203125,21.225996017456055,40.85752487182617,62.083518981933594,322.1466979980469
5.809607982635498,67.80000305175781,1000.0,7.0,1.2333698272705078,0.02083428017795086,11.0,0.9996199011802673,0.9996199011802673,0.9996199011802673,0.021166551858186722,0.00029039999935775995,0.8306669592857361,160000.0,-0.017759719863533974,0.002314440906047821,0.043077290058135986,0.011399196460843086,0.0031995587050914764,0.30333149433135986,609.6334228515625,23.857120513916016,33.69679260253906,57.553916931152344,347.500244140625
7.665487289428711,64.63999938964844,1000.0,8.0,1.1969914436340332,0.020469631999731064,11.0,0.9991430640220642,0.9991430640220642,0.9991430640220642,0.021797189489006996,0.0002891999902203679,0.8009876012802124,180000.0,-0.020876802504062653,-0.003117082640528679,-0.1345519721508026,0.009938162751495838,-0.001461033709347248,0.37344682216644287,667.3606567382812,22.66415786743164,35.042030334472656,57.70618438720703,346.5832824707031
9.04250717163086,72.5199966430664,1000.0,9.0,1.1557683944702148,0.02020694687962532,10.0,0.9969118237495422,0.9969118237495422,0.9969118237495422,0.02154780924320221,0.0002880000101868063,0.7686541080474854,200000.0,-0.020037198439240456,0.000839604064822197,0.060986846685409546,0.009961606934666634,2.344418317079544e-05,0.4887736439704895,720.2734985351562,21.96115493774414,30.927608489990234,52.888763427734375,378.15216064453125
10.785070419311523,82.04000091552734,1000.0,10.0,1.1243325471878052,0.021982872858643532,12.0,0.9988555312156677,0.9988555312156677,0.9988555312156677,0.02162678726017475,0.0002868000010494143,0.744878888130188,220000.0,-0.01962992176413536,0.0004072766751050949,0.08429452031850815,0.013067934662103653,0.0031063277274370193,0.6152877807617188,782.6058959960938,24.522626876831055,37.78876495361328,62.31139373779297,320.9685974121094
11.798691749572754,95.9800033569336,1000.0,11.0,1.0909056663513184,0.02023916319012642,13.0,0.9980129599571228,0.9980129599571228,0.9980129599571228,0.020904865115880966,0.00028559999191202223,0.7203925251960754,240000.0,-0.022134024649858475,-0.002504102885723114,-0.050734780728816986,0.010124568827450275,-0.0029433658346533775,0.6551913022994995,847.1544189453125,22.88739013671875,41.63996887207031,64.52735900878906,309.946044921875
13.346429824829102,93.0,1000.0,12.0,1.0571917295455933,0.025946814566850662,9.0,0.998583197593689,0.998583197593689,0.998583197593689,0.02096834033727646,0.00028440001187846065,0.6965067982673645,260000.0,-0.018682118505239487,0.003451906144618988,0.20187047123908997,0.012225678190588951,0.0021011093631386757,0.7869075536727905,899.1459350585938,22.95564079284668,29.015159606933594,51.970802307128906,384.83148193359375
14.194501876831055,79.68000030517578,1000.0,13.0,1.0228677988052368,0.02227168343961239,9.0,0.997155487537384,0.997155487537384,0.997155487537384,0.0205974243581295,0.0002832000027410686,0.6730391383171082,280000.0,-0.01798020303249359,0.0007019154727458954,0.019857821986079216,0.013043743558228016,0.0008180653676390648,0.886633574962616,952.697509765625,25.693618774414062,27.837493896484375,53.53111267089844,373.614501953125
15.892782211303711,69.5999984741211,1000.0,14.0,0.9897984266281128,0.020253291353583336,8.0,0.9954457879066467,0.9954457879066467,0.9954457879066467,0.021169930696487427,0.00028199999360367656,0.651110053062439,300000.0,-0.017117252573370934,0.0008629504591226578,0.16542977094650269,0.013628950342535973,0.0005852067843079567,0.9782870411872864,1004.3316650390625,24.498069763183594,27.115550994873047,51.61362075805664,387.4945983886719
17.076011657714844,65.0199966430664,1000.0,15.0,0.9599708318710327,0.020360127091407776,6.0,0.9990373849868774,0.9990373849868774,0.9990373849868774,0.020250694826245308,0.00028080001357011497,0.6319738030433655,320000.0,-0.014110561460256577,0.003006691113114357,-0.04240753874182701,0.01357506774365902,-5.3882598876953125e-05,1.1103521585464478,1045.722412109375,22.611865997314453,18.759408950805664,41.37127685546875,483.42718505859375
18.345928192138672,74.44000244140625,1000.0,16.0,0.9199705123901367,0.020548345521092415,9.0,0.9968532919883728,0.9968532919883728,0.9968532919883728,0.021419379860162735,0.0002796000044327229,0.6071987748146057,340000.0,-0.019450876861810684,-0.005340315401554108,0.4208129346370697,0.014048545621335506,0.00047347787767648697,1.2112494707107544,1100.7498779296875,24.173425674438477,30.835039138793945,55.00846481323242,363.5804138183594
19.078784942626953,79.44000244140625,1000.0,17.0,0.8876153826713562,0.02219650335609913,10.0,0.9992780089378357,0.9992780089378357,0.9992780089378357,0.021068189293146133,0.0002783999952953309,0.5878541469573975,360000.0,-0.017577188089489937,0.0018736887723207474,0.10482443869113922,0.012740049511194229,-0.0013084961101412773,1.3424403667449951,1155.8941650390625,22.76995086669922,32.354190826416016,55.124141693115234,362.81744384765625
19.943628311157227,75.44000244140625,1000.0,18.0,0.8584418296813965,0.02113688737154007,9.0,0.9972004890441895,0.9972004890441895,0.9972004890441895,0.021269766613841057,0.00027719998615793884,0.5709485411643982,380000.0,-0.01767253316938877,-9.534507989883423e-05,-0.26491427421569824,0.014100871048867702,0.0013608215376734734,1.4340541362762451,1209.32666015625,25.76683235168457,27.64495849609375,53.41178894042969,374.44915771484375
20.65937042236328,67.36000061035156,1000.0,19.0,0.8296217322349548,0.02159835584461689,10.0,0.9963581562042236,0.9963581562042236,0.9963581562042236,0.021177493035793304,0.00027600000612437725,0.5547533631324768,400000.0,-0.019702598452568054,-0.002030065283179283,0.11558611690998077,0.014403617940843105,0.00030274689197540283,1.5472497940063477,1267.60400390625,26.073116302490234,32.18380355834961,58.256919860839844,343.3068542480469
21.164411544799805,70.05999755859375,1000.0,20.0,0.8050787448883057,0.02235547825694084,8.0,0.9970682859420776,0.9970682859420776,0.9970682859420776,0.021025080233812332,0.0002747999969869852,0.5413221716880798,420000.0,-0.015576831996440887,0.004125766456127167,-0.10716329514980316,0.018377436324954033,0.003973818384110928,1.6222032308578491,1319.777099609375,23.17596435546875,28.976503372192383,52.152469635009766,383.490966796875
21.469873428344727,68.31999969482422,1000.0,21.0,0.7677359580993652,0.02207912504673004,9.0,0.9972867965698242,0.9972867965698242,0.9972867965698242,0.022014493122696877,0.00027359998784959316,0.5214667916297913,440000.0,-0.017907125875353813,-0.0023302938789129257,0.10828013718128204,0.01651955209672451,-0.0018578842282295227,1.6992037296295166,1371.398681640625,22.878461837768555,28.723617553710938,51.602081298828125,387.5812683105469
22.166393280029297,64.69999694824219,1000.0,22.0,0.7406846284866333,0.020836133509874344,9.0,0.9978458881378174,0.9978458881378174,0.9978458881378174,0.021442875266075134,0.0002724000078160316,0.5075297951698303,460000.0,-0.01752445288002491,0.0003826729953289032,0.009597232565283775,0.018565837293863297,0.0020462851971387863,1.7846872806549072,1425.7979736328125,26.930978775024414,27.447736740112305,54.37871551513672,367.79095458984375
22.548372268676758,50.779998779296875,1000.0,23.0,0.7186335325241089,0.023759420961141586,10.0,0.9978359341621399,0.9978359341621399,0.9978359341621399,0.021534189581871033,0.00027119999867863953,0.496492475271225,480000.0,-0.01932714134454727,-0.0018026884645223618,0.05620526522397995,0.019658010452985764,0.001092173159122467,1.853554129600525,1485.5025634765625,26.63335418701172,33.05219650268555,59.685550689697266,335.0894775390625
23.123550415039062,56.2400016784668,1000.0,24.0,0.6893100142478943,0.02021067589521408,8.0,0.9975624084472656,0.9975624084472656,0.9975624084472656,0.021409787237644196,0.0002699999895412475,0.482145220041275,500000.0,-0.01637353003025055,0.0029536113142967224,-0.09513244032859802,0.020593728870153427,0.0009357184171676636,1.9401859045028687,1536.6134033203125,23.982980728149414,27.10720443725586,51.09018325805664,391.4646301269531
23.228111267089844,62.560001373291016,1000.0,25.0,0.661990761756897,0.021160095930099487,7.0,0.9976466298103333,0.9976466298103333,0.9976466298103333,0.02084360644221306,0.0002688000095076859,0.46915438771247864,520000.0,-0.015343626029789448,0.0010299040004611015,-0.05118019878864288,0.019873183220624924,-0.0007205456495285034,2.002793312072754,1583.540771484375,24.69280433654785,22.215137481689453,46.90794372558594,426.3670349121094
23.6932315826416,72.13999938964844,1000.0,26.0,0.6374991536140442,0.02037963457405567,7.0,0.9975982904434204,0.9975982904434204,0.9975982904434204,0.02131977304816246,0.00026760000037029386,0.457797646522522,540000.0,-0.014952669851481915,0.00039095617830753326,-0.1000828742980957,0.02021198347210884,0.00033880025148391724,2.06524658203125,1632.2357177734375,26.95431900024414,21.716508865356445,48.67082595825195,410.92376708984375
23.831003189086914,69.26000213623047,1000.0,27.0,0.6123974323272705,0.02133527211844921,7.0,0.9969351291656494,0.9969351291656494,0.9969351291656494,0.021620452404022217,0.0002663999912329018,0.4464356601238251,560000.0,-0.016133993864059448,-0.0011813240125775337,-0.29647040367126465,0.021572867408394814,0.0013608839362859726,2.1141250133514404,1680.9071044921875,25.23400115966797,23.419570922851562,48.65357208251953,411.06951904296875
23.973369598388672,66.37999725341797,1000.0,28.0,0.5895609855651855,0.02326565608382225,7.0,0.9958164095878601,0.9958164095878601,0.9958164095878601,0.02246677875518799,0.0002652000111993402,0.4363560676574707,580000.0,-0.015018741600215435,0.0011152522638440132,-0.2865252196788788,0.019460275769233704,-0.00211259163916111,2.170046806335449,1728.41552734375,23.928852081298828,23.560089111328125,47.48945236206055,421.1461486816406
24.775903701782227,53.779998779296875,1000.0,29.0,0.5706921219825745,0.022035762667655945,8.0,0.9973491430282593,0.9973491430282593,0.9973491430282593,0.021626072004437447,0.0002640000020619482,0.4281955659389496,600000.0,-0.01654531992971897,-0.0015265783295035362,0.12899042665958405,0.021335138007998466,0.0018748622387647629,2.2415621280670166,1780.0098876953125,24.846181869506836,26.728010177612305,51.57419204711914,387.7908630371094
25.31507110595703,53.900001525878906,1000.0,30.0,0.5439085960388184,0.022172071039676666,9.0,0.997369110584259,0.997369110584259,0.997369110584259,0.02240023761987686,0.00026279999292455614,0.4168599843978882,620000.0,-0.017651308327913284,-0.001105988398194313,0.1198861300945282,0.023037513718008995,0.0017023757100105286,2.286322832107544,1834.84765625,24.315587997436523,30.5010986328125,54.816688537597656,364.8523864746094
26.088136672973633,57.91999816894531,1000.0,31.0,0.5238915681838989,0.021061483770608902,6.0,0.9966052174568176,0.9966052174568176,0.9966052174568176,0.02096203900873661,0.00026160001289099455,0.40859538316726685,640000.0,-0.011823374778032303,0.0058279335498809814,-0.2351830154657364,0.02446519397199154,0.001427680253982544,2.3372397422790527,1878.3199462890625,23.615854263305664,19.836448669433594,43.45230484008789,460.2747802734375
25.958477020263672,63.0,1000.0,32.0,0.5060476064682007,0.020036185160279274,5.0,0.9978581666946411,0.9978581666946411,0.9978581666946411,0.021265538409352303,0.0002604000037536025,0.401372492313385,660000.0,-0.009705090895295143,0.0021182838827371597,0.030724551528692245,0.024511948227882385,4.675425589084625e-05,2.3701610565185547,1921.0595703125,26.307958602905273,16.412179946899414,42.72013854980469,468.16326904296875
25.84925079345703,64.4000015258789,1000.0,33.0,0.49155789613723755,0.022521575912833214,5.0,0.9987072944641113,0.9987072944641113,0.9987072944641113,0.021410945802927017,0.00025919999461621046,0.3956102728843689,680000.0,-0.01083470694720745,-0.0011296160519123077,-0.17834389209747314,0.02389013022184372,-0.0006218180060386658,2.3926784992218018,1964.2008056640625,25.45261001586914,17.666580200195312,43.11919021606445,463.83062744140625
25.926774978637695,60.08000183105469,1000.0,34.0,0.4752183258533478,0.020175280049443245,7.0,0.9975182414054871,0.9975182414054871,0.9975182414054871,0.021365568041801453,0.0002579999854788184,0.38918688893318176,700000.0,-0.015197073109447956,-0.004362366162240505,0.22465775907039642,0.024661090224981308,0.0007709600031375885,2.4453275203704834,2011.0909423828125,23.702194213867188,23.169498443603516,46.8716926574707,426.69677734375
26.247255325317383,71.08000183105469,1000.0,35.0,0.4624217450618744,0.020566418766975403,4.0,0.9972118139266968,0.9972118139266968,0.9972118139266968,0.021235039457678795,0.00025680000544525683,0.3842383325099945,720000.0,-0.007796719204634428,0.007400353904813528,-0.07628897577524185,0.02527058683335781,0.000609496608376503,2.457611322402954,2049.7158203125,26.25198745727539,12.345696449279785,38.59768295288086,518.1658325195312
26.06619644165039,71.04000091552734,1000.0,36.0,0.44834595918655396,0.02142123505473137,7.0,0.9973535537719727,0.9973535537719727,0.9973535537719727,0.021823709830641747,0.0002555999963078648,0.37886685132980347,740000.0,-0.015106843784451485,-0.007310124579817057,-0.3020854890346527,0.02478017844259739,-0.0004904083907604218,2.4529190063476562,2099.966552734375,24.88545036315918,25.34743309020996,50.23288345336914,398.14556884765625
25.939208984375,66.55999755859375,1000.0,37.0,0.43153825402259827,0.02006554789841175,5.0,0.9992972016334534,0.9992972016334534,0.9992972016334534,0.021929003298282623,0.00025439998717047274,0.37255269289016724,760000.0,-0.010578242130577564,0.0045286016538739204,-0.017249569296836853,0.02389685809612274,-0.0008833203464746475,2.5003597736358643,2140.208740234375,23.561626434326172,16.655792236328125,40.2174186706543,497.2969665527344
26.264772415161133,62.91999816894531,1000.0,38.0,0.4131678342819214,0.024431942030787468,8.0,0.9978861808776855,0.9978861808776855,0.9978861808776855,0.021904075518250465,0.00025320000713691115,0.36577048897743225,780000.0,-0.016056334599852562,-0.005478092469274998,0.3036547601222992,0.02582664228975773,0.0019297841936349869,2.5345163345336914,2193.770751953125,27.91633415222168,25.62360382080078,53.53993606567383,373.55291748046875
26.851486206054688,53.279998779296875,1000.0,39.0,0.3973366916179657,0.020636940374970436,4.0,0.9992257356643677,0.9992257356643677,0.9992257356643677,0.021363677456974983,0.0002519999979995191,0.36003339290618896,800000.0,-0.007786267902702093,0.008270066697150469,0.17203688621520996,0.028984855860471725,0.003158213570713997,2.5785398483276367,2235.176513671875,27.44536781311035,13.935040473937988,41.38140869140625,483.308837890625
27.432601928710938,55.84000015258789,1000.0,40.0,0.37745434045791626,0.022215357050299644,7.0,0.9967591166496277,0.9967591166496277,0.9967591166496277,0.02182970754802227,0.00025079998886212707,0.3529427647590637,820000.0,-0.015357546508312225,-0.007571278605610132,0.06564006209373474,0.022936133667826653,-0.006048722192645073,2.608105182647705,2282.79736328125,23.888418197631836,23.71440315246582,47.602821350097656,420.1431579589844
27.178306579589844,55.7599983215332,1000.0,41.0,0.3639180362224579,0.02093486487865448,5.0,0.9983238577842712,0.9983238577842712,0.9983238577842712,0.021682804450392723,0.0002496000088285655,0.3482138216495514,840000.0,-0.010343224741518497,0.005014321766793728,-0.31890538334846497,0.025809388607740402,0.0028732549399137497,2.5891525745391846,2326.2451171875,27.18097496032715,16.24624252319336,43.427215576171875,460.5406799316406
26.956327438354492,63.70000076293945,1000.0,42.0,0.3498228192329407,0.022293711081147194,5.0,1.0000418424606323,1.0000418424606323,1.0000418424606323,0.02149811014533043,0.00024839999969117343,0.34333932399749756,860000.0,-0.010450327768921852,-0.00010710302740335464,0.039444249123334885,0.025347398594021797,-0.00046199001371860504,2.6183483600616455,2370.702880859375,27.487350463867188,16.95143699645996,44.438785552978516,450.0572814941406
27.371091842651367,65.27999877929688,1000.0,43.0,0.33312973380088806,0.020893236622214317,6.0,0.9960094094276428,0.9960094094276428,0.9960094094276428,0.021223371848464012,0.0002471999905537814,0.3376566171646118,880000.0,-0.012851257808506489,-0.0024009300395846367,-0.10560594499111176,0.029100488871335983,0.003753090277314186,2.6707050800323486,2415.94677734375,23.671798706054688,21.55352020263672,45.225318908691406,442.23016357421875
27.552997589111328,64.18000030517578,1000.0,44.0,0.31490322947502136,0.023220857605338097,7.0,0.9983072876930237,0.9983072876930237,0.9983072876930237,0.02146712690591812,0.0002460000105202198,0.3315642476081848,900000.0,-0.01553469430655241,-0.0026834364980459213,0.16118967533111572,0.024968886747956276,-0.004131602123379707,2.6596415042877197,2465.223876953125,25.52409553527832,23.723392486572266,49.24748611450195,406.1120910644531
28.044593811035156,68.33999633789062,1000.0,45.0,0.30510413646698,0.022784695029258728,7.0,0.9962698221206665,0.9962698221206665,0.9962698221206665,0.021971281617879868,0.00024480000138282776,0.3283180296421051,920000.0,-0.014378671534359455,0.001156022772192955,-0.120020292699337,0.02540738321840763,0.000438496470451355,2.6610372066497803,2514.7314453125,26.640689849853516,22.83987808227539,49.480567932128906,404.1990966796875
27.753328323364258,68.5,1000.0,46.0,0.28871896862983704,0.02247396484017372,4.0,0.9991758465766907,0.9991758465766907,0.9991758465766907,0.02206246182322502,0.00024360000679735094,0.3229805827140808,940000.0,-0.007519383914768696,0.006859287619590759,0.03830801695585251,0.026495598256587982,0.0010882150381803513,2.681654214859009,2555.173095703125,26.49930763244629,13.920722961425781,40.4200325012207,494.8041687011719
28.4838924407959,76.66000366210938,1000.0,47.0,0.2707827687263489,0.021412229165434837,6.0,0.9981093406677246,0.9981093406677246,0.9981093406677246,0.021403394639492035,0.0002423999976599589,0.31724050641059875,960000.0,-0.012181687168776989,-0.004662303254008293,-0.14267507195472717,0.027781490236520767,0.001285891979932785,2.7086901664733887,2601.10546875,24.344398498535156,21.568727493286133,45.91312789916992,435.60528564453125
28.626720428466797,73.4000015258789,1000.0,48.0,0.2606370747089386,0.022293778136372566,4.0,0.9993035793304443,0.9993035793304443,0.9993035793304443,0.022040540352463722,0.00024120000307448208,0.31403878331184387,980000.0,-0.007098334841430187,0.005083352327346802,-0.04992359131574631,0.026902860030531883,-0.000878630205988884,2.74133563041687,2639.66552734375,25.635114669799805,12.90583610534668,38.540950775146484,518.9285888671875
29.20189666748047,72.76000213623047,1000.0,49.0,0.24666249752044678,0.020942455157637596,6.0,0.9997566342353821,0.9997566342353821,0.9997566342353821,0.02230561338365078,0.00023999999393709004,0.309683620929718,1000000.0,-0.012508457526564598,-0.005410122685134411,-0.16077394783496857,0.027416979894042015,0.0005141198635101318,2.8083081245422363,2687.400390625,28.759069442749023,18.956968307495117,47.717037200927734,419.1374816894531
28.849170684814453,59.900001525878906,1000.0,50.0,0.23515182733535767,0.02321263775229454,6.0,0.9965245723724365,0.9965245723724365,0.9965245723724365,0.022382725030183792,0.00023879999935161322,0.30613574385643005,1020000.0,-0.014015505090355873,-0.001507047563791275,0.22574439644813538,0.02653471939265728,-0.0008822605013847351,2.799745798110962,2735.183837890625,27.428997039794922,20.335887908935547,47.76488494873047,418.7176513671875
28.904823303222656,58.97999954223633,1000.0,51.0,0.22253236174583435,0.0203569233417511,5.0,0.9984562397003174,0.9984562397003174,0.9984562397003174,0.022472435608506203,0.0002376000047661364,0.3023323118686676,1040000.0,-0.010810927487909794,0.0032045776024460793,-0.10726993530988693,0.026651656255126,0.00011693686246871948,2.790611743927002,2778.9208984375,26.808944702148438,16.907968521118164,43.71791458129883,457.4783630371094
28.844629287719727,52.52000045776367,1000.0,52.0,0.20970122516155243,0.022125493735074997,4.0,0.9985542893409729,0.9985542893409729,0.9985542893409729,0.020977431908249855,0.00023639999562874436,0.29848891496658325,1060000.0,-0.008164964616298676,0.0026459628716111183,0.36641308665275574,0.027541711926460266,0.0008900556713342667,2.8081064224243164,2820.673095703125,27.500953674316406,14.232895851135254,41.733848571777344,479.227294921875
28.867891311645508,57.36000061035156,1000.0,53.0,0.19406859576702118,0.021389612928032875,6.0,0.9968432784080505,0.9968432784080505,0.9968432784080505,0.022269828245043755,0.00023520000104326755,0.29385295510292053,1080000.0,-0.014048546552658081,-0.0058835819363594055,0.10711698979139328,0.025186341255903244,-0.002355370670557022,2.8127450942993164,2866.6025390625,25.106069564819336,20.80519676208496,45.9112663269043,435.6229248046875
28.862201690673828,54.119998931884766,1000.0,54.0,0.17899493873119354,0.02036190778017044,5.0,0.9966780543327332,0.9966780543327332,0.9966780543327332,0.022264530882239342,0.00023400000645779073,0.28946903347969055,1100000.0,-0.01088975090533495,0.0031587956473231316,-0.46175724267959595,0.02570103108882904,0.0005146898329257965,2.811569929122925,2910.643798828125,26.023014068603516,17.999618530273438,44.02263259887695,454.311767578125
28.934038162231445,58.279998779296875,1000.0,55.0,0.1593979448080063,0.0217276681214571,5.0,0.9970261454582214,0.9970261454582214,0.9970261454582214,0.021583732217550278,0.0002327999973203987,0.28384360671043396,1120000.0,-0.011235921643674374,-0.00034617073833942413,0.16557693481445312,0.027357634156942368,0.001656603068113327,2.837033987045288,2953.5400390625,25.266613006591797,17.602251052856445,42.86886215209961,466.5390930175781
29.118202209472656,55.2599983215332,1000.0,56.0,0.14612048864364624,0.02088070847094059,4.0,0.9969124794006348,0.9969124794006348,0.9969124794006348,0.02180713601410389,0.00023160000273492187,0.2800811529159546,1140000.0,-0.007986241951584816,0.0032496796920895576,-0.20154842734336853,0.027795346453785896,0.00043771229684352875,2.851351022720337,2992.70654296875,26.137754440307617,13.010143280029297,39.14789581298828,510.88311767578125
28.944826126098633,60.5,1000.0,57.0,0.13261377811431885,0.024434542283415794,5.0,0.9980422854423523,0.9980422854423523,0.9980422854423523,0.022582853212952614,0.00023039999359752983,0.2763329744338989,1160000.0,-0.01077441405504942,-0.0027881721034646034,0.026041291654109955,0.026472311466932297,-0.0013230349868535995,2.846707820892334,3038.09619140625,28.841379165649414,16.519460678100586,45.36083984375,440.908935546875
29.063833236694336,58.97999954223633,1000.0,58.0,0.1188853308558464,0.022815387696027756,6.0,0.9987120628356934,0.9987120628356934,0.9987120628356934,0.02295694127678871,0.000229199999012053,0.27255281805992126,1180000.0,-0.012276350520551205,-0.0015019364655017853,-0.02602967992424965,0.02757325768470764,0.0011009462177753448,2.8546407222747803,3085.193115234375,27.661884307861328,19.415298461914062,47.07718276977539,424.8342590332031
28.69046401977539,62.97999954223633,1000.0,59.0,0.11173165589570999,0.021865595132112503,4.0,0.9967718720436096,0.9967718720436096,0.9967718720436096,0.022620007395744324,0.0002280000044265762,0.2706107199192047,1200000.0,-0.006413768976926804,0.005862581543624401,-0.13462509214878082,0.0278105940669775,0.00023733638226985931,2.862711191177368,3126.684814453125,27.47948455810547,13.990110397338867,41.4695930480957,482.28106689453125
29.037086486816406,59.7400016784668,1000.0,60.0,0.10040067881345749,0.021082207560539246,6.0,0.9981516003608704,0.9981516003608704,0.9981516003608704,0.022608207538723946,0.00022679999528918415,0.26756367087364197,1220000.0,-0.012651106342673302,-0.006237337365746498,0.14420482516288757,0.030217314139008522,0.002406720072031021,2.8879141807556152,3174.394775390625,27.727357864379883,19.96462059020996,47.691978454589844,419.35772705078125
28.916101455688477,59.36000061035156,1000.0,61.0,0.09094715863466263,0.021966539323329926,6.0,0.9956232905387878,0.9956232905387878,0.9956232905387878,0.023411639034748077,0.00022560000070370734,0.2650395631790161,1240000.0,-0.01354648545384407,-0.0008953791111707687,-0.05955169349908829,0.028883809223771095,-0.0013335049152374268,2.9056081771850586,3221.88232421875,27.396692276000977,20.071184158325195,47.46787643432617,421.33758544921875
29.497270584106445,59.97999954223633,1000.0,62.0,0.08369079977273941,0.023000767454504967,5.0,0.9984918832778931,0.9984918832778931,0.9984918832778931,0.021835243329405785,0.00022440000611823052,0.2631233334541321,1260000.0,-0.011510872282087803,0.0020356131717562675,-0.09625767171382904,0.02993023209273815,0.0010464228689670563,2.9046406745910645,3264.84765625,27.03085708618164,15.905556678771973,42.93696975708008,465.7990417480469
29.315021514892578,62.959999084472656,1000.0,63.0,0.06717512011528015,0.023378461599349976,6.0,0.9986188411712646,0.9986188411712646,0.9986188411712646,0.023208921775221825,0.00022319999698083848,0.2588057816028595,1280000.0,-0.014360738918185234,-0.002849866636097431,0.07977218180894852,0.02822800911962986,-0.0017022229731082916,2.909471035003662,3313.275634765625,29.770187377929688,18.638946533203125,48.40913391113281,413.1451721191406
29.332063674926758,61.5,1000.0,64.0,0.05383636802434921,0.02042643539607525,5.0,0.998014509677887,0.998014509677887,0.998014509677887,0.022492695599794388,0.00022200000239536166,0.255363792181015,1300000.0,-0.010815417394042015,0.003545321524143219,0.528708279132843,0.027084462344646454,-0.001143546774983406,2.927845001220703,3358.518798828125,29.177127838134766,16.046100616455078,45.223228454589844,442.2505798339844
29.128969192504883,63.619998931884766,1000.0,65.0,0.041675668209791183,0.020100170746445656,4.0,0.9980143904685974,0.9980143904685974,0.9980143904685974,0.021649464964866638,0.00022079999325796962,0.25227561593055725,1320000.0,-0.008445763029158115,0.0023696543648838997,-0.34693121910095215,0.029824577271938324,0.00274011492729187,2.9412169456481934,3399.2216796875,27.28139877319336,13.403077125549316,40.68447494506836,491.5879821777344
29.283092498779297,66.44000244140625,1000.0,66.0,0.035796668380498886,0.020547745749354362,1.0,0.9987396001815796,0.9987396001815796,0.9987396001815796,0.020338986068964005,0.0002195999986724928,0.2507948577404022,1340000.0,0.00887239258736372,0.017318155616521835,0.06174902245402336,0.0329832099378109,0.003158632665872574,2.9374022483825684,3429.87890625,26.965415954589844,3.6727712154388428,30.638187408447266,652.7801513671875
29.711414337158203,64.16000366210938,1000.0,67.0,0.02910134196281433,0.022449640557169914,4.0,0.99810391664505,0.99810391664505,0.99810391664505,0.02148543857038021,0.00021840000408701599,0.24912269413471222,1360000.0,-0.008537467569112778,-0.017409860156476498,-0.11874386668205261,0.030425185337662697,-0.002558024600148201,2.957266092300415,3471.06640625,28.159154891967773,13.01218032836914,41.17133712768555,485.7748718261719
29.591672897338867,71.5,1000.0,68.0,0.016870860010385513,0.022287612780928612,3.0,0.9993393421173096,0.9993393421173096,0.9993393421173096,0.02181543968617916,0.00021719999494962394,0.24609705805778503,1380000.0,-0.0052019208669662476,0.00333554670214653,-0.16449135541915894,0.02939714305102825,-0.0010280422866344452,2.9224226474761963,3508.828125,27.442840576171875,10.30090618133545,37.74374771118164,529.8890991210938
29.625551223754883,65.31999969482422,1000.0,69.0,0.005721310153603554,0.02095080353319645,5.0,0.9973790645599365,0.9973790645599365,0.9973790645599365,0.021757125854492188,0.00021600000036414713,0.2433674931526184,1400000.0,-0.011327959597110748,-0.006126038730144501,0.14168764650821686,0.03060021437704563,0.0012030713260173798,2.9560227394104004,3552.40673828125,25.57077980041504,17.986772537231445,43.55855178833008,459.152099609375
29.318893432617188,62.2400016784668,1000.0,70.0,-0.005713489837944508,0.024250546470284462,4.0,0.9991485476493835,0.9991485476493835,0.9991485476493835,0.022968003526329994,0.0002148000057786703,0.24059881269931793,1420000.0,-0.009698126465082169,0.0016298331320285797,0.09355451911687851,0.028308432549238205,-0.0022917818278074265,2.9176347255706787,3593.7001953125,27.477127075195312,13.79393196105957,41.271060943603516,484.60107421875
29.46477699279785,55.279998779296875,1000.0,71.0,-0.01822652295231819,0.020304497331380844,5.0,0.9992172122001648,0.9992172122001648,0.9992172122001648,0.023918740451335907,0.00021359999664127827,0.23760931193828583,1440000.0,-0.011891110800206661,-0.0021929843351244926,0.5382921099662781,0.03177640214562416,0.003467969596385956,2.9475934505462646,3637.386962890625,25.269041061401367,18.39413833618164,43.66318130493164,458.0518493652344
29.634559631347656,54.599998474121094,1000.0,72.0,-0.026892662048339844,0.02090042270720005,4.0,0.9990154504776001,0.9990154504776001,0.9990154504776001,0.021685795858502388,0.00021240000205580145,0.23555926978588104,1460000.0,-0.007796043064445257,0.004095067735761404,-0.21248340606689453,0.030636638402938843,-0.001139763742685318,2.9716989994049072,3678.152587890625,26.776458740234375,13.969616889953613,40.74707794189453,490.832763671875
29.521574020385742,61.13999938964844,1000.0,73.0,-0.03637434169650078,0.022742021828889847,5.0,0.9974023103713989,0.9974023103713989,0.9974023103713989,0.022747280076146126,0.0002111999929184094,0.2333381175994873,1480000.0,-0.010403004474937916,-0.0026069614104926586,0.32215091586112976,0.027564330026507378,-0.003072308376431465,2.9366090297698975,3722.802490234375,27.59711265563965,17.033370971679688,44.63148498535156,448.1141357421875
29.207059860229492,69.13999938964844,1000.0,74.0,-0.04462745413184166,0.022014876827597618,1.0,0.9998418688774109,0.9998418688774109,0.9998418688774109,0.020199794322252274,0.0002099999983329326,0.2314140647649765,1500000.0,0.00886825006455183,0.019271254539489746,-0.26038292050361633,0.02798270247876644,0.0004183724522590637,2.9456727504730225,3753.888427734375,27.81317710876465,3.2538387775421143,31.067014694213867,643.7695922851562
29.21230697631836,68.44000244140625,1000.0,75.0,-0.05276498571038246,0.02297608181834221,5.0,0.9980347156524658,0.9980347156524658,0.9980347156524658,0.02238304354250431,0.00020880000374745578,0.22953753173351288,1520000.0,-0.010907229036092758,-0.01977547910064459,0.07393278181552887,0.03091326355934143,0.0029305610805749893,2.967172145843506,3798.29443359375,26.226600646972656,18.16118812561035,44.38878631591797,450.5642395019531
29.264209747314453,70.94000244140625,1000.0,76.0,-0.06885027885437012,0.020465893670916557,4.0,0.9998550415039062,0.9998550415039062,0.9998550415039062,0.022516313940286636,0.00020759999461006373,0.22587402164936066,1540000.0,-0.00814710184931755,0.0027601271867752075,-0.14095072448253632,0.02526574395596981,-0.00564751960337162,2.9440081119537354,3839.7724609375,26.26041603088379,15.191488265991211,41.451904296875,482.48687744140625
29.329450607299805,60.2400016784668,1000.0,77.0,-0.07997525483369827,0.021220894530415535,4.0,0.9977713227272034,0.9977713227272034,0.9977713227272034,0.02281789481639862,0.00020640000002458692,0.22337470948696136,1560000.0,-0.009360045194625854,-0.0012129433453083038,0.01128421351313591,0.025581732392311096,0.0003159884363412857,2.9446990489959717,3878.802001953125,25.03678321838379,13.973884582519531,39.01066589355469,512.6802978515625
28.825681686401367,64.27999877929688,1000.0,78.0,-0.09486149251461029,0.020954152569174767,5.0,0.9974386096000671,0.9974386096000671,0.9974386096000671,0.023692576214671135,0.0002052000054391101,0.22007666528224945,1580000.0,-0.011575868353247643,-0.002215823158621788,-0.024965208023786545,0.025598105043172836,1.6372650861740112e-05,2.9160919189453125,3923.7197265625,28.552146911621094,16.338876724243164,44.891021728515625,445.52337646484375
28.897258758544922,67.12000274658203,1000.0,79.0,-0.10429133474826813,0.021814638748764992,4.0,0.9976099729537964,0.9976099729537964,0.9976099729537964,0.023154444992542267,0.00020399999630171806,0.21800930798053741,1600000.0,-0.007495320867747068,0.004080547485500574,0.21068309247493744,0.02806563302874565,0.002467527985572815,2.945115089416504,3964.467041015625,27.134437561035156,13.594281196594238,40.72871780395508,491.0539855957031
28.862451553344727,71.81999969482422,1000.0,80.0,-0.11105471104383469,0.022028693929314613,4.0,0.9986100196838379,0.9986100196838379,0.9986100196838379,0.0233810655772686,0.00020280000171624124,0.21654100716114044,1620000.0,-0.009512008167803288,-0.002016687300056219,-0.0006562601774930954,0.021947089582681656,-0.006118543446063995,2.903378486633301,4004.788330078125,26.75186538696289,13.548316955566406,40.3001823425293,496.2756652832031
29.613567352294922,72.05999755859375,1000.0,81.0,-0.12256177514791489,0.023206224665045738,5.0,0.9968385100364685,0.9968385100364685,0.9968385100364685,0.023296993225812912,0.00020160000713076442,0.21406711637973785,1640000.0,-0.008748689666390419,0.0007633185014128685,-0.17060372233390808,0.029694898054003716,0.00774780847132206,2.940803289413452,4049.539794921875,28.676414489746094,16.054615020751953,44.73102951049805,447.1169128417969
29.310890197753906,67.30000305175781,1000.0,82.0,-0.13405732810497284,0.02159539796411991,4.0,0.9989486336708069,0.9989486336708069,0.9989486336708069,0.023020576685667038,0.00020039999799337238,0.2116173654794693,1660000.0,-0.007240628823637962,0.0015080608427524567,0.15451450645923615,0.026031265035271645,-0.003663633018732071,2.923102378845215,4091.50732421875,28.76915740966797,13.1787748336792,41.94792938232422,476.78155517578125
29.591842651367188,56.959999084472656,1000.0,83.0,-0.14000947773456573,0.020166976377367973,3.0,0.9993410706520081,0.9993410706520081,0.9993410706520081,0.02275724522769451,0.00019920000340789557,0.21036770939826965,1680000.0,-0.004443375393748283,0.002797253429889679,-0.20761287212371826,0.02736637368798256,0.0013351086527109146,2.9364352226257324,4130.21337890625,28.093046188354492,10.593110084533691,38.6861572265625,516.9808349609375
29.364118576049805,59.720001220703125,1000.0,84.0,-0.14879992604255676,0.02085557021200657,4.0,0.9972628951072693,0.9972628951072693,0.9972628951072693,0.023401720449328423,0.00019799999427050352,0.20852965116500854,1700000.0,-0.008782453835010529,-0.004339078441262245,0.005235347896814346,0.027895232662558556,0.0005288589745759964,2.957444429397583,4170.25244140625,27.203445434570312,12.814870834350586,40.018314361572266,499.7711486816406
29.624380111694336,57.84000015258789,1000.0,85.0,-0.1532077044248581,0.020072469487786293,2.0,0.9970870018005371,0.9970870018005371,0.9970870018005371,0.02099563553929329,0.0001967999996850267,0.2076091766357422,1720000.0,0.0007954569300636649,0.009577910765074193,0.07862323522567749,0.028660794720053673,0.0007655620574951172,2.946848154067993,4206.4326171875,29.74912452697754,6.411917686462402,36.161041259765625,553.0814208984375
29.560895919799805,69.18000030517578,1000.0,86.0,-0.16194479167461395,0.022635342553257942,5.0,0.9967948794364929,0.9967948794364929,0.9967948794364929,0.02284718118607998,0.0001956000050995499,0.2058095782995224,1740000.0,-0.011499889194965363,-0.012295346125029027,0.06934016942977905,0.02959022857248783,0.0009294338524341583,2.9405219554901123,4250.44189453125,25.515180587768555,18.475452423095703,43.990631103515625,454.6422424316406
29.35580062866211,71.31999969482422,1000.0,87.0,-0.17061428725719452,0.02062314562499523,5.0,0.9971892833709717,0.9971892833709717,0.9971892833709717,0.023506557568907738,0.00019439999596215785,0.20402999222278595,1760000.0,-0.01150846853852272,-8.579343557357788e-06,0.0016926340758800507,0.028280507773160934,-0.0013097207993268967,2.9517667293548584,4294.68798828125,27.551515579223633,16.6657657623291,44.217281341552734,452.31182861328125
29.299579620361328,73.4800033569336,1000.0,88.0,-0.17829175293445587,0.022312084212899208,4.0,0.9975367784500122,0.9975367784500122,0.9975367784500122,0.023903723806142807,0.00019320000137668103,0.20248402655124664,1780000.0,-0.008601722307503223,0.002906746231019497,-0.24440409243106842,0.027872232720255852,-0.0004082750529050827,2.9747095108032227,4335.99365234375,28.49788475036621,12.789864540100098,41.287750244140625,484.4051818847656
29.448379516601562,65.9000015258789,1000.0,89.0,-0.18687213957309723,0.022437309846282005,5.0,0.9977407455444336,0.9977407455444336,0.9977407455444336,0.023738620802760124,0.00019200000679120421,0.20077216625213623,1800000.0,-0.010562166571617126,-0.001960444264113903,-0.019822854548692703,0.029575379565358162,0.0017031468451023102,2.9816136360168457,4382.4384765625,28.85614013671875,17.564308166503906,46.420448303222656,430.8446044921875
29.23055648803711,58.41999816894531,1000.0,90.0,-0.19562602043151855,0.024723058566451073,5.0,0.9996280670166016,0.9996280670166016,0.9996280670166016,0.023020869120955467,0.00019079999765381217,0.1990247219800949,1820000.0,-0.007479464635252953,0.003082701936364174,-0.05836400389671326,0.030514467507600784,0.0009390879422426224,2.9865622520446777,4426.984375,26.302814483642578,18.224153518676758,44.52696990966797,449.1659851074219
29.512487411499023,59.119998931884766,1000.0,91.0,-0.20770400762557983,0.020400283858180046,5.0,0.9978160858154297,0.9978160858154297,0.9978160858154297,0.02307453565299511,0.00018960000306833535,0.1966470181941986,1840000.0,-0.01162079069763422,-0.0041413260623812675,0.16866779327392578,0.02999723143875599,-0.0005172360688447952,2.9934394359588623,4471.30517578125,25.892684936523438,18.40888786315918,44.30157470703125,451.45123291015625
29.7298526763916,67.95999908447266,1000.0,92.0,-0.2149568498134613,0.020903009921312332,1.0,1.001767873764038,1.001767873764038,1.001767873764038,0.021799152716994286,0.0001883999939309433,0.19523045420646667,1860000.0,0.007050177548080683,0.018670968245714903,0.28334733843803406,0.03167906031012535,0.0016818288713693619,2.9775547981262207,4501.7001953125,26.78931999206543,3.586808919906616,30.376129150390625,658.4117431640625
29.405517578125,63.81999969482422,1000.0,93.0,-0.22071628272533417,0.026011360809206963,5.0,0.9973233938217163,0.9973233938217163,0.9973233938217163,0.02318517677485943,0.0001871999993454665,0.1940930038690567,1880000.0,-0.010984980501234531,-0.018035158049315214,0.2807682156562805,0.02728325128555298,-0.0043958090245723724,2.9564499855041504,4545.91748046875,27.34423828125,16.850486755371094,44.194725036621094,452.5426940917969
29.321861267089844,68.04000091552734,1000.0,94.0,-0.23007741570472717,0.02401372604072094,5.0,0.9986926317214966,0.9986926317214966,0.9986926317214966,0.02324993908405304,0.00018600000475998968,0.19226588308811188,1900000.0,-0.010635778307914734,0.0003492021933197975,0.12333715707063675,0.024976195767521858,-0.0023070555180311203,2.952979326248169,4590.1240234375,27.737262725830078,16.449193954467773,44.186458587646484,452.62738037109375
29.22821044921875,55.900001525878906,1000.0,95.0,-0.2359628677368164,0.02214091829955578,1.0,0.9989370703697205,0.9989370703697205,0.9989370703697205,0.021019309759140015,0.00018479999562259763,0.1911327987909317,1920000.0,0.006409104447811842,0.017044882755726576,0.1380751132965088,0.029335496947169304,0.004359301179647446,2.9634907245635986,4621.63720703125,27.91067123413086,3.582143545150757,31.492815017700195,635.0654907226562
29.18828582763672,65.30000305175781,1000.0,96.0,-0.2451854795217514,0.025514869019389153,5.0,0.9976804256439209,0.9976804256439209,0.9976804256439209,0.02334490790963173,0.00018360000103712082,0.189376100897789,1940000.0,-0.011392266489565372,-0.017801370937377214,-0.07257665693759918,0.0270864125341177,-0.0022490844130516052,2.9664387702941895,4667.62646484375,28.540884017944336,17.418010711669922,45.958892822265625,435.1714782714844
29.631872177124023,59.79999923706055,1000.0,97.0,-0.2611963152885437,0.022342534735798836,5.0,0.9971274137496948,0.9971274137496948,0.9971274137496948,0.023354988545179367,0.000182400006451644,0.18636198341846466,1960000.0,-0.011947188526391983,-0.0005549220368266106,0.2776258885860443,0.02794162556529045,0.0008552130311727524,2.9826393127441406,4713.37255859375,27.59121322631836,18.135957717895508,45.727169036865234,437.376708984375
29.6549129486084,61.20000076293945,1000.0,98.0,-0.2700147032737732,0.02074657939374447,2.0,0.9999130368232727,0.9999130368232727,0.9999130368232727,0.021558623760938644,0.00018119999731425196,0.18472172319889069,1980000.0,0.00019079522462561727,0.0121379837510176,0.04946662485599518,0.029469169676303864,0.0015275441110134125,2.9644343852996826,4746.82568359375,25.845861434936523,7.5883378982543945,33.434200286865234,598.1898803710938
29.657604217529297,60.20000076293945,1000.0,99.0,-0.2746920883655548,0.020236317068338394,4.0,0.997711181640625,0.997711181640625,0.997711181640625,0.023245643824338913,0.00018000000272877514,0.1838557869195938,2000000.0,-0.008930791169404984,-0.0091215863940306,0.07399315387010574,0.03135605528950691,0.0018868856132030487,3.000274658203125,4788.1396484375,27.759220123291016,13.52910327911377,41.28832244873047,484.3984680175781
29.58346939086914,61.81999969482422,1000.0,100.0,-0.28432372212409973,0.026605863124132156,5.0,1.0003465414047241,1.0003465414047241,1.0003465414047241,0.02384207956492901,0.0001787999935913831,0.1820918768644333,2020000.0,-0.011133221909403801,-0.0022024307399988174,0.0376981683075428,0.02910091169178486,-0.0022551435977220535,2.994018316268921,4834.2822265625,29.80642318725586,16.312986373901367,46.119407653808594,433.6568908691406
30.202285766601562,54.099998474121094,1000.0,101.0,-0.29176655411720276,0.023593837395310402,5.0,0.998695969581604,0.998695969581604,0.998695969581604,0.022449791431427002,0.00017759999900590628,0.1807413250207901,2040000.0,-0.01148184109479189,-0.0003486191853880882,-0.1573561728000641,0.030533049255609512,0.0014321375638246536,3.017302989959717,4880.255859375,29.257850646972656,16.693700790405273,45.95254898071289,435.2315673828125
29.435649871826172,55.040000915527344,1000.0,102.0,-0.29760605096817017,0.020849337801337242,5.0,1.002123475074768,1.002123475074768,1.002123475074768,0.022704796865582466,0.00017640000442042947,0.17968839406967163,2060000.0,-0.0015896348049864173,0.009892206289805472,-0.25909918546676636,0.03293842822313309,0.002405378967523575,2.961723804473877,4924.90087890625,27.571121215820312,17.055253982543945,44.62637710571289,448.16546630859375
28.978761672973633,63.900001525878906,1000.0,103.0,-0.300453245639801,0.022206487134099007,2.0,0.9986394047737122,0.9986394047737122,0.9986394047737122,0.02007390931248665,0.00017519999528303742,0.17917820811271667,2080000.0,0.002932504517957568,0.0045221393229439855,0.036549292504787445,0.037599895149469376,0.0046614669263362885,2.9714770317077637,4959.5712890625,27.369096755981445,7.28238582611084,34.65148162841797,577.1759033203125
28.700910568237305,72.16000366210938,1000.0,104.0,-0.29954516887664795,0.022294705733656883,5.0,0.9981376528739929,0.9981376528739929,0.9981376528739929,0.02328488416969776,0.0001740000006975606,0.17934182286262512,2100000.0,-0.013342441990971565,-0.016274946508929133,-0.29426178336143494,0.03034895844757557,-0.0072509367018938065,3.0168404579162598,5004.4365234375,28.479583740234375,16.367219924926758,44.846805572509766,445.962646484375
29.817720413208008,60.880001068115234,1000.0,105.0,-0.30674007534980774,0.020173856988549232,4.0,0.9972664713859558,0.9972664713859558,0.9972664713859558,0.02302222140133381,0.0001728000061120838,0.17805911600589752,2120000.0,-0.00907864235341549,0.004263799637556076,0.13416990637779236,0.03527238965034485,0.0049234312027692795,3.0244593620300293,5047.01806640625,27.967792510986328,14.593887329101562,42.56167984008789,469.9062805175781
30.4542236328125,58.060001373291016,1000.0,106.0,-0.3154986798763275,0.022197002544999123,4.0,0.9979965686798096,0.9979965686798096,0.9979965686798096,0.023109328001737595,0.00017159999697469175,0.17650507390499115,2140000.0,-0.008482905104756355,0.0005957372486591339,-0.20637747645378113,0.034878361970186234,-0.0003940276801586151,3.0224218368530273,5087.69384765625,25.749900817871094,14.907958984375,40.657859802246094,491.9098205566406
30.344453811645508,49.380001068115234,1000.0,107.0,-0.3248271048069,0.021068433299660683,4.0,0.9995696544647217,0.9995696544647217,0.9995696544647217,0.022354109212756157,0.00017040000238921493,0.17486239969730377,2160000.0,-0.00869811698794365,-0.000215211883187294,-0.0879209116101265,0.027393274009227753,-0.007485087960958481,3.004420518875122,5128.42724609375,26.594390869140625,14.11523723602295,40.709625244140625,491.2842712402344
30.016681671142578,68.05999755859375,1000.0,108.0,-0.3322177827358246,0.022737737745046616,5.0,0.9985045194625854,0.9985045194625854,0.9985045194625854,0.02292056195437908,0.0001691999932518229,0.1735743135213852,2180000.0,-0.012317799963057041,-0.003619682975113392,0.17122122645378113,0.026767689734697342,-0.0006255842745304108,2.994389772415161,5173.681640625,28.278369903564453,16.95662498474121,45.23499298095703,442.13555908203125
29.662975311279297,72.27999877929688,1000.0,109.0,-0.339750200510025,0.022348899394273758,6.0,0.9977758526802063,0.9977758526802063,0.9977758526802063,0.023259414359927177,0.00016799999866634607,0.1722719371318817,2200000.0,-0.014273216016590595,-0.001955416053533554,0.1037612110376358,0.026356453076004982,-0.0004112366586923599,3.013235092163086,5223.3515625,28.643959045410156,21.007362365722656,49.65132141113281,402.80902099609375
29.778453826904297,69.04000091552734,1000.0,110.0,-0.3482421934604645,0.022168872877955437,2.0,0.9975279569625854,0.9975279569625854,0.9975279569625854,0.021979352459311485,0.00016680000408086926,0.17081528902053833,2220000.0,2.6250609153066762e-05,0.014299466625743662,0.06482791155576706,0.02954130433499813,0.003184851258993149,3.002291679382324,5257.86181640625,27.168210983276367,7.321137428283691,34.49034881591797,579.8723754882812
30.011093139648438,63.52000045776367,1000.0,111.0,-0.3493401110172272,0.021697351709008217,1.0,0.9997760653495789,0.9997760653495789,0.9997760653495789,0.020199939608573914,0.0001655999949434772,0.170628160238266,2240000.0,0.006170198787003756,0.006143948177850689,0.01173336897045374,0.0297700185328722,0.00022871419787406921,3.033764362335205,5288.6064453125,27.378271102905273,3.347238063812256,30.725509643554688,650.9249267578125
29.960803985595703,62.900001525878906,1000.0,112.0,-0.34781843423843384,0.020693520084023476,1.0,0.9994066953659058,0.9994066953659058,0.9994066953659058,0.020720550790429115,0.0001644000003580004,0.1708877682685852,2260000.0,0.008566954173147678,0.002396755386143923,-0.3043815493583679,0.028529487550258636,-0.0012405309826135635,2.995588779449463,5321.2861328125,29.2198429107666,3.4417879581451416,32.6616325378418,612.3392944335938
29.844263076782227,64.91999816894531,1000.0,113.0,-0.34976914525032043,0.02116582915186882,5.0,0.9963370561599731,0.9963370561599731,0.9963370561599731,0.02300424687564373,0.00016320000577252358,0.1705542951822281,2280000.0,-0.010847861878573895,-0.019414816051721573,-0.07888544350862503,0.02809019759297371,-0.00043928995728492737,2.9928040504455566,5366.19482421875,26.264326095581055,18.626853942871094,44.891178131103516,445.5218200683594
29.5948429107666,64.9000015258789,1000.0,114.0,-0.3495740294456482,0.022902458906173706,6.0,0.9980214238166809,0.9980214238166809,0.9980214238166809,0.023055467754602432,0.00016199999663513154,0.1705884039402008,2300000.0,-0.013416769914329052,-0.0025689080357551575,0.13551956415176392,0.027355043217539787,-0.0007351543754339218,2.9765021800994873,5414.44921875,27.34530258178711,20.88604736328125,48.23134994506836,414.6680603027344
29.40850830078125,59.15999984741211,1000.0,115.0,-0.357068806886673,0.021019063889980316,5.0,0.9978206753730774,0.9978206753730774,0.9978206753730774,0.023547226563096046,0.00016080000204965472,0.16931647062301636,2320000.0,-0.011855845339596272,0.0015609245747327805,0.1486363261938095,0.028733108192682266,0.001378064975142479,3.0046117305755615,5459.99951171875,28.48333168029785,17.0482234954834,45.53155517578125,439.2558288574219
29.23491859436035,61.36000061035156,1000.0,116.0,-0.3703192472457886,0.021805979311466217,5.0,0.996858537197113,0.996858537197113,0.996858537197113,0.022753871977329254,0.00015959999291226268,0.16709311306476593,2340000.0,-0.010358747094869614,0.0014970982447266579,-0.3539924621582031,0.02634456939995289,-0.0023885387927293777,2.985180616378784,5505.72412109375,27.777023315429688,17.928306579589844,45.70532989501953,437.5857238769531
29.231077194213867,62.86000061035156,1000.0,117.0,-0.3780304789543152,0.023594126105308533,4.0,0.997477650642395,0.997477650642395,0.997477650642395,0.022577393800020218,0.00015839999832678586,0.16580888628959656,2360000.0,-0.008910615928471088,0.0014481311663985252,-0.19356530904769897,0.027425747364759445,0.0010811779648065567,2.959617853164673,5547.26025390625,26.97240447998047,14.544089317321777,41.51649475097656,481.7362365722656
29.424272537231445,69.5199966430664,1000.0,118.0,-0.3844233453273773,0.022087758406996727,3.0,0.9992769956588745,0.9992769956588745,0.9992769956588745,0.020593103021383286,0.00015720000374130905,0.16474738717079163,2380000.0,-0.00461804773658514,0.004292568191885948,0.2367081344127655,0.03271646052598953,0.005290713161230087,2.9908106327056885,5584.44970703125,26.164846420288086,11.004119873046875,37.168968200683594,538.0833129882812
29.622814178466797,59.63999938964844,1000.0,119.0,-0.3902474343776703,0.02394992858171463,5.0,0.9983097314834595,0.9983097314834595,0.9983097314834595,0.02255682274699211,0.000155999994603917,0.16378873586654663,2400000.0,-0.011917632073163986,-0.007299584336578846,-0.13119882345199585,0.02837025374174118,-0.004346206784248352,2.987377643585205,5630.09716796875,27.927738189697266,17.700563430786133,45.62830352783203,438.3244323730469
29.971689224243164,58.02000045776367,1000.0,120.0,-0.3933819532394409,0.020091358572244644,4.0,0.9991002678871155,0.9991002678871155,0.9991002678871155,0.022700969129800797,0.0001548000000184402,0.16327650845050812,2420000.0,-0.00900465901941061,0.002912973053753376,-0.1149311512708664,0.029578300192952156,0.0012080464512109756,3.0181472301483154,5672.2021484375,27.224014282226562,14.860762596130371,42.08477783203125,475.231201171875
29.884408950805664,58.459999084472656,1000.0,121.0,-0.39720937609672546,0.021467985585331917,4.0,0.9994853734970093,0.9994853734970093,0.9994853734970093,0.021744519472122192,0.00015360000543296337,0.16265146434307098,2440000.0,-0.010557420551776886,-0.0015527615323662758,0.011799033731222153,0.029281161725521088,-0.0002971384674310684,3.0146443843841553,5712.54248046875,26.219497680664062,14.084497451782227,40.303993225097656,496.2287292480469
29.933866500854492,66.23999786376953,1000.0,122.0,-0.4059476852416992,0.02419874258339405,5.0,0.9967407584190369,0.9967407584190369,0.9967407584190369,0.022349467501044273,0.00015239999629557133,0.16123656928539276,2460000.0,-0.011532256379723549,-0.0009748358279466629,-0.08488404005765915,0.02850606106221676,-0.0007751006633043289,3.009899616241455,5756.8232421875,26.777334213256836,17.48590850830078,44.26324462890625,451.8421630859375
29.067716598510742,61.79999923706055,1000.0,123.0,-0.413056343793869,0.022785093635320663,4.0,1.0014795064926147,1.0014795064926147,1.0014795064926147,0.02269047312438488,0.0001512000017100945,0.1600942611694336,2480000.0,-0.00548162218183279,0.0060506341978907585,0.2932729125022888,0.028594329953193665,8.826889097690582e-05,2.965008020401001,5798.59375,28.553499221801758,13.190757751464844,41.744258880615234,479.1078186035156
29.065406799316406,61.63999938964844,1000.0,124.0,-0.422395795583725,0.023749876767396927,6.0,0.9962955117225647,0.9962955117225647,0.9962955117225647,0.022788386791944504,0.0001500000071246177,0.15860868990421295,2500000.0,-0.015086389146745205,-0.009604766964912415,-0.006624013185501099,0.027796316891908646,-0.0007980130612850189,2.975369453430176,5847.81396484375,28.222793579101562,20.97848892211914,49.2012825012207,406.49346923828125
28.93075942993164,55.86000061035156,1000.0,125.0,-0.4325770139694214,0.02375844493508339,5.0,0.9986124634742737,0.9986124634742737,0.9986124634742737,0.024133149534463882,0.00014879999798722565,0.157000333070755,2520000.0,-0.012199587188661098,0.0028868019580841064,-0.06072179973125458,0.0292369294911623,0.0014406125992536545,2.995713233947754,5892.93603515625,27.146446228027344,17.951427459716797,45.09787368774414,443.4798889160156
29.7616024017334,58.400001525878906,1000.0,126.0,-0.4339463710784912,0.023583170026540756,4.0,0.9984975457191467,0.9984975457191467,0.9984975457191467,0.022545818239450455,0.00014760000340174884,0.1567850559949875,2540000.0,-0.007942168973386288,0.004257418215274811,-0.2751554846763611,0.030435508117079735,0.0011985786259174347,2.9900829792022705,5934.7138671875,26.785682678222656,14.971912384033203,41.7585563659668,478.9437561035156
30.289831161499023,59.0,1000.0,127.0,-0.43900519609451294,0.023704931139945984,6.0,0.994581937789917,0.994581937789917,0.994581937789917,0.022664984688162804,0.0001463999942643568,0.15599466860294342,2560000.0,-0.014631121419370174,-0.006688952445983887,-0.2254236936569214,0.032431282103061676,0.0019957739859819412,3.0348660945892334,5982.65771484375,26.960166931152344,20.965843200683594,47.92601013183594,417.3099365234375
30.222074508666992,62.47999954223633,1000.0,128.0,-0.45254164934158325,0.023083657026290894,4.0,0.9984670281410217,0.9984670281410217,0.9984670281410217,0.02255583181977272,0.00014519999967887998,0.15389785170555115,2580000.0,-0.00964756403118372,0.004983557388186455,-0.17308162152767181,0.030557887628674507,-0.0018733944743871689,3.0093917846679688,6024.833984375,28.848329544067383,13.308403015136719,42.15673065185547,474.4200744628906
29.957300186157227,67.36000061035156,1000.0,129.0,-0.4615974724292755,0.024603646248579025,6.0,0.9994460940361023,0.9994460940361023,0.9994460940361023,0.02319745533168316,0.00014400000509340316,0.15251271426677704,2600000.0,-0.014806571416556835,-0.0051590073853731155,-0.03835895657539368,0.02792094461619854,-0.0026369430124759674,3.019231081008911,6073.1806640625,27.46389389038086,20.864091873168945,48.32798767089844,413.8388977050781
29.581186294555664,63.84000015258789,1000.0,130.0,-0.4669542908668518,0.020057732239365578,4.0,0.9975611567497253,0.9975611567497253,0.9975611567497253,0.02270488627254963,0.00014279999595601112,0.1516954004764557,2620000.0,-0.008733903057873249,0.006072668358683586,0.32091405987739563,0.029065806418657303,0.0011448618024587631,3.018613815307617,6115.4638671875,27.768325805664062,14.496208190917969,42.26453399658203,473.2099914550781
29.763744354248047,57.86000061035156,1000.0,131.0,-0.47440680861473083,0.020268255844712257,4.0,0.9961163997650146,0.9961163997650146,0.9961163997650146,0.021838493645191193,0.0001416000013705343,0.15056781470775604,2640000.0,-0.00899422261863947,-0.0002603195607662201,-0.1380564421415329,0.03078983910381794,0.001724032685160637,3.0242977142333984,6156.47265625,26.559711456298828,14.427311897277832,40.987022399902344,487.9593200683594
30.095138549804688,52.540000915527344,1000.0,132.0,-0.48355141282081604,0.02403208054602146,6.0,0.9980270862579346,0.9980270862579346,0.9980270862579346,0.023031970486044884,0.00014040000678505749,0.1491972804069519,2660000.0,-0.01390189677476883,-0.00490767415612936,-0.15722420811653137,0.030569307506084442,-0.00022053159773349762,3.0266149044036865,6204.033203125,25.63906478881836,21.89731216430664,47.536376953125,420.73040771484375
30.379308700561523,54.13999938964844,1000.0,133.0,-0.49049562215805054,0.02001883275806904,1.0,0.9989240169525146,0.9989240169525146,0.9989240169525146,0.01949734054505825,0.00013919999764766544,0.14816434681415558,2680000.0,0.006657708436250687,0.020559605211019516,0.018554452806711197,0.035099372267723083,0.004530064761638641,3.0250043869018555,6233.81396484375,26.244937896728516,3.5154545307159424,29.760391235351562,672.0341796875
30.02251625061035,61.459999084472656,1000.0,134.0,-0.4949316084384918,0.022059397771954536,4.0,0.9985854625701904,0.9985854625701904,0.9985854625701904,0.022289466112852097,0.00013800000306218863,0.14750903844833374,2700000.0,-0.008773061446845531,-0.015430769883096218,0.038857683539390564,0.02977130562067032,-0.005328066647052765,2.976137638092041,6275.90771484375,27.36367416381836,14.70991325378418,42.073585510253906,475.35760498046875
29.86785125732422,73.86000061035156,1000.0,135.0,-0.5016563534736633,0.022159578278660774,5.0,0.9976804852485657,0.9976804852485657,0.9976804852485657,0.023044046014547348,0.00013679999392479658,0.1465199589729309,2720000.0,-0.011856635101139545,-0.003083573654294014,0.08258064091205597,0.029892733320593834,0.00012142769992351532,2.998213768005371,6321.27783203125,27.01430320739746,18.333711624145508,45.34801483154297,441.03363037109375
29.622159957885742,72.72000122070312,1000.0,136.0,-0.5086085200309753,0.021417908370494843,5.0,0.9985710978507996,0.9985710978507996,0.9985710978507996,0.02237721160054207,0.00013559999933931977,0.1455053836107254,2740000.0,-0.011321389116346836,0.0005352459847927094,0.048232968896627426,0.02883712761104107,-0.001055605709552765,3.0337448120117188,6366.23486328125,27.44253921508789,17.491392135620117,44.93393325805664,445.0979309082031
29.614892959594727,65.5999984741211,1000.0,137.0,-0.515040934085846,0.020409226417541504,3.0,0.9993834495544434,0.9993834495544434,0.9993834495544434,0.022231828421354294,0.00013440000475384295,0.14457228779792786,2760000.0,-0.005539820529520512,0.0057815685868263245,0.2084878832101822,0.02842254750430584,-0.0004145801067352295,3.023615837097168,6404.193359375,28.338245391845703,9.594385147094727,37.93263244628906,527.2505493164062
28.189613342285156,64.36000061035156,1000.0,138.0,-0.5141801238059998,0.02331540547311306,8.0,1.0031592845916748,1.0031592845916748,1.0031592845916748,0.023481661453843117,0.0001331999956164509,0.14469978213310242,2780000.0,-0.008525860495865345,-0.0029860399663448334,-0.6372302770614624,0.026799192652106285,-0.0016233548521995544,2.9592182636260986,6459.88427734375,29.20055389404297,26.472137451171875,55.672691345214844,359.2425537109375
27.6483154296875,67.94000244140625,1000.0,139.0,-0.517173707485199,0.020918147638440132,5.0,1.0003221035003662,1.0003221035003662,1.0003221035003662,0.022716999053955078,0.0001320000010309741,0.14427123963832855,2800000.0,-0.008551493287086487,-2.5632791221141815e-05,-0.08800345659255981,0.03129328414797783,0.004494091495871544,2.9148612022399902,6506.05712890625,28.52088165283203,17.62328338623047,46.1441650390625,433.42425537109375
27.959470748901367,70.45999908447266,1000.0,140.0,-0.5236080884933472,0.02201468124985695,5.0,0.9982890486717224,0.9982890486717224,0.9982890486717224,0.02245042845606804,0.00013080000644549727,0.14335066080093384,2820000.0,-0.013224909082055092,-0.004673415794968605,0.06091364845633507,0.03188946098089218,0.0005961768329143524,3.0122172832489014,6552.1982421875,28.003799438476562,18.11534881591797,46.11914825439453,433.65936279296875
29.27497100830078,74.45999908447266,1000.0,141.0,-0.5349053740501404,0.02046556957066059,5.0,0.997744083404541,0.997744083404541,0.997744083404541,0.021782731637358665,0.00012959999730810523,0.14173860847949982,2840000.0,-0.01284280139952898,0.0003821076825261116,0.34290897846221924,0.0321250781416893,0.00023561716079711914,2.983180046081543,6596.7412109375,26.319622039794922,18.205480575561523,44.52510070800781,449.184814453125
29.8427791595459,76.76000213623047,1000.0,142.0,-0.5466317534446716,0.02218065783381462,6.0,0.9991338849067688,0.9991338849067688,0.9991338849067688,0.023759910836815834,0.00012840000272262841,0.14008545875549316,2860000.0,-0.014668612740933895,-0.0018258113414049149,-0.2599468231201172,0.027671415358781815,-0.004453662782907486,3.022413969039917,6645.41845703125,27.644468307495117,21.000904083251953,48.64537048339844,411.1387939453125
28.52802276611328,80.81999969482422,1000.0,143.0,-0.5598098039627075,0.021918481215834618,7.0,1.0063121318817139,1.0063121318817139,1.0063121318817139,0.021565904840826988,0.00012719999358523637,0.1382596492767334,2880000.0,-0.008208711631596088,0.006459901109337807,0.03752106428146362,0.029587993398308754,0.0019165780395269394,2.9363622665405273,6697.359375,28.057836532592773,23.863317489624023,51.9211540222168,385.199462890625
28.163877487182617,69.27999877929688,1000.0,144.0,-0.567132830619812,0.02006692998111248,5.0,0.9992787837982178,0.9992787837982178,0.9992787837982178,0.02349580079317093,0.00012599999899975955,0.13725531101226807,2900000.0,-0.009772657416760921,-0.001563945785164833,0.03422537446022034,0.03074607253074646,0.001158079132437706,2.9696929454803467,6742.115234375,28.249732971191406,16.484024047851562,44.73475646972656,447.07965087890625
28.33608627319336,73.08000183105469,1000.0,145.0,-0.5758115649223328,0.020626621320843697,5.0,0.9969061017036438,0.9969061017036438,0.9969061017036438,0.022521208971738815,0.00012480000441428274,0.13607057929039001,2920000.0,-0.01191745325922966,-0.0021447958424687386,-0.35298097133636475,0.03146309033036232,0.00071701779961586,2.9671597480773926,6788.27783203125,28.961395263671875,17.17421531677246,46.1356086730957,433.5046081542969
29.634937286376953,70.41999816894531,1000.0,146.0,-0.5863064527511597,0.02187582664191723,5.0,0.9968553185462952,0.9968553185462952,0.9968553185462952,0.021241625770926476,0.0001235999952768907,0.13464714586734772,2940000.0,-0.01145938877016306,0.0004580644890666008,-0.035343997180461884,0.028982622548937798,-0.0024804677814245224,2.978039503097534,6835.49072265625,28.456626892089844,18.73682975769043,47.19345474243164,423.7875671386719
28.501754760742188,71.76000213623047,1000.0,147.0,-0.593981146812439,0.02155107818543911,7.0,1.0045756101608276,1.0045756101608276,1.0045756101608276,0.023015785962343216,0.00012240000069141388,0.1336214244365692,2960000.0,-0.0071271429769694805,0.004332245793193579,-0.2132837027311325,0.030120400711894035,0.0011377781629562378,2.9194350242614746,6886.74365234375,24.47653579711914,26.756561279296875,51.233097076416016,390.3726501464844
28.978622436523438,65.36000061035156,1000.0,148.0,-0.605362594127655,0.020981665700674057,4.0,0.9980981349945068,0.9980981349945068,0.9980981349945068,0.02201121300458908,0.00012119999882997945,0.13211391866207123,2980000.0,-0.00991732720285654,-0.00279018422588706,0.18915720283985138,0.030140751972794533,2.0351260900497437e-05,2.9839210510253906,6928.19921875,25.125455856323242,16.304168701171875,41.429622650146484,482.7463684082031
29.188308715820312,58.47999954223633,1000.0,149.0,-0.6155964136123657,0.02120894379913807,4.0,0.9975743889808655,0.9975743889808655,0.9975743889808655,0.021115340292453766,0.00011999999696854502,0.1307734102010727,3000000.0,-0.009868630208075047,4.869699478149414e-05,0.395821213722229,0.030797695741057396,0.0006569437682628632,3.013892650604248,6968.76171875,25.314496994018555,15.229873657226562,40.54437255859375,493.2867431640625
29.249073028564453,61.0,1000.0,150.0,-0.6202516555786133,0.0242514219135046,6.0,0.9975208044052124,0.9975208044052124,0.9975208044052124,0.022623231634497643,0.0001188000023830682,0.13017801940441132,3020000.0,-0.01416067499667406,-0.004292044788599014,-0.19911155104637146,0.03159242868423462,0.0007947329431772232,2.997011423110962,7017.73779296875,27.2722225189209,21.68349266052246,48.95571517944336,408.532470703125
30.026865005493164,61.900001525878906,1000.0,151.0,-0.6261239647865295,0.021068686619400978,6.0,0.9988582134246826,0.9988582134246826,0.9988582134246826,0.022276317700743675,0.00011760000052163377,0.12943440675735474,3040000.0,-0.01444963738322258,-0.00028896238654851913,-0.030855879187583923,0.027855725958943367,-0.003736702725291252,2.973001480102539,7065.89453125,26.442785263061523,21.68532371520996,48.12910842895508,415.5489196777344
29.490989685058594,71.86000061035156,1000.0,152.0,-0.6368594765663147,0.020679369568824768,6.0,0.9971057176589966,0.9971057176589966,0.9971057176589966,0.02333167940378189,0.00011639999866019934,0.12806575000286102,3060000.0,-0.014414642937481403,3.4994445741176605e-05,-0.023222414776682854,0.030186759307980537,0.0023310333490371704,2.9737472534179688,7114.84765625,27.203550338745117,21.727331161499023,48.93088150024414,408.7398376464844
29.587587356567383,81.62000274658203,1000.0,153.0,-0.6483376026153564,0.02424049936234951,5.0,0.9976884722709656,0.9976884722709656,0.9976884722709656,0.022865494713187218,0.00011519999679876491,0.1266026645898819,3080000.0,-0.014192572794854641,0.0002220701426267624,-0.23521161079406738,0.027503620833158493,-0.0026831384748220444,2.9807825088500977,7160.66748046875,26.717082977294922,19.08421516418457,45.801300048828125,436.6688232421875
28.226909637451172,79.95999908447266,1000.0,154.0,-0.6571661829948425,0.020252730697393417,6.0,1.0049573183059692,1.0049573183059692,1.0049573183059692,0.022011088207364082,0.0001140000022132881,0.12547454237937927,3100000.0,-0.004562107380479574,0.009630465414375067,-0.3516555428504944,0.0274629108607769,-4.07099723815918e-05,2.91758131980896,7209.59033203125,26.390338897705078,22.513689041137695,48.904029846191406,408.9642639160156
28.3448486328125,73.86000061035156,1000.0,155.0,-0.6659848690032959,0.021026063710451126,5.0,0.9985997676849365,0.9985997676849365,0.9985997676849365,0.022442426532506943,0.00011280000035185367,0.1243688091635704,3120000.0,-0.013032280839979649,-0.008470173459500074,-0.18655329942703247,0.029017487540841103,0.0015545766800642014,2.946211576461792,7254.693359375,27.009973526000977,18.073230743408203,45.08320236206055,443.62420654296875
28.46135902404785,58.7400016784668,1000.0,156.0,-0.6735745668411255,0.020008711144328117,4.0,0.9983023405075073,0.9983023405075073,0.9983023405075073,0.02149694226682186,0.00011159999849041924,0.12342464923858643,3140000.0,-0.010227890685200691,0.0028043901547789574,-0.05186687782406807,0.026845688000321388,-0.0021717995405197144,2.960387706756592,7295.51806640625,26.4412841796875,14.365260124206543,40.80654525756836,490.1174621582031
29.4895076751709,56.279998779296875,1000.0,157.0,-0.6812986731529236,0.023591388016939163,5.0,0.9952786564826965,0.9952786564826965,0.9952786564826965,0.02164039947092533,0.00011039999662898481,0.12247408181428909,3160000.0,-0.012595574371516705,-0.0023676836863160133,0.03213590383529663,0.02825537696480751,0.0014096889644861221,2.964658498764038,7340.2490234375,28.11208724975586,16.60028839111328,44.71237564086914,447.303466796875
29.786230087280273,54.279998779296875,1000.0,158.0,-0.6855080127716064,0.02028696984052658,4.0,0.9999929666519165,0.9999929666519165,0.9999929666519165,0.0208093523979187,0.00010920000204350799,0.1219552755355835,3180000.0,-0.009144237264990807,0.003451337106525898,0.03326693922281265,0.029706120491027832,0.0014507435262203217,2.978619337081909,7381.87109375,26.531217575073242,15.072866439819336,41.60408401489258,480.7220458984375
29.116008758544922,62.040000915527344,1000.0,159.0,-0.6940571665763855,0.022686393931508064,6.0,1.001023769378662,1.001023769378662,1.001023769378662,0.022683728486299515,0.00010800000018207356,0.12091400474309921,3200000.0,-0.010114545933902264,-0.0009703086689114571,0.10835029184818268,0.029202818870544434,-0.0005033016204833984,2.976581335067749,7429.90185546875,25.973201751708984,22.038990020751953,48.01219177246094,416.56085205078125
29.371397018432617,70.5199966430664,1000.0,160.0,-0.703336238861084,0.021166568621993065,5.0,0.9983701109886169,0.9983701109886169,0.9983701109886169,0.02093457244336605,0.00010679999832063913,0.11979391425848007,3220000.0,-0.012428871355950832,-0.0023143254220485687,0.09143325686454773,0.030697738751769066,0.0014949198812246323,2.999412775039673,7474.24658203125,27.12917709350586,17.196941375732422,44.32611846923828,451.2012634277344
29.193065643310547,73.81999969482422,1000.0,161.0,-0.714926540851593,0.022720295935869217,7.0,0.9964789748191833,0.9964789748191833,0.9964789748191833,0.022687431424856186,0.0001055999964592047,0.1184108778834343,3240000.0,-0.016385862603783607,-0.003956991247832775,0.05038878694176674,0.03221731632947922,0.0015195775777101517,3.006352424621582,7526.0859375,26.59615135192871,25.223506927490234,51.81965637207031,385.95391845703125
29.954072952270508,70.4800033569336,1000.0,162.0,-0.7259347438812256,0.021614819765090942,5.0,0.997541606426239,0.997541606426239,0.997541606426239,0.021628709509968758,0.00010440000187372789,0.11711862683296204,3260000.0,-0.011946260929107666,0.0044396016746759415,-0.16291683912277222,0.028950916603207588,-0.0032663997262716293,3.0078725814819336,7570.4140625,26.78843116760254,17.51856231689453,44.3069953918457,451.39599609375
29.680526733398438,68.36000061035156,1000.0,163.0,-0.7320647239685059,0.022475745528936386,5.0,0.9980435967445374,0.9980435967445374,0.9980435967445374,0.02220519445836544,0.00010320000001229346,0.11640387028455734,3280000.0,-0.012816363014280796,-0.00087010208517313,-0.2258133888244629,0.029414433985948563,0.0004635173827409744,2.982236623764038,7614.65478515625,27.012134552001953,17.208202362060547,44.2203369140625,452.2806091308594
29.447553634643555,67.05999755859375,1000.0,164.0,-0.7356166243553162,0.025059271603822708,2.0,0.9995554685592651,0.9995554685592651,0.9995554685592651,0.01974124275147915,0.00010199999815085903,0.11599212139844894,3300000.0,0.00013527502596843988,0.012951638040249236,0.03578482195734978,0.031526513397693634,0.0021120794117450714,2.9708781242370605,7649.44091796875,27.794937133789062,6.968378067016602,34.7633171081543,575.319091796875
29.440889358520508,73.63999938964844,1000.0,165.0,-0.7347069382667542,0.020269902423024178,6.0,0.9970943331718445,0.9970943331718445,0.9970943331718445,0.022674376145005226,0.00010080000356538221,0.11609553545713425,3320000.0,-0.015175465494394302,-0.015310740520362742,0.2050161361694336,0.02598092332482338,-0.0055455900728702545,2.9476442337036133,7697.32568359375,26.91193962097168,20.95527458190918,47.86721420288086,417.8225402832031
29.544389724731445,71.77999877929688,1000.0,166.0,-0.7409105896949768,0.022983768954873085,6.0,0.9963758587837219,0.9963758587837219,0.9963758587837219,0.021608462557196617,9.960000170394778e-05,0.11537133157253265,3340000.0,-0.015100274235010147,7.519125938415527e-05,0.4410751461982727,0.027474429458379745,0.001493506133556366,2.976877450942993,7744.712890625,26.093055725097656,21.273836135864258,47.36688995361328,422.2358703613281
29.612668991088867,64.62000274658203,1000.0,167.0,-0.7488328218460083,0.0206252783536911,5.0,0.9986264705657959,0.9986264705657959,0.9986264705657959,0.022324617952108383,9.839999984251335e-05,0.11445896327495575,3360000.0,-0.013066761195659637,0.0020335130393505096,0.019752569496631622,0.028185734525322914,0.0007113050669431686,2.965869188308716,7789.09228515625,26.333328247070312,18.026777267456055,44.360107421875,450.8555603027344
29.562660217285156,57.400001525878906,1000.0,168.0,-0.7574505805969238,0.02071988955140114,5.0,0.998035728931427,0.998035728931427,0.998035728931427,0.02142959274351597,9.719999798107892e-05,0.11348344385623932,3380000.0,-0.013313660398125648,-0.00024689920246601105,0.1492217630147934,0.028199102729558945,1.3368204236030579e-05,2.9948296546936035,7833.7744140625,27.586801528930664,17.067991256713867,44.65479278564453,447.8802490234375
29.88794708251953,55.380001068115234,1000.0,169.0,-0.7666175365447998,0.022372817620635033,6.0,0.9981741905212402,0.9981741905212402,0.9981741905212402,0.022244248539209366,9.600000339560211e-05,0.11245285719633102,3400000.0,-0.014440614730119705,-0.0011269543319940567,0.03359454125165939,0.028421461582183838,0.0002223588526248932,3.008110523223877,7882.0361328125,26.47104263305664,21.770206451416016,48.241249084472656,414.5829772949219
30.336811065673828,51.7400016784668,1000.0,170.0,-0.773677408695221,0.020291220396757126,5.0,0.9982829093933105,0.9982829093933105,0.9982829093933105,0.022543232887983322,9.480000153416768e-05,0.1116533875465393,3420000.0,-0.013253703713417053,0.001186911016702652,-0.0678255632519722,0.03058999963104725,0.002168538048863411,3.030048131942749,7925.8623046875,26.37801742553711,17.42369270324707,43.802711486816406,456.5927429199219
30.194652557373047,57.380001068115234,1000.0,171.0,-0.7810590267181396,0.025729309767484665,6.0,0.9962752461433411,0.9962752461433411,0.9962752461433411,0.022174550220370293,9.359999967273325e-05,0.11082601547241211,3440000.0,-0.015098737552762032,-0.0018450338393449783,0.2740846276283264,0.026603618636727333,-0.003986380994319916,3.0000569820404053,7975.330078125,27.408071517944336,22.041027069091797,49.449100494384766,404.456298828125
30.140775680541992,58.65999984741211,1000.0,172.0,-0.7865315675735474,0.020828161388635635,5.0,0.9961500763893127,0.9961500763893127,0.9961500763893127,0.021477393805980682,9.239999781129882e-05,0.11021645367145538,3460000.0,-0.011494544334709644,0.0036041932180523872,0.3080105185508728,0.029971620067954063,0.0033680014312267303,3.0021045207977295,8020.18017578125,26.6027774810791,18.2275390625,44.83131790161133,446.1167297363281
29.564498901367188,57.02000045776367,1000.0,173.0,-0.7942662835121155,0.02063726633787155,4.0,0.9989708662033081,0.9989708662033081,0.9989708662033081,0.02012038789689541,9.1200003225822e-05,0.1093679890036583,3480000.0,-0.00908928457647562,0.002405259758234024,-0.18711265921592712,0.02872701734304428,-0.0012446027249097824,2.9920568466186523,8061.1806640625,26.638927459716797,14.337750434875488,40.97667694091797,488.08251953125
28.427658081054688,59.400001525878906,1000.0,174.0,-0.8002653121948242,0.020845236256718636,7.0,1.003622055053711,1.003622055053711,1.003622055053711,0.02099303901195526,9.000000136438757e-05,0.1087205708026886,3500000.0,-0.009028309024870396,6.097555160522461e-05,0.046947069466114044,0.029842698946595192,0.001115681603550911,2.9508793354034424,8112.51904296875,26.8753719329834,24.438060760498047,51.31343078613281,389.7615051269531
28.231748580932617,65.83999633789062,1000.0,175.0,-0.8109256029129028,0.021870063617825508,6.0,0.9985842108726501,0.9985842108726501,0.9985842108726501,0.022490842267870903,8.879999950295314e-05,0.10757002979516983,3520000.0,-0.015924863517284393,-0.006896554492413998,-0.08451472967863083,0.029765471816062927,-7.722713053226471e-05,2.96681547164917,8161.21337890625,27.408048629760742,21.266508102416992,48.674556732177734,410.89227294921875
28.5437068939209,74.13999938964844,1000.0,176.0,-0.8194534778594971,0.021278107538819313,5.0,0.9968862533569336,0.9968862533569336,0.9968862533569336,0.02101229876279831,8.759999764151871e-05,0.10665854811668396,3540000.0,-0.012435822747647762,0.003489040769636631,0.12001161277294159,0.02940925396978855,-0.0003562178462743759,3.0070602893829346,8203.576171875,25.660118103027344,16.683269500732422,42.343387603759766,472.3287658691406
29.133886337280273,71.19999694824219,1000.0,177.0,-0.826473593711853,0.020174318924546242,6.0,0.9982818365097046,0.9982818365097046,0.9982818365097046,0.0220029279589653,8.64000030560419e-05,0.1059066504240036,3560000.0,-0.010993748903274536,0.0014420738443732262,0.20109175145626068,0.0298845786601305,0.00047532469034194946,2.977926015853882,8252.134765625,28.311155319213867,20.2215576171875,48.532711029052734,412.0931701660156
29.343460083007812,68.5999984741211,1000.0,178.0,-0.8359066247940063,0.021945221349596977,7.0,0.9979882836341858,0.9979882836341858,0.9979882836341858,0.02159665711224079,8.520000119460747e-05,0.1049109548330307,3580000.0,-0.015797380357980728,-0.004803631454706192,-0.139831081032753,0.03136911243200302,0.0014845337718725204,3.0008137226104736,8304.3935546875,27.657304763793945,24.579124450683594,52.236427307128906,382.87457275390625
29.499906539916992,67.26000213623047,1000.0,179.0,-0.8464698195457458,0.02132098563015461,6.0,0.9965614676475525,0.9965614676475525,0.9965614676475525,0.022393757477402687,8.399999933317304e-05,0.10380655527114868,3600000.0,-0.01692948490381241,-0.0011321045458316803,-0.10819585621356964,0.03136494755744934,-4.16487455368042e-06,2.9926276206970215,8352.5400390625,27.307308197021484,20.811677932739258,48.118988037109375,415.6363525390625
29.712909698486328,77.87999725341797,1000.0,180.0,-0.8572493195533752,0.020103517919778824,6.0,0.999641478061676,0.999641478061676,0.999641478061676,0.021951019763946533,8.27999974717386e-05,0.10269764810800552,3620000.0,-0.016236169263720512,0.0006933156400918961,-0.13318179547786713,0.026317408308386803,-0.005047539249062538,2.988628387451172,8400.4912109375,27.01468276977539,20.916149139404297,47.93083190917969,417.2679443359375
29.234575271606445,75.55999755859375,1000.0,181.0,-0.8657565712928772,0.02057715132832527,6.0,0.997926652431488,0.997926652431488,0.997926652431488,0.022190410643815994,8.160000288626179e-05,0.1018364429473877,3640000.0,-0.016604967415332794,-0.0003687981516122818,0.31266114115715027,0.027234133332967758,0.0009167250245809555,2.9938223361968994,8447.98828125,25.263614654541016,22.21501922607422,47.478633880615234,421.24212646484375
29.293930053710938,77.41999816894531,1000.0,182.0,-0.8750393986701965,0.020993981510400772,5.0,0.9987242817878723,0.9987242817878723,0.9987242817878723,0.020364761352539062,8.040000102482736e-05,0.10089682042598724,3660000.0,-0.012329421006143093,0.004275546409189701,0.05293923243880272,0.0288394745439291,0.0016053412109613419,2.991260051727295,8491.4384765625,24.794870376586914,18.635723114013672,43.43059158325195,460.5048828125
29.291122436523438,79.31999969482422,1000.0,183.0,-0.8842995762825012,0.02074376493692398,6.0,1.0002378225326538,1.0002378225326538,1.0002378225326538,0.021002136170864105,7.919999916339293e-05,0.0999729186296463,3680000.0,-0.014928494580090046,-0.002599073573946953,-0.2655177712440491,0.02724006399512291,-0.0015994105488061905,2.9685869216918945,8539.046875,26.22867774963379,21.36067771911621,47.58935546875,420.2620544433594
29.7606258392334,79.62000274658203,1000.0,184.0,-0.8903916478157043,0.020652318373322487,7.0,0.9959682822227478,0.9959682822227478,0.9959682822227478,0.02229445055127144,7.79999973019585e-05,0.09936834126710892,3700000.0,-0.016459031030535698,-0.001530536450445652,-0.10095281898975372,0.029033057391643524,0.0017929933965206146,2.9987924098968506,8589.5048828125,25.979198455810547,24.45797348022461,50.437171936035156,396.5329284667969
29.38143539428711,72.91999816894531,1000.0,185.0,-0.8978882431983948,0.022046322003006935,6.0,0.9976719617843628,0.9976719617843628,0.9976719617843628,0.021198786795139313,7.680000271648169e-05,0.0986320972442627,3720000.0,-0.015198584645986557,0.001260446384549141,0.017287693917751312,0.027851590886712074,-0.0011814665049314499,2.955531597137451,8636.1484375,26.867534637451172,19.744937896728516,46.61347198486328,429.0605163574219
29.416831970214844,69.86000061035156,1000.0,186.0,-0.9055925607681274,0.020326249301433563,6.0,0.9985507130622864,0.9985507130622864,0.9985507130622864,0.02160649001598358,7.560000085504726e-05,0.0978798195719719,3740000.0,-0.015320192091166973,-0.00012160744518041611,0.32909464836120605,0.028085658326745033,0.00023406744003295898,2.979721784591675,8683.916015625,28.098905563354492,19.642309188842773,47.741214752197266,418.9252624511719
29.495256423950195,60.02000045776367,1000.0,187.0,-0.9168650507926941,0.02347811684012413,8.0,0.9976467490196228,0.9976467490196228,0.9976467490196228,0.022118618711829185,7.439999899361283e-05,0.09678810089826584,3760000.0,-0.020187323912978172,-0.004867131821811199,0.06966345012187958,0.027147551998496056,-0.0009381063282489777,2.982936143875122,8738.8486328125,27.877159118652344,27.035093307495117,54.912254333496094,364.2174377441406
29.799633026123047,66.5199966430664,1000.0,188.0,-0.9286604523658752,0.02077440731227398,7.0,0.997331976890564,0.997331976890564,0.997331976890564,0.021689899265766144,7.31999971321784e-05,0.09565479308366776,3780000.0,-0.017820611596107483,0.0023667123168706894,-0.10898248106241226,0.030670257285237312,0.0035227052867412567,2.983563184738159,8789.875,27.673871994018555,23.33049964904785,51.00537109375,392.1155700683594
29.886962890625,59.400001525878906,1000.0,189.0,-0.9374536275863647,0.020914312452077866,6.0,1.0012192726135254,1.0012192726135254,1.0012192726135254,0.020885860547423363,7.200000254670158e-05,0.09482033550739288,3800000.0,-0.011238450184464455,0.006582161411643028,-0.11850632727146149,0.030482307076454163,-0.00018795020878314972,2.9571123123168945,8837.15625,26.689952850341797,20.571237564086914,47.26219177246094,423.1712341308594
30.103271484375,65.83999633789062,1000.0,190.0,-0.9464120864868164,0.020620722323656082,7.0,0.9984790086746216,0.9984790086746216,0.9984790086746216,0.021301500499248505,7.080000068526715e-05,0.09396911412477493,3820000.0,-0.016709232702851295,-0.005470782518386841,0.12138807773590088,0.027937205508351326,-0.0025451015681028366,2.962219476699829,8887.5029296875,25.861007690429688,24.46682357788086,50.32783126831055,397.3944396972656
30.361896514892578,68.0199966430664,1000.0,191.0,-0.9538871049880981,0.02045212686061859,6.0,0.99698406457901,0.99698406457901,0.99698406457901,0.022512415423989296,6.959999882383272e-05,0.09326925128698349,3840000.0,-0.01680966652929783,-0.0001004338264465332,0.11875716596841812,0.029751161113381386,0.0018139556050300598,2.992335796356201,8934.1708984375,25.35041618347168,21.29648208618164,46.64690017700195,428.7530517578125
30.455175399780273,69.23999786376953,1000.0,192.0,-0.9625729918479919,0.020340487360954285,6.0,0.9983236193656921,0.9983236193656921,0.9983236193656921,0.020546233281493187,6.839999696239829e-05,0.092460036277771,3860000.0,-0.016266092658042908,0.000543573871254921,-0.027978353202342987,0.030038775876164436,0.00028761476278305054,2.9601542949676514,8980.701171875,25.581485748291016,20.921009063720703,46.50249481201172,430.0844421386719
30.272146224975586,64.4800033569336,1000.0,193.0,-0.9744910001754761,0.021796034649014473,8.0,0.9969937801361084,0.9969937801361084,0.9969937801361084,0.021682435646653175,6.720000237692147e-05,0.09136366844177246,3880000.0,-0.019255410879850388,-0.00298931822180748,0.12006276845932007,0.02871270850300789,-0.0013260673731565475,2.972885847091675,9034.552734375,26.008563995361328,27.8228759765625,53.83143997192383,371.53009033203125
30.09069061279297,60.15999984741211,1000.0,194.0,-0.9871964454650879,0.02265952154994011,8.0,0.996105432510376,0.996105432510376,0.996105432510376,0.021653052419424057,6.600000051548705e-05,0.09021631628274918,3900000.0,-0.018573053181171417,0.0006823576986789703,-0.277795672416687,0.027006447315216064,-0.0017062611877918243,2.999321460723877,9087.658203125,25.679506301879883,27.404727935791016,53.08423614501953,376.75970458984375
29.919044494628906,60.619998931884766,1000.0,195.0,-0.9986047148704529,0.02000444009900093,7.0,0.9971556663513184,0.9971556663513184,0.9971556663513184,0.021195149049162865,6.479999865405262e-05,0.08919738978147507,3920000.0,-0.017688961699604988,0.0008840914815664291,0.3100348114967346,0.03009776584804058,0.0030913185328245163,3.0159080028533936,9138.103515625,26.233936309814453,24.190643310546875,50.42457962036133,396.6319885253906
29.673561096191406,68.9000015258789,1000.0,196.0,-1.0065727233886719,0.021228421479463577,6.0,0.9966847896575928,0.9966847896575928,0.9966847896575928,0.01992986910045147,6.359999679261819e-05,0.08849574625492096,3940000.0,-0.01585380546748638,0.0018351562321186066,0.004702776670455933,0.024339012801647186,-0.0057587530463933945,2.965437173843384,9184.1796875,26.262269973754883,19.793336868286133,46.055606842041016,434.2576599121094
29.887338638305664,72.37999725341797,1000.0,197.0,-1.0125257968902588,0.020426731556653976,8.0,0.996399998664856,0.996399998664856,0.996399998664856,0.021527856588363647,6.240000220714137e-05,0.08797896653413773,3960000.0,-0.019418252632021904,-0.0035644471645355225,0.037928543984889984,0.02997734770178795,0.005638334900140762,2.9885897636413574,9237.24609375,26.360063552856445,26.68766975402832,53.047733306884766,377.0189514160156
29.93454360961914,73.73999786376953,1000.0,198.0,-1.0191936492919922,0.022006187587976456,8.0,0.9971370100975037,0.9971370100975037,0.9971370100975037,0.0218280628323555,6.120000034570694e-05,0.08740268647670746,3980000.0,-0.01957613229751587,-0.00015787966549396515,-0.14775350689888,0.02748452126979828,-0.00249282643198967,2.9992103576660156,9289.7978515625,25.795772552490234,26.73297119140625,52.528743743896484,380.7439270019531
30.114295959472656,73.91999816894531,1000.0,199.0,-1.0273429155349731,0.02252866141498089,7.0,0.998654842376709,0.998654842376709,0.998654842376709,0.020894575864076614,5.999999848427251e-05,0.08671001344919205,4000000.0,-0.01871359907090664,0.00086253322660923,0.442970335483551,0.02870507910847664,0.00122055783867836,2.988889694213867,9339.658203125,25.734527587890625,24.105579376220703,49.84010696411133,401.28326416015625
29.710647583007812,70.86000061035156,1000.0,200.0,-1.0346542596817017,0.022384166717529297,8.0,0.9977984428405762,0.9977984428405762,0.9977984428405762,0.021127304062247276,5.880000026081689e-05,0.08608093112707138,4020000.0,-0.019786207005381584,-0.001072607934474945,0.16322782635688782,0.028916113078594208,0.00021103397011756897,2.986766815185547,9393.2255859375,25.836103439331055,27.707937240600586,53.54404067993164,373.5242919921875
29.83551025390625,61.31999969482422,1000.0,201.0,-1.044214129447937,0.02090008556842804,7.0,0.996789276599884,0.996789276599884,0.996789276599884,0.0204310342669487,5.759999839938246e-05,0.08527260273694992,4040000.0,-0.01778877153992653,0.0019974354654550552,0.18378758430480957,0.029615074396133423,0.0006989613175392151,3.018815040588379,9442.0625,25.710363388061523,23.106542587280273,48.8169059753418,409.6941223144531
30.0003604888916,60.13999938964844,1000.0,202.0,-1.0547312498092651,0.020647652447223663,8.0,0.9977400302886963,0.9977400302886963,0.9977400302886963,0.020432554185390472,5.6400000175926834e-05,0.08438481390476227,4060000.0,-0.019988959655165672,-0.0022001881152391434,-0.03722982108592987,0.02642633020877838,-0.0031887441873550415,3.0137150287628174,9494.830078125,26.92890167236328,25.817974090576172,52.74687576293945,379.16937255859375
29.930131912231445,71.87999725341797,1000.0,203.0,-1.0653142929077148,0.02010386437177658,8.0,0.9973188638687134,0.9973188638687134,0.9973188638687134,0.020390696823596954,5.5199998314492404e-05,0.08349628746509552,4080000.0,-0.019165227189660072,0.0008237324655056,-0.14124006032943726,0.027729954570531845,0.0013036243617534637,2.996103048324585,9548.82421875,27.783153533935547,26.189546585083008,53.97270202636719,370.5577087402344
29.672893524169922,79.33999633789062,1000.0,204.0,-1.0754166841506958,0.02151549607515335,8.0,0.9978111386299133,0.9978111386299133,0.9978111386299133,0.021378623321652412,5.400000009103678e-05,0.08264920860528946,4100000.0,-0.020474063232541084,-0.001308836042881012,-0.0887039378285408,0.028838425874710083,0.001108471304178238,3.0096967220306396,9603.2353515625,27.304689407348633,27.082374572753906,54.38706588745117,367.7344970703125
29.684982299804688,81.13999938964844,1000.0,205.0,-1.0858207941055298,0.022431273013353348,7.0,0.9975481033325195,0.9975481033325195,0.9975481033325195,0.021174771711230278,5.279999822960235e-05,0.08178739994764328,4120000.0,-0.018614595755934715,0.001859467476606369,0.37476858496665955,0.02840610221028328,-0.0004323236644268036,3.0309033393859863,9653.1064453125,26.999385833740234,22.846633911132812,49.84601974487305,401.23565673828125
29.758955001831055,68.12000274658203,1000.0,206.0,-1.0921121835708618,0.027470508590340614,9.0,0.996248722076416,0.996248722076416,0.996248722076416,0.021185675635933876,5.160000000614673e-05,0.0812755897641182,4140000.0,-0.02163633145391941,-0.0030217356979846954,0.19696852564811707,0.02816898375749588,-0.0002371184527873993,3.033308506011963,9709.7587890625,26.569934844970703,30.05982208251953,56.629756927490234,353.1712341308594
29.84392547607422,67.0999984741211,1000.0,207.0,-1.1008679866790771,0.020180337131023407,9.0,0.9981049299240112,0.9981049299240112,0.9981049299240112,0.021197177469730377,5.0400001782691106e-05,0.08056677877902985,4160000.0,-0.02197529748082161,-0.0003389660269021988,0.07096914201974869,0.030245032161474228,0.0020760484039783478,3.036634683609009,9766.576171875,26.727807998657227,30.068830490112305,56.79663848876953,352.1335144042969
29.906984329223633,58.15999984741211,1000.0,208.0,-1.1099047660827637,0.02166677825152874,9.0,0.999804675579071,0.999804675579071,0.999804675579071,0.021320810541510582,4.9199999921256676e-05,0.07985028624534607,4180000.0,-0.02149447239935398,0.0004808250814676285,0.05306503176689148,0.02880139835178852,-0.001443633809685707,3.040905475616455,9823.60546875,26.92156219482422,30.087202072143555,57.00876235961914,350.8232421875
30.081501007080078,57.939998626708984,1000.0,209.0,-1.1199733018875122,0.021542716771364212,10.0,0.9967020750045776,0.9967020750045776,0.9967020750045776,0.02106443978846073,4.8000001697801054e-05,0.07906845957040787,4200000.0,-0.022091155871748924,-0.0005966834723949432,0.2722240090370178,0.029227538034319878,0.0004261396825313568,3.0204219818115234,9882.8369140625,26.793466567993164,32.41301727294922,59.206485748291016,337.80084228515625
29.553028106689453,57.97999954223633,1000.0,210.0,-1.1305559873580933,0.021278930827975273,10.0,0.999372124671936,0.999372124671936,0.999372124671936,0.020953156054019928,4.6799999836366624e-05,0.07823934406042099,4220000.0,-0.01973939687013626,0.0023517590016126633,-0.21826490759849548,0.03141747787594795,0.0021899398416280746,3.0153231620788574,9942.62890625,28.166053771972656,31.603755950927734,59.77081298828125,334.6114807128906
29.189281463623047,62.459999084472656,1000.0,211.0,-1.141282320022583,0.020049814134836197,9.0,0.9977550506591797,0.9977550506591797,0.9977550506591797,0.02071942575275898,4.5600001612911e-05,0.07739104330539703,4240000.0,-0.021909888833761215,-0.0021704919636249542,-0.05389010161161423,0.032072972506284714,0.0006554946303367615,2.9969964027404785,9998.99609375,28.351640701293945,27.995267868041992,56.34690856933594,354.94403076171875
29.08737564086914,60.91999816894531,1000.0,212.0,-1.152745008468628,0.022094860672950745,10.0,0.9972856640815735,0.9972856640815735,0.9972856640815735,0.020978014916181564,4.439999975147657e-05,0.07650105655193329,4260000.0,-0.02292501926422119,-0.0010151304304599762,-0.3670768737792969,0.02828887663781643,-0.0037840958684682846,2.9725141525268555,10059.2607421875,27.818599700927734,32.42515563964844,60.24375534057617,331.984619140625
29.73943519592285,62.29999923706055,1000.0,213.0,-1.1624197959899902,0.021074708551168442,10.0,0.9973675012588501,0.9973675012588501,0.9973675012588501,0.02075391449034214,4.320000152802095e-05,0.075759157538414,4280000.0,-0.022079719230532646,0.0008453000336885452,-0.22481459379196167,0.029667336493730545,0.001378459855914116,2.9982354640960693,10118.9775390625,27.064685821533203,32.63090515136719,59.69559097290039,335.0331115722656
30.029640197753906,66.83999633789062,1000.0,214.0,-1.1706602573394775,0.02195790782570839,11.0,0.9966554045677185,0.9966554045677185,0.9966554045677185,0.020890608429908752,4.199999966658652e-05,0.07513505220413208,4300000.0,-0.02363860234618187,-0.0015588831156492233,-0.44936197996139526,0.03080255538225174,0.0011352188885211945,2.985901117324829,10182.48828125,25.875873565673828,37.613739013671875,63.48960876464844,315.0121765136719
30.19393539428711,72.05999755859375,1000.0,215.0,-1.1791414022445679,0.022530553862452507,12.0,0.9970476627349854,0.9970476627349854,0.9970476627349854,0.021100888028740883,4.0800001443130895e-05,0.07450257986783981,4320000.0,-0.02334657683968544,0.00029202550649642944,0.498100608587265,0.02832377701997757,-0.00247877836227417,2.9768176078796387,10246.7412109375,24.52943229675293,39.70203399658203,64.2314682006836,311.3738708496094
29.5834903717041,74.5199966430664,1000.0,216.0,-1.186133861541748,0.02064681053161621,10.0,0.99703449010849,0.99703449010849,0.99703449010849,0.02041432075202465,3.9599999581696466e-05,0.07398656755685806,4340000.0,-0.02369065210223198,-0.0003440752625465393,0.10825803875923157,0.027257930487394333,-0.0010658465325832367,2.9480605125427246,10305.9599609375,26.252307891845703,32.94551467895508,59.19782257080078,337.8502502441406
29.279556274414062,71.05999755859375,1000.0,217.0,-1.1984496116638184,0.020236672833561897,11.0,0.9959675073623657,0.9959675073623657,0.9959675073623657,0.02060537599027157,3.840000135824084e-05,0.07308641821146011,4360000.0,-0.024056391790509224,-0.00036573968827724457,0.1890636384487152,0.02813180536031723,0.0008738748729228973,2.9944727420806885,10368.1240234375,26.689868927001953,35.45265197753906,62.142520904541016,321.8408203125
29.301616668701172,58.7400016784668,1000.0,218.0,-1.2095401287078857,0.02119310386478901,12.0,0.9968631863594055,0.9968631863594055,0.9968631863594055,0.021007495000958443,3.719999949680641e-05,0.07228067517280579,4380000.0,-0.021384157240390778,0.0026722345501184464,-0.0875430703163147,0.03215103596448898,0.004019230604171753,2.9742186069488525,10433.0009765625,26.430286407470703,38.425880432128906,64.85616302490234,308.37469482421875
30.269176483154297,50.900001525878906,1000.0,219.0,-1.2208545207977295,0.021213790401816368,13.0,0.9978765249252319,0.9978765249252319,0.9978765249252319,0.020913846790790558,3.600000127335079e-05,0.07146774232387543,4400000.0,-0.025743402540683746,-0.004359245300292969,0.06264547258615494,0.03118988126516342,-0.0009611546993255615,3.0378077030181885,10502.2841796875,26.773019790649414,42.4869499206543,69.26097869873047,288.76287841796875
30.136096954345703,51.459999084472656,1000.0,220.0,-1.2336934804916382,0.020332174375653267,12.0,0.9979468584060669,0.9979468584060669,0.9979468584060669,0.020576098933815956,3.479999941191636e-05,0.07056892663240433,4420000.0,-0.026279261335730553,-0.0005358587950468063,-0.06059342622756958,0.03019491396844387,-0.000994967296719551,2.9877030849456787,10567.4697265625,26.28391456604004,38.88068389892578,65.16459655761719,306.91510009765625
30.20441436767578,56.47999954223633,1000.0,221.0,-1.2468947172164917,0.02082880772650242,12.0,0.9968011975288391,0.9968011975288391,0.9968011975288391,0.020335184410214424,3.360000118846074e-05,0.06964606791734695,4440000.0,-0.025057272985577583,0.0012219883501529694,-0.08852116763591766,0.028072483837604523,-0.002122430130839348,2.9977502822875977,10633.4912109375,28.01256561279297,37.98678970336914,65.99935150146484,303.03326416015625
29.70233917236328,66.0199966430664,1000.0,222.0,-1.2573517560958862,0.02248561941087246,13.0,0.9969374537467957,0.9969374537467957,0.9969374537467957,0.020528556779026985,3.239999932702631e-05,0.06891313940286636,4460000.0,-0.025666968896985054,-0.0006096959114074707,0.20681750774383545,0.026430580765008926,-0.0016419030725955963,3.003800392150879,10703.5771484375,27.676883697509766,42.38731384277344,70.06419372558594,285.4525146484375
29.858793258666992,64.91999816894531,1000.0,223.0,-1.2691798210144043,0.020174795761704445,13.0,0.9963366985321045,0.9963366985321045,0.9963366985321045,0.019610494375228882,3.1200001103570685e-05,0.0680951476097107,4480000.0,-0.02475910633802414,0.0009078625589609146,-0.15598294138908386,0.026071667671203613,-0.0003589130938053131,2.991954803466797,10772.724609375,27.141759872436523,41.98163986206055,69.12339782714844,289.3376159667969
29.84820556640625,67.33999633789062,1000.0,224.0,-1.2828572988510132,0.02028876170516014,13.0,0.996881902217865,0.996881902217865,0.996881902217865,0.02038453333079815,2.9999999242136255e-05,0.06715985387563705,4500000.0,-0.02627917379140854,-0.0015200674533843994,0.030089113861322403,0.027995575219392776,0.0019239075481891632,3.004193067550659,10840.3681640625,25.4030704498291,42.21863555908203,67.6217041015625,295.7630310058594
30.31377601623535,61.599998474121094,1000.0,225.0,-1.2963414192199707,0.0215131938457489,15.0,0.9964559078216553,0.9964559078216553,0.9964559078216553,0.02006610669195652,2.879999919969123e-05,0.0662519559264183,4520000.0,-0.028225474059581757,-0.0019463002681732178,-0.24120968580245972,0.028257282450795174,0.00026170723140239716,3.037686586380005,10913.80859375,24.43063735961914,48.98695755004883,73.41759490966797,272.4142761230469
30.84577178955078,55.900001525878906,1000.0,226.0,-1.3101859092712402,0.020927079021930695,15.0,0.9951238632202148,0.9951238632202148,0.9951238632202148,0.020751990377902985,2.7599999157246202e-05,0.06533856689929962,4540000.0,-0.02685469016432762,0.0013707838952541351,-0.04310666397213936,0.03175899013876915,0.003501707687973976,3.0697755813598633,10989.2197265625,26.55435562133789,48.83509826660156,75.38945007324219,265.2890930175781
30.614118576049805,50.2599983215332,1000.0,227.0,-1.319771647453308,0.020670026540756226,16.0,0.9970017671585083,0.9970017671585083,0.9970017671585083,0.020157087594270706,2.6399999114801176e-05,0.06471829861402512,4560000.0,-0.028682027012109756,-0.001827336847782135,-0.08663076162338257,0.029513966292142868,-0.0022450238466262817,3.0178349018096924,11066.412109375,24.857868194580078,52.30995559692383,77.1678237915039,259.1753845214844
30.180831909179688,53.63999938964844,1000.0,228.0,-1.330113172531128,0.020395688712596893,16.0,0.9968189597129822,0.9968189597129822,0.9968189597129822,0.019163768738508224,2.5200000891345553e-05,0.06405041366815567,4580000.0,-0.027303723618388176,0.0013783033937215805,-0.06997460871934891,0.02819916233420372,-0.001314803957939148,2.9925756454467773,11141.7490234375,24.06205177307129,51.251739501953125,75.31379699707031,265.55560302734375
29.51473617553711,56.2599983215332,1000.0,229.0,-1.3432128429412842,0.020727427676320076,17.0,0.9948894381523132,0.9948894381523132,0.9948894381523132,0.01980193890631199,2.4000000848900527e-05,0.06322047114372253,4600000.0,-0.02917351946234703,-0.0018697958439588547,0.1704844981431961,0.028201479464769363,2.3171305656433105e-06,2.9903624057769775,11222.9052734375,26.502578735351562,54.62953186035156,81.13211059570312,246.5115203857422
29.809541702270508,57.599998474121094,1000.0,230.0,-1.3555487394332886,0.020941898226737976,17.0,0.9947459101676941,0.9947459101676941,0.9947459101676941,0.020529095083475113,2.28000008064555e-05,0.062446121126413345,4620000.0,-0.028188377618789673,0.0009851418435573578,0.14033660292625427,0.02950672060251236,0.0013052411377429962,3.004024028778076,11302.0771484375,23.672557830810547,55.47121810913086,79.1437759399414,252.70465087890625
29.9726505279541,58.0,1000.0,231.0,-1.3680928945541382,0.02009529434144497,17.0,0.9980031251907349,0.9980031251907349,0.9980031251907349,0.01951778493821621,2.1600000764010474e-05,0.06166905164718628,4640000.0,-0.028437111526727676,-0.00024873390793800354,0.046563729643821716,0.027906693518161774,-0.001600027084350586,3.0016958713531494,11381.0341796875,23.47475814819336,55.45671844482422,78.93247985839844,253.38111877441406
29.757402420043945,62.7599983215332,1000.0,232.0,-1.3776644468307495,0.020219875499606133,20.0,0.9970586895942688,0.9970586895942688,0.9970586895942688,0.019787995144724846,2.0400000721565448e-05,0.061085786670446396,4660000.0,-0.02937723509967327,-0.0009401235729455948,-0.08772756159305573,0.025671616196632385,-0.0022350773215293884,2.9952754974365234,11470.5517578125,24.872520446777344,64.61405944824219,89.48657989501953,223.4971923828125
29.891969680786133,65.08000183105469,1000.0,233.0,-1.3881803750991821,0.020204173400998116,20.0,0.9988795518875122,0.9988795518875122,0.9988795518875122,0.019540468230843544,1.920000067912042e-05,0.06045212969183922,4680000.0,-0.029390757903456688,-1.3522803783416748e-05,0.1106952577829361,0.028732143342494965,0.0030605271458625793,3.0152206420898438,11557.935546875,23.005329132080078,64.35322570800781,87.35855865478516,228.94151306152344
29.6949462890625,70.04000091552734,1000.0,234.0,-1.401301383972168,0.020203493535518646,21.0,0.9977631568908691,0.9977631568908691,0.9977631568908691,0.019695967435836792,1.8000000636675395e-05,0.05965856835246086,4700000.0,-0.02966601960361004,-0.00027526170015335083,-0.005295813083648682,0.026992440223693848,-0.001739703118801117,3.031736135482788,11650.2490234375,25.955303192138672,66.33477020263672,92.29006958007812,216.70803833007812
30.411569595336914,61.459999084472656,1000.0,235.0,-1.4126362800598145,0.02006499096751213,22.0,0.9955673217773438,0.9955673217773438,0.9955673217773438,0.019533595070242882,1.680000059423037e-05,0.058985043317079544,4720000.0,-0.029757710173726082,-9.169057011604309e-05,0.25178831815719604,0.031090399250388145,0.004097959026694298,3.0470824241638184,11745.9892578125,25.968477249145508,69.74324035644531,95.71172332763672,208.96083068847656
30.736587524414062,56.86000061035156,1000.0,236.0,-1.4228522777557373,0.020182548090815544,21.0,0.9965844750404358,0.9965844750404358,0.9965844750404358,0.019181670621037483,1.5600000551785342e-05,0.058388348668813705,4740000.0,-0.02989470772445202,-0.0001369975507259369,0.04938797280192375,0.03057710826396942,-0.0005132909864187241,3.0758121013641357,11836.0,23.461463928222656,66.52294158935547,89.98440551757812,222.2607421875
30.80617904663086,60.58000183105469,1000.0,237.0,-1.4355359077453613,0.020909147337079048,28.0,0.9965634346008301,0.9965634346008301,0.9965634346008301,0.01948499120771885,1.4399999599845614e-05,0.057653769850730896,4760000.0,-0.03225577622652054,-0.0023610685020685196,0.2928415536880493,0.028424249961972237,-0.0021528583019971848,3.0541629791259766,11948.208984375,24.058778762817383,88.12295532226562,112.18173217773438,178.2821502685547
30.916797637939453,65.0,1000.0,238.0,-1.4477708339691162,0.02026255428791046,26.0,0.9967007637023926,0.9967007637023926,0.9967007637023926,0.019551284611225128,1.3199999557400588e-05,0.05695011094212532,4780000.0,-0.032219041138887405,3.6735087633132935e-05,0.1720566302537918,0.027954140678048134,-0.0004701092839241028,3.0628952980041504,12056.7548828125,26.56235122680664,81.95549774169922,108.51785278320312,184.30148315429688
30.48516082763672,72.18000030517578,1000.0,239.0,-1.4601385593414307,0.020084863528609276,30.0,0.999495267868042,0.999495267868042,0.999495267868042,0.019574303179979324,1.2000000424450263e-05,0.0562497079372406,4800000.0,-0.03287793695926666,-0.0006588958203792572,0.11055130511522293,0.027565328404307365,-0.00038881227374076843,3.021731376647949,12175.546875,23.128135681152344,95.63790893554688,118.76603698730469,168.39830017089844
30.297508239746094,70.63999938964844,1000.0,240.0,-1.4726808071136475,0.020061634480953217,33.0,0.9961075782775879,0.9961075782775879,0.9961075782775879,0.019244184717535973,1.0800000382005237e-05,0.05555154010653496,4820000.0,-0.03398008644580841,-0.001102149486541748,-0.07251422107219696,0.02491832710802555,-0.0026470012962818146,3.021233320236206,12302.455078125,22.27363395690918,104.6051254272461,126.8797607421875,157.62954711914062
29.9609432220459,63.86000061035156,1000.0,241.0,-1.4885187149047852,0.020171169191598892,37.0,0.9967134594917297,0.9967134594917297,0.9967134594917297,0.019369760528206825,9.60000033956021e-06,0.0546795055270195,4840000.0,-0.033041130751371384,0.000938955694437027,0.12073979526758194,0.0276592206209898,0.0027408935129642487,3.0270087718963623,12441.8330078125,23.702486038208008,115.6467056274414,139.3491973876953,143.5243377685547
30.232473373413086,61.41999816894531,1000.0,242.0,-1.5020151138305664,0.019121676683425903,40.0,0.9959684610366821,0.9959684610366821,0.9959684610366821,0.018739430233836174,8.400000297115184e-06,0.05394264683127403,4860000.0,-0.03309927135705948,-5.814060568809509e-05,-0.147661492228508,0.025800541043281555,-0.0018586795777082443,3.005986213684082,12589.38671875,23.013044357299805,124.509765625,147.52281188964844,135.57225036621094
30.00946044921875,54.47999954223633,1000.0,243.0,-1.5110963582992554,0.018534289672970772,40.0,0.996937096118927,0.996937096118927,0.996937096118927,0.018314970657229424,7.199999799922807e-06,0.0534568727016449,4880000.0,-0.03387076407670975,-0.0007714927196502686,-0.092333123087883,0.02522108517587185,-0.0005794558674097061,3.029350996017456,12739.154296875,25.847198486328125,123.88368225097656,149.7308807373047,133.57298278808594
29.72356414794922,56.900001525878906,1000.0,244.0,-1.520948052406311,0.01643921621143818,40.0,0.9978106617927551,0.9978106617927551,0.9978106617927551,0.017503172159194946,6.000000212225132e-06,0.05293494835495949,4900000.0,-0.030380625277757645,0.0034901387989521027,-0.21001112461090088,0.02415662445127964,-0.0010644607245922089,2.9825901985168457,12887.060546875,22.36725616455078,125.50675964355469,147.8740234375,135.25025939941406
29.910673141479492,56.2400016784668,1000.0,245.0,-1.5307918787002563,0.013747027143836021,40.0,0.9970612525939941,0.9970612525939941,0.9970612525939941,0.016233112663030624,4.800000169780105e-06,0.052422456443309784,4920000.0,-0.028254680335521698,0.0021259449422359467,-0.16483186185359955,0.027345597743988037,0.003188973292708397,3.0134994983673096,13033.271484375,21.644006729125977,124.53404235839844,146.1780548095703,136.81944274902344
29.93035125732422,56.540000915527344,1000.0,246.0,-1.53981351852417,0.012369486503303051,40.0,0.99830162525177,0.99830162525177,0.99830162525177,0.015211423859000206,3.5999998999614036e-06,0.051955170929431915,4940000.0,-0.027372190728783607,0.0008824896067380905,0.2316085547208786,0.027003509923815727,-0.0003420878201723099,3.026350498199463,13178.935546875,21.76007843017578,123.87165832519531,145.63172912597656,137.33270263671875
30.412992477416992,58.0,1000.0,247.0,-1.5466864109039307,0.009970039129257202,40.0,0.9980599284172058,0.9980599284172058,0.9980599284172058,0.01404999103397131,2.4000000848900527e-06,0.051599618047475815,4960000.0,-0.02370670810341835,0.0036654826253652573,0.2559698224067688,0.029767991974949837,0.0027644820511341095,3.014432191848755,13325.30859375,22.125980377197266,124.21552276611328,146.3415069580078,136.6666259765625
30.08950424194336,57.880001068115234,1000.0,248.0,-1.5518718957901,0.00809499341994524,40.0,0.9993155598640442,0.9993155598640442,0.9993155598640442,0.012964589521288872,1.2000000424450263e-06,0.05133384093642235,4980000.0,-0.02077394165098667,0.0029327664524316788,0.0765654668211937,0.02627377025783062,-0.003494221717119217,3.0256340503692627,13470.72265625,22.161312103271484,123.22053527832031,145.3820037841797,137.56861877441406
30.04965591430664,63.29999923706055,1000.0,249.0,-1.5546340942382812,0.005218306090682745,40.0,0.9995243549346924,0.9995243549346924,0.9995243549346924,0.01042432151734829,0.0,0.05119263380765915,5000000.0,-0.014050458557903767,0.006723483093082905,-0.21840503811836243,0.028551075607538223,0.0022773053497076035,3.0130720138549805,13615.5791015625,21.468299865722656,123.35682678222656,144.8251190185547,138.0975799560547
