Metrics/EpRet,Metrics/EpCost,Metrics/EpLen,Train/Epoch,Train/Entropy,Train/KL,Train/StopIter,Train/PolicyRatio,Train/PolicyRatio/Min,Train/PolicyRatio/Max,Train/PolicyRatio/Std,Train/LR,Train/PolicyStd,TotalEnvSteps,Loss/Loss_pi,Loss/Loss_pi/Delta,Value/Adv,Loss/Loss_reward_critic,Loss/Loss_reward_critic/Delta,Value/reward,Loss/Loss_cost_critic,Loss/Loss_cost_critic/Delta,Value/cost,Time/Total,Time/Rollout,Time/Update,Time/Epoch,Time/FPS,Misc/Alpha,Misc/FinalStepNorm,Misc/gradient_norm,Misc/xHx,Misc/H_inv_g,Misc/AcceptanceStep,Misc/cost_gradient_norm,Misc/A,Misc/B,Misc/q,Misc/r,Misc/s,Misc/Lambda_star,Misc/Nu_star,Misc/OptimCase
-0.8369895815849304,33.5625,1000.0,0.0,1.4269078969955444,0.0001145547503256239,40.0,0.9981740117073059,0.9981740117073059,0.9981740117073059,0.0012911265948787332,0.0,1.0080280303955078,20000.0,-0.00784732773900032,-0.00784732773900032,-8.058547606992761e-09,0.003425409784540534,0.003425409784540534,0.09946989268064499,0.4551191031932831,0.4551191031932831,-0.20492392778396606,145.17649841308594,32.37178421020508,112.8047103881836,145.17649841308594,137.7633514404297,1.0914969444274902,0.35285452008247375,0.09752582013607025,0.016787448897957802,0.23041179776191711,1.0,0.08640339970588684,0.016548283398151398,-2293.536376953125,0.016787448897957802,-0.0027649973053485155,0.03196624293923378,0.0,0.7909865975379944,0.0
-0.9331745505332947,31.15625,1000.0,1.0,1.431449055671692,0.00015165821241680533,40.0,0.9994885325431824,0.9994885325431824,0.9994885325431824,0.0003617042675614357,0.0,1.0128427743911743,40000.0,-0.008913482539355755,-0.0010661548003554344,5.662441182607836e-08,0.002290872624143958,-0.001134537160396576,0.09187942743301392,0.37182968854904175,-0.08328941464424133,0.11755242943763733,284.6550598144531,35.30998229980469,104.12950897216797,139.43948364257812,143.431396484375,0.9513336420059204,0.3126387894153595,0.116708904504776,0.022098563611507416,0.2668280303478241,1.0,0.10900475829839706,0.021580984815955162,-1397.6265869140625,0.022098563611507416,-0.003746327245607972,0.02711658552289009,0.0,0.8588106632232666,0.0
-1.0336809158325195,32.83333206176758,1000.0,2.0,1.4275611639022827,0.00013464638323057443,40.0,1.000541090965271,1.000541090965271,1.000541090965271,0.00038252482772804797,0.0,1.008846402168274,60000.0,-0.004801739938557148,0.004111742600798607,3.333091669333044e-08,0.0026693271938711405,0.0003784545697271824,0.0534772165119648,0.33266952633857727,-0.03916016221046448,0.8063515424728394,426.81591796875,35.36785125732422,106.75996398925781,142.12782287597656,140.71839904785156,0.8550984263420105,0.33355459570884705,0.1399046778678894,0.02735253982245922,0.26143795251846313,1.0,0.09738672524690628,0.02710777334868908,-1794.803955078125,0.02735253982245922,0.0028927524108439684,0.03418779373168945,0.0,0.7648555040359497,0.0
-1.4322140216827393,28.979999542236328,1000.0,3.0,1.4468618631362915,0.00012909917859360576,40.0,0.999906063079834,0.999906063079834,0.999906063079834,6.639534694841132e-05,0.0,1.0285345315933228,80000.0,-0.004495961591601372,0.0003057783469557762,1.592636067471176e-08,0.002794362371787429,0.00012503517791628838,-0.018335044384002686,0.2219047248363495,-0.11076480150222778,0.8685420155525208,566.216064453125,32.83549118041992,106.52960968017578,139.36509704589844,143.50794982910156,0.720639705657959,0.3217087686061859,0.19422368705272675,0.03851177170872688,0.26978322863578796,1.0,0.09201943129301071,0.03835709020495415,-596.3679809570312,0.03851177170872688,0.002026926027610898,0.026560544967651367,0.0,0.8677536249160767,0.0
-1.831831693649292,25.219999313354492,1000.0,4.0,1.4482755661010742,0.000127365390653722,40.0,0.9996924996376038,0.9996924996376038,0.9996924996376038,0.0002174215333070606,0.0,1.0298858880996704,100000.0,-0.005090872757136822,-0.00059491116553545,6.818771325356465e-09,0.003136642510071397,0.00034228013828396797,-0.06064948812127113,0.15031081438064575,-0.07159391045570374,0.21816377341747284,705.5641479492188,31.74350357055664,107.57264709472656,139.31614685058594,143.55836486816406,0.6765397787094116,0.33794325590133667,0.2219666838645935,0.04369615018367767,0.25710466504096985,1.0,0.08382852375507355,0.04364394396543503,-1.741498351097107,0.04369615018367767,-0.0011976819951087236,0.02747642621397972,0.0,0.8531684279441833,0.0
-1.9570906162261963,21.100000381469727,1000.0,5.0,1.449133038520813,0.0002295335871167481,40.0,1.000543236732483,1.000543236732483,1.000543236732483,0.0003842106962110847,0.0,1.0307303667068481,120000.0,-0.02151494473218918,-0.016424071975052357,2.1886824796979454e-08,0.0030296992044895887,-0.00010694330558180809,-0.04422125220298767,0.18405106663703918,0.03374025225639343,0.16382364928722382,841.0719604492188,31.311532974243164,104.16363525390625,135.47515869140625,147.6285400390625,0.6485428214073181,0.195297971367836,0.202958345413208,0.047550223767757416,0.30113351345062256,1.0,0.1170775443315506,0.04569106921553612,-342.2185974121094,0.047550223767757416,0.009089875034987926,0.044442661106586456,1.5419182777404785,0.0,3.0
-1.4073362350463867,24.799999237060547,1000.0,6.0,1.4495129585266113,0.00024246358952950686,40.0,0.9996467232704163,0.9996467232704163,0.9996467232704163,0.00024979031877592206,0.0,1.0311354398727417,140000.0,-0.02084878273308277,0.0006661619991064072,-1.19209286886246e-09,0.003352103056386113,0.00032240385189652443,-0.050972502678632736,0.2641802728176117,0.08012920618057251,1.1957894563674927,978.5480346679688,30.646484375,106.7945327758789,137.44100952148438,145.5169677734375,0.7245824933052063,0.20920342206954956,0.18659114837646484,0.03809379041194916,0.2887227535247803,1.0,0.17388208210468292,0.03809347748756409,-0.45411694049835205,0.03809379041194916,0.0001628153258934617,0.08436800539493561,1.3801051378250122,0.0,3.0
-0.3995864987373352,34.400001525878906,1000.0,7.0,1.437890887260437,0.00015106823411770165,40.0,0.9994101524353027,0.9994101524353027,0.9994101524353027,0.00041708521894179285,0.0,1.0192371606826782,160000.0,-0.008826669305562973,0.012022113427519798,-2.3841859042583735e-10,0.004324205219745636,0.0009721021633595228,0.026261145249009132,0.3365591764450073,0.07237890362739563,1.556077003479004,1116.7572021484375,32.490196228027344,105.68624114990234,138.1764373779297,144.7424774169922,1.012021541595459,0.32850587368011475,0.10114623606204987,0.019527660682797432,0.26443779468536377,1.0,0.20442718267440796,0.01872744970023632,-767.5604858398438,0.019527660682797432,0.009597726166248322,0.11511499434709549,0.0,0.4168204665184021,0.0
0.5257546901702881,39.65999984741211,1000.0,8.0,1.438009262084961,0.00014030508464202285,40.0,0.9991364479064941,0.9991364479064941,0.9991364479064941,0.0006106235668994486,0.0,1.0195826292037964,180000.0,-0.011633798480033875,-0.0028071291744709015,-1.2159347972939827e-09,0.0058297524228692055,0.0015055472031235695,0.03674841672182083,0.44452008605003357,0.10796090960502625,2.026977777481079,1254.400146484375,32.09977722167969,105.51044464111328,137.61021423339844,145.33804321289062,1.0404399633407593,0.31547239422798157,0.10095424950122833,0.018475478515028954,0.2505064904689789,1.0,0.18721626698970795,0.018467888236045837,-1895.46923828125,0.018475478515028954,0.0009276720229536295,0.11338264495134354,0.0,0.4199926555156708,0.0
0.8043845891952515,37.2400016784668,1000.0,9.0,1.4334354400634766,0.0001523239043308422,40.0,0.999506413936615,0.999506413936615,0.999506413936615,0.00034903211053460836,0.0,1.0153483152389526,200000.0,-0.007433001883327961,0.0042007965967059135,-2.3841859042583735e-10,0.0034971514251083136,-0.002332600997760892,0.020162509754300117,0.31266018748283386,-0.1318598985671997,2.858271837234497,1392.2611083984375,30.84687614440918,106.98043823242188,137.8273162841797,145.10911560058594,0.8383263349533081,0.312831312417984,0.104530930519104,0.028457950800657272,0.35168495774269104,1.0,0.15084339678287506,0.028265826404094696,-2233.784912109375,0.028457950800657272,0.0035896250046789646,0.06706835329532623,0.0,0.5460798740386963,0.0
0.553077220916748,33.099998474121094,1000.0,10.0,1.4322372674942017,0.0001321183517575264,40.0,0.9999027252197266,0.9999027252197266,0.9999027252197266,6.881176523165777e-05,0.0,1.0140891075134277,220000.0,-0.010005657561123371,-0.00257265567779541,1.2636184543168838e-08,0.004850397817790508,0.0013532463926821947,0.014604080468416214,0.3919675350189209,0.07930734753608704,1.2779167890548706,1530.6290283203125,30.986305236816406,107.34697723388672,138.33328247070312,144.578369140625,0.8520748019218445,0.32316818833351135,0.12100442498922348,0.02754700928926468,0.3091101348400116,1.0,0.17609645426273346,0.027479391545057297,-663.697998046875,0.02754700928926468,0.0025853654369711876,0.09885218739509583,0.0,0.4498024880886078,0.0
0.10485173016786575,31.639999389648438,1000.0,11.0,1.4409599304199219,0.0001226654858328402,40.0,0.9998381733894348,0.9998381733894348,0.9998381733894348,0.00011444274423411116,0.0,1.022842526435852,240000.0,-0.0056224693544209,0.004383188206702471,-2.071857529983845e-08,0.0030869401525706053,-0.001763457665219903,0.012483916245400906,0.34417685866355896,-0.04779067635536194,2.1998143196105957,1669.107666015625,30.723800659179688,107.7216796875,138.4454803466797,144.46119689941406,0.9161604046821594,0.33588364720344543,0.1268836110830307,0.02382795512676239,0.2725425958633423,1.0,0.12052798271179199,0.02351772040128708,-903.1055908203125,0.02382795512676239,0.003891703672707081,0.04881887882947922,0.0,0.6400604844093323,0.0
-0.30508387088775635,24.84000015258789,1000.0,12.0,1.4435062408447266,0.00020104956638533622,40.0,0.9991669654846191,0.9991669654846191,0.9991669654846191,0.0005890163010917604,0.0,1.0253534317016602,260000.0,-0.020024649798870087,-0.014402180444449186,-1.6212463593845428e-09,0.002995503833517432,-9.143631905317307e-05,-0.030955057591199875,0.19560441374778748,-0.14857244491577148,1.1833926439285278,1807.652587890625,33.318145751953125,105.19353485107422,138.5116729736328,144.39215087890625,0.7394102811813354,0.24115844070911407,0.18002766370773315,0.03658127784729004,0.32614976167678833,1.0,0.08255656063556671,0.03657034784555435,-1.0252695083618164,0.03658127784729004,-0.0005174289690330625,0.024491235613822937,1.3524291515350342,0.0,3.0
-0.006866827141493559,19.040000915527344,1000.0,13.0,1.442789077758789,0.00019373763643670827,40.0,0.9990377426147461,0.9990377426147461,0.9990377426147461,0.0006804187432862818,0.0,1.0244066715240479,280000.0,-0.014228768646717072,0.005795881152153015,-8.296966669263384e-09,0.004761505406349897,0.0017660015728324652,0.022765398025512695,0.33154597878456116,0.13594156503677368,3.1497626304626465,1946.284423828125,31.34792709350586,107.24967956542969,138.5976104736328,144.30262756347656,1.0140022039413452,0.2593473494052887,0.11260931193828583,0.019451450556516647,0.25576600432395935,1.0,0.1080055832862854,0.019367296248674393,-983.1591186523438,0.019451450556516647,0.0017436909256502986,0.03612930327653885,0.9861911535263062,0.0,3.0
0.9149705767631531,26.31999969482422,1000.0,14.0,1.4337135553359985,0.0001651359343668446,40.0,0.9992954134941101,0.9992954134941101,0.9992954134941101,0.0004982038517482579,0.0,1.015326976776123,300000.0,-0.012214536778628826,0.0020142318680882454,-1.0919571025169716e-08,0.00646711653098464,0.0017056111246347427,0.07523655891418457,0.43886980414390564,0.10732382535934448,2.9451003074645996,2083.463623046875,31.405258178710938,105.73934173583984,137.14459228515625,145.83148193359375,0.8333182334899902,0.3003283739089966,0.11742895096540451,0.028801031410694122,0.316795289516449,1.0,0.2290709763765335,0.028795307502150536,-13.795099258422852,0.028801031410694122,-0.0008495954098179936,0.12612280249595642,0.0,0.39821550250053406,0.0
1.8410296440124512,46.84000015258789,1000.0,15.0,1.441416621208191,0.00014844030374661088,40.0,0.9992311000823975,0.9992311000823975,0.9992311000823975,0.0005436943611130118,0.0,1.0234249830245972,320000.0,-0.012535233981907368,-0.00032069720327854156,8.320808042583394e-09,0.010263166390359402,0.0037960498593747616,0.10235176235437393,0.5815428495407104,0.1426730453968048,4.035070896148682,2221.980712890625,33.69957733154297,104.78477478027344,138.48434448242188,144.420654296875,1.0995478630065918,0.3115723729133606,0.09581702202558517,0.01654251292347908,0.23957765102386475,1.0,0.23122818768024445,0.01654183119535446,-3706.2373046875,0.01654251292347908,0.0002963088918477297,0.12869736552238464,0.0,0.3942122757434845,0.0
2.3351705074310303,53.65999984741211,1000.0,16.0,1.441038727760315,0.00013187536387704313,40.0,1.000769019126892,1.000769019126892,1.000769019126892,0.0005437505315057933,0.0,1.0227693319320679,340000.0,-0.006984886713325977,0.00555034726858139,2.155304024142879e-08,0.009867127984762192,-0.00039603840559720993,0.10320019721984863,0.4445965886116028,-0.13694626092910767,3.7299015522003174,2358.499755859375,32.63948059082031,103.84630584716797,136.48577880859375,146.53541564941406,1.135891079902649,0.3276946246623993,0.09255851805210114,0.015500878915190697,0.2379678636789322,1.0,0.1498718410730362,0.01534158643335104,-12256.552734375,0.015500878915190697,0.003267302643507719,0.06701673567295074,0.0,0.5462900996208191,0.0
2.0102908611297607,56.36000061035156,1000.0,17.0,1.4514837265014648,0.00013332664093468338,40.0,0.9995213150978088,0.9995213150978088,0.9995213150978088,0.00033846727455966175,0.0,1.0333555936813354,360000.0,-0.008699974976480007,-0.0017150882631540298,-1.8119812317252126e-09,0.006942883133888245,-0.002924244850873947,0.11450020968914032,0.4475289583206177,0.0029323697090148926,3.304140567779541,2496.238037109375,32.660648345947266,105.04410552978516,137.70474243164062,145.23826599121094,0.9329162836074829,0.3224885165691376,0.09653913974761963,0.022979706525802612,0.30887874960899353,1.0,0.16791443526744843,0.022716190665960312,-10858.7978515625,0.022979706525802612,0.0048852646723389626,0.09056691080331802,0.0,0.46992677450180054,0.0
1.530409812927246,43.439998626708984,1000.0,18.0,1.451395034790039,0.00015221649664454162,40.0,1.0003379583358765,1.0003379583358765,1.0003379583358765,0.0002388883731327951,0.0,1.0332103967666626,380000.0,-0.007683385629206896,0.0010165893472731113,1.1205673056124965e-09,0.006074731703847647,-0.0008681514300405979,0.10774053633213043,0.28416380286216736,-0.16336515545845032,3.458664894104004,2635.1298828125,32.69474411010742,106.1623306274414,138.85708618164062,144.03298950195312,1.062325358390808,0.32042834162712097,0.07979810982942581,0.017722079530358315,0.2857462167739868,1.0,0.1776416003704071,0.01680835522711277,-3027.264404296875,0.017722079530358315,0.010130755603313446,0.11232294887304306,0.0,0.4219691753387451,0.0
0.9501340389251709,36.540000915527344,1000.0,19.0,1.439670205116272,0.000154472712893039,40.0,1.0004132986068726,1.0004132986068726,1.0004132986068726,0.0002922743442468345,0.0,1.021082878112793,400000.0,-0.004711443558335304,0.0029719420708715916,6.36577590640286e-09,0.005301597528159618,-0.0007731341756880283,0.11101344972848892,0.25661972165107727,-0.027544081211090088,3.1312203407287598,2773.540283203125,34.868106842041016,103.5087661743164,138.3768768310547,144.53282165527344,0.9413052797317505,0.3161439895629883,0.1043512150645256,0.02257193811237812,0.28739964962005615,1.0,0.11021196097135544,0.022424833849072456,-4411.72412109375,0.02257193811237812,0.0021072421222925186,0.030185697600245476,0.0,0.8139811158180237,0.0
0.7975096106529236,30.920000076293945,1000.0,20.0,1.4291127920150757,0.0001548629516037181,40.0,1.0001335144042969,1.0001335144042969,1.0001335144042969,9.435277752345428e-05,0.0,1.0102605819702148,420000.0,-0.005155209917575121,-0.00044376635923981667,3.337859988405967e-10,0.0071988338604569435,0.0018972363322973251,0.11932585388422012,0.26355019211769104,0.0069304704666137695,2.4433510303497314,2911.546142578125,33.81308364868164,104.15941619873047,137.97250366210938,144.9564208984375,0.9383924603462219,0.31108149886131287,0.1188836544752121,0.022712282836437225,0.29793307185173035,1.0,0.14053158462047577,0.021737730130553246,-596.0946044921875,0.022712282836437225,0.00756936427205801,0.05879136919975281,0.0,0.5832545757293701,0.0
0.7181559205055237,24.81999969482422,1000.0,21.0,1.4340330362319946,0.0001996772625716403,40.0,0.9993054866790771,0.9993054866790771,0.9993054866790771,0.0004910950665362179,0.0,1.015226125717163,440000.0,-0.016307776793837547,-0.011152566876262426,-1.430511542555024e-10,0.007315519265830517,0.0001166854053735733,0.10542462021112442,0.31119251251220703,0.04764232039451599,2.8117012977600098,3049.971435546875,35.06001281738281,103.33202362060547,138.39202880859375,144.51698303222656,0.9314101934432983,0.2491648942232132,0.12723185122013092,0.023054081946611404,0.26751360297203064,1.0,0.1196170523762703,0.02300892025232315,-0.688571572303772,0.023054081946611404,0.0014370359713211656,0.04572594165802002,1.0736408233642578,0.0,3.0
1.262789011001587,25.5,1000.0,22.0,1.446956753730774,0.0001325392659055069,40.0,1.0007871389389038,1.0007871389389038,1.0007871389389038,0.0005566193722188473,0.0,1.0284639596939087,460000.0,-0.005344765726476908,0.01096301106736064,5.865096852630813e-09,0.012522660195827484,0.005207140929996967,0.17992448806762695,0.2644566595554352,-0.04673585295677185,3.5779030323028564,3188.887451171875,34.68159484863281,104.2020263671875,138.8836212158203,144.00546264648438,0.947385847568512,0.32598620653152466,0.12226152420043945,0.022283120080828667,0.279670387506485,1.0,0.1483079344034195,0.021205296739935875,-4.318419456481934,0.022283120080828667,0.007880941033363342,0.05762466415762901,0.0,0.5891295075416565,0.0
1.4895609617233276,20.700000762939453,1000.0,23.0,1.4486098289489746,0.00019595328194554895,40.0,1.000073790550232,1.000073790550232,1.000073790550232,5.209364098845981e-05,0.0,1.0301402807235718,480000.0,-0.01676630973815918,-0.011421544011682272,-1.8119812317252126e-09,0.009703301824629307,-0.0028193583711981773,0.17599204182624817,0.23629780113697052,-0.02815885841846466,2.8608598709106445,3328.033935546875,37.25354766845703,101.85941314697266,139.1129608154297,143.76805114746094,0.8311358094215393,0.24779938161373138,0.14477960765361786,0.02895248681306839,0.29814547300338745,1.0,0.15714573860168457,0.027924099937081337,-373.1820068359375,0.02895248681306839,0.007137970998883247,0.049544185400009155,1.2031728029251099,0.0,3.0
2.7306594848632812,28.700000762939453,1000.0,24.0,1.4436979293823242,0.0001464816159568727,40.0,0.9998558163642883,0.9998558163642883,0.9998558163642883,0.00010191110050072894,0.0,1.025079369544983,500000.0,-0.005528397858142853,0.011237911880016327,-1.0776520120714395e-08,0.01697455160319805,0.007271249778568745,0.2594204246997833,0.3796234130859375,0.14332561194896698,3.4995899200439453,3468.4609375,37.027671813964844,103.36283111572266,140.3905029296875,142.45977783203125,1.0979832410812378,0.31768369674682617,0.09968677908182144,0.016589689999818802,0.24136196076869965,1.0,0.15369047224521637,0.01594260148704052,-221.73532104492188,0.016589689999818802,0.006320429500192404,0.061734721064567566,0.0,0.5691807866096497,0.0
2.887040615081787,33.060001373291016,1000.0,25.0,1.444142460823059,0.0001531100133433938,40.0,0.9999273419380188,0.9999273419380188,0.9999273419380188,5.133489685249515e-05,0.0,1.0255732536315918,520000.0,-0.008409330621361732,-0.0028809327632188797,-2.145767119543507e-09,0.012731119059026241,-0.00424343254417181,0.24163849651813507,0.28314104676246643,-0.09648236632347107,2.640713930130005,3606.1689453125,34.30644989013672,103.36768341064453,137.67413330078125,145.27056884765625,1.1049079895019531,0.30970022082328796,0.09735067933797836,0.016382399946451187,0.25058892369270325,1.0,0.15991878509521484,0.016122853383421898,-843.9036254882812,0.016382399946451187,0.004469824954867363,0.07697807252407074,0.0,0.509719729423523,0.0
2.6599390506744385,28.979999542236328,1000.0,26.0,1.4522374868392944,0.0001497943449066952,40.0,1.0004053115844727,1.0004053115844727,1.0004053115844727,0.00028654237394221127,0.0,1.0338963270187378,540000.0,-0.002935274736955762,0.005474055884405971,6.38961772381208e-09,0.011572943069040775,-0.001158175989985466,0.15959785878658295,0.25720152258872986,-0.025939524173736572,2.7977302074432373,3745.3232421875,35.24296951293945,103.87555694580078,139.1185302734375,143.76229858398438,0.98627769947052,0.3031718134880066,0.11534696072340012,0.02056039124727249,0.2712104022502899,1.0,0.10098257660865784,0.020021764561533928,-649.5656127929688,0.02056039124727249,0.0036241745110601187,0.024385377764701843,0.0,0.9056286811828613,0.0
2.1167266368865967,24.360000610351562,1000.0,27.0,1.4611345529556274,0.00021715332695748657,40.0,0.9990881085395813,0.9990881085395813,0.9990881085395813,0.0006448187050409615,0.0,1.0431088209152222,560000.0,-0.017087001353502274,-0.014151726616546512,-7.772445798082117e-09,0.011681831441819668,0.00010888837277889252,0.32335934042930603,0.27533814311027527,0.01813662052154541,3.0654165744781494,3885.78076171875,36.932220458984375,103.49107360839844,140.4232940673828,142.426513671875,0.8192177414894104,0.23505662381649017,0.14929857850074768,0.02980102226138115,0.2869281470775604,1.0,0.12706893682479858,0.02862628921866417,-9.705601692199707,0.02980102226138115,0.007033812813460827,0.042115550488233566,1.2206766605377197,0.0,3.0
2.4181158542633057,22.760000228881836,1000.0,28.0,1.4551692008972168,0.00018959450244437903,40.0,1.0012478828430176,1.0012478828430176,1.0012478828430176,0.0008823864045552909,0.0,1.0369173288345337,580000.0,-0.013230446726083755,0.003856554627418518,-3.6239624634504253e-09,0.019025826826691628,0.00734399538487196,0.34053078293800354,0.33059826493263245,0.05526012182235718,2.8544366359710693,4022.810791015625,34.71324157714844,102.28327941894531,136.99752807617188,145.988037109375,1.0833858251571655,0.2706829309463501,0.1102738156914711,0.01703975722193718,0.24984906613826752,1.0,0.1404474824666977,0.016910836100578308,-90.86080169677734,0.01703975722193718,0.0026679234579205513,0.05521076172590256,0.9230322241783142,0.0,3.0
3.721555233001709,43.400001525878906,1000.0,29.0,1.4499502182006836,0.00013864667562302202,40.0,0.9985697269439697,0.9985697269439697,0.9985697269439697,0.0010113557800650597,0.0,1.0315078496932983,600000.0,-0.012983657419681549,0.0002467893064022064,1.19209286886246e-09,0.020562853664159775,0.0015370268374681473,0.3063046932220459,0.5064724683761597,0.17587420344352722,2.8440358638763428,4158.232421875,32.192543029785156,103.193359375,135.3859100341797,147.72586059570312,1.2010877132415771,0.32024532556533813,0.09552536904811859,0.013863732106983662,0.23236575722694397,1.0,0.20899882912635803,0.013805531896650791,-2667.1630859375,0.013863732106983662,-0.002718016505241394,0.1269354224205017,0.0,0.3969388008117676,0.0
5.384645938873291,50.08000183105469,1000.0,30.0,1.4502506256103516,0.00015189667465165257,40.0,1.0001951456069946,1.0001951456069946,1.0001951456069946,0.00013807312643621117,0.0,1.0318307876586914,620000.0,-0.009454572573304176,0.0035290848463773727,-1.5544891596164234e-08,0.02314065583050251,0.0025778021663427353,0.4598492681980133,0.4091239273548126,-0.09734854102134705,3.527388334274292,4296.41748046875,35.31278610229492,102.8394775390625,138.15225219726562,144.76780700683594,1.074925184249878,0.3160021901130676,0.09610704332590103,0.017309051007032394,0.2615940272808075,1.0,0.16952849924564362,0.017237868160009384,-7661.87353515625,0.017309051007032394,0.002417401410639286,0.0820954293012619,0.0,0.49357765913009644,0.0
6.494439601898193,66.54000091552734,1000.0,31.0,1.4400781393051147,0.00013552600285038352,40.0,0.9989412426948547,0.9989412426948547,0.9989412426948547,0.0007486685062758625,0.0,1.0214512348175049,640000.0,-0.009563899599015713,-0.00010932702571153641,-5.865096852630813e-09,0.026373576372861862,0.003232920542359352,0.5353918671607971,0.5115764141082764,0.10245248675346375,4.019885063171387,4432.1083984375,31.622182846069336,104.03529357910156,135.657470703125,147.4301300048828,1.109519600868225,0.3294585645198822,0.11200249940156937,0.016246497631072998,0.23843000829219818,1.0,0.2054978907108307,0.015978582203388214,-13861.986328125,0.016246497631072998,0.005775008350610733,0.12448209524154663,0.0,0.4008312225341797,0.0
6.2532734870910645,63.400001525878906,1000.0,32.0,1.4191306829452515,0.00014086320879869163,40.0,1.0000019073486328,1.0000019073486328,1.0000019073486328,1.294944354413019e-06,0.0,1.0003547668457031,660000.0,-0.008099831640720367,0.0014640679582953453,-3.814697446813398e-09,0.021357983350753784,-0.005015593022108078,0.4151245951652527,0.3720070421695709,-0.13956937193870544,4.338137149810791,4571.07763671875,34.84540557861328,104.07572937011719,138.921142578125,143.96656799316406,1.0766795873641968,0.32427582144737244,0.10447721928358078,0.017252689227461815,0.2560299336910248,1.0,0.14587554335594177,0.017249535769224167,-22171.59765625,0.017252689227461815,0.0004579662927426398,0.06650664657354355,0.0,0.5483810901641846,0.0
5.609514236450195,58.41999816894531,1000.0,33.0,1.4189237356185913,0.00012277968926355243,40.0,0.9996234774589539,0.9996234774589539,0.9996234774589539,0.0002662275801412761,0.0,1.0002063512802124,680000.0,-0.005601567216217518,0.0024982644245028496,-4.79221329285906e-09,0.020772233605384827,-0.0005857497453689575,0.48252934217453003,0.30624717473983765,-0.06575986742973328,3.7995433807373047,4706.93505859375,32.56000518798828,103.25253295898438,135.8125457763672,147.26181030273438,1.0882203578948975,0.3335134983062744,0.11002864688634872,0.01688869297504425,0.255141943693161,1.0,0.14018647372722626,0.016638576984405518,-22761.56640625,0.01688869297504425,0.003503290470689535,0.04906934127211571,0.0,0.6384249329566956,0.0
3.9230141639709473,40.099998474121094,1000.0,34.0,1.4253801107406616,0.00015274262113962322,40.0,0.9995524883270264,0.9995524883270264,0.9995524883270264,0.0003164385270792991,0.0,1.0065522193908691,700000.0,-0.005979225039482117,-0.00037765782326459885,-8.583068700218632e-10,0.01644131727516651,-0.004330916330218315,0.4342181086540222,0.2825804650783539,-0.023666709661483765,3.308688163757324,4843.60693359375,32.5070915222168,104.13160705566406,136.63870239257812,146.3714141845703,0.9923178553581238,0.3087681531906128,0.10245119780302048,0.02031085267663002,0.28090953826904297,1.0,0.15213821828365326,0.019851047545671463,-3947.955810546875,0.02031085267663002,0.005153197795152664,0.05775362253189087,0.0,0.5884713530540466,0.0
3.0648653507232666,34.880001068115234,1000.0,35.0,1.4298022985458374,0.00017238437430933118,40.0,1.0004459619522095,1.0004459619522095,1.0004459619522095,0.00031537082395516336,0.0,1.0109695196151733,720000.0,-0.006751729641109705,-0.0007725046016275883,-2.4318695945879654e-09,0.014353876933455467,-0.0020874403417110443,0.3366592824459076,0.32743945717811584,0.04485899209976196,2.8941433429718018,4977.7783203125,29.528671264648438,104.60669708251953,134.1353759765625,149.1031036376953,0.9084774255752563,0.28973665833473206,0.12285713106393814,0.024232683703303337,0.2894594967365265,1.0,0.20364490151405334,0.023078294470906258,-1062.4180908203125,0.024232683703303337,0.010298671200871468,0.09187773615121841,0.0,0.4665624797344208,0.0
2.1438186168670654,32.81999969482422,1000.0,36.0,1.4231367111206055,0.00014791176363360137,40.0,0.9988997578620911,0.9988997578620911,0.9988997578620911,0.0007780027226544917,0.0,1.0043697357177734,740000.0,-0.011222845874726772,-0.004471116233617067,-1.239776614703203e-09,0.012387719005346298,-0.001966157928109169,0.4150485396385193,0.24913640320301056,-0.07830305397510529,3.3329179286956787,5112.45166015625,29.995237350463867,104.64376831054688,134.63900756835938,148.5453643798828,0.9992727041244507,0.30568447709083557,0.11360148340463638,0.020029112696647644,0.2691648304462433,1.0,0.232463538646698,0.019027309492230415,-460.6625671386719,0.020029112696647644,-0.011531795375049114,0.1327430009841919,0.0,0.38815855979919434,0.0
1.3050497770309448,31.719999313354492,1000.0,37.0,1.418972373008728,0.0001304728357354179,40.0,0.9996481537818909,0.9996481537818909,0.9996481537818909,0.0002487787860445678,0.0,1.0002260208129883,760000.0,-0.006847155746072531,0.0043756901286542416,1.3136864041030094e-08,0.011668341234326363,-0.0007193777710199356,0.30020904541015625,0.26606547832489014,0.016929075121879578,2.8659207820892334,5246.8056640625,29.075498580932617,105.24569702148438,134.32119750976562,148.89682006835938,0.8759883046150208,0.33167964220046997,0.1504712700843811,0.026063527911901474,0.266644686460495,1.0,0.14161528646945953,0.025952214375138283,-780.4159545898438,0.026063527911901474,0.0025379012804478407,0.0578630194067955,0.0,0.5879148244857788,0.0
0.5928608179092407,23.899999618530273,1000.0,38.0,1.4206756353378296,0.0002055674558505416,40.0,0.9994223713874817,0.9994223713874817,0.9994223713874817,0.0004084310494363308,0.0,1.0019594430923462,780000.0,-0.015309169888496399,-0.008462014142423868,1.99079508433897e-08,0.009123943746089935,-0.0025443974882364273,0.16641569137573242,0.1607830971479416,-0.10528238117694855,1.863663911819458,5379.1767578125,29.477645874023438,102.86170959472656,132.33935546875,151.12661743164062,1.0015321969985962,0.25230520963668823,0.12738078832626343,0.019938843324780464,0.2519192397594452,1.0,0.07635866850614548,0.019904257729649544,-60.259429931640625,0.019938843324780464,0.0008332205470651388,0.020073186606168747,0.99847012758255,0.0,3.0
1.0671323537826538,17.579999923706055,1000.0,39.0,1.422430157661438,0.00017048213339876384,40.0,0.9986200332641602,0.9986200332641602,0.9986200332641602,0.0009758119704201818,0.0,1.0037139654159546,800000.0,-0.015217181295156479,9.198859333992004e-05,1.3160705414350105e-08,0.012004900723695755,0.0028809569776058197,0.2809627950191498,0.19719749689102173,0.03641439974308014,2.7083473205566406,5517.10107421875,31.813520431518555,106.07522583007812,137.8887481689453,145.04446411132812,0.9153492450714111,0.27132663130760193,0.14170625805854797,0.023870203644037247,0.2964187562465668,1.0,0.12731172144412994,0.023255538195371628,-1822.485595703125,0.023870203644037247,0.004309121519327164,0.030209170654416084,1.0924792289733887,0.0,3.0
1.9603588581085205,20.920000076293945,1000.0,40.0,1.4190521240234375,0.00020375466556288302,40.0,1.0007160902023315,1.0007160902023315,1.0007160902023315,0.0005063241114839911,0.0,1.000241756439209,820000.0,-0.014182441867887974,0.001034739427268505,5.769729582993932e-09,0.020807942375540733,0.008803041651844978,0.3252522051334381,0.3069205582141876,0.1097230613231659,2.9140117168426514,5648.98828125,28.56770896911621,103.2864761352539,131.85418701171875,151.68270874023438,0.9893288612365723,0.27209046483039856,0.11952751874923706,0.020433766767382622,0.27502527832984924,1.0,0.1758204847574234,0.0197142343968153,-261.2003479003906,0.020433766767382622,0.006771448068320751,0.06372550129890442,1.0107862949371338,0.0,3.0
3.63517689704895,28.420000076293945,1000.0,41.0,1.4134572744369507,0.00012002894800389186,40.0,1.000057578086853,1.000057578086853,1.000057578086853,4.068577618454583e-05,0.0,0.9946253895759583,840000.0,-0.00880542304366827,0.005377018824219704,1.1301040991895661e-08,0.021444380283355713,0.0006364379078149796,0.3897647559642792,0.26636701822280884,-0.040553539991378784,3.58890438079834,5780.82666015625,28.691450119018555,103.112060546875,131.8035125732422,151.74102783203125,0.9719700217247009,0.3433728814125061,0.12981483340263367,0.021170156076550484,0.2932913601398468,1.0,0.1300683617591858,0.02108757384121418,-185.55172729492188,0.021170156076550484,-0.0022814678959548473,0.06302899122238159,0.0,0.5633065700531006,0.0
4.241235256195068,37.63999938964844,1000.0,42.0,1.4147039651870728,0.0001339634181931615,40.0,0.9996859431266785,0.9996859431266785,0.9996859431266785,0.0002221139002358541,0.0,0.9958087801933289,860000.0,-0.013488666154444218,-0.004683243110775948,-2.8610229740877458e-09,0.016675138846039772,-0.004769241437315941,0.3949136435985565,0.32624098658561707,0.05987396836280823,2.59246826171875,5912.9462890625,28.40876007080078,103.6777572631836,132.08651733398438,151.41590881347656,0.972324013710022,0.3177730441093445,0.1351693868637085,0.021154742687940598,0.28266993165016174,1.0,0.22453570365905762,0.021082688122987747,-1062.3031005859375,0.021154742687940598,-0.0032919179648160934,0.15039639174938202,0.0,0.36466681957244873,0.0
3.877087354660034,35.7599983215332,1000.0,43.0,1.408511757850647,0.00014637678395956755,40.0,0.9997103810310364,0.9997103810310364,0.9997103810310364,0.00020480559032876045,0.0,0.9896459579467773,880000.0,-0.0065823947079479694,0.006906271446496248,-2.861023085110048e-10,0.014940841123461723,-0.0017342977225780487,0.368322491645813,0.34286731481552124,0.016626328229904175,3.211014747619629,6044.78076171875,30.215991973876953,101.58570861816406,131.80169677734375,151.7431182861328,0.9810167551040649,0.31607064604759216,0.11240176856517792,0.0207815021276474,0.2794785797595978,1.0,0.16096805036067963,0.02016553282737732,-1608.7117919921875,0.0207815021276474,0.0066580986604094505,0.071968212723732,0.0,0.5271626114845276,0.0
3.8628673553466797,49.20000076293945,1000.0,44.0,1.4119997024536133,0.0001372227125102654,40.0,0.9996835589408875,0.9996835589408875,0.9996835589408875,0.0002237435692222789,0.0,0.9931207299232483,900000.0,-0.011488476768136024,-0.004906082060188055,7.2479249269008506e-09,0.02349754050374031,0.008556699380278587,0.5286548733711243,0.49250805377960205,0.1496407389640808,4.303089618682861,6176.50830078125,28.97511100769043,102.71973419189453,131.69485473632812,151.86622619628906,1.1638933420181274,0.3217293918132782,0.08184509724378586,0.014763974584639072,0.2725543677806854,1.0,0.19501158595085144,0.014698822982609272,-6012.22705078125,0.014763974584639072,-0.0025191819295287132,0.09740783274173737,0.0,0.4531250298023224,0.0
4.559650421142578,58.91999816894531,1000.0,45.0,1.4182080030441284,0.00013864536595065147,40.0,0.9993240237236023,0.9993240237236023,0.9993240237236023,0.00047800145694054663,0.0,0.9992863535881042,920000.0,-0.012776832096278667,-0.001288355328142643,-1.3828277412031298e-09,0.026222120970487595,0.002724580466747284,0.6796619296073914,0.475800096988678,-0.016707956790924072,4.345035552978516,6315.34130859375,29.661922454833984,109.13842010498047,138.8003387451172,144.09185791015625,1.1988060474395752,0.3337160646915436,0.09085270762443542,0.013916555792093277,0.2498108297586441,1.0,0.2129460722208023,0.013804998248815536,-9950.056640625,0.013916555792093277,-0.0035916310735046864,0.11563391238451004,0.0,0.4158841371536255,0.0
4.543446063995361,68.26000213623047,1000.0,46.0,1.4108761548995972,0.0001399161119479686,40.0,0.9999420642852783,0.9999420642852783,0.9999420642852783,4.096673728781752e-05,0.0,0.9920125007629395,940000.0,-0.009531447663903236,0.003245384432375431,-6.341934088993639e-09,0.017408136278390884,-0.00881398469209671,0.5413703322410583,0.4678053855895996,-0.00799471139907837,4.497885704040527,6448.96533203125,30.11022186279297,103.4814682006836,133.59169006347656,149.7099151611328,1.0469870567321777,0.3201623260974884,0.10496913641691208,0.018245136365294456,0.27471697330474854,1.0,0.21604208648204803,0.018108902499079704,-17240.416015625,0.018245136365294456,0.0038455084431916475,0.10854873806238174,0.0,0.4292423725128174,0.0
4.075870513916016,61.97999954223633,1000.0,47.0,1.4121745824813843,0.00013730238424614072,40.0,1.0003204345703125,1.0003204345703125,1.0003204345703125,0.00022663766867481172,0.0,0.9933022856712341,960000.0,-0.010108226910233498,-0.0005767792463302612,2.00271599304358e-09,0.016922101378440857,-0.00048603489995002747,0.527637779712677,0.4402085840702057,-0.02759680151939392,4.710348606109619,6581.68310546875,29.640724182128906,103.04376220703125,132.68447875976562,150.7335205078125,1.0021685361862183,0.3245078921318054,0.12386216223239899,0.019913528114557266,0.27364203333854675,1.0,0.16395699977874756,0.019895780831575394,-19427.359375,0.019913528114557266,-0.0011177172418683767,0.07039138674736023,0.0,0.5330343842506409,0.0
3.2995188236236572,51.34000015258789,1000.0,48.0,1.4085946083068848,0.00016709184274077415,40.0,0.9992563128471375,0.9992563128471375,0.9992563128471375,0.0005259083700366318,0.0,0.989768922328949,980000.0,-0.01295405998826027,-0.0028458330780267715,-4.1961669694501325e-09,0.014923818409442902,-0.0019982829689979553,0.5136606693267822,0.41734156012535095,-0.022867023944854736,4.40449333190918,6715.3486328125,28.25447654724121,105.37771606445312,133.63218688964844,149.66453552246094,0.9075102806091309,0.2988440990447998,0.14878135919570923,0.02428436279296875,0.3019443154335022,1.0,0.2441857010126114,0.024103032425045967,-4776.2734375,0.02428436279296875,-0.005132224410772324,0.14525814354419708,0.0,0.37106049060821533,0.0
2.560953378677368,38.099998474121094,1000.0,49.0,1.3975119590759277,0.00015329362940974534,40.0,0.999936580657959,0.999936580657959,0.999936580657959,4.484424789552577e-05,0.0,0.9788371920585632,1000000.0,-0.006741710938513279,0.00621234904974699,-1.7166137400437265e-09,0.01279568299651146,-0.0021281354129314423,0.5081791281700134,0.37106579542160034,-0.04627576470375061,4.437799453735352,6852.10693359375,28.567724227905273,108.15784454345703,136.72557067871094,146.27841186523438,0.9096163511276245,0.3119348883628845,0.1261059045791626,0.024172041565179825,0.3025350570678711,1.0,0.19953852891921997,0.02323414944112301,-1922.1036376953125,0.024172041565179825,0.009150754660367966,0.08928142488002777,0.0,0.47329771518707275,0.0
2.5570268630981445,36.959999084472656,1000.0,50.0,1.3950294256210327,0.00015882038860581815,40.0,0.9981599450111389,0.9981599450111389,0.9981599450111389,0.0013011012924835086,0.0,0.9763781428337097,1020000.0,-0.009942284785211086,-0.0032005738466978073,4.768371461572052e-11,0.013227056711912155,0.0004313737154006958,0.4941380023956299,0.3594026565551758,-0.01166313886642456,4.63952112197876,6982.27978515625,27.935094833374023,102.2031478881836,130.13824462890625,153.68272399902344,0.8516128659248352,0.3006901443004608,0.14368346333503723,0.02757689543068409,0.31395450234413147,1.0,0.2086765617132187,0.027551261708140373,-1315.046630859375,0.02757689543068409,0.0016698166728019714,0.10877135396003723,0.0,0.4288029074668884,0.0
2.535738468170166,38.36000061035156,1000.0,51.0,1.4037984609603882,0.00013742526061832905,40.0,1.001020073890686,1.001020073890686,1.001020073890686,0.0007213854696601629,0.0,0.9849927425384521,1040000.0,-0.009137804619967937,0.0008044801652431488,-1.4495849853801701e-08,0.016349120065569878,0.0031220633536577225,0.45325136184692383,0.33721238374710083,-0.02219027280807495,4.303426265716553,7114.29052734375,29.585987091064453,102.391845703125,131.97784423828125,151.54058837890625,1.0718497037887573,0.3217993676662445,0.11180223524570465,0.017408523708581924,0.26390722393989563,1.0,0.1859896034002304,0.017137382179498672,-1975.0775146484375,0.017408523708581924,0.004950052592903376,0.09037001430988312,0.0,0.4704384505748749,0.0
1.8837567567825317,35.779998779296875,1000.0,52.0,1.406381607055664,0.0001389060780638829,40.0,1.0005124807357788,1.0005124807357788,1.0005124807357788,0.0003622943186201155,0.0,0.9876073002815247,1060000.0,-0.006568871904164553,0.0025689327158033848,-6.198883073516015e-10,0.013538789935410023,-0.002810330130159855,0.3834168612957001,0.2726929187774658,-0.06451946496963501,3.759104013442993,7247.98681640625,29.782955169677734,103.88056182861328,133.66351318359375,149.62945556640625,0.8572014570236206,0.3234822750091553,0.18168100714683533,0.027218490839004517,0.2997496426105499,1.0,0.13336312770843506,0.027099020779132843,-2663.082275390625,0.027218490839004517,0.0022832518443465233,0.04363645613193512,0.0,0.6770023703575134,0.0
2.4125161170959473,32.31999969482422,1000.0,53.0,1.4110010862350464,0.0001703201123746112,40.0,0.9997145533561707,0.9997145533561707,0.9997145533561707,0.00020185529137961566,0.0,0.9922860264778137,1080000.0,-0.006498474162071943,7.03977420926094e-05,1.7642974858844696e-09,0.021167060360312462,0.007628270424902439,0.46419522166252136,0.2975820302963257,0.024889111518859863,3.8905186653137207,7380.517578125,30.881694793701172,101.6161880493164,132.4978790283203,150.94580078125,0.9776846170425415,0.2941948473453522,0.13338282704353333,0.020923398435115814,0.28091681003570557,1.0,0.22249385714530945,0.020078331232070923,-742.5120849609375,0.020923398435115814,0.007809062022715807,0.0721617117524147,0.0,0.5264553427696228,0.0
1.831990361213684,27.219999313354492,1000.0,54.0,1.4077037572860718,0.0001605989964446053,40.0,1.0008598566055298,1.0008598566055298,1.0008598566055298,0.000608094735071063,0.0,0.9890975952148438,1100000.0,-0.0036768573336303234,0.00282161682844162,-2.0503998499066256e-09,0.010163257829844952,-0.01100380253046751,0.2813068926334381,0.2213241457939148,-0.07625788450241089,2.6055757999420166,7512.82568359375,29.88150978088379,102.3935546875,132.2750701904297,151.2000732421875,0.9765022993087769,0.2997972071170807,0.16223111748695374,0.020974095910787582,0.2839265465736389,1.0,0.1855383664369583,0.02012828178703785,-67.8512954711914,0.020974095910787582,0.007836953736841679,0.07261386513710022,0.0,0.524813711643219,0.0
1.5245975255966187,25.040000915527344,1000.0,55.0,1.4015949964523315,0.00016743112064432353,40.0,0.9998943209648132,0.9998943209648132,0.9998943209648132,7.471231219824404e-05,0.0,0.9830310344696045,1120000.0,-0.005529838148504496,-0.0018529808148741722,-6.461143620128951e-09,0.011795655824244022,0.0016323979943990707,0.26423919200897217,0.22508502006530762,0.0037608742713928223,1.7773746252059937,7646.04931640625,28.626880645751953,104.56375885009766,133.19064331054688,150.16070556640625,0.9049806594848633,0.2940021753311157,0.13840025663375854,0.02442031353712082,0.2982466220855713,1.0,0.20658475160598755,0.023959515616297722,-0.0018648002296686172,0.02442031353712082,0.0058070095255970955,0.07318031787872314,0.0,0.5227786302566528,0.0
0.2603723406791687,17.020000457763672,1000.0,56.0,1.4006932973861694,0.0002135942195309326,40.0,0.9994640946388245,0.9994640946388245,0.9994640946388245,0.0003789282636716962,0.0,0.9821419715881348,1140000.0,-0.016365613788366318,-0.010835775639861822,-6.532669072356612e-09,0.008195465430617332,-0.00360019039362669,0.18019096553325653,0.1590345948934555,-0.06605042517185211,1.8224761486053467,7776.64404296875,28.493406295776367,102.06804656982422,130.5614471435547,153.1845703125,0.9043962955474854,0.23805274069309235,0.1923578828573227,0.024451881647109985,0.2632172703742981,1.0,0.07200351357460022,0.02400784008204937,-4265.267578125,0.024451881647109985,0.002574782818555832,0.014929907396435738,1.1057099103927612,0.0,3.0
0.4244097173213959,20.479999542236328,1000.0,57.0,1.39993417263031,0.0001709292409941554,40.0,1.0004959106445312,1.0004959106445312,1.0004959106445312,0.00035066177952103317,0.0,0.9813607335090637,1160000.0,-0.014136536046862602,0.0022290777415037155,6.38961772381208e-09,0.01233091950416565,0.004135454073548317,0.2981182634830475,0.23800380527973175,0.07896921038627625,2.5334432125091553,7913.10498046875,30.026338577270508,106.40135955810547,136.42770385742188,146.59779357910156,1.0345419645309448,0.2901589870452881,0.12944549322128296,0.018686743453145027,0.28047093749046326,1.0,0.16064748167991638,0.018662218004465103,-306.63623046875,0.018686743453145027,0.0012782560661435127,0.06662314385175705,0.9666113257408142,0.0,3.0
1.0231659412384033,29.1200008392334,1000.0,58.0,1.4011987447738647,0.00014629487122874707,40.0,0.9992981553077698,0.9992981553077698,0.9992981553077698,0.0004962650709785521,0.0,0.9826934337615967,1180000.0,-0.008099661208689213,0.0060368748381733894,-3.910064716450279e-09,0.013741262257099152,0.0014103427529335022,0.3122614920139313,0.37918323278427124,0.1411794275045395,3.0220088958740234,8045.07421875,29.738800048828125,102.19441986083984,131.93421936035156,151.5906982421875,0.9852945804595947,0.3154096007347107,0.11762357503175735,0.020601440221071243,0.29544511437416077,1.0,0.2266240268945694,0.01987464167177677,-132.714111328125,0.020601440221071243,0.009640797972679138,0.12788276374340057,0.0,0.39546582102775574,0.0
2.2894773483276367,38.560001373291016,1000.0,59.0,1.408224105834961,0.00014748069224879146,40.0,0.9992743134498596,0.9992743134498596,0.9992743134498596,0.0005131238140165806,0.0,0.9895691871643066,1200000.0,-0.008411966264247894,-0.0003123050555586815,3.8146971692576415e-10,0.01423986628651619,0.000498604029417038,0.2537865936756134,0.302314430475235,-0.07686880230903625,3.0295569896698,8176.623046875,29.920347213745117,101.59716033935547,131.51751708984375,152.0709991455078,0.9729651212692261,0.3131681978702545,0.12564654648303986,0.021126873791217804,0.28811705112457275,1.0,0.20048636198043823,0.020925678312778473,-2082.0048828125,0.021126873791217804,0.004215266555547714,0.08831480890512466,0.0,0.47588083148002625,0.0
2.927713632583618,36.68000030517578,1000.0,60.0,1.40571129322052,0.0001552681060275063,40.0,1.0000419616699219,1.0000419616699219,1.0000419616699219,2.9615292078233324e-05,0.0,0.9870796203613281,1220000.0,-0.006615072954446077,0.001796893309801817,1.19209286886246e-09,0.016866877675056458,0.002627011388540268,0.3440931737422943,0.2347971498966217,-0.06751728057861328,2.7092504501342773,8308.8046875,30.083683013916016,102.06488800048828,132.14857482910156,151.3448028564453,1.0015894174575806,0.3165251910686493,0.11674685776233673,0.019936565309762955,0.2926027178764343,1.0,0.18711434304714203,0.019838090986013412,-1504.8472900390625,0.019936565309762955,0.002987820655107498,0.09065410494804382,0.0,0.46970075368881226,0.0
2.782501220703125,34.20000076293945,1000.0,61.0,1.4034696817398071,0.00012902729213237762,40.0,0.9999029040336609,0.9999029040336609,0.9999029040336609,6.867126649012789e-05,0.0,0.9847583770751953,1240000.0,-0.005905452650040388,0.0007096203044056892,-4.76837147544984e-09,0.0162060409784317,-0.0006608366966247559,0.2753864824771881,0.22589944303035736,-0.008897706866264343,2.798614501953125,8439.58203125,29.139781951904297,101.60376739501953,130.74354553222656,152.97122192382812,0.9742375612258911,0.34085607528686523,0.11456233263015747,0.021071722730994225,0.29873359203338623,1.0,0.11056426167488098,0.020994964987039566,-1895.2047119140625,0.021071722730994225,0.0018514683470129967,0.04465961083769798,0.0,0.6692023873329163,0.0
2.2169370651245117,30.920000076293945,1000.0,62.0,1.407824158668518,0.00013178648077882826,40.0,0.999295711517334,0.999295711517334,0.999295711517334,0.0004980071680620313,0.0,0.9890744686126709,1260000.0,-0.009645297192037106,-0.0037398445419967175,-6.937980856491777e-09,0.012365338392555714,-0.003840702585875988,0.23054270446300507,0.2447705715894699,0.01887112855911255,2.7963707447052,8569.2021484375,28.751583099365234,100.83418273925781,129.5857696533203,154.3379364013672,0.957051157951355,0.32945019006729126,0.13131414353847504,0.021835315972566605,0.2998698055744171,1.0,0.18534895777702332,0.02169814333319664,-340.14044189453125,0.021835315972566605,0.003759369719773531,0.1030290350317955,0.0,0.4405905306339264,0.0
1.421921968460083,30.739999771118164,1000.0,63.0,1.4062166213989258,0.00013513880548998713,40.0,0.9994716644287109,0.9994716644287109,0.9994716644287109,0.0003736177459359169,0.0,0.9876253604888916,1280000.0,-0.0062014320865273476,0.003443865105509758,5.388260060357197e-09,0.012488137930631638,0.00012279953807592392,0.3257966935634613,0.2430739849805832,-0.0016965866088867188,3.533006191253662,8700.109375,29.715938568115234,101.15913391113281,130.8750762939453,152.81748962402344,0.9302089214324951,0.3249262273311615,0.1372181475162506,0.023113664239645004,0.30067265033721924,1.0,0.16749043762683868,0.022345714271068573,-458.5789489746094,0.023113664239645004,0.007427829317748547,0.07184402644634247,0.0,0.5276180505752563,0.0
0.9897695183753967,27.639999389648438,1000.0,64.0,1.3969320058822632,0.00015148421516641974,40.0,0.9987923502922058,0.9987923502922058,0.9987923502922058,0.0008539232658222318,0.0,0.9785840511322021,1300000.0,-0.006993374787271023,-0.0007919427007436752,-1.115798919926192e-08,0.010560696013271809,-0.001927441917359829,0.21110990643501282,0.2535949945449829,0.01052100956439972,2.665432929992676,8831.1083984375,29.563610076904297,101.40264892578125,130.9662628173828,152.71109008789062,1.0454018115997314,0.3249838650226593,0.11078589409589767,0.018300514668226242,0.28187844157218933,1.0,0.16231365501880646,0.018218552693724632,-122.11865997314453,0.018300514668226242,0.002162629272788763,0.05706297606229782,0.0,0.5920218825340271,0.0
0.8893143534660339,33.099998474121094,1000.0,65.0,1.3902794122695923,0.00013837774167768657,40.0,1.0001283884048462,1.0001283884048462,1.0001283884048462,9.075622074306011e-05,0.0,0.9720894694328308,1320000.0,-0.010254560969769955,-0.003261186182498932,-1.430511542555024e-10,0.009996159002184868,-0.0005645370110869408,0.27109941840171814,0.3165968954563141,0.06300190091133118,3.2316393852233887,8963.09765625,29.596492767333984,102.35995483398438,131.95645141601562,151.56515502929688,0.8684698343276978,0.3204822838306427,0.1626613885164261,0.026516754180192947,0.306026428937912,1.0,0.19987471401691437,0.026514027267694473,-631.6069946289062,0.026516754180192947,0.0005321982316672802,0.1038745567202568,0.0,0.43879371881484985,0.0
0.5382800698280334,31.459999084472656,1000.0,66.0,1.3826565742492676,0.0001578310620971024,40.0,0.9990876317024231,0.9990876317024231,0.9990876317024231,0.0006451558438129723,0.0,0.9649789929389954,1340000.0,-0.003570339409634471,0.006684221560135484,7.3194503791285115e-09,0.008718189783394337,-0.0012779692187905312,0.14843083918094635,0.23970584571361542,-0.07689104974269867,2.852902889251709,9094.7861328125,30.639692306518555,101.01599884033203,131.6556854248047,151.91139221191406,0.8251221179962158,0.2980101406574249,0.19299490749835968,0.02937605232000351,0.30208998918533325,1.0,0.21981190145015717,0.027664175257086754,-630.5875244140625,0.02937605232000351,0.010643616318702698,0.06617678701877594,0.0,0.549746036529541,0.0
0.2766565680503845,32.7400016784668,1000.0,67.0,1.3782469034194946,0.0001360988535452634,40.0,0.9994192123413086,0.9994192123413086,0.9994192123413086,0.0004106507985852659,0.0,0.9609425067901611,1360000.0,-0.007649057544767857,-0.004078718135133386,-3.19480886190604e-09,0.008906393311917782,0.00018820352852344513,0.12603431940078735,0.20443345606327057,-0.03527238965034485,2.7348389625549316,9226.41015625,30.526567459106445,101.0648422241211,131.59140014648438,151.98561096191406,0.9279769659042358,0.3220917880535126,0.16209878027439117,0.023224983364343643,0.2740994393825531,1.0,0.1461685597896576,0.02321222797036171,-1066.6917724609375,0.023224983364343643,-0.0008463999256491661,0.05616101622581482,0.0,0.5967569351196289,0.0
0.19739550352096558,26.799999237060547,1000.0,68.0,1.3720040321350098,0.00014963692228775471,40.0,0.9996945858001709,0.9996945858001709,0.9996945858001709,0.00021596044825855643,0.0,0.9549798965454102,1380000.0,-0.007719636894762516,-7.057934999465942e-05,8.416176200398695e-09,0.0092840064316988,0.0003776131197810173,0.19906511902809143,0.27756109833717346,0.0731276422739029,2.701537847518921,9360.33984375,32.3224983215332,101.57415008544922,133.8966522216797,149.3689422607422,0.8934186100959778,0.31484219431877136,0.15695543587207794,0.025056466460227966,0.27455946803092957,1.0,0.15532386302947998,0.024909915402531624,-52.8297233581543,0.025056466460227966,0.0029974118806421757,0.06130583956837654,0.0,0.5711681842803955,0.0
0.20160245895385742,22.459999084472656,1000.0,69.0,1.3759794235229492,0.0001910213613882661,40.0,1.0003896951675415,1.0003896951675415,1.0003896951675415,0.0002756404282990843,0.0,0.9586365818977356,1400000.0,-0.01659427583217621,-0.008874638937413692,-2.0408631229429375e-08,0.009492052718997002,0.00020804628729820251,0.2079724371433258,0.22694623470306396,-0.0506148636341095,2.89628267288208,9494.0400390625,32.59716033935547,101.0700912475586,133.66725158691406,149.62527465820312,0.8703413009643555,0.2540298104286194,0.17582041025161743,0.02640284225344658,0.2918737530708313,1.0,0.24647916853427887,0.026264570653438568,-53.592376708984375,0.02640284225344658,0.004079126752912998,0.12033796310424805,1.1489745378494263,0.0,3.0
0.3111715614795685,21.520000457763672,1000.0,70.0,1.3779703378677368,0.00017561859567649662,40.0,1.0017427206039429,1.0017427206039429,1.0017427206039429,0.0012322614202275872,0.0,0.9604541659355164,1420000.0,-0.012737640179693699,0.0038566356524825096,3.0040741005876725e-09,0.009491621516644955,-4.3120235204696655e-07,0.09728400409221649,0.18957273662090302,-0.03737349808216095,2.0640149116516113,9633.59765625,36.261940002441406,103.26287078857422,139.52481079101562,143.34368896484375,1.0836642980575562,0.2939853370189667,0.10069292038679123,0.017031002789735794,0.2712882161140442,1.0,0.15722638368606567,0.016720743849873543,-151.00482177734375,0.017031002789735794,0.0049878996796905994,0.08018811047077179,0.9227949976921082,0.0,3.0
0.518155038356781,22.020000457763672,1000.0,71.0,1.3786762952804565,0.0001800229074433446,40.0,1.0012325048446655,1.0012325048446655,1.0012325048446655,0.0008714282303117216,0.0,0.961046040058136,1440000.0,-0.012049601413309574,0.0006880387663841248,1.0013580187262505e-08,0.010748561471700668,0.0012569399550557137,0.16995318233966827,0.3371656835079193,0.1475929468870163,3.2073397636413574,9770.095703125,35.540489196777344,100.90927124023438,136.4497528076172,146.5740966796875,1.0937615633010864,0.28766027092933655,0.11979591101408005,0.016718003898859024,0.2630009055137634,1.0,0.16443213820457458,0.015610815957188606,-145.3398895263672,0.016718003898859024,0.008224407210946083,0.061092473566532135,0.9142760634422302,0.0,3.0
1.6433813571929932,26.920000076293945,1000.0,72.0,1.3813114166259766,0.00012037379929097369,40.0,1.0007132291793823,1.0007132291793823,1.0007132291793823,0.0005043011042289436,0.0,0.9634761214256287,1460000.0,-0.011100217700004578,0.0009493837133049965,1.4305114870438729e-09,0.013784287497401237,0.003035726025700569,0.2343488335609436,0.36650118231773376,0.029335498809814453,2.686410665512085,9904.111328125,32.040977478027344,101.93634033203125,133.97732543945312,149.2790069580078,0.936290442943573,0.34449997544288635,0.10754592716693878,0.022814378142356873,0.3281337022781372,1.0,0.15666210651397705,0.022475754842162132,-48.85637283325195,0.022814378142356873,-0.00505371019244194,0.07542294263839722,0.0,0.5149478316307068,0.0
2.8496897220611572,39.29999923706055,1000.0,73.0,1.3821710348129272,0.00015080250159371644,40.0,0.9998130798339844,0.9998130798339844,0.9998130798339844,0.00013220062828622758,0.0,0.9643903374671936,1480000.0,-0.011807073839008808,-0.0007068561390042305,-5.62667867853861e-09,0.018968068063259125,0.005183780565857887,0.3397675156593323,0.4674367904663086,0.10093560814857483,4.472145080566406,10034.240234375,29.151954650878906,100.94361877441406,130.09556579589844,153.73313903808594,0.9682586789131165,0.311143696308136,0.13026000559329987,0.02133275754749775,0.2935752272605896,1.0,0.2210514098405838,0.021283840760588646,-1901.701904296875,0.02133275754749775,-0.0022934749722480774,0.10752884298563004,0.0,0.4312732219696045,0.0
3.342921257019043,35.779998779296875,1000.0,74.0,1.3817601203918457,0.00014438622747547925,40.0,0.9998869895935059,0.9998869895935059,0.9998869895935059,7.99104236648418e-05,0.0,0.9640164375305176,1500000.0,-0.007471838034689426,0.004335235804319382,-7.1525572131747595e-09,0.016803845763206482,-0.002164222300052643,0.3291412591934204,0.25532543659210205,-0.21211135387420654,2.627535343170166,10164.8642578125,31.061574935913086,99.5285415649414,130.59011840820312,153.1509552001953,0.9336851835250854,0.3207077383995056,0.1459229737520218,0.022941872477531433,0.2719854712486267,1.0,0.16297806799411774,0.0229053758084774,-1819.1220703125,0.022941872477531433,0.001526903361082077,0.06388086080551147,0.0,0.5595380067825317,0.0
3.485116958618164,36.15999984741211,1000.0,75.0,1.3810683488845825,0.00013981123629491776,40.0,1.000162124633789,1.000162124633789,1.000162124633789,0.00011458325752755627,0.0,0.9633066058158875,1520000.0,-0.00984431803226471,-0.002372479997575283,4.482269222449986e-09,0.0173089187592268,0.0005050729960203171,0.3972648084163666,0.3133578300476074,0.05803239345550537,3.768566370010376,10300.52734375,30.6297550201416,104.99943542480469,135.6291961669922,147.46087646484375,0.941453754901886,0.321383535861969,0.11466943472623825,0.02256481721997261,0.3101638853549957,1.0,0.17128340899944305,0.022533347830176353,-1503.4212646484375,0.02256481721997261,-0.0016145964618772268,0.08284033834934235,0.0,0.49135348200798035,0.0
2.931605577468872,30.040000915527344,1000.0,76.0,1.3918989896774292,0.00012696138583123684,40.0,1.0001400709152222,1.0001400709152222,1.0001400709152222,9.901700104819611e-05,0.0,0.973768949508667,1540000.0,-0.010738353244960308,-0.0008940352126955986,1.688003514743741e-08,0.01775575429201126,0.000446835532784462,0.4221915900707245,0.34631776809692383,0.032959938049316406,4.014805793762207,10430.37890625,29.085556030273438,100.73280334472656,129.818359375,154.06141662597656,1.0267062187194824,0.3250500559806824,0.12599608302116394,0.018973059952259064,0.27233418822288513,1.0,0.18993014097213745,0.018912892788648605,-270.6357421875,0.018973059952259064,-0.00237632030621171,0.09385208785533905,0.0,0.46162891387939453,0.0
2.7008347511291504,29.559999465942383,1000.0,77.0,1.3952144384384155,0.00013279855193104595,40.0,0.9993121027946472,0.9993121027946472,0.9993121027946472,0.00048640271415933967,0.0,0.9770045280456543,1560000.0,-0.008952160365879536,0.0017861928790807724,-2.145767119543507e-09,0.013485997915267944,-0.004269756376743317,0.2842521071434021,0.2654322683811188,-0.08088549971580505,2.510258197784424,10564.720703125,31.95163917541504,102.3557357788086,134.307373046875,148.9121551513672,1.0044207572937012,0.3219233751296997,0.12419839948415756,0.019824327901005745,0.28939223289489746,1.0,0.14859721064567566,0.01962667889893055,-375.2337646484375,0.019824327901005745,-0.0033094033133238554,0.05541207641363144,0.0,0.6007762551307678,0.0
2.36448335647583,28.1200008392334,1000.0,78.0,1.3932480812072754,0.00014009872393216938,40.0,0.9986019134521484,0.9986019134521484,0.9986019134521484,0.0009886245243251324,0.0,0.9753233790397644,1580000.0,-0.0073554301634430885,0.0015967302024364471,-8.77380390562621e-09,0.014798340387642384,0.0013123424723744392,0.3483491539955139,0.2645603120326996,-0.0008719563484191895,2.975966453552246,10696.03515625,29.22357940673828,102.05587768554688,131.27944946289062,152.34677124023438,1.0255091190338135,0.3247871696949005,0.11150804162025452,0.019017379730939865,0.28421011567115784,1.0,0.16701237857341766,0.018980754539370537,-189.14796447753906,0.019017379730939865,0.0013728507328778505,0.05145904794335365,0.0,0.623424768447876,0.0
2.3399789333343506,22.059999465942383,1000.0,79.0,1.3882495164871216,0.00017862801905721426,40.0,0.9989647269248962,0.9989647269248962,0.9989647269248962,0.0007320626173168421,0.0,0.9705802798271179,1600000.0,-0.01674157939851284,-0.009386149235069752,6.866454960174906e-09,0.01539058517664671,0.0005922447890043259,0.31630775332450867,0.25773951411247253,-0.006820797920227051,2.2138912677764893,10827.1513671875,28.774620056152344,102.30687713623047,131.0814971923828,152.5768280029297,0.9598961472511292,0.29065948724746704,0.11238758265972137,0.021706074476242065,0.30280306935310364,1.0,0.15822452306747437,0.021705148741602898,-188.29147338867188,0.021706074476242065,-0.00020622089505195618,0.045900553464889526,1.0417793989181519,0.0,3.0
2.5489912033081055,24.520000457763672,1000.0,80.0,1.3852514028549194,0.0001590502361068502,40.0,1.0007795095443726,1.0007795095443726,1.0007795095443726,0.0005512245697900653,0.0,0.9679255485534668,1620000.0,-0.014130447059869766,0.002611132338643074,-5.531310964812519e-09,0.014366919174790382,-0.001023666001856327,0.36454087495803833,0.2313328981399536,-0.02640661597251892,2.3256123065948486,10959.169921875,29.510723114013672,102.47184753417969,131.98257446289062,151.53515625,1.0216742753982544,0.3019894063472748,0.11339539289474487,0.01916041225194931,0.2955828905105591,1.0,0.14860697090625763,0.018991291522979736,-3.442243814468384,0.01916041225194931,0.0033547605853527784,0.06654630601406097,0.978785514831543,0.0,3.0
3.1461708545684814,30.479999542236328,1000.0,81.0,1.371864914894104,0.00013830672833137214,40.0,0.9996828436851501,0.9996828436851501,0.9996828436851501,0.00022427742078434676,0.0,0.9552309513092041,1640000.0,-0.008524131961166859,0.0056063150987029076,-6.294250454175199e-09,0.016986489295959473,0.0026195701211690903,0.4034649729728699,0.319945752620697,0.08861285448074341,2.798691749572754,11092.4580078125,28.939592361450195,104.31396484375,133.25355529785156,150.0897979736328,0.8861995935440063,0.3294128477573395,0.15924735367298126,0.025466352701187134,0.3044503629207611,1.0,0.15700291097164154,0.025465812534093857,-476.7013244628906,0.025466352701187134,-0.00018447363981977105,0.0629936009645462,0.0,0.5634647607803345,0.0
3.5418174266815186,31.079999923706055,1000.0,82.0,1.3666330575942993,0.0001578957453602925,40.0,0.9999973177909851,0.9999973177909851,0.9999973177909851,1.9396709376451327e-06,0.0,0.9504027366638184,1660000.0,-0.007728646509349346,0.0007954854518175125,-6.675719976811934e-10,0.021510185673832893,0.004523696377873421,0.4363568425178528,0.24837440252304077,-0.07157135009765625,2.7550530433654785,11224.2548828125,30.417011260986328,101.34576416015625,131.7627716064453,151.78793334960938,0.9480757117271423,0.3054807782173157,0.12451157718896866,0.0222507044672966,0.3065278232097626,1.0,0.19669608771800995,0.022153688594698906,-581.5557861328125,0.0222507044672966,0.002483252203091979,0.06356246769428253,0.0,0.5609376430511475,0.0
3.889503240585327,28.5,1000.0,83.0,1.363675594329834,0.0001430432021152228,40.0,1.0019086599349976,1.0019086599349976,1.0019086599349976,0.001349598285742104,0.0,0.9476344585418701,1680000.0,-0.007194153964519501,0.0005344925448298454,-1.8596648665436533e-09,0.01978844590485096,-0.0017217397689819336,0.5042577385902405,0.250728964805603,0.002354562282562256,2.6289799213409424,11359.015625,30.353778839111328,104.37313079833984,134.72691345214844,148.4484405517578,0.9149788022041321,0.3273431658744812,0.1472097486257553,0.023889539763331413,0.30496737360954285,1.0,0.14826399087905884,0.023873038589954376,-229.98988342285156,0.023889539763331413,0.0009374681976623833,0.05325856804847717,0.0,0.6128020286560059,0.0
3.9101779460906982,23.31999969482422,1000.0,84.0,1.360147476196289,0.0001623958523850888,40.0,1.000096321105957,1.000096321105957,1.000096321105957,6.816555105615407e-05,0.0,0.9443348050117493,1700000.0,-0.016344716772437096,-0.009150562807917595,3.051757735406113e-09,0.01595897786319256,-0.0038294680416584015,0.45591795444488525,0.2066076695919037,-0.04412129521369934,2.405349016189575,11493.2392578125,31.320316314697266,102.86833190917969,134.1886444091797,149.0438995361328,0.9472606778144836,0.3029263913631439,0.11756327003240585,0.022289011627435684,0.3197919726371765,1.0,0.1735554188489914,0.022288300096988678,-37.43912887573242,0.022289011627435684,0.00023148348554968834,0.07534614205360413,1.0556756258010864,0.0,3.0
3.43312931060791,19.219999313354492,1000.0,85.0,1.3567150831222534,0.00015427179459948093,40.0,1.0005388259887695,1.0005388259887695,1.0005388259887695,0.0003810636990237981,0.0,0.9410693049430847,1720000.0,-0.01376451924443245,0.0025801975280046463,-1.1873245497895368e-08,0.02280711755156517,0.006848139688372612,0.41911807656288147,0.27758297324180603,0.07097530364990234,1.8966796398162842,11623.931640625,29.4095458984375,101.24823760986328,130.65777587890625,153.07164001464844,1.040827989578247,0.3051072359085083,0.09878995269536972,0.01846170425415039,0.29313892126083374,1.0,0.1640060544013977,0.018342362716794014,-576.3482666015625,0.01846170425415039,0.0026301173493266106,0.05796363949775696,0.9607735276222229,0.0,3.0
3.429197311401367,25.059999465942383,1000.0,86.0,1.3640176057815552,0.0001276411348953843,40.0,1.0000241994857788,1.0000241994857788,1.0000241994857788,1.713976416795049e-05,0.0,0.9479729533195496,1740000.0,-0.008844281546771526,0.004920237697660923,-6.961822673900997e-09,0.02418496645987034,0.0013778489083051682,0.4651505947113037,0.2753259837627411,-0.0022569894790649414,2.2686660289764404,11753.7734375,29.60472869873047,100.2043228149414,129.80905151367188,154.0724639892578,1.0487828254699707,0.3330859839916229,0.10418561100959778,0.01818271353840828,0.29392024874687195,1.0,0.17348197102546692,0.018104325979948044,-0.022761087864637375,0.01818271353840828,0.002568888245150447,0.08418718725442886,0.0,0.48740723729133606,0.0
3.465470314025879,31.200000762939453,1000.0,87.0,1.3628376722335815,0.00016086106188595295,40.0,1.000895619392395,1.000895619392395,1.000895619392395,0.0006333266501314938,0.0,0.9466932415962219,1760000.0,-0.008943679742515087,-9.939819574356079e-05,4.148483334631692e-09,0.020270515233278275,-0.003914451226592064,0.4784594774246216,0.2327142059803009,-0.042611777782440186,2.3273394107818604,11885.87109375,30.462013244628906,101.60269927978516,132.06471252441406,151.44090270996094,0.8650266528129578,0.303923100233078,0.14853167533874512,0.026728270575404167,0.3276055157184601,1.0,0.23999355733394623,0.026727264747023582,-459.7187805175781,0.026728270575404167,0.0002899745013564825,0.08361271023750305,0.0,0.4890787601470947,0.0
4.4554548263549805,34.959999084472656,1000.0,88.0,1.364864468574524,0.00013456202577799559,40.0,0.9987590312957764,0.9987590312957764,0.9987590312957764,0.000877497426699847,0.0,0.9487908482551575,1780000.0,-0.01143623236566782,-0.002492552623152733,-3.3855438452690123e-09,0.029114536941051483,0.008844021707773209,0.5319279432296753,0.2982924282550812,0.06557822227478027,2.6671738624572754,12019.5029296875,30.557889938354492,103.03976440429688,133.59765625,149.70323181152344,0.9918573498725891,0.3308590054512024,0.10316967964172363,0.02032971754670143,0.31808242201805115,1.0,0.21687684953212738,0.020321816205978394,-823.891357421875,0.02032971754670143,-0.0009753945050761104,0.1204032152891159,0.0,0.40756410360336304,0.0
5.360650539398193,42.97999954223633,1000.0,89.0,1.3706825971603394,0.00014065706636756659,40.0,0.9998601078987122,0.9998601078987122,0.9998601078987122,9.887652413453907e-05,0.0,0.9540873169898987,1800000.0,-0.01330727618187666,-0.0018710438162088394,-9.441375681262798e-09,0.027799973264336586,-0.0013145636767148972,0.5480326414108276,0.352469265460968,0.05417683720588684,2.7004008293151855,12151.3857421875,28.678098678588867,103.1698226928711,131.84791564941406,151.68991088867188,0.9525310397148132,0.3216909170150757,0.10222756862640381,0.02204304374754429,0.3272375166416168,1.0,0.21032927930355072,0.021822825074195862,-2823.816162109375,0.02204304374754429,-0.005021082237362862,0.11448268592357635,0.0,0.4179699718952179,0.0
5.414266586303711,38.2599983215332,1000.0,90.0,1.3712843656539917,0.00012255027831997722,40.0,0.9992606043815613,0.9992606043815613,0.9992606043815613,0.00052287383005023,0.0,0.9544236063957214,1820000.0,-0.00755750248208642,0.005749773699790239,-8.77380390562621e-09,0.023780101910233498,-0.004019871354103088,0.5590040683746338,0.29493972659111023,-0.05752953886985779,3.0950493812561035,12283.248046875,28.974323272705078,102.85519409179688,131.8295135498047,151.71109008789062,1.0245132446289062,0.3370320796966553,0.1113021969795227,0.019054371863603592,0.2948301434516907,1.0,0.18298688530921936,0.018877247348427773,-2360.857666015625,0.019054371863603592,0.00363200344145298,0.07447549700737,0.0,0.5182129740715027,0.0
5.409637928009033,35.7599983215332,1000.0,91.0,1.3684495687484741,0.00013430793478619307,40.0,1.0004240274429321,1.0004240274429321,1.0004240274429321,0.00029991698102094233,0.0,0.9517651200294495,1840000.0,-0.008405507542192936,-0.0008480050601065159,9.536743617033494e-10,0.029962560161948204,0.006182458251714706,0.5610518455505371,0.22542265057563782,-0.06951707601547241,2.987571954727173,12415.822265625,28.64872169494629,103.89086151123047,132.53958129882812,150.8983154296875,1.055006980895996,0.33428868651390076,0.10135351121425629,0.01796879805624485,0.2996387481689453,1.0,0.13231216371059418,0.017916886135935783,-2326.974609375,0.01796879805624485,-0.0016071307472884655,0.04975410923361778,0.0,0.6340163946151733,0.0
5.463991165161133,37.41999816894531,1000.0,92.0,1.3737993240356445,0.0001323219621554017,40.0,1.0002418756484985,1.0002418756484985,1.0002418756484985,0.0001710038195597008,0.0,0.956752359867096,1860000.0,-0.014475187286734581,-0.006069679744541645,5.7220459481754915e-09,0.02370508387684822,-0.006257476285099983,0.5717757940292358,0.25472238659858704,0.02929973602294922,2.0977554321289062,12549.0361328125,29.454313278198242,103.72644805908203,133.18077087402344,150.1718292236328,0.974112868309021,0.3300160765647888,0.09867732971906662,0.021077118813991547,0.33762314915657043,1.0,0.23648281395435333,0.020999465137720108,-979.4559936523438,0.021077118813991547,-0.0034971004351973534,0.1574886292219162,0.0,0.35636118054389954,0.0
5.421350002288818,40.41999816894531,1000.0,93.0,1.3753911256790161,0.00012643913214560598,40.0,1.000571846961975,1.000571846961975,1.000571846961975,0.0004043849476147443,0.0,0.958071768283844,1880000.0,-0.008927506394684315,0.005547680892050266,-3.337859988405967e-10,0.022241216152906418,-0.001463867723941803,0.5258316397666931,0.2891155481338501,0.03439316153526306,2.6554129123687744,12679.73828125,29.18880271911621,101.47805786132812,130.66685485839844,153.0609893798828,1.000795602798462,0.3393288552761078,0.1062263622879982,0.019968204200267792,0.30445143580436707,1.0,0.17898043990135193,0.01984933577477932,-2658.915771484375,0.019968204200267792,0.0032603363506495953,0.08942536264657974,0.0,0.4729166626930237,0.0
4.353772163391113,41.7599983215332,1000.0,94.0,1.3848193883895874,0.00015231885481625795,40.0,1.0004349946975708,1.0004349946975708,1.0004349946975708,0.0003076158172916621,0.0,0.9670031666755676,1900000.0,-0.008729380555450916,0.00019812583923339844,-8.487701208537146e-09,0.026681294664740562,0.004440078511834145,0.6586611866950989,0.27657338976860046,-0.012542158365249634,3.009448289871216,12811.1767578125,29.05307388305664,102.3519515991211,131.405029296875,152.201171875,0.9253275990486145,0.30560487508773804,0.12470759451389313,0.023358168080449104,0.32466307282447815,1.0,0.2297792285680771,0.02305448427796364,-2914.0517578125,0.023358168080449104,0.005410466808825731,0.09639348089694977,0.0,0.4555028975009918,0.0
3.376793622970581,31.559999465942383,1000.0,95.0,1.388783574104309,0.00014305338845588267,40.0,0.9992878437042236,0.9992878437042236,0.9992878437042236,0.0005035705398768187,0.0,0.9706628918647766,1920000.0,-0.00598225649446249,0.002747124060988426,-1.19209286886246e-09,0.01574247144162655,-0.010938823223114014,0.4574476480484009,0.16320529580116272,-0.11336809396743774,1.682447075843811,12941.853515625,29.648950576782227,100.9937973022461,130.6427459716797,153.08924865722656,0.9649611711502075,0.32320982217788696,0.11721408367156982,0.0214788056910038,0.3046685457229614,1.0,0.10621239244937897,0.021474432200193405,-1243.469970703125,0.0214788056910038,0.0003890772059094161,0.03460709750652313,0.0,0.7602078318595886,0.0
2.988492965698242,18.420000076293945,1000.0,96.0,1.3828916549682617,0.0001523639657534659,40.0,1.0001996755599976,1.0001996755599976,1.0001996755599976,0.00014122005086392164,0.0,0.9651675224304199,1940000.0,-0.01689063012599945,-0.01090837363153696,-2.479553229406406e-09,0.015915021300315857,0.00017254985868930817,0.4039613902568817,0.21759633719921112,0.0543910413980484,2.147006034851074,13074.23046875,30.96040153503418,101.38353729248047,132.34393310546875,151.12139892578125,0.9143715500831604,0.30755797028541565,0.11576253920793533,0.02392127923667431,0.3363599479198456,1.0,0.20634444057941437,0.023873042315244675,-506.23095703125,0.02392127923667431,-0.0020310888066887856,0.0855235829949379,1.0936473608016968,0.0,3.0
4.003329277038574,20.579999923706055,1000.0,97.0,1.3741129636764526,0.00014584395103156567,40.0,0.9997591972351074,0.9997591972351074,0.9997591972351074,0.0001702451700111851,0.0,0.9568122029304504,1960000.0,-0.01326870359480381,0.0036219265311956406,-1.4710426654573894e-08,0.027334250509738922,0.011419229209423065,0.7594696283340454,0.27083706855773926,0.05324073135852814,3.306751251220703,13209.359375,34.20413589477539,100.88860321044922,135.09274291992188,148.04644775390625,1.1065188646316528,0.3197895586490631,0.08659595996141434,0.016334734857082367,0.2890050411224365,1.0,0.23879283666610718,0.01631169207394123,-197.3610076904297,0.016334734857082367,0.0015101991593837738,0.09897810220718384,0.9037351608276367,0.0,3.0
4.636286735534668,26.65999984741211,1000.0,98.0,1.360177993774414,0.00014489039313048124,40.0,0.9998548030853271,0.9998548030853271,0.9998548030853271,0.00010266972094541416,0.0,0.9438636898994446,1980000.0,-0.007745800539851189,0.0055229030549526215,-8.106231796922714e-10,0.026045190170407295,-0.001289060339331627,0.7036531567573547,0.24738666415214539,-0.023450404405593872,2.7343924045562744,13341.5537109375,29.780710220336914,102.37821197509766,132.15892028808594,151.33294677734375,0.9666969776153564,0.32590577006340027,0.12401427328586578,0.02140173874795437,0.31447669863700867,1.0,0.18440815806388855,0.02134261652827263,-33.90421676635742,0.02140173874795437,0.002191430190578103,0.08122808486223221,0.0,0.49620580673217773,0.0
4.305379390716553,26.3799991607666,1000.0,99.0,1.3570489883422852,0.00011722125782398507,40.0,1.0005146265029907,1.0005146265029907,1.0005146265029907,0.00036386778810992837,0.0,0.941115140914917,2000000.0,-0.005104834213852882,0.0026409663259983063,7.629394338515283e-10,0.016655420884490013,-0.009389769285917282,0.5049974918365479,0.18772819638252258,-0.0596584677696228,2.4914886951446533,13475.0419921875,30.5177001953125,102.93599700927734,133.4536895751953,149.86471557617188,0.9337881803512573,0.338785856962204,0.14345066249370575,0.022936813533306122,0.33771732449531555,1.0,0.13376006484031677,0.02289937250316143,-38.34779357910156,0.022936813533306122,0.0013632155023515224,0.049635306000709534,0.0,0.6347746849060059,0.0
3.7301316261291504,23.979999542236328,1000.0,100.0,1.3539832830429077,0.00013586196291726083,40.0,1.0016155242919922,1.0016155242919922,1.0016155242919922,0.001142348162829876,0.0,0.9380967020988464,2020000.0,-0.016780231148004532,-0.01167539693415165,2.3841859042583735e-10,0.022747008129954338,0.006091587245464325,0.5756736993789673,0.24934819340705872,0.06161999702453613,2.956098794937134,13605.5185546875,28.766942977905273,101.6756591796875,130.44259643554688,153.3241424560547,0.8915148973464966,0.32466921210289,0.12168840318918228,0.025163590908050537,0.36417701840400696,1.0,0.15744052827358246,0.024678150191903114,-19.798725128173828,0.025163590908050537,0.005048130638897419,0.05249584838747978,1.1216862201690674,0.0,3.0
3.203484296798706,21.959999084472656,1000.0,101.0,1.3535515069961548,0.0001493052113801241,40.0,0.9993734955787659,0.9993734955787659,0.9993734955787659,0.00044299146975390613,0.0,0.9377606511116028,2040000.0,-0.01614222303032875,0.0006380081176757812,3.290176353587526e-09,0.021075868979096413,-0.0016711391508579254,0.4612913429737091,0.2428315132856369,-0.006516680121421814,2.3078463077545166,13736.8505859375,27.888460159301758,103.4110336303711,131.2994842529297,152.32351684570312,0.8969886302947998,0.31007516384124756,0.11801037937402725,0.02485741302371025,0.34568455815315247,1.0,0.17719364166259766,0.024780001491308212,-114.3039779663086,0.02485741302371025,0.0025015331339091063,0.08083698153495789,1.114841341972351,0.0,3.0
3.5994040966033936,29.1200008392334,1000.0,102.0,1.3491445779800415,0.00012700464867521077,40.0,0.999717652797699,0.999717652797699,0.999717652797699,0.00019966367108281702,0.0,0.9335417747497559,2060000.0,-0.011157205328345299,0.004985017701983452,-1.1444092340440193e-09,0.024559929966926575,0.003484060987830162,0.5676656365394592,0.3955082893371582,0.1526767760515213,2.952333927154541,13868.2021484375,28.55411720275879,102.76366424560547,131.31777954101562,152.3022918701172,1.0359517335891724,0.338250994682312,0.10455792397260666,0.018635913729667664,0.3082926571369171,1.0,0.19961871206760406,0.018628766760230064,-155.6370849609375,0.018635913729667664,-0.0008828557911328971,0.10904999822378159,0.0,0.4282546937465668,0.0
3.873239755630493,30.899999618530273,1000.0,103.0,1.341531753540039,0.0001361804606858641,40.0,0.9998385310173035,0.9998385310173035,0.9998385310173035,0.00011416176857892424,0.0,0.9265222549438477,2080000.0,-0.006188190076500177,0.004969015251845121,-3.528594971768939e-09,0.0204321276396513,-0.004127802327275276,0.5071461796760559,0.2349485158920288,-0.1605597734451294,2.831742763519287,14001.6513671875,29.10257911682129,104.31407165527344,133.41665649414062,149.9063262939453,0.9362471699714661,0.3265573978424072,0.14735904335975647,0.022816486656665802,0.3058299124240875,1.0,0.16555210947990417,0.022710226476192474,-635.7039184570312,0.022816486656665802,0.002412137808278203,0.05475645512342453,0.0,0.6043621897697449,0.0
4.120010852813721,27.799999237060547,1000.0,104.0,1.3412166833877563,0.00012467005581129342,40.0,1.0003620386123657,1.0003620386123657,1.0003620386123657,0.0002560280554462224,0.0,0.9262089729309082,2100000.0,-0.007985251955688,-0.0017970618791878223,-1.0848045128852846e-08,0.022353408858180046,0.0019212812185287476,0.45708003640174866,0.24022608995437622,0.005277574062347412,2.710439443588257,14133.76953125,28.44171142578125,103.64253234863281,132.08424377441406,151.41851806640625,1.0110112428665161,0.337805837392807,0.10176193714141846,0.01956670731306076,0.3238746225833893,1.0,0.1454162746667862,0.01954149827361107,-125.05828094482422,0.01956670731306076,0.0012570087565109134,0.06268070638179779,0.0,0.5648693442344666,0.0
3.7832164764404297,27.239999771118164,1000.0,105.0,1.343327522277832,0.0001353359839413315,40.0,0.9993888735771179,0.9993888735771179,0.9993888735771179,0.0004321737796999514,0.0,0.9281439185142517,2120000.0,-0.008741470985114574,-0.0007562190294265747,-2.813339339269305e-09,0.018615754321217537,-0.003737654536962509,0.46642637252807617,0.35398852825164795,0.11376243829727173,2.3851325511932373,14265.873046875,29.406478881835938,102.6635971069336,132.07008361816406,151.43475341796875,1.1332688331604004,0.324590265750885,0.09699453413486481,0.01557269599288702,0.27646225690841675,1.0,0.16833657026290894,0.015560818836092949,-59.941680908203125,0.01557269599288702,0.0009969486854970455,0.08368008583784103,0.0,0.4888818562030792,0.0
3.3259780406951904,26.700000762939453,1000.0,106.0,1.3486026525497437,0.00014260898751672357,40.0,0.9982102513313293,0.9982102513313293,0.9982102513313293,0.0012655574828386307,0.0,0.9333765506744385,2140000.0,-0.01137089729309082,-0.002629426307976246,-9.536743617033494e-10,0.015944408252835274,-0.002671346068382263,0.41984349489212036,0.28883931040763855,-0.0651492178440094,2.4315905570983887,14400.216796875,31.890666961669922,102.41938018798828,134.31004333496094,148.9091796875,0.873452365398407,0.3160868287086487,0.11618520319461823,0.026215091347694397,0.3510099947452545,1.0,0.22418363392353058,0.026162300258874893,-27.566621780395508,0.026215091347694397,-0.00235170079395175,0.10476100444793701,0.0,0.436933308839798,0.0
3.424870014190674,30.540000915527344,1000.0,107.0,1.356283187866211,0.0001255063689313829,40.0,1.0008424520492554,1.0008424520492554,1.0008424520492554,0.0005956754321232438,0.0,0.9411364197731018,2160000.0,-0.008264054544270039,0.0031068427488207817,6.675720420901143e-09,0.01899447664618492,0.0030500683933496475,0.5064305067062378,0.330581396818161,0.04174208641052246,2.5063869953155518,14534.8564453125,33.61947250366211,100.98775482177734,134.6072235107422,148.58042907714844,0.9624814987182617,0.3319283425807953,0.1045575886964798,0.021589620038866997,0.3147026598453522,1.0,0.19711138308048248,0.021347252652049065,-352.5433044433594,0.021589620038866997,0.004593344405293465,0.08705276250839233,0.0,0.47931796312332153,0.0
4.0268635749816895,30.700000762939453,1000.0,108.0,1.3533596992492676,0.00014224914775695652,40.0,0.9990673661231995,0.9990673661231995,0.9990673661231995,0.0006594576989300549,0.0,0.9388889670372009,2180000.0,-0.011297383345663548,-0.003033328801393509,-7.0095063087194376e-09,0.022268274798989296,0.0032737981528043747,0.5974729657173157,0.30685165524482727,-0.02372974157333374,3.221177101135254,14667.7587890625,32.794246673583984,100.07414245605469,132.86839294433594,150.52488708496094,1.0022114515304565,0.3234668970108032,0.11233870685100555,0.01991182565689087,0.2979462146759033,1.0,0.2518770396709442,0.01991051621735096,-237.6979217529297,0.01991182565689087,-0.00042318645864725113,0.13667461276054382,0.0,0.3825348913669586,0.0
3.564276695251465,29.520000457763672,1000.0,109.0,1.352583885192871,0.00014239556912798434,40.0,0.9995352625846863,0.9995352625846863,0.9995352625846863,0.0003286049177404493,0.0,0.9383702278137207,2200000.0,-0.006074098404496908,0.005223284941166639,-1.9717216304115937e-08,0.01796470396220684,-0.0043035708367824554,0.4782220721244812,0.20892639458179474,-0.09792526066303253,2.393975257873535,14801.0244140625,32.71971893310547,100.51229858398438,133.23202514648438,150.1140594482422,0.9520729780197144,0.3210981786251068,0.1250983327627182,0.02206425741314888,0.3169946074485779,1.0,0.17955829203128815,0.02183452993631363,-348.0075988769531,0.02206425741314888,0.003672295715659857,0.05870339646935463,0.0,0.5836914777755737,0.0
2.397411823272705,24.579999923706055,1000.0,110.0,1.3518356084823608,0.00014657972496934235,40.0,1.0011426210403442,1.0011426210403442,1.0011426210403442,0.0008079831604845822,0.0,0.9378568530082703,2220000.0,-0.015696462243795395,-0.009622363839298487,7.915496702537439e-09,0.013560199178755283,-0.004404504783451557,0.30221888422966003,0.24194425344467163,0.03301785886287689,1.6655240058898926,14933.9228515625,31.217758178710938,101.64576721191406,132.863525390625,150.5303955078125,0.9433702230453491,0.3110273480415344,0.10614624619483948,0.022473229095339775,0.3296980857849121,1.0,0.16257570683956146,0.022467289119958878,-3.1279237270355225,0.022473229095339775,0.0005768946721218526,0.056036949157714844,1.0600292682647705,0.0,3.0
2.510399341583252,22.739999771118164,1000.0,111.0,1.3498096466064453,0.00017467618454247713,40.0,1.0001133680343628,1.0001133680343628,1.0001133680343628,8.0135214375332e-05,0.0,0.9363236427307129,2240000.0,-0.015461084432899952,0.00023537781089544296,9.536743617033494e-10,0.02051704376935959,0.006956844590604305,0.5608986616134644,0.22597749531269073,-0.015966758131980896,2.719069242477417,15065.7529296875,31.051803588867188,100.74555206298828,131.79736328125,151.74810791015625,1.005609154701233,0.29319149255752563,0.14629961550235748,0.01977749913930893,0.29155609011650085,1.0,0.13576705753803253,0.01973039098083973,-123.99443054199219,0.01977749913930893,0.0013928960543125868,0.04118552803993225,0.9944221377372742,0.0,3.0
3.7359366416931152,21.540000915527344,1000.0,112.0,1.3414050340652466,0.00016736230463720858,40.0,1.000303864479065,1.000303864479065,1.000303864479065,0.00021483654563780874,0.0,0.9286870360374451,2260000.0,-0.01420044619590044,0.0012606382369995117,7.534026735811494e-09,0.02398744598031044,0.0034704022109508514,0.6501042246818542,0.225082129240036,-0.0008953660726547241,2.7419559955596924,15196.1220703125,29.939172744750977,100.39613342285156,130.33531188964844,153.4503631591797,0.9864531755447388,0.2921944856643677,0.13942290842533112,0.02055307663977146,0.29620715975761414,1.0,0.1413429230451584,0.020389186218380928,-211.14801025390625,0.02055307663977146,0.003048159182071686,0.05669225752353668,1.01373291015625,0.0,3.0
5.285473823547363,33.459999084472656,1000.0,113.0,1.3386772871017456,0.00012671499280259013,40.0,1.0006564855575562,1.0006564855575562,1.0006564855575562,0.00046423348248936236,0.0,0.9269353747367859,2280000.0,-0.011430722661316395,0.0027697235345840454,3.218650901359865e-09,0.029044514521956444,0.005057068541646004,0.6199871301651001,0.33656492829322815,0.11148279905319214,2.793175458908081,15326.4150390625,29.499187469482422,100.76109313964844,130.26028442382812,153.5387420654297,0.9539182186126709,0.336649090051651,0.13058480620384216,0.02197897806763649,0.31620797514915466,1.0,0.21533732116222382,0.021976767107844353,-615.5248413085938,0.02197897806763649,-0.0005071170162409544,0.11627353727817535,0.0,0.4147386848926544,0.0
6.613795757293701,38.779998779296875,1000.0,114.0,1.3421672582626343,0.00012603055802173913,40.0,0.9997665286064148,0.9997665286064148,0.9997665286064148,0.0001651313650654629,0.0,0.9300395846366882,2300000.0,-0.008310964331030846,0.003119758330285549,-1.5258788677030566e-09,0.027904659509658813,-0.0011398550122976303,0.5876174569129944,0.29354244470596313,-0.043022483587265015,2.995596408843994,15459.517578125,32.20127487182617,100.86711120605469,133.06838989257812,150.2986602783203,1.001107931137085,0.33391186594963074,0.09365472197532654,0.019955746829509735,0.3329843282699585,1.0,0.173234760761261,0.019899236038327217,-2544.6689453125,0.019955746829509735,0.002053508535027504,0.07462143898010254,0.0,0.5177059769630432,0.0
6.598791599273682,38.540000915527344,1000.0,115.0,1.3486882448196411,0.0001254125963896513,40.0,0.9993359446525574,0.9993359446525574,0.9993359446525574,0.0004695720854215324,0.0,0.9359965324401855,2320000.0,-0.008972564712166786,-0.0006616003811359406,3.1471252270875993e-09,0.030911391600966454,0.00300673209130764,0.686209499835968,0.28521791100502014,-0.008324533700942993,2.8627779483795166,15593.015625,32.09242630004883,101.37265014648438,133.465087890625,149.8519287109375,0.9284535646438599,0.3365626037120819,0.1294717937707901,0.023201145231723785,0.32460978627204895,1.0,0.1782056987285614,0.023156415671110153,-2547.9755859375,0.023201145231723785,-0.0017939655808731914,0.07195129990577698,0.0,0.527224600315094,0.0
6.159890651702881,32.939998626708984,1000.0,116.0,1.3437891006469727,0.0001362863986287266,40.0,0.999340295791626,0.999340295791626,0.999340295791626,0.0004664813168346882,0.0,0.9316485524177551,2340000.0,-0.010243869386613369,-0.0012713046744465828,-1.907348723406699e-09,0.022788623347878456,-0.008122768253087997,0.5805168747901917,0.22612805664539337,-0.05908985435962677,2.3993616104125977,15724.9560546875,30.457857131958008,101.4486312866211,131.90647888183594,151.62257385253906,1.053067922592163,0.3345569372177124,0.09163114428520203,0.0180350374430418,0.31220489740371704,1.0,0.22330409288406372,0.018025236204266548,-531.4572143554688,0.0180350374430418,-0.0010782302124425769,0.11861951649188995,0.0,0.4106169641017914,0.0
5.828005790710449,39.459999084472656,1000.0,117.0,1.3389753103256226,0.00014184693282004446,40.0,0.9997394680976868,0.9997394680976868,0.9997394680976868,0.00018423791334498674,0.0,0.9269220232963562,2360000.0,-0.014943866059184074,-0.004699996672570705,-4.673004205812958e-09,0.02294057048857212,0.00015194714069366455,0.7261931300163269,0.33728015422821045,0.11115209758281708,2.7598836421966553,15856.76171875,29.99045181274414,101.781982421875,131.77243041992188,151.7768096923828,0.9251260757446289,0.32704052329063416,0.12079951912164688,0.02336834743618965,0.32894378900527954,1.0,0.26248830556869507,0.02324940450489521,-1225.948486328125,0.02336834743618965,-0.0045040021650493145,0.17055213451385498,0.0,0.34244149923324585,0.0
5.238154888153076,40.02000045776367,1000.0,118.0,1.339888572692871,0.00013307285553310066,40.0,0.9994297027587891,0.9994297027587891,0.9994297027587891,0.0004032329306937754,0.0,0.9275708198547363,2380000.0,-0.007588445674628019,0.007355420384556055,1.916885317143624e-08,0.02034837007522583,-0.0025922004133462906,0.6316937208175659,0.24392156302928925,-0.0933585911989212,2.761587619781494,15988.7978515625,30.230457305908203,101.7724838256836,132.00294494628906,151.5117645263672,0.8962500095367432,0.32947197556495667,0.1224336102604866,0.024898402392864227,0.3426395654678345,1.0,0.18192440271377563,0.02482464164495468,-3481.782470703125,0.024898402392864227,0.002186157740652561,0.0647941380739212,0.0,0.5555806159973145,0.0
6.001047134399414,50.08000183105469,1000.0,119.0,1.3408869504928589,0.0001214781659655273,40.0,1.0011310577392578,1.0011310577392578,1.0011310577392578,0.0007997786160558462,0.0,0.9276599884033203,2400000.0,-0.008016971871256828,-0.000428526196628809,7.1525572131747595e-09,0.025524292141199112,0.005175922065973282,0.758036196231842,0.2950606048107147,0.051139041781425476,2.964369297027588,16124.314453125,34.41864013671875,101.06442260742188,135.48306274414062,147.61993408203125,0.9541671872138977,0.3394426107406616,0.13118404150009155,0.021967511624097824,0.32222962379455566,1.0,0.17396296560764313,0.021853122860193253,-8788.3359375,0.021967511624097824,0.0028613063041120768,0.07157270610332489,0.0,0.5286171436309814,0.0
5.699586391448975,35.86000061035156,1000.0,120.0,1.3463274240493774,0.0001383263006573543,40.0,1.0002813339233398,1.0002813339233398,1.0002813339233398,0.00019893312128260732,0.0,0.9329735636711121,2420000.0,-0.007272306829690933,0.0007446650415658951,-5.340575981449547e-09,0.02218729630112648,-0.003336995840072632,0.6125041246414185,0.2986573576927185,0.003596752882003784,2.7977330684661865,16262.8115234375,35.98678207397461,102.47746276855469,138.4642333984375,144.44161987304688,0.9576091170310974,0.32601305842399597,0.1160464882850647,0.021809877827763557,0.3202008306980133,1.0,0.17045916616916656,0.021585902199149132,-1778.3336181640625,0.021809877827763557,0.00385409127920866,0.066319540143013,0.0,0.5491541028022766,0.0
5.247552394866943,33.540000915527344,1000.0,121.0,1.35354745388031,0.00014061918773222715,40.0,0.9991634488105774,0.9991634488105774,0.9991634488105774,0.0005915169604122639,0.0,0.9403150677680969,2440000.0,-0.010162179358303547,-0.0028898725286126137,-3.3855438452690123e-09,0.01991492137312889,-0.002272374927997589,0.5193660855293274,0.2517165541648865,-0.04694080352783203,2.1944897174835205,16399.0,33.61262893676758,102.53996276855469,136.152587890625,146.89401245117188,1.0035432577133179,0.3248614966869354,0.10318493098020554,0.019859010353684425,0.31761664152145386,1.0,0.18018227815628052,0.0196719691157341,-988.446044921875,0.019859010353684425,-0.003714890219271183,0.07378261536359787,0.0,0.52064049243927,0.0
5.14111328125,30.260000228881836,1000.0,122.0,1.3594914674758911,0.00011251237447140738,40.0,1.0013774633407593,1.0013774633407593,1.0013774633407593,0.000973985530436039,0.0,0.9462339282035828,2460000.0,-0.009184455499053001,0.0009777238592505455,3.3855438452690123e-09,0.021913103759288788,0.001998182386159897,0.5541004538536072,0.27460363507270813,0.022887080907821655,2.439548969268799,16533.455078125,33.552059173583984,100.86534881591797,134.4174041748047,148.79025268554688,0.8995522856712341,0.3497180640697479,0.13724541664123535,0.024715933948755264,0.325314998626709,1.0,0.12412009388208389,0.024429183453321457,-596.2841796875,0.024715933948755264,-0.0036475760862231255,0.046398457139730453,0.0,0.656542956829071,0.0
4.733490943908691,28.139999389648438,1000.0,123.0,1.3549901247024536,0.00011667590297292918,40.0,1.0006059408187866,1.0006059408187866,1.0006059408187866,0.00042838059016503394,0.0,0.9420124888420105,2480000.0,-0.007510073482990265,0.0016743820160627365,-1.0776520120714395e-08,0.023306522518396378,0.0013934187591075897,0.5979341268539429,0.2769356966018677,0.002332061529159546,3.080245018005371,16669.98046875,33.38074493408203,103.11211395263672,136.49285888671875,146.52780151367188,1.027202844619751,0.3506559133529663,0.10307829082012177,0.018954716622829437,0.3225867748260498,1.0,0.13861174881458282,0.018954625353217125,-186.4305877685547,0.018954716622829437,-6.962806219235063e-05,0.05288046598434448,0.0,0.6149889230728149,0.0
5.097653388977051,28.940000534057617,1000.0,124.0,1.3507556915283203,0.00012179946497781202,40.0,0.9995724558830261,0.9995724558830261,0.9995724558830261,0.0003023052995558828,0.0,0.9375554919242859,2500000.0,-0.010854803957045078,-0.0033447304740548134,3.3378602104505717e-09,0.02429303340613842,0.0009865108877420425,0.5421766638755798,0.21769508719444275,-0.05924060940742493,2.3813657760620117,16802.80078125,31.709041595458984,101.07425689697266,132.78329467773438,150.62135314941406,0.9223841428756714,0.3435054123401642,0.11804220080375671,0.023507487028837204,0.3351445496082306,1.0,0.17887701094150543,0.023443929851055145,-186.73590087890625,0.023507487028837204,-0.00229846965521574,0.08312242478132248,0.0,0.49051904678344727,0.0
4.512551784515381,28.84000015258789,1000.0,125.0,1.357688546180725,0.00011621389421634376,40.0,0.9998292326927185,0.9998292326927185,0.9998292326927185,0.00012076477287337184,0.0,0.9440852999687195,2520000.0,-0.010513147339224815,0.0003416566178202629,-1.3351440841802287e-08,0.01822216622531414,-0.00607086718082428,0.5214232206344604,0.2399648129940033,0.022269725799560547,2.1975889205932617,16935.759765625,30.509553909301758,102.41417694091797,132.9237823486328,150.46217346191406,0.9401107430458069,0.34106555581092834,0.14442622661590576,0.022629335522651672,0.32332026958465576,1.0,0.14159426093101501,0.02221009135246277,-250.53587341308594,0.022629335522651672,-0.004967206623405218,0.05885153263807297,0.0,0.5829563736915588,0.0
3.9504549503326416,26.200000762939453,1000.0,126.0,1.3684242963790894,0.00013058267359156162,40.0,1.0000009536743164,1.0000009536743164,1.0000009536743164,6.743495646333031e-07,0.0,0.9544965624809265,2540000.0,-0.007660531438887119,0.002852615900337696,-2.388954101206764e-08,0.018032118678092957,-0.00019004754722118378,0.5415237545967102,0.24226710200309753,0.0023022890090942383,2.3795580863952637,17070.13671875,30.181739807128906,104.1591567993164,134.3408966064453,148.87498474121094,0.9601113796234131,0.32700368762016296,0.11945527046918869,0.021696344017982483,0.3175407648086548,1.0,0.1977534294128418,0.021301738917827606,-16.62507438659668,0.021696344017982483,0.0058427853509783745,0.08651217818260193,0.0,0.4808131456375122,0.0
3.9477455615997314,24.959999084472656,1000.0,127.0,1.3699920177459717,4.108171651751036e-06,40.0,0.9997411966323853,0.9997411966323853,0.9997411966323853,0.005353712476789951,0.0,0.9561931490898132,2560000.0,0.03861095383763313,0.04627148527652025,4.267692421677793e-09,0.026245228946208954,0.008213110268115997,0.495526522397995,0.2121739536523819,-0.030093148350715637,2.2492787837982178,17200.654296875,27.56768798828125,102.91697692871094,130.4846649169922,153.27471923828125,0.8574550747871399,0.0,0.14059972763061523,0.027202393859624863,0.3605864942073822,0.0,0.18875831365585327,0.027018263936042786,0.00259244441986084,0.027202393859624863,0.004113994538784027,0.09191831201314926,-0.10284753888845444,1.519810055583548e-08,2.0
3.803837776184082,22.84000015258789,1000.0,128.0,1.373275637626648,0.0001316623529419303,40.0,0.9999092221260071,0.9999092221260071,0.9999092221260071,6.417560507543385e-05,0.0,0.9590110778808594,2580000.0,-0.01603219285607338,-0.05464314669370651,8.249283034444943e-09,0.030173471197485924,0.00392824225127697,0.3963797986507416,0.22109454870224,0.008920595049858093,2.3012351989746094,17329.5859375,27.65265464782715,101.24403381347656,128.8966827392578,155.16302490234375,0.8275278806686401,0.3196818232536316,0.13515402376651764,0.02920549549162388,0.3863093852996826,1.0,0.16565638780593872,0.029186829924583435,-72.91136169433594,0.02920549549162388,-0.0010927575640380383,0.06397246569395065,1.2084184885025024,0.0,3.0
4.2179083824157715,25.579999923706055,1000.0,129.0,1.375512719154358,0.00012983074702788144,40.0,0.9989483952522278,0.9989483952522278,0.9989483952522278,0.0007435546722263098,0.0,0.9611527323722839,2600000.0,-0.011602646671235561,0.004429546184837818,2.8610229740877458e-09,0.034916218370199203,0.00474274717271328,0.565285861492157,0.23882490396499634,0.017730355262756348,2.256338357925415,17460.384765625,28.861108779907227,101.90520477294922,130.7663116455078,152.94459533691406,0.910571277141571,0.3257353901863098,0.11914413422346115,0.024121366441249847,0.3519453704357147,1.0,0.21326887607574463,0.024121098220348358,-2.929981231689453,0.024121366441249847,-0.00017513346392661333,0.11403457820415497,0.0,0.41879037022590637,0.0
3.762371778488159,29.059999465942383,1000.0,130.0,1.3742326498031616,0.00011289135727565736,40.0,0.9998154640197754,0.9998154640197754,0.9998154640197754,0.00013045854575466365,0.0,0.9601907134056091,2620000.0,-0.00962305162101984,0.001979595050215721,5.435943695175638e-09,0.023290153592824936,-0.011626064777374268,0.5313005447387695,0.22919878363609314,-0.009626120328903198,2.571150302886963,17592.154296875,30.714988708496094,101.0220718383789,131.737060546875,151.81756591796875,1.0460656881332397,0.3467620015144348,0.10698685795068741,0.01827729120850563,0.31181666254997253,1.0,0.1815601885318756,0.018214397132396698,-187.5555419921875,0.01827729120850563,-0.002350933849811554,0.08787709474563599,0.0,0.4770645499229431,0.0
4.154539108276367,24.399999618530273,1000.0,131.0,1.3706520795822144,0.00016980021609924734,40.0,1.0001444816589355,1.0001444816589355,1.0001444816589355,0.00010216396185569465,0.0,0.9571563601493835,2640000.0,-0.016923876479268074,-0.007300824858248234,-1.6403198799253005e-08,0.018042659386992455,-0.005247494205832481,0.5276517271995544,0.20712341368198395,-0.022075369954109192,2.1090357303619385,17723.396484375,30.20517921447754,101.00434112548828,131.2095184326172,152.42796325683594,0.8794592022895813,0.28981438279151917,0.1376217156648636,0.025858208537101746,0.3295370638370514,1.0,0.1281018853187561,0.025528980419039726,-8.831827163696289,0.025858208537101746,0.0036591761745512486,0.04066960886120796,1.137062430381775,0.0,3.0
4.028208255767822,27.459999084472656,1000.0,132.0,1.3792635202407837,0.00014158006524667144,40.0,1.0004644393920898,1.0004644393920898,1.0004644393920898,0.00032835203455761075,0.0,0.9661163687705994,2660000.0,-0.010672934353351593,0.006250942125916481,8.487701208537146e-09,0.022227568551898003,0.004184909164905548,0.5302760601043701,0.24417687952518463,0.037053465843200684,2.3953468799591064,17857.607421875,32.025657653808594,102.15129852294922,134.1769561767578,149.05690002441406,0.9919109344482422,0.32175737619400024,0.0991399958729744,0.020327523350715637,0.31409966945648193,1.0,0.1935223489999771,0.020320359617471695,-71.80659484863281,0.020327523350715637,-0.000776881817728281,0.08425284922122955,0.0,0.4872172772884369,0.0
4.59210205078125,26.799999237060547,1000.0,133.0,1.3773760795593262,0.00012420710118021816,40.0,1.0004663467407227,1.0004663467407227,1.0004663467407227,0.00032970073516480625,0.0,0.9648899435997009,2680000.0,-0.006989030167460442,0.0036839041858911514,2.574920721087892e-09,0.02755388431251049,0.005326315760612488,0.5654271245002747,0.25251084566116333,0.008333966135978699,2.921407699584961,17991.6796875,30.330965042114258,103.70780944824219,134.0387725830078,149.21055603027344,0.9099500179290771,0.34469470381736755,0.13094307482242584,0.024154314771294594,0.3349972665309906,1.0,0.15977193415164948,0.024109676480293274,-52.84449005126953,0.024154314771294594,0.001654022024013102,0.06128871068358421,0.0,0.5712480545043945,0.0
4.313992500305176,27.100000381469727,1000.0,134.0,1.3773603439331055,0.0001118881773436442,40.0,0.9996438026428223,0.9996438026428223,0.9996438026428223,0.00025186955463141203,0.0,0.9658150672912598,2700000.0,-0.0071401954628527164,-0.00015116529539227486,-1.2111663671987571e-08,0.025470562279224396,-0.0020833220332860947,0.5880947113037109,0.1918652355670929,-0.060645610094070435,2.3562686443328857,18125.7109375,30.995758056640625,103.00299072265625,133.99874877929688,149.255126953125,1.0152015686035156,0.35016709566116333,0.10589327663183212,0.019405517727136612,0.30619364976882935,1.0,0.15674982964992523,0.019378334283828735,-66.95730590820312,0.019405517727136612,0.001337860245257616,0.06584321707487106,0.0,0.55113685131073,0.0
3.928976535797119,21.059999465942383,1000.0,135.0,1.383649468421936,0.0001395212602801621,40.0,0.9993670582771301,0.9993670582771301,0.9993670582771301,0.0004475714231375605,0.0,0.9721844792366028,2720000.0,-0.01732228323817253,-0.010182087775319815,6.43730180271973e-09,0.01802685111761093,-0.007443711161613464,0.48031124472618103,0.1565619260072708,-0.03530330955982208,1.5326108932495117,18257.513671875,28.781517028808594,102.9881591796875,131.76966857910156,151.7799835205078,0.8650331497192383,0.31818822026252747,0.11901424825191498,0.026727870106697083,0.36783358454704285,1.0,0.1475452035665512,0.026644330471754074,-311.71331787109375,0.026727870106697083,0.0020396269392222166,0.049797698855400085,1.1560250520706177,0.0,3.0
3.679910898208618,24.040000915527344,1000.0,136.0,1.387083649635315,0.0001488376292400062,40.0,0.9994032382965088,0.9994032382965088,0.9994032382965088,0.00042197422590106726,0.0,0.974772036075592,2740000.0,-0.017136242240667343,0.000186040997505188,-1.125335735707722e-08,0.021213578060269356,0.0031867269426584244,0.5775368213653564,0.23118120431900024,0.07461927831172943,2.2706985473632812,18388.46875,28.333219528198242,102.58937072753906,130.92259216308594,152.76202392578125,0.8698006272315979,0.30775126814842224,0.13161815702915192,0.026435676962137222,0.3538181781768799,1.0,0.27282071113586426,0.026418978348374367,-9.927077293395996,0.026435676962137222,0.0012438427656888962,0.0926501452922821,1.149688720703125,0.0,3.0
4.4551544189453125,25.15999984741211,1000.0,137.0,1.3949179649353027,0.00011518460814841092,40.0,1.0002208948135376,1.0002208948135376,1.0002208948135376,0.00015616812743246555,0.0,0.9819850921630859,2760000.0,-0.010096033103764057,0.007040209136903286,-8.678436635989328e-09,0.027196262031793594,0.005982683971524239,0.6462816596031189,0.26725688576698303,0.03607568144798279,2.524968147277832,18519.66796875,28.79568099975586,102.3697509765625,131.16543579101562,152.4792022705078,0.9409640431404114,0.34702882170677185,0.1121804490685463,0.02258831262588501,0.33999359607696533,1.0,0.15454554557800293,0.022475501522421837,-0.34864968061447144,0.02258831262588501,-0.002798918168991804,0.06944248080253601,0.0,0.5366638898849487,0.0
5.141106128692627,35.02000045776367,1000.0,138.0,1.3973745107650757,0.00010981158266076818,40.0,0.9990057945251465,0.9990057945251465,0.9990057945251465,0.0007030093693174422,0.0,0.9843337535858154,2780000.0,-0.0122658247128129,-0.0021697916090488434,9.393692046444357e-09,0.02304573357105255,-0.004150528460741043,0.5487773418426514,0.2789658308029175,0.011708945035934448,2.2543129920959473,18651.154296875,28.565250396728516,102.88722229003906,131.4524688720703,152.146240234375,0.8700668215751648,0.3529476225376129,0.12412374466657639,0.0264195017516613,0.3535462021827698,1.0,0.24076135456562042,0.02641763538122177,-747.0942993164062,0.0264195017516613,-0.000500747817568481,0.13438424468040466,0.0,0.3857809603214264,0.0
4.427746772766113,32.400001525878906,1000.0,139.0,1.3979616165161133,0.00012796453665941954,40.0,0.9991775155067444,0.9991775155067444,0.9991775155067444,0.0005815703189000487,0.0,0.9852428436279297,2800000.0,-0.006002875976264477,0.006262948736548424,-1.4734268027893904e-08,0.015933576971292496,-0.0071121565997600555,0.35821908712387085,0.22755180299282074,-0.05141402781009674,1.3758654594421387,18780.896484375,28.210063934326172,101.4970703125,129.70713806152344,154.1935272216797,0.9469865560531616,0.3318757116794586,0.14006604254245758,0.022301914170384407,0.30301257967948914,1.0,0.1327214539051056,0.02217322401702404,-1131.4830322265625,0.022301914170384407,0.0024956087581813335,0.04839580878615379,0.0,0.6428521275520325,0.0
3.876124382019043,35.29999923706055,1000.0,140.0,1.3973150253295898,0.00014101229317020625,40.0,0.9994977116584778,0.9994977116584778,0.9994977116584778,0.0003551293630152941,0.0,0.984718382358551,2820000.0,-0.008018089458346367,-0.00201521348208189,2.574920721087892e-09,0.01862456277012825,0.0026909857988357544,0.5890668630599976,0.26302579045295715,0.035473987460136414,2.0292346477508545,18913.984375,28.225339889526367,104.82891082763672,133.05426025390625,150.3146209716797,0.99345862865448,0.32834628224372864,0.11549710482358932,0.020264234393835068,0.3203951418399811,1.0,0.19810448586940765,0.019895324483513832,-1230.7218017578125,0.020264234393835068,0.005639156326651573,0.08620002120733261,0.0,0.48168298602104187,0.0
2.8859031200408936,24.440000534057617,1000.0,141.0,1.3966113328933716,0.00018397948588244617,40.0,0.9996587634086609,0.9996587634086609,0.9996587634086609,0.00024127666256390512,0.0,0.9837102890014648,2840000.0,-0.01884124055504799,-0.010823151096701622,3.8146971692576415e-10,0.019797585904598236,0.001173023134469986,0.4892064034938812,0.22222191095352173,-0.040803879499435425,2.09002947807312,19043.626953125,27.575214385986328,102.03427124023438,129.60948181152344,154.3096923828125,0.7813051342964172,0.27392613887786865,0.1662866622209549,0.03276336193084717,0.3506007194519043,1.0,0.14222422242164612,0.03247789666056633,-5.2516069412231445,0.03276336193084717,0.004120915196835995,0.05948837473988533,1.2799097299575806,0.0,3.0
3.0181221961975098,22.020000457763672,1000.0,142.0,1.390058994293213,0.0001396630541421473,40.0,0.9996864199638367,0.9996864199638367,0.9996864199638367,0.00022172051831148565,0.0,0.9766796231269836,2860000.0,-0.013725177384912968,0.005116063170135021,2.622604355906333e-10,0.025490153580904007,0.005692567676305771,0.5458799600601196,0.23060691356658936,0.008385002613067627,2.392885446548462,19178.8359375,28.407426834106445,106.76956176757812,135.17698669433594,147.9541778564453,0.9286678433418274,0.32118260860443115,0.11906847357749939,0.023190440610051155,0.3458530604839325,1.0,0.15898586809635162,0.021859433501958847,-139.76470947265625,0.023190440610051155,0.009195524267852306,0.06352908909320831,1.0768113136291504,0.0,3.0
4.297694683074951,21.299999237060547,1000.0,143.0,1.382647156715393,0.0001446517271688208,40.0,1.0008913278579712,1.0008913278579712,1.0008913278579712,0.0006302920519374311,0.0,0.9687913060188293,2880000.0,-0.015105125494301319,-0.0013799481093883514,-1.1444092340440193e-09,0.027538329362869263,0.0020481757819652557,0.5828177332878113,0.24631325900554657,0.015706345438957214,3.0124359130859375,19309.787109375,29.820165634155273,101.09648895263672,130.91758728027344,152.7678680419922,0.9366680383682251,0.31326231360435486,0.1340673565864563,0.022795986384153366,0.33444327116012573,1.0,0.1770479381084442,0.02252548560500145,-169.1108856201172,0.022795986384153366,0.004679231438785791,0.08094325661659241,1.0676140785217285,0.0,3.0
4.182605743408203,21.6200008392334,1000.0,144.0,1.3778562545776367,0.00012614826846402138,40.0,1.0000537633895874,1.0000537633895874,1.0000537633895874,3.804457446676679e-05,0.0,0.9641073346138,2900000.0,-0.014222235418856144,0.0008828900754451752,-2.6702879907247734e-09,0.02292395569384098,-0.004614373669028282,0.3718922734260559,0.22546786069869995,-0.02084539830684662,2.3211042881011963,19440.341796875,29.945045471191406,100.5770263671875,130.52207946777344,153.2307891845703,0.9246872663497925,0.33498111367225647,0.10965796560049057,0.023390527814626694,0.36226412653923035,1.0,0.19476047158241272,0.02301381155848503,-135.48263549804688,0.023390527814626694,0.005635728593915701,0.08431122452020645,1.0814467668533325,0.0,3.0
6.712647914886475,46.619998931884766,1000.0,145.0,1.3797146081924438,0.00012543328921310604,40.0,0.9996933937072754,0.9996933937072754,0.9996933937072754,0.00021683148224838078,0.0,0.9652999043464661,2920000.0,-0.01954493299126625,-0.005322697572410107,6.103515470812226e-09,0.042557865381240845,0.019633909687399864,0.9686895608901978,0.49693912267684937,0.2714712619781494,4.0589189529418945,19571.412109375,29.893798828125,101.14330291748047,131.03709411621094,152.6285400390625,0.899518609046936,0.3351099491119385,0.14175447821617126,0.0247177816927433,0.3400864899158478,1.0,0.3039098381996155,0.02382640726864338,-2144.7861328125,0.0247177816927433,-0.013937720097601414,0.21793314814567566,0.0,0.30293771624565125,0.0
6.8545732498168945,50.560001373291016,1000.0,146.0,1.3849271535873413,0.00013151862367521971,40.0,0.9994490146636963,0.9994490146636963,0.9994490146636963,0.0003896054404322058,0.0,0.9701419472694397,2940000.0,-0.012643001973628998,0.006901931017637253,-1.9550323582251394e-09,0.027391161769628525,-0.01516670361161232,0.676042914390564,0.3238777220249176,-0.17306140065193176,3.45910382270813,19702.732421875,29.385540008544922,101.90119934082031,131.2867431640625,152.33831787109375,0.9419429302215576,0.33563730120658875,0.11701972782611847,0.022541385143995285,0.3464200794696808,1.0,0.20420461893081665,0.022492587566375732,-5872.203125,0.022541385143995285,-0.002330005867406726,0.11125490814447403,0.0,0.42398980259895325,0.0
8.341699600219727,58.2400016784668,1000.0,147.0,1.3883010149002075,0.00012336995860096067,40.0,0.9996573328971863,0.9996573328971863,0.9996573328971863,0.00024234438023995608,0.0,0.9730648398399353,2960000.0,-0.01049873512238264,0.002144266851246357,9.083747976035284e-09,0.029995456337928772,0.002604294568300247,0.8472369909286499,0.3401980996131897,0.016320377588272095,3.6062397956848145,19834.880859375,29.939403533935547,102.1747817993164,132.1141815185547,151.3842010498047,0.983819842338562,0.34372711181640625,0.11704650521278381,0.020663250237703323,0.3233804702758789,1.0,0.2168072611093521,0.02066166326403618,-10830.21484375,0.020663250237703323,0.0004022701468784362,0.10201972723007202,0.0,0.44276461005210876,0.0
8.150208473205566,40.08000183105469,1000.0,148.0,1.3861618041992188,0.00013434300490189344,40.0,1.000016212463379,1.000016212463379,1.000016212463379,1.1408023965486791e-05,0.0,0.9706223607063293,2980000.0,-0.010198702104389668,0.00030003301799297333,1.4305114870438729e-09,0.03200426325201988,0.0020088069140911102,0.8778397440910339,0.30977916717529297,-0.03041893243789673,3.803873062133789,19966.99609375,29.15058708190918,102.931884765625,132.0824737548828,151.42054748535156,0.9758778810501099,0.33113494515419006,0.1248830035328865,0.021000944077968597,0.3356688320636749,1.0,0.2660794258117676,0.02095635235309601,-2148.196533203125,0.021000944077968597,0.002172665437683463,0.10585825145244598,0.0,0.43466293811798096,0.0
7.5279541015625,35.380001068115234,1000.0,149.0,1.3838354349136353,0.00013102233060635626,40.0,0.999305248260498,0.999305248260498,0.999305248260498,0.0004912355216220021,0.0,0.9678530097007751,3000000.0,-0.01093513984233141,-0.0007364377379417419,-1.9550323582251394e-09,0.027633558958768845,-0.004370704293251038,0.7758201360702515,0.3310093283653259,0.02123016119003296,3.467576503753662,20101.1171875,31.934057235717773,102.15437316894531,134.0884246826172,149.15530395507812,0.9445508718490601,0.33489397168159485,0.10772134363651276,0.022417083382606506,0.3572995662689209,1.0,0.2147725224494934,0.022118521854281425,-889.2161865234375,0.022417083382606506,0.006014583632349968,0.12116512656211853,0.0,0.40628066658973694,0.0
6.765197277069092,28.31999969482422,1000.0,150.0,1.3881334066390991,0.00013048625260125846,40.0,0.9990180134773254,0.9990180134773254,0.9990180134773254,0.0006943552289158106,0.0,0.9721248745918274,3020000.0,-0.005337976850569248,0.005597162991762161,1.850128228397807e-08,0.0227566696703434,-0.0048768892884254456,0.7993676662445068,0.21339485049247742,-0.11761447787284851,3.181838035583496,20235.873046875,30.057395935058594,104.65633392333984,134.71372985839844,148.4629669189453,0.8398423194885254,0.3311876058578491,0.1369449943304062,0.028355304151773453,0.36548981070518494,1.0,0.12654370069503784,0.02818750962615013,-257.44293212890625,0.028355304151773453,0.0026802171487361193,0.04281158372759819,0.0,0.6834933161735535,0.0
6.295854091644287,22.959999084472656,1000.0,151.0,1.3917328119277954,0.00012729235459119081,40.0,1.001477599143982,1.001477599143982,1.001477599143982,0.0010447923559695482,0.0,0.9755768775939941,3040000.0,-0.015571795403957367,-0.010233818553388119,1.239776614703203e-09,0.027412068098783493,0.004655398428440094,0.7929282188415527,0.25159168243408203,0.038196831941604614,3.0958735942840576,20367.408203125,28.96549415588379,102.5348892211914,131.50038146972656,152.09080505371094,0.988453209400177,0.33597540855407715,0.09767336398363113,0.020469985902309418,0.3399001955986023,1.0,0.16292524337768555,0.02042320743203163,-59.390804290771484,0.020469985902309418,0.001810187939554453,0.07004792243242264,1.0116816759109497,0.0,3.0
6.90294075012207,30.34000015258789,1000.0,152.0,1.3890537023544312,0.00014255767746362835,40.0,0.99896240234375,0.99896240234375,0.99896240234375,0.0007337204297073185,0.0,0.9732430577278137,3060000.0,-0.00993375200778246,0.005638043396174908,-5.62667867853861e-09,0.03161066770553589,0.004198599606752396,0.8151521682739258,0.3499334752559662,0.09834179282188416,3.0794267654418945,20497.798828125,28.21430206298828,102.14366912841797,130.35797119140625,153.42367553710938,0.9615960121154785,0.3239704370498657,0.10714466869831085,0.021629400551319122,0.3347422778606415,1.0,0.2743469774723053,0.021488487720489502,-237.01303100585938,0.021629400551319122,0.0041172923520207405,0.120302215218544,0.0,0.407735139131546,0.0
7.378406524658203,38.060001373291016,1000.0,153.0,1.3967667818069458,0.00012225373939145356,40.0,1.000349998474121,1.000349998474121,1.000349998474121,0.0002474301145412028,0.0,0.9817245602607727,3080000.0,-0.009378425776958466,0.0005553262308239937,-1.1062621929625038e-08,0.03180616721510887,0.0001954995095729828,0.884713351726532,0.3022937476634979,-0.04763972759246826,3.233051300048828,20628.0,29.109256744384766,101.05790710449219,130.16717529296875,153.64857482910156,0.9382873177528381,0.3403262197971344,0.13772165775299072,0.022717375308275223,0.33147546648979187,1.0,0.19718819856643677,0.022635577246546745,-1882.7789306640625,0.022717375308275223,0.0027221515774726868,0.0905904546380043,0.0,0.46986570954322815,0.0
8.005751609802246,41.040000915527344,1000.0,154.0,1.4046748876571655,0.0001265848841285333,40.0,1.0003948211669922,1.0003948211669922,1.0003948211669922,0.0002791807346511632,0.0,0.9896419048309326,3100000.0,-0.009789925068616867,-0.0004114992916584015,-3.8146971692576415e-10,0.041951682418584824,0.010145515203475952,0.9089095592498779,0.28483086824417114,-0.017462879419326782,3.330414056777954,20757.318359375,28.08302879333496,101.2021255493164,129.28515625,154.69680786132812,0.9631951451301575,0.33299076557159424,0.11584868282079697,0.02155764028429985,0.33643966913223267,1.0,0.19056472182273865,0.02151881903409958,-3292.890625,0.02155764028429985,-0.001741583924740553,0.07813197374343872,0.0,0.5059418082237244,0.0
6.712831497192383,35.91999816894531,1000.0,155.0,1.405746579170227,0.00011659163283184171,40.0,0.9992982745170593,0.9992982745170593,0.9992982745170593,0.0004961807862855494,0.0,0.9902279376983643,3120000.0,-0.0065979380160570145,0.0031919870525598526,-2.4271011866972003e-08,0.02645411342382431,-0.015497568994760513,0.6584900617599487,0.22851775586605072,-0.05631311237812042,2.8250598907470703,20887.8671875,29.702585220336914,100.81271362304688,130.51528930664062,153.23873901367188,0.9061605334281921,0.3505975008010864,0.11530661582946777,0.02435676008462906,0.36210131645202637,1.0,0.15048159658908844,0.02409893274307251,-1962.3580322265625,0.02435676008462906,0.003958186134696007,0.06076624244451523,0.0,0.5736985802650452,0.0
6.245392322540283,30.260000228881836,1000.0,156.0,1.409653663635254,0.00011700420873239636,40.0,0.9994387030601501,0.9994387030601501,0.9994387030601501,0.00039691090933047235,0.0,0.9936299324035645,3140000.0,-0.007702675182372332,-0.0011047371663153172,6.318092271584419e-09,0.01937815733253956,-0.007075956091284752,0.6333631277084351,0.22550353407859802,-0.0030142217874526978,2.2091686725616455,21018.65234375,28.906455993652344,101.84701538085938,130.7534637451172,152.95960998535156,0.9719374775886536,0.344573974609375,0.10286800563335419,0.02117157354950905,0.3332236111164093,1.0,0.17806756496429443,0.020984238013625145,-345.0101318359375,0.02117157354950905,0.0038758600130677223,0.08018893748521805,0.0,0.49941056966781616,0.0
3.4795095920562744,21.239999771118164,1000.0,157.0,1.410098671913147,0.00013414306158665568,40.0,0.9991516470909119,0.9991516470909119,0.9991516470909119,0.0005998901324346662,0.0,0.9940786361694336,3160000.0,-0.01471475325524807,-0.007012078072875738,1.2302399099439754e-08,0.014608723111450672,-0.004769434221088886,0.40708279609680176,0.15497973561286926,-0.07052379846572876,2.08919620513916,21150.44921875,29.041654586791992,102.7210922241211,131.7627410888672,151.78797912597656,1.0176752805709839,0.3299836814403534,0.09422872215509415,0.019311290234327316,0.3242524564266205,1.0,0.08646806329488754,0.019267888739705086,-557.9313354492188,0.019311290234327316,0.0010486755054444075,0.02533840388059616,0.9826316833496094,0.0,3.0
3.098602294921875,20.260000228881836,1000.0,158.0,1.4103813171386719,0.00014822356752119958,40.0,1.0009530782699585,1.0009530782699585,1.0009530782699585,0.0006739562377333641,0.0,0.9946096539497375,3180000.0,-0.017951298505067825,-0.0032365452498197556,8.249283034444943e-09,0.017362479120492935,0.002753756009042263,0.6027042269706726,0.2689383625984192,0.11395862698554993,2.437746524810791,21283.083984375,29.990726470947266,102.61210632324219,132.6028289794922,150.8263397216797,0.8985946774482727,0.313755601644516,0.12957172095775604,0.024768639355897903,0.34916257858276367,1.0,0.1680539846420288,0.02466030791401863,-398.2496337890625,0.024768639355897903,-0.002472097985446453,0.05641302093863487,1.1128487586975098,0.0,3.0
3.6982641220092773,20.639999389648438,1000.0,159.0,1.4047441482543945,0.00014705378271173686,40.0,0.9998433589935303,0.9998433589935303,0.9998433589935303,0.00011076191731262952,0.0,0.9891355633735657,3200000.0,-0.017525281757116318,0.00042601674795150757,-5.197525076994225e-09,0.0217319093644619,0.004369430243968964,0.5519989728927612,0.2318619340658188,-0.0370764285326004,2.6543304920196533,21416.517578125,30.621601104736328,102.7784423828125,133.40003967285156,149.92498779296875,0.8902114033699036,0.3152865767478943,0.1120648980140686,0.02523733675479889,0.35417044162750244,1.0,0.15827010571956635,0.025066841393709183,-247.57647705078125,0.02523733675479889,-0.00361802289262414,0.07677654922008514,1.123328685760498,0.0,3.0
5.619452476501465,28.799999237060547,1000.0,160.0,1.4052480459213257,0.00010528946586418897,40.0,0.999871015548706,0.999871015548706,0.999871015548706,9.120578033616766e-05,0.0,0.9889059066772461,3220000.0,-0.008873481303453445,0.008651800453662872,5.57899459963096e-09,0.031331971287727356,0.009600061923265457,0.7306111454963684,0.30428555607795715,0.07242362201213837,2.8965065479278564,21546.685546875,28.096229553222656,102.03902435302734,130.13525390625,153.68624877929688,0.983256995677948,0.3559255599975586,0.09486226737499237,0.020686913281679153,0.34270286560058594,1.0,0.175076425075531,0.020558975636959076,-147.7354736328125,0.020686913281679153,0.0035360015463083982,0.09772898256778717,0.0,0.45237988233566284,0.0
6.332647800445557,33.060001373291016,1000.0,161.0,1.403511643409729,0.00011600431753322482,40.0,0.9998720288276672,0.9998720288276672,0.9998720288276672,9.044715989148244e-05,0.0,0.9869878888130188,3240000.0,-0.009651008993387222,-0.0007775276899337769,4.625320570994518e-09,0.02387348748743534,-0.007458483800292015,0.5534235835075378,0.301498681306839,-0.002786874771118164,2.4143881797790527,21676.36328125,27.97764778137207,101.66593933105469,129.64358520507812,154.26910400390625,0.9776930212974548,0.3496299982070923,0.11163081228733063,0.020923037081956863,0.31752943992614746,1.0,0.19972459971904755,0.02090485580265522,-568.449462890625,0.020923037081956863,0.0014414102770388126,0.11427810788154602,0.0,0.4183439314365387,0.0
6.827686786651611,35.81999969482422,1000.0,162.0,1.410517692565918,0.00011106403690064326,40.0,1.0006011724472046,1.0006011724472046,1.0006011724472046,0.00042506499448791146,0.0,0.993745744228363,3260000.0,-0.010445701889693737,-0.0007946928963065147,1.6689301052252858e-09,0.026083029806613922,0.0022095423191785812,0.5742632746696472,0.3336235582828522,0.032124876976013184,2.786020278930664,21809.94921875,30.41289710998535,103.14126586914062,133.55416870117188,149.75198364257812,0.8713502287864685,0.3525042235851288,0.10531768202781677,0.02634173259139061,0.37199658155441284,1.0,0.17108272016048431,0.026335710659623146,-1361.599853515625,0.02634173259139061,0.000719510659109801,0.08598022907972336,0.0,0.48229825496673584,0.0
6.348052501678467,36.36000061035156,1000.0,163.0,1.4160197973251343,0.00011853699834318832,40.0,0.9997468590736389,0.9997468590736389,0.9997468590736389,0.00017898360965773463,0.0,0.9987165927886963,3280000.0,-0.008161098696291447,0.0022846031934022903,2.6702879907247734e-09,0.027056904509663582,0.0009738747030496597,0.6936547160148621,0.30960559844970703,-0.02401795983314514,3.247514247894287,21942.212890625,30.724811553955078,101.50403594970703,132.22885131835938,151.2529296875,0.9407199025154114,0.347831666469574,0.11476252228021622,0.02260003611445427,0.3261353671550751,1.0,0.1841290444135666,0.022487035021185875,-1762.6177978515625,0.02260003611445427,0.00287633016705513,0.07321390509605408,0.0,0.5226587057113647,0.0
5.857507228851318,30.020000457763672,1000.0,164.0,1.4186996221542358,0.00012156309821875766,40.0,0.9998896718025208,0.9998896718025208,0.9998896718025208,7.802786421962082e-05,0.0,1.0013142824172974,3300000.0,-0.006981739774346352,0.001179358921945095,5.60283641704018e-09,0.0225200317800045,-0.0045368727296590805,0.5872840285301208,0.21180672943592072,-0.09779886901378632,2.625699043273926,22075.185546875,30.17289924621582,102.76483917236328,132.937744140625,150.4463653564453,0.9383352398872375,0.34508538246154785,0.112043596804142,0.022715050727128983,0.34654247760772705,1.0,0.1684160679578781,0.022593753412365913,-444.22760009765625,0.022715050727128983,0.0026231182273477316,0.05672602355480194,0.0,0.5937775373458862,0.0
5.353651523590088,22.81999969482422,1000.0,165.0,1.4140461683273315,0.0001451612770324573,40.0,0.9998798370361328,0.9998798370361328,0.9998798370361328,8.49680436658673e-05,0.0,0.9972513318061829,3320000.0,-0.014114342629909515,-0.007132602855563164,6.1988831845383174e-09,0.019152376800775528,-0.0033676549792289734,0.6552151441574097,0.18167456984519958,-0.03013215959072113,2.5944502353668213,22205.62890625,28.364044189453125,102.04524993896484,130.40928649902344,153.36331176757812,0.986810564994812,0.3194338083267212,0.11364753544330597,0.020538192242383957,0.3237032890319824,1.0,0.14770075678825378,0.020343206822872162,-86.03231811523438,0.020538192242383957,0.0032815330196172,0.055226877331733704,1.0133657455444336,0.0,3.0
5.805027008056641,21.540000915527344,1000.0,166.0,1.4078150987625122,0.00013371935347095132,40.0,0.9992210268974304,0.9992210268974304,0.9992210268974304,0.0005508030881173909,0.0,0.9911336898803711,3340000.0,-0.01598711684346199,-0.001872774213552475,-2.2888184680880386e-09,0.03060043603181839,0.011448059231042862,0.7262579798698425,0.2548379600048065,0.07316339015960693,2.6968414783477783,22336.33203125,28.86005401611328,101.80944061279297,130.66949462890625,153.0579071044922,0.9435845613479614,0.32359203696250916,0.13839656114578247,0.02246301993727684,0.342939168214798,1.0,0.1684408038854599,0.022428007796406746,-165.55470275878906,0.02246301993727684,0.0015910688089206815,0.07230326533317566,1.059788465499878,0.0,3.0
6.146209716796875,27.15999984741211,1000.0,167.0,1.4012216329574585,0.00012209051055833697,40.0,0.9992722868919373,0.9992722868919373,0.9992722868919373,0.0005145849427208304,0.0,0.9844908714294434,3360000.0,-0.013505062088370323,0.002482054755091667,-2.956390465769232e-09,0.029757339507341385,-0.000843096524477005,0.7314159870147705,0.26527905464172363,0.010441094636917114,2.4453089237213135,22466.201171875,28.011146545410156,101.82456970214844,129.83572387695312,154.0408172607422,0.9193779230117798,0.3432054817676544,0.14493580162525177,0.02366146817803383,0.3396255373954773,1.0,0.23468650877475739,0.02347446419298649,-33.600128173828125,0.02366146817803383,-0.005094241816550493,0.13877397775650024,0.0,0.37963035702705383,0.0
6.621029853820801,36.52000045776367,1000.0,168.0,1.3970838785171509,0.0001190110415336676,40.0,0.9997944831848145,0.9997944831848145,0.9997944831848145,0.00014529423788189888,0.0,0.9799220561981201,3380000.0,-0.010325365699827671,0.003179696388542652,1.1920929132713809e-08,0.023249773308634758,-0.006507566198706627,0.6564937233924866,0.2692742347717285,0.003995180130004883,2.58008074760437,22596.427734375,28.569181442260742,101.62649536132812,130.1956787109375,153.61492919921875,0.8580699563026428,0.349188894033432,0.1291627287864685,0.027163418009877205,0.3826548159122467,1.0,0.19104239344596863,0.027163397520780563,-1402.9678955078125,0.027163418009877205,-4.404725041240454e-05,0.09459125995635986,0.0,0.4598217010498047,0.0
5.788487434387207,37.5,1000.0,169.0,1.394752860069275,0.00013089262938592583,40.0,0.9996414184570312,0.9996414184570312,0.9996414184570312,0.00025355545221827924,0.0,0.9774386286735535,3400000.0,-0.010331371799111366,-6.006099283695221e-06,-1.115798919926192e-08,0.031606756150722504,0.008356982842087746,0.7735939025878906,0.4582565128803253,0.1889822781085968,3.557060956954956,22727.484375,29.370145797729492,101.65170288085938,131.0218505859375,152.64630126953125,0.8881575465202332,0.33602479100227356,0.12091751396656036,0.02535419724881649,0.36320585012435913,1.0,0.29493874311447144,0.02442760206758976,-942.1044311523438,0.02535419724881649,0.0123965535312891,0.16584856808185577,0.0,0.34726348519325256,0.0
5.903302192687988,38.619998931884766,1000.0,170.0,1.3944975137710571,0.00012295375927351415,40.0,1.0002435445785522,1.0002435445785522,1.0002435445785522,0.00017212776583619416,0.0,0.9777148365974426,3420000.0,-0.008075844496488571,0.002255527302622795,4.577636936176077e-09,0.029767775908112526,-0.0018389802426099777,0.6833521127700806,0.2998857796192169,-0.1583707332611084,3.2185442447662354,22860.51953125,29.902982711791992,103.0992202758789,133.002197265625,150.3734588623047,0.9447005391120911,0.33733615279197693,0.11783650517463684,0.02240997925400734,0.3475455641746521,1.0,0.20799075067043304,0.02212540991604328,-2001.960693359375,0.02240997925400734,0.005135007202625275,0.09266040474176407,0.0,0.46458789706230164,0.0
6.996677398681641,44.779998779296875,1000.0,171.0,1.397566795349121,0.0001186683657579124,40.0,1.0000261068344116,1.0000261068344116,1.0000261068344116,1.8376413208898157e-05,0.0,0.9811260104179382,3440000.0,-0.010611125268042088,-0.0025352807715535164,3.2424927187690855e-09,0.03657486289739609,0.006807086989283562,0.8241993188858032,0.3353331685066223,0.035447388887405396,3.2320032119750977,22993.68359375,30.6639461517334,102.4646224975586,133.12857055664062,150.230712890625,0.9619084000587463,0.34245380759239197,0.11194340884685516,0.02161535434424877,0.3440057635307312,1.0,0.2403712272644043,0.02142392285168171,-3053.156982421875,0.02161535434424877,0.0049528805539011955,0.12814465165138245,0.0,0.39506152272224426,0.0
6.455587863922119,38.0,1000.0,172.0,1.40034818649292,0.00011903665290446952,40.0,1.0006004571914673,1.0006004571914673,1.0006004571914673,0.0004245592572260648,0.0,0.9840697646141052,3460000.0,-0.005551289767026901,0.005059835501015186,-8.487701208537146e-09,0.02466573752462864,-0.011909125372767448,0.6071087718009949,0.2340804785490036,-0.10125268995761871,2.4190938472747803,23126.84765625,29.9283447265625,103.2042465209961,133.13259887695312,150.22618103027344,0.8775178790092468,0.34521403908729553,0.12943506240844727,0.025972744449973106,0.3664437234401703,1.0,0.12506578862667084,0.025885803624987602,-3957.97802734375,0.025972744449973106,0.0019267072202637792,0.042698342353105545,0.0,0.6843990683555603,0.0
6.396207809448242,42.560001373291016,1000.0,173.0,1.3987714052200317,0.00011120212730020285,40.0,0.9989683628082275,0.9989683628082275,0.9989683628082275,0.000729477615095675,0.0,0.9824214577674866,3480000.0,-0.01008733082562685,-0.004536041058599949,9.536743617033494e-10,0.02927791327238083,0.00461217574775219,0.8287792205810547,0.33068591356277466,0.09660543501377106,2.9266915321350098,23259.408203125,30.005863189697266,102.52027893066406,132.52613830566406,150.9136199951172,0.9477494359016418,0.3528876006603241,0.12172597646713257,0.022266028448939323,0.3283229172229767,1.0,0.17573878169059753,0.02224944531917572,-2933.00390625,0.022266028448939323,0.001320384442806244,0.10513164103031158,0.0,0.43616244196891785,0.0
5.159531116485596,29.260000228881836,1000.0,174.0,1.3934880495071411,0.00012755554053001106,40.0,1.000330924987793,1.000330924987793,1.000330924987793,0.00023399930796585977,0.0,0.9772694110870361,3500000.0,-0.004569597076624632,0.005517733749002218,2.4604798198879507e-08,0.018696565181016922,-0.010581348091363907,0.6409875750541687,0.17034755647182465,-0.16033835709095,2.120457887649536,23392.76953125,28.7714786529541,104.55522155761719,133.32669067382812,150.00746154785156,0.887067973613739,0.3386092483997345,0.16237133741378784,0.02541651576757431,0.35232123732566833,1.0,0.10166072100400925,0.025350205600261688,-553.98779296875,0.02541651576757431,0.001473817741498351,0.03275693207979202,0.0,0.7813818454742432,0.0
4.215078830718994,31.760000228881836,1000.0,175.0,1.3949432373046875,0.00013718087575398386,40.0,1.000900149345398,1.000900149345398,1.000900149345398,0.0006364735891111195,0.0,0.9781355261802673,3520000.0,-0.008137497119605541,-0.0035679000429809093,6.222725001947538e-09,0.020826945081353188,0.0021303799003362656,0.5539575219154358,0.2670508325099945,0.09670327603816986,1.8622312545776367,23524.73046875,29.436182022094727,102.49063873291016,131.92681884765625,151.5991973876953,0.9531459212303162,0.32586559653282166,0.10775971412658691,0.022014610469341278,0.3506740927696228,1.0,0.1717827469110489,0.02200854755938053,-747.4118041992188,0.022014610469341278,0.0006088833324611187,0.06113947927951813,0.0,0.5719447731971741,0.0
2.995314359664917,28.31999969482422,1000.0,176.0,1.3916269540786743,0.00012019783025607467,40.0,1.0002336502075195,1.0002336502075195,1.0002336502075195,0.0001652156497584656,0.0,0.9751439094543457,3540000.0,-0.009222575463354588,-0.0010850783437490463,2.2268295651883818e-08,0.018111208453774452,-0.0027157366275787354,0.5376418828964233,0.23989257216453552,-0.027158260345458984,2.075296401977539,23659.921875,32.493682861328125,102.66464233398438,135.1583251953125,147.974609375,0.8785417079925537,0.3502815067768097,0.11956355720758438,0.025912245735526085,0.36437302827835083,1.0,0.1402243822813034,0.025806477293372154,-187.7793426513672,0.025912245735526085,-0.0024915426038205624,0.05869240686297417,0.0,0.583746075630188,0.0
1.809615969657898,23.700000762939453,1000.0,177.0,1.3863741159439087,0.00014147456386126578,40.0,0.9998178482055664,0.9998178482055664,0.9998178482055664,0.0001287726772716269,0.0,0.9705525040626526,3560000.0,-0.014574425294995308,-0.00535184983164072,-8.678436635989328e-09,0.016009243205189705,-0.0021019652485847473,0.3337177336215973,0.20047003030776978,-0.03942254185676575,1.4274193048477173,23795.341796875,32.5180778503418,102.86930084228516,135.3873748779297,147.72425842285156,0.9217327237129211,0.32230013608932495,0.12266431748867035,0.02354072406888008,0.3496677577495575,1.0,0.17443975806236267,0.023261625319719315,-19.971403121948242,0.02354072406888008,0.004857353866100311,0.08453623205423355,1.0849132537841797,0.0,3.0
2.6511411666870117,27.040000915527344,1000.0,178.0,1.3876022100448608,0.0001251462526852265,40.0,1.0000509023666382,1.0000509023666382,1.0000509023666382,3.602152719395235e-05,0.0,0.9717526435852051,3580000.0,-0.011980092152953148,0.00259433314204216,2.6702879907247734e-09,0.020806683227419853,0.004797440022230148,0.6394165754318237,0.31452417373657227,0.11405414342880249,2.6482996940612793,23927.455078125,31.194515228271484,100.88571166992188,132.08023071289062,151.42311096191406,0.887509822845459,0.3392602205276489,0.1039109155535698,0.025391215458512306,0.3818492591381073,1.0,0.23567117750644684,0.025365391746163368,-37.049468994140625,0.025391215458512306,-0.0017026725690811872,0.11226499080657959,0.0,0.42207807302474976,0.0
4.10440731048584,27.68000030517578,1000.0,179.0,1.3924392461776733,0.00013339624274522066,40.0,0.9997777938842773,0.9997777938842773,0.9997777938842773,0.00015715154586359859,0.0,0.9765588641166687,3600000.0,-0.01118774339556694,0.0007923487573862076,1.201629640235069e-08,0.024344980716705322,0.003538297489285469,0.5948387980461121,0.32966405153274536,0.015139877796173096,2.5125155448913574,24062.486328125,32.66161346435547,102.33609008789062,134.99771118164062,148.15066528320312,0.8903642296791077,0.32720381021499634,0.14323903620243073,0.025228673592209816,0.3480715751647949,1.0,0.22181586921215057,0.025198010727763176,-77.81330871582031,0.025228673592209816,-0.0016821238677948713,0.09227927029132843,0.0,0.4655463397502899,0.0
5.632617950439453,36.220001220703125,1000.0,180.0,1.3962173461914062,0.00011365318641765043,40.0,0.9990161061286926,0.9990161061286926,0.9990161061286926,0.0006957039586268365,0.0,0.9809698462486267,3620000.0,-0.013516929000616074,-0.0023291856050491333,3.3378602104505717e-09,0.026886316016316414,0.0025413352996110916,0.6395891308784485,0.27682751417160034,-0.05283653736114502,2.9476325511932373,24199.44140625,35.42557144165039,101.495361328125,136.92092895507812,146.0697021484375,0.9645605087280273,0.34735721349716187,0.11059068143367767,0.02149665355682373,0.35029616951942444,1.0,0.22695404291152954,0.021334445104002953,-942.918212890625,0.02149665355682373,-0.004653589800000191,0.13350653648376465,0.0,0.3870469927787781,0.0
4.638381004333496,30.059999465942383,1000.0,181.0,1.3993948698043823,0.00011504544090712443,40.0,1.0019798278808594,1.0019798278808594,1.0019798278808594,0.0014000058872625232,0.0,0.9841949343681335,3640000.0,-0.009905490092933178,0.0036114389076828957,-3.433227480087453e-09,0.020265547558665276,-0.006620768457651138,0.40546807646751404,0.18670311570167542,-0.09012439846992493,2.0295283794403076,24338.130859375,35.67029571533203,102.98391723632812,138.6542205810547,144.24371337890625,0.9283118844032288,0.34615543484687805,0.12749162316322327,0.02320822700858116,0.3437672257423401,1.0,0.14807334542274475,0.023004818707704544,-421.8537292480469,0.02320822700858116,-0.0035135315265506506,0.060690172016620636,0.0,0.5740579962730408,0.0
4.943970680236816,34.2400016784668,1000.0,182.0,1.4110413789749146,0.00013083583326078951,40.0,0.9980438351631165,0.9980438351631165,0.9980438351631165,0.001383175258524716,0.0,0.9958327412605286,3660000.0,-0.01772253029048443,-0.00781704019755125,7.0095063087194376e-09,0.025827955454587936,0.005562407895922661,0.6432744264602661,0.36215391755104065,0.17545080184936523,3.2044153213500977,24473.7890625,33.6276741027832,101.98822784423828,135.61590576171875,147.47532653808594,0.901396632194519,0.32735171914100647,0.11410292237997055,0.024614892899990082,0.38136279582977295,1.0,0.2857801616191864,0.023926086723804474,-492.6344299316406,0.024614892899990082,-0.01092570461332798,0.17330124974250793,0.0,0.33971452713012695,0.0
4.458009243011475,23.040000915527344,1000.0,183.0,1.4203892946243286,0.0001384768111165613,40.0,1.0016851425170898,1.0016851425170898,1.0016851425170898,0.0011915756622329354,0.0,1.0050630569458008,3680000.0,-0.019024984911084175,-0.0013024546205997467,4.577636936176077e-09,0.023151444271206856,-0.0026765111833810806,0.6019379496574402,0.2385905534029007,-0.12356336414813995,2.6455729007720947,24606.44921875,31.264026641845703,101.36337280273438,132.6273956298828,150.79840087890625,0.8697994351387024,0.32221028208732605,0.14303447306156158,0.026435744017362595,0.37044206261634827,1.0,0.16161946952342987,0.02620510384440422,-55.99479675292969,0.026435744017362595,-0.003977152518928051,0.06858180463314056,1.1496903896331787,0.0,3.0
5.025980472564697,23.139999389648438,1000.0,184.0,1.423582673072815,0.00014716479927301407,40.0,1.0003442764282227,1.0003442764282227,1.0003442764282227,0.0002433840127196163,0.0,1.007816195487976,3700000.0,-0.01761421002447605,0.0014107748866081238,2.145767175054658e-10,0.02102137729525566,-0.0021300669759511948,0.5144492387771606,0.20701614022254944,-0.03157441318035126,2.3313939571380615,24740.6953125,31.192455291748047,103.02022552490234,134.21267700195312,149.0172119140625,0.8924874067306519,0.3166123032569885,0.11601116508245468,0.025108780711889267,0.35475271940231323,1.0,0.1406434029340744,0.02480650506913662,-71.84555053710938,0.025108780711889267,-0.0038146493025124073,0.048139914870262146,1.1204639673233032,0.0,3.0
4.2939772605896,27.520000457763672,1000.0,185.0,1.4217416048049927,0.00012976594734936953,40.0,0.9989967346191406,0.9989967346191406,0.9989967346191406,0.0007094438187777996,0.0,1.0055567026138306,3720000.0,-0.011033968068659306,0.006580241955816746,4.625320570994518e-09,0.021691523492336273,0.0006701461970806122,0.5793620347976685,0.2563959062099457,0.04937976598739624,2.6711623668670654,24871.919921875,28.71746063232422,102.47222137451172,131.18968200683594,152.4510040283203,0.8475165367126465,0.3338305354118347,0.13258780539035797,0.02784411981701851,0.37457507848739624,1.0,0.3154101073741913,0.027502188459038734,-32.31877136230469,0.02784411981701851,0.008194226771593094,0.1963711529970169,0.0,0.31913623213768005,0.0
4.957025051116943,30.6200008392334,1000.0,186.0,1.42231023311615,0.00010641667904565111,40.0,0.9999747276306152,0.9999747276306152,0.9999747276306152,1.7898406440508552e-05,0.0,1.00630521774292,3740000.0,-0.006788264494389296,0.00424570357427001,-7.20024129208241e-09,0.02378961443901062,0.002098090946674347,0.6341724991798401,0.22331726551055908,-0.0330786406993866,2.951686382293701,25005.423828125,29.590160369873047,103.87865447998047,133.46881103515625,149.84774780273438,0.9086071848869324,0.3497636020183563,0.11308921128511429,0.024225763976573944,0.3596254885196686,1.0,0.1765885353088379,0.023851662874221802,-365.2271423339844,0.024225763976573944,0.0056877173483371735,0.08647407591342926,0.0,0.4809190630912781,0.0
5.05009126663208,33.84000015258789,1000.0,187.0,1.4209747314453125,0.0001431649288861081,40.0,0.9996180534362793,0.9996180534362793,0.9996180534362793,0.000270076998276636,0.0,1.0052465200424194,3760000.0,-0.014940573833882809,-0.008152309339493513,-2.0980834847250662e-09,0.024429213255643845,0.0006395988166332245,0.6503450870513916,0.33736661076545715,0.11404934525489807,2.7185840606689453,25137.560546875,30.249547958374023,101.85572814941406,132.1052703857422,151.3944091796875,0.8973400592803955,0.3189876973628998,0.1162281334400177,0.02483794465661049,0.36535611748695374,1.0,0.31617894768714905,0.0244795810431242,-422.3722229003906,0.02483794465661049,-0.008142471313476562,0.18500718474388123,0.0,0.3287915885448456,0.0
5.6302385330200195,36.540000915527344,1000.0,188.0,1.4230581521987915,0.0001134692647610791,40.0,0.9998276829719543,0.9998276829719543,0.9998276829719543,0.00012180440535303205,0.0,1.0075029134750366,3780000.0,-0.014167232438921928,0.0007733413949608803,-2.6702879907247734e-09,0.021855032071471214,-0.0025741811841726303,0.5517468452453613,0.31032875180244446,-0.027037858963012695,2.7471110820770264,25269.091796875,29.08101463317871,102.41417694091797,131.4951934814453,152.09681701660156,0.8930453062057495,0.3486979007720947,0.1046704649925232,0.025077419355511665,0.37582504749298096,1.0,0.21042799949645996,0.02462875097990036,-924.1926879882812,0.025077419355511665,-0.00804049801081419,0.14409193396568298,0.0,0.3725590407848358,0.0
5.026873588562012,38.459999084472656,1000.0,189.0,1.43026602268219,0.0001144327106885612,40.0,0.9998638033866882,0.9998638033866882,0.9998638033866882,9.631959983380511e-05,0.0,1.014663577079773,3800000.0,-0.009985746815800667,0.004181485623121262,-2.861023085110048e-10,0.02013739012181759,-0.0017176419496536255,0.5630926489830017,0.2680060863494873,-0.04232266545295715,2.5468599796295166,25402.44140625,29.471799850463867,103.84028625488281,133.3120880126953,150.02391052246094,0.8821811676025391,0.34635815024375916,0.12837859988212585,0.025698883458971977,0.3772733211517334,1.0,0.20120544731616974,0.02539825439453125,-1488.62060546875,0.025698883458971977,0.0060487426817417145,0.12170268595218658,0.0,0.4053824245929718,0.0
4.719449520111084,42.0,1000.0,190.0,1.4330228567123413,0.00011229300434933975,40.0,1.0006685256958008,1.0006685256958008,1.0006685256958008,0.0004726628540083766,0.0,1.0170717239379883,3820000.0,-0.010474787093698978,-0.0004890402778983116,1.2159347972939827e-09,0.021438388153910637,0.001300998032093048,0.5917526483535767,0.2922590672969818,0.024252980947494507,2.8213088512420654,25536.396484375,29.329891204833984,104.59136962890625,133.9212646484375,149.34149169921875,0.9011475443840027,0.35006555914878845,0.10765418410301208,0.024628501385450363,0.3875308036804199,1.0,0.18367899954319,0.024617353454232216,-2792.446533203125,0.024628501385450363,-0.00107410061173141,0.10349272936582565,0.0,0.43960240483283997,0.0
4.035912990570068,32.560001373291016,1000.0,191.0,1.4371318817138672,0.00012424110900610685,40.0,1.0006513595581055,1.0006513595581055,1.0006513595581055,0.00046052454854361713,0.0,1.0209423303604126,3840000.0,-0.007471621036529541,0.0030031660571694374,5.197525076994225e-09,0.022521860897541046,0.0010834727436304092,0.4399590790271759,0.19797761738300323,-0.09428144991397858,2.013148069381714,25667.814453125,29.178361892700195,102.20573425292969,131.38409423828125,152.22543334960938,0.8090283870697021,0.3403718173503876,0.13545313477516174,0.030556410551071167,0.3927476704120636,1.0,0.16849243640899658,0.030224649235606194,-823.958740234375,0.030556410551071167,0.004797080531716347,0.06936297565698624,0.0,0.536971390247345,0.0
3.8163342475891113,26.899999618530273,1000.0,192.0,1.4376916885375977,0.00013941785437054932,40.0,1.0002317428588867,1.0002317428588867,1.0002317428588867,0.0001638669491512701,0.0,1.0215767621994019,3860000.0,-0.0034389293286949396,0.004032691707834601,1.3828277189986693e-08,0.02176678366959095,-0.0007550772279500961,0.521807074546814,0.1676470786333084,-0.030330538749694824,1.8154168128967285,25798.59765625,29.717830657958984,101.03080749511719,130.74864196777344,152.9652557373047,0.9003041386604309,0.3287765681743622,0.1276126503944397,0.0246746689081192,0.36265406012535095,1.0,0.15942230820655823,0.022835321724414825,-68.81512451171875,0.0246746689081192,0.009821556508541107,0.05244412273168564,0.0,0.617542028427124,0.0
2.084010124206543,12.399999618530273,1000.0,193.0,1.4365100860595703,0.0001513838506070897,40.0,0.9990329146385193,0.9990329146385193,0.9990329146385193,0.0006838466506451368,0.0,1.0208028554916382,3880000.0,-0.016419479623436928,-0.012980550294741988,2.088546757761378e-08,0.014280685223639011,-0.007486098445951939,0.24634481966495514,0.08447332680225372,-0.08317375183105469,0.9169455170631409,25931.1171875,29.296144485473633,103.18941497802734,132.48556518554688,150.9598388671875,0.833572506904602,0.3182139992713928,0.11552055925130844,0.028783462941646576,0.38174721598625183,1.0,0.0762321874499321,0.026613857597112656,-9390.697265625,0.028783462941646576,0.00605635903775692,0.016906049102544785,1.1996556520462036,0.0,3.0
2.114790916442871,11.140000343322754,1000.0,194.0,1.4353901147842407,0.00014624083996750414,40.0,0.9998942017555237,0.9998942017555237,0.9998942017555237,7.479661144316196e-05,0.0,1.0205305814743042,3900000.0,-0.016974300146102905,-0.0005548205226659775,4.81605511026828e-09,0.0162240881472826,0.001943402923643589,0.3897928297519684,0.20005863904953003,0.1155853122472763,1.0588500499725342,26061.220703125,28.601261138916016,101.46723937988281,130.06849670410156,153.76513671875,0.8812769055366516,0.31541141867637634,0.12628838419914246,0.02575165219604969,0.3579026758670807,1.0,0.11110585927963257,0.02537594363093376,-7250.22412109375,0.02575165219604969,0.003155091777443886,0.026495592668652534,1.1347171068191528,0.0,3.0
2.6020150184631348,11.720000267028809,1000.0,195.0,1.4262279272079468,0.0001433199504390359,40.0,0.9990084767341614,0.9990084767341614,0.9990084767341614,0.0007011268753558397,0.0,1.0122301578521729,3920000.0,-0.01798049919307232,-0.0010061990469694138,-2.861023085110048e-10,0.01926228031516075,0.003038192167878151,0.4429091811180115,0.20793838798999786,0.007879748940467834,1.5913386344909668,26193.41796875,28.98285675048828,103.17987823486328,132.16273498535156,151.32859802246094,0.8703886270523071,0.3237702250480652,0.11583983153104782,0.026399968191981316,0.37198343873023987,1.0,0.1409769058227539,0.026304922997951508,-2452.4482421875,0.026399968191981316,-0.002614338183775544,0.0719105675816536,1.1489120721817017,0.0,3.0
4.3514323234558105,24.440000534057617,1000.0,196.0,1.4205337762832642,0.00011359277414157987,40.0,1.001192569732666,1.001192569732666,1.001192569732666,0.000843274116050452,0.0,1.0067940950393677,3940000.0,-0.01782248727977276,0.00015801191329956055,-9.536743617033494e-10,0.025454485788941383,0.006192205473780632,0.5988163352012634,0.37128356099128723,0.16334517300128937,1.990775227546692,26324.1328125,27.95269012451172,102.7266845703125,130.6803741455078,153.045166015625,0.8516470193862915,0.3468747138977051,0.10524752736091614,0.027574686333537102,0.40729865431785583,1.0,0.27021563053131104,0.02754485234618187,-1.8468774557113647,0.027574686333537102,-0.0022386524360626936,0.16798070073127747,1.174195408821106,0.0,3.0
5.093527317047119,27.15999984741211,1000.0,197.0,1.415651798248291,0.00012313565821386874,40.0,0.9992260932922363,0.9992260932922363,0.9992260932922363,0.0005472346674650908,0.0,1.0015264749526978,3960000.0,-0.011142194271087646,0.006680293008685112,5.340575981449547e-09,0.0249031949788332,-0.0005512908101081848,0.6082618236541748,0.2838682532310486,-0.08741530776023865,2.181173324584961,26457.849609375,29.752477645874023,103.92623138427734,133.6787109375,149.61245727539062,0.8746677041053772,0.3386896848678589,0.11459895968437195,0.026142289862036705,0.3804575502872467,1.0,0.2309960126876831,0.026140611618757248,-37.580963134765625,0.026142289862036705,0.0004563082766253501,0.12408190220594406,0.0,0.4014770984649658,0.0
5.967230796813965,34.58000183105469,1000.0,198.0,1.41584312915802,0.00011133259977214038,40.0,1.0005860328674316,1.0005860328674316,1.0005860328674316,0.00041438781772740185,0.0,1.0012911558151245,3980000.0,-0.010788220912218094,0.0003539733588695526,1.1873245497895368e-08,0.02345108427107334,-0.0014521107077598572,0.5457459688186646,0.31628984212875366,0.03242158889770508,2.2928574085235596,26589.513671875,28.276060104370117,103.35377502441406,131.6298370361328,151.9412384033203,0.808273196220398,0.34796470403671265,0.12189141660928726,0.03061353601515293,0.41763171553611755,1.0,0.20082761347293854,0.030589213594794273,-853.3760375976562,0.03061353601515293,0.0016173117328435183,0.10754259675741196,0.0,0.4312456250190735,0.0
5.628784656524658,36.13999938964844,1000.0,199.0,1.4195305109024048,0.00012718029029201716,40.0,0.99897700548172,0.99897700548172,0.99897700548172,0.0007233523647300899,0.0,1.004469871520996,4000000.0,-0.015084323473274708,-0.004296102561056614,4.482269222449986e-09,0.022418934851884842,-0.0010321494191884995,0.5073590874671936,0.2801300585269928,-0.036159783601760864,2.0211148262023926,26721.5703125,29.45970344543457,102.56468200683594,132.02438354492188,151.48716735839844,0.8733753561973572,0.3334861695766449,0.11245721578598022,0.026219714432954788,0.38939279317855835,1.0,0.26842427253723145,0.02583720162510872,-801.0025634765625,0.026219714432954788,-0.0076981461606919765,0.15492643415927887,0.0,0.3592958450317383,0.0
6.036859035491943,42.720001220703125,1000.0,200.0,1.4202674627304077,0.00012238664203323424,40.0,0.99895840883255,0.99895840883255,0.99895840883255,0.000736474001314491,0.0,1.0049020051956177,4020000.0,-0.01387745700776577,0.0012068664655089378,8.869171175263091e-09,0.028250770643353462,0.00583183579146862,0.711528480052948,0.34685367345809937,0.06672361493110657,3.177919626235962,26856.712890625,30.56455421447754,104.5422592163086,135.1068115234375,148.03102111816406,0.888835072517395,0.33833590149879456,0.14189589023590088,0.025315556675195694,0.3584495782852173,1.0,0.25667959451675415,0.025247255340218544,-1845.5958251953125,0.025315556675195694,-0.003408855991438031,0.17013205587863922,0.0,0.3428640067577362,0.0
5.574445724487305,44.36000061035156,1000.0,201.0,1.422690749168396,0.0001066958939190954,40.0,0.9999035000801086,0.9999035000801086,0.9999035000801086,6.822169962106273e-05,0.0,1.0075501203536987,4040000.0,-0.00819565262645483,0.00568180438131094,-1.0871887390351276e-08,0.021040182560682297,-0.0072105880826711655,0.5666288137435913,0.31958985328674316,-0.0272638201713562,2.6590375900268555,26990.326171875,30.994691848754883,102.58576202392578,133.58045959472656,149.72250366210938,1.005839467048645,0.35124650597572327,0.09648729860782623,0.01976844295859337,0.3395982086658478,1.0,0.16865228116512299,0.01962035335600376,-4478.1416015625,0.01976844295859337,0.0035205979365855455,0.08369719982147217,0.0,0.48883187770843506,0.0
5.3963623046875,32.70000076293945,1000.0,202.0,1.426878571510315,0.00012555532157421112,40.0,1.0001672506332397,1.0001672506332397,1.0001672506332397,0.00011817982158390805,0.0,1.011621117591858,4060000.0,-0.011560195125639439,-0.0033645424991846085,-1.3351439953623867e-09,0.02842889353632927,0.007388710975646973,0.4668789207935333,0.3072606325149536,-0.01232922077178955,2.562810182571411,27121.619140625,29.919702529907227,101.33934783935547,131.25904846191406,152.37045288085938,0.941032350063324,0.33115407824516296,0.09524448961019516,0.022585030645132065,0.37091636657714844,1.0,0.22471320629119873,0.022516464814543724,-565.4989013671875,0.022585030645132065,-0.0026811575517058372,0.10484176874160767,0.0,0.4367649555206299,0.0
5.3116607666015625,29.15999984741211,1000.0,203.0,1.4312491416931152,0.00012968915689270943,40.0,0.9992309212684631,0.9992309212684631,0.9992309212684631,0.0005438067018985748,0.0,1.0164076089859009,4080000.0,-0.01272050105035305,-0.0011603059247136116,2.861023085110048e-10,0.03115404210984707,0.0027251485735177994,0.6430163383483887,0.30073419213294983,-0.006526440382003784,2.4040892124176025,27254.21875,29.72185516357422,102.84523010253906,132.5670928955078,150.86700439453125,0.9006815552711487,0.3335282802581787,0.12141183018684387,0.024653993546962738,0.3706393539905548,1.0,0.21925248205661774,0.024568159133195877,-132.32887268066406,0.024653993546962738,-0.00335015170276165,0.1307574212551117,0.0,0.3910945653915405,0.0
4.995636463165283,23.639999389648438,1000.0,204.0,1.4218302965164185,0.00014475840725935996,40.0,1.000012755393982,1.000012755393982,1.000012755393982,8.935927326092497e-06,0.0,1.0070503950119019,4100000.0,-0.015466771088540554,-0.002746270038187504,-8.84532891376466e-09,0.01842222735285759,-0.012731814756989479,0.5518718957901001,0.20494318008422852,-0.09579101204872131,2.060790777206421,27386.076171875,29.891311645507812,101.9305191040039,131.8228302001953,151.7187957763672,0.924688458442688,0.32199230790138245,0.11607997864484787,0.023390470072627068,0.34821704030036926,1.0,0.1342155486345291,0.023356450721621513,-33.59067153930664,0.023390470072627068,0.0013682510470971465,0.055030178278684616,1.081445336341858,0.0,3.0
5.675550937652588,27.899999618530273,1000.0,205.0,1.4106630086898804,0.00010938279592664912,40.0,1.00066077709198,1.00066077709198,1.00066077709198,0.00046721185208298266,0.0,0.9958007335662842,4120000.0,-0.009534214623272419,0.005932556465268135,8.583068700218632e-10,0.027098054066300392,0.008675826713442802,0.705227792263031,0.2780487537384033,0.0731055736541748,3.28959059715271,27519.51953125,30.281444549560547,103.12824249267578,133.40968322753906,149.91415405273438,0.8786765336990356,0.3592235743999481,0.10340490937232971,0.02590429224073887,0.3938714861869812,1.0,0.1886509358882904,0.025259390473365784,-64.30843353271484,0.02590429224073887,0.009182123467326164,0.13073530793190002,0.0,0.39112764596939087,0.0
4.890542984008789,35.29999923706055,1000.0,206.0,1.4026647806167603,0.00012637094187084585,40.0,0.9991865754127502,0.9991865754127502,0.9991865754127502,0.0005751639837399125,0.0,0.9876189827919006,4140000.0,-0.014332471415400505,-0.004798256792128086,3.051757735406113e-09,0.024275129660964012,-0.00282292440533638,0.6651025414466858,0.3723638951778412,0.09431514143943787,3.1472420692443848,27652.279296875,29.43087387084961,103.29377746582031,132.7246551513672,150.6879119873047,0.9412334561347961,0.3408738374710083,0.09672418236732483,0.02257538214325905,0.3691970407962799,1.0,0.25421571731567383,0.022556614130735397,-685.0656127929688,0.02257538214325905,-0.0017047954024747014,0.15485650300979614,0.0,0.3593769669532776,0.0
5.126610279083252,38.439998626708984,1000.0,207.0,1.402166724205017,9.882025187835097e-05,40.0,0.999962329864502,0.999962329864502,0.999962329864502,2.666493492142763e-05,0.0,0.9867105484008789,4160000.0,-0.009758064523339272,0.0045744068920612335,2.7656554824062596e-09,0.022965608164668083,-0.001309521496295929,0.5272016525268555,0.23746024072170258,-0.1349036544561386,2.728029251098633,27784.9140625,28.13695526123047,104.4628677368164,132.59982299804688,150.8297576904297,0.898019015789032,0.36075541377067566,0.115575410425663,0.024800404906272888,0.369266152381897,1.0,0.17640714347362518,0.024778176099061966,-2120.135498046875,0.024800404906272888,0.001376155181787908,0.08519824594259262,0.0,0.4845065474510193,0.0
4.5245680809021,33.84000015258789,1000.0,208.0,1.409676194190979,0.00013405508070718497,40.0,1.0010331869125366,1.0010331869125366,1.0010331869125366,0.0007305453764274716,0.0,0.9940347671508789,4180000.0,-0.00880436971783638,0.0009536948055028915,-1.5735626135437997e-09,0.019141780212521553,-0.00382382795214653,0.6151201725006104,0.23065519332885742,-0.006805047392845154,3.2001566886901855,27917.5078125,28.087177276611328,104.47208404541016,132.55926513671875,150.87591552734375,0.8944286108016968,0.33018267154693604,0.1109028309583664,0.024999912828207016,0.37091928720474243,1.0,0.19497670233249664,0.024940865114331245,-1029.638916015625,0.024999912828207016,0.0021169495303183794,0.07589463144540787,0.0,0.5133451223373413,0.0
4.833237171173096,19.65999984741211,1000.0,209.0,1.4163107872009277,0.00010482826473889872,40.0,1.0016860961914062,1.0016860961914062,1.0016860961914062,0.0011923062847927213,0.0,1.000930905342102,4200000.0,-0.017006859183311462,-0.008202489465475082,3.98159016867794e-09,0.02231384627521038,0.0031720660626888275,0.6976649761199951,0.1677795648574829,-0.06287562847137451,2.4628212451934814,28050.99609375,28.39336585998535,105.06117248535156,133.45452880859375,149.86376953125,0.9314954280853271,0.35631394386291504,0.08574210107326508,0.023049864917993546,0.38251814246177673,1.0,0.12844857573509216,0.02301095984876156,-757.52734375,0.023049864917993546,-0.0012101600877940655,0.037641994655132294,1.073542594909668,0.0,3.0
4.925242900848389,20.979999542236328,1000.0,210.0,1.4169182777404785,0.00012955439160577953,40.0,1.001564621925354,1.001564621925354,1.001564621925354,0.0011063267011195421,0.0,1.00161874294281,4220000.0,-0.016872478649020195,0.0001343805342912674,1.6689299942029834e-10,0.019054654985666275,-0.0032591912895441055,0.5497304797172546,0.2795058488845825,0.11172628402709961,1.845481276512146,28182.494140625,27.70431137084961,103.76270294189453,131.46701049804688,152.12940979003906,0.9085021018981934,0.33222562074661255,0.10621283203363419,0.02423137053847313,0.3656849265098572,1.0,0.1830206960439682,0.024208370596170425,-221.79624938964844,0.02423137053847313,-0.0012944818008691072,0.0728549063205719,1.1007128953933716,0.0,3.0
5.6186017990112305,26.5,1000.0,211.0,1.4218673706054688,0.00013613581540994346,40.0,1.0004639625549316,1.0004639625549316,1.0004639625549316,0.00032807106617838144,0.0,1.0060758590698242,4240000.0,-0.012954640202224255,0.00391783844679594,1.4781951662712345e-08,0.027683448046445847,0.008628793060779572,0.7726561427116394,0.3008929193019867,0.021387070417404175,2.652340888977051,28315.7734375,30.407005310058594,102.83485412597656,133.24285888671875,150.1018524169922,0.8866510391235352,0.3269517421722412,0.12904822826385498,0.02544042468070984,0.37395426630973816,1.0,0.22339677810668945,0.025433193892240524,-18.107248306274414,0.02544042468070984,-0.0009474123944528401,0.12412253022193909,0.0,0.40141138434410095,0.0
5.57211971282959,30.239999771118164,1000.0,212.0,1.4238739013671875,0.0001155023492174223,40.0,1.000512719154358,1.000512719154358,1.000512719154358,0.0003625190875027329,0.0,1.007699966430664,4260000.0,-0.008413217961788177,0.004541422240436077,-9.965896552444065e-09,0.025560004636645317,-0.0021234434098005295,0.781410276889801,0.25850072503089905,-0.042392194271087646,3.5126407146453857,28449.408203125,31.14946746826172,102.45372009277344,133.60317993164062,149.69703674316406,0.7766988277435303,0.3475443422794342,0.16734296083450317,0.03315312787890434,0.40522873401641846,1.0,0.207566499710083,0.03275233134627342,-257.6448059082031,0.03315312787890434,0.00653529679402709,0.10656324028968811,0.0,0.43322277069091797,0.0
5.5203680992126465,24.3799991607666,1000.0,213.0,1.4155068397521973,0.00013060824130661786,40.0,0.9995444416999817,0.9995444416999817,0.9995444416999817,0.0003221142978873104,0.0,0.9992143511772156,4280000.0,-0.01594846323132515,-0.007535245269536972,-4.768371808516747e-10,0.019304778426885605,-0.006255226209759712,0.536284327507019,0.1497543454170227,-0.10874637961387634,2.1862034797668457,28579.603515625,28.912578582763672,101.2497329711914,130.1623077392578,153.65431213378906,0.915911853313446,0.33560314774513245,0.10546798259019852,0.02384088933467865,0.36641424894332886,1.0,0.1303115040063858,0.023791847750544548,-8.940437316894531,0.02384088933467865,0.0014504850842058659,0.04289979487657547,1.0918080806732178,0.0,3.0
5.485598087310791,26.739999771118164,1000.0,214.0,1.4124046564102173,0.00016068357217591256,40.0,0.9986574053764343,0.9986574053764343,0.9986574053764343,0.0009493998950347304,0.0,0.9964271187782288,4300000.0,-0.011737161315977573,0.004211301915347576,-2.813339339269305e-09,0.028837908059358597,0.009533129632472992,0.7255828380584717,0.292280912399292,0.1425265669822693,2.746795415878296,28712.123046875,29.66987419128418,102.81608581542969,132.48602294921875,150.95932006835938,0.9034296274185181,0.29690372943878174,0.12546783685684204,0.02450423687696457,0.3709769546985626,1.0,0.3545709252357483,0.023695314303040504,-16.296693801879883,0.02450423687696457,0.012251424603164196,0.1855522245168686,0.0,0.3283083140850067,0.0
5.236074924468994,24.299999237060547,1000.0,215.0,1.409218192100525,0.00013887451495975256,40.0,0.9998286366462708,0.9998286366462708,0.9998286366462708,0.00012115814024582505,0.0,0.9934198260307312,4320000.0,-0.019212525337934494,-0.007475364021956921,1.239776614703203e-09,0.030875064432621002,0.0020371563732624054,0.7112466096878052,0.2810417115688324,-0.011239200830459595,3.3603498935699463,28844.140625,29.23940086364746,102.74351501464844,131.98291015625,151.53475952148438,0.8406123518943787,0.3339221775531769,0.122321717441082,0.028303377330303192,0.3972369134426117,1.0,0.18437062203884125,0.028294479474425316,-6.638608932495117,0.028303377330303192,-0.0008092292118817568,0.07358910143375397,1.1896089315414429,0.0,3.0
5.9468770027160645,36.599998474121094,1000.0,216.0,1.4004530906677246,0.00010974136966979131,40.0,0.9993751645088196,0.9993751645088196,0.9993751645088196,0.00044183945283293724,0.0,0.9847664833068848,4340000.0,-0.01212651003152132,0.007086015306413174,-5.054473728449693e-09,0.02520165406167507,-0.0056734103709459305,0.6977495551109314,0.31710830330848694,0.03606659173965454,3.164365530014038,28978.25390625,30.79366683959961,103.28504943847656,134.07872009277344,149.16610717773438,0.8755600452423096,0.349152535200119,0.13916930556297302,0.026089031249284744,0.3819229006767273,1.0,0.24112409353256226,0.02608902007341385,-799.9501953125,0.026089031249284744,4.282657755538821e-05,0.16820621490478516,0.0,0.3448212146759033,0.0
5.912215709686279,35.86000061035156,1000.0,217.0,1.4015458822250366,0.00010114105680258945,40.0,0.999817430973053,0.999817430973053,0.999817430973053,0.00012908174539916217,0.0,0.9861199855804443,4360000.0,-0.009286322630941868,0.0028401874005794525,-1.569986274319035e-08,0.026260755956172943,0.0010591018944978714,0.8371565341949463,0.24157728254795074,-0.0755310207605362,3.7085156440734863,29111.783203125,30.989635467529297,102.50296783447266,133.4925994873047,149.82102966308594,0.8788873553276062,0.35922133922576904,0.12784072756767273,0.025891868397593498,0.37204641103744507,1.0,0.18093298375606537,0.025891857221722603,-1229.3983154296875,0.025891868397593498,-3.3097341656684875e-05,0.09593121707439423,0.0,0.45659902691841125,0.0
5.072177886962891,32.279998779296875,1000.0,218.0,1.4014034271240234,0.00011250928218942136,40.0,0.9995019435882568,0.9995019435882568,0.9995019435882568,0.00035217904951423407,0.0,0.9858834147453308,4380000.0,-0.007580466568470001,0.0017058560624718666,4.291534350109316e-10,0.021835975348949432,-0.004424780607223511,0.640343964099884,0.2096589207649231,-0.03191836178302765,2.250515937805176,29244.146484375,29.277448654174805,103.0520248413086,132.3294677734375,151.13790893554688,0.8258863687515259,0.35210350155830383,0.127107635140419,0.029321711510419846,0.4018155634403229,1.0,0.1333436518907547,0.02932167984545231,-1016.627685546875,0.029321711510419846,4.0554325096309185e-05,0.05213052034378052,0.0,0.6193967461585999,0.0
5.454916000366211,25.520000457763672,1000.0,219.0,1.3998479843139648,0.00013648049207404256,40.0,0.9992662072181702,0.9992662072181702,0.9992662072181702,0.0005188558134250343,0.0,0.9843745827674866,4400000.0,-0.011621717363595963,-0.004041250795125961,1.5401839803530493e-08,0.02835114300251007,0.006515167653560638,0.7942176461219788,0.2834469676017761,0.07378804683685303,2.630038022994995,29375.662109375,28.2359619140625,103.24605560302734,131.4820098876953,152.112060546875,0.8959779143333435,0.32254526019096375,0.12012545764446259,0.024913527071475983,0.3574594259262085,1.0,0.30518436431884766,0.02482256293296814,-1.6608997583389282,0.024913527071475983,-0.00382531201466918,0.16086649894714355,0.0,0.3525998890399933,0.0
5.233625411987305,27.5,1000.0,220.0,1.4005341529846191,0.00010081545769935474,40.0,1.0001167058944702,1.0001167058944702,1.0001167058944702,8.255163993453607e-05,0.0,0.9850751757621765,4420000.0,-0.010877005755901337,0.0007447116076946259,-6.341934088993639e-09,0.02777775377035141,-0.0005733892321586609,0.6274722814559937,0.3058510720729828,0.022404104471206665,2.402113437652588,29507.3671875,29.045352935791016,102.62572479248047,131.67108154296875,151.89364624023438,0.8274652361869812,0.36432692408561707,0.1438572108745575,0.029209917411208153,0.37505197525024414,1.0,0.18481197953224182,0.029206663370132446,-54.3466911315918,0.029209917411208153,0.000611613504588604,0.11496008932590485,0.0,0.4171011745929718,0.0
6.243896961212158,28.860000610351562,1000.0,221.0,1.405211091041565,0.00010975135228363797,40.0,1.0007034540176392,1.0007034540176392,1.0007034540176392,0.0004975014016963542,0.0,0.9891824722290039,4440000.0,-0.007887338288128376,0.0029896674677729607,-1.3065338144713223e-08,0.03285989165306091,0.005082137882709503,0.9150539040565491,0.2541077733039856,-0.05174329876899719,3.325676202774048,29639.740234375,29.35334587097168,102.98699188232422,132.34034729003906,151.12550354003906,0.8401241898536682,0.352764368057251,0.11510869115591049,0.028336282819509506,0.4027844965457916,1.0,0.17118117213249207,0.027920834720134735,-175.39512634277344,0.028336282819509506,0.005940346512943506,0.08493909984827042,0.0,0.48524507880210876,0.0
5.4919352531433105,24.299999237060547,1000.0,222.0,1.4017139673233032,0.00012966478243470192,40.0,0.9997604489326477,0.9997604489326477,0.9997604489326477,0.00016940223576966673,0.0,0.9854310154914856,4460000.0,-0.016197096556425095,-0.008309758268296719,3.8146971692576415e-10,0.026847463101148605,-0.006012428551912308,0.5911354422569275,0.1590633988380432,-0.09504437446594238,1.8659062385559082,29772.251953125,30.27492332458496,102.2027359008789,132.4776611328125,150.96885681152344,0.8734023571014404,0.3364379107952118,0.10956455767154694,0.026218093931674957,0.3852038085460663,1.0,0.12401778995990753,0.026144418865442276,-10.601167678833008,0.026218093931674957,0.0018436259124428034,0.04613437503576279,1.1449476480484009,0.0,3.0
5.845431327819824,20.459999084472656,1000.0,223.0,1.3898025751113892,0.00012176071322755888,40.0,1.0006335973739624,1.0006335973739624,1.0006335973739624,0.0004479367344174534,0.0,0.9737607836723328,4480000.0,-0.015796774998307228,0.0004003215581178665,2.479553229406406e-09,0.03622663393616676,0.009379170835018158,0.7482163310050964,0.25766822695732117,0.09860482811927795,2.8586809635162354,29906.544921875,30.5398006439209,103.718017578125,134.2578125,148.9671173095703,0.9473792314529419,0.34163060784339905,0.11654181778430939,0.022283431142568588,0.36060595512390137,1.0,0.15633828938007355,0.022252267226576805,-249.44143676757812,0.022283431142568588,-0.0016046627424657345,0.0826244205236435,1.0555435419082642,0.0,3.0
6.065764904022217,19.420000076293945,1000.0,224.0,1.380968451499939,0.0001184287466458045,40.0,0.9992668032646179,0.9992668032646179,0.9992668032646179,0.0005184624460525811,0.0,0.9650247693061829,4500000.0,-0.016368389129638672,-0.0005716141313314438,-4.625320570994518e-09,0.03639811649918556,0.00017148256301879883,0.7772018313407898,0.28849145770072937,0.030823230743408203,2.830673933029175,30039.072265625,28.80497169494629,103.6900634765625,132.4950408935547,150.9490509033203,0.8840070366859436,0.346117228269577,0.11799587309360504,0.025592835620045662,0.39153221249580383,1.0,0.1943589448928833,0.025580624118447304,-308.0849914550781,0.025592835620045662,0.0011108542094007134,0.1010577529668808,1.1312127113342285,0.0,3.0
7.656551361083984,27.760000228881836,1000.0,225.0,1.3768668174743652,0.00010247831960441545,40.0,0.9997966289520264,0.9997966289520264,0.9997966289520264,0.00014380505308508873,0.0,0.9608736634254456,4520000.0,-0.012843756005167961,0.0035246331244707108,6.556510889765832e-09,0.039206765592098236,0.002808649092912674,0.7952678203582764,0.2992841601371765,0.010792702436447144,2.55914306640625,30170.62890625,28.756370544433594,102.7672348022461,131.5236053466797,152.06396484375,0.9129810333251953,0.3585744798183441,0.10388880968093872,0.0239942017942667,0.37378358840942383,1.0,0.20395109057426453,0.023724280297756195,-64.09949493408203,0.0239942017942667,-0.005662824027240276,0.11880320310592651,0.0,0.4102994203567505,0.0
7.650677680969238,31.81999969482422,1000.0,226.0,1.3762680292129517,0.00013458369357977062,40.0,0.9987419247627258,0.9987419247627258,0.9987419247627258,0.0008895514183677733,0.0,0.9604442715644836,4540000.0,-0.011468566954135895,0.0013751890510320663,-5.769729582993932e-09,0.04599436745047569,0.006787601858377457,0.8695824146270752,0.3035077154636383,0.004223555326461792,2.774667263031006,30300.927734375,27.753427505493164,102.51216125488281,130.26559448242188,153.53248596191406,0.8479753136634827,0.32733917236328125,0.11725451052188873,0.027813995257019997,0.4057402014732361,1.0,0.24300561845302582,0.027756962925195694,-329.67669677734375,0.027813995257019997,0.0028365179896354675,0.14107629656791687,0.0,0.37651991844177246,0.0
7.187694072723389,33.79999923706055,1000.0,227.0,1.3726171255111694,0.00013737220433540642,40.0,1.0001250505447388,1.0001250505447388,1.0001250505447388,8.845219417707995e-05,0.0,0.9572386741638184,4560000.0,-0.0077256131917238235,0.0037429537624120712,-1.1539459165987864e-08,0.03144829720258713,-0.014546070247888565,0.8102368116378784,0.24657107889652252,-0.056936636567115784,2.844943046569824,30431.2734375,28.555721282958984,101.75755310058594,130.3132781982422,153.47630310058594,0.8887933492660522,0.32634437084198,0.11553807556629181,0.025317933410406113,0.3749358355998993,1.0,0.22854062914848328,0.025062493979930878,-926.4742431640625,0.025317933410406113,0.004620674066245556,0.08358387649059296,0.0,0.4891631305217743,0.0
7.426253795623779,37.099998474121094,1000.0,228.0,1.3715643882751465,0.00010927768016699702,40.0,0.997486412525177,0.997486412525177,0.997486412525177,0.0017773888539522886,0.0,0.956254780292511,4580000.0,-0.012087290175259113,-0.00436167698353529,-8.964538444899972e-09,0.03172098845243454,0.0002726912498474121,0.8092951774597168,0.3310147523880005,0.08444367349147797,2.441760778427124,30564.251953125,29.687088012695312,103.25809478759766,132.94517517089844,150.4379425048828,0.954300582408905,0.35463279485702515,0.09071657806634903,0.02196136862039566,0.3664626479148865,1.0,0.2515123784542084,0.02189447171986103,-898.2608032226562,0.02196136862039566,0.003302046563476324,0.1629890501499176,0.0,0.3502964675426483,0.0
5.855642318725586,36.97999954223633,1000.0,229.0,1.3710910081863403,0.00010645620932336897,40.0,0.9998483657836914,0.9998483657836914,0.9998483657836914,0.00010722158185672015,0.0,0.955859363079071,4600000.0,-0.012664947658777237,-0.0005776574835181236,7.2479249269008506e-09,0.028354760259389877,-0.0033662281930446625,0.6880132555961609,0.3107747435569763,-0.02024000883102417,2.4027974605560303,30696.28125,28.81222915649414,103.1829605102539,131.9951934814453,151.5206756591797,0.7886233329772949,0.35413867235183716,0.12665845453739166,0.03215811774134636,0.42066341638565063,1.0,0.22164390981197357,0.03207783028483391,-1022.869384765625,0.03215811774134636,-0.0033563580363988876,0.14030878245830536,0.0,0.37754830718040466,0.0
5.9448933601379395,39.779998779296875,1000.0,230.0,1.3703947067260742,0.00011550857016118243,40.0,1.0011686086654663,1.0011686086654663,1.0011686086654663,0.000826359202619642,0.0,0.9555945992469788,4620000.0,-0.011082388460636139,0.001582559198141098,8.201599399626502e-09,0.03152327239513397,0.003168512135744095,0.8323001861572266,0.30201148986816406,-0.008763253688812256,3.60510516166687,30827.3984375,31.247230529785156,99.83596801757812,131.0832061767578,152.57485961914062,0.8175787329673767,0.34708431363105774,0.1398010551929474,0.029920626431703568,0.3974001407623291,1.0,0.24735897779464722,0.029820509254932404,-1594.8134765625,0.029920626431703568,0.003703154157847166,0.13697250187397003,0.0,0.38211867213249207,0.0
5.61805534362793,34.91999816894531,1000.0,231.0,1.3705180883407593,0.00012109917588531971,40.0,0.9998080134391785,0.9998080134391785,0.9998080134391785,0.0001357971632387489,0.0,0.9557342529296875,4640000.0,-0.009467306546866894,0.0016150819137692451,-2.2220611128886958e-08,0.026023728772997856,-0.005499543622136116,0.721084713935852,0.24529026448726654,-0.05672122538089752,2.9471123218536377,30959.4296875,29.420820236206055,102.57749938964844,131.99832153320312,151.51707458496094,0.772645890712738,0.33819815516471863,0.1025562509894371,0.03350185230374336,0.45877566933631897,1.0,0.24411961436271667,0.03331393748521805,-936.591552734375,0.03350185230374336,0.004443386569619179,0.10506635159254074,0.0,0.4362979233264923,0.0
5.490894794464111,29.6200008392334,1000.0,232.0,1.3825732469558716,0.00012815071386285126,40.0,1.0014104843139648,1.0014104843139648,1.0014104843139648,0.0009973630076274276,0.0,0.9670513272285461,4660000.0,-0.00828940887004137,0.0011778976768255234,-3.1471252270875993e-09,0.024308402091264725,-0.0017153266817331314,0.6374785900115967,0.21591787040233612,-0.02937239408493042,2.569547414779663,31091.34375,29.668292999267578,102.21189880371094,131.88018798828125,151.65280151367188,0.8760634064674377,0.33195391297340393,0.1287866234779358,0.026059061288833618,0.38169801235198975,1.0,0.2024664282798767,0.025780387222766876,-230.8644256591797,0.026059061288833618,0.005075661465525627,0.09244628250598907,0.0,0.4651256203651428,0.0
5.609032154083252,21.139999389648438,1000.0,233.0,1.3817343711853027,0.00011608639761107042,40.0,0.9989884495735168,0.9989884495735168,0.9989884495735168,0.0007152882171794772,0.0,0.9663090109825134,4680000.0,-0.015107239596545696,-0.006817830726504326,-5.722046170220096e-10,0.030948810279369354,0.0066404081881046295,0.72756028175354,0.20526665449142456,-0.01065121591091156,2.5262463092803955,31221.71484375,28.149763107299805,102.189453125,130.33921813964844,153.44577026367188,0.9452077150344849,0.34780770540237427,0.10286332666873932,0.022385936230421066,0.36796966195106506,1.0,0.18777018785476685,0.022348454222083092,-185.84922790527344,0.022385936230421066,0.0017333751311525702,0.08016175031661987,1.0579684972763062,0.0,3.0
6.992832660675049,28.520000457763672,1000.0,234.0,1.383070468902588,9.718961518956348e-05,40.0,1.0001630783081055,1.0001630783081055,1.0001630783081055,0.00011525760783115402,0.0,0.9678816199302673,4700000.0,-0.010311033576726913,0.004796206019818783,6.1988831845383174e-09,0.04211779311299324,0.011168982833623886,0.821110725402832,0.3058277368545532,0.10056108236312866,3.0395092964172363,31355.029296875,30.57622718811035,102.7035140991211,133.2797393798828,150.06031799316406,0.8618765473365784,0.36582207679748535,0.13326188921928406,0.026924006640911102,0.37764841318130493,1.0,0.21573427319526672,0.02678506262600422,-96.58395385742188,0.026924006640911102,0.004221481736749411,0.1282597780227661,0.0,0.3948841691017151,0.0
7.181698799133301,29.959999084472656,1000.0,235.0,1.387040138244629,8.909483585739508e-05,40.0,1.0002107620239258,1.0002107620239258,1.0002107620239258,0.00014908747107256204,0.0,0.9716536998748779,4720000.0,-0.013750982470810413,-0.0034399488940835,7.677078528445236e-09,0.02368173748254776,-0.01843605563044548,0.6517338156700134,0.23975785076618195,-0.06606988608837128,2.7631900310516357,31487.1953125,29.99767303466797,102.13275146484375,132.1304168701172,151.3656005859375,0.7667416930198669,0.36934810876846313,0.12662385404109955,0.034019794315099716,0.4372943639755249,1.0,0.16974195837974548,0.03341686725616455,-225.6402130126953,0.034019794315099716,-0.00810747966170311,0.10902050137519836,0.0,0.42831265926361084,0.0
6.000021934509277,35.47999954223633,1000.0,236.0,1.3838177919387817,0.00013657227100338787,40.0,0.9987940192222595,0.9987940192222595,0.9987940192222595,0.0008527712197974324,0.0,0.968238890171051,4740000.0,-0.01361590251326561,0.00013507995754480362,-9.536743617033494e-10,0.019926344975829124,-0.0037553925067186356,0.6666530966758728,0.24621999263763428,0.0064621418714523315,2.610328435897827,31618.455078125,28.76364517211914,102.46321105957031,131.2268524169922,152.4078369140625,0.9349560737609863,0.32955506443977356,0.10721444338560104,0.022879546508193016,0.35644105076789856,1.0,0.3272816836833954,0.022851871326565742,-624.9265747070312,0.022879546508193016,-0.002205353695899248,0.17574362456798553,0.0,0.3373457193374634,0.0
4.573375701904297,32.79999923706055,1000.0,237.0,1.3858600854873657,0.00010872304119402543,40.0,0.9995229840278625,0.9995229840278625,0.9995229840278625,0.00033725908724591136,0.0,0.9698362946510315,4760000.0,-0.01220222283154726,0.0014136796817183495,7.653236266946806e-09,0.023572757840156555,0.0036464128643274307,0.573731005191803,0.2363928109407425,-0.009827181696891785,2.5378003120422363,31750.576171875,28.071640014648438,104.01663208007812,132.08827209472656,151.4138946533203,0.8207568526268005,0.35497915744781494,0.10791719704866409,0.029689360409975052,0.425324022769928,1.0,0.21004913747310638,0.029677243903279305,-407.8185729980469,0.029689360409975052,0.0013444707728922367,0.14917662739753723,0.0,0.36615467071533203,0.0
4.3917555809021,29.399999618530273,1000.0,238.0,1.3838437795639038,0.00013355468399822712,40.0,1.0011409521102905,1.0011409521102905,1.0011409521102905,0.0008068030583672225,0.0,0.967454731464386,4780000.0,-0.012653205543756485,-0.0004509827122092247,-3.8146971692576415e-10,0.032253608107566833,0.008680850267410278,0.6611317992210388,0.24268245697021484,0.006289646029472351,3.0791378021240234,31883.9296875,29.523046493530273,103.79723358154297,133.32028198242188,150.01467895507812,0.8610225319862366,0.329641729593277,0.12054842710494995,0.02697744220495224,0.39599770307540894,1.0,0.25159233808517456,0.026749029755592346,-138.33279418945312,0.02697744220495224,-0.00565351452678442,0.1399320811033249,0.0,0.378056138753891,0.0
4.218045711517334,21.260000228881836,1000.0,239.0,1.379578709602356,0.0001388021046295762,40.0,0.9994702935218811,0.9994702935218811,0.9994702935218811,0.00037454499397426844,0.0,0.9632448554039001,4800000.0,-0.01786670833826065,-0.005213502794504166,4.0531160649948106e-09,0.022330014035105705,-0.009923594072461128,0.49205854535102844,0.13642480969429016,-0.10625764727592468,1.3638081550598145,32015.61328125,28.84320831298828,102.80651092529297,131.64971923828125,151.9182891845703,0.8679035902023315,0.3285469114780426,0.11324246972799301,0.026551365852355957,0.3785523772239685,1.0,0.12352049350738525,0.02638085186481476,-278.8476867675781,0.026551365852355957,-0.002924505388364196,0.0501585379242897,1.1522016525268555,0.0,3.0
3.7447140216827393,19.540000915527344,1000.0,240.0,1.371515154838562,0.00013360816228669137,40.0,0.9990350604057312,0.9990350604057312,0.9990350604057312,0.0006823293515481055,0.0,0.955641508102417,4820000.0,-0.015495376661419868,0.002371331676840782,-7.939338964035869e-09,0.020873842760920525,-0.0014561712741851807,0.4550018012523651,0.16651256382465363,0.030087754130363464,1.8394529819488525,32150.810546875,32.77249526977539,102.39208221435547,135.16458129882812,147.96775817871094,0.9044510126113892,0.33566924929618835,0.10761604458093643,0.024448921903967857,0.37113043665885925,1.0,0.1755075454711914,0.02437577024102211,-431.202392578125,0.024448921903967857,0.0022488136310130358,0.0691327452659607,1.1056430339813232,0.0,3.0
3.2867395877838135,15.979999542236328,1000.0,241.0,1.3721305131912231,0.00010907933028647676,40.0,0.9994398951530457,0.9994398951530457,0.9994398951530457,0.0003960960893891752,0.0,0.9562647938728333,4840000.0,-0.018718231469392776,-0.003222854807972908,-9.024143210467628e-09,0.02365364134311676,0.0027797985821962357,0.591479480266571,0.294668585062027,0.12815602123737335,2.2600295543670654,32282.58203125,27.51995086669922,104.21772003173828,131.7376708984375,151.81686401367188,0.8200263977050781,0.35554906725883484,0.10252976417541504,0.029742274433374405,0.4335824251174927,1.0,0.2370481640100479,0.029661066830158234,-681.9747314453125,0.029742274433374405,-0.0031125403475016356,0.11929769814014435,1.219472885131836,0.0,3.0
4.132139205932617,22.059999465942383,1000.0,242.0,1.3738969564437866,0.00011466947762528434,40.0,1.0020256042480469,1.0020256042480469,1.0020256042480469,0.001432374701835215,0.0,0.9579133987426758,4860000.0,-0.020693400874733925,-0.0019751694053411484,-1.2683868177987279e-08,0.02905893698334694,0.005405295640230179,0.47724950313568115,0.25843650102615356,-0.03623208403587341,2.26888370513916,32415.642578125,30.639476776123047,102.38690948486328,133.02638244628906,150.3461151123047,0.8001894950866699,0.3481397032737732,0.12096104025840759,0.031235193833708763,0.43507149815559387,1.0,0.1823245733976364,0.031033648177981377,-90.6268310546875,0.031235193833708763,-0.004383874125778675,0.09535472095012665,1.2497040033340454,0.0,3.0
5.384092807769775,30.040000915527344,1000.0,243.0,1.3757768869400024,0.00010795640992000699,40.0,0.9994179606437683,0.9994179606437683,0.9994179606437683,0.00041160613182000816,0.0,0.9595952033996582,4880000.0,-0.01099962554872036,0.009693775326013565,7.915496702537439e-09,0.02964760735630989,0.0005886703729629517,0.6344846487045288,0.276540070772171,0.018103569746017456,2.1893703937530518,32546.978515625,28.290359497070312,103.0123291015625,131.3026885986328,152.31980895996094,0.8228366374969482,0.3521561622619629,0.14324747025966644,0.02953946217894554,0.4043724536895752,1.0,0.21350538730621338,0.029464930295944214,-254.0609130859375,0.02953946217894554,-0.0027297085616737604,0.09997448325157166,0.0,0.4472706615924835,0.0
5.880340576171875,30.360000610351562,1000.0,244.0,1.3695799112319946,0.00012515227717813104,40.0,0.9996026158332825,0.9996026158332825,0.9996026158332825,0.00028100708732381463,0.0,0.9536997675895691,4900000.0,-0.010805758647620678,0.00019386690109968185,-1.8119812317252126e-09,0.02723856456577778,-0.002409042790532112,0.6476415991783142,0.2414950728416443,-0.03504499793052673,2.3267335891723633,32679.0859375,29.618114471435547,102.45471954345703,132.0728302001953,151.4315948486328,0.8062943816184998,0.3363918960094452,0.16676825284957886,0.030763983726501465,0.4100901484489441,1.0,0.22425539791584015,0.03076360933482647,-242.5452117919922,0.030763983726501465,-0.00021080998703837395,0.11844074726104736,0.0,0.4109267592430115,0.0
5.299346923828125,28.219999313354492,1000.0,245.0,1.3578720092773438,0.00010874908184632659,40.0,1.001050353050232,1.001050353050232,1.001050353050232,0.0007426836527884007,0.0,0.9427726864814758,4920000.0,-0.006679258309304714,0.004126500338315964,2.0980834847250662e-09,0.02643185295164585,-0.0008067116141319275,0.5289299488067627,0.22044602036476135,-0.021049052476882935,2.016237497329712,32813.90234375,32.217681884765625,102.56607818603516,134.78375244140625,148.38583374023438,0.8086714744567871,0.353767991065979,0.12096704542636871,0.030583389103412628,0.41062572598457336,1.0,0.17918799817562103,0.030118053779006004,-138.6893768310547,0.030583389103412628,0.005897740833461285,0.07474905252456665,0.0,0.5172638297080994,0.0
5.693638801574707,25.280000686645508,1000.0,246.0,1.3574012517929077,9.888788190437481e-05,40.0,1.0015348196029663,1.0015348196029663,1.0015348196029663,0.0010851970873773098,0.0,0.9426159858703613,4940000.0,-0.008761947974562645,-0.0020826896652579308,2.717971847587819e-09,0.030417023226618767,0.003985170274972916,0.6406959891319275,0.25560563802719116,0.03515961766242981,1.9139957427978516,32946.7890625,31.318872451782227,101.5316390991211,132.8505096435547,150.54515075683594,0.80681312084198,0.36191022396087646,0.14246949553489685,0.03072443976998329,0.4074184000492096,1.0,0.1607142686843872,0.030703924596309662,-1.042709469795227,0.03072443976998329,0.0012302282266318798,0.07377404719591141,0.0,0.5206707119941711,0.0
5.194392204284668,22.399999618530273,1000.0,247.0,1.3624781370162964,0.00012256210902705789,40.0,1.0000356435775757,1.0000356435775757,1.0000356435775757,2.5231944164261222e-05,0.0,0.947564423084259,4960000.0,-0.01743202656507492,-0.008670078590512276,-1.6355514276256145e-08,0.024929558858275414,-0.005487464368343353,0.5621498823165894,0.2093280851840973,-0.04627755284309387,1.63767671585083,33081.66015625,31.72863006591797,103.10875701904297,134.83738708496094,148.32681274414062,0.8780959248542786,0.3383016884326935,0.11679844558238983,0.02593856304883957,0.3852672576904297,1.0,0.1427331119775772,0.02587699145078659,-138.91812133789062,0.02593856304883957,-0.0017308276146650314,0.04865475744009018,1.1388278007507324,0.0,3.0
5.570310115814209,29.18000030517578,1000.0,248.0,1.366397738456726,0.00010210144682787359,40.0,0.999150812625885,0.999150812625885,0.999150812625885,0.0006004520691931248,0.0,0.9512798190116882,4980000.0,-0.011195594444870949,0.006236432120203972,-2.241134611224993e-09,0.029297254979610443,0.00436769612133503,0.6116941571235657,0.25243133306503296,0.04310324788093567,1.6963914632797241,33211.2265625,27.64314079284668,101.89126586914062,129.53440856933594,154.39913940429688,0.8985077738761902,0.3594801127910614,0.11452790349721909,0.024773430079221725,0.3836214244365692,1.0,0.19930492341518402,0.024761157110333443,-140.8843994140625,0.024773430079221725,-0.0012336034560576081,0.12400181591510773,0.0,0.4016067087650299,0.0
4.529897212982178,29.760000228881836,1000.0,249.0,1.3654223680496216,0.0001255601819138974,40.0,1.0004428625106812,1.0004428625106812,1.0004428625106812,0.00031312298960983753,0.0,0.9499092698097229,5000000.0,-0.011882895603775978,-0.0006873011589050293,-8.916854810081531e-09,0.026765204966068268,-0.0025320500135421753,0.7091408967971802,0.2817195951938629,0.029288262128829956,2.1343233585357666,33342.9375,29.045494079589844,102.63040161132812,131.6759033203125,151.88807678222656,0.8692469000816345,0.34159016609191895,0.11214498430490494,0.026469364762306213,0.3990054130554199,1.0,0.2445363700389862,0.026393741369247437,-190.3136749267578,0.026469364762306213,-0.003000398399308324,0.11904147267341614,0.0,0.4098885953426361,0.0
