Metrics/EpRet,Metrics/EpCost,Metrics/EpLen,Train/Epoch,Train/Entropy,Train/KL,Train/StopIter,Train/PolicyRatio,Train/PolicyRatio/Min,Train/PolicyRatio/Max,Train/PolicyRatio/Std,Train/LR,Train/PolicyStd,TotalEnvSteps,Loss/Loss_pi,Loss/Loss_pi/Delta,Value/Adv,Loss/Loss_reward_critic,Loss/Loss_reward_critic/Delta,Value/reward,Time/Total,Time/Rollout,Time/Update,Time/Epoch,Time/FPS
-0.5704877972602844,94.0,1000.0,0.0,1.4054574966430664,0.01402481272816658,40.0,1.0008490085601807,1.0008490085601807,1.0008490085601807,0.018945995718240738,0.00029880000511184335,0.9866710305213928,20000.0,-0.01687030866742134,-0.01687030866742134,0.14712673425674438,0.0038867027033120394,0.0038867027033120394,0.026570213958621025,147.2454833984375,31.952590942382812,115.29289245605469,147.2454833984375,135.82760620117188
0.04996545612812042,103.375,1000.0,1.0,1.3858717679977417,0.01942562684416771,40.0,0.9988566637039185,0.9988566637039185,0.9988566637039185,0.02028377540409565,0.0002975999959744513,0.9675487875938416,40000.0,-0.017145758494734764,-0.00027544982731342316,0.04157504811882973,0.003586831968277693,-0.0002998707350343466,0.05782085657119751,294.5942687988281,29.136058807373047,118.17095184326172,147.3070068359375,135.77085876464844
0.5369179844856262,105.125,1000.0,2.0,1.3616639375686646,0.017731482163071632,40.0,0.9990354776382446,0.9990354776382446,0.9990354776382446,0.020330308005213737,0.00029639998683705926,0.9443626403808594,60000.0,-0.01568610779941082,0.001459650695323944,0.048061154782772064,0.004273663740605116,0.0006868317723274231,0.06340444087982178,442.26727294921875,24.583477020263672,123.05500030517578,147.6394500732422,135.46514892578125
1.1824129819869995,93.0999984741211,1000.0,3.0,1.3356678485870361,0.021630801260471344,32.0,0.9980194568634033,0.9980194568634033,0.9980194568634033,0.021308330819010735,0.00029520000680349767,0.9201476573944092,80000.0,-0.015005247667431831,0.0006808601319789886,-0.061201244592666626,0.004524410702288151,0.0002507469616830349,0.07583969086408615,564.6607055664062,24.360553741455078,98.0002670288086,122.3608169555664,163.45101928710938
1.9201622009277344,85.69999694824219,1000.0,4.0,1.3069263696670532,0.02140416018664837,34.0,0.9985464215278625,0.9985464215278625,0.9985464215278625,0.021064257249236107,0.00029399999766610563,0.894057035446167,100000.0,-0.018527748063206673,-0.0035225003957748413,-0.13568885624408722,0.007477210368961096,0.002952799666672945,0.1053772121667862,691.8143920898438,22.155757904052734,104.96944427490234,127.12519836425781,157.32521057128906
2.7329649925231934,102.30000305175781,1000.0,5.0,1.2733856439590454,0.020991919562220573,22.0,0.9987332224845886,0.9987332224845886,0.9987332224845886,0.02065105549991131,0.0002927999885287136,0.8645818829536438,120000.0,-0.016783040016889572,0.0017447080463171005,-0.14012588560581207,0.009702561423182487,0.0022253510542213917,0.15100453794002533,784.0098876953125,21.567750930786133,70.60005187988281,92.16780090332031,216.99551391601562
3.7325310707092285,104.36000061035156,1000.0,6.0,1.2572133541107178,0.02053818665444851,21.0,0.9950513243675232,0.9950513243675232,0.9950513243675232,0.020227449014782906,0.000291600008495152,0.8507224917411804,140000.0,-0.01732681319117546,-0.0005437731742858887,-0.19493421912193298,0.010164073668420315,0.0004615122452378273,0.19957755506038666,873.2681884765625,22.02176284790039,67.20919036865234,89.23095703125,224.13746643066406
4.677452564239502,113.22000122070312,1000.0,7.0,1.2341907024383545,0.021207129582762718,23.0,0.9990848898887634,0.9990848898887634,0.9990848898887634,0.0207448061555624,0.00029039999935775995,0.8313571214675903,160000.0,-0.019358696416020393,-0.0020318832248449326,-0.24538105726242065,0.011622670106589794,0.0014585964381694794,0.22784890234470367,970.2404174804688,23.491647720336914,73.45539855957031,96.94705200195312,206.29818725585938
5.576813220977783,93.37999725341797,1000.0,8.0,1.2110568284988403,0.022860083729028702,22.0,0.998146653175354,0.998146653175354,0.998146653175354,0.020733285695314407,0.0002891999902203679,0.8123298287391663,180000.0,-0.02025878056883812,-0.0009000841528177261,0.3131931722164154,0.014201667159795761,0.002578997053205967,0.30714166164398193,1065.6689453125,25.97584342956543,69.4255599975586,95.40140533447266,209.64051818847656
6.7578558921813965,105.55999755859375,1000.0,9.0,1.1862149238586426,0.020090309903025627,16.0,0.9995629787445068,0.9995629787445068,0.9995629787445068,0.020582105964422226,0.0002880000101868063,0.7923933267593384,200000.0,-0.0195317380130291,0.000727042555809021,0.005840755999088287,0.01730220951139927,0.003100542351603508,0.3631828725337982,1141.6204833984375,26.23562240600586,49.683815002441406,75.91944122314453,263.4371337890625
7.901029586791992,97.83999633789062,1000.0,10.0,1.158835768699646,0.022654984146356583,13.0,0.9984258413314819,0.9984258413314819,0.9984258413314819,0.020041078329086304,0.0002868000010494143,0.7710288166999817,220000.0,-0.01709567941725254,0.002436058595776558,0.09191878139972687,0.01642961986362934,-0.000872589647769928,0.5083460211753845,1207.873779296875,25.635684967041016,40.593746185302734,66.22943115234375,301.98052978515625
9.042481422424316,99.69999694824219,1000.0,11.0,1.1343135833740234,0.02193942852318287,17.0,0.9998375773429871,0.9998375773429871,0.9998375773429871,0.020282097160816193,0.00028559999191202223,0.7523649334907532,240000.0,-0.019052842631936073,-0.0019571632146835327,0.2898555397987366,0.01595747284591198,-0.00047214701771736145,0.5496975183486938,1286.7271728515625,25.12912368774414,53.70283126831055,78.83195495605469,253.7042236328125
9.956404685974121,97.0999984741211,1000.0,12.0,1.1138625144958496,0.02061542309820652,16.0,0.997165858745575,0.997165858745575,0.997165858745575,0.020593704655766487,0.00028440001187846065,0.7371209859848022,260000.0,-0.021293865516781807,-0.0022410228848457336,-0.03016790747642517,0.015714021399617195,-0.00024345144629478455,0.6408683061599731,1363.298828125,26.271163940429688,50.276309967041016,76.54747009277344,261.2757568359375
10.928091049194336,80.58000183105469,1000.0,13.0,1.092934012413025,0.022997738793492317,15.0,0.9987677931785583,0.9987677931785583,0.9987677931785583,0.02078198455274105,0.0002832000027410686,0.7219254374504089,280000.0,-0.01960924081504345,0.0016846247017383575,-0.1751137673854828,0.015765739604830742,5.171820521354675e-05,0.7690359950065613,1436.9609375,25.91632843017578,47.72324752807617,73.63957977294922,271.59307861328125
12.00511360168457,70.0199966430664,1000.0,14.0,1.0709220170974731,0.020168175920844078,14.0,1.0004997253417969,1.0004997253417969,1.0004997253417969,0.020793413743376732,0.00028199999360367656,0.7062207460403442,300000.0,-0.021090641617774963,-0.001481400802731514,0.1617426574230194,0.016351059079170227,0.0005853194743394852,0.8553000092506409,1509.337646484375,28.03470802307129,44.31779479980469,72.35258483886719,276.42413330078125
12.6830472946167,72.36000061035156,1000.0,15.0,1.0499401092529297,0.020024048164486885,11.0,0.9995128512382507,0.9995128512382507,0.9995128512382507,0.019917570054531097,0.00028080001357011497,0.6915060877799988,320000.0,-0.01764749549329281,0.003443146124482155,0.05947921797633171,0.019062114879488945,0.002711055800318718,0.8880021572113037,1570.585693359375,25.411767959594727,35.81431579589844,61.22608184814453,326.6581726074219
13.950301170349121,65.26000213623047,1000.0,16.0,1.0257807970046997,0.020457787439227104,12.0,0.9970894455909729,0.9970894455909729,0.9970894455909729,0.02023065648972988,0.0002796000044327229,0.6749903559684753,340000.0,-0.01882653310894966,-0.0011790376156568527,0.04921191930770874,0.01873663067817688,-0.0003254842013120651,1.0550880432128906,1634.391357421875,24.882123947143555,38.90255355834961,63.7846794128418,313.554931640625
15.081881523132324,70.16000366210938,1000.0,17.0,1.010929822921753,0.02205471135675907,15.0,0.9969111680984497,0.9969111680984497,0.9969111680984497,0.021313386037945747,0.0002783999952953309,0.6650896072387695,360000.0,-0.02079978585243225,-0.0019732527434825897,0.045745689421892166,0.018529575318098068,-0.00020705536007881165,1.1480234861373901,1708.3115234375,24.89606285095215,49.003604888916016,73.89966583251953,270.63720703125
16.146120071411133,57.36000061035156,1000.0,18.0,0.9874532222747803,0.02121478132903576,10.0,0.9976832270622253,0.9976832270622253,0.9976832270622253,0.020235691219568253,0.00027719998615793884,0.6497052907943726,380000.0,-0.018478963524103165,0.0023208223283290863,0.5927377939224243,0.01952703483402729,0.000997459515929222,1.2199991941452026,1766.4033203125,23.90091323852539,34.166507720947266,58.067420959472656,344.4272155761719
16.747947692871094,61.0,1000.0,19.0,0.9562675356864929,0.02157476544380188,10.0,0.9990186095237732,0.9990186095237732,0.9990186095237732,0.020811889320611954,0.00027600000612437725,0.6298298239707947,400000.0,-0.017015976831316948,0.0014629866927862167,0.1443723738193512,0.018268270418047905,-0.0012587644159793854,1.266347050666809,1822.9775390625,22.250699996948242,34.30241394042969,56.55311584472656,353.64984130859375
17.261577606201172,58.08000183105469,1000.0,20.0,0.9333562254905701,0.020599499344825745,13.0,0.9969650506973267,0.9969650506973267,0.9969650506973267,0.021631015464663506,0.0002747999969869852,0.6155572533607483,420000.0,-0.020598847419023514,-0.003582870587706566,-0.15417981147766113,0.020315907895565033,0.002047637477517128,1.3920671939849854,1888.916748046875,23.627378463745117,42.29087829589844,65.91825866699219,303.40606689453125
17.784658432006836,61.2599983215332,1000.0,21.0,0.91689133644104,0.02224092185497284,11.0,0.9976093173027039,0.9976093173027039,0.9976093173027039,0.020999295637011528,0.00027359998784959316,0.6055505275726318,440000.0,-0.018637364730238914,0.0019614826887845993,0.044938258826732635,0.02022375352680683,-9.21543687582016e-05,1.421310544013977,1950.5526123046875,25.050439834594727,36.56208801269531,61.613529205322266,324.6040344238281
18.71171760559082,55.63999938964844,1000.0,22.0,0.8997710943222046,0.020037272945046425,11.0,0.9972344636917114,0.9972344636917114,0.9972344636917114,0.020145952701568604,0.0002724000078160316,0.5953304171562195,460000.0,-0.017907779663801193,0.0007295850664377213,-0.12707576155662537,0.02132970467209816,0.0011059511452913284,1.5401631593704224,2011.400146484375,25.30272102355957,35.524314880371094,60.82703399658203,328.8011474609375
19.24357032775879,56.900001525878906,1000.0,23.0,0.8799959421157837,0.020829306915402412,10.0,0.99740070104599,0.99740070104599,0.99740070104599,0.021467290818691254,0.00027119999867863953,0.583760678768158,480000.0,-0.018508270382881165,-0.0006004907190799713,0.22668300569057465,0.022600997239351273,0.0012712925672531128,1.5695551633834839,2069.231201171875,25.60035514831543,32.20655822753906,57.80691146850586,345.9793701171875
19.28460693359375,60.779998779296875,1000.0,24.0,0.866112232208252,0.02242763340473175,9.0,0.9976851344108582,0.9976851344108582,0.9976851344108582,0.020652439445257187,0.0002699999895412475,0.5757368803024292,500000.0,-0.015961401164531708,0.002546869218349457,0.3535359501838684,0.022870486602187157,0.0002694893628358841,1.6168090105056763,2124.639404296875,25.8341064453125,29.553020477294922,55.38712692260742,361.0947265625
19.970415115356445,63.81999969482422,1000.0,25.0,0.8483127355575562,0.020961232483386993,11.0,0.9968479871749878,0.9968479871749878,0.9968479871749878,0.020867513492703438,0.0002688000095076859,0.5656157732009888,520000.0,-0.017992611974477768,-0.00203121080994606,0.03537581488490105,0.02178129367530346,-0.0010891929268836975,1.7220250368118286,2186.970458984375,25.890567779541016,36.42226791381836,62.31283950805664,320.9611511230469
20.45465660095215,68.87999725341797,1000.0,26.0,0.8267574310302734,0.022318853065371513,11.0,0.9978337287902832,0.9978337287902832,0.9978337287902832,0.021206527948379517,0.00026760000037029386,0.5535160303115845,540000.0,-0.019233833998441696,-0.0012412220239639282,-0.20101507008075714,0.020380768924951553,-0.0014005247503519058,1.786488652229309,2250.646240234375,26.688207626342773,36.964725494384766,63.6539306640625,314.198974609375
21.223098754882812,70.23999786376953,1000.0,27.0,0.8118773102760315,0.020465560257434845,6.0,0.9976567029953003,0.9976567029953003,0.9976567029953003,0.019682209938764572,0.0002663999912329018,0.5453299283981323,560000.0,-0.012605037540197372,0.006628796458244324,-0.01394709199666977,0.01954708807170391,-0.0008336808532476425,1.8460646867752075,2295.073974609375,22.650503158569336,21.757997512817383,44.40850067138672,450.3642272949219
21.024002075195312,72.19999694824219,1000.0,28.0,0.7975020408630371,0.022203683853149414,10.0,0.9988495111465454,0.9988495111465454,0.9988495111465454,0.020948519930243492,0.0002652000111993402,0.5375546216964722,580000.0,-0.01511409878730774,-0.002509061247110367,-0.0079069584608078,0.020323561504483223,0.0007764734327793121,1.8508579730987549,2352.5625,23.259727478027344,34.208744049072266,57.46847152709961,348.01690673828125
21.378944396972656,66.95999908447266,1000.0,29.0,0.779106080532074,0.02198926731944084,10.0,0.9986843466758728,0.9986843466758728,0.9986843466758728,0.020930010825395584,0.0002640000020619482,0.5278939008712769,600000.0,-0.01782732643187046,-0.0027132276445627213,-0.2885683476924896,0.022706784307956696,0.0023832228034734726,1.9364421367645264,2410.46533203125,24.699655532836914,33.1820182800293,57.881675720214844,345.5325012207031
21.66262435913086,60.20000076293945,1000.0,30.0,0.7635909914970398,0.02263122797012329,9.0,0.9967940449714661,0.9967940449714661,0.9967940449714661,0.020969992503523827,0.00026279999292455614,0.5198799967765808,620000.0,-0.015651578083634377,0.002175748348236084,0.11754002422094345,0.021394630894064903,-0.0013121534138917923,1.9973349571228027,2466.463623046875,26.09805679321289,29.87476348876953,55.97282028198242,357.3162841796875
22.332639694213867,59.220001220703125,1000.0,31.0,0.7466163635253906,0.022491704672574997,10.0,0.9965678453445435,0.9965678453445435,0.9965678453445435,0.021188534796237946,0.00026160001289099455,0.5113522410392761,640000.0,-0.016865137964487076,-0.0012135598808526993,-0.15238621830940247,0.02109656296670437,-0.00029806792736053467,2.076493978500366,2524.702880859375,25.54287338256836,32.674346923828125,58.217220306396484,343.54095458984375
22.97718048095703,59.31999969482422,1000.0,32.0,0.7366293668746948,0.02215586230158806,10.0,0.9980695247650146,0.9980695247650146,0.9980695247650146,0.021721651777625084,0.0002604000037536025,0.5064828991889954,660000.0,-0.01563796028494835,0.0012271776795387268,0.373032808303833,0.021235108375549316,0.00013854540884494781,2.1446125507354736,2583.4072265625,26.467918395996094,32.21541976928711,58.6833381652832,340.8122253417969
23.494091033935547,60.41999816894531,1000.0,33.0,0.719172477722168,0.022191567346453667,9.0,0.999387264251709,0.999387264251709,0.999387264251709,0.020531311631202698,0.00025919999461621046,0.4977770745754242,680000.0,-0.014881812036037445,0.0007561482489109039,-0.1645226627588272,0.020242905244231224,-0.0009922031313180923,2.1828432083129883,2640.17236328125,27.513607025146484,29.230785369873047,56.74439239501953,352.4577331542969
23.431785583496094,64.5999984741211,1000.0,34.0,0.7060441374778748,0.02014101669192314,8.0,0.9981605410575867,0.9981605410575867,0.9981605410575867,0.02058841846883297,0.0002579999854788184,0.4912199079990387,700000.0,-0.013736334629356861,0.001145477406680584,-0.2201583832502365,0.02118232101202011,0.000939415767788887,2.2071237564086914,2693.36572265625,27.6063175201416,25.564056396484375,53.17037582397461,376.1493225097656
23.6368350982666,65.37999725341797,1000.0,35.0,0.6894621253013611,0.02062378264963627,9.0,0.9970506429672241,0.9970506429672241,0.9970506429672241,0.020613115280866623,0.00025680000544525683,0.4830489158630371,720000.0,-0.015662258490920067,-0.0019259238615632057,0.2814272344112396,0.020484648644924164,-0.0006976723670959473,2.2489237785339355,2750.649658203125,27.484325408935547,29.778066635131836,57.26239013671875,349.2693786621094
23.769155502319336,68.18000030517578,1000.0,36.0,0.668738842010498,0.020206868648529053,7.0,0.9982192516326904,0.9982192516326904,0.9982192516326904,0.020700326189398766,0.0002555999963078648,0.4730631411075592,740000.0,-0.011922528967261314,0.0037397295236587524,-0.10103417932987213,0.01892867498099804,-0.0015559736639261246,2.2732317447662354,2799.341796875,25.312347412109375,23.35738182067871,48.66972732543945,410.93304443359375
23.739858627319336,61.7599983215332,1000.0,37.0,0.6584614515304565,0.020806025713682175,9.0,0.9980040788650513,0.9980040788650513,0.9980040788650513,0.021729793399572372,0.00025439998717047274,0.46821317076683044,760000.0,-0.013673693872988224,-0.0017511649057269096,0.1508266180753708,0.023866331204771996,0.004937656223773956,2.255932569503784,2855.135498046875,26.296873092651367,29.476181030273438,55.77305221557617,358.5960998535156
23.676441192626953,63.20000076293945,1000.0,38.0,0.6440476179122925,0.020226094871759415,7.0,0.9985953569412231,0.9985953569412231,0.9985953569412231,0.020663732662796974,0.00025320000713691115,0.46147844195365906,780000.0,-0.014851575717329979,-0.001177881844341755,-0.0860142782330513,0.021643029525876045,-0.0022233016788959503,2.295471429824829,2905.029541015625,26.192115783691406,23.65931510925293,49.85143280029297,401.19207763671875
23.970354080200195,63.29999923706055,1000.0,39.0,0.6329767107963562,0.028506850823760033,8.0,0.9974045157432556,0.9974045157432556,0.9974045157432556,0.021888744086027145,0.0002519999979995191,0.4563791751861572,800000.0,-0.015261511318385601,-0.0004099356010556221,-0.0005639758892357349,0.020155930891633034,-0.0014870986342430115,2.3335859775543213,2957.9443359375,25.28740119934082,27.606124877929688,52.893524169921875,378.11810302734375
24.179536819458008,64.9800033569336,1000.0,40.0,0.6144081950187683,0.023943500593304634,6.0,1.0002508163452148,1.0002508163452148,1.0002508163452148,0.020360762253403664,0.00025079998886212707,0.447984516620636,820000.0,-0.012075326405465603,0.003186184912919998,-0.46045103669166565,0.020353779196739197,0.00019784830510616302,2.3215653896331787,3002.768310546875,24.481382369995117,20.321374893188477,44.802757263183594,446.4010925292969
24.318187713623047,62.34000015258789,1000.0,41.0,0.606418251991272,0.020156852900981903,7.0,0.9973426461219788,0.9973426461219788,0.9973426461219788,0.020798731595277786,0.0002496000088285655,0.4444081783294678,840000.0,-0.013207560405135155,-0.0011322339996695518,-0.05037076771259308,0.021423177793622017,0.0010693985968828201,2.318345546722412,3053.08837890625,26.50385284423828,23.793956756591797,50.29886245727539,397.623291015625
24.18320083618164,56.68000030517578,1000.0,42.0,0.5941538214683533,0.020715387538075447,10.0,0.9969757795333862,0.9969757795333862,0.9969757795333862,0.02194363810122013,0.00024839999969117343,0.43900489807128906,860000.0,-0.0167444609105587,-0.003536900505423546,0.25170043110847473,0.019953813403844833,-0.0014693643897771835,2.3596572875976562,3113.537841796875,25.796707153320312,34.633758544921875,60.43046569824219,330.9588928222656
24.538671493530273,60.52000045776367,1000.0,43.0,0.5811853408813477,0.025535158812999725,8.0,0.9988626837730408,0.9988626837730408,0.9988626837730408,0.02240500971674919,0.0002471999905537814,0.4333644211292267,880000.0,-0.014270401559770107,0.0024740593507885933,0.06806375831365585,0.01951897330582142,-0.0004348400980234146,2.39988112449646,3166.15234375,24.65340805053711,27.938459396362305,52.59286880493164,380.2796936035156
24.6314640045166,59.540000915527344,1000.0,44.0,0.5682286024093628,0.022744350135326385,8.0,0.9960755109786987,0.9960755109786987,0.9960755109786987,0.021043483167886734,0.0002460000105202198,0.42779842019081116,900000.0,-0.015583975240588188,-0.001313573680818081,0.3245173692703247,0.01904352568089962,-0.0004754476249217987,2.4087231159210205,3217.496826171875,24.048974990844727,27.27449607849121,51.32347106933594,389.6852722167969
24.672157287597656,62.959999084472656,1000.0,45.0,0.5465316772460938,0.021420171484351158,7.0,0.9992037415504456,0.9992037415504456,0.9992037415504456,0.020933685824275017,0.00024480000138282776,0.4187411367893219,920000.0,-0.011646056547760963,0.003937918692827225,0.04877188056707382,0.01659392938017845,-0.0024495963007211685,2.4316396713256836,3266.329345703125,25.950414657592773,22.856834411621094,48.8072509765625,409.7751770019531
24.831586837768555,60.58000183105469,1000.0,46.0,0.5288023948669434,0.020011838525533676,7.0,0.9984419941902161,0.9984419941902161,0.9984419941902161,0.021315764635801315,0.00024360000679735094,0.41133439540863037,940000.0,-0.012007106095552444,-0.000361049547791481,-0.11246608197689056,0.018524670973420143,0.0019307415932416916,2.435270071029663,3316.77490234375,28.3812313079834,22.04417610168457,50.42641067504883,396.6175842285156
24.848180770874023,60.84000015258789,1000.0,47.0,0.5119335055351257,0.020644182339310646,6.0,0.9980204701423645,0.9980204701423645,0.9980204701423645,0.021319255232810974,0.0002423999976599589,0.4043128192424774,960000.0,-0.010285909287631512,0.0017211968079209328,-0.009949224069714546,0.01814611256122589,-0.000378558412194252,2.4550087451934814,3364.00341796875,28.307344436645508,18.896163940429688,47.20351028442383,423.69732666015625
25.106678009033203,55.15999984741211,1000.0,48.0,0.4993557035923004,0.021206345409154892,8.0,0.9963964819908142,0.9963964819908142,0.9963964819908142,0.021947821602225304,0.00024120000307448208,0.3991633355617523,980000.0,-0.01310107484459877,-0.0028151655569672585,0.2343730479478836,0.01582910679280758,-0.002317005768418312,2.497612714767456,3417.75390625,26.411914825439453,27.312936782836914,53.724849700927734,372.2672119140625
24.98339080810547,53.7599983215332,1000.0,49.0,0.48729678988456726,0.021173840388655663,8.0,0.9968645572662354,0.9968645572662354,0.9968645572662354,0.022192085161805153,0.00023999999393709004,0.3943510949611664,1000000.0,-0.012301170267164707,0.000799904577434063,0.1317802369594574,0.017313765361905098,0.001484658569097519,2.492699384689331,3471.6142578125,27.02569007873535,26.814537048339844,53.84025573730469,371.4692687988281
25.300485610961914,52.880001068115234,1000.0,50.0,0.4749019145965576,0.02360895462334156,8.0,0.9967811107635498,0.9967811107635498,0.9967811107635498,0.02204602025449276,0.00023879999935161322,0.38963982462882996,1020000.0,-0.013885759748518467,-0.0015845894813537598,-0.2458416223526001,0.01597662828862667,-0.0013371370732784271,2.5044925212860107,3524.485107421875,26.11650848388672,26.73335075378418,52.84986114501953,378.4305114746094
25.312318801879883,46.599998474121094,1000.0,51.0,0.4672415852546692,0.02024192363023758,2.0,0.9991415143013,0.9991415143013,0.9991415143013,0.02014930732548237,0.0002376000047661364,0.38664042949676514,1040000.0,0.00048327536205761135,0.014369035110576078,0.0814962089061737,0.016046442091464996,6.98138028383255e-05,2.533600091934204,3557.382080078125,26.07249641418457,6.804985046386719,32.87748336791992,608.319091796875
25.57064437866211,48.279998779296875,1000.0,52.0,0.4619235694408417,0.02321130596101284,10.0,0.9984758496284485,0.9984758496284485,0.9984758496284485,0.02253487892448902,0.00023639999562874436,0.3845912516117096,1060000.0,-0.012583310715854168,-0.01306658607791178,-1.914985477924347e-05,0.016489801928400993,0.000443359836935997,2.5522401332855225,3617.953857421875,27.242830276489258,33.31064224243164,60.553470611572266,330.2865905761719
25.70245361328125,51.97999954223633,1000.0,53.0,0.4511043131351471,0.021769776940345764,8.0,0.9967166781425476,0.9967166781425476,0.9967166781425476,0.022308796644210815,0.00023520000104326755,0.3806217610836029,1080000.0,-0.012659908272325993,-7.659755647182465e-05,0.11260180175304413,0.016718067228794098,0.00022826530039310455,2.559415340423584,3671.57373046875,26.796016693115234,26.80074691772461,53.59775161743164,373.14996337890625
25.568952560424805,51.97999954223633,1000.0,54.0,0.44052860140800476,0.030745575204491615,5.0,0.998310923576355,0.998310923576355,0.998310923576355,0.021531660109758377,0.00023400000645779073,0.37678760290145874,1100000.0,-0.008146029897034168,0.004513878375291824,-0.02061922661960125,0.017107054591178894,0.00038898736238479614,2.5582852363586426,3715.39306640625,27.244272232055664,16.551977157592773,43.797237396240234,456.6498107910156
25.427133560180664,51.880001068115234,1000.0,55.0,0.43262049555778503,0.020511966198682785,6.0,0.9981844425201416,0.9981844425201416,0.9981844425201416,0.020941922441124916,0.0002327999973203987,0.3736747205257416,1120000.0,-0.009964538738131523,-0.0018185088410973549,0.213629350066185,0.018231891095638275,0.001124836504459381,2.53841233253479,3762.708740234375,27.127960205078125,20.1702823638916,47.298240661621094,422.84869384765625
25.316797256469727,47.08000183105469,1000.0,56.0,0.42585429549217224,0.021323038265109062,7.0,0.9988970756530762,0.9988970756530762,0.9988970756530762,0.02152729220688343,0.00023160000273492187,0.3711135983467102,1140000.0,-0.010779911652207375,-0.0008153729140758514,-0.15020455420017242,0.01778005249798298,-0.0004518385976552963,2.54618501663208,3813.022705078125,27.412944793701172,22.882450103759766,50.29539489746094,397.6507263183594
25.452375411987305,45.13999938964844,1000.0,57.0,0.41556257009506226,0.023030657321214676,9.0,0.998615562915802,0.998615562915802,0.998615562915802,0.02218795008957386,0.00023039999359752983,0.36731693148612976,1160000.0,-0.013363937847316265,-0.0025840261951088905,-0.05710004270076752,0.019361624494194984,0.0015815719962120056,2.5392870903015137,3870.796142578125,27.822093963623047,29.93146324157715,57.75355911254883,346.29901123046875
25.676420211791992,45.79999923706055,1000.0,58.0,0.4058736562728882,0.021153567358851433,7.0,0.9990760087966919,0.9990760087966919,0.9990760087966919,0.021500807255506516,0.000229199999012053,0.36381667852401733,1180000.0,-0.011973870918154716,0.0013900669291615486,-0.09218757599592209,0.018154682591557503,-0.0012069419026374817,2.5887012481689453,3921.964111328125,27.603044509887695,23.541336059570312,51.144378662109375,391.0498046875
25.970870971679688,48.36000061035156,1000.0,59.0,0.38997358083724976,0.024571053683757782,5.0,0.9996242523193359,0.9996242523193359,0.9996242523193359,0.021387916058301926,0.0002280000044265762,0.3582276701927185,1200000.0,-0.008350033313035965,0.0036238376051187515,0.31801342964172363,0.016953345388174057,-0.0012013372033834457,2.582880973815918,3964.926513671875,25.9180908203125,17.024375915527344,42.942466735839844,465.73944091796875
25.9829044342041,51.02000045776367,1000.0,60.0,0.373726487159729,0.020315060392022133,5.0,0.9986021518707275,0.9986021518707275,0.9986021518707275,0.02050083316862583,0.00022679999528918415,0.35247373580932617,1220000.0,-0.007121080532670021,0.001228952780365944,-0.22477814555168152,0.016131000593304634,-0.0008223447948694229,2.5860865116119385,4008.3095703125,25.56882095336914,17.7943115234375,43.36313247680664,461.2213134765625
25.808565139770508,54.060001373291016,1000.0,61.0,0.3679598569869995,0.02127748914062977,5.0,0.997596800327301,0.997596800327301,0.997596800327301,0.020792244002223015,0.00022560000070370734,0.35027503967285156,1240000.0,-0.007657787762582302,-0.000536707229912281,-0.25697171688079834,0.017620479688048363,0.0014894790947437286,2.5753209590911865,4051.87646484375,26.909202575683594,16.638713836669922,43.547916412353516,459.26422119140625
25.57831382751465,59.63999938964844,1000.0,62.0,0.35571229457855225,0.020135167986154556,7.0,0.9965744614601135,0.9965744614601135,0.9965744614601135,0.022604763507843018,0.00022440000611823052,0.34588631987571716,1260000.0,-0.011805549263954163,-0.0041477615013718605,-0.13843081891536713,0.018750686198472977,0.001130206510424614,2.5765395164489746,4102.43212890625,27.395477294921875,23.14080047607422,50.536277770996094,395.75531005859375
25.4554500579834,57.220001220703125,1000.0,63.0,0.3427397310733795,0.020335804671049118,7.0,0.9988548159599304,0.9988548159599304,0.9988548159599304,0.023300545290112495,0.00022319999698083848,0.34141337871551514,1280000.0,-0.011146441102027893,0.0006591081619262695,0.04261627048254013,0.016634942963719368,-0.0021157432347536087,2.5949363708496094,4153.783203125,26.397171020507812,24.931163787841797,51.32833480834961,389.6483154296875
25.470033645629883,51.619998931884766,1000.0,64.0,0.33850914239883423,0.023824909701943398,5.0,0.9976146817207336,0.9976146817207336,0.9976146817207336,0.020810525864362717,0.00022200000239536166,0.34015148878097534,1300000.0,-0.007132194470614195,0.004014246631413698,0.12921704351902008,0.01686719059944153,0.00023224763572216034,2.5909242630004883,4197.380859375,24.62961769104004,18.947824478149414,43.57744216918945,458.9530334472656
25.6126651763916,49.91999816894531,1000.0,65.0,0.32804837822914124,0.02234288491308689,7.0,0.996724009513855,0.996724009513855,0.996724009513855,0.02215326763689518,0.00022079999325796962,0.3368157744407654,1320000.0,-0.011015531606972218,-0.0038833371363580227,-0.21111591160297394,0.018329547718167305,0.0014623571187257767,2.60922908782959,4245.826171875,22.938255310058594,25.488933563232422,48.427188873291016,412.99114990234375
25.740032196044922,54.86000061035156,1000.0,66.0,0.3167453110218048,0.022864649072289467,8.0,0.996065080165863,0.996065080165863,0.996065080165863,0.0224442221224308,0.0002195999986724928,0.33315005898475647,1340000.0,-0.013345574960112572,-0.002330043353140354,0.277902752161026,0.015460748225450516,-0.0028687994927167892,2.610152244567871,4298.85302734375,26.28278350830078,26.719818115234375,53.002601623535156,377.3399658203125
25.547468185424805,52.36000061035156,1000.0,67.0,0.3077232241630554,0.0229459498077631,6.0,0.9995464086532593,0.9995464086532593,0.9995464086532593,0.02229418233036995,0.00021840000408701599,0.3301027715206146,1360000.0,-0.006720132194459438,0.006625442765653133,0.053565576672554016,0.018097328022122383,0.0026365797966718674,2.5642685890197754,4345.642578125,27.11592674255371,19.645748138427734,46.76167297363281,427.70068359375
25.484699249267578,50.459999084472656,1000.0,68.0,0.30654487013816833,0.020614832639694214,5.0,0.9999130368232727,0.9999130368232727,0.9999130368232727,0.02143835462629795,0.00021719999494962394,0.3296605944633484,1380000.0,-0.006824647542089224,-0.00010451534762978554,-0.014539461582899094,0.01648988202214241,-0.0016074459999799728,2.5964837074279785,4389.72998046875,28.40912437438965,15.659753799438477,44.068878173828125,453.83502197265625
24.970678329467773,44.720001220703125,1000.0,69.0,0.30173027515411377,0.02281925268471241,5.0,1.0001846551895142,1.0001846551895142,1.0001846551895142,0.02078983187675476,0.00021600000036414713,0.3280300199985504,1400000.0,-0.002766657853499055,0.004057989688590169,0.04614480584859848,0.016852324828505516,0.0003624428063631058,2.566455125808716,4435.228515625,27.688724517822266,17.7908992767334,45.4796257019043,439.7573547363281
25.352619171142578,47.20000076293945,1000.0,70.0,0.29207226634025574,0.021880462765693665,6.0,0.997528612613678,0.997528612613678,0.997528612613678,0.02057354338467121,0.0002148000057786703,0.3248744606971741,1420000.0,-0.010444995947182178,-0.007678338093683124,-0.06956042349338531,0.01728714443743229,0.00043481960892677307,2.6037099361419678,4482.021484375,25.56253433227539,21.210634231567383,46.77316665649414,427.5955810546875
25.56841468811035,53.959999084472656,1000.0,71.0,0.285793662071228,0.02270044945180416,9.0,0.997901439666748,0.997901439666748,0.997901439666748,0.022681845352053642,0.00021359999664127827,0.3226845860481262,1440000.0,-0.015755224972963333,-0.005310229025781155,0.1649288684129715,0.01726066879928112,-2.6475638151168823e-05,2.5856950283050537,4538.455078125,25.798364639282227,30.61129379272461,56.40966033935547,354.5492248535156
25.9943904876709,57.7400016784668,1000.0,72.0,0.27748098969459534,0.021264459937810898,7.0,0.997852087020874,0.997852087020874,0.997852087020874,0.023054637014865875,0.00021240000205580145,0.31990349292755127,1460000.0,-0.012202649377286434,0.003552575595676899,0.25145697593688965,0.01615576259791851,-0.0011049062013626099,2.60742449760437,4589.28515625,27.227569580078125,23.58267593383789,50.810245513916016,393.62139892578125
26.068946838378906,62.439998626708984,1000.0,73.0,0.2686236798763275,0.020030304789543152,7.0,0.9989545941352844,0.9989545941352844,0.9989545941352844,0.020960653200745583,0.0002111999929184094,0.31708964705467224,1480000.0,-0.012742817401885986,-0.0005401680245995522,0.48525893688201904,0.017594005912542343,0.0014382433146238327,2.603771209716797,4640.8896484375,26.947540283203125,24.636804580688477,51.584346771240234,387.71453857421875
25.723796844482422,63.29999923706055,1000.0,74.0,0.251152902841568,0.02228124812245369,6.0,0.9999980926513672,0.9999980926513672,0.9999980926513672,0.022226454690098763,0.0002099999983329326,0.31149959564208984,1500000.0,-0.008053440600633621,0.004689376801252365,0.1135694608092308,0.01819261536002159,0.000598609447479248,2.596529722213745,4687.462890625,26.02545738220215,20.52777671813965,46.5532341003418,429.6156921386719
25.743501663208008,57.13999938964844,1000.0,75.0,0.23194926977157593,0.025134796276688576,6.0,0.9989933967590332,0.9989933967590332,0.9989933967590332,0.021348297595977783,0.00020880000374745578,0.30552175641059875,1520000.0,-0.011195898056030273,-0.0031424574553966522,0.013121306896209717,0.018403716385364532,0.00021110102534294128,2.6244258880615234,4734.365234375,27.126598358154297,19.75672149658203,46.88331985473633,426.5909729003906
25.618759155273438,55.939998626708984,1000.0,76.0,0.22583156824111938,0.02093755453824997,8.0,0.997771143913269,0.997771143913269,0.997771143913269,0.026476066559553146,0.00020759999461006373,0.30375561118125916,1540000.0,-0.012602574191987514,-0.001406676135957241,0.07404667139053345,0.015811949968338013,-0.0025917664170265198,2.628708839416504,4789.18115234375,27.9332218170166,26.86402130126953,54.7972412109375,364.98187255859375
25.8901309967041,51.5,1000.0,77.0,0.22150146961212158,0.02167968824505806,5.0,1.0001757144927979,1.0001757144927979,1.0001757144927979,0.021715331822633743,0.00020640000002458692,0.30244073271751404,1560000.0,-0.008510624058544636,0.004091950133442879,-0.3809144198894501,0.015995081514120102,0.00018313154578208923,2.6246213912963867,4834.1435546875,28.545886993408203,16.385730743408203,44.931617736816406,445.120849609375
25.7723331451416,50.79999923706055,1000.0,78.0,0.20882628858089447,0.023856671527028084,5.0,0.9993674159049988,0.9993674159049988,0.9993674159049988,0.020810944959521294,0.0002052000054391101,0.29866930842399597,1580000.0,-0.009537736885249615,-0.001027112826704979,0.2942456007003784,0.015962261706590652,-3.281980752944946e-05,2.628310203552246,4878.841796875,27.77937126159668,16.89928436279297,44.67865753173828,447.64105224609375
25.885391235351562,46.540000915527344,1000.0,79.0,0.19696645438671112,0.020603682845830917,7.0,0.9975752830505371,0.9975752830505371,0.9975752830505371,0.02248098887503147,0.00020399999630171806,0.29516473412513733,1600000.0,-0.012255661189556122,-0.002717924304306507,0.015100743621587753,0.01458483375608921,-0.001377427950501442,2.6331660747528076,4928.5654296875,26.021881103515625,23.68397331237793,49.70585250854492,402.3670959472656
26.027345657348633,46.939998626708984,1000.0,80.0,0.18424972891807556,0.0200360007584095,5.0,0.99831223487854,0.99831223487854,0.99831223487854,0.021777940914034843,0.00020280000171624124,0.29141533374786377,1620000.0,-0.008181223645806313,0.004074437543749809,0.009080752730369568,0.01784735918045044,0.003262525424361229,2.6139590740203857,4972.4794921875,26.355009078979492,17.538476943969727,43.89348602294922,455.6484680175781
26.130470275878906,51.2400016784668,1000.0,81.0,0.17057210206985474,0.024989672005176544,5.0,0.9971752762794495,0.9971752762794495,0.9971752762794495,0.021727362647652626,0.00020160000713076442,0.2874670922756195,1640000.0,-0.009199916385114193,-0.0010186927393078804,-0.29491278529167175,0.01720115728676319,-0.0006462018936872482,2.6305229663848877,5015.6455078125,26.799335479736328,16.34160041809082,43.14093780517578,463.5968017578125
26.20770263671875,56.939998626708984,1000.0,82.0,0.1631915271282196,0.021754631772637367,4.0,0.9970264434814453,0.9970264434814453,0.9970264434814453,0.021266156807541847,0.00020039999799337238,0.2852935791015625,1660000.0,-0.005656525958329439,0.003543390426784754,-0.1380051076412201,0.018532807007431984,0.0013316497206687927,2.6309874057769775,5056.71826171875,28.131916046142578,12.91488265991211,41.04679870605469,487.24871826171875
26.123435974121094,60.619998931884766,1000.0,83.0,0.15482226014137268,0.020034322515130043,5.0,0.9968627691268921,0.9968627691268921,0.9968627691268921,0.02164018340408802,0.00019920000340789557,0.2828553020954132,1680000.0,-0.008527764119207859,-0.00287123816087842,-0.05968589335680008,0.01675698161125183,-0.001775825396180153,2.605966806411743,5101.32080078125,27.407896041870117,17.17793846130371,44.58583450317383,448.5729675292969
26.114633560180664,61.31999969482422,1000.0,84.0,0.1424059271812439,0.024962792173027992,7.0,0.996439516544342,0.996439516544342,0.996439516544342,0.02261458896100521,0.00019799999427050352,0.27942049503326416,1700000.0,-0.01180216483771801,-0.003274400718510151,-0.31068167090415955,0.016169831156730652,-0.0005871504545211792,2.6185317039489746,5151.1806640625,25.288162231445312,24.55243492126465,49.840599060058594,401.279296875
26.064096450805664,58.099998474121094,1000.0,85.0,0.1397237926721573,0.02189726196229458,4.0,0.9979420900344849,0.9979420900344849,0.9979420900344849,0.021166587248444557,0.0001967999996850267,0.27862823009490967,1720000.0,-0.006359484046697617,0.005442680791020393,0.008778207004070282,0.015901699662208557,-0.0002681314945220947,2.6158344745635986,5191.548828125,25.83249282836914,14.510133743286133,40.34262466430664,495.7535400390625
25.746826171875,56.959999084472656,1000.0,86.0,0.14281229674816132,0.021287154406309128,7.0,0.9997678995132446,0.9997678995132446,0.9997678995132446,0.021967299282550812,0.0001956000050995499,0.27952802181243896,1740000.0,-0.005869019776582718,0.0004904642701148987,-0.16291627287864685,0.018292589113116264,0.002390889450907707,2.6204848289489746,5241.96728515625,26.62356185913086,23.77105712890625,50.39461898803711,396.8677673339844
25.58138656616211,50.380001068115234,1000.0,87.0,0.14226821064949036,0.027004078030586243,6.0,0.9984420537948608,0.9984420537948608,0.9984420537948608,0.02106349729001522,0.00019439999596215785,0.27934184670448303,1760000.0,-0.009984884411096573,-0.004115864634513855,0.055835798382759094,0.015482882969081402,-0.0028097061440348625,2.6420722007751465,5290.388671875,27.747936248779297,20.653339385986328,48.401275634765625,413.21221923828125
25.694791793823242,56.540000915527344,1000.0,88.0,0.13160854578018188,0.021192261949181557,7.0,0.9970317482948303,0.9970317482948303,0.9970317482948303,0.022489765658974648,0.00019320000137668103,0.2764148712158203,1780000.0,-0.011282544583082199,-0.0012976601719856262,-0.22489090263843536,0.016790615394711494,0.0013077324256300926,2.639305353164673,5342.01220703125,27.969511032104492,23.63425064086914,51.60443115234375,387.5635986328125
26.307758331298828,54.459999084472656,1000.0,89.0,0.11507176607847214,0.024982262402772903,5.0,1.0001200437545776,1.0001200437545776,1.0001200437545776,0.021797161549329758,0.00019200000679120421,0.2718428373336792,1800000.0,-0.008477477356791496,0.002805067226290703,-0.1446252018213272,0.017078924924135208,0.0002883095294237137,2.6304662227630615,5386.42041015625,26.54331398010254,17.84364891052246,44.386962890625,450.582763671875
26.4932861328125,55.86000061035156,1000.0,90.0,0.11059732735157013,0.020675310865044594,6.0,0.9957351684570312,0.9957351684570312,0.9957351684570312,0.022918863222002983,0.00019079999765381217,0.27061545848846436,1820000.0,-0.009712890721857548,-0.0012354133650660515,0.36919042468070984,0.01962251402437687,0.002543589100241661,2.6328160762786865,5433.986328125,26.448183059692383,21.085947036743164,47.53413009643555,420.75030517578125
26.560527801513672,54.279998779296875,1000.0,91.0,0.10392213612794876,0.021843411028385162,6.0,0.9983664155006409,0.9983664155006409,0.9983664155006409,0.02182598039507866,0.00018960000306833535,0.2688237428665161,1840000.0,-0.011445763520896435,-0.001732872799038887,-0.11335810273885727,0.016084743663668633,-0.0035377703607082367,2.6489875316619873,5480.544921875,25.470674514770508,21.06656265258789,46.537235260009766,429.7633972167969
26.391042709350586,46.63999938964844,1000.0,92.0,0.09674988687038422,0.022577719762921333,5.0,0.9984893798828125,0.9984893798828125,0.9984893798828125,0.021350454539060593,0.0001883999939309433,0.2669181525707245,1860000.0,-0.008020251989364624,0.0034255115315318108,-0.3754841089248657,0.015676138922572136,-0.0004086047410964966,2.6335902214050293,5524.98828125,27.60654640197754,16.8073787689209,44.41392517089844,450.3092041015625
26.253952026367188,46.84000015258789,1000.0,93.0,0.09023194015026093,0.02096768468618393,5.0,0.9978774785995483,0.9978774785995483,0.9978774785995483,0.02205595001578331,0.0001871999993454665,0.2651365101337433,1880000.0,-0.009671906940639019,-0.001651654951274395,-0.2591683268547058,0.015577269718050957,-9.88692045211792e-05,2.642683982849121,5569.640625,26.926162719726562,17.703611373901367,44.6297721862793,448.1313171386719
26.306659698486328,49.900001525878906,1000.0,94.0,0.08110364526510239,0.020099559798836708,5.0,0.9976298809051514,0.9976298809051514,0.9976298809051514,0.020510759204626083,0.00018600000475998968,0.262709379196167,1900000.0,-0.007960040122270584,0.001711866818368435,-0.08315981924533844,0.0146328778937459,-0.0009443918243050575,2.6478617191314697,5614.6513671875,26.78690528869629,18.204002380371094,44.99090576171875,444.5342712402344
26.35333251953125,49.959999084472656,1000.0,95.0,0.07031041383743286,0.021336035802960396,6.0,0.9971399903297424,0.9971399903297424,0.9971399903297424,0.02088169753551483,0.00018479999562259763,0.2598007023334503,1920000.0,-0.008990033529698849,-0.0010299934074282646,-0.1358116865158081,0.018669573590159416,0.004036695696413517,2.642329692840576,5661.94140625,25.787118911743164,21.48394775390625,47.27106857299805,423.0917663574219
26.268320083618164,51.2599983215332,1000.0,96.0,0.058617983013391495,0.020499758422374725,5.0,0.9991139769554138,0.9991139769554138,0.9991139769554138,0.02184423618018627,0.00018360000103712082,0.2567410469055176,1940000.0,-0.009259847924113274,-0.0002698143944144249,-0.07424841076135635,0.016303809359669685,-0.002365764230489731,2.6380279064178467,5705.99951171875,25.599048614501953,18.4397029876709,44.03874969482422,454.1455078125
26.473417282104492,49.119998931884766,1000.0,97.0,0.0443589985370636,0.021619407460093498,6.0,0.9983572363853455,0.9983572363853455,0.9983572363853455,0.021639034152030945,0.000182400006451644,0.253138929605484,1960000.0,-0.009646237827837467,-0.0003863899037241936,-0.19889898598194122,0.01721101813018322,0.0009072087705135345,2.634974479675293,5753.10205078125,26.849403381347656,20.229503631591797,47.07890701293945,424.8186950683594
26.5670166015625,53.720001220703125,1000.0,98.0,0.0323953703045845,0.023825494572520256,7.0,0.9978942275047302,0.9978942275047302,0.9978942275047302,0.022249065339565277,0.00018119999731425196,0.25009089708328247,1980000.0,-0.01036805473268032,-0.0007218169048428535,-0.2189742624759674,0.017137005925178528,-7.401220500469208e-05,2.6482417583465576,5804.2822265625,27.86383056640625,23.296401977539062,51.161231994628906,390.9210205078125
26.569435119628906,59.08000183105469,1000.0,99.0,0.020838908851146698,0.022220229730010033,6.0,0.9969791769981384,0.9969791769981384,0.9969791769981384,0.02255137264728546,0.00018000000272877514,0.24718821048736572,2000000.0,-0.009449116885662079,0.0009189378470182419,-0.0700213760137558,0.01701386831700802,-0.00012313760817050934,2.6493239402770996,5852.1220703125,27.404298782348633,20.41020965576172,47.81550598144531,418.2743835449219
26.524015426635742,57.119998931884766,1000.0,100.0,0.014012634754180908,0.021749544888734818,6.0,0.9972779154777527,0.9972779154777527,0.9972779154777527,0.022747794166207314,0.0001787999935913831,0.24545420706272125,2020000.0,-0.01126130297780037,-0.0018121860921382904,-0.06617330014705658,0.017387470230460167,0.00037360191345214844,2.657853841781616,5900.21728515625,27.334228515625,20.73957061767578,48.07379913330078,416.0270080566406
26.397266387939453,50.36000061035156,1000.0,101.0,0.003511753398925066,0.020949140191078186,6.0,0.9986736178398132,0.9986736178398132,0.9986736178398132,0.021635575219988823,0.00017759999900590628,0.24292440712451935,2040000.0,-0.009273245930671692,0.0019880570471286774,-0.170296311378479,0.016869664192199707,-0.0005178060382604599,2.6749014854431152,5947.3515625,26.32994270324707,20.78599739074707,47.11594009399414,424.48480224609375
26.42950439453125,44.119998931884766,1000.0,102.0,-0.003254896029829979,0.021030567586421967,3.0,0.9999240636825562,0.9999240636825562,0.9999240636825562,0.02131553553044796,0.00017640000442042947,0.24130190908908844,2060000.0,-0.0036219023168087006,0.005651343613862991,-0.16074258089065552,0.017017221078276634,0.00014755688607692719,2.65928316116333,5984.3115234375,26.182422637939453,10.75733757019043,36.93975830078125,541.4220581054688
26.374160766601562,45.599998474121094,1000.0,103.0,-0.007921658456325531,0.02086871676146984,7.0,0.9967743754386902,0.9967743754386902,0.9967743754386902,0.021940059959888458,0.00017519999528303742,0.24015620350837708,2080000.0,-0.009781528264284134,-0.006159625947475433,-0.007825206965208054,0.01708795689046383,7.073581218719482e-05,2.658878803253174,6035.24072265625,27.53045082092285,23.379549026489258,50.90999984741211,392.8501281738281
26.419157028198242,53.97999954223633,1000.0,104.0,-0.014516168273985386,0.0224707443267107,5.0,0.9971210956573486,0.9971210956573486,0.9971210956573486,0.022221526131033897,0.0001740000006975606,0.23863562941551208,2100000.0,-0.009082643315196037,0.0006988849490880966,-0.13966694474220276,0.01880725286900997,0.0017192959785461426,2.658956527709961,6079.36572265625,27.314207077026367,16.786170959472656,44.10137939453125,453.5005798339844
26.56439971923828,52.939998626708984,1000.0,105.0,-0.024703163653612137,0.02076162025332451,4.0,0.9988766312599182,0.9988766312599182,0.9988766312599182,0.021540382876992226,0.0001728000061120838,0.23621514439582825,2120000.0,-0.006653002463281155,0.0024296408519148827,-0.10228215157985687,0.01862150803208351,-0.00018574483692646027,2.6739542484283447,6120.8544921875,27.540807723999023,13.929011344909668,41.469818115234375,482.2784423828125
26.43360137939453,51.20000076293945,1000.0,106.0,-0.03473653271794319,0.021821431815624237,7.0,0.9985650181770325,0.9985650181770325,0.9985650181770325,0.02291812375187874,0.00017159999697469175,0.23386399447917938,2140000.0,-0.01081070676445961,-0.004157704301178455,0.11119943857192993,0.017063429579138756,-0.0015580784529447556,2.676978588104248,6171.29541015625,25.59231185913086,24.830167770385742,50.422481536865234,396.6484680175781
26.457033157348633,50.15999984741211,1000.0,107.0,-0.04499305412173271,0.021641060709953308,7.0,0.9959661364555359,0.9959661364555359,0.9959661364555359,0.023126130923628807,0.00017040000238921493,0.23146918416023254,2160000.0,-0.012534162029623985,-0.0017234552651643753,-0.08844585716724396,0.016438916325569153,-0.000624513253569603,2.6662797927856445,6221.30078125,24.898616790771484,25.088159561157227,49.986778259277344,400.1058044433594
26.4455509185791,56.400001525878906,1000.0,108.0,-0.05207626149058342,0.021654037758708,5.0,0.9968575835227966,0.9968575835227966,0.9968575835227966,0.02297391928732395,0.0001691999932518229,0.2298314869403839,2180000.0,-0.008415335789322853,0.004118826240301132,-0.06942309439182281,0.01710006222128868,0.0006611458957195282,2.6716926097869873,6264.57763671875,25.95805549621582,17.298954010009766,43.25700759887695,462.3528137207031
26.517499923706055,62.91999816894531,1000.0,109.0,-0.05977838858962059,0.02354811318218708,5.0,0.998530924320221,0.998530924320221,0.998530924320221,0.02163497731089592,0.00016799999866634607,0.2280682474374771,2200000.0,-0.007811380084604025,0.0006039557047188282,-0.1635030210018158,0.01524539478123188,-0.0018546674400568008,2.681295394897461,6308.6708984375,27.49407196044922,16.574947357177734,44.06901931762695,453.83355712890625
26.38799285888672,64.36000061035156,1000.0,110.0,-0.06953244656324387,0.02142723836004734,5.0,0.9958483576774597,0.9958483576774597,0.9958483576774597,0.022263914346694946,0.00016680000408086926,0.22583132982254028,2220000.0,-0.008930059149861336,-0.0011186790652573109,-0.17338722944259644,0.014965415932238102,-0.00027997884899377823,2.6945650577545166,6353.25830078125,28.111371994018555,16.457050323486328,44.56842041015625,448.74822998046875
26.287107467651367,52.720001220703125,1000.0,111.0,-0.07500626891851425,0.020976053550839424,4.0,0.9974342584609985,0.9974342584609985,0.9974342584609985,0.021629976108670235,0.0001655999949434772,0.22457019984722137,2240000.0,-0.0069391462020576,0.0019909129478037357,0.21044331789016724,0.01767103560268879,0.0027056196704506874,2.681309461593628,6394.8388671875,28.026525497436523,13.536853790283203,41.56338119506836,481.19281005859375
26.16934585571289,52.47999954223633,1000.0,112.0,-0.08133699744939804,0.021595802158117294,5.0,0.9972202181816101,0.9972202181816101,0.9972202181816101,0.021395856514573097,0.0001644000003580004,0.22312942147254944,2260000.0,-0.009375999681651592,-0.0024368534795939922,0.1038447692990303,0.015234257094562054,-0.0024367785081267357,2.667532444000244,6438.57275390625,25.435230255126953,18.279958724975586,43.7161865234375,457.4964294433594
26.11699867248535,54.68000030517578,1000.0,113.0,-0.08662746101617813,0.02088322304189205,5.0,0.9963422417640686,0.9963422417640686,0.9963422417640686,0.021992607042193413,0.00016320000577252358,0.2219562828540802,2280000.0,-0.007185331080108881,0.0021906686015427113,0.4768735468387604,0.016910500824451447,0.0016762437298893929,2.6710498332977295,6480.84375,24.57435417175293,17.677156448364258,42.25251388549805,473.3446044921875
26.23614501953125,58.560001373291016,1000.0,114.0,-0.09352454543113708,0.02394789457321167,6.0,0.997747540473938,0.997747540473938,0.997747540473938,0.02183673158288002,0.00016199999663513154,0.2204369753599167,2300000.0,-0.011056999675929546,-0.0038716685958206654,0.07151652872562408,0.015584545210003853,-0.0013259556144475937,2.6524264812469482,6528.50390625,26.312421798706055,21.328805923461914,47.64122772216797,419.804443359375
26.296972274780273,57.060001373291016,1000.0,115.0,-0.10588791221380234,0.022010544314980507,5.0,0.9983497262001038,0.9983497262001038,0.9983497262001038,0.02153085358440876,0.00016080000204965472,0.2177291363477707,2320000.0,-0.00796384084969759,0.0030931588262319565,0.42245036363601685,0.015932997688651085,0.00034845247864723206,2.6731648445129395,6572.20556640625,26.938072204589844,16.743810653686523,43.681884765625,457.855712890625
26.504167556762695,55.2599983215332,1000.0,116.0,-0.12031083554029465,0.0219501294195652,4.0,0.9988958835601807,0.9988958835601807,0.9988958835601807,0.022372690960764885,0.00015959999291226268,0.21459975838661194,2340000.0,-0.006618790794163942,0.0013450500555336475,0.03178542107343674,0.017854152247309685,0.0019211545586585999,2.668715238571167,6611.8525390625,26.167259216308594,13.459572792053223,39.6268310546875,504.7085266113281
26.636768341064453,51.58000183105469,1000.0,117.0,-0.1298559308052063,0.021532168611884117,3.0,0.9992067217826843,0.9992067217826843,0.9992067217826843,0.020195022225379944,0.00015839999832678586,0.21254901587963104,2360000.0,-0.005585723090916872,0.0010330677032470703,0.4507155120372772,0.017447015270590782,-0.0004071369767189026,2.6743500232696533,6648.27294921875,26.294416427612305,10.108376502990723,36.402793884277344,549.4083862304688
26.75156021118164,47.400001525878906,1000.0,118.0,-0.13770492374897003,0.020617369562387466,4.0,0.9976745247840881,0.9976745247840881,0.9976745247840881,0.022808341309428215,0.00015720000374130905,0.21088506281375885,2380000.0,-0.005820112302899361,-0.00023438921198248863,0.08666431903839111,0.017048073932528496,-0.0003989413380622864,2.6880123615264893,6687.78564453125,26.445552825927734,13.049430847167969,39.4949836730957,506.3934326171875
26.56820297241211,44.7599983215332,1000.0,119.0,-0.14682531356811523,0.022558536380529404,5.0,0.9974526762962341,0.9974526762962341,0.9974526762962341,0.022238267585635185,0.000155999994603917,0.20897860825061798,2400000.0,-0.007565851788967848,-0.0017457394860684872,-0.04489009827375412,0.01726732775568962,0.00021925382316112518,2.6824703216552734,6732.265625,28.269309997558594,16.191715240478516,44.46102523803711,449.8321838378906
26.445432662963867,48.560001373291016,1000.0,120.0,-0.14859311282634735,0.020183846354484558,3.0,0.9989172220230103,0.9989172220230103,0.9989172220230103,0.022740239277482033,0.0001548000000184402,0.20860794186592102,2420000.0,0.0009790968615561724,0.00854494865052402,0.16293710470199585,0.019115597009658813,0.0018482692539691925,2.6801581382751465,6769.9462890625,27.256702423095703,10.40584945678711,37.66255187988281,531.031494140625
26.118270874023438,46.540000915527344,1000.0,121.0,-0.1496386080980301,0.027148885652422905,2.0,1.0004003047943115,1.0004003047943115,1.0004003047943115,0.022344399243593216,0.00015360000543296337,0.2083771973848343,2440000.0,0.006973583251237869,0.005994486389681697,0.041184794157743454,0.023661281913518906,0.004545684903860092,2.6555330753326416,6802.61962890625,25.211177825927734,7.436034679412842,32.647212982177734,612.6097412109375
26.15155792236328,53.439998626708984,1000.0,122.0,-0.154265895485878,0.02109372988343239,6.0,0.9977095723152161,0.9977095723152161,0.9977095723152161,0.020964855328202248,0.00015239999629557133,0.20742064714431763,2460000.0,-0.009607751853764057,-0.016581335105001926,-0.160561203956604,0.017515718936920166,-0.00614556297659874,2.6989386081695557,6850.89794921875,27.937286376953125,20.322832107543945,48.2601203918457,414.4208679199219
26.197864532470703,52.060001373291016,1000.0,123.0,-0.16497673094272614,0.020712323486804962,6.0,0.9972978234291077,0.9972978234291077,0.9972978234291077,0.02053290233016014,0.0001512000017100945,0.20522905886173248,2480000.0,-0.01065228320658207,-0.0010445313528180122,-0.00628788024187088,0.015930794179439545,-0.0015849247574806213,2.6722795963287354,6899.35986328125,27.74300193786621,20.698945999145508,48.44294738769531,412.8567810058594
25.996686935424805,52.52000045776367,1000.0,124.0,-0.17774035036563873,0.021769128739833832,6.0,0.9968321919441223,0.9968321919441223,0.9968321919441223,0.022749563679099083,0.0001500000071246177,0.20263665914535522,2500000.0,-0.009703914634883404,0.0009483685716986656,0.015632521361112595,0.017107101157307625,0.0011763069778680801,2.6821980476379395,6947.29541015625,27.717939376831055,20.1986141204834,47.91655349731445,417.39227294921875
26.412700653076172,44.31999969482422,1000.0,125.0,-0.18648016452789307,0.021864384412765503,6.0,0.9972741007804871,0.9972741007804871,0.9972741007804871,0.022771289572119713,0.00014879999798722565,0.20087167620658875,2520000.0,-0.010652290657162666,-0.0009483760222792625,0.29904627799987793,0.017250046133995056,0.00014294497668743134,2.6797680854797363,6994.3759765625,26.353168487548828,20.70766258239746,47.060829162597656,424.98187255859375
26.44367218017578,48.70000076293945,1000.0,126.0,-0.19540546834468842,0.024646993726491928,7.0,0.997059166431427,0.997059166431427,0.997059166431427,0.02210059203207493,0.00014760000340174884,0.1990719437599182,2540000.0,-0.011019804514944553,-0.00036751385778188705,0.1267734169960022,0.015675604343414307,-0.0015744417905807495,2.6832215785980225,7044.775390625,26.943647384643555,23.43643569946289,50.38008499145508,396.9822692871094
26.613449096679688,48.13999938964844,1000.0,127.0,-0.20135386288166046,0.020119603723287582,4.0,0.9988695979118347,0.9988695979118347,0.9988695979118347,0.022350294515490532,0.0001463999942643568,0.1978909820318222,2560000.0,-0.006731996312737465,0.0042878082022070885,-0.08517348766326904,0.016174912452697754,0.0004993081092834473,2.6919519901275635,7084.3359375,26.059112548828125,13.481133460998535,39.540245056152344,505.813720703125
26.5989990234375,53.31999969482422,1000.0,128.0,-0.20938588678836823,0.0207053255289793,6.0,0.9966164827346802,0.9966164827346802,0.9966164827346802,0.02207835763692856,0.00014519999967887998,0.1963035613298416,2580000.0,-0.00982305221259594,-0.0030910558998584747,0.14926576614379883,0.016320180147886276,0.00014526769518852234,2.6915526390075684,7131.8740234375,27.924821853637695,19.59436798095703,47.51919174194336,420.8825988769531
26.820837020874023,48.58000183105469,1000.0,129.0,-0.22099755704402924,0.02158416621387005,5.0,0.9961444735527039,0.9961444735527039,0.9961444735527039,0.022469284012913704,0.00014400000509340316,0.19402186572551727,2600000.0,-0.009620768018066883,0.00020228419452905655,-0.018562261015176773,0.018497833982110023,0.0021776538342237473,2.7189316749572754,7176.85009765625,28.583614349365234,16.369569778442383,44.953182220458984,444.9073181152344
26.82689666748047,49.70000076293945,1000.0,130.0,-0.23187468945980072,0.023860471323132515,6.0,0.9980985522270203,0.9980985522270203,0.9980985522270203,0.023137232288718224,0.00014279999595601112,0.1919228434562683,2620000.0,-0.01140722818672657,-0.001786460168659687,-0.06377892941236496,0.015084349550306797,-0.0034134844318032265,2.696105718612671,7225.0126953125,28.286745071411133,19.856958389282227,48.14370346069336,415.4229736328125
26.638948440551758,50.119998931884766,1000.0,131.0,-0.24052678048610687,0.023726999759674072,6.0,0.9982826709747314,0.9982826709747314,0.9982826709747314,0.02340206876397133,0.0001416000013705343,0.19026495516300201,2640000.0,-0.009763519279658794,0.0016437089070677757,0.12355419993400574,0.016654478386044502,0.0015701288357377052,2.691584348678589,7273.3916015625,27.88835906982422,20.470502853393555,48.358863830566406,413.57464599609375
26.441650390625,54.31999969482422,1000.0,132.0,-0.24444295465946198,0.02035505138337612,3.0,0.9984835982322693,0.9984835982322693,0.9984835982322693,0.01982475072145462,0.00014040000678505749,0.1895262897014618,2660000.0,-0.00177699513733387,0.007986524142324924,-0.12764093279838562,0.01616443321108818,-0.0004900451749563217,2.680408239364624,7310.27099609375,26.03325080871582,10.826216697692871,36.859466552734375,542.6014404296875
26.54863929748535,49.84000015258789,1000.0,133.0,-0.25166890025138855,0.02342032827436924,8.0,0.9969255328178406,0.9969255328178406,0.9969255328178406,0.02268439531326294,0.00013919999764766544,0.1881701499223709,2680000.0,-0.01314845122396946,-0.01137145608663559,0.13714048266410828,0.017047788947820663,0.0008833557367324829,2.6779794692993164,7364.4677734375,26.759218215942383,27.417526245117188,54.1767463684082,369.1620788574219
26.5572509765625,54.52000045776367,1000.0,134.0,-0.2550528347492218,0.02124292030930519,3.0,0.9972850680351257,0.9972850680351257,0.9972850680351257,0.021432828158140182,0.00013800000306218863,0.18751968443393707,2700000.0,-0.0025978386402130127,0.010550612583756447,-0.11356876790523529,0.015953365713357925,-0.001094423234462738,2.6734559535980225,7401.0126953125,26.55436134338379,9.965117454528809,36.51947784423828,547.6529541015625
26.653257369995117,52.86000061035156,1000.0,135.0,-0.25792038440704346,0.03497692942619324,1.0,0.9988561272621155,0.9988561272621155,0.9988561272621155,0.022296685725450516,0.00013679999392479658,0.18698446452617645,2720000.0,0.010933971963822842,0.013531810604035854,0.1782989650964737,0.019987937062978745,0.004034571349620819,2.668957233428955,7432.431640625,27.470914840698242,3.929420232772827,31.400333404541016,636.9359130859375
26.75951385498047,54.459999084472656,1000.0,136.0,-0.2645752429962158,0.02564583718776703,5.0,0.9981164336204529,0.9981164336204529,0.9981164336204529,0.020879821851849556,0.00013559999933931977,0.1857386976480484,2740000.0,-0.008409806527197361,-0.019343778491020203,-0.04858921095728874,0.017463823780417442,-0.002524113282561302,2.6960465908050537,7475.89892578125,25.873371124267578,17.57680320739746,43.45017623901367,460.2973327636719
26.742250442504883,56.20000076293945,1000.0,137.0,-0.2712431848049164,0.020296823233366013,4.0,0.9997429847717285,0.9997429847717285,0.9997429847717285,0.021826498210430145,0.00013440000475384295,0.18449893593788147,2760000.0,-0.006337093189358711,0.0020727133378386497,-0.1346014142036438,0.015748172998428345,-0.0017156507819890976,2.693568468093872,7515.22314453125,25.199604034423828,14.104291915893555,39.304893493652344,508.8424987792969
26.535995483398438,55.900001525878906,1000.0,138.0,-0.2710718512535095,0.02294745482504368,7.0,0.9984093308448792,0.9984093308448792,0.9984093308448792,0.023098208010196686,0.0001331999956164509,0.18453672528266907,2780000.0,-0.01317758858203888,-0.006840495392680168,0.2038845717906952,0.016833946108818054,0.0010857731103897095,2.6753668785095215,7565.357421875,26.112831115722656,24.002199172973633,50.115028381347656,399.0818786621094
26.402881622314453,57.400001525878906,1000.0,139.0,-0.2763151228427887,0.020521197468042374,7.0,0.9967101812362671,0.9967101812362671,0.9967101812362671,0.022660888731479645,0.0001320000010309741,0.1835702657699585,2800000.0,-0.011036884039640427,0.0021407045423984528,-0.17813950777053833,0.015962740406394005,-0.0008712057024240494,2.6900768280029297,7615.896484375,26.197830200195312,24.316730499267578,50.515560150146484,395.9176025390625
26.4114933013916,55.2599983215332,1000.0,140.0,-0.28724220395088196,0.02327125146985054,5.0,0.9956021308898926,0.9956021308898926,0.9956021308898926,0.021106727421283722,0.00013080000644549727,0.18156835436820984,2820000.0,-0.009008663706481457,0.00202822033315897,0.12865012884140015,0.015867743641138077,-9.499676525592804e-05,2.6895108222961426,7660.37060546875,26.327556610107422,18.12623405456543,44.45478820800781,449.8952941894531
26.503293991088867,50.459999084472656,1000.0,141.0,-0.2924058735370636,0.02171008661389351,7.0,0.9981363415718079,0.9981363415718079,0.9981363415718079,0.02187235653400421,0.00012959999730810523,0.18062663078308105,2840000.0,-0.012039698660373688,-0.003031034953892231,-0.1907769739627838,0.016251344233751297,0.0003836005926132202,2.689852237701416,7711.298828125,25.290983200073242,25.61768913269043,50.909671783447266,392.8526611328125
26.59947967529297,44.15999984741211,1000.0,142.0,-0.29730480909347534,0.020091591402888298,5.0,0.9982057809829712,0.9982057809829712,0.9982057809829712,0.02204732596874237,0.00012840000272262841,0.17974145710468292,2860000.0,-0.00845417845994234,0.003585520200431347,0.4574296176433563,0.016734160482883453,0.00048281624913215637,2.6886556148529053,7754.125,25.28900146484375,17.51373863220215,42.80274200439453,467.2597961425781
26.578025817871094,42.560001373291016,1000.0,143.0,-0.3018041253089905,0.02153128758072853,4.0,0.998144268989563,0.998144268989563,0.998144268989563,0.02110045962035656,0.00012719999358523637,0.1789354830980301,2880000.0,-0.007334310095757246,0.0011198683641850948,-0.04657263308763504,0.01676342450082302,2.9264017939567566e-05,2.6772379875183105,7794.4609375,25.46148681640625,14.854425430297852,40.315914154052734,496.08203125
26.640798568725586,48.52000045776367,1000.0,144.0,-0.31129172444343567,0.023093104362487793,7.0,0.9954238533973694,0.9954238533973694,0.9954238533973694,0.022295111790299416,0.00012599999899975955,0.177245631814003,2900000.0,-0.013224386610090733,-0.0058900765143334866,-0.11896339058876038,0.017302269116044044,0.0005388446152210236,2.683608293533325,7844.25341796875,25.271583557128906,24.49412727355957,49.765708923339844,401.8831481933594
26.516881942749023,49.5,1000.0,145.0,-0.3173123002052307,0.020497674122452736,1.0,0.9986453056335449,0.9986453056335449,0.9986453056335449,0.018627602607011795,0.00012480000441428274,0.17618073523044586,2920000.0,0.007682411931455135,0.020906798541545868,0.08045162260532379,0.01877707615494728,0.0014748070389032364,2.6700797080993652,7873.86474609375,25.783967971801758,3.8060073852539062,29.589975357055664,675.9046020507812
26.490541458129883,50.959999084472656,1000.0,146.0,-0.3227372169494629,0.021935591474175453,5.0,0.998273491859436,0.998273491859436,0.998273491859436,0.021371494978666306,0.0001235999952768907,0.17522895336151123,2940000.0,-0.008431837894022465,-0.0161142498254776,-0.048551175743341446,0.017183182761073112,-0.0015938933938741684,2.681039810180664,7917.27099609375,26.05331039428711,17.334495544433594,43.3878059387207,460.9590148925781
26.484804153442383,53.31999969482422,1000.0,147.0,-0.32821422815322876,0.02227676846086979,1.0,0.9985684156417847,0.9985684156417847,0.9985684156417847,0.018676292151212692,0.00012240000069141388,0.1742730736732483,2960000.0,0.005600760690867901,0.014032598584890366,0.31479412317276,0.017955809831619263,0.0007726270705461502,2.673977851867676,7947.73779296875,27.018877029418945,3.4275894165039062,30.44646644592285,656.8906860351562
26.597190856933594,59.20000076293945,1000.0,148.0,-0.32993412017822266,0.021192502230405807,6.0,0.9972707629203796,0.9972707629203796,0.9972707629203796,0.021371861919760704,0.00012119999882997945,0.17397920787334442,2980000.0,-0.00898249726742506,-0.014583257958292961,-0.18746280670166016,0.017427008599042892,-0.0005288012325763702,2.6869285106658936,7994.455078125,26.546428680419922,20.152376174926758,46.69880676269531,428.2764892578125
26.481264114379883,60.13999938964844,1000.0,149.0,-0.33249059319496155,0.02409196086227894,9.0,0.9965583682060242,0.9965583682060242,0.9965583682060242,0.022786570712924004,0.00011999999696854502,0.17353811860084534,3000000.0,-0.014620544388890266,-0.005638047121465206,0.1044352799654007,0.01498806569725275,-0.002438942901790142,2.6899731159210205,8052.65283203125,26.783117294311523,31.39407730102539,58.17814636230469,343.7716979980469
26.465524673461914,54.279998779296875,1000.0,150.0,-0.3416106700897217,0.02020992338657379,6.0,0.9985653758049011,0.9985653758049011,0.9985653758049011,0.02144766040146351,0.0001188000023830682,0.17196667194366455,3020000.0,-0.01023429911583662,0.004386245273053646,-0.32929468154907227,0.015145163983106613,0.00015709828585386276,2.678431987762451,8099.16650390625,26.05220603942871,20.4417667388916,46.49397277832031,430.16326904296875
26.534893035888672,44.5,1000.0,151.0,-0.35080423951148987,0.0201654564589262,8.0,0.9958264827728271,0.9958264827728271,0.9958264827728271,0.022958904504776,0.00011760000052163377,0.17039358615875244,3040000.0,-0.012657658196985722,-0.0024233590811491013,-0.2677224576473236,0.017150472849607468,0.0020053088665008545,2.6897366046905518,8153.927734375,27.207721710205078,27.533706665039062,54.74142837524414,365.35400390625
26.33515167236328,46.619998931884766,1000.0,152.0,-0.3600098192691803,0.023274622857570648,8.0,0.996034562587738,0.996034562587738,0.996034562587738,0.022832103073596954,0.00011639999866019934,0.16882683336734772,3060000.0,-0.014325758442282677,-0.0016681002452969551,-0.0786472037434578,0.014504129067063332,-0.002646343782544136,2.682929754257202,8207.125,25.97064971923828,27.206199645996094,53.176849365234375,376.103515625
26.257688522338867,41.7400016784668,1000.0,153.0,-0.37262940406799316,0.02001042664051056,8.0,0.9963762760162354,0.9963762760162354,0.9963762760162354,0.021902892738580704,0.00011519999679876491,0.16671836376190186,3080000.0,-0.015154802240431309,-0.000829043798148632,-0.19142761826515198,0.014396310783922672,-0.00010781828314065933,2.678856134414673,8261.0908203125,26.323972702026367,27.616586685180664,53.94055938720703,370.77850341796875
26.194007873535156,44.36000061035156,1000.0,154.0,-0.38458630442619324,0.021121717989444733,4.0,0.9979889392852783,0.9979889392852783,0.9979889392852783,0.02043054811656475,0.0001140000022132881,0.16473692655563354,3100000.0,-0.007098077796399593,0.008056724444031715,-0.07505065202713013,0.01611025258898735,0.0017139418050646782,2.677625894546509,8300.3916015625,24.86359977722168,14.415438652038574,39.27962112426758,509.1698913574219
26.509815216064453,43.720001220703125,1000.0,155.0,-0.3930235207080841,0.022763606160879135,5.0,0.9979048371315002,0.9979048371315002,0.9979048371315002,0.021266890689730644,0.00011280000035185367,0.1633477807044983,3120000.0,-0.008814165368676186,-0.0017160875722765923,0.3424580991268158,0.017686937004327774,0.0015766844153404236,2.6578471660614014,8344.1123046875,27.001279830932617,16.699920654296875,43.70119857788086,457.6533508300781
26.74175262451172,46.7400016784668,1000.0,156.0,-0.40101921558380127,0.023264765739440918,5.0,0.9985194206237793,0.9985194206237793,0.9985194206237793,0.022081423550844193,0.00011159999849041924,0.16204366087913513,3140000.0,-0.00781814381480217,0.0009960215538740158,0.015332795679569244,0.019004318863153458,0.0013173818588256836,2.6812260150909424,8387.955078125,26.60170555114746,17.220712661743164,43.822418212890625,456.38739013671875
26.625343322753906,46.2599983215332,1000.0,157.0,-0.40588846802711487,0.02168072573840618,5.0,0.9975180625915527,0.9975180625915527,0.9975180625915527,0.02049843594431877,0.00011039999662898481,0.16126196086406708,3160000.0,-0.008286249823868275,-0.0004681060090661049,-0.16527530550956726,0.01446543913334608,-0.004538879729807377,2.6843297481536865,8430.3525390625,25.71099281311035,16.66710662841797,42.37809753417969,471.94189453125
26.120361328125,50.540000915527344,1000.0,158.0,-0.40727126598358154,0.022458022460341454,8.0,0.9976849555969238,0.9976849555969238,0.9976849555969238,0.021930014714598656,0.00010920000204350799,0.16104534268379211,3180000.0,-0.00876634195446968,-0.0004800921306014061,0.05645911768078804,0.01571626402437687,0.0012508248910307884,2.6593592166900635,8483.841796875,26.81625747680664,26.654212951660156,53.47053527832031,374.03778076171875
26.141382217407227,52.29999923706055,1000.0,159.0,-0.40957605838775635,0.02058892883360386,6.0,0.9961010217666626,0.9961010217666626,0.9961010217666626,0.0210147462785244,0.00010800000018207356,0.1606786549091339,3200000.0,-0.01077044103294611,-0.002004099078476429,-0.05301465094089508,0.01948431506752968,0.003768051043152809,2.6779417991638184,8529.8310546875,26.759185791015625,19.207033157348633,45.96622085571289,435.10211181640625
26.233354568481445,53.599998474121094,1000.0,160.0,-0.4160878360271454,0.022014230489730835,8.0,0.9954688549041748,0.9954688549041748,0.9954688549041748,0.022240126505494118,0.00010679999832063913,0.159640371799469,3220000.0,-0.01394098624587059,-0.0031705452129244804,-0.22264644503593445,0.016881918534636497,-0.002602396532893181,2.677875280380249,8582.7333984375,27.188859939575195,25.693603515625,52.88246536254883,378.19720458984375
26.697668075561523,50.18000030517578,1000.0,161.0,-0.4238850772380829,0.0214373916387558,6.0,0.9984742403030396,0.9984742403030396,0.9984742403030396,0.021521441638469696,0.0001055999964592047,0.158404141664505,3240000.0,-0.01120813749730587,0.00273284874856472,0.33939328789711,0.016297580674290657,-0.0005843378603458405,2.6824135780334473,8629.8076171875,27.797801971435547,19.256113052368164,47.05391311645508,425.0443420410156
26.76119613647461,45.2599983215332,1000.0,162.0,-0.4270378351211548,0.021973073482513428,6.0,0.9976710081100464,0.9976710081100464,0.9976710081100464,0.021335851401090622,0.00010440000187372789,0.1579083800315857,3260000.0,-0.010919762775301933,0.00028837472200393677,0.35541602969169617,0.017860988155007362,0.0015634074807167053,2.6722609996795654,8676.6572265625,27.005512237548828,19.824819564819336,46.83032989501953,427.0736389160156
26.67264175415039,46.97999954223633,1000.0,163.0,-0.4360167384147644,0.020684871822595596,6.0,0.9997327327728271,0.9997327327728271,0.9997327327728271,0.020391827449202538,0.00010320000001229346,0.1564893275499344,3280000.0,-0.010676121339201927,0.0002436414361000061,0.045162469148635864,0.015736771747469902,-0.0021242164075374603,2.6951754093170166,8722.9833984375,25.714305877685547,20.5893611907959,46.30366897583008,431.93121337890625
26.6234188079834,50.31999969482422,1000.0,164.0,-0.44721776247024536,0.020558170974254608,8.0,0.996523916721344,0.996523916721344,0.996523916721344,0.021500563248991966,0.00010199999815085903,0.15474504232406616,3300000.0,-0.01305621862411499,-0.002380097284913063,-0.02358538843691349,0.014981890097260475,-0.0007548816502094269,2.700634241104126,8776.22265625,24.920991897583008,28.29535484313965,53.216346740722656,375.8243713378906
26.234128952026367,50.58000183105469,1000.0,165.0,-0.45738485455513,0.021988706663250923,7.0,0.998429536819458,0.998429536819458,0.998429536819458,0.021613523364067078,0.00010080000356538221,0.15317867696285248,3320000.0,-0.008710986003279686,0.004345232620835304,-0.07793344557285309,0.017491554841399193,0.0025096647441387177,2.66766095161438,8824.705078125,24.033998489379883,24.420684814453125,48.45468521118164,412.7568054199219
26.174341201782227,51.119998931884766,1000.0,166.0,-0.467746376991272,0.020909583196043968,8.0,0.9969416856765747,0.9969416856765747,0.9969416856765747,0.021551767364144325,9.960000170394778e-05,0.1515856236219406,3340000.0,-0.014742269180715084,-0.006031283177435398,-0.04640495777130127,0.018146025016903877,0.0006544701755046844,2.6669514179229736,8877.2607421875,24.372995376586914,28.163755416870117,52.53675079345703,380.6858825683594
25.333118438720703,49.31999969482422,1000.0,167.0,-0.4759126603603363,0.04336928576231003,8.0,1.0011472702026367,1.0011472702026367,1.0011472702026367,0.022345775738358498,9.839999984251335e-05,0.15034595131874084,3360000.0,-0.0035414963494986296,0.011200772831216455,-0.19148437678813934,0.017588568851351738,-0.0005574561655521393,2.6463489532470703,8929.8740234375,24.27054786682129,28.3215389251709,52.59208679199219,380.28533935546875
25.556190490722656,50.70000076293945,1000.0,168.0,-0.4828129708766937,0.020503943786025047,9.0,0.9979342222213745,0.9979342222213745,0.9979342222213745,0.021939704194664955,9.719999798107892e-05,0.14931125938892365,3380000.0,-0.015001628547906876,-0.011460132198408246,-0.04621439427137375,0.017035234719514847,-0.0005533341318368912,2.652188301086426,8985.544921875,24.40838623046875,31.240516662597656,55.64990234375,359.3896484375
25.52596664428711,54.97999954223633,1000.0,169.0,-0.4959976077079773,0.020576447248458862,6.0,0.9978693127632141,0.9978693127632141,0.9978693127632141,0.020983058959245682,9.600000339560211e-05,0.14735561609268188,3400000.0,-0.010479199700057507,0.004522428847849369,-0.011862628161907196,0.01767546311020851,0.0006402283906936646,2.6816234588623047,9030.4609375,24.186429977416992,20.709308624267578,44.8957405090332,445.4765625
26.271703720092773,49.58000183105469,1000.0,170.0,-0.5062255263328552,0.02054748311638832,7.0,0.996638298034668,0.996638298034668,0.996638298034668,0.021747367456555367,9.480000153416768e-05,0.14585429430007935,3420000.0,-0.012442941777408123,-0.0019637420773506165,-0.2246062457561493,0.0181865431368351,0.0005110800266265869,2.6630032062530518,9079.064453125,25.1908016204834,23.392274856567383,48.58307647705078,411.6659851074219
26.461997985839844,47.63999938964844,1000.0,171.0,-0.5151857137680054,0.022211045026779175,9.0,0.9949396252632141,0.9949396252632141,0.9949396252632141,0.022125281393527985,9.359999967273325e-05,0.1445523351430893,3440000.0,-0.013294781558215618,-0.0008518397808074951,-0.1213660016655922,0.01792820729315281,-0.0002583358436822891,2.6945993900299072,9135.1533203125,25.26898193359375,30.790376663208008,56.05936050415039,356.7646789550781
26.485187530517578,43.5,1000.0,172.0,-0.5229855179786682,0.02070186845958233,9.0,0.9994161128997803,0.9994161128997803,0.9994161128997803,0.02190093696117401,9.239999781129882e-05,0.14342859387397766,3460000.0,-0.015486553311347961,-0.0021917717531323433,0.19170311093330383,0.016060955822467804,-0.0018672514706850052,2.706143856048584,9191.841796875,25.436887741088867,31.231714248657227,56.668601989746094,352.9291076660156
26.79947280883789,50.540000915527344,1000.0,173.0,-0.5326754450798035,0.02194300666451454,6.0,0.9980821013450623,0.9980821013450623,0.9980821013450623,0.021887969225645065,9.1200003225822e-05,0.14204539358615875,3480000.0,-0.011259833350777626,0.004226719960570335,0.4866679608821869,0.015737004578113556,-0.00032395124435424805,2.715956211090088,9236.8505859375,24.85877799987793,20.129722595214844,44.98849868774414,444.55804443359375
26.324453353881836,57.220001220703125,1000.0,174.0,-0.5412114262580872,0.023883042857050896,9.0,1.0004006624221802,1.0004006624221802,1.0004006624221802,0.022031515836715698,9.000000136438757e-05,0.14083845913410187,3500000.0,-0.008016617968678474,0.0032432153820991516,-0.1085781455039978,0.016066674143075943,0.0003296695649623871,2.6819097995758057,9292.49609375,25.166217803955078,30.459312438964844,55.62553024291992,359.5471496582031
26.227317810058594,55.20000076293945,1000.0,175.0,-0.5521553158760071,0.022669358178973198,8.0,0.9964691400527954,0.9964691400527954,0.9964691400527954,0.021366633474826813,8.879999950295314e-05,0.13930697739124298,3520000.0,-0.013775906525552273,-0.005759288556873798,-0.3635072410106659,0.016490112990140915,0.0004234388470649719,2.6915104389190674,9345.2822265625,24.59211540222168,28.1732120513916,52.76532745361328,379.0367736816406
26.207433700561523,53.2599983215332,1000.0,176.0,-0.562606155872345,0.020799312740564346,8.0,0.997471809387207,0.997471809387207,0.997471809387207,0.02140233665704727,8.759999764151871e-05,0.13785713911056519,3540000.0,-0.01295035146176815,0.0008255550637841225,-0.01606721058487892,0.01504098903387785,-0.0014491239562630653,2.6924445629119873,9397.0498046875,24.565317153930664,27.182580947875977,51.74789810180664,386.4891357421875
26.66000747680664,50.7599983215332,1000.0,177.0,-0.5658771395683289,0.022159051150083542,8.0,0.995341420173645,0.995341420173645,0.995341420173645,0.02238600328564644,8.64000030560419e-05,0.1374061554670334,3560000.0,-0.012636750005185604,0.00031360145658254623,0.11357903480529785,0.016561174765229225,0.0015201857313513756,2.6956427097320557,9448.2890625,24.1878662109375,27.030349731445312,51.21821594238281,390.4860534667969
26.637897491455078,53.279998779296875,1000.0,178.0,-0.57314532995224,0.023996548727154732,9.0,0.9975644946098328,0.9975644946098328,0.9975644946098328,0.021377675235271454,8.520000119460747e-05,0.136412113904953,3580000.0,-0.01518055610358715,-0.0025438060984015465,0.14184869825839996,0.018954439088702202,0.0023932643234729767,2.6940553188323975,9503.59765625,25.12302017211914,30.166954040527344,55.289974212646484,361.729248046875
26.51056671142578,52.5,1000.0,179.0,-0.5822868347167969,0.02285325713455677,7.0,0.9990216493606567,0.9990216493606567,0.9990216493606567,0.021389558911323547,8.399999933317304e-05,0.13517068326473236,3600000.0,-0.012350655160844326,0.0028299009427428246,-0.13750964403152466,0.016343917697668076,-0.0026105213910341263,2.7153496742248535,9551.982421875,25.219072341918945,23.145832061767578,48.364906311035156,413.5229797363281
26.545166015625,48.84000015258789,1000.0,180.0,-0.5875076651573181,0.021091340109705925,9.0,0.996699869632721,0.996699869632721,0.996699869632721,0.02155177854001522,8.27999974717386e-05,0.1344679892063141,3620000.0,-0.013397655449807644,-0.0010470002889633179,-0.15483413636684418,0.016705913469195366,0.00036199577152729034,2.6928389072418213,9608.80859375,25.83151626586914,30.968172073364258,56.799686431884766,352.1146240234375
25.94076919555664,42.84000015258789,1000.0,181.0,-0.5901983976364136,0.021675284951925278,12.0,1.0017013549804688,1.0017013549804688,1.0017013549804688,0.022177038714289665,8.160000288626179e-05,0.13410550355911255,3640000.0,-0.008648787625133991,0.004748867824673653,0.03951636329293251,0.016564108431339264,-0.000141805037856102,2.6917333602905273,9674.689453125,25.649051666259766,40.211116790771484,65.86016845703125,303.6736755371094
26.07622528076172,42.20000076293945,1000.0,182.0,-0.6030682921409607,0.02086116187274456,9.0,0.9962897300720215,0.9962897300720215,0.9962897300720215,0.020860888063907623,8.040000102482736e-05,0.1323930025100708,3660000.0,-0.014094913378357887,-0.005446125753223896,-0.06769409775733948,0.016778716817498207,0.00021460838615894318,2.711714506149292,9729.6494140625,24.587045669555664,30.35138702392578,54.93843460083008,364.0438537597656
25.673908233642578,43.119998931884766,1000.0,183.0,-0.6144332885742188,0.02098613791167736,8.0,0.9960641264915466,0.9960641264915466,0.9960641264915466,0.022408923134207726,7.919999916339293e-05,0.13090166449546814,3680000.0,-0.013774311169981956,0.0003206022083759308,-0.04449424147605896,0.015771251171827316,-0.0010074656456708908,2.6993348598480225,9781.3115234375,25.030485153198242,26.610811233520508,51.64129638671875,387.2869567871094
26.260927200317383,42.97999954223633,1000.0,184.0,-0.6236076951026917,0.020272426307201385,9.0,0.996801495552063,0.996801495552063,0.996801495552063,0.021185535937547684,7.79999973019585e-05,0.12970703840255737,3700000.0,-0.013204863294959068,0.0005694478750228882,0.04467879235744476,0.01887584663927555,0.0031045954674482346,2.680370569229126,9836.63671875,25.877952575683594,29.425186157226562,55.303138732910156,361.64312744140625
26.273643493652344,46.959999084472656,1000.0,185.0,-0.629076361656189,0.020127778872847557,8.0,0.9986268877983093,0.9986268877983093,0.9986268877983093,0.021047119051218033,7.680000271648169e-05,0.12900272011756897,3720000.0,-0.014604524709284306,-0.0013996614143252373,0.5301903486251831,0.01708529144525528,-0.0017905551940202713,2.685161590576172,9888.4521484375,25.844524383544922,25.950021743774414,51.79454803466797,386.1410217285156
26.275171279907227,57.540000915527344,1000.0,186.0,-0.6402257680892944,0.02276029624044895,10.0,0.9954971075057983,0.9954971075057983,0.9954971075057983,0.02114073559641838,7.560000085504726e-05,0.12758150696754456,3740000.0,-0.01551868487149477,-0.0009141601622104645,-0.27126967906951904,0.01560681127011776,-0.0014784801751375198,2.6753814220428467,9947.3857421875,27.431440353393555,31.481407165527344,58.912845611572266,339.4845275878906
26.369909286499023,58.84000015258789,1000.0,187.0,-0.6541807651519775,0.021580394357442856,10.0,0.9974740147590637,0.9974740147590637,0.9974740147590637,0.021657690405845642,7.439999899361283e-05,0.12582099437713623,3760000.0,-0.016181722283363342,-0.0006630374118685722,0.20474204421043396,0.01712934300303459,0.001522531732916832,2.6679036617279053,10007.001953125,27.66272735595703,31.931690216064453,59.594417572021484,335.6018981933594
26.48114776611328,61.439998626708984,1000.0,188.0,-0.6645758748054504,0.02232527732849121,7.0,0.9981861710548401,0.9981861710548401,0.9981861710548401,0.0212728101760149,7.31999971321784e-05,0.12452685832977295,3780000.0,-0.012522049248218536,0.003659673035144806,-0.1959371417760849,0.01974998600780964,0.0026206430047750473,2.6672229766845703,10055.904296875,26.882110595703125,21.997690200805664,48.87980270385742,409.1669616699219
26.779434204101562,54.79999923706055,1000.0,189.0,-0.6759171485900879,0.022411275655031204,6.0,0.9983093738555908,0.9983093738555908,0.9983093738555908,0.02026882953941822,7.200000254670158e-05,0.12313025444746017,3800000.0,-0.011276636272668839,0.0012454129755496979,0.20578673481941223,0.01871906965970993,-0.0010309163480997086,2.700265407562256,10102.349609375,26.682342529296875,19.743309020996094,46.42565155029297,430.79632568359375
26.884294509887695,54.29999923706055,1000.0,190.0,-0.6814962029457092,0.021001646295189857,8.0,0.998491644859314,0.998491644859314,0.998491644859314,0.02042127028107643,7.080000068526715e-05,0.12244052439928055,3820000.0,-0.01329165417701006,-0.002015017904341221,-0.14037662744522095,0.017225805670022964,-0.001493263989686966,2.69412899017334,10153.8505859375,24.175907135009766,27.305736541748047,51.48164367675781,388.4880065917969
26.852006912231445,49.0,1000.0,191.0,-0.6878038048744202,0.021410321816802025,8.0,0.997035801410675,0.997035801410675,0.997035801410675,0.021108513697981834,6.959999882383272e-05,0.12167065590620041,3840000.0,-0.013627154752612114,-0.0003355005756020546,-0.26152607798576355,0.017293650656938553,6.784498691558838e-05,2.687119483947754,10205.341796875,25.106826782226562,26.363998413085938,51.4708251953125,388.56964111328125
26.522865295410156,50.79999923706055,1000.0,192.0,-0.6979689598083496,0.02024517022073269,8.0,0.9977576732635498,0.9977576732635498,0.9977576732635498,0.02107631042599678,6.839999696239829e-05,0.12042967230081558,3860000.0,-0.014794948510825634,-0.00116779375821352,-0.12748290598392487,0.014409221708774567,-0.002884428948163986,2.670713186264038,10256.513671875,25.472000122070312,25.6796932220459,51.15169143676758,390.993896484375
26.433155059814453,51.68000030517578,1000.0,193.0,-0.7066057920455933,0.02558295615017414,7.0,0.9980360865592957,0.9980360865592957,0.9980360865592957,0.02172279916703701,6.720000237692147e-05,0.11938430368900299,3880000.0,-0.012947743758559227,0.001847204752266407,-0.0985969603061676,0.017567172646522522,0.0031579509377479553,2.6600093841552734,10305.87890625,27.40213966369629,21.938926696777344,49.341064453125,405.34185791015625
26.69107437133789,51.900001525878906,1000.0,194.0,-0.7195041179656982,0.021647803485393524,9.0,0.9948026537895203,0.9948026537895203,0.9948026537895203,0.021120576187968254,6.600000051548705e-05,0.11785406619310379,3900000.0,-0.0149619085714221,-0.002014164812862873,-0.16766971349716187,0.019916893914341927,0.0023497212678194046,2.67642879486084,10360.912109375,25.758886337280273,29.254175186157227,55.0130615234375,363.5500183105469
26.632837295532227,46.380001068115234,1000.0,195.0,-0.7236841320991516,0.02002338320016861,11.0,0.9996789693832397,0.9996789693832397,0.9996789693832397,0.020851317793130875,6.479999865405262e-05,0.11737365275621414,3920000.0,-0.010732115246355534,0.0042297933250665665,-0.1553066074848175,0.01758204959332943,-0.002334844321012497,2.6722538471221924,10421.599609375,23.337953567504883,37.329933166503906,60.667884826660156,329.6636962890625
26.734941482543945,47.7599983215332,1000.0,196.0,-0.7298626899719238,0.02096063829958439,9.0,0.9984450340270996,0.9984450340270996,0.9984450340270996,0.020783094689249992,6.359999679261819e-05,0.11665577441453934,3940000.0,-0.015466945245862007,-0.0047348299995064735,-0.048929907381534576,0.015239897184073925,-0.0023421524092555046,2.6940720081329346,10476.607421875,24.559175491333008,30.423816680908203,54.98299026489258,363.74884033203125
26.509950637817383,49.91999816894531,1000.0,197.0,-0.7411432862281799,0.022442543879151344,7.0,0.9980874061584473,0.9980874061584473,0.9980874061584473,0.020086620002985,6.240000220714137e-05,0.11534011363983154,3960000.0,-0.01434337068349123,0.0011235745623707771,-0.025651123374700546,0.017103547230362892,0.0018636500462889671,2.6790771484375,10523.08203125,22.919429779052734,23.526269912719727,46.445701599121094,430.6103820800781
26.266368865966797,53.15999984741211,1000.0,198.0,-0.7543339133262634,0.02179892547428608,7.0,0.9980522394180298,0.9980522394180298,0.9980522394180298,0.020407045260071754,6.120000034570694e-05,0.11382956057786942,3980000.0,-0.012736034579575062,0.0016073361039161682,0.07912836223840714,0.018456894904375076,0.0013533476740121841,2.6889679431915283,10570.5849609375,25.554201126098633,21.921689987182617,47.47589111328125,421.2664489746094
26.58582305908203,48.880001068115234,1000.0,199.0,-0.7625625729560852,0.021073641255497932,11.0,0.9978189468383789,0.9978189468383789,0.9978189468383789,0.021504104137420654,5.999999848427251e-05,0.1128954291343689,4000000.0,-0.019016915932297707,-0.006280881352722645,0.44360193610191345,0.0158887580037117,-0.002568136900663376,2.6797516345977783,10632.1796875,26.530303955078125,35.04495620727539,61.575260162353516,324.8057861328125
26.613691329956055,41.70000076293945,1000.0,200.0,-0.7694244980812073,0.0205832552164793,9.0,0.9964955449104309,0.9964955449104309,0.9964955449104309,0.021255040541291237,5.880000026081689e-05,0.11211428046226501,4020000.0,-0.015474941581487656,0.003541974350810051,-0.2530060112476349,0.01674424484372139,0.0008554868400096893,2.6758062839508057,10688.03125,26.104381561279297,29.725797653198242,55.83018112182617,358.22918701171875
26.520919799804688,44.31999969482422,1000.0,201.0,-0.7793850302696228,0.020631151273846626,11.0,0.9981771111488342,0.9981771111488342,0.9981771111488342,0.02140180766582489,5.759999839938246e-05,0.11099959909915924,4040000.0,-0.018784811720252037,-0.0033098701387643814,0.10337267071008682,0.016402453184127808,-0.00034179165959358215,2.664656162261963,10749.16796875,24.499343872070312,36.617977142333984,61.1173210144043,327.2394714355469
26.604280471801758,48.900001525878906,1000.0,202.0,-0.7908385396003723,0.020699039101600647,8.0,0.9965137839317322,0.9965137839317322,0.9965137839317322,0.019772246479988098,5.6400000175926834e-05,0.10973162949085236,4060000.0,-0.014374795369803905,0.0044100163504481316,-0.08776496350765228,0.016790486872196198,0.0003880336880683899,2.6700165271759033,10799.126953125,23.38422393798828,26.553831100463867,49.93805694580078,400.4961853027344
26.20098876953125,52.20000076293945,1000.0,203.0,-0.800101637840271,0.020840616896748543,11.0,1.0001857280731201,1.0001857280731201,1.0001857280731201,0.020580029115080833,5.5199998314492404e-05,0.10871686786413193,4080000.0,-0.011003791354596615,0.0033710040152072906,0.1291312575340271,0.015824710950255394,-0.0009657759219408035,2.6738064289093018,10859.5341796875,25.033344268798828,35.352901458740234,60.38624572753906,331.20123291015625
25.93069076538086,48.099998474121094,1000.0,204.0,-0.8074688911437988,0.020879387855529785,10.0,0.9959989786148071,0.9959989786148071,0.9959989786148071,0.02084590308368206,5.400000009103678e-05,0.1079171895980835,4100000.0,-0.01561804674565792,-0.004614255391061306,0.06015421450138092,0.01779025048017502,0.0019655395299196243,2.643920660018921,10916.40234375,24.777158737182617,32.06999588012695,56.8471565246582,351.8205871582031
25.903528213500977,48.619998931884766,1000.0,205.0,-0.8111977577209473,0.020334120839834213,9.0,0.9965268969535828,0.9965268969535828,0.9965268969535828,0.02038341388106346,5.279999822960235e-05,0.10751519352197647,4120000.0,-0.016359753906726837,-0.0007417071610689163,0.003976695239543915,0.015836888924241066,-0.0019533615559339523,2.654456615447998,10970.51953125,25.364337921142578,28.73163604736328,54.09597396850586,369.7132568359375
26.29486846923828,49.52000045776367,1000.0,206.0,-0.8194805979728699,0.02116883173584938,9.0,0.9980306625366211,0.9980306625366211,0.9980306625366211,0.019984252750873566,5.160000000614673e-05,0.1066288948059082,4140000.0,-0.016232429072260857,0.00012732483446598053,0.0704885870218277,0.014641025103628635,-0.0011958638206124306,2.6667120456695557,11024.7099609375,25.489688873291016,28.679927825927734,54.16961669921875,369.2106628417969
26.50716781616211,49.15999984741211,1000.0,207.0,-0.8323745727539062,0.021031377837061882,8.0,0.9960507750511169,0.9960507750511169,0.9960507750511169,0.01985136792063713,5.0400001782691106e-05,0.10526302456855774,4160000.0,-0.012875767424702644,0.0033566616475582123,-0.24806508421897888,0.01698676496744156,0.0023457398638129234,2.671185255050659,11075.951171875,25.02998161315918,26.191978454589844,51.22195816040039,390.4575500488281
26.72126007080078,50.81999969482422,1000.0,208.0,-0.842307448387146,0.020670877769589424,11.0,0.9973582029342651,0.9973582029342651,0.9973582029342651,0.02097070775926113,4.9199999921256676e-05,0.10422195494174957,4180000.0,-0.017280954867601395,-0.00440518744289875,0.32817116379737854,0.01745375618338585,0.00046699121594429016,2.6543221473693848,11134.8046875,22.632797241210938,36.19507598876953,58.82787322998047,339.97491455078125
26.8828125,52.900001525878906,1000.0,209.0,-0.8544418215751648,0.020906640216708183,11.0,0.9979207515716553,0.9979207515716553,0.9979207515716553,0.02120889723300934,4.8000001697801054e-05,0.10296618193387985,4200000.0,-0.018559107556939125,-0.0012781526893377304,-0.13117653131484985,0.017753222957253456,0.0002994667738676071,2.6389620304107666,11193.7109375,24.33523178100586,34.55021667480469,58.88544845581055,339.6424865722656
26.988143920898438,54.720001220703125,1000.0,210.0,-0.8666947484016418,0.021410001441836357,11.0,0.9970430731773376,0.9970430731773376,0.9970430731773376,0.020667482167482376,4.6799999836366624e-05,0.10171228647232056,4220000.0,-0.01885344460606575,-0.00029433704912662506,0.08101939409971237,0.01908278837800026,0.0013295654207468033,2.665321111679077,11254.0244140625,25.082300186157227,35.2104377746582,60.29273986816406,331.71490478515625
26.985166549682617,53.439998626708984,1000.0,211.0,-0.8735918998718262,0.02037028968334198,13.0,0.9950236678123474,0.9950236678123474,0.9950236678123474,0.021678289398550987,4.5600001612911e-05,0.10101263970136642,4240000.0,-0.019498854875564575,-0.0006454102694988251,-0.08733619004487991,0.017479371279478073,-0.0016034170985221863,2.680535078048706,11319.37890625,22.63418197631836,42.69773864746094,65.33192443847656,306.1290588378906
26.76666831970215,49.81999969482422,1000.0,212.0,-0.8777698278427124,0.021153705194592476,12.0,0.9954367280006409,0.9954367280006409,0.9954367280006409,0.02067120559513569,4.439999975147657e-05,0.10058998316526413,4260000.0,-0.017732014879584312,0.0017668399959802628,0.18993651866912842,0.01668573170900345,-0.0007936395704746246,2.698955774307251,11382.1845703125,23.047977447509766,39.73607635498047,62.78505325317383,318.5471496582031
26.683935165405273,42.380001068115234,1000.0,213.0,-0.8881258964538574,0.02065594308078289,13.0,0.9962222576141357,0.9962222576141357,0.9962222576141357,0.0195852592587471,4.320000152802095e-05,0.09955377131700516,4280000.0,-0.01987072266638279,-0.002138707786798477,0.029387500137090683,0.016131337732076645,-0.0005543939769268036,2.6938540935516357,11447.6494140625,23.751543045043945,41.69044876098633,65.4429931640625,305.6094970703125
26.464487075805664,48.63999938964844,1000.0,214.0,-0.8998540639877319,0.020718850195407867,9.0,0.9984896779060364,0.9984896779060364,0.9984896779060364,0.019140958786010742,4.199999966658652e-05,0.09839282929897308,4300000.0,-0.015780219808220863,0.004090502858161926,0.13729622960090637,0.015472525730729103,-0.0006588120013475418,2.677189350128174,11500.625,24.680374145507812,28.273170471191406,52.95354461669922,377.6895446777344
26.319063186645508,48.97999954223633,1000.0,215.0,-0.9104065299034119,0.021567029878497124,13.0,0.9987319111824036,0.9987319111824036,0.9987319111824036,0.020381350070238113,4.0800001443130895e-05,0.09736025333404541,4320000.0,-0.018278023228049278,-0.002497803419828415,-0.012547445483505726,0.01654483750462532,0.0010723117738962173,2.680340528488159,11567.6533203125,25.530685424804688,41.47603225708008,67.00672149658203,298.4775390625
26.2041015625,55.63999938964844,1000.0,216.0,-0.9223039746284485,0.021451614797115326,15.0,0.9983788728713989,0.9983788728713989,0.9983788728713989,0.02052382007241249,3.9599999581696466e-05,0.09620922803878784,4340000.0,-0.01997186243534088,-0.001693839207291603,-0.14645381271839142,0.01501491293311119,-0.0015299245715141296,2.6731791496276855,11639.1728515625,24.578140258789062,46.918601989746094,71.49674224853516,279.7330322265625
26.329486846923828,54.0,1000.0,217.0,-0.9366723895072937,0.021288225427269936,14.0,0.9975379705429077,0.9975379705429077,0.9975379705429077,0.02043312042951584,3.840000135824084e-05,0.0948365181684494,4360000.0,-0.020161090418696404,-0.00018922798335552216,0.06794421374797821,0.01662609912455082,0.0016111861914396286,2.6706881523132324,11708.6220703125,25.66970443725586,43.755088806152344,69.42479705810547,288.0815124511719
26.640356063842773,54.47999954223633,1000.0,218.0,-0.9473839998245239,0.02115444839000702,16.0,0.9963854551315308,0.9963854551315308,0.9963854551315308,0.02114332839846611,3.719999949680641e-05,0.09382560104131699,4380000.0,-0.021671099588274956,-0.0015100091695785522,0.1416579633951187,0.015999607741832733,-0.0006264913827180862,2.688704013824463,11782.3955078125,22.916072845458984,50.83531951904297,73.75139617919922,271.1813049316406
26.792436599731445,52.02000045776367,1000.0,219.0,-0.9587954878807068,0.021136080846190453,14.0,0.9969712495803833,0.9969712495803833,0.9969712495803833,0.02016480639576912,3.600000127335079e-05,0.09276144206523895,4400000.0,-0.020862985402345657,0.0008081141859292984,-0.08888770639896393,0.015959961339831352,-3.964640200138092e-05,2.6923723220825195,11851.05078125,24.84749984741211,43.785457611083984,68.6329574584961,291.4051818847656
26.917001724243164,56.400001525878906,1000.0,220.0,-0.9721763134002686,0.02048603817820549,17.0,0.9973918795585632,0.9973918795585632,0.9973918795585632,0.020438525825738907,3.479999941191636e-05,0.09152840822935104,4420000.0,-0.021328706294298172,-0.00046572089195251465,-0.23893974721431732,0.016207102686166763,0.00024714134633541107,2.7127156257629395,11929.97265625,25.475780487060547,53.424530029296875,78.90031433105469,253.4844207763672
26.826828002929688,54.720001220703125,1000.0,221.0,-0.9845680594444275,0.020026352256536484,16.0,0.9947176575660706,0.9947176575660706,0.9947176575660706,0.020956968888640404,3.360000118846074e-05,0.09040113538503647,4440000.0,-0.021965647116303444,-0.0006369408220052719,0.35952770709991455,0.016148874536156654,-5.822815001010895e-05,2.704132556915283,12004.8173828125,21.54973602294922,53.26948928833008,74.81922912597656,267.31097412109375
26.665132522583008,54.7599983215332,1000.0,222.0,-0.9969763159751892,0.020201092585921288,16.0,0.9965754747390747,0.9965754747390747,0.9965754747390747,0.020068837329745293,3.239999932702631e-05,0.0892871618270874,4460000.0,-0.02154221571981907,0.000423431396484375,0.131755068898201,0.016154656186699867,5.781650543212891e-06,2.6945323944091797,12076.470703125,21.251096725463867,50.37992858886719,71.63102722167969,279.2086181640625
26.227516174316406,60.2599983215332,1000.0,223.0,-1.0078376531600952,0.020277583971619606,20.0,1.0012733936309814,1.0012733936309814,1.0012733936309814,0.019814739003777504,3.1200001103570685e-05,0.0883227288722992,4480000.0,-0.01724924147129059,0.0042929742485284805,0.1367306411266327,0.017328308895230293,0.001173652708530426,2.6769492626190186,12164.4580078125,25.066795349121094,62.89754104614258,87.96487426757812,227.3634796142578
26.135997772216797,62.20000076293945,1000.0,224.0,-1.0214744806289673,0.02146541140973568,19.0,0.9974609017372131,0.9974609017372131,0.9974609017372131,0.02050790563225746,2.9999999242136255e-05,0.08712778240442276,4500000.0,-0.022602099925279617,-0.005352858453989029,-0.001518692821264267,0.01663343422114849,-0.0006948746740818024,2.711252450942993,12247.5390625,22.77664566040039,60.27898406982422,83.05562591552734,240.80247497558594
26.104284286499023,64.58000183105469,1000.0,225.0,-1.034342885017395,0.020699800923466682,18.0,0.9953199028968811,0.9953199028968811,0.9953199028968811,0.020280232653021812,2.879999919969123e-05,0.0860128179192543,4520000.0,-0.022560738027095795,4.136189818382263e-05,-0.03700142353773117,0.014674334786832333,-0.0019590994343161583,2.700986623764038,12326.4365234375,22.156845092773438,56.71804428100586,78.87488555908203,253.56613159179688
26.264925003051758,48.31999969482422,1000.0,226.0,-1.0476858615875244,0.021843666210770607,24.0,1.0005548000335693,1.0005548000335693,1.0005548000335693,0.02009126916527748,2.7599999157246202e-05,0.08487465232610703,4540000.0,-0.020890887826681137,0.0016698502004146576,-0.036471329629421234,0.017315413802862167,0.0026410790160298347,2.693497657775879,12426.234375,24.243398666381836,75.53071594238281,99.77410888671875,200.4528045654297
26.338159561157227,46.540000915527344,1000.0,227.0,-1.0614144802093506,0.020412348210811615,19.0,0.9954673647880554,0.9954673647880554,0.9954673647880554,0.019724607467651367,2.6399999114801176e-05,0.08371929079294205,4560000.0,-0.022812366485595703,-0.001921478658914566,0.1386922150850296,0.01711326651275158,-0.00020214729011058807,2.695706605911255,12505.8916015625,20.133560180664062,59.50038146972656,79.63394165039062,251.14918518066406
26.371110916137695,46.439998626708984,1000.0,228.0,-1.074750304222107,0.020065581426024437,19.0,0.9983009099960327,0.9983009099960327,0.9983009099960327,0.01965329982340336,2.5200000891345553e-05,0.08261211216449738,4580000.0,-0.023175621405243874,-0.00036325491964817047,0.17523688077926636,0.016382703557610512,-0.0007305629551410675,2.6944358348846436,12587.970703125,24.74118423461914,57.31304168701172,82.05522918701172,243.73828125
26.448564529418945,50.91999816894531,1000.0,229.0,-1.0914636850357056,0.02053290791809559,20.0,0.9992649555206299,0.9992649555206299,0.9992649555206299,0.01963815465569496,2.4000000848900527e-05,0.08124575763940811,4600000.0,-0.020922977477312088,0.0022526439279317856,0.07447636872529984,0.01787399873137474,0.0014912951737642288,2.6843626499176025,12676.01953125,25.298017501831055,62.719993591308594,88.01801300048828,227.22621154785156
26.460351943969727,51.2400016784668,1000.0,230.0,-1.1069910526275635,0.020747002214193344,24.0,0.9971075057983398,0.9971075057983398,0.9971075057983398,0.01993316225707531,2.28000008064555e-05,0.0799979642033577,4620000.0,-0.023684529587626457,-0.002761552110314369,-0.10061632841825485,0.01642553322017193,-0.0014484655112028122,2.692955732345581,12770.603515625,21.658771514892578,72.8985824584961,94.558349609375,211.50961303710938
26.195270538330078,56.619998931884766,1000.0,231.0,-1.1164287328720093,0.021472353488206863,27.0,0.9964338541030884,0.9964338541030884,0.9964338541030884,0.019715022295713425,2.1600000764010474e-05,0.07924599945545197,4640000.0,-0.02468513324856758,-0.001000603660941124,0.011832855641841888,0.018088925629854202,0.0016633924096822739,2.6746551990509033,12878.919921875,23.646095275878906,84.6453628540039,108.29145812988281,184.686767578125
26.681928634643555,53.900001525878906,1000.0,232.0,-1.1300281286239624,0.020139096304774284,23.0,0.9978819489479065,0.9978819489479065,0.9978819489479065,0.019149260595440865,2.0400000721565448e-05,0.07817845046520233,4660000.0,-0.02407357469201088,0.0006115585565567017,0.07580950856208801,0.01795353554189205,-0.00013539008796215057,2.698261022567749,12971.4833984375,20.847909927368164,71.68923950195312,92.53714752197266,216.12940979003906
26.627050399780273,56.060001373291016,1000.0,233.0,-1.142274260520935,0.021745366975665092,26.0,0.994773268699646,0.994773268699646,0.994773268699646,0.01991121470928192,1.920000067912042e-05,0.07722847908735275,4680000.0,-0.024065814912319183,7.759779691696167e-06,-0.2504994869232178,0.017378171905875206,-0.0005753636360168457,2.710455894470215,13072.490234375,21.063989639282227,79.9184341430664,100.98242950439453,198.05426025390625
26.379247665405273,59.599998474121094,1000.0,234.0,-1.149801254272461,0.021275261417031288,32.0,0.9973976016044617,0.9973976016044617,0.9973976016044617,0.019832095131278038,1.8000000636675395e-05,0.07665090262889862,4700000.0,-0.02268890291452408,0.001376911997795105,-0.41208285093307495,0.017811261117458344,0.0004330892115831375,2.7005012035369873,13194.2060546875,25.244049072265625,96.43844604492188,121.68350219726562,164.36082458496094
26.711301803588867,56.779998779296875,1000.0,235.0,-1.161842942237854,0.02064622938632965,30.0,0.9962241649627686,0.9962241649627686,0.9962241649627686,0.019738616421818733,1.680000059423037e-05,0.07573311030864716,4720000.0,-0.02692415565252304,-0.004235252737998962,0.11438573896884918,0.016955804079771042,-0.0008554570376873016,2.7028727531433105,13311.0869140625,24.197189331054688,92.65564727783203,116.85283660888672,171.15545654296875
26.753456115722656,56.36000061035156,1000.0,236.0,-1.17635178565979,0.02022523432970047,30.0,0.9960634112358093,0.9960634112358093,0.9960634112358093,0.019378269091248512,1.5600000551785342e-05,0.07464630156755447,4740000.0,-0.027474934235215187,-0.0005507785826921463,0.09640083461999893,0.014682539738714695,-0.002273264341056347,2.728022575378418,13424.3642578125,20.131166458129883,93.11739349365234,113.24856567382812,176.60267639160156
26.807554244995117,58.97999954223633,1000.0,237.0,-1.1867237091064453,0.021131975576281548,29.0,0.9963026642799377,0.9963026642799377,0.9963026642799377,0.01944635808467865,1.4399999599845614e-05,0.07387974858283997,4760000.0,-0.02564867027103901,0.001826263964176178,0.11449074745178223,0.014944895170629025,0.00026235543191432953,2.717613458633423,13537.314453125,24.9594783782959,87.95995330810547,112.91943359375,177.117431640625
26.528432846069336,59.7400016784668,1000.0,238.0,-1.1975317001342773,0.020000170916318893,33.0,0.9957437515258789,0.9957437515258789,0.9957437515258789,0.019186988472938538,1.3199999557400588e-05,0.07308371365070343,4780000.0,-0.025303270667791367,0.0003453996032476425,-0.022842111065983772,0.015234502963721752,0.00028960779309272766,2.7221341133117676,13659.390625,20.107030868530273,101.9432144165039,122.05024719238281,163.866943359375
26.50278091430664,58.20000076293945,1000.0,239.0,-1.2101409435272217,0.019593313336372375,40.0,0.9959191679954529,0.9959191679954529,0.9959191679954529,0.019329719245433807,1.2000000424450263e-05,0.07216639071702957,4800000.0,-0.027314234524965286,-0.0020109638571739197,-0.022969678044319153,0.01578037440776825,0.0005458714440464973,2.71148681640625,13804.1337890625,23.619373321533203,121.0929946899414,144.7123565673828,138.20518493652344
26.710960388183594,53.20000076293945,1000.0,240.0,-1.2220078706741333,0.01914936676621437,40.0,0.9950798153877258,0.9950798153877258,0.9950798153877258,0.01932247169315815,1.0800000382005237e-05,0.07131142914295197,4820000.0,-0.02677520178258419,0.0005390327423810959,-0.4196512699127197,0.017165975645184517,0.0013856012374162674,2.7081353664398193,13947.162109375,24.42071533203125,118.57371520996094,142.9944305419922,139.86558532714844
26.758695602416992,54.2400016784668,1000.0,241.0,-1.235597848892212,0.01803845725953579,40.0,0.9968764781951904,0.9968764781951904,0.9968764781951904,0.017793992534279823,9.60000033956021e-06,0.07034912705421448,4840000.0,-0.028009040281176567,-0.0012338384985923767,0.031216876581311226,0.016117343679070473,-0.0010486319661140442,2.6910974979400635,14091.162109375,21.113027572631836,122.85357666015625,143.96661376953125,138.9210968017578
26.460634231567383,53.599998474121094,1000.0,242.0,-1.2494996786117554,0.01669188402593136,40.0,0.9990140199661255,0.9990140199661255,0.9990140199661255,0.0178170595318079,8.400000297115184e-06,0.06937950849533081,4860000.0,-0.02401275560259819,0.003996284678578377,-0.02727145329117775,0.019639603793621063,0.0035222601145505905,2.67608904838562,14230.201171875,20.421463012695312,118.58606719970703,139.0075225830078,143.87710571289062
26.637493133544922,52.36000061035156,1000.0,243.0,-1.2619993686676025,0.01581474579870701,40.0,0.9969024658203125,0.9969024658203125,0.9969024658203125,0.017205795273184776,7.199999799922807e-06,0.06852181255817413,4880000.0,-0.02569427527487278,-0.0016815196722745895,0.0531340166926384,0.01707571931183338,-0.0025638844817876816,2.7040810585021973,14373.7060546875,23.44422149658203,120.0305404663086,143.47476196289062,139.3973388671875
26.312519073486328,55.81999969482422,1000.0,244.0,-1.2680840492248535,0.011690606363117695,40.0,1.0022307634353638,1.0022307634353638,1.0022307634353638,0.015270043164491653,6.000000212225132e-06,0.06810229271650314,4900000.0,-0.018956594169139862,0.006737681105732918,0.19164636731147766,0.014627599157392979,-0.002448120154440403,2.697718858718872,14513.2509765625,19.85186004638672,119.66230773925781,139.51416015625,143.3546142578125
26.104677200317383,57.5,1000.0,245.0,-1.2747129201889038,0.013067584484815598,40.0,0.9984227418899536,0.9984227418899536,0.9984227418899536,0.0157789159566164,4.800000169780105e-06,0.06765136122703552,4920000.0,-0.022456612437963486,-0.0035000182688236237,0.10296143591403961,0.01646873541176319,0.0018411362543702126,2.708341121673584,14656.7998046875,22.148155212402344,121.36898040771484,143.5171356201172,139.35618591308594
25.953229904174805,53.939998626708984,1000.0,246.0,-1.280456304550171,0.009366605430841446,40.0,1.0004373788833618,1.0004373788833618,1.0004373788833618,0.013829264789819717,3.5999998999614036e-06,0.06726572662591934,4940000.0,-0.01892775483429432,0.0035288576036691666,0.25254935026168823,0.017134148627519608,0.0006654132157564163,2.6954376697540283,14796.634765625,20.721433639526367,119.0791015625,139.800537109375,143.0609588623047
26.456653594970703,52.2400016784668,1000.0,247.0,-1.284429669380188,0.009064110927283764,40.0,0.9994693398475647,0.9994693398475647,0.9994693398475647,0.013650142587721348,2.4000000848900527e-06,0.06700016558170319,4960000.0,-0.018563367426395416,0.0003643874078989029,-0.1346011459827423,0.01857992634177208,0.001445777714252472,2.6874215602874756,14936.556640625,19.93165397644043,119.959228515625,139.89088439941406,142.9685821533203
26.551959991455078,49.36000061035156,1000.0,248.0,-1.288980484008789,0.007145081181079149,40.0,0.9984937906265259,0.9984937906265259,0.9984937906265259,0.01238545123487711,1.2000000424450263e-06,0.06669632345438004,4980000.0,-0.016006004065275192,0.002557363361120224,-0.07581207901239395,0.016793614253401756,-0.0017863120883703232,2.6894428730010986,15078.2451171875,21.08739471435547,120.56910705566406,141.65650939941406,141.1865997314453
26.86072540283203,51.720001220703125,1000.0,249.0,-1.2913455963134766,0.00461884168908,40.0,1.0000100135803223,1.0000100135803223,1.0000100135803223,0.010197686962783337,0.0,0.06653916090726852,5000000.0,-0.010991903021931648,0.005014101043343544,-0.26255759596824646,0.01615024171769619,-0.0006433725357055664,2.7062833309173584,15219.330078125,22.003768920898438,119.05030059814453,141.05406188964844,141.7895965576172
