Metrics/EpRet,Metrics/EpCost,Metrics/EpLen,Train/Epoch,Train/Entropy,Train/KL,Train/StopIter,Train/PolicyRatio,Train/PolicyRatio/Min,Train/PolicyRatio/Max,Train/PolicyRatio/Std,Train/LR,Train/PolicyStd,TotalEnvSteps,Loss/Loss_pi,Loss/Loss_pi/Delta,Value/Adv,Loss/Loss_reward_critic,Loss/Loss_reward_critic/Delta,Value/reward,Loss/Loss_cost_critic,Loss/Loss_cost_critic/Delta,Value/cost,Time/Total,Time/Rollout,Time/Update,Time/Epoch,Time/FPS,Metrics/LagrangeMultiplier
-1.3909698724746704,53.6875,1000.0,0.0,1.4152919054031372,0.014174769632518291,40.0,0.9977372288703918,0.9977372288703918,0.9977372288703918,0.018539953976869583,0.00029880000511184335,0.996488094329834,20000.0,-0.015794992446899414,-0.015794992446899414,-0.1596444845199585,0.005539637058973312,0.005539637058973312,0.031191183254122734,0.9565684795379639,0.9565684795379639,0.007206331007182598,201.61988830566406,44.89560317993164,156.72329711914062,201.618896484375,99.19705200195312,0.4581562578678131
-0.6134868860244751,90.78125,1000.0,1.0,1.4204161167144775,0.01735501177608967,40.0,1.0013656616210938,1.0013656616210938,1.0013656616210938,0.018650975078344345,0.0002975999959744513,1.0015473365783691,40000.0,-0.0583527572453022,-0.042557764798402786,0.026512065902352333,0.005129899363964796,-0.0004097376950085163,0.01811273954808712,1.0030531883239746,0.04648470878601074,1.0283405780792236,400.5924987792969,39.799678802490234,159.13365173339844,198.93333435058594,100.53619384765625,1.481751561164856
-0.43385204672813416,91.25,1000.0,2.0,1.4218140840530396,0.020133452489972115,37.0,1.0011513233184814,1.0011513233184814,1.0011513233184814,0.019596723839640617,0.00029639998683705926,1.0030238628387451,60000.0,-0.06551136076450348,-0.007158603519201279,-0.18118992447853088,0.003969264682382345,-0.0011606346815824509,0.016324438154697418,0.937721848487854,-0.0653313398361206,1.8820629119873047,587.4546508789062,39.10543441772461,147.71292114257812,186.818359375,107.05586242675781,2.494323253631592
-0.03973672538995743,101.4800033569336,1000.0,3.0,1.4305931329727173,0.02024374157190323,26.0,0.999059796333313,0.999059796333313,0.999059796333313,0.020495064556598663,0.00029520000680349767,1.011826992034912,80000.0,-0.07189535349607468,-0.0063839927315711975,-0.3473470211029053,0.004810433369129896,0.000841168686747551,0.02081947959959507,1.402971863746643,0.46525001525878906,3.8504762649536133,727.9171752929688,36.43485641479492,103.97895812988281,140.413818359375,142.43612670898438,3.647956609725952
0.0708286464214325,80.13999938964844,1000.0,4.0,1.4242262840270996,0.02049490436911583,25.0,1.0015212297439575,1.0015212297439575,1.0015212297439575,0.02066129818558693,0.00029399999766610563,1.00546395778656,100000.0,-0.05163462460041046,0.020260728895664215,-0.2924719452857971,0.0037251256871968508,-0.0010853076819330454,0.032033488154411316,0.7329956889152527,-0.6699761748313904,3.3299098014831543,866.8045043945312,34.683631896972656,104.17118835449219,138.8548126220703,144.03533935546875,4.451378345489502
0.03679128736257553,81.0,1000.0,5.0,1.4104331731796265,0.02006104215979576,23.0,1.003298282623291,1.003298282623291,1.003298282623291,0.021116184070706367,0.0002927999885287136,0.9917680025100708,120000.0,-0.055628541857004166,-0.003993917256593704,0.269683301448822,0.004043233580887318,0.0003181078936904669,0.01262412965297699,0.8646784424781799,0.13168275356292725,3.7327497005462646,993.3270263671875,31.073089599609375,95.41859436035156,126.49168395996094,158.1131591796875,5.255528450012207
0.03296763077378273,44.97999954223633,1000.0,6.0,1.4131611585617065,0.02103869989514351,20.0,1.0003613233566284,1.0003613233566284,1.0003613233566284,0.021055148914456367,0.000291600008495152,0.9946293830871582,140000.0,-0.05365242809057236,0.0019761137664318085,0.00015474483370780945,0.00394333666190505,-9.989691898226738e-05,0.011894159018993378,0.8411855101585388,-0.023492932319641113,2.90749192237854,1110.499755859375,33.4786376953125,83.66451263427734,117.14314270019531,170.73129272460938,5.489161491394043
-0.16265363991260529,50.81999969482422,1000.0,7.0,1.4072203636169434,0.022521432489156723,8.0,1.0010703802108765,1.0010703802108765,1.0010703802108765,0.018986154347658157,0.00029039999935775995,0.9887228012084961,160000.0,-0.03183644637465477,0.021815981715917587,-0.1003594696521759,0.004634798504412174,0.000691461842507124,-0.01932287961244583,1.6072542667388916,0.7660687565803528,2.859462022781372,1181.16552734375,34.58794403076172,36.04777145385742,70.63571166992188,283.14288330078125,5.811622619628906
-0.4739152491092682,34.439998626708984,1000.0,8.0,1.4025425910949707,0.02094942145049572,22.0,1.0006458759307861,1.0006458759307861,1.0006458759307861,0.02012059837579727,0.0002891999902203679,0.9841916561126709,180000.0,-0.03884883597493172,-0.007012389600276947,-0.05800308287143707,0.003506128676235676,-0.0011286698281764984,-0.008448822423815727,0.5915110111236572,-1.0157432556152344,3.0799670219421387,1306.5093994140625,30.712095260620117,94.599609375,125.31170654296875,159.6020050048828,5.876981258392334
-0.6798652410507202,36.540000915527344,1000.0,9.0,1.391505479812622,0.02067491225898266,16.0,1.0022392272949219,1.0022392272949219,1.0022392272949219,0.020499704405665398,0.0002880000101868063,0.9737219214439392,200000.0,-0.04160033538937569,-0.0027514994144439697,0.17114511132240295,0.00547951040789485,0.001973381731659174,-0.018536647781729698,0.6406244039535522,0.04911339282989502,2.7441933155059814,1409.2840576171875,31.81808090209961,70.9275131225586,102.74559020996094,194.65554809570312,5.976341247558594
-0.8673498630523682,21.940000534057617,1000.0,10.0,1.3798459768295288,0.020066354423761368,15.0,1.000954270362854,1.000954270362854,1.000954270362854,0.019667373970150948,0.0002868000010494143,0.9624171257019043,220000.0,-0.02984672412276268,0.011753611266613007,-0.09264057874679565,0.0042763976380229,-0.0012031127698719501,-0.03658163920044899,0.5677511096000671,-0.07287329435348511,2.701704502105713,1505.2098388671875,30.012502670288086,65.88431549072266,95.89682006835938,208.5574951171875,5.823359966278076
-0.6423628330230713,29.719999313354492,1000.0,11.0,1.3761128187179565,0.02002127654850483,8.0,0.9990289807319641,0.9990289807319641,0.9990289807319641,0.020393088459968567,0.00028559999191202223,0.9590653777122498,240000.0,-0.02675936184823513,0.0030873622745275497,-0.018025808036327362,0.00457328325137496,0.0002968856133520603,-0.05949801206588745,0.7923256158828735,0.2245745062828064,2.546619415283203,1573.94775390625,32.77620315551758,35.93447494506836,68.71067810058594,291.0755920410156,5.77854061126709
-0.6323174834251404,23.860000610351562,1000.0,12.0,1.3654685020446777,0.020286694169044495,17.0,1.0019596815109253,1.0019596815109253,1.0019596815109253,0.020833762362599373,0.00028440001187846065,0.9491901993751526,260000.0,-0.03843521699309349,-0.01167585514485836,-0.22729399800300598,0.004552037920802832,-2.1245330572128296e-05,0.0013635102659463882,0.4709970951080322,-0.3213285207748413,2.5190305709838867,1683.7122802734375,36.1564826965332,73.5844955444336,109.74097442626953,182.24732971191406,5.647258281707764
-0.7168053388595581,25.440000534057617,1000.0,13.0,1.3472654819488525,0.022240299731492996,13.0,1.0016672611236572,1.0016672611236572,1.0016672611236572,0.020608531311154366,0.0002832000027410686,0.9320108890533447,280000.0,-0.02329309470951557,0.015142122283577919,0.2862887382507324,0.005235013552010059,0.0006829756312072277,-0.05846434459090233,0.47362154722213745,0.0026244521141052246,2.250537395477295,1774.153564453125,32.95079803466797,57.462310791015625,90.4131088256836,221.2068634033203,5.54134464263916
-0.9827722311019897,20.15999984741211,1000.0,14.0,1.3457015752792358,0.020765341818332672,13.0,1.0024261474609375,1.0024261474609375,1.0024261474609375,0.01974283903837204,0.00028199999360367656,0.9306023120880127,300000.0,-0.02754640206694603,-0.004253307357430458,0.06392957270145416,0.005004999227821827,-0.00023001432418823242,-0.032178062945604324,0.5283189415931702,0.054697394371032715,1.59346604347229,1863.9371337890625,34.44178771972656,55.315277099609375,89.75706481933594,222.8236846923828,5.369776725769043
-1.1307320594787598,35.86000061035156,1000.0,15.0,1.3351610898971558,0.020777838304638863,22.0,1.00701904296875,1.00701904296875,1.00701904296875,0.021802760660648346,0.00028080001357011497,0.920350968837738,320000.0,-0.05932330712676048,-0.03177690505981445,-0.06007464602589607,0.004978202749043703,-2.6796478778123856e-05,-0.04996086284518242,0.5232930779457092,-0.0050258636474609375,2.404606342315674,1997.6453857421875,37.98648452758789,95.69615936279297,133.68264770507812,149.60806274414062,5.447287082672119
-1.1809178590774536,32.880001068115234,1000.0,16.0,1.3217898607254028,0.020874911919236183,14.0,1.0000091791152954,1.0000091791152954,1.0000091791152954,0.020332062616944313,0.0002796000044327229,0.907935619354248,340000.0,-0.031032416969537735,0.028290890157222748,-0.07944846898317337,0.004711808171123266,-0.00026639457792043686,-0.04755744710564613,0.4135412573814392,-0.10975182056427002,1.949841022491455,2091.822998046875,32.05336380004883,62.09452438354492,94.14788818359375,212.43173217773438,5.498172283172607
-1.2188915014266968,32.880001068115234,1000.0,17.0,1.309643030166626,0.024402767419815063,6.0,0.9979895949363708,0.9979895949363708,0.9979895949363708,0.0203287061303854,0.0002783999952953309,0.8970862627029419,360000.0,-0.01716228574514389,0.013870131224393845,0.023317836225032806,0.006424660794436932,0.0017128526233136654,-0.08130382001399994,0.8235184550285339,0.4099771976470947,2.5018701553344727,2150.597900390625,32.03778839111328,26.70943260192871,58.747222900390625,340.441650390625,5.54753303527832
-0.8067837357521057,27.639999389648438,1000.0,18.0,1.3011674880981445,0.021210750564932823,16.0,1.0036765336990356,1.0036765336990356,1.0036765336990356,0.021299557760357857,0.00027719998615793884,0.8893817663192749,380000.0,-0.0325184240937233,-0.015356138348579407,0.19185474514961243,0.007227146532386541,0.0008024857379496098,-0.10197035223245621,0.43502241373062134,-0.3884960412979126,3.091209650039673,2259.236083984375,38.990013122558594,69.61383819580078,108.60485076904297,184.15383911132812,5.525335788726807
-0.44665640592575073,18.040000915527344,1000.0,19.0,1.3069649934768677,0.020905759185552597,10.0,1.0020672082901,1.0020672082901,1.0020672082901,0.021864065900444984,0.00027600000612437725,0.8945462107658386,400000.0,-0.034469641745090485,-0.0019512176513671875,-0.3078632652759552,0.007211572956293821,-1.5573576092720032e-05,-0.02994791604578495,0.7191070914268494,0.284084677696228,1.976181983947754,2339.07080078125,34.71131134033203,45.095951080322266,79.80726623535156,250.603759765625,5.35571813583374
0.07872293144464493,22.440000534057617,1000.0,20.0,1.3023555278778076,0.021610863506793976,12.0,0.9995989203453064,0.9995989203453064,0.9995989203453064,0.020495038479566574,0.0002747999969869852,0.8904619812965393,420000.0,-0.02679363824427128,0.007676003500819206,-0.04942558705806732,0.005640349350869656,-0.0015712236054241657,-0.03151534125208855,0.5549774169921875,-0.16412967443466187,1.99628746509552,2427.51171875,34.98365783691406,53.43268585205078,88.41634368896484,226.20252990722656,5.266602039337158
0.12966540455818176,24.420000076293945,1000.0,21.0,1.2899646759033203,0.021738193929195404,12.0,1.001012921333313,1.001012921333313,1.001012921333313,0.02185451053082943,0.00027359998784959316,0.8794839978218079,440000.0,-0.0314047671854496,-0.004611128941178322,-0.15970370173454285,0.006777667906135321,0.001137318555265665,-0.0018405414884909987,1.0214813947677612,0.46650397777557373,3.3875882625579834,2512.237060546875,32.45673370361328,52.23723602294922,84.6949691772461,236.14154052734375,5.207461357116699
0.044162847101688385,22.559999465942383,1000.0,22.0,1.2797881364822388,0.02238309197127819,13.0,1.0004645586013794,1.0004645586013794,1.0004645586013794,0.020654767751693726,0.0002724000078160316,0.8705124258995056,460000.0,-0.02914540097117424,0.00225936621427536,-0.0802311971783638,0.005192056763917208,-0.001585611142218113,-0.00412454130128026,0.5307601094245911,-0.49072128534317017,1.5750421285629272,2604.930908203125,35.48871612548828,57.18014144897461,92.66885375976562,215.82223510742188,5.125087261199951
0.09014234691858292,21.639999389648438,1000.0,23.0,1.2671458721160889,0.023028643801808357,10.0,1.0018532276153564,1.0018532276153564,1.0018532276153564,0.02211003564298153,0.00027119999867863953,0.8595812320709229,480000.0,-0.030037757009267807,-0.0008923560380935669,-0.1222570613026619,0.009259971790015697,0.00406791502609849,-0.015027961693704128,0.6700223684310913,0.13926225900650024,2.19781494140625,2684.390869140625,36.40459442138672,43.03059005737305,79.43518829345703,251.77760314941406,5.031345367431641
0.14239197969436646,26.600000381469727,1000.0,24.0,1.2772620916366577,0.021169472485780716,6.0,1.001476526260376,1.001476526260376,1.001476526260376,0.021655790507793427,0.0002699999895412475,0.8683321475982666,500000.0,-0.02527490071952343,0.004762856289744377,-0.044879063963890076,0.008291638456285,-0.0009683333337306976,-0.012632408179342747,1.2916826009750366,0.6216602325439453,2.5419905185699463,2748.874755859375,38.101409912109375,26.3526668548584,64.4540786743164,310.2984619140625,5.018603801727295
0.21165287494659424,28.040000915527344,1000.0,25.0,1.2724804878234863,0.022257132455706596,12.0,0.9992741942405701,0.9992741942405701,0.9992741942405701,0.021011412143707275,0.0002688000095076859,0.8642445802688599,520000.0,-0.033238485455513,-0.00796358473598957,-0.09297428280115128,0.007672399748116732,-0.0006192387081682682,-0.045977625995874405,0.6662115454673767,-0.6254710555076599,2.516864538192749,2835.793212890625,34.18773651123047,52.70582580566406,86.89356231689453,230.16664123535156,5.0240702629089355
0.05017801374197006,35.47999954223633,1000.0,26.0,1.2762852907180786,0.021083202213048935,9.0,1.0000553131103516,1.0000553131103516,1.0000553131103516,0.022537732496857643,0.00026760000037029386,0.867624819278717,540000.0,-0.048056524246931076,-0.014818038791418076,-0.24642235040664673,0.006660358514636755,-0.0010120412334799767,-0.019028354436159134,1.3853944540023804,0.7191829085350037,2.044684886932373,2913.530517578125,38.30253219604492,39.40898132324219,77.71151733398438,257.36212158203125,5.144736289978027
0.25427883863449097,31.440000534057617,1000.0,27.0,1.265722632408142,0.02087811939418316,13.0,0.9997827410697937,0.9997827410697937,0.9997827410697937,0.020557120442390442,0.0002663999912329018,0.85856693983078,560000.0,-0.03563098609447479,0.012425538152456284,-0.00339600071310997,0.009196818806231022,0.002536460291594267,-0.02897138148546219,0.6954037547111511,-0.6899906992912292,3.033059597015381,3006.584716796875,35.6565055847168,57.37360763549805,93.03011322021484,214.98414611816406,5.20400857925415
0.3613625764846802,29.139999389648438,1000.0,28.0,1.2456024885177612,0.02297808602452278,11.0,0.9993035197257996,0.9993035197257996,0.9993035197257996,0.021084772422909737,0.0002652000111993402,0.8415175676345825,580000.0,-0.03125869855284691,0.004372287541627884,-0.015249628573656082,0.007317953743040562,-0.0018788650631904602,0.017763448879122734,0.6585788726806641,-0.03682488203048706,2.823381185531616,3091.884521484375,37.3749885559082,47.89991760253906,85.27490234375,234.53558349609375,5.229037761688232
0.37703925371170044,30.639999389648438,1000.0,29.0,1.2404835224151611,0.020755905658006668,13.0,1.0032317638397217,1.0032317638397217,1.0032317638397217,0.021774079650640488,0.0002640000020619482,0.8371997475624084,600000.0,-0.03674862161278725,-0.005489923059940338,-0.060739126056432724,0.007104205898940563,-0.00021374784409999847,0.00011087443999713287,0.6635702848434448,0.004991412162780762,2.5600483417510986,3189.074951171875,37.99950408935547,59.15742492675781,97.15692901611328,205.8525390625,5.283594131469727
0.7984069585800171,23.31999969482422,1000.0,30.0,1.2321267127990723,0.020410800352692604,8.0,0.9995739459991455,0.9995739459991455,0.9995739459991455,0.02056143619120121,0.00026279999292455614,0.8302403688430786,620000.0,-0.023858383297920227,0.01289023831486702,0.0703245997428894,0.011072118766605854,0.003967912867665291,0.06645238399505615,0.8109528422355652,0.14738255739212036,2.9229633808135986,3261.36767578125,36.519081115722656,35.73153305053711,72.2506103515625,276.81427001953125,5.222673416137695
0.9100788831710815,19.3799991607666,1000.0,31.0,1.2207374572753906,0.021036937832832336,14.0,0.9968627095222473,0.9968627095222473,0.9968627095222473,0.020613329485058784,0.00026160001289099455,0.8210065960884094,640000.0,-0.023908091709017754,-4.970841109752655e-05,0.10059089213609695,0.009182714857161045,-0.001889403909444809,0.08638907968997955,0.3529589772224426,-0.45799386501312256,2.3686864376068115,3362.500732421875,37.398101806640625,63.710052490234375,101.108154296875,197.8079833984375,5.101899147033691
1.0432050228118896,38.15999984741211,1000.0,32.0,1.2134193181991577,0.02344641648232937,1.0,0.997929573059082,0.997929573059082,0.997929573059082,0.02749519608914852,0.0002604000037536025,0.8148309588432312,660000.0,0.05335766449570656,0.07726575620472431,0.3707224130630493,0.010272033512592316,0.0010893186554312706,0.04773629084229469,4.597667694091797,4.244708716869354,1.9088886976242065,3401.149169921875,34.225948333740234,4.3953142166137695,38.62126159667969,517.8494873046875,5.276373863220215
0.5269613862037659,34.900001525878906,1000.0,33.0,1.2199440002441406,0.020096419379115105,10.0,1.0002849102020264,1.0002849102020264,1.0002849102020264,0.020048098638653755,0.00025919999461621046,0.8200116753578186,680000.0,-0.030085602775216103,-0.08344326727092266,-0.024908334016799927,0.00689066294580698,-0.0033813705667853355,0.014410885982215405,0.7334007620811462,-3.8642669320106506,1.7549829483032227,3483.85791015625,38.959896087646484,43.727943420410156,82.68783569335938,241.87353515625,5.398634433746338
0.42734047770500183,46.2400016784668,1000.0,34.0,1.2134984731674194,0.020495159551501274,8.0,1.000457525253296,1.000457525253296,1.000457525253296,0.021374324336647987,0.0002579999854788184,0.8146976828575134,700000.0,-0.03766605257987976,-0.007580449804663658,-0.027852673083543777,0.007200576364994049,0.00030991341918706894,0.06761536747217178,1.1796730756759644,0.4462723135948181,2.282315254211426,3556.591064453125,37.023685455322266,35.68427658081055,72.7089614868164,275.0692443847656,5.69302225112915
0.42656561732292175,27.760000228881836,1000.0,35.0,1.2094327211380005,0.020759960636496544,11.0,1.0021220445632935,1.0021220445632935,1.0021220445632935,0.02134834975004196,0.00025680000544525683,0.8113192915916443,720000.0,-0.03996715322136879,-0.002301100641489029,0.16913732886314392,0.006260558497160673,-0.0009400178678333759,0.02618454582989216,0.9945492744445801,-0.18512380123138428,3.065939426422119,3641.947998046875,37.74935531616211,47.584495544433594,85.33385467529297,234.37356567382812,5.696150302886963
0.5365210175514221,26.479999542236328,1000.0,36.0,1.1946542263031006,0.02075307071208954,9.0,0.9993065595626831,0.9993065595626831,0.9993065595626831,0.020308824256062508,0.0002555999963078648,0.7994207739830017,740000.0,-0.025492224842309952,0.014474928379058838,-0.010664504021406174,0.009509213268756866,0.0032486547715961933,0.04184430465102196,0.5664598345756531,-0.428089439868927,1.9961873292922974,3719.6748046875,38.8562126159668,38.84410858154297,77.70086669921875,257.3973693847656,5.676942348480225
0.41943198442459106,20.139999389648438,1000.0,37.0,1.1857335567474365,0.020609134808182716,7.0,1.0006072521209717,1.0006072521209717,1.0006072521209717,0.022453555837273598,0.00025439998717047274,0.7923576831817627,760000.0,-0.02820151299238205,-0.0027092881500720978,0.11888182908296585,0.008996316231787205,-0.0005128970369696617,0.05499443784356117,0.8979704976081848,0.33151066303253174,2.7197659015655518,3786.889892578125,37.025390625,30.166017532348633,67.19140625,297.6571044921875,5.5631842613220215
0.5356938242912292,23.6200008392334,1000.0,38.0,1.1845797300338745,0.021427934989333153,10.0,1.001796007156372,1.001796007156372,1.001796007156372,0.0217757448554039,0.00025320000713691115,0.7915359139442444,780000.0,-0.03822780400514603,-0.010026291012763977,0.08410719037055969,0.007472499739378691,-0.001523816492408514,0.037307724356651306,0.9139121174812317,0.015941619873046875,2.3774282932281494,3868.3388671875,37.410091400146484,44.01553726196289,81.42562866210938,245.62290954589844,5.507774829864502
0.49091199040412903,26.700000762939453,1000.0,39.0,1.18008291721344,0.02047734148800373,9.0,1.0019034147262573,1.0019034147262573,1.0019034147262573,0.02146313153207302,0.0002519999979995191,0.7880407571792603,800000.0,-0.03265809640288353,0.005569707602262497,0.12252402305603027,0.008473300375044346,0.0010008006356656551,0.08575348556041718,0.8058688640594482,-0.10804325342178345,3.038515329360962,3945.667236328125,37.11307144165039,40.19144821166992,77.30451965332031,258.71710205078125,5.501435279846191
0.4242912232875824,39.13999938964844,1000.0,40.0,1.1837146282196045,0.020219402387738228,1.0,0.9993993043899536,0.9993993043899536,0.9993993043899536,0.02071024477481842,0.00025079998886212707,0.7909625172615051,820000.0,0.03131065145134926,0.06396874785423279,-0.01554819568991661,0.013499561697244644,0.005026261322200298,0.06834371387958527,4.351891040802002,3.5460221767425537,3.997114419937134,3986.50390625,35.8116340637207,4.995062828063965,40.80769729614258,490.1036376953125,5.692742824554443
0.43161919713020325,34.97999954223633,1000.0,41.0,1.1813745498657227,0.020691141486167908,11.0,1.0029571056365967,1.0029571056365967,1.0029571056365967,0.021165229380130768,0.0002496000088285655,0.789110004901886,840000.0,-0.04027240350842476,-0.07158305495977402,0.4781500995159149,0.009482568129897118,-0.0040169935673475266,0.09142323583364487,0.8876867294311523,-3.4642043113708496,2.568007469177246,4073.5498046875,37.645198822021484,49.380516052246094,87.02571105957031,229.817138671875,5.819045066833496
0.4167039394378662,33.459999084472656,1000.0,42.0,1.1669116020202637,0.022035986185073853,12.0,1.0006906986236572,1.0006906986236572,1.0006906986236572,0.02157936803996563,0.00024839999969117343,0.7780222296714783,860000.0,-0.03646308556199074,0.003809317946434021,-0.2688610851764679,0.008070645853877068,-0.00141192227602005,0.1755095273256302,0.5689383745193481,-0.3187483549118042,3.63024640083313,4169.1591796875,40.44760513305664,55.135597229003906,95.58319854736328,209.24179077148438,5.911072254180908
0.3635622262954712,21.299999237060547,1000.0,43.0,1.1561052799224854,0.020129883661866188,10.0,1.0013082027435303,1.0013082027435303,1.0013082027435303,0.021338408812880516,0.0002471999905537814,0.7697149515151978,880000.0,-0.023485887795686722,0.012977197766304016,0.25901323556900024,0.007033636327832937,-0.0010370095260441303,0.07176413387060165,0.7030612230300903,0.1341228485107422,2.095008373260498,4250.12744140625,36.43671798706055,44.50642395019531,80.94314575195312,247.08702087402344,5.815877914428711
0.28853705525398254,18.700000762939453,1000.0,44.0,1.1449781656265259,0.02098711021244526,10.0,1.000482201576233,1.000482201576233,1.000482201576233,0.020687095820903778,0.0002460000105202198,0.7611673474311829,900000.0,-0.028575323522090912,-0.00508943572640419,-0.013875158503651619,0.009584764018654823,0.002551127690821886,0.08002349734306335,0.433838427066803,-0.26922279596328735,1.6737654209136963,4332.82470703125,37.080596923828125,45.592552185058594,82.67314910888672,241.91651916503906,5.681753635406494
0.44317421317100525,23.799999237060547,1000.0,45.0,1.14218270778656,0.02654317021369934,1.0,0.998741865158081,0.998741865158081,0.998741865158081,0.02159835584461689,0.00024480000138282776,0.7590219974517822,920000.0,0.01212637685239315,0.04070170037448406,-0.08430374413728714,0.01145203411579132,0.0018672700971364975,0.15668119490146637,2.4359593391418457,2.0021209120750427,2.9480035305023193,4374.00537109375,36.54310989379883,4.613622665405273,41.15673065185547,485.9472351074219,5.637325286865234
0.5541250109672546,24.920000076293945,1000.0,46.0,1.1490700244903564,0.022188402712345123,9.0,0.9997581839561462,0.9997581839561462,0.9997581839561462,0.021666478365659714,0.00024360000679735094,0.7643446922302246,940000.0,-0.029513360932469368,-0.04163973778486252,0.01799054816365242,0.01078158337622881,-0.0006704507395625114,0.07147930562496185,0.706425130367279,-1.7295342087745667,2.286978006362915,4452.36669921875,36.59529113769531,41.74300003051758,78.33828735351562,255.30299377441406,5.611318588256836
0.45789459347724915,29.920000076293945,1000.0,47.0,1.1413050889968872,0.024746404960751534,10.0,1.0004366636276245,1.0004366636276245,1.0004366636276245,0.0223196092993021,0.0002423999976599589,0.7583207488059998,960000.0,-0.03191918507218361,-0.002405824139714241,-0.025543007999658585,0.007140686269849539,-0.0036408971063792706,0.07032354921102524,0.6604453325271606,-0.04597979784011841,2.058931350708008,4533.6845703125,35.953346252441406,45.32818603515625,81.28153228759766,246.058349609375,5.661571979522705
0.4739122688770294,18.18000030517578,1000.0,48.0,1.121419906616211,0.020918207243084908,9.0,1.0000959634780884,1.0000959634780884,1.0000959634780884,0.01934673823416233,0.00024120000307448208,0.7436227202415466,980000.0,-0.017882971093058586,0.014036213979125023,-0.1003774031996727,0.007729222532361746,0.000588536262512207,0.04524162411689758,0.42294931411743164,-0.237496018409729,1.7351293563842773,4610.193359375,35.42472839355469,41.0472297668457,76.47196197509766,261.5337829589844,5.535672664642334
0.5863416790962219,18.68000030517578,1000.0,49.0,1.1169507503509521,0.02049161121249199,9.0,1.0064808130264282,1.0064808130264282,1.0064808130264282,0.025432663038372993,0.00023999999393709004,0.7404682636260986,1000000.0,-0.02925489842891693,-0.011371927335858345,0.25112923979759216,0.00818884838372469,0.00045962585136294365,0.0747024267911911,0.7498186826705933,0.3268693685531616,2.3970448970794678,4686.7451171875,33.71188735961914,42.81282424926758,76.52471160888672,261.3534851074219,5.420158386230469
0.5162751078605652,22.559999465942383,1000.0,50.0,1.1179155111312866,0.021441958844661713,6.0,1.00052011013031,1.00052011013031,1.00052011013031,0.020596440881490707,0.00023879999935161322,0.7412672638893127,1020000.0,-0.02627864107489586,0.0029762573540210724,-0.03330748528242111,0.009324073791503906,0.0011352254077792168,0.07515133917331696,1.0609829425811768,0.3111642599105835,2.630373239517212,4747.3916015625,32.667720794677734,27.94485855102539,60.612579345703125,329.9645080566406,5.36545991897583
0.6128935813903809,22.540000915527344,1000.0,51.0,1.1077028512954712,0.02330126240849495,9.0,1.0016814470291138,1.0016814470291138,1.0016814470291138,0.021590031683444977,0.0002376000047661364,0.73386549949646,1040000.0,-0.03350212052464485,-0.007223479449748993,-0.008338822051882744,0.011014646850526333,0.0016905730590224266,0.06975231319665909,0.6066431403160095,-0.45433980226516724,2.310128927230835,4825.05615234375,37.29515075683594,40.34656524658203,77.64171600341797,257.5934753417969,5.311976432800293
0.5669389963150024,31.559999465942383,1000.0,52.0,1.0993205308914185,0.020167740061879158,1.0,0.9999714493751526,0.9999714493751526,0.9999714493751526,0.02390693686902523,0.00023639999562874436,0.7278083562850952,1060000.0,0.026564177125692368,0.06006629765033722,-0.08414270728826523,0.012100075371563435,0.0010854285210371017,0.09981280565261841,2.1659836769104004,1.5593405365943909,2.915503740310669,4866.4833984375,37.22321319580078,4.167724609375,41.39093780517578,483.19757080078125,5.395236968994141
0.46797046065330505,23.700000762939453,1000.0,53.0,1.1005511283874512,0.021196480840444565,9.0,0.999618411064148,0.999618411064148,0.999618411064148,0.019917288795113564,0.00023520000104326755,0.7289044857025146,1080000.0,-0.025086188688874245,-0.05165036581456661,0.11413486301898956,0.00855699647217989,-0.003543078899383545,0.07918497920036316,0.5568405389785767,-1.6091431379318237,2.560159683227539,4942.78955078125,36.476783752441406,39.81052780151367,76.28730773925781,262.16680908203125,5.359714508056641
0.6245875358581543,24.940000534057617,1000.0,54.0,1.1055669784545898,0.02518492564558983,1.0,0.9989116191864014,0.9989116191864014,0.9989116191864014,0.023708458989858627,0.00023400000645779073,0.7325010895729065,1100000.0,0.02403598465025425,0.049122173339128494,-0.055501725524663925,0.012497622519731522,0.003940626047551632,0.12698207795619965,2.214320421218872,1.6574798822402954,2.2956933975219727,4983.97021484375,36.28341293334961,4.872842311859131,41.15625762939453,485.9528503417969,5.3439178466796875
0.6121183037757874,18.84000015258789,1000.0,55.0,1.1034767627716064,0.020606979727745056,8.0,0.9979347586631775,0.9979347586631775,0.9979347586631775,0.019745435565710068,0.0002327999973203987,0.7311951518058777,1120000.0,-0.029353026300668716,-0.053389010950922966,-0.16028131544589996,0.007938527502119541,-0.0045590950176119804,-0.015539117157459259,0.6486794352531433,-1.5656409859657288,2.2163119316101074,5056.4794921875,35.75482940673828,36.73166275024414,72.48648834228516,275.9134826660156,5.237381458282471
0.7092525959014893,18.68000030517578,1000.0,56.0,1.0911141633987427,0.021161092445254326,11.0,1.001368522644043,1.001368522644043,1.001368522644043,0.019970577210187912,0.00023160000273492187,0.7223213315010071,1140000.0,-0.02036254107952118,0.008990485221147537,-0.13510668277740479,0.006792472209781408,-0.0011460552923381329,-0.03262766823172569,0.39977604150772095,-0.24890339374542236,2.038546323776245,5140.45654296875,34.86245346069336,49.091285705566406,83.95374298095703,238.22642517089844,5.130692005157471
0.491172194480896,20.0,1000.0,57.0,1.0838100910186768,0.02050771936774254,8.0,1.0024968385696411,1.0024968385696411,1.0024968385696411,0.0228586383163929,0.00023039999359752983,0.7168709635734558,1160000.0,-0.02183425799012184,-0.0014717169106006622,-0.15615375339984894,0.008486637845635414,0.0016941656358540058,0.009931473061442375,0.5703473091125488,0.17057126760482788,1.9644109010696411,5212.056640625,36.68891143798828,34.883934020996094,71.57384490966797,279.43170166015625,5.045976638793945
0.7063233852386475,31.760000228881836,1000.0,58.0,1.0752861499786377,0.025207998231053352,1.0,1.003939151763916,1.003939151763916,1.003939151763916,0.030152244493365288,0.000229199999012053,0.7108184695243835,1180000.0,0.04009290784597397,0.06192716583609581,-0.2191203087568283,0.009711653925478458,0.0012250160798430443,0.029297400265932083,4.237587928771973,3.667240619659424,2.4202194213867188,5254.2763671875,37.909854888916016,4.285672664642334,42.195526123046875,473.98388671875,5.139397144317627
0.5983996391296387,28.920000076293945,1000.0,59.0,1.078055500984192,0.02151377871632576,13.0,1.001929521560669,1.001929521560669,1.001929521560669,0.021393459290266037,0.0002280000044265762,0.7128166556358337,1200000.0,-0.03011460229754448,-0.07020751014351845,-0.04147894307971001,0.007943416945636272,-0.001768236979842186,0.1008620336651802,0.621588408946991,-3.6159995198249817,2.6296029090881348,5352.505859375,40.23818588256836,57.9708137512207,98.20899963378906,203.64732360839844,5.188926696777344
0.7387362122535706,31.459999084472656,1000.0,60.0,1.0702247619628906,0.021478183567523956,8.0,1.0018976926803589,1.0018976926803589,1.0018976926803589,0.021467680111527443,0.00022679999528918415,0.7076318860054016,1220000.0,-0.033605094999074936,-0.0034904927015304565,-0.00010069459676742554,0.008077048696577549,0.00013363175094127655,0.09324145317077637,0.6800762414932251,0.05848783254623413,2.5157175064086914,5426.46728515625,37.44452667236328,36.49207305908203,73.93659973144531,270.5020446777344,5.2760396003723145
0.4297123849391937,21.3799991607666,1000.0,61.0,1.06904935836792,0.022848989814519882,1.0,1.002023696899414,1.002023696899414,1.002023696899414,0.020921960473060608,0.00022560000070370734,0.7067751884460449,1240000.0,0.034390371292829514,0.06799546629190445,-0.40929704904556274,0.006906244903802872,-0.0011708037927746773,-0.0006412872462533414,3.145897150039673,2.4658209085464478,2.34254789352417,5466.4306640625,35.685733795166016,4.251655578613281,39.9373893737793,500.78387451171875,5.210826873779297
0.5872904062271118,39.060001373291016,1000.0,62.0,1.0720006227493286,0.020432982593774796,10.0,1.0032387971878052,1.0032387971878052,1.0032387971878052,0.020895717665553093,0.00022440000611823052,0.7087848782539368,1260000.0,-0.045380283147096634,-0.07977065443992615,-0.10226500034332275,0.005927982274442911,-0.0009782626293599606,0.04456110671162605,1.2193717956542969,-1.926525354385376,3.007204532623291,5548.30908203125,37.754425048828125,44.101585388183594,81.85601043701172,244.33148193359375,5.412265300750732
0.8977841734886169,38.41999816894531,1000.0,63.0,1.083288311958313,0.021739918738603592,7.0,1.0010119676589966,1.0010119676589966,1.0010119676589966,0.02141311950981617,0.00022319999698083848,0.7168683409690857,1280000.0,-0.03784259408712387,0.007537689059972763,0.11764854192733765,0.01629873923957348,0.010370756965130568,0.12087727338075638,1.1888864040374756,-0.03048539161682129,4.020236492156982,5619.43505859375,39.167137145996094,31.933198928833008,71.10132598876953,281.2887268066406,5.608022689819336
0.8778210282325745,26.540000915527344,1000.0,64.0,1.0700362920761108,0.022279245778918266,14.0,1.0018301010131836,1.0018301010131836,1.0018301010131836,0.01978081464767456,0.00022200000239536166,0.7075049877166748,1300000.0,-0.022983890026807785,0.014858704060316086,0.002921922132372856,0.00637811841443181,-0.009920620825141668,0.07782740890979767,0.4176848828792572,-0.7712015211582184,2.325190305709839,5723.3271484375,34.872779846191406,68.99746704101562,103.87025451660156,192.54791259765625,5.6163411140441895
1.041079044342041,26.700000762939453,1000.0,65.0,1.0692601203918457,0.020320413634181023,6.0,1.0006184577941895,1.0006184577941895,1.0006184577941895,0.023722892627120018,0.00022079999325796962,0.7070325016975403,1320000.0,-0.029634032398462296,-0.0066501423716545105,0.19621388614177704,0.007712119724601507,0.0013340013101696968,0.02713395468890667,0.9056394696235657,0.48795458674430847,3.645564079284668,5788.72705078125,39.367435455322266,26.003982543945312,65.37240600585938,305.939453125,5.6305437088012695
0.4723573327064514,33.91999816894531,1000.0,66.0,1.0683904886245728,0.021161885932087898,9.0,1.0013282299041748,1.0013282299041748,1.0013282299041748,0.020691638812422752,0.0002195999986724928,0.7065004110336304,1340000.0,-0.03741985186934471,-0.007785819470882416,-0.00012457743287086487,0.00721841212362051,-0.0004937076009809971,0.06730122119188309,0.966857373714447,0.06121790409088135,3.0164737701416016,5866.57373046875,39.30640411376953,38.5179443359375,77.82434844970703,256.9889831542969,5.756875514984131
0.7719682455062866,45.97999954223633,1000.0,67.0,1.0639185905456543,0.0207411739975214,5.0,1.0017942190170288,1.0017942190170288,1.0017942190170288,0.02111668698489666,0.00021840000408701599,0.7034658789634705,1360000.0,-0.019932685419917107,0.017487166449427605,-0.016432635486125946,0.010008877143263817,0.0027904650196433067,0.10248956084251404,1.0893563032150269,0.12249892950057983,3.7591805458068848,5927.34912109375,39.83262634277344,20.918643951416016,60.75127029418945,329.21124267578125,6.067621231079102
0.6604878306388855,36.20000076293945,1000.0,68.0,1.0663877725601196,0.020709404721856117,11.0,0.9992357492446899,0.9992357492446899,0.9992357492446899,0.020485470071434975,0.00021719999494962394,0.7052014470100403,1380000.0,-0.02560117281973362,-0.005668487399816513,-0.10903392732143402,0.006072404328733683,-0.003936472814530134,0.11333046853542328,0.7085726261138916,-0.38078367710113525,3.012662410736084,6018.34130859375,40.92938995361328,50.04138946533203,90.97077941894531,219.850830078125,6.21584939956665
0.7335737347602844,34.02000045776367,1000.0,69.0,1.0591765642166138,0.020144592970609665,8.0,1.0014662742614746,1.0014662742614746,1.0014662742614746,0.02183154970407486,0.00021600000036414713,0.7001616954803467,1400000.0,-0.037307027727365494,-0.011705854907631874,-0.3565641939640045,0.006387218367308378,0.0003148140385746956,0.15248815715312958,1.0040061473846436,0.29543352127075195,3.5829050540924072,6090.20361328125,37.47780990600586,34.34744644165039,71.82525634765625,278.4535827636719,6.329896450042725
0.7427431344985962,23.700000762939453,1000.0,70.0,1.0526942014694214,0.022162480279803276,7.0,0.999760627746582,0.999760627746582,0.999760627746582,0.01944023370742798,0.0002148000057786703,0.6955131888389587,1420000.0,-0.028694678097963333,0.00861234962940216,-0.07490970194339752,0.009952114894986153,0.0035648965276777744,0.10171933472156525,0.767356276512146,-0.23664987087249756,2.88659405708313,6161.10009765625,39.992958068847656,30.8801212310791,70.87307739257812,282.1946105957031,6.281520843505859
1.025704026222229,33.68000030517578,1000.0,71.0,1.053341031074524,0.020295610651373863,9.0,1.0000791549682617,1.0000791549682617,1.0000791549682617,0.021920420229434967,0.00021359999664127827,0.6956990957260132,1440000.0,-0.03979530557990074,-0.011100627481937408,-0.140668123960495,0.009465948678553104,-0.00048616621643304825,0.1337583065032959,0.8068993091583252,0.0395430326461792,3.2126588821411133,6239.9072265625,38.6903190612793,40.094581604003906,78.78489685058594,253.85574340820312,6.394644260406494
1.1969376802444458,35.36000061035156,1000.0,72.0,1.043908953666687,0.020029891282320023,11.0,1.002226710319519,1.002226710319519,1.002226710319519,0.021047217771410942,0.00021240000205580145,0.6890534162521362,1460000.0,-0.04191405326128006,-0.0021187476813793182,-0.03486284613609314,0.007909947074949741,-0.001556001603603363,0.108196921646595,0.904406726360321,0.09750741720199585,3.093693256378174,6324.3857421875,35.340309143066406,49.11379623413086,84.4541015625,236.8150177001953,6.523651599884033
0.7834685444831848,34.29999923706055,1000.0,73.0,1.0315150022506714,0.020835889503359795,9.0,1.0003336668014526,1.0003336668014526,1.0003336668014526,0.020696086809039116,0.0002111999929184094,0.6802207827568054,1480000.0,-0.03581278398633003,0.0061012692749500275,-0.20700934529304504,0.0066954814828932285,-0.0012144655920565128,0.06886889040470123,0.778437077999115,-0.12596964836120605,2.704467535018921,6403.38037109375,36.08732604980469,42.882568359375,78.96989440917969,253.26107788085938,6.635278224945068
0.7846117615699768,35.720001220703125,1000.0,74.0,1.0217008590698242,0.0218439269810915,11.0,1.0045303106307983,1.0045303106307983,1.0045303106307983,0.022132327780127525,0.0002099999983329326,0.6736733913421631,1500000.0,-0.049438875168561935,-0.013626091182231903,-0.06105383485555649,0.014136048965156078,0.00744056748226285,0.15476615726947784,0.9498202204704285,0.17138314247131348,2.8746414184570312,6487.09814453125,33.52334213256836,50.156253814697266,83.68061828613281,239.00396728515625,6.773923873901367
0.8667163848876953,35.959999084472656,1000.0,75.0,1.0140340328216553,0.02051587589085102,8.0,1.0012792348861694,1.0012792348861694,1.0012792348861694,0.020537691190838814,0.00020880000374745578,0.6682232022285461,1520000.0,-0.03681453317403793,0.012624341994524002,-0.04309704527258873,0.009916997514665127,-0.0042190514504909515,0.1400407999753952,0.874388575553894,-0.07543164491653442,3.866567850112915,6559.0234375,35.63041687011719,36.2696533203125,71.90007019042969,278.1638488769531,6.914637088775635
1.0423797369003296,33.779998779296875,1000.0,76.0,1.0040390491485596,0.0200091153383255,10.0,1.0031203031539917,1.0031203031539917,1.0031203031539917,0.02041351981461048,0.00020759999461006373,0.6616162061691284,1540000.0,-0.03142956644296646,0.005384966731071472,0.01781761460006237,0.008945361711084843,-0.0009716358035802841,0.1518738716840744,0.5846890211105347,-0.2896995544433594,2.792752504348755,6640.50341796875,38.14661407470703,43.308860778808594,81.45547485351562,245.5329132080078,7.01639461517334
1.2059922218322754,29.8799991607666,1000.0,77.0,1.0094257593154907,0.020035281777381897,7.0,1.0000805854797363,1.0000805854797363,1.0000805854797363,0.022340642288327217,0.00020640000002458692,0.6654821634292603,1560000.0,-0.03460541367530823,-0.0031758472323417664,-0.03568187355995178,0.01119566522538662,0.002250303514301777,0.1683306097984314,0.9429213404655457,0.358232319355011,3.3856520652770996,6711.24072265625,40.7004280090332,30.01133155822754,70.71176147460938,282.83837890625,7.050974369049072
0.969653308391571,25.1200008392334,1000.0,78.0,1.004059076309204,0.021481754258275032,12.0,0.9995756149291992,0.9995756149291992,0.9995756149291992,0.021001605316996574,0.0002052000054391101,0.6616352200508118,1580000.0,-0.03014831431210041,0.004457099363207817,0.31331726908683777,0.00637084012851119,-0.004824825096875429,0.14494098722934723,0.6534464955329895,-0.28947484493255615,2.6097397804260254,6803.73876953125,38.687255859375,53.78607940673828,92.47333526611328,216.278564453125,7.0173749923706055
0.7274975776672363,28.5,1000.0,79.0,1.0002013444900513,0.020505370572209358,9.0,1.0010349750518799,1.0010349750518799,1.0010349750518799,0.021842628717422485,0.00020399999630171806,0.6592599153518677,1600000.0,-0.03425126150250435,-0.004102947190403938,-0.2330307513475418,0.008935224264860153,0.002564384136348963,0.0989026203751564,0.7133422493934631,0.05989575386047363,1.7645021677017212,6882.56396484375,39.14867401123047,39.650943756103516,78.79962158203125,253.80833435058594,7.038995265960693
0.5181854367256165,38.7400016784668,1000.0,80.0,1.0041859149932861,0.02002478577196598,8.0,1.0029240846633911,1.0029240846633911,1.0029240846633911,0.023795779794454575,0.00020280000171624124,0.6620470285415649,1620000.0,-0.05524829775094986,-0.02099703624844551,-0.09671026468276978,0.00733477296307683,-0.0016004513017833233,0.1217709332704544,1.6911550760269165,0.9778128266334534,3.9593441486358643,6953.9833984375,37.38882064819336,34.0062141418457,71.39503479003906,280.13153076171875,7.225164890289307
0.6801079511642456,39.34000015258789,1000.0,81.0,1.0079240798950195,0.020543430000543594,8.0,1.0002522468566895,1.0002522468566895,1.0002522468566895,0.019509606063365936,0.00020160000713076442,0.6646450757980347,1640000.0,-0.04145902022719383,0.013789277523756027,0.037055522203445435,0.008326620794832706,0.0009918478317558765,0.1542961299419403,1.1878827810287476,-0.503272294998169,3.0508484840393066,7028.94384765625,39.692317962646484,35.2342414855957,74.92655944824219,266.92803955078125,7.413206100463867
0.3972753882408142,31.81999969482422,1000.0,82.0,0.9993898272514343,0.020440442487597466,11.0,1.0013028383255005,1.0013028383255005,1.0013028383255005,0.021713383495807648,0.00020039999799337238,0.6589677929878235,1660000.0,-0.02574477158486843,0.0157142486423254,-0.051514171063899994,0.00614951504394412,-0.002177105750888586,0.10529442131519318,0.6323488354682922,-0.5555339455604553,2.6921331882476807,7117.35546875,38.48313522338867,49.90407943725586,88.38721466064453,226.27706909179688,7.48161506652832
0.2550128102302551,26.420000076293945,1000.0,83.0,0.9946222901344299,0.020591672509908676,8.0,1.00088369846344,1.00088369846344,1.00088369846344,0.021413296461105347,0.00019920000340789557,0.655624270439148,1680000.0,-0.02966451272368431,-0.00391974113881588,-0.046959131956100464,0.004889379255473614,-0.0012601357884705067,0.03019186668097973,0.5797971487045288,-0.05255168676376343,2.4229166507720947,7187.03173828125,34.82366943359375,34.82684326171875,69.6505126953125,287.1479187011719,7.466844081878662
0.27755025029182434,29.920000076293945,1000.0,84.0,0.9950711727142334,0.020415203645825386,9.0,1.0007249116897583,1.0007249116897583,1.0007249116897583,0.021935811266303062,0.00019799999427050352,0.6555635929107666,1700000.0,-0.048727840185165405,-0.019063327461481094,-0.14303456246852875,0.008450069464743137,0.0035606902092695236,0.0777096301317215,0.9925745725631714,0.4127774238586426,3.101480007171631,7267.16455078125,38.00267791748047,42.104854583740234,80.10753631591797,249.66441345214844,7.507061004638672
0.5927057862281799,37.91999816894531,1000.0,85.0,0.9955316185951233,0.020484425127506256,9.0,1.0006015300750732,1.0006015300750732,1.0006015300750732,0.020690973848104477,0.0001967999996850267,0.6559063196182251,1720000.0,-0.05054700747132301,-0.001819167286157608,0.04891215264797211,0.009576928801834583,0.001126859337091446,0.046148814260959625,0.9279670119285583,-0.06460756063461304,2.8139829635620117,7342.81103515625,35.2435302734375,40.378482818603516,75.62201690673828,264.4732360839844,7.671607494354248
0.544727623462677,37.79999923706055,1000.0,86.0,0.9837056994438171,0.020148981362581253,9.0,1.0002636909484863,1.0002636909484863,1.0002636909484863,0.02139250934123993,0.0001956000050995499,0.6481988430023193,1740000.0,-0.03495480492711067,0.015592202544212341,0.11141851544380188,0.006464255508035421,-0.003112673293799162,0.12441065907478333,0.907426655292511,-0.020540356636047363,3.4207112789154053,7420.4033203125,35.79206085205078,41.774757385253906,77.56681823730469,257.84222412109375,7.833616256713867
0.630237877368927,23.020000457763672,1000.0,87.0,0.981630802154541,0.021115059033036232,9.0,0.9987783432006836,0.9987783432006836,0.9987783432006836,0.0215441957116127,0.00019439999596215785,0.6468039155006409,1760000.0,-0.03305486589670181,0.0018999390304088593,-0.10397850722074509,0.007762135472148657,0.0012978799641132355,0.12588495016098022,0.7081260681152344,-0.1993005871772766,3.4219188690185547,7496.44287109375,35.110172271728516,40.90467071533203,76.01483917236328,263.10650634765625,7.766785144805908
0.41289055347442627,17.360000610351562,1000.0,88.0,0.9622397422790527,0.021091371774673462,11.0,1.000125765800476,1.000125765800476,1.000125765800476,0.020219067111611366,0.00019320000137668103,0.6343647241592407,1780000.0,-0.027901850640773773,0.0051530152559280396,-0.11756482720375061,0.005257458426058292,-0.0025046770460903645,0.12504635751247406,0.44953304529190063,-0.25859302282333374,2.6443932056427,7581.82275390625,35.856807708740234,49.50049591064453,85.35730743408203,234.30917358398438,7.616955280303955
0.6641796827316284,25.780000686645508,1000.0,89.0,0.9537777304649353,0.022151513025164604,7.0,1.001288652420044,1.001288652420044,1.001288652420044,0.024243878200650215,0.00019200000679120421,0.6288213133811951,1800000.0,-0.0403735525906086,-0.012471701949834824,0.09585671126842499,0.0076352679170668125,0.00237780949100852,0.1490032970905304,1.278639793395996,0.8291067481040955,2.855921983718872,7650.35986328125,37.88007354736328,30.633426666259766,68.51349639892578,291.91326904296875,7.599616527557373
0.36692166328430176,28.799999237060547,1000.0,90.0,0.9467215538024902,0.02198748104274273,10.0,1.0015913248062134,1.0015913248062134,1.0015913248062134,0.02038911171257496,0.00019079999765381217,0.6245872974395752,1820000.0,-0.03311756253242493,0.00725599005818367,0.33172255754470825,0.008503220975399017,0.0008679530583322048,0.06737185269594193,0.8773943185806274,-0.40124547481536865,2.6394588947296143,7732.71044921875,37.45895004272461,44.86452865600586,82.32447814941406,242.94110107421875,7.629688739776611
0.42215853929519653,38.68000030517578,1000.0,91.0,0.94223952293396,0.02476906217634678,3.0,0.9998706579208374,0.9998706579208374,0.9998706579208374,0.021599622443318367,0.00018960000306833535,0.6217542290687561,1840000.0,-0.015223223716020584,0.017894338816404343,0.023395556956529617,0.007637409958988428,-0.0008658110164105892,0.08311794698238373,1.9947021007537842,1.1173077821731567,3.182243824005127,7782.43310546875,36.719337463378906,12.967247009277344,49.68658447265625,402.52313232421875,7.808863639831543
0.33608508110046387,27.100000381469727,1000.0,92.0,0.9417985677719116,0.022245114669203758,10.0,1.0010815858840942,1.0010815858840942,1.0010815858840942,0.020207079127430916,0.0001883999939309433,0.6215471625328064,1860000.0,-0.02811434119939804,-0.012891117483377457,-0.1502479612827301,0.0070218234322965145,-0.0006155865266919136,0.07755681872367859,0.6702377200126648,-1.3244643807411194,2.5742428302764893,7865.859375,38.28755187988281,45.11772155761719,83.4052734375,239.79298400878906,7.812220096588135
0.5651710629463196,26.299999237060547,1000.0,93.0,0.9308634400367737,0.022433320060372353,7.0,0.9992755055427551,0.9992755055427551,0.9992755055427551,0.021860647946596146,0.0001871999993454665,0.6148083806037903,1880000.0,-0.030164744704961777,-0.002050403505563736,-0.1770607829093933,0.008229891769587994,0.0012080683372914791,0.11651793122291565,0.7281305193901062,0.057892799377441406,2.7291371822357178,7932.30517578125,36.564144134521484,29.857059478759766,66.42120361328125,301.1086730957031,7.804458141326904
0.584208607673645,18.459999084472656,1000.0,94.0,0.9292486906051636,0.02085634134709835,7.0,0.9978369474411011,0.9978369474411011,0.9978369474411011,0.019491074606776237,0.00018600000475998968,0.6138274669647217,1900000.0,-0.02145952172577381,0.008705222979187965,-0.03671601414680481,0.007209777366369963,-0.001020114403218031,0.06430213153362274,0.5971149206161499,-0.1310155987739563,2.7479796409606934,8002.14990234375,40.22417068481445,29.58892059326172,69.81309509277344,286.4792175292969,7.6801347732543945
0.5414870977401733,19.200000762939453,1000.0,95.0,0.9288256168365479,0.022201571613550186,2.0,1.000745177268982,1.000745177268982,1.000745177268982,0.02062932401895523,0.00018479999562259763,0.6134749054908752,1920000.0,-0.001840861514210701,0.01961866021156311,-0.13987156748771667,0.01180819608271122,0.004598418716341257,0.023288851603865623,1.0146560668945312,0.41754114627838135,1.9131596088409424,8047.19873046875,36.372459411621094,8.654509544372559,45.02696990966797,444.17822265625,7.569857597351074
0.6266065835952759,33.060001373291016,1000.0,96.0,0.9358728528022766,0.020807892084121704,9.0,1.0030968189239502,1.0030968189239502,1.0030968189239502,0.023459037765860558,0.00018360000103712082,0.6176824569702148,1940000.0,-0.04500977322459221,-0.04316891171038151,-0.20514079928398132,0.00949438102543354,-0.0023138150572776794,0.08513644337654114,1.5714040994644165,0.5567480325698853,2.93965744972229,8123.21435546875,35.718875885009766,40.27769088745117,75.99656677246094,263.1697998046875,7.670094013214111
0.44341620802879333,35.31999969482422,1000.0,97.0,0.9356735348701477,0.02167421206831932,11.0,0.9993957877159119,0.9993957877159119,0.9993957877159119,0.020981373265385628,0.000182400006451644,0.6178951859474182,1960000.0,-0.036148253828287125,0.008861519396305084,-0.08663929998874664,0.006495442241430283,-0.0029989387840032578,0.048894044011831284,0.5961164832115173,-0.9752876162528992,2.292829990386963,8213.3095703125,39.7313232421875,50.33909606933594,90.07041931152344,222.04847717285156,7.803248882293701
1.028796672821045,32.34000015258789,1000.0,98.0,0.923723578453064,0.021626614034175873,7.0,0.9984257221221924,0.9984257221221924,0.9984257221221924,0.02201157994568348,0.00018119999731425196,0.6106277704238892,1980000.0,-0.034014228731393814,0.0021340250968933105,-0.11110011488199234,0.014668706804513931,0.008173264563083649,0.1880117505788803,0.6949182748794556,0.09880179166793823,3.4036049842834473,8283.6171875,39.437049865722656,30.845443725585938,70.2824935913086,284.5658874511719,7.890205383300781
1.2603392601013184,18.780000686645508,1000.0,99.0,0.9179565906524658,0.021888261660933495,6.0,1.0009033679962158,1.0009033679962158,1.0009033679962158,0.022428113967180252,0.00018000000272877514,0.6073376536369324,2000000.0,-0.025489790365099907,0.008524438366293907,-0.18857339024543762,0.013088606297969818,-0.0015801005065441132,0.15488901734352112,0.8945010900497437,0.19958281517028809,2.707709312438965,8349.9267578125,39.84712219238281,26.439577102661133,66.28669738769531,301.7196350097656,7.77308464050293
1.5868022441864014,28.020000457763672,1000.0,100.0,0.9265695810317993,0.02280586212873459,7.0,1.0009796619415283,1.0009796619415283,1.0009796619415283,0.02181796170771122,0.0001787999935913831,0.6127062439918518,2020000.0,-0.03305727243423462,-0.007567482069134712,-0.10062292218208313,0.007389497011899948,-0.00569910928606987,0.11488673090934753,1.2748810052871704,0.38037991523742676,2.8990888595581055,8416.8828125,36.02621078491211,30.906558990478516,66.93276977539062,298.80731201171875,7.797309875488281
0.7400663495063782,34.439998626708984,1000.0,101.0,0.9403894543647766,0.021541928872466087,10.0,1.0015294551849365,1.0015294551849365,1.0015294551849365,0.02130044810473919,0.00017759999900590628,0.6215314269065857,2040000.0,-0.044617731124162674,-0.011560458689928055,0.24896404147148132,0.00620526447892189,-0.0011842325329780579,0.046067774295806885,0.8069573640823364,-0.467923641204834,2.969871759414673,8498.1748046875,36.43354034423828,44.83547592163086,81.2690200805664,246.09625244140625,7.918133735656738
0.7815771698951721,33.58000183105469,1000.0,102.0,0.9314610362052917,0.022451216354966164,11.0,0.9990848898887634,0.9990848898887634,0.9990848898887634,0.020685704424977303,0.00017640000442042947,0.6159055233001709,2060000.0,-0.031881317496299744,0.01273641362786293,0.01561688631772995,0.008809222839772701,0.002603958360850811,0.052775561809539795,0.4970736503601074,-0.309883713722229,2.1398608684539795,8584.0380859375,39.26267623901367,46.575077056884766,85.83775329589844,232.99771118164062,8.024736404418945
0.5081499218940735,33.0,1000.0,103.0,0.9277040362358093,0.020892342552542686,9.0,1.0000981092453003,1.0000981092453003,1.0000981092453003,0.02228095382452011,0.00017519999528303742,0.613448977470398,2080000.0,-0.042883217334747314,-0.01100189983844757,0.2676062285900116,0.007804141379892826,-0.0010050814598798752,0.08690699189901352,0.7814094424247742,0.28433579206466675,2.816864490509033,8662.212890625,38.41590118408203,39.73283386230469,78.14873504638672,255.9222412109375,8.121599197387695
0.6829819679260254,24.559999465942383,1000.0,104.0,0.9211966395378113,0.02091033197939396,9.0,1.001863956451416,1.001863956451416,1.001863956451416,0.021455887705087662,0.0001740000006975606,0.6097117066383362,2100000.0,-0.031040016561746597,0.011843200773000717,-0.14106562733650208,0.006934257689863443,-0.0008698836900293827,0.015012948773801327,0.666684627532959,-0.11472481489181519,2.2572901248931885,8738.3798828125,37.058074951171875,39.08261489868164,76.14122772216797,262.6697692871094,8.091018676757812
0.8255274295806885,29.600000381469727,1000.0,105.0,0.9203264117240906,0.021146859973669052,10.0,1.003053903579712,1.003053903579712,1.003053903579712,0.021738283336162567,0.0001728000061120838,0.6094363927841187,2120000.0,-0.043180424720048904,-0.012140408158302307,0.15685716271400452,0.009746735915541649,0.0028124782256782055,0.07121498882770538,0.6369648575782776,-0.029719769954681396,2.8043270111083984,8820.015625,38.10369873046875,43.508338928222656,81.6120376586914,245.0618896484375,8.142125129699707
0.871385931968689,26.940000534057617,1000.0,106.0,0.9113436341285706,0.021212056279182434,8.0,1.0001591444015503,1.0001591444015503,1.0001591444015503,0.02140246517956257,0.00017159999697469175,0.6043068170547485,2140000.0,-0.03420643135905266,0.008973993360996246,-0.18940892815589905,0.009319341741502285,-0.00042739417403936386,0.08265891671180725,0.7187357544898987,0.0817708969116211,2.78298020362854,8893.125,38.121612548828125,34.95960998535156,73.08220672607422,273.6644287109375,8.145237922668457
0.9809287190437317,34.439998626708984,1000.0,107.0,0.9131569862365723,0.021314222365617752,9.0,1.0010863542556763,1.0010863542556763,1.0010863542556763,0.023745235055685043,0.00017040000238921493,0.6058223247528076,2160000.0,-0.05093792825937271,-0.016731496900320053,0.2268570363521576,0.007208794821053743,-0.0021105469204485416,0.08947854489088058,1.5616284608840942,0.8428927063941956,2.2646565437316895,8970.716796875,38.06681442260742,39.48957061767578,77.55638885498047,257.87689208984375,8.264286041259766
0.8933045268058777,29.200000762939453,1000.0,108.0,0.9068489670753479,0.021758340299129486,8.0,1.0019561052322388,1.0019561052322388,1.0019561052322388,0.02133607491850853,0.0001691999932518229,0.6018921732902527,2180000.0,-0.03652297705411911,0.014414951205253601,0.0835207849740982,0.009789032861590385,0.002580238040536642,0.18225248157978058,0.860252320766449,-0.7013761401176453,2.775743007659912,9044.5341796875,38.38288497924805,35.407676696777344,73.79056549072266,271.037353515625,8.303023338317871
0.7815097570419312,25.18000030517578,1000.0,109.0,0.9004635810852051,0.020566372200846672,10.0,1.002350091934204,1.002350091934204,1.002350091934204,0.02230020985007286,0.00016799999866634607,0.5979384779930115,2200000.0,-0.03242238610982895,0.004100590944290161,0.17984303832054138,0.007289655040949583,-0.0024993778206408024,0.15465588867664337,0.5681644678115845,-0.2920878529548645,2.408419609069824,9126.966796875,35.663719177246094,46.74424362182617,82.407958984375,242.6949920654297,8.28512191772461
0.7739538550376892,27.540000915527344,1000.0,110.0,0.9023550748825073,0.02132504992187023,9.0,1.0026761293411255,1.0026761293411255,1.0026761293411255,0.021936791017651558,0.00016680000408086926,0.5993379950523376,2220000.0,-0.06524872779846191,-0.032826341688632965,0.2495277225971222,0.007924950681626797,0.0006352956406772137,0.1054927334189415,0.9841532111167908,0.4159887433052063,2.5990054607391357,9201.63671875,35.660247802734375,38.98505783081055,74.64530944824219,267.93377685546875,8.300785064697266
1.176228642463684,35.2400016784668,1000.0,111.0,0.8942736983299255,0.020748196169734,9.0,1.000311017036438,1.000311017036438,1.000311017036438,0.02038363181054592,0.0001655999949434772,0.5944790840148926,2240000.0,-0.04499929025769234,0.020249437540769577,-0.06580318510532379,0.009856541641056538,0.001931590959429741,0.1672401875257492,0.8988320827484131,-0.08532112836837769,4.566755294799805,9280.375,38.57551193237305,40.13821792602539,78.71372985839844,254.0852813720703,8.433074951171875
0.9002268314361572,40.959999084472656,1000.0,112.0,0.8902595043182373,0.021046390756964684,9.0,1.0002905130386353,1.0002905130386353,1.0002905130386353,0.020265165716409683,0.0001644000003580004,0.5920177698135376,2260000.0,-0.037352461367845535,0.007646828889846802,-0.025252990424633026,0.007090133614838123,-0.0027664080262184143,0.10453476756811142,0.6724289655685425,-0.2264031171798706,2.772012233734131,9354.5703125,33.84703826904297,40.324073791503906,74.17111206054688,269.6467590332031,8.652960777282715
0.6567039489746094,27.81999969482422,1000.0,113.0,0.8759844899177551,0.021046018227934837,11.0,0.9996346235275269,0.9996346235275269,0.9996346235275269,0.020280202850699425,0.00016320000577252358,0.5836515426635742,2280000.0,-0.03064725734293461,0.006705204024910927,-0.03451213240623474,0.006236889399588108,-0.0008532442152500153,0.04398937523365021,0.520147442817688,-0.1522815227508545,3.2064270973205566,9436.3876953125,34.27678298950195,47.51705551147461,81.79383850097656,244.51719665527344,8.666452407836914
0.2734306752681732,27.6200008392334,1000.0,114.0,0.8771181106567383,0.020898811519145966,4.0,0.9990025758743286,0.9990025758743286,0.9990025758743286,0.022100690752267838,0.00016199999663513154,0.5841808915138245,2300000.0,-0.0289932768791914,0.0016539804637432098,-0.07458579540252686,0.0074237496592104435,0.0011868602596223354,0.11053149402141571,1.429521083831787,0.9093736410140991,3.8637874126434326,9492.990234375,39.007110595703125,17.570903778076172,56.57801818847656,353.49420166015625,8.681798934936523
0.30816248059272766,34.63999938964844,1000.0,115.0,0.8776686787605286,0.02247757650911808,11.0,1.0013682842254639,1.0013682842254639,1.0013682842254639,0.021495047956705093,0.00016080000204965472,0.5846195220947266,2320000.0,-0.05462373420596123,-0.02563045732676983,0.09131444990634918,0.00644296407699585,-0.0009807855822145939,0.043137602508068085,1.211072325706482,-0.21844875812530518,3.8418221473693848,9577.3076171875,34.91954803466797,49.37273025512695,84.29227447509766,237.2696533203125,8.803977966308594
0.5199407339096069,33.29999923706055,1000.0,116.0,0.8661783337593079,0.0207249503582716,12.0,0.9981291890144348,0.9981291890144348,0.9981291890144348,0.019818665459752083,0.00015959999291226268,0.5780401229858398,2340000.0,-0.03582385182380676,0.018799882382154465,-0.11731612682342529,0.008744742721319199,0.002301778644323349,0.06099821254611015,0.5978208184242249,-0.6132515072822571,2.757636308670044,9666.11328125,34.074729919433594,54.705848693847656,88.78057861328125,225.27450561523438,8.905428886413574
0.5598909854888916,37.560001373291016,1000.0,117.0,0.862260639667511,0.020136334002017975,1.0,0.9985480308532715,0.9985480308532715,0.9985480308532715,0.020017005503177643,0.00015839999832678586,0.5756901502609253,2360000.0,0.018867699429392815,0.05469155125319958,-0.3117012083530426,0.0135133545845747,0.004768611863255501,0.09721018373966217,1.97434401512146,1.376523196697235,2.410133123397827,9709.1611328125,38.86013412475586,4.160670280456543,43.02080535888672,464.891357421875,9.068236351013184
0.5754495859146118,26.299999237060547,1000.0,118.0,0.8638452887535095,0.02169726975262165,13.0,1.0014187097549438,1.0014187097549438,1.0014187097549438,0.02176937647163868,0.00015720000374130905,0.576846718788147,2380000.0,-0.03299162909388542,-0.051859328523278236,0.17440028488636017,0.009693489409983158,-0.0038198651745915413,0.13766804337501526,0.7620235681533813,-1.2123204469680786,2.4985756874084473,9798.8388671875,32.87602615356445,56.78105926513672,89.6570816040039,223.07215881347656,9.057273864746094
0.3588343858718872,29.899999618530273,1000.0,119.0,0.8524008393287659,0.020906008780002594,9.0,1.0002379417419434,1.0002379417419434,1.0002379417419434,0.019900208339095116,0.000155999994603917,0.5702887773513794,2400000.0,-0.030993901193141937,0.0019977279007434845,0.07453402876853943,0.005910300649702549,-0.003783188760280609,-0.01823253370821476,0.6832184195518494,-0.07880514860153198,1.537302851676941,9878.1591796875,41.433265686035156,37.86268997192383,79.29595184326172,252.2196807861328,9.10531997680664
0.3254425525665283,17.780000686645508,1000.0,120.0,0.8372757434844971,0.020959533751010895,9.0,0.9995937347412109,0.9995937347412109,0.9995937347412109,0.01858730986714363,0.0001548000000184402,0.5620230436325073,2420000.0,-0.01997549831867218,0.011018402874469757,-0.04591011255979538,0.00788185279816389,0.001971552148461342,0.07971370220184326,0.4002746641635895,-0.2829437553882599,2.2913804054260254,9954.1728515625,37.97922897338867,38.009910583496094,75.9891357421875,263.19549560546875,8.964373588562012
-0.020535029470920563,18.31999969482422,1000.0,121.0,0.838128924369812,0.021486835554242134,10.0,1.0016728639602661,1.0016728639602661,1.0016728639602661,0.022253211587667465,0.00015360000543296337,0.5623682737350464,2440000.0,-0.043604474514722824,-0.023628976196050644,-0.19071292877197266,0.0061570932157337666,-0.0017247595824301243,-0.01915759965777397,0.6262495517730713,0.2259748876094818,1.7681437730789185,10035.0615234375,37.113975524902344,43.73775100708008,80.85173034667969,247.36639404296875,8.834836959838867
0.13833127915859222,36.959999084472656,1000.0,122.0,0.8353580832481384,0.025152113288640976,1.0,1.0005910396575928,1.0005910396575928,1.0005910396575928,0.02120426669716835,0.00015239999629557133,0.5607025027275085,2460000.0,0.013374132104218006,0.05697860661894083,0.1609303057193756,0.010501503013074398,0.0043444097973406315,0.012655830942094326,4.451167106628418,3.8249175548553467,2.473483085632324,10073.8203125,34.642601013183594,4.086416244506836,38.7290153503418,516.40869140625,8.993043899536133
0.28990572690963745,40.15999984741211,1000.0,123.0,0.8406534790992737,0.020189357921481133,11.0,1.0014249086380005,1.0014249086380005,1.0014249086380005,0.02065584994852543,0.0001512000017100945,0.5637692213058472,2480000.0,-0.05251329764723778,-0.06588742975145578,-0.06613308936357498,0.007529953494668007,-0.002971549518406391,0.04440781846642494,0.7424951195716858,-3.708671987056732,1.9574495553970337,10157.484375,36.8703727722168,46.77414321899414,83.64451599121094,239.1071319580078,9.198474884033203
0.46941959857940674,33.560001373291016,1000.0,124.0,0.82227623462677,0.020031021907925606,12.0,0.9981089234352112,0.9981089234352112,0.9981089234352112,0.020766325294971466,0.0001500000071246177,0.5532659292221069,2500000.0,-0.028663037344813347,0.02385026030242443,0.11783616244792938,0.008042394183576107,0.0005124406889081001,0.043029896914958954,0.46810856461524963,-0.27438655495643616,2.587150812149048,10249.6396484375,38.882869720458984,53.248626708984375,92.1314926147461,217.08103942871094,9.304031372070312
0.4592391848564148,21.979999542236328,1000.0,125.0,0.809972882270813,0.0204630084335804,7.0,1.001485824584961,1.001485824584961,1.001485824584961,0.021047981455922127,0.00014879999798722565,0.5466245412826538,2520000.0,-0.02909381315112114,-0.00043077580630779266,0.05143575370311737,0.008575058542191982,0.0005326643586158752,-0.006082538515329361,0.5880265831947327,0.11991801857948303,2.2496063709259033,10317.974609375,35.622344970703125,32.67234802246094,68.29469299316406,292.8485412597656,9.228055953979492
0.5302541851997375,12.819999694824219,1000.0,126.0,0.7978414297103882,0.020136255770921707,9.0,0.9991140961647034,0.9991140961647034,0.9991140961647034,0.019976725801825523,0.00014760000340174884,0.5404772758483887,2540000.0,-0.02739540860056877,0.0016984045505523682,0.04318775236606598,0.008799656294286251,0.0002245977520942688,0.0459572859108448,0.493320494890213,-0.09470608830451965,2.5054845809936523,10390.2783203125,32.48655700683594,39.78716278076172,72.27371978759766,276.72576904296875,9.020833015441895
0.12220384925603867,13.100000381469727,1000.0,127.0,0.7876031398773193,0.021393438801169395,10.0,0.9987793564796448,0.9987793564796448,0.9987793564796448,0.021066593006253242,0.0001463999942643568,0.5351037383079529,2560000.0,-0.023122485727071762,0.004272922873497009,-0.0527057871222496,0.005991899874061346,-0.002807756420224905,0.01747615449130535,0.4746670126914978,-0.01865348219871521,2.260255813598633,10470.404296875,37.51318359375,42.59025192260742,80.10343933105469,249.6771697998047,8.822080612182617
-0.010455339215695858,14.34000015258789,1000.0,128.0,0.7780126333236694,0.020458092913031578,1.0,1.0023741722106934,1.0023741722106934,1.0023741722106934,0.026692626997828484,0.00014519999967887998,0.530053973197937,2580000.0,0.024366624653339386,0.04748911038041115,0.395334929227829,0.009237783960998058,0.0032458840869367123,0.07246179133653641,1.841359257698059,1.3666922450065613,2.6169683933258057,10510.95703125,35.9354362487793,4.592559814453125,40.528560638427734,493.4791564941406,8.645915985107422
-0.11261871457099915,15.100000381469727,1000.0,129.0,0.7770295143127441,0.020611615851521492,8.0,1.0010616779327393,1.0010616779327393,1.0010616779327393,0.02062457799911499,0.00014400000509340316,0.5297357439994812,2600000.0,-0.03645787760615349,-0.060824502259492874,0.17515987157821655,0.008154299110174179,-0.0010834848508238792,0.09389637410640717,0.7070445418357849,-1.1343147158622742,2.727949380874634,10581.39453125,35.745033264160156,34.667083740234375,70.41211700439453,284.0420227050781,8.48462963104248
0.0866110697388649,21.760000228881836,1000.0,130.0,0.7674815654754639,0.02068803459405899,9.0,1.0047632455825806,1.0047632455825806,1.0047632455825806,0.02188076265156269,0.00014279999595601112,0.5247064828872681,2620000.0,-0.03199232369661331,0.004465553909540176,-0.24494647979736328,0.005364677403122187,-0.0027896217070519924,0.023828813806176186,1.0002760887145996,0.2932315468788147,2.8553504943847656,10656.330078125,34.8447380065918,40.0648078918457,74.9095458984375,266.9886779785156,8.42635726928711
0.1152336522936821,22.579999923706055,1000.0,131.0,0.7597452402114868,0.020351801067590714,12.0,1.0030262470245361,1.0030262470245361,1.0030262470245361,0.021490709856152534,0.0001416000013705343,0.5207020044326782,2640000.0,-0.03710874915122986,-0.005116425454616547,-0.315207839012146,0.005682309623807669,0.000317632220685482,0.07184416055679321,1.0181716680526733,0.01789557933807373,2.976902723312378,10742.9658203125,33.754310607910156,52.85663986206055,86.61095428466797,230.9176788330078,8.381678581237793
0.03844856843352318,18.399999618530273,1000.0,132.0,0.7468650937080383,0.02149522677063942,9.0,0.9968687295913696,0.9968687295913696,0.9968687295913696,0.0205728467553854,0.00014040000678505749,0.5138640999794006,2660000.0,-0.029153823852539062,0.007954925298690796,0.09477955102920532,0.004862973000854254,-0.0008193366229534149,0.008801626972854137,0.5145110487937927,-0.5036606192588806,3.108721971511841,10816.369140625,33.65538787841797,39.723419189453125,73.3788070678711,272.5582580566406,8.275323867797852
0.029604094102978706,15.399999618530273,1000.0,133.0,0.7340500950813293,0.021514667198061943,9.0,1.0011861324310303,1.0011861324310303,1.0011861324310303,0.02128567174077034,0.00013919999764766544,0.5073189735412598,2680000.0,-0.029937662184238434,-0.0007838383316993713,-0.011431284248828888,0.00700788339599967,0.0021449103951454163,-0.012705963104963303,0.4858042299747467,-0.02870681881904602,2.4975602626800537,10892.072265625,38.19388198852539,37.483272552490234,75.67715454101562,264.2805480957031,8.12598705291748
-0.01853610947728157,16.239999771118164,1000.0,134.0,0.7283499836921692,0.023550858721137047,1.0,1.000551700592041,1.000551700592041,1.000551700592041,0.024951638653874397,0.00013800000306218863,0.5042629241943359,2700000.0,0.02805951237678528,0.05799717456102371,-0.15223175287246704,0.007213076110929251,0.0002051927149295807,0.07080140709877014,3.3773458003997803,2.8915415704250336,3.7679355144500732,10934.7119140625,37.94620895385742,4.669856548309326,42.616065979003906,469.30657958984375,7.991917133331299
0.35278820991516113,30.8799991607666,1000.0,135.0,0.7268919944763184,0.0202395748347044,9.0,1.002915859222412,1.002915859222412,1.002915859222412,0.022079728543758392,0.00013679999392479658,0.5034627914428711,2720000.0,-0.049611061811447144,-0.07767057418823242,0.35322630405426025,0.006093326956033707,-0.001119749154895544,0.027108563110232353,1.2407559156417847,-2.1365898847579956,2.836432456970215,11009.29296875,32.711971282958984,41.848331451416016,74.560302734375,268.2392578125,8.079771041870117
0.27382296323776245,33.279998779296875,1000.0,136.0,0.7177087068557739,0.020745525136590004,11.0,1.001900315284729,1.001900315284729,1.001900315284729,0.020358936861157417,0.00013559999933931977,0.4988483488559723,2740000.0,-0.038323480635881424,0.01128758117556572,0.1000719740986824,0.0053487117402255535,-0.0007446152158081532,-0.020737312734127045,0.6348621249198914,-0.6058937907218933,3.265756607055664,11088.875,32.191349029541016,47.36493682861328,79.55628204345703,251.39434814453125,8.202171325683594
0.6152670979499817,29.239999771118164,1000.0,137.0,0.7029563188552856,0.020127804949879646,8.0,0.9983193874359131,0.9983193874359131,0.9983193874359131,0.02108367532491684,0.00013440000475384295,0.4915009140968323,2760000.0,-0.03616044297814369,0.002163037657737732,0.06864538788795471,0.00788903795182705,0.0025403262116014957,0.09435553103685379,0.6873511075973511,0.05248898267745972,4.145708084106445,11159.2158203125,35.29432678222656,35.023292541503906,70.31761932373047,284.4237365722656,8.261992454528809
0.6378721594810486,20.440000534057617,1000.0,138.0,0.7010007500648499,0.021925287321209908,7.0,1.0008164644241333,1.0008164644241333,1.0008164644241333,0.02177056297659874,0.0001331999956164509,0.49067747592926025,2780000.0,-0.0348859503865242,0.0012744925916194916,0.4505682587623596,0.005660391412675381,-0.0022286465391516685,0.06515329331159592,0.7726601958274841,0.08530908823013306,4.343946933746338,11222.8115234375,33.234275817871094,30.331321716308594,63.56559753417969,314.6355895996094,8.188941955566406
0.5426499247550964,21.059999465942383,1000.0,139.0,0.704075813293457,0.022368235513567924,10.0,1.0017772912979126,1.0017772912979126,1.0017772912979126,0.022147292271256447,0.0001320000010309741,0.49230271577835083,2800000.0,-0.037059444934129715,-0.0021734945476055145,-0.1195092424750328,0.005677287001162767,1.6895588487386703e-05,0.01567806676030159,0.7428324818611145,-0.02982771396636963,3.019982099533081,11301.3134765625,36.2889404296875,42.18841552734375,78.47735595703125,254.8505859375,8.126564025878906
0.32698288559913635,20.5,1000.0,140.0,0.6933508515357971,0.02063470520079136,11.0,1.0004607439041138,1.0004607439041138,1.0004607439041138,0.02033711038529873,0.00013080000644549727,0.48729005455970764,2820000.0,-0.033102769404649734,0.0039566755294799805,-0.014990124851465225,0.007506989408284426,0.0018297024071216583,0.04877154901623726,0.4630011022090912,-0.2798313796520233,3.9668262004852295,11381.6484375,34.868560791015625,45.441593170166016,80.31015014648438,249.03451538085938,8.05693531036377
0.36980965733528137,13.65999984741211,1000.0,141.0,0.6804388761520386,0.021392613649368286,12.0,1.0008622407913208,1.0008622407913208,1.0008622407913208,0.02024678699672222,0.00012959999730810523,0.48103445768356323,2840000.0,-0.028668265789747238,0.004434503614902496,0.2835480570793152,0.006812843959778547,-0.0006941454485058784,0.04904571548104286,0.3653866648674011,-0.09761443734169006,2.5048365592956543,11469.513671875,37.588714599609375,50.24888229370117,87.83859252929688,227.6903533935547,7.8859381675720215
0.35133862495422363,8.479999542236328,1000.0,142.0,0.6634396910667419,0.02126404643058777,9.0,0.9990845322608948,0.9990845322608948,0.9990845322608948,0.02132408693432808,0.00012840000272262841,0.47285905480384827,2860000.0,-0.022977959364652634,0.0056903064250946045,0.3124268054962158,0.006306024268269539,-0.0005068196915090084,0.11411610245704651,0.40270373225212097,0.03731706738471985,3.962519645690918,11544.2568359375,38.408084869384766,36.31029510498047,74.7183837890625,267.6717529296875,7.640120506286621
0.42442554235458374,8.359999656677246,1000.0,143.0,0.6466630101203918,0.020645182579755783,10.0,0.9999605417251587,0.9999605417251587,0.9999605417251587,0.0208546482026577,0.00012719999358523637,0.46501633524894714,2880000.0,-0.019568229094147682,0.0034097302705049515,0.08809664845466614,0.0072715855203568935,0.0009655612520873547,0.11473371833562851,0.290423184633255,-0.11228054761886597,2.413069725036621,11624.86328125,40.13214874267578,40.45107650756836,80.58322143554688,248.19061279296875,7.396533966064453
0.48066195845603943,8.079999923706055,1000.0,144.0,0.6347241401672363,0.02049989625811577,7.0,1.0027343034744263,1.0027343034744263,1.0027343034744263,0.021090369671583176,0.00012599999899975955,0.4595743715763092,2900000.0,-0.0198502354323864,-0.0002820063382387161,-0.0077063217759132385,0.006618947256356478,-0.0006526382640004158,0.05373385176062584,0.4153478741645813,0.1249246895313263,1.9126136302947998,11689.4189453125,36.67755126953125,27.85256576538086,64.53012084960938,309.93280029296875,7.15260648727417
0.4996505677700043,20.559999465942383,1000.0,145.0,0.62797611951828,0.02143741585314274,1.0,0.9993279576301575,0.9993279576301575,0.9993279576301575,0.025574738159775734,0.00012480000441428274,0.456321656703949,2920000.0,0.032232146710157394,0.05208238214254379,0.46518442034721375,0.01007271371781826,0.0034537664614617825,0.13096831738948822,2.2239246368408203,1.808576762676239,1.9702332019805908,11733.65234375,40.082252502441406,4.128838539123535,44.211090087890625,452.37518310546875,7.099615573883057
0.2490496039390564,20.84000015258789,1000.0,146.0,0.6213395595550537,0.02171461656689644,14.0,1.0008043050765991,1.0008043050765991,1.0008043050765991,0.019343679770827293,0.0001235999952768907,0.4534933567047119,2940000.0,-0.016652971506118774,-0.04888511821627617,-0.1957455277442932,0.0052593667060136795,-0.004813347011804581,-0.029055042192339897,0.30029067397117615,-1.9236339628696442,1.167349934577942,11822.7734375,28.243791580200195,60.857810974121094,89.10160064697266,224.46286010742188,7.0512542724609375
0.3191543221473694,26.6200008392334,1000.0,147.0,0.6155253052711487,0.02485971339046955,1.0,0.9986210465431213,0.9986210465431213,0.9986210465431213,0.025105521082878113,0.00012240000069141388,0.45078176259994507,2960000.0,0.03165999427437782,0.0483129657804966,0.07297249138355255,0.012980450876057148,0.0077210841700434685,0.017107702791690826,1.5572212934494019,1.2569306194782257,2.0065057277679443,11865.17578125,38.10340881347656,4.274947166442871,42.37835693359375,471.93902587890625,7.089931011199951
0.1930706948041916,18.399999618530273,1000.0,148.0,0.612709105014801,0.02154274471104145,12.0,0.9980639815330505,0.9980639815330505,0.9980639815330505,0.02055591158568859,0.00012119999882997945,0.4496396780014038,2980000.0,-0.026959042996168137,-0.05861903727054596,0.10033341497182846,0.006053189281374216,-0.006927261594682932,0.03617865964770317,0.3764159083366394,-1.1808053851127625,2.3678576946258545,11948.9033203125,31.978927612304688,51.726234436035156,83.70613861083984,238.9311065673828,7.004183769226074
0.14423143863677979,18.84000015258789,1000.0,149.0,0.6019946336746216,0.024428822100162506,1.0,0.9986558556556702,0.9986558556556702,0.9986558556556702,0.022496119141578674,0.00011999999696854502,0.4448447823524475,3000000.0,0.01981423795223236,0.0467732809484005,0.03820706158876419,0.006581501569598913,0.0005283122882246971,-0.04113595932722092,1.5381816625595093,1.1617657542228699,1.060939908027649,11989.1845703125,35.90196990966797,4.354145050048828,40.2561149597168,496.81890869140625,6.926023960113525
-0.1318393349647522,11.699999809265137,1000.0,150.0,0.5937908291816711,0.020923439413309097,11.0,1.0018340349197388,1.0018340349197388,1.0018340349197388,0.020428156480193138,0.0001188000023830682,0.4413636326789856,3020000.0,-0.019288334995508194,-0.039102572947740555,0.04983704537153244,0.005080224946141243,-0.0015012766234576702,-0.047376587986946106,0.32090330123901367,-1.2172783613204956,1.0448360443115234,12067.927734375,30.444847106933594,48.27741241455078,78.72225952148438,254.0577392578125,6.7415924072265625
0.11976592242717743,10.0,1000.0,151.0,0.5755398869514465,0.020806586369872093,9.0,1.0013681650161743,1.0013681650161743,1.0013681650161743,0.020917484536767006,0.00011760000052163377,0.4337426722049713,3040000.0,-0.017725273966789246,0.0015630610287189484,-0.016772091388702393,0.009446673095226288,0.004366448149085045,0.03222681209445,0.30128446221351624,-0.019618839025497437,1.4797145128250122,12139.37109375,30.901290893554688,40.51481628417969,71.41610717773438,280.0488586425781,6.534232139587402
0.32485902309417725,14.880000114440918,1000.0,152.0,0.5691057443618774,0.027934331446886063,1.0,1.0011173486709595,1.0011173486709595,1.0011173486709595,0.023710234090685844,0.00011639999866019934,0.4312277138233185,3060000.0,0.025481661781668663,0.04320693574845791,0.16376619040966034,0.008380693383514881,-0.0010659797117114067,0.020802341401576996,1.7176992893218994,1.4164148271083832,2.0630810260772705,12175.4951171875,32.12165451049805,3.968125581741333,36.08978271484375,554.1735229492188,6.402939796447754
0.28484970331192017,19.0,1000.0,153.0,0.5732599496841431,0.02144429087638855,12.0,1.0034910440444946,1.0034910440444946,1.0034910440444946,0.020257864147424698,0.00011519999679876491,0.4329407513141632,3080000.0,-0.022490249946713448,-0.04797191172838211,-0.1101577877998352,0.005156377330422401,-0.0032243160530924797,-0.0154110761359334,0.4443124830722809,-1.2733868062496185,1.4863057136535645,12263.94921875,34.61929702758789,53.81576919555664,88.43506622314453,226.15463256835938,6.334952354431152
0.2257590889930725,18.520000457763672,1000.0,154.0,0.5561290383338928,0.020984191447496414,10.0,1.0003981590270996,1.0003981590270996,1.0003981590270996,0.020229622721672058,0.0001140000022132881,0.4256657660007477,3100000.0,-0.02327030897140503,-0.0007800590246915817,-0.18580704927444458,0.006886821705847979,0.0017304443754255772,0.02162415161728859,0.4499990940093994,0.00568661093711853,2.1440348625183105,12337.8974609375,30.465116500854492,43.45838928222656,73.92350769042969,270.5499267578125,6.2601637840271
0.5501981377601624,12.819999694824219,1000.0,155.0,0.5464790463447571,0.021832913160324097,7.0,1.0027891397476196,1.0027891397476196,1.0027891397476196,0.021387923508882523,0.00011280000035185367,0.4212881326675415,3120000.0,-0.02122509479522705,0.0020452141761779785,0.3817739188671112,0.008339788764715195,0.0014529670588672161,0.08211828023195267,0.5884087085723877,0.13840961456298828,2.416935682296753,12401.9326171875,31.981504440307617,32.028663635253906,64.01016998291016,312.4503479003906,6.100375175476074
0.6990150213241577,7.099999904632568,1000.0,156.0,0.529838502407074,0.021114259958267212,14.0,0.9996107816696167,0.9996107816696167,0.9996107816696167,0.019732218235731125,0.00011159999849041924,0.41411900520324707,3140000.0,-0.02291523478925228,-0.0016901399940252304,0.2045135498046875,0.005611063446849585,-0.00272872531786561,-0.024724146351218224,0.28122392296791077,-0.30718478560447693,1.9225568771362305,12494.80859375,32.70826721191406,60.143306732177734,92.85157775878906,215.3975372314453,5.856685638427734
0.3979444205760956,17.68000030517578,1000.0,157.0,0.5283543467521667,0.020527765154838562,6.0,1.0046411752700806,1.0046411752700806,1.0046411752700806,0.022894013673067093,0.00011039999662898481,0.41345909237861633,3160000.0,-0.011464082635939121,0.01145115215331316,-0.02100183069705963,0.006693464238196611,0.0010824007913470268,0.00892709381878376,1.5513652563095093,1.2701413333415985,1.1160485744476318,12551.0986328125,31.069581985473633,25.193389892578125,56.26297378540039,355.47357177734375,5.774930953979492
0.06232747063040733,16.459999084472656,1000.0,158.0,0.5235353708267212,0.02200981229543686,10.0,0.9994969964027405,0.9994969964027405,0.9994969964027405,0.01856406219303608,0.00010920000204350799,0.41171324253082275,3180000.0,-0.017903542146086693,-0.0064394595101475716,-0.09447897970676422,0.005795339122414589,-0.0008981251157820225,0.01319872122257948,0.3341987133026123,-1.217166543006897,1.8166685104370117,12626.5458984375,33.301734924316406,42.12321853637695,75.42495727539062,265.1642150878906,5.6753034591674805
-0.05644606053829193,20.920000076293945,1000.0,159.0,0.5094730854034424,0.020068226382136345,6.0,0.9988020658493042,0.9988020658493042,0.9988020658493042,0.021018315106630325,0.00010800000018207356,0.4061397314071655,3200000.0,-0.018228089436888695,-0.00032454729080200195,-0.08999226987361908,0.0058693960309028625,7.405690848827362e-05,-0.009269888512790203,0.5909609794616699,0.2567622661590576,1.835989236831665,12685.0458984375,33.78675842285156,24.686983108520508,58.4747428894043,342.02801513671875,5.643287658691406
0.0514887273311615,22.1200008392334,1000.0,160.0,0.5105791091918945,0.022780895233154297,9.0,1.003037691116333,1.003037691116333,1.003037691116333,0.02232329174876213,0.00010679999832063913,0.4066097140312195,3220000.0,-0.04168976470828056,-0.02346167527139187,0.11735431104898453,0.006248987279832363,0.0003795912489295006,0.00957423821091652,0.8848733305931091,0.2939123511314392,1.5975531339645386,12755.1044921875,31.47643280029297,38.560401916503906,70.03683471679688,285.56402587890625,5.628832817077637
0.16053038835525513,26.100000381469727,1000.0,161.0,0.5082545280456543,0.021001232787966728,10.0,0.9990066885948181,0.9990066885948181,0.9990066885948181,0.020358644425868988,0.0001055999964592047,0.4057266116142273,3240000.0,-0.03331639617681503,0.00837336853146553,0.04569938778877258,0.005675666034221649,-0.000573321245610714,0.04310378432273865,0.6455227732658386,-0.2393505573272705,3.158752679824829,12831.95703125,33.93633270263672,42.89134216308594,76.82767486572266,260.3228454589844,5.673360347747803
0.11645343154668808,21.760000228881836,1000.0,162.0,0.4962591528892517,0.020015986636281013,10.0,1.002030372619629,1.002030372619629,1.002030372619629,0.02018602564930916,0.00010440000187372789,0.4012676179409027,3260000.0,-0.029575008898973465,0.003741387277841568,0.3226722478866577,0.004522392991930246,-0.0011532730422914028,0.041969627141952515,0.4448193311691284,-0.2007034420967102,1.395711898803711,12907.2275390625,34.215660095214844,41.02638244628906,75.2420425415039,265.808837890625,5.651112079620361
0.05790453031659126,10.65999984741211,1000.0,163.0,0.47950080037117004,0.020840607583522797,9.0,0.9987735748291016,0.9987735748291016,0.9987735748291016,0.021096177399158478,0.00010320000001229346,0.394829124212265,3280000.0,-0.017620587721467018,0.011954421177506447,0.08602028340101242,0.0043114866130054,-0.00021090637892484665,0.04712015017867088,0.397536039352417,-0.047283291816711426,1.8302496671676636,12978.908203125,35.653236389160156,36.003456115722656,71.65669250488281,279.1086120605469,5.461855888366699
0.10798950493335724,6.71999979019165,1000.0,164.0,0.46242770552635193,0.021835528314113617,12.0,0.9997550845146179,0.9997550845146179,0.9997550845146179,0.01943185366690159,0.00010199999815085903,0.3884575664997101,3300000.0,-0.01488068513572216,0.002739902585744858,0.02617994137108326,0.005208577029407024,0.0008970904164016247,0.020518457517027855,0.22463937103748322,-0.17289666831493378,1.1395732164382935,13062.470703125,32.70820617675781,50.83122253417969,83.5394287109375,239.4079132080078,5.215792179107666
0.17418354749679565,9.020000457763672,1000.0,165.0,0.4493243396282196,0.020473381504416466,8.0,0.9986258149147034,0.9986258149147034,0.9986258149147034,0.022441545501351357,0.00010080000356538221,0.3836749494075775,3320000.0,-0.016170889139175415,-0.0012902040034532547,-0.015418853610754013,0.0056406063959002495,0.0004320293664932251,0.006563603412359953,0.33823639154434204,0.11359702050685883,2.316765308380127,13129.947265625,33.856075286865234,33.58537292480469,67.44144439697266,296.55352783203125,5.007391929626465
0.20952266454696655,5.820000171661377,1000.0,166.0,0.4436347484588623,0.021589601412415504,9.0,1.0010319948196411,1.0010319948196411,1.0010319948196411,0.02126803807914257,9.960000170394778e-05,0.38145026564598083,3340000.0,-0.018167981877923012,-0.0019970927387475967,0.04925546795129776,0.0069582341238856316,0.001317627727985382,0.0032311049290001392,0.300105482339859,-0.03813090920448303,1.273064374923706,13200.751953125,35.029693603515625,35.751075744628906,70.78177642822266,282.5626220703125,4.753421783447266
-0.022077007219195366,15.579999923706055,1000.0,167.0,0.44917771220207214,0.02010961063206196,9.0,1.0008867979049683,1.0008867979049683,1.0008867979049683,0.023528113961219788,9.839999984251335e-05,0.3833906650543213,3360000.0,-0.03297647833824158,-0.014808496460318565,-0.0715792253613472,0.007328958250582218,0.0003707241266965866,0.00023829947167541832,0.7351954579353333,0.43508997559547424,1.4378687143325806,13272.05078125,35.771141052246094,35.473480224609375,71.24462127685547,280.72296142578125,4.648960113525391
-0.15311533212661743,20.979999542236328,1000.0,168.0,0.4493817687034607,0.024179691448807716,2.0,0.9989389777183533,0.9989389777183533,0.9989389777183533,0.022364171221852303,9.719999798107892e-05,0.3834247887134552,3380000.0,0.0182188730686903,0.05119535140693188,-0.11008469760417938,0.005771778989583254,-0.0015571792609989643,0.009713280946016312,1.1407350301742554,0.4055395722389221,2.2365987300872803,13315.9794921875,35.45927810668945,8.444974899291992,43.90425109863281,455.5367431640625,4.626011371612549
-0.06757605075836182,24.15999984741211,1000.0,169.0,0.44248607754707336,0.02238086797297001,14.0,1.0010194778442383,1.0010194778442383,1.0010194778442383,0.019277136772871017,9.600000339560211e-05,0.38078197836875916,3400000.0,-0.02529413066804409,-0.04351300373673439,-0.23067834973335266,0.006883533205837011,0.0011117542162537575,0.06401491165161133,0.2926138639450073,-0.848121166229248,1.979008436203003,13405.3974609375,29.991966247558594,59.40458297729492,89.39655303955078,223.72227478027344,4.649900436401367
0.5851024389266968,26.34000015258789,1000.0,170.0,0.4300055503845215,0.022394465282559395,1.0,0.9985561370849609,0.9985561370849609,0.9985561370849609,0.02410644292831421,9.480000153416768e-05,0.37612423300743103,3420000.0,0.019711431115865707,0.0450055617839098,0.05428024381399155,0.009880474768579006,0.002996941562741995,0.09754261374473572,1.6312296390533447,1.3386157751083374,2.876922369003296,13439.962890625,30.393085479736328,4.145758628845215,34.53884506225586,579.0581665039062,4.704874515533447
0.5987473130226135,19.299999237060547,1000.0,171.0,0.4201839864253998,0.020582066848874092,12.0,1.0002589225769043,1.0002589225769043,1.0002589225769043,0.01874682493507862,9.359999967273325e-05,0.37227049469947815,3440000.0,-0.0209026038646698,-0.04061403498053551,-0.12638908624649048,0.004770016297698021,-0.005110458470880985,0.05360383167862892,0.37507688999176025,-1.2561527490615845,2.1671829223632812,13522.8662109375,29.814403533935547,53.07078170776367,82.88518524169922,241.2976531982422,4.652170181274414
0.4830564260482788,17.459999084472656,1000.0,172.0,0.4099528193473816,0.021241789683699608,8.0,1.0021048784255981,1.0021048784255981,1.0021048784255981,0.02678252011537552,9.239999781129882e-05,0.3686990439891815,3460000.0,-0.022533994168043137,-0.0016313903033733368,-0.055724576115608215,0.005164751783013344,0.0003947354853153229,0.022071868181228638,0.5132043361663818,0.13812744617462158,2.4586806297302246,13588.8330078125,31.007633209228516,34.93416213989258,65.9417953491211,303.29779052734375,4.571650981903076
0.175110325217247,6.539999961853027,1000.0,173.0,0.3996920585632324,0.020961111411452293,12.0,0.9979156255722046,0.9979156255722046,0.9979156255722046,0.019254349172115326,9.1200003225822e-05,0.3648528754711151,3480000.0,-0.022769561037421227,-0.0002355668693780899,-0.0662098154425621,0.005319489166140556,0.00015473738312721252,0.04775550588965416,0.3019183278083801,-0.2112860083580017,2.46834397315979,13669.0546875,29.908235549926758,50.28974533081055,80.19798278808594,249.38282775878906,4.327588081359863
0.3553648293018341,7.800000190734863,1000.0,174.0,0.38314947485923767,0.020218340680003166,10.0,0.9988280534744263,0.9988280534744263,0.9988280534744263,0.019814806059002876,9.000000136438757e-05,0.35861530900001526,3500000.0,-0.016760485246777534,0.006009075790643692,-0.060094404965639114,0.005996899213641882,0.0006774100475013256,0.08162939548492432,0.2399141490459442,-0.06200417876243591,1.690985918045044,13739.5107421875,29.460403442382812,40.96955871582031,70.42996215820312,283.9700622558594,4.105398178100586
0.2100953608751297,7.239999771118164,1000.0,175.0,0.3725895285606384,0.02104172483086586,7.0,1.003583550453186,1.003583550453186,1.003583550453186,0.022115331143140793,8.879999950295314e-05,0.35463809967041016,3520000.0,-0.017768118530511856,-0.0010076332837343216,-0.08014044165611267,0.006397769786417484,0.00040087057277560234,0.0624459944665432,0.3978792428970337,0.15796509385108948,1.226131796836853,13799.779296875,29.396512985229492,30.847869873046875,60.244384765625,331.9811706542969,3.877317428588867
0.4297308325767517,15.979999542236328,1000.0,176.0,0.36980658769607544,0.02092539332807064,10.0,1.000406265258789,1.000406265258789,1.000406265258789,0.02168835885822773,8.759999764151871e-05,0.353433758020401,3540000.0,-0.032874636352062225,-0.01510651782155037,-0.10639339685440063,0.00822052638977766,0.001822756603360176,0.09808623790740967,0.4891204833984375,0.09124124050140381,1.8184818029403687,13871.1474609375,31.613306045532227,39.72978210449219,71.34308624267578,280.33551025390625,3.7828609943389893
0.3312451243400574,26.959999084472656,1000.0,177.0,0.3671514391899109,0.020070167258381844,10.0,1.005425214767456,1.005425214767456,1.005425214767456,0.022224418818950653,8.64000030560419e-05,0.35236799716949463,3560000.0,-0.03580285608768463,-0.002928219735622406,0.06015234440565109,0.006966226268559694,-0.001254300121217966,0.12745331227779388,0.7424547076225281,0.2533342242240906,2.6735823154449463,13942.0625,30.095319747924805,40.796661376953125,70.89198303222656,282.1193542480469,3.8533172607421875
0.36817166209220886,31.760000228881836,1000.0,178.0,0.3673762083053589,0.02065996266901493,9.0,1.000821590423584,1.000821590423584,1.000821590423584,0.0204630009829998,8.520000119460747e-05,0.3521261215209961,3580000.0,-0.034333594143390656,0.0014692619442939758,0.20934532582759857,0.006559923756867647,-0.0004063025116920471,0.08031032234430313,0.7107707262039185,-0.03168398141860962,2.318617105484009,14013.0078125,33.470645904541016,37.449745178222656,70.92039489746094,282.0063171386719,3.996429920196533
0.1591770052909851,29.780000686645508,1000.0,179.0,0.3663855493068695,0.022395730018615723,13.0,0.9995493292808533,0.9995493292808533,0.9995493292808533,0.020496545359492302,8.399999933317304e-05,0.35167503356933594,3600000.0,-0.03342868760228157,0.0009049065411090851,-0.1137709841132164,0.005990137346088886,-0.0005697864107787609,0.0213486198335886,0.6134176254272461,-0.09735310077667236,2.349616289138794,14098.83984375,33.433013916015625,52.37404251098633,85.80705261230469,233.08106994628906,4.105677604675293
0.6259505748748779,39.599998474121094,1000.0,180.0,0.36869075894355774,0.020444339141249657,8.0,1.0021779537200928,1.0021779537200928,1.0021779537200928,0.02174225077033043,8.27999974717386e-05,0.352394163608551,3620000.0,-0.051760487258434296,-0.018331799656152725,-0.12446573376655579,0.007243758998811245,0.0012536216527223587,0.07716537266969681,0.8603257536888123,0.24690812826156616,4.1084771156311035,14163.5166015625,32.40645217895508,32.244598388671875,64.65105438232422,309.3530578613281,4.362973213195801
0.4621780514717102,34.81999969482422,1000.0,181.0,0.363199919462204,0.02000134438276291,11.0,0.9996148943901062,0.9996148943901062,0.9996148943901062,0.020022405311465263,8.160000288626179e-05,0.35043418407440186,3640000.0,-0.034877896308898926,0.01688259094953537,0.18532390892505646,0.005266002845019102,-0.001977756153792143,0.05611886456608772,0.5621272325515747,-0.29819852113723755,3.0222394466400146,14242.0234375,31.377470016479492,47.10673522949219,78.48420715332031,254.82835388183594,4.544134140014648
0.5481816530227661,37.08000183105469,1000.0,182.0,0.3585337698459625,0.022367265075445175,10.0,1.0019830465316772,1.0019830465316772,1.0019830465316772,0.021590499207377434,8.040000102482736e-05,0.3488992750644684,3660000.0,-0.03817938268184662,-0.003301486372947693,-0.07304510474205017,0.006741489749401808,0.0014754869043827057,0.13207848370075226,0.581570029258728,0.01944279670715332,2.9433534145355225,14313.15625,30.20684051513672,40.89916229248047,71.10600280761719,281.27020263671875,4.757096767425537
0.31765592098236084,27.260000228881836,1000.0,183.0,0.3493841588497162,0.023151006549596786,10.0,1.0035204887390137,1.0035204887390137,1.0035204887390137,0.020583780482411385,7.919999916339293e-05,0.3458496928215027,3680000.0,-0.03384246677160263,0.004336915910243988,0.292784184217453,0.008364537730813026,0.0016230479814112186,0.057068176567554474,1.075287938117981,0.49371790885925293,2.4353270530700684,14385.017578125,31.192264556884766,40.645469665527344,71.83773040771484,278.40521240234375,4.818701267242432
0.3844529092311859,29.3799991607666,1000.0,184.0,0.3472580313682556,0.02067205123603344,10.0,1.0025993585586548,1.0025993585586548,1.0025993585586548,0.020924219861626625,7.79999973019585e-05,0.3452952206134796,3700000.0,-0.03623860329389572,-0.002396136522293091,0.18193894624710083,0.007556968834251165,-0.000807568896561861,0.11431299149990082,0.789885401725769,-0.2854025363922119,2.4610602855682373,14461.0439453125,35.73222732543945,40.26786422729492,76.00009155273438,263.1575927734375,4.910585403442383
0.3469317555427551,21.6200008392334,1000.0,185.0,0.3342856466770172,0.020749246701598167,14.0,0.9973445534706116,0.9973445534706116,0.9973445534706116,0.020356347784399986,7.680000271648169e-05,0.3407669961452484,3720000.0,-0.02828780747950077,0.00795079581439495,0.11078814417123795,0.005790427327156067,-0.0017665415070950985,0.06519775092601776,0.36225542426109314,-0.4276299774646759,2.369819164276123,14546.646484375,29.28383445739746,56.2933349609375,85.57716369628906,233.7071990966797,4.880065441131592
0.4210263192653656,17.84000015258789,1000.0,186.0,0.32412880659103394,0.02021768130362034,11.0,1.0007911920547485,1.0007911920547485,1.0007911920547485,0.020480860024690628,7.560000085504726e-05,0.33719396591186523,3740000.0,-0.02409794181585312,0.004189865663647652,-0.12125562131404877,0.007108079735189676,0.0013176524080336094,0.05747852846980095,0.38844719529151917,0.026191771030426025,2.2611019611358643,14623.96484375,31.450071334838867,45.843170166015625,77.29324340820312,258.75482177734375,4.786421775817871
0.3151637017726898,18.280000686645508,1000.0,187.0,0.32434940338134766,0.02019912376999855,10.0,1.0037096738815308,1.0037096738815308,1.0037096738815308,0.02114073373377323,7.439999899361283e-05,0.33722200989723206,3760000.0,-0.037993691861629486,-0.013895750045776367,0.27017635107040405,0.006565346382558346,-0.0005427333526313305,0.06332839280366898,0.5368646383285522,0.14841744303703308,1.421322226524353,14697.3984375,34.257171630859375,39.14979553222656,73.40696716308594,272.4537048339844,4.695209980010986
0.08389368653297424,17.020000457763672,1000.0,188.0,0.31918129324913025,0.02014191448688507,17.0,0.996059238910675,0.996059238910675,0.996059238910675,0.020815180614590645,7.31999971321784e-05,0.33535343408584595,3780000.0,-0.03218774124979973,0.005805950611829758,0.03641773387789726,0.0064841629937291145,-8.118338882923126e-05,0.04852411895990372,0.47526779770851135,-0.061596840620040894,2.9811699390411377,14793.99609375,28.793935775756836,67.77962493896484,96.57356262207031,207.0960235595703,4.583269119262695
0.26268118619918823,20.6200008392334,1000.0,189.0,0.3229958415031433,0.020122870802879333,16.0,1.0034180879592896,1.0034180879592896,1.0034180879592896,0.02127559669315815,7.200000254670158e-05,0.3365047574043274,3800000.0,-0.032352689653635025,-0.00016494840383529663,0.3878902196884155,0.007386253215372562,0.0009020902216434479,0.06130590662360191,0.5976119637489319,0.12234416604042053,1.5726802349090576,14896.2587890625,37.74681091308594,64.4889144897461,102.23573303222656,195.62632751464844,4.529725074768066
0.44505923986434937,23.5,1000.0,190.0,0.32653382420539856,0.02067185752093792,12.0,1.0015044212341309,1.0015044212341309,1.0015044212341309,0.022228717803955078,7.080000068526715e-05,0.3375047743320465,3820000.0,-0.04563914239406586,-0.013286452740430832,0.044288311153650284,0.0065035647712647915,-0.0008826884441077709,0.09008656442165375,0.7367567420005798,0.13914477825164795,2.41428804397583,14975.380859375,31.902379989624023,47.1900634765625,79.09244537353516,252.86865234375,4.516397953033447
0.40509846806526184,24.34000015258789,1000.0,191.0,0.3158949613571167,0.0224684476852417,16.0,0.9993324875831604,0.9993324875831604,0.9993324875831604,0.0194452665746212,6.959999882383272e-05,0.3339695334434509,3840000.0,-0.02488459274172783,0.020754549652338028,0.1766773760318756,0.007090686820447445,0.0005871220491826534,-0.02781226858496666,0.3462797701358795,-0.3904769718647003,1.5626816749572754,15074.1865234375,34.448272705078125,64.33307647705078,98.7813491821289,202.46737670898438,4.518397331237793
0.32746830582618713,24.479999542236328,1000.0,192.0,0.2998591661453247,0.02062203362584114,10.0,0.999977171421051,0.999977171421051,0.999977171421051,0.02114967629313469,6.839999696239829e-05,0.3286827504634857,3860000.0,-0.032548218965530396,-0.0076636262238025665,-0.02494240552186966,0.007266838103532791,0.00017615128308534622,0.051646485924720764,0.4883178770542145,0.14203810691833496,2.424095869064331,15143.6357421875,29.626327514648438,39.795799255371094,69.42212677001953,288.09259033203125,4.521007061004639
0.18810369074344635,16.420000076293945,1000.0,193.0,0.293222039937973,0.020839719101786613,11.0,1.000783920288086,1.000783920288086,1.000783920288086,0.020547011867165565,6.720000237692147e-05,0.32650017738342285,3880000.0,-0.033437516540288925,-0.0008892975747585297,-0.18614234030246735,0.005692603997886181,-0.0015742341056466103,0.003436581464484334,0.6859176158905029,0.19759973883628845,1.521743893623352,15219.44921875,31.715349197387695,44.0748291015625,75.79017639160156,263.8864440917969,4.40441370010376
0.3234615623950958,26.84000015258789,1000.0,194.0,0.2893404960632324,0.020432475954294205,12.0,1.002813696861267,1.002813696861267,1.002813696861267,0.020548852160573006,6.600000051548705e-05,0.3251529633998871,3900000.0,-0.04738713055849075,-0.013949614018201828,0.2227339744567871,0.007188779301941395,0.001496175304055214,0.05283432453870773,0.605116069316864,-0.08080154657363892,1.735001564025879,15298.5576171875,31.772235870361328,47.31169128417969,79.08392333984375,252.89588928222656,4.4498724937438965
0.4939485192298889,24.600000381469727,1000.0,195.0,0.28461572527885437,0.02223215252161026,13.0,1.0004246234893799,1.0004246234893799,1.0004246234893799,0.020015718415379524,6.479999865405262e-05,0.32361501455307007,3920000.0,-0.036977894604206085,0.010409235954284668,-0.06977655738592148,0.007666639517992735,0.0004778602160513401,0.14554700255393982,0.45511943101882935,-0.14999663829803467,2.3373942375183105,15379.9150390625,28.926206588745117,52.40655517578125,81.332763671875,245.9033660888672,4.460378170013428
0.4734417796134949,17.719999313354492,1000.0,196.0,0.27221715450286865,0.02068452537059784,17.0,0.9985162615776062,0.9985162615776062,0.9985162615776062,0.018837064504623413,6.359999679261819e-05,0.3196357190608978,3940000.0,-0.02263477072119713,0.014343123883008957,0.09505724906921387,0.005850456655025482,-0.0018161828629672527,0.040538594126701355,0.26683881878852844,-0.1882806122303009,1.9534318447113037,15477.4248046875,29.064878463745117,68.4184799194336,97.48336029052734,205.16322326660156,4.3669586181640625
0.5245791077613831,17.0,1000.0,197.0,0.2618892192840576,0.021423332393169403,12.0,1.0019123554229736,1.0019123554229736,1.0019123554229736,0.021973146125674248,6.240000220714137e-05,0.3162720799446106,3960000.0,-0.03332439437508583,-0.010689623653888702,-0.08208907395601273,0.00783120933920145,0.001980752684175968,0.1042683944106102,0.4165770709514618,0.14973825216293335,2.782517671585083,15553.9580078125,27.783300399780273,48.721710205078125,76.50501251220703,261.4207763671875,4.26377010345459
0.47207343578338623,18.799999237060547,1000.0,198.0,0.25299888849258423,0.020130516961216927,12.0,1.0009876489639282,1.0009876489639282,1.0009876489639282,0.020062336698174477,6.120000034570694e-05,0.31333932280540466,3980000.0,-0.035375166684389114,-0.0020507723093032837,-0.1772499978542328,0.008633519522845745,0.0008023101836442947,0.12490110099315643,0.4620499014854431,0.04547283053398132,2.4990081787109375,15629.822265625,28.393590927124023,47.44287109375,75.83646392822266,263.7253723144531,4.1887407302856445
0.6043745279312134,20.940000534057617,1000.0,199.0,0.24304704368114471,0.0203851405531168,16.0,1.0008536577224731,1.0008536577224731,1.0008536577224731,0.02054726891219616,5.999999848427251e-05,0.3102801740169525,4000000.0,-0.0298504289239645,0.005524737760424614,0.14270688593387604,0.006961719132959843,-0.0016718003898859024,0.10305117070674896,0.3876129388809204,-0.0744369626045227,1.816083550453186,15725.12109375,32.62385177612305,62.65083694458008,95.27468872070312,209.91934204101562,4.146463394165039
0.9438720941543579,35.779998779296875,1000.0,200.0,0.23944155871868134,0.02199428714811802,14.0,1.0046203136444092,1.0046203136444092,1.0046203136444092,0.021762097254395485,5.880000026081689e-05,0.3090904951095581,4020000.0,-0.06716987490653992,-0.03731944598257542,-0.10592716932296753,0.008380316197872162,0.0014185970649123192,0.09657415747642517,0.6961230039596558,0.30851006507873535,2.9103145599365234,15810.0498046875,28.656044006347656,56.246700286865234,84.90274810791016,235.5636444091797,4.332743167877197
0.714748203754425,33.36000061035156,1000.0,201.0,0.24016225337982178,0.021409615874290466,14.0,1.0004751682281494,1.0004751682281494,1.0004751682281494,0.019315458834171295,5.759999839938246e-05,0.30929264426231384,4040000.0,-0.04999689757823944,0.017172977328300476,0.15831336379051208,0.006991138681769371,-0.0013891775161027908,0.024478629231452942,0.5460221171379089,-0.15010088682174683,3.3041954040527344,15895.1103515625,29.73275375366211,55.30093002319336,85.03468322753906,235.19815063476562,4.477435111999512
0.6938776969909668,37.119998931884766,1000.0,202.0,0.23566244542598724,0.021062148734927177,16.0,1.0021318197250366,1.0021318197250366,1.0021318197250366,0.01980116218328476,5.6400000175926834e-05,0.30787450075149536,4060000.0,-0.031492628157138824,0.018504269421100616,-0.055480096489191055,0.006503765471279621,-0.0004873732104897499,0.03176489844918251,0.4065113067626953,-0.13951081037521362,2.4686031341552734,15988.822265625,30.679533004760742,63.007041931152344,93.68657684326172,213.47775268554688,4.677282810211182
0.26520848274230957,27.399999618530273,1000.0,203.0,0.22149710357189178,0.020877499133348465,14.0,1.0018508434295654,1.0018508434295654,1.0018508434295654,0.020250989124178886,5.5199998314492404e-05,0.30356207489967346,4080000.0,-0.02929493598639965,0.002197692170739174,-0.12540528178215027,0.0068457284942269325,0.0003419630229473114,0.07297433167695999,0.3202621638774872,-0.08624914288520813,2.1786248683929443,16072.9287109375,28.9307861328125,55.1505012512207,84.08129119873047,237.86505126953125,4.726568222045898
0.224261075258255,23.81999969482422,1000.0,204.0,0.22009959816932678,0.02114376798272133,14.0,1.0040283203125,1.0040283203125,1.0040283203125,0.021372893825173378,5.400000009103678e-05,0.30321574211120605,4100000.0,-0.04323494806885719,-0.013940012082457542,-0.15448781847953796,0.006739466451108456,-0.00010626204311847687,0.052331678569316864,0.7139633297920227,0.3937011659145355,2.2147395610809326,16156.9013671875,27.427165985107422,56.520233154296875,83.94739532470703,238.2444305419922,4.713889122009277
0.38299793004989624,19.979999542236328,1000.0,205.0,0.21766161918640137,0.020764363929629326,15.0,1.0022650957107544,1.0022650957107544,1.0022650957107544,0.02043953724205494,5.279999822960235e-05,0.3023263216018677,4120000.0,-0.0407395139336586,0.002495434135198593,0.10163816809654236,0.007680291309952736,0.0009408248588442802,0.1112363189458847,0.4176360070705414,-0.2963273227214813,2.45609712600708,16245.8056640625,28.857074737548828,60.02149200439453,88.87857055664062,225.026123046875,4.6428542137146
0.3718106150627136,18.040000915527344,1000.0,206.0,0.203940749168396,0.02119794487953186,16.0,1.0004146099090576,1.0004146099090576,1.0004146099090576,0.018741177394986153,5.160000000614673e-05,0.29816529154777527,4140000.0,-0.023820267990231514,0.016919245943427086,0.06217937916517258,0.0059514655731618404,-0.0017288257367908955,0.03060614876449108,0.2992260754108429,-0.11840993165969849,1.908231496810913,16336.822265625,28.157451629638672,62.83100509643555,90.98845672607422,219.80810546875,4.546230792999268
0.2585129141807556,21.200000762939453,1000.0,207.0,0.1991874873638153,0.020581485703587532,17.0,1.0062168836593628,1.0062168836593628,1.0062168836593628,0.022053109481930733,5.0400001782691106e-05,0.2967081367969513,4160000.0,-0.05491561070084572,-0.031095342710614204,0.10035841166973114,0.006556372623890638,0.0006049070507287979,0.01921144872903824,0.6556535363197327,0.35642746090888977,2.1503353118896484,16432.05078125,28.35799217224121,66.84342193603516,95.20140838623047,210.08091735839844,4.500298500061035
0.3089483082294464,30.559999465942383,1000.0,208.0,0.19498102366924286,0.02038622833788395,17.0,1.0048232078552246,1.0048232078552246,1.0048232078552246,0.019924432039260864,4.9199999921256676e-05,0.2956376075744629,4180000.0,-0.04972768574953079,0.005187924951314926,-0.08609485626220703,0.005994040053337812,-0.0005623325705528259,0.016133761033415794,0.7688049077987671,0.11315137147903442,2.3367388248443604,16529.982421875,31.322555541992188,66.58118438720703,97.90373992919922,204.28228759765625,4.59894323348999
0.40142104029655457,46.36000061035156,1000.0,209.0,0.18891309201717377,0.020208461210131645,16.0,1.003400206565857,1.003400206565857,1.003400206565857,0.01900792121887207,4.8000001697801054e-05,0.2938407063484192,4200000.0,-0.05532079562544823,-0.005593109875917435,0.14935171604156494,0.00634854007512331,0.00035450002178549767,0.08928476274013519,0.6272775530815125,-0.14152735471725464,2.188478946685791,16623.26171875,29.435504913330078,63.81676483154297,93.25226593017578,214.4720001220703,4.939265251159668
0.43005314469337463,43.119998931884766,1000.0,210.0,0.1815272569656372,0.020421376451849937,16.0,1.002753496170044,1.002753496170044,1.002753496170044,0.019774440675973892,4.6799999836366624e-05,0.291817843914032,4220000.0,-0.04340578243136406,0.011915013194084167,0.06739675253629684,0.006005959585309029,-0.00034258048981428146,0.08996269106864929,0.5952516794204712,-0.03202587366104126,2.4577786922454834,16714.712890625,27.68832778930664,63.73612594604492,91.42445373535156,218.7598419189453,5.215611457824707
0.5130760669708252,41.02000045776367,1000.0,211.0,0.16882668435573578,0.020904045552015305,16.0,1.0024315118789673,1.0024315118789673,1.0024315118789673,0.020243581384420395,4.5600001612911e-05,0.2882743179798126,4240000.0,-0.046624913811683655,-0.0032191313803195953,-0.12930281460285187,0.005834369454532862,-0.00017159013077616692,0.032916393131017685,0.48167574405670166,-0.11357593536376953,2.917738914489746,16807.6171875,28.95465660095215,63.922943115234375,92.87760162353516,215.33717346191406,5.455860137939453
0.482115775346756,38.13999938964844,1000.0,212.0,0.16257597506046295,0.02015005797147751,17.0,1.0062366724014282,1.0062366724014282,1.0062366724014282,0.020518550649285316,4.439999975147657e-05,0.2866404354572296,4260000.0,-0.07413368672132492,-0.027508772909641266,-0.1568290889263153,0.0072742304764688015,0.0014398610219359398,0.07789640128612518,0.6163747310638428,0.1346989870071411,2.670611619949341,16903.91015625,27.537622451782227,68.7285385131836,96.26615905761719,207.75732421875,5.6455864906311035
0.3185456097126007,34.119998931884766,1000.0,213.0,0.15389800071716309,0.021037040278315544,26.0,0.9988062381744385,0.9988062381744385,0.9988062381744385,0.018564971163868904,4.320000152802095e-05,0.2841167747974396,4280000.0,-0.0378640778362751,0.03626960888504982,0.1386229544878006,0.007195081561803818,-7.914891466498375e-05,0.06681963801383972,0.414172887802124,-0.20220184326171875,3.3003952503204346,17036.12890625,28.79293441772461,103.39871215820312,132.1926727294922,151.2943115234375,5.774946689605713
0.40593039989471436,32.959999084472656,1000.0,214.0,0.1504053771495819,0.020222924649715424,14.0,1.0027421712875366,1.0027421712875366,1.0027421712875366,0.020399698987603188,4.199999966658652e-05,0.2830388844013214,4300000.0,-0.057928115129470825,-0.020064037293195724,0.2900902330875397,0.008106023073196411,0.0009109415113925934,0.04954376071691513,0.8228009343147278,0.40862804651260376,3.364175796508789,17121.85546875,30.273984909057617,55.421600341796875,85.69558715820312,233.38424682617188,5.886208534240723
0.6094554662704468,20.34000015258789,1000.0,215.0,0.14467038214206696,0.020679760724306107,18.0,1.0026758909225464,1.0026758909225464,1.0026758909225464,0.019304407760500908,4.0800001443130895e-05,0.2815248668193817,4320000.0,-0.04470266401767731,0.013225451111793518,0.051899440586566925,0.008096987381577492,-9.035691618919373e-06,0.09345889091491699,0.5941125154495239,-0.22868841886520386,2.804727554321289,17222.0546875,28.296619415283203,71.8770980834961,100.17371368408203,199.65316772460938,5.802197456359863
0.9016563892364502,22.84000015258789,1000.0,216.0,0.13310346007347107,0.02008734829723835,23.0,1.0015747547149658,1.0015747547149658,1.0015747547149658,0.019085444509983063,3.9599999581696466e-05,0.27823835611343384,4340000.0,-0.03429671376943588,0.010405950248241425,-0.1492719203233719,0.009799678809940815,0.0017026914283633232,0.07869883626699448,0.34965208172798157,-0.24446043372154236,1.7755043506622314,17343.962890625,30.35607147216797,91.52349853515625,121.87957000732422,164.09640502929688,5.759777069091797
1.3585700988769531,26.719999313354492,1000.0,217.0,0.12204305827617645,0.020503807812929153,18.0,1.0065220594406128,1.0065220594406128,1.0065220594406128,0.020641561597585678,3.840000135824084e-05,0.2751595675945282,4360000.0,-0.0578094907104969,-0.02351277694106102,-0.28284719586372375,0.010082976892590523,0.0002832980826497078,0.16121186316013336,0.7533112168312073,0.4036591351032257,3.8312125205993652,17443.837890625,28.30387306213379,71.54011535644531,99.843994140625,200.3125,5.7769575119018555
1.21517014503479,33.08000183105469,1000.0,218.0,0.11691752821207047,0.02079431712627411,21.0,1.0029693841934204,1.0029693841934204,1.0029693841934204,0.019444657489657402,3.719999949680641e-05,0.2737848162651062,4380000.0,-0.048542264848947525,0.009267225861549377,-0.05139940232038498,0.00637010857462883,-0.003712868317961693,0.1090836301445961,0.436288982629776,-0.3170222342014313,2.6950697898864746,17556.2421875,29.52427864074707,82.85260009765625,112.37688446044922,177.97254943847656,5.8880391120910645
0.9878585934638977,42.439998626708984,1000.0,219.0,0.108958899974823,0.020737480372190475,23.0,1.0055052042007446,1.0055052042007446,1.0055052042007446,0.01990452967584133,3.600000127335079e-05,0.2717389464378357,4400000.0,-0.05673823133111,-0.008195966482162476,-0.13614635169506073,0.006377531681209803,7.4231065809726715e-06,0.051288068294525146,0.7809703350067139,0.34468135237693787,2.315800666809082,17680.11328125,33.50924301147461,90.32884979248047,123.83808898925781,161.50120544433594,6.134786605834961
0.5740979909896851,44.79999923706055,1000.0,220.0,0.09822011739015579,0.020305916666984558,21.0,1.001508355140686,1.001508355140686,1.001508355140686,0.019356830045580864,3.479999941191636e-05,0.2688611149787903,4420000.0,-0.04852049797773361,0.008217733353376389,0.06301651895046234,0.005300222896039486,-0.0010773087851703167,0.05139850452542305,0.5605214834213257,-0.22044885158538818,2.9701321125030518,17794.724609375,31.178348541259766,83.40460968017578,114.58296203613281,174.5460205078125,6.416116714477539
0.519099235534668,32.63999938964844,1000.0,221.0,0.08780135959386826,0.020121140405535698,22.0,1.0027482509613037,1.0027482509613037,1.0027482509613037,0.019669655710458755,3.360000118846074e-05,0.26600518822669983,4440000.0,-0.052886586636304855,-0.004366088658571243,-0.008902467787265778,0.006105426233261824,0.0008052033372223377,0.22947244346141815,0.41404956579208374,-0.14647191762924194,3.867922306060791,17911.568359375,30.59881019592285,86.21308135986328,116.8118896484375,171.21543884277344,6.505849838256836
0.4668157696723938,24.579999923706055,1000.0,222.0,0.081263966858387,0.020670704543590546,21.0,1.0025956630706787,1.0025956630706787,1.0025956630706787,0.019555889070034027,3.239999932702631e-05,0.2642761468887329,4460000.0,-0.03810309246182442,0.014783494174480438,0.18306340277194977,0.005077335983514786,-0.0010280902497470379,-0.03209039196372032,0.33346426486968994,-0.0805853009223938,1.9888194799423218,18026.0703125,31.723583221435547,82.75016021728516,114.47374725341797,174.71255493164062,6.471426963806152
0.12847290933132172,19.520000457763672,1000.0,223.0,0.06675725430250168,0.02112489566206932,22.0,1.0002678632736206,1.0002678632736206,1.0002678632736206,0.019000981003046036,3.1200001103570685e-05,0.2604297697544098,4480000.0,-0.02893303520977497,0.009170057252049446,0.05923827365040779,0.004283531568944454,-0.0007938044145703316,-0.0002518414694350213,0.2687082886695862,-0.06475597620010376,1.9624032974243164,18146.3359375,30.86554527282715,89.37054443359375,120.23609161376953,166.3394012451172,6.362094879150391
0.05170346423983574,17.940000534057617,1000.0,224.0,0.05319289490580559,0.020698655396699905,32.0,1.0058232545852661,1.0058232545852661,1.0058232545852661,0.019788049161434174,2.9999999242136255e-05,0.25708749890327454,4500000.0,-0.03709599748253822,-0.008162962272763252,-0.26594969630241394,0.004130993969738483,-0.00015253759920597076,0.04573702812194824,0.25760725140571594,-0.01110103726387024,1.8633619546890259,18303.720703125,28.114784240722656,129.24044799804688,157.355224609375,127.10095977783203,6.231579780578613
0.30537280440330505,12.479999542236328,1000.0,225.0,0.04569297283887863,0.020412297919392586,26.0,1.002922773361206,1.002922773361206,1.002922773361206,0.01953587308526039,2.879999919969123e-05,0.2553621828556061,4520000.0,-0.03215286135673523,0.004943136125802994,0.025298673659563065,0.00789842288941145,0.003767428919672966,0.06948190182447433,0.31095433235168457,0.05334708094596863,2.1868631839752197,18437.607421875,32.068355560302734,101.78300476074219,133.8513641357422,149.4194793701172,6.02656364440918
0.36543118953704834,25.0,1000.0,226.0,0.04000784456729889,0.020452124997973442,36.0,1.00564706325531,1.00564706325531,1.00564706325531,0.019847050309181213,2.7599999157246202e-05,0.25391894578933716,4540000.0,-0.08861087262630463,-0.0564580112695694,0.13958212733268738,0.005902984645217657,-0.0019954382441937923,-0.05342043936252594,0.4291593134403229,0.1182049810886383,1.9992724657058716,18614.498046875,35.81014633178711,141.0496368408203,176.85977172851562,113.08393859863281,6.01674222946167
0.24286697804927826,25.68000030517578,1000.0,227.0,0.03575991466641426,0.020165259018540382,30.0,1.0030118227005005,1.0030118227005005,1.0030118227005005,0.018702661618590355,2.6399999114801176e-05,0.25285956263542175,4560000.0,-0.052464064210653305,0.03614680841565132,-0.06785272806882858,0.0053837960585951805,-0.0005191885866224766,-0.012266862206161022,0.33384808897972107,-0.0953112244606018,2.014303684234619,18764.693359375,30.999122619628906,119.16089630126953,150.16001892089844,133.1912384033203,6.017031669616699
0.07013027369976044,26.1200008392334,1000.0,228.0,0.01729467697441578,0.020031562075018883,33.0,0.9983779788017273,0.9983779788017273,0.9983779788017273,0.0184165146201849,2.5200000891345553e-05,0.2483176290988922,4580000.0,-0.028879107907414436,0.02358495630323887,-0.08434052765369415,0.0056885783560574055,0.00030478229746222496,-0.006699890363961458,0.18712134659290314,-0.14672674238681793,1.4187463521957397,18927.486328125,32.21211242675781,130.5419921875,162.7541046142578,122.884765625,6.024529457092285
0.18376553058624268,37.439998626708984,1000.0,229.0,0.0030052808579057455,0.017891574651002884,40.0,1.014100432395935,1.014100432395935,1.014100432395935,0.019356412813067436,2.4000000848900527e-05,0.2446703016757965,4600000.0,-0.05905958637595177,-0.03018047846853733,0.26343899965286255,0.005970478989183903,0.00028190063312649727,0.13181157410144806,0.3505256474018097,0.16340430080890656,2.0295684337615967,19121.63671875,34.50386428833008,159.61170959472656,194.11557006835938,103.03140258789062,6.202012538909912
0.595278263092041,28.219999313354492,1000.0,230.0,-0.0049884323962032795,0.02004806138575077,33.0,1.0029140710830688,1.0029140710830688,1.0029140710830688,0.019285619258880615,2.28000008064555e-05,0.24270711839199066,4620000.0,-0.04272022843360901,0.016339357942342758,-0.32063546776771545,0.006345032714307308,0.00037455372512340546,0.12464455515146255,0.3807930052280426,0.03026735782623291,2.268812417984009,19283.1953125,27.94618797302246,133.5755615234375,161.52174377441406,123.82233428955078,6.238541126251221
0.8873950839042664,48.0,1000.0,231.0,-0.011819509789347649,0.020061809569597244,27.0,1.0066876411437988,1.0066876411437988,1.0066876411437988,0.019954634830355644,2.1600000764010474e-05,0.2410019487142563,4640000.0,-0.09332869946956635,-0.050608471035957336,-0.1448868215084076,0.008511679247021675,0.002166646532714367,0.1845787614583969,0.5384100675582886,0.15761706233024597,2.354034662246704,19419.59765625,28.797805786132812,107.57003021240234,136.36782836914062,146.6621551513672,6.571553707122803
0.7284607887268066,50.29999923706055,1000.0,232.0,-0.01629745401442051,0.0179083701223135,40.0,1.0073833465576172,1.0073833465576172,1.0073833465576172,0.018361713737249374,2.0400000721565448e-05,0.2399037480354309,4660000.0,-0.0776960477232933,0.01563265174627304,0.19980104267597198,0.005371722858399153,-0.0031399563886225224,0.08786081522703171,0.44146260619163513,-0.09694746136665344,2.9625396728515625,19609.625,30.63025665283203,159.36331176757812,189.99356079101562,105.2667236328125,6.941428184509277
0.47602349519729614,55.040000915527344,1000.0,233.0,-0.026598410680890083,0.020141299813985825,33.0,1.000396966934204,1.000396966934204,1.000396966934204,0.01922640949487686,1.920000067912042e-05,0.23754987120628357,4680000.0,-0.058296799659729004,0.0193992480635643,0.1174810603260994,0.005031710956245661,-0.000340011902153492,0.037290822714567184,0.31157177686691284,-0.1298908293247223,2.595261335372925,19773.583984375,33.3551025390625,130.5636749267578,163.9187774658203,122.01165008544922,7.386806011199951
0.589942991733551,43.81999969482422,1000.0,234.0,-0.04932539910078049,0.018594512715935707,40.0,0.9969196319580078,0.9969196319580078,0.9969196319580078,0.018505945801734924,1.8000000636675395e-05,0.23217396438121796,4700000.0,-0.037745971232652664,0.02055082842707634,0.16255143284797668,0.006243881303817034,0.001212170347571373,0.16533827781677246,0.1918618083000183,-0.11970996856689453,3.0954601764678955,19963.875,33.24903106689453,157.0103302001953,190.2593536376953,105.11966705322266,7.651814937591553
0.6856231093406677,20.31999969482422,1000.0,235.0,-0.06101197749376297,0.02038438804447651,39.0,1.0045733451843262,1.0045733451843262,1.0045733451843262,0.018922222778201103,1.680000059423037e-05,0.2294328212738037,4720000.0,-0.05996242165565491,-0.022216450423002243,-0.09378606081008911,0.009671968407928944,0.00342808710411191,0.1642427295446396,0.2626037895679474,0.07074198126792908,2.2188265323638916,20150.146484375,33.55055236816406,152.68289184570312,186.2334442138672,107.39209747314453,7.551463603973389
0.7838008999824524,12.920000076293945,1000.0,236.0,-0.08880480378866196,0.018338238820433617,40.0,0.9974995255470276,0.9974995255470276,0.9974995255470276,0.017923269420862198,1.5600000551785342e-05,0.2230900526046753,4740000.0,-0.030189333483576775,0.029773088172078133,0.12561437487602234,0.006287578959017992,-0.0033843894489109516,0.09627653658390045,0.13738788664340973,-0.12521590292453766,2.9699018001556396,20343.552734375,33.4695930480957,159.89910888671875,193.36871337890625,103.42935180664062,7.33282995223999
0.9554049968719482,23.68000030517578,1000.0,237.0,-0.10185124725103378,0.01984769105911255,40.0,1.0088223218917847,1.0088223218917847,1.0088223218917847,0.019454212859272957,1.4399999599845614e-05,0.2201918512582779,4760000.0,-0.06718458235263824,-0.03699524886906147,0.2670193314552307,0.008813551627099514,0.002525972668081522,0.21366745233535767,0.3414634168148041,0.20407553017139435,3.4624366760253906,20533.244140625,31.667804718017578,157.98341369628906,189.65121459960938,105.45674896240234,7.28552770614624
0.9239475131034851,21.020000457763672,1000.0,238.0,-0.10805495083332062,0.01799176260828972,40.0,1.001102089881897,1.001102089881897,1.001102089881897,0.018116865307092667,1.3199999557400588e-05,0.21885140240192413,4780000.0,-0.044472236186265945,0.0227123461663723,-0.016085445880889893,0.007241564337164164,-0.0015719872899353504,0.18479081988334656,0.2666338086128235,-0.07482960820198059,2.907273769378662,20725.142578125,34.333553314208984,157.5271453857422,191.86070251464844,104.24229431152344,7.198480606079102
0.9599773287773132,21.899999618530273,1000.0,239.0,-0.12117274105548859,0.016571184620261192,40.0,1.0011050701141357,1.0011050701141357,1.0011050701141357,0.01727834716439247,1.2000000424450263e-05,0.21608057618141174,4800000.0,-0.03425311669707298,0.010219119489192963,0.17661212384700775,0.005719536449760199,-0.001522027887403965,0.0836903527379036,0.17464131116867065,-0.09199249744415283,2.3997490406036377,20916.05859375,32.717254638671875,158.15628051757812,190.8740692138672,104.7811279296875,7.121776103973389
1.0740469694137573,16.459999084472656,1000.0,240.0,-0.13475167751312256,0.017444724217057228,40.0,1.003373384475708,1.003373384475708,1.003373384475708,0.01818116568028927,1.0800000382005237e-05,0.21323180198669434,4820000.0,-0.04616107419133186,-0.01190795749425888,-0.17284701764583588,0.009344016201794147,0.003624479752033949,0.1615309864282608,0.22599992156028748,0.05135861039161682,2.278454303741455,21103.369140625,29.92694854736328,157.34674072265625,187.273681640625,106.79557037353516,6.967646598815918
0.7271307110786438,19.520000457763672,1000.0,241.0,-0.14084789156913757,0.014007195830345154,40.0,1.002214789390564,1.002214789390564,1.002214789390564,0.01649058237671852,9.60000033956021e-06,0.21197575330734253,4840000.0,-0.03657349944114685,0.009587574750185013,-0.021979503333568573,0.006882918067276478,-0.0024610981345176697,0.15042975544929504,0.2760232388973236,0.05002331733703613,2.4657750129699707,21292.779296875,31.37956428527832,157.9936065673828,189.3731689453125,105.61157989501953,6.860571384429932
0.8724987506866455,21.739999771118164,1000.0,242.0,-0.1459352672100067,0.013687250204384327,40.0,1.0013079643249512,1.0013079643249512,1.0013079643249512,0.016159089282155037,8.400000297115184e-06,0.21095381677150726,4860000.0,-0.039329688996076584,-0.0027561895549297333,-0.08434929698705673,0.008579392917454243,0.001696474850177765,0.1725902408361435,0.2576200067996979,-0.018403232097625732,2.0080063343048096,21482.15625,33.061702728271484,156.27784729003906,189.3395538330078,105.63033294677734,6.797572135925293
0.4873473644256592,21.520000457763672,1000.0,243.0,-0.1527108997106552,0.01151907630264759,40.0,1.0026315450668335,1.0026315450668335,1.0026315450668335,0.014488830231130123,7.199999799922807e-06,0.20954182744026184,4880000.0,-0.02876334823668003,0.010566340759396553,0.1750037670135498,0.005745230242609978,-0.002834162674844265,0.13710010051727295,0.22140376269817352,-0.03621624410152435,2.208622455596924,21670.685546875,31.832962036132812,156.6568603515625,188.4907989501953,106.10652923583984,6.732792854309082
0.5772544145584106,13.020000457763672,1000.0,244.0,-0.15650725364685059,0.01046385895460844,40.0,0.9998141527175903,0.9998141527175903,0.9998141527175903,0.013894375413656235,6.000000212225132e-06,0.2087581902742386,4900000.0,-0.023669809103012085,0.005093539133667946,-0.03685523942112923,0.007323144003748894,0.001577913761138916,0.11119504272937775,0.16505800187587738,-0.05634576082229614,1.7719265222549438,21857.583984375,30.673677444458008,156.187255859375,186.86093139648438,107.0314712524414,6.542012691497803
0.5035704374313354,18.1200008392334,1000.0,245.0,-0.15930578112602234,0.010303068906068802,40.0,1.0031509399414062,1.0031509399414062,1.0031509399414062,0.014222157187759876,4.800000169780105e-06,0.2081809937953949,4920000.0,-0.03672114759683609,-0.013051338493824005,0.23977845907211304,0.008177896030247211,0.0008547520264983177,0.09127557277679443,0.2473035752773285,0.08224557340145111,2.5141611099243164,22048.26171875,34.27322769165039,156.36424255371094,190.63746643066406,104.91117095947266,6.431281566619873
0.6160648465156555,23.040000915527344,1000.0,246.0,-0.15883605182170868,0.008421633392572403,40.0,1.0016655921936035,1.0016655921936035,1.0016655921936035,0.012856384739279747,3.5999998999614036e-06,0.20828290283679962,4940000.0,-0.03942199796438217,-0.0027008503675460815,-0.10247576236724854,0.0071053956635296345,-0.001072500366717577,0.21645119786262512,0.25462839007377625,0.007324814796447754,2.792609691619873,22239.6875,33.90083694458008,157.48574829101562,191.3865966796875,104.50052642822266,6.396446704864502
0.8659738898277283,25.079999923706055,1000.0,247.0,-0.15947003662586212,0.006649164482951164,40.0,1.0021319389343262,1.0021319389343262,1.0021319389343262,0.011341246776282787,2.4000000848900527e-06,0.208137646317482,4960000.0,-0.0201182272285223,0.01930377073585987,-0.12797978520393372,0.005984093528240919,-0.0011213021352887154,0.05983591824769974,0.18150244653224945,-0.0731259435415268,2.3633859157562256,22428.673828125,31.374296188354492,157.57415771484375,188.94845581054688,105.8489761352539,6.392973899841309
0.9878728985786438,25.739999771118164,1000.0,248.0,-0.158248171210289,0.005836592987179756,40.0,1.0014629364013672,1.0014629364013672,1.0014629364013672,0.01114991120994091,1.2000000424450263e-06,0.20838092267513275,4980000.0,-0.038106027990579605,-0.017987800762057304,-0.14675509929656982,0.010345525108277798,0.004361431580036879,0.184162899851799,0.3662562966346741,0.18475385010242462,2.7788305282592773,22619.455078125,33.57394027709961,157.1687469482422,190.74269104003906,104.8532943725586,6.399614334106445
1.0485868453979492,21.239999771118164,1000.0,249.0,-0.15583987534046173,0.0034890000242739916,40.0,1.0004124641418457,1.0004124641418457,1.0004124641418457,0.008200540207326412,0.0,0.20889081060886383,5000000.0,-0.02322991006076336,0.014876117929816246,0.01774742268025875,0.008658085949718952,-0.0016874391585588455,0.19059571623802185,0.2775700092315674,-0.08868628740310669,2.7620368003845215,22809.880859375,32.82432174682617,157.56149291992188,190.3858184814453,105.04984283447266,6.3387932777404785
