Metrics/EpRet,Metrics/EpCost,Metrics/EpLen,Train/Epoch,Train/Entropy,Train/KL,Train/StopIter,Train/PolicyRatio,Train/PolicyRatio/Min,Train/PolicyRatio/Max,Train/PolicyRatio/Std,Train/LR,Train/PolicyStd,TotalEnvSteps,Loss/Loss_pi,Loss/Loss_pi/Delta,Value/Adv,Loss/Loss_reward_critic,Loss/Loss_reward_critic/Delta,Value/reward,Loss/Loss_cost_critic,Loss/Loss_cost_critic/Delta,Value/cost,Time/Total,Time/Rollout,Time/Update,Time/Epoch,Time/FPS,Metrics/LagrangeMultiplier
-0.5241097807884216,111.5,1000.0,0.0,1.4240292310714722,0.00907190516591072,40.0,1.0015413761138916,1.0015413761138916,1.0015413761138916,0.014615414664149284,0.00029880000511184335,1.0051769018173218,20000.0,-0.021286554634571075,-0.021286554634571075,0.04139227792620659,0.006198367569595575,0.006198367569595575,-0.08273129910230637,2.1227316856384277,2.1227316856384277,-0.01230218168348074,178.716064453125,20.31801986694336,158.39804077148438,178.716064453125,111.90935516357422,1.3542499542236328
-0.19972272217273712,79.25,1000.0,1.0,1.4325975179672241,0.01510933879762888,40.0,0.9993797540664673,0.9993797540664673,0.9993797540664673,0.017935579642653465,0.0002975999959744513,1.01383638381958,40000.0,-0.03403731435537338,-0.012750759720802307,-0.26023975014686584,0.004918588791042566,-0.001279778778553009,-0.03769679367542267,0.860883355140686,-1.2618483304977417,1.112423300743103,357.85064697265625,19.7208251953125,159.3756561279297,179.0964813232422,111.6716537475586,2.1832125186920166
-0.05335960164666176,61.54166793823242,1000.0,2.0,1.4291491508483887,0.020476745441555977,23.0,1.0011135339736938,1.0011135339736938,1.0011135339736938,0.018577981740236282,0.00029639998683705926,1.0102864503860474,60000.0,-0.02688004821538925,0.007157266139984131,-0.27243906259536743,0.005058060400187969,0.0001394716091454029,-0.04948623105883598,0.7989908456802368,-0.06189250946044922,2.018320322036743,469.26739501953125,19.928102493286133,91.44731903076172,111.37542724609375,179.5728302001953,2.7233726978302
0.048870429396629333,37.380001068115234,1000.0,3.0,1.418041706085205,0.020291943103075027,40.0,1.0017313957214355,1.0017313957214355,1.0017313957214355,0.020320560783147812,0.00029520000680349767,0.9991100430488586,80000.0,-0.041781235486269,-0.014901187270879745,-0.16628959774971008,0.0036356032360345125,-0.0014224571641534567,-0.09495499730110168,1.091456651687622,0.29246580600738525,2.486933708190918,649.2717895507812,20.34686851501465,159.62799072265625,179.974853515625,111.12663269042969,2.8802900314331055
0.3959575593471527,38.97999954223633,1000.0,4.0,1.4101909399032593,0.023426156491041183,31.0,1.001828670501709,1.001828670501709,1.001828670501709,0.021161481738090515,0.00029399999766610563,0.9913228750228882,100000.0,-0.04812774807214737,-0.006346512585878372,-0.20014116168022156,0.005684965755790472,0.0020493625197559595,-0.040333472192287445,1.3759902715682983,0.28453361988067627,3.161419153213501,794.2681274414062,21.80889129638672,123.14959716796875,144.95848083496094,137.9705352783203,3.0603513717651367
0.45179829001426697,40.15999984741211,1000.0,5.0,1.3982138633728027,0.020296353846788406,31.0,1.0012506246566772,1.0012506246566772,1.0012506246566772,0.02079073339700699,0.0002927999885287136,0.9795136451721191,120000.0,-0.04966454952955246,-0.0015368014574050903,0.022837169468402863,0.005392348859459162,-0.00029261689633131027,0.0010557103669270873,1.1239773035049438,-0.2520129680633545,3.723126173019409,938.7701416015625,21.284454345703125,123.18351745605469,144.4679718017578,138.43899536132812,3.2566895484924316
0.617382287979126,32.31999969482422,1000.0,6.0,1.3850146532058716,0.02167869359254837,22.0,1.0000486373901367,1.0000486373901367,1.0000486373901367,0.020911823958158493,0.000291600008495152,0.9666773080825806,140000.0,-0.036477942019701004,0.013186607509851456,-0.12231597304344177,0.0049694133922457695,-0.00042293546721339226,-0.0084605747833848,0.7450119853019714,-0.3789653182029724,2.139603614807129,1049.9927978515625,21.009319305419922,90.18165588378906,111.19097900390625,179.87071228027344,3.329270839691162
0.35714396834373474,21.579999923706055,1000.0,7.0,1.3692275285720825,0.020415935665369034,21.0,1.0005041360855103,1.0005041360855103,1.0005041360855103,0.01972072944045067,0.00029039999935775995,0.9516386985778809,160000.0,-0.03118409402668476,0.005293847993016243,0.05946063995361328,0.00522787868976593,0.0002584652975201607,0.014940259046852589,0.6469358205795288,-0.09807616472244263,2.966071128845215,1156.39501953125,19.88804817199707,86.48506164550781,106.37310791015625,188.01744079589844,3.235413074493408
0.49822089076042175,19.399999618530273,1000.0,8.0,1.3588265180587769,0.021053612232208252,20.0,1.0016162395477295,1.0016162395477295,1.0016162395477295,0.021884948015213013,0.0002891999902203679,0.9419282078742981,180000.0,-0.03815827891230583,-0.006974184885621071,-0.25683408975601196,0.005857495591044426,0.0006296169012784958,0.06630896031856537,0.8909409046173096,0.24400508403778076,3.209433078765869,1258.1739501953125,20.381107330322266,81.3695297241211,101.7506332397461,196.55897521972656,3.110748291015625
0.844350278377533,17.920000076293945,1000.0,9.0,1.3481817245483398,0.020980868488550186,24.0,0.9988358020782471,0.9988358020782471,0.9988358020782471,0.02102896012365818,0.0002880000101868063,0.9319908618927002,200000.0,-0.03207162767648697,0.006086651235818863,-0.03996129706501961,0.005872027482837439,1.4531891793012619e-05,0.07306192070245743,0.5278832912445068,-0.36305761337280273,2.2835917472839355,1374.155517578125,18.99155044555664,96.96255493164062,115.9541015625,172.48204040527344,2.9665768146514893
1.1539390087127686,21.020000457763672,1000.0,10.0,1.3304301500320435,0.020820073783397675,16.0,1.0020519495010376,1.0020519495010376,1.0020519495010376,0.020928483456373215,0.0002868000010494143,0.9155769944190979,220000.0,-0.02631228230893612,0.00575934536755085,0.16482578217983246,0.0058438596315681934,-2.8167851269245148e-05,0.04782086983323097,1.1104326248168945,0.5825493335723877,3.050978899002075,1459.156982421875,19.483341217041016,65.48920440673828,84.97254943847656,235.37013244628906,2.818373680114746
1.1982775926589966,33.060001373291016,1000.0,11.0,1.3236026763916016,0.020641854032874107,19.0,1.00204598903656,1.00204598903656,1.00204598903656,0.021308913826942444,0.00028559999191202223,0.9097038507461548,240000.0,-0.04941066727042198,-0.023098384961485863,-0.12389770150184631,0.00738912308588624,0.0015452634543180466,0.08830583840608597,1.273154616355896,0.16272199153900146,3.240736246109009,1556.3311767578125,21.21640396118164,75.93077850341797,97.14718627929688,205.87318420410156,2.878335952758789
1.0994070768356323,39.08000183105469,1000.0,12.0,1.3120601177215576,0.0205124169588089,16.0,0.9989607334136963,0.9989607334136963,0.9989607334136963,0.02010773867368698,0.00028440001187846065,0.8994852304458618,260000.0,-0.03861304372549057,0.010797623544931412,-0.2215762436389923,0.006144569255411625,-0.001244553830474615,0.0953357145190239,0.8947693705558777,-0.3783852458000183,3.2281830310821533,1639.960205078125,21.134702682495117,62.464683532714844,83.5993881225586,239.2362060546875,3.041494131088257
1.1555869579315186,40.619998931884766,1000.0,13.0,1.3049453496932983,0.020099999383091927,14.0,1.0031440258026123,1.0031440258026123,1.0031440258026123,0.020125407725572586,0.0002832000027410686,0.8929349184036255,280000.0,-0.029935240745544434,0.008677802979946136,-0.10192156583070755,0.007629831321537495,0.0014852620661258698,0.09703774750232697,1.21876060962677,0.32399123907089233,2.925168037414551,1716.99853515625,19.91351890563965,57.098289489746094,77.01181030273438,259.700439453125,3.239485263824463
1.0007774829864502,49.779998779296875,1000.0,14.0,1.2999260425567627,0.022381803020834923,16.0,1.0009393692016602,1.0009393692016602,1.0009393692016602,0.021869590505957603,0.00028199999360367656,0.8887256979942322,300000.0,-0.06014733016490936,-0.03021208941936493,0.36690038442611694,0.0063743856735527515,-0.0012554456479847431,0.0772944763302803,2.0000193119049072,0.7812587022781372,3.238633871078491,1799.1361083984375,19.41022491455078,62.701927185058594,82.11215209960938,243.56930541992188,3.5765669345855713
1.174864649772644,52.599998474121094,1000.0,15.0,1.2995823621749878,0.02108694612979889,13.0,1.000990629196167,1.000990629196167,1.000990629196167,0.020233776420354843,0.00028080001357011497,0.8883680701255798,320000.0,-0.05222393944859505,0.007923390716314316,-0.163631409406662,0.007486694026738405,0.0011123083531856537,0.14158646762371063,1.6190721988677979,-0.3809471130371094,3.234113931655884,1873.995849609375,23.34344482421875,51.48968505859375,74.8331298828125,267.26129150390625,3.9523043632507324
0.9486287832260132,54.7400016784668,1000.0,16.0,1.2965754270553589,0.020105568692088127,15.0,1.000268578529358,1.000268578529358,1.000268578529358,0.02148517593741417,0.0002796000044327229,0.8856409788131714,340000.0,-0.060631368309259415,-0.008407428860664368,-0.06383252143859863,0.005972352810204029,-0.0015143412165343761,0.13606517016887665,1.3752244710922241,-0.24384772777557373,3.2639689445495605,1954.89990234375,19.778722763061523,61.100677490234375,80.87940216064453,247.28175354003906,4.360145092010498
1.327183723449707,43.5,1000.0,17.0,1.3007410764694214,0.02011268027126789,16.0,0.9996657967567444,0.9996657967567444,0.9996657967567444,0.02153848484158516,0.0002783999952953309,0.8891439437866211,360000.0,-0.058545470237731934,0.002085898071527481,-0.1599765121936798,0.007807545829564333,0.0018351930193603039,0.1370290219783783,1.7081948518753052,0.33297038078308105,3.4066319465637207,2038.9017333984375,21.774885177612305,62.19832992553711,83.97321319580078,238.1711883544922,4.593613624572754
1.2220197916030884,43.560001373291016,1000.0,18.0,1.2900795936584473,0.020036211237311363,17.0,1.001081943511963,1.001081943511963,1.001081943511963,0.021087191998958588,0.00027719998615793884,0.8796871900558472,380000.0,-0.04978508502244949,0.00876038521528244,0.18182392418384552,0.007299075368791819,-0.0005084704607725143,0.1046275869011879,1.4382905960083008,-0.2699042558670044,3.7188618183135986,2127.966064453125,19.92935562133789,69.10961151123047,89.0389633178711,224.62075805664062,4.82667875289917
1.1385215520858765,31.020000457763672,1000.0,19.0,1.2722119092941284,0.0201664250344038,15.0,0.9989182949066162,0.9989182949066162,0.9989182949066162,0.019902342930436134,0.00027600000612437725,0.864056408405304,400000.0,-0.038309015333652496,0.011476069688796997,0.5589529871940613,0.0074069867841899395,0.00010791141539812088,0.08092097193002701,0.8360437154769897,-0.602246880531311,4.306962490081787,2207.421630859375,20.008089065551758,59.42109680175781,79.42918395996094,251.79661560058594,4.86374044418335
0.9630865454673767,45.20000076293945,1000.0,20.0,1.2678484916687012,0.021078182384371758,17.0,1.006775975227356,1.006775975227356,1.006775975227356,0.022876568138599396,0.0002747999969869852,0.8602426648139954,420000.0,-0.06583238393068314,-0.02752336859703064,-0.2833997905254364,0.007055963389575481,-0.0003510233946144581,0.18022164702415466,2.0370934009552,1.2010496854782104,4.045691013336182,2297.962158203125,23.782018661499023,66.73146057128906,90.51348114013672,220.96156311035156,5.120199203491211
0.9664888978004456,74.62000274658203,1000.0,21.0,1.2652435302734375,0.020294705405831337,18.0,1.003869652748108,1.003869652748108,1.003869652748108,0.021416278555989265,0.00027359998784959316,0.8580213785171509,440000.0,-0.08902348577976227,-0.023191101849079132,0.4387074112892151,0.006365002598613501,-0.0006909607909619808,0.17906199395656586,1.865536093711853,-0.17155730724334717,5.28526496887207,2389.277099609375,19.565582275390625,71.72089385986328,91.2864761352539,219.09051513671875,5.823925495147705
1.1959328651428223,90.9000015258789,1000.0,22.0,1.2595140933990479,0.020294805988669395,10.0,1.001594066619873,1.001594066619873,1.001594066619873,0.020314453169703484,0.0002724000078160316,0.8531327843666077,460000.0,-0.050857119262218475,0.03816636651754379,0.3134790062904358,0.008644535206258297,0.0022795326076447964,0.24612675607204437,1.9277403354644775,0.06220424175262451,3.6992745399475098,2450.2822265625,22.03668785095215,38.940433502197266,60.97712326049805,327.9918518066406,6.766604900360107
0.815134584903717,80.41999816894531,1000.0,23.0,1.253347396850586,0.02029402181506157,15.0,0.9986767768859863,0.9986767768859863,0.9986767768859863,0.01970735937356949,0.00027119999867863953,0.8479703068733215,480000.0,-0.06167779862880707,-0.010820679366588593,-0.03890720754861832,0.005962958559393883,-0.002681576646864414,0.16343794763088226,1.1746317148208618,-0.7531086206436157,2.8642444610595703,2530.0849609375,20.231843948364258,59.5477180480957,79.7795639038086,250.69076538085938,7.531890392303467
0.7491474747657776,47.7599983215332,1000.0,24.0,1.2466317415237427,0.02202758751809597,13.0,1.0030606985092163,1.0030606985092163,1.0030606985092163,0.0224855225533247,0.0002699999895412475,0.8423371911048889,500000.0,-0.053259897977113724,0.008417900651693344,-0.27939361333847046,0.0071408976800739765,0.0011779391206800938,0.12838195264339447,1.2106727361679077,0.0360410213470459,3.3256921768188477,2604.46875,22.781076431274414,51.57697296142578,74.35804748535156,268.9688720703125,7.775811672210693
0.5237805247306824,34.560001373291016,1000.0,25.0,1.2392913103103638,0.021408749744296074,15.0,1.0032625198364258,1.0032625198364258,1.0032625198364258,0.021312877535820007,0.0002688000095076859,0.8363959193229675,520000.0,-0.04742611199617386,0.005833785980939865,-0.08315730094909668,0.007196925580501556,5.602790042757988e-05,0.11733514070510864,1.272659182548523,0.061986446380615234,4.117435455322266,2683.24169921875,19.109451293945312,59.638458251953125,78.74790954589844,253.97499084472656,7.8129072189331055
0.632036030292511,31.360000610351562,1000.0,26.0,1.2239418029785156,0.02115228958427906,14.0,1.0001178979873657,1.0001178979873657,1.0001178979873657,0.02112586610019207,0.00026760000037029386,0.8237539529800415,540000.0,-0.03664199262857437,0.010784119367599487,-0.2104666531085968,0.007203283254057169,6.357673555612564e-06,0.08726229518651962,0.7804095149040222,-0.49224966764450073,3.675485610961914,2762.1943359375,23.4353084564209,55.48867416381836,78.92398071289062,253.4084014892578,7.802257537841797
0.5981512665748596,16.739999771118164,1000.0,27.0,1.2103866338729858,0.02003430388867855,11.0,1.0003072023391724,1.0003072023391724,1.0003072023391724,0.020774174481630325,0.0002663999912329018,0.8127229809761047,560000.0,-0.03568785637617111,0.0009541362524032593,0.18469753861427307,0.0077745625749230385,0.0005712793208658695,0.06954113394021988,0.7763562798500061,-0.004053235054016113,3.7462995052337646,2825.168701171875,18.9947452545166,43.95441436767578,62.94915771484375,317.7167053222656,7.5743303298950195
0.6241740584373474,12.420000076293945,1000.0,28.0,1.1990629434585571,0.021772274747490883,15.0,1.0009151697158813,1.0009151697158813,1.0009151697158813,0.021205049008131027,0.0002652000111993402,0.8034506440162659,580000.0,-0.031138401478528976,0.004549454897642136,0.1818796992301941,0.00828937254846096,0.0005148099735379219,0.043379515409469604,0.6301354169845581,-0.146220862865448,2.4196674823760986,2906.205078125,20.24143409729004,60.7722282409668,81.01365661621094,246.8719482421875,7.286679744720459
0.30708804726600647,18.15999984741211,1000.0,29.0,1.1895129680633545,0.020581861957907677,8.0,0.999191403388977,0.999191403388977,0.999191403388977,0.021712278947234154,0.0002640000020619482,0.7957408428192139,600000.0,-0.032775938510894775,-0.001637537032365799,0.3415674567222595,0.007754417136311531,-0.0005349554121494293,0.05292763188481331,0.7731456756591797,0.14301025867462158,3.2221386432647705,2959.23388671875,20.596200942993164,32.40580368041992,53.00200271606445,377.34423828125,7.102361679077148
0.22043491899967194,28.139999389648438,1000.0,30.0,1.1925195455551147,0.020707745105028152,9.0,1.000694751739502,1.000694751739502,1.000694751739502,0.02203342877328396,0.00026279999292455614,0.7985175251960754,620000.0,-0.03725451976060867,-0.004478581249713898,0.08912160992622375,0.007766944821923971,1.252768561244011e-05,0.1717216968536377,1.1668628454208374,0.3937171697616577,3.7803688049316406,3015.231201171875,19.663043975830078,36.31184768676758,55.974891662597656,357.30303955078125,7.071439266204834
0.18411806225776672,36.779998779296875,1000.0,31.0,1.1910196542739868,0.020780427381396294,13.0,1.0027885437011719,1.0027885437011719,1.0027885437011719,0.02174602635204792,0.00026160001289099455,0.7972754836082458,640000.0,-0.052459973841905594,-0.01520545408129692,-0.14980588853359222,0.007104391697794199,-0.0006625531241297722,0.044569727033376694,0.9184309840202332,-0.24843186140060425,2.3771209716796875,3090.213134765625,22.785127639770508,52.172996520996094,74.95812225341797,266.8156433105469,7.162843227386475
0.2945788502693176,37.97999954223633,1000.0,32.0,1.189760446548462,0.020200321450829506,9.0,1.0009684562683105,1.0009684562683105,1.0009684562683105,0.02098252810537815,0.0002604000037536025,0.7962464690208435,660000.0,-0.037055715918540955,0.01540425792336464,-0.022538835182785988,0.008852851577103138,0.001748459879308939,0.06346627324819565,1.0728682279586792,0.15443724393844604,3.342022180557251,3145.02734375,19.602981567382812,35.18520736694336,54.78818893432617,365.04217529296875,7.266026973724365
0.6147180199623108,42.08000183105469,1000.0,33.0,1.1867213249206543,0.02425747737288475,11.0,1.004274845123291,1.004274845123291,1.004274845123291,0.023032573983073235,0.00025919999461621046,0.7936474680900574,680000.0,-0.04664997011423111,-0.009594254195690155,0.14053069055080414,0.010015971958637238,0.0011631203815340996,0.09819386154413223,1.641013264656067,0.5681450366973877,3.745666742324829,3210.48388671875,19.842496871948242,45.58938217163086,65.43187713623047,305.6614074707031,7.458058834075928
0.8725365996360779,32.15999984741211,1000.0,34.0,1.1767483949661255,0.02016276679933071,8.0,1.0013816356658936,1.0013816356658936,1.0013816356658936,0.020717255771160126,0.0002579999854788184,0.7856537699699402,700000.0,-0.03470217064023018,0.01194779947400093,-0.11927517503499985,0.01031611766666174,0.0003001457080245018,0.0649448111653328,1.127126693725586,-0.513886570930481,3.360487461090088,3261.350830078125,20.65181541442871,30.189960479736328,50.84177780151367,393.3772888183594,7.500671863555908
0.6769852638244629,30.280000686645508,1000.0,35.0,1.1692434549331665,0.021246688440442085,14.0,0.9999655485153198,0.9999655485153198,0.9999655485153198,0.02081349864602089,0.00025680000544525683,0.7796642780303955,720000.0,-0.0367080420255661,-0.0020058713853359222,-0.20731602609157562,0.008814685977995396,-0.0015014316886663437,0.04299774393439293,0.7203190326690674,-0.40680766105651855,2.0410594940185547,3335.815185546875,19.440656661987305,55.00240707397461,74.44318389892578,268.6612548828125,7.516534328460693
0.5722847580909729,23.15999984741211,1000.0,36.0,1.164479374885559,0.023468852043151855,1.0,0.9994587898254395,0.9994587898254395,0.9994587898254395,0.024894749745726585,0.0002555999963078648,0.7760141491889954,740000.0,0.01707729883491993,0.05378534086048603,0.022795915603637695,0.009525332599878311,0.0007106466218829155,0.049986012279987335,1.6120232343673706,0.8917042016983032,2.8976736068725586,3360.666015625,20.502883911132812,4.323755264282227,24.82663917541504,805.5862426757812,7.427443504333496
0.545188307762146,38.619998931884766,1000.0,37.0,1.1713306903839111,0.020279614254832268,11.0,1.0039311647415161,1.0039311647415161,1.0039311647415161,0.021662883460521698,0.00025439998717047274,0.7813632488250732,760000.0,-0.05560118705034256,-0.07267848588526249,-0.047487884759902954,0.0100929643958807,0.000567631796002388,0.039660319685935974,1.3110588788986206,-0.30096435546875,2.994234085083008,3427.2685546875,23.038066864013672,43.5455207824707,66.58358764648438,300.37432861328125,7.573786735534668
0.54116290807724,33.52000045776367,1000.0,38.0,1.155418872833252,0.0216427743434906,13.0,0.9995512366294861,0.9995512366294861,0.9995512366294861,0.019069233909249306,0.00025320000713691115,0.7690201997756958,780000.0,-0.03088202327489853,0.02471916377544403,0.3393474221229553,0.009340264834463596,-0.0007526995614171028,0.07351997494697571,0.5969797968864441,-0.7140790820121765,3.367976665496826,3498.4326171875,20.324249267578125,50.81687927246094,71.14112854003906,281.1313171386719,7.643123626708984
-0.2627550959587097,28.360000610351562,1000.0,39.0,1.1362550258636475,0.020236805081367493,11.0,0.9999176859855652,0.9999176859855652,0.9999176859855652,0.020086130127310753,0.0002519999979995191,0.7543672323226929,800000.0,-0.02463366463780403,0.006248358637094498,-0.4212690591812134,0.010586254298686981,0.0012459894642233849,0.05793921649456024,0.4880324900150299,-0.10894730687141418,1.8085583448410034,3563.611083984375,19.45709800720215,45.69607925415039,65.1531753540039,306.96893310546875,7.635853290557861
-0.9416682720184326,6.320000171661377,1000.0,40.0,1.1146609783172607,0.020028967410326004,11.0,1.0002151727676392,1.0002151727676392,1.0002151727676392,0.021030984818935394,0.00025079998886212707,0.7384733557701111,820000.0,-0.022893492132425308,0.0017401725053787231,0.06517486274242401,0.008519708178937435,-0.002066546119749546,0.0008490092004649341,0.42901894450187683,-0.059013545513153076,1.268301010131836,3626.438232421875,19.672548294067383,43.129554748535156,62.802101135253906,318.4606628417969,7.3000264167785645
-1.073478102684021,3.440000057220459,1000.0,41.0,1.0902310609817505,0.02042192779481411,13.0,0.9986655712127686,0.9986655712127686,0.9986655712127686,0.0206587016582489,0.0002496000088285655,0.7207253575325012,840000.0,-0.01711379922926426,0.005779692903161049,-0.2619361877441406,0.009680858813226223,0.0011611506342887878,0.060932599008083344,0.31545573472976685,-0.11356320977210999,2.022902488708496,3696.841796875,19.334449768066406,51.04545593261719,70.3799057006836,284.1719970703125,6.928451061248779
-0.7794406414031982,10.279999732971191,1000.0,42.0,1.0758788585662842,0.021861331537365913,1.0,0.9987888336181641,0.9987888336181641,0.9987888336181641,0.029641587287187576,0.00024839999969117343,0.7106877565383911,860000.0,0.041920773684978485,0.059034572914242744,0.07598714530467987,0.009507388807833195,-0.00017347000539302826,-0.021572396159172058,1.658737063407898,1.343281328678131,1.3009281158447266,3720.39990234375,19.411840438842773,4.122429370880127,23.534271240234375,849.8245239257812,6.667273998260498
-0.4415428936481476,16.459999084472656,1000.0,43.0,1.0782616138458252,0.020149588584899902,9.0,1.0011764764785767,1.0011764764785767,1.0011764764785767,0.02148137055337429,0.0002471999905537814,0.7121930122375488,880000.0,-0.03651643171906471,-0.0784372054040432,-0.13221782445907593,0.00868276972323656,-0.0008246190845966339,0.01644458994269371,0.8162397742271423,-0.8424972891807556,2.0132064819335938,3779.203857421875,22.567790985107422,36.21622085571289,58.78401184082031,340.22857666015625,6.504496097564697
-0.7408866882324219,16.139999389648438,1000.0,44.0,1.0646008253097534,0.020840153098106384,14.0,0.9975844621658325,0.9975844621658325,0.9975844621658325,0.01991790160536766,0.0002460000105202198,0.7025180459022522,900000.0,-0.022948790341615677,0.013567641377449036,0.19043099880218506,0.007722077891230583,-0.0009606918320059776,-0.06625272333621979,0.39956963062286377,-0.41667014360427856,2.0046164989471436,3853.91748046875,19.62200927734375,55.06882095336914,74.69082641601562,267.7704772949219,6.340787410736084
-0.48004573583602905,9.279999732971191,1000.0,45.0,1.043533444404602,0.021441856399178505,9.0,0.9994122385978699,0.9994122385978699,0.9994122385978699,0.020907679572701454,0.00024480000138282776,0.6880654096603394,920000.0,-0.017615145072340965,0.005333645269274712,-0.22336982190608978,0.00918001588433981,0.0014579379931092262,0.07134268432855606,0.3294881284236908,-0.07008150219917297,1.8691415786743164,3909.26904296875,19.63813018798828,35.685882568359375,55.324012756347656,361.5066833496094,6.0779337882995605
-0.354229211807251,5.599999904632568,1000.0,46.0,1.031617522239685,0.020358504727482796,8.0,0.9996218681335449,0.9996218681335449,0.9996218681335449,0.0214348454028368,0.00024360000679735094,0.6801545023918152,940000.0,-0.01730659417808056,0.0003085508942604065,-0.11412958800792694,0.009001575410366058,-0.00017844047397375107,0.0160113163292408,0.389106810092926,0.05961868166923523,1.7480382919311523,3963.646484375,21.933578491210938,32.41889190673828,54.35247039794922,367.96856689453125,5.765162944793701
-0.0763247087597847,9.300000190734863,1000.0,47.0,1.0227975845336914,0.02076457440853119,11.0,1.0004663467407227,1.0004663467407227,1.0004663467407227,0.02207954414188862,0.0002423999976599589,0.6742236614227295,960000.0,-0.020045125856995583,-0.002738531678915024,0.039537400007247925,0.008784061297774315,-0.00021751411259174347,-0.056928087025880814,0.3004835844039917,-0.08862322568893433,1.3226418495178223,4026.629638671875,20.230165481567383,42.73078918457031,62.96095657348633,317.6571960449219,5.513830661773682
-0.33056268095970154,12.300000190734863,1000.0,48.0,1.0130629539489746,0.025438113138079643,1.0,0.999569833278656,0.999569833278656,0.999569833278656,0.02277274988591671,0.00024120000307448208,0.6677312850952148,980000.0,0.01185864768922329,0.03190377354621887,-0.008646205067634583,0.01179314125329256,0.0030090799555182457,-0.04336651787161827,1.1085275411605835,0.8080439567565918,1.6138142347335815,4051.1845703125,20.522201538085938,4.008265495300293,24.530467987060547,815.3126220703125,5.3122148513793945
-0.1753043234348297,17.100000381469727,1000.0,49.0,1.0136594772338867,0.026138538494706154,2.0,1.0019267797470093,1.0019267797470093,1.0019267797470093,0.02388155832886696,0.00023999999393709004,0.6679017543792725,1000000.0,0.009465184062719345,-0.0023934636265039444,-0.2436782568693161,0.011301849037408829,-0.0004912922158837318,-0.009746596217155457,1.5247108936309814,0.41618335247039795,1.4769699573516846,4077.8115234375,19.142446517944336,7.4644269943237305,26.607877731323242,751.6570434570312,5.1863298416137695
0.0034517860040068626,24.8799991607666,1000.0,50.0,1.023126482963562,0.02233000472187996,10.0,1.0035420656204224,1.0035420656204224,1.0035420656204224,0.023174183443188667,0.00023879999935161322,0.6739481687545776,1020000.0,-0.031608790159225464,-0.04107397422194481,0.10093653202056885,0.008655191399157047,-0.0026466576382517815,-0.038450054824352264,1.5350161790847778,0.010305285453796387,1.7268754243850708,4139.517578125,20.113065719604492,41.574951171875,61.68801498413086,324.2120666503906,5.1794891357421875
0.285068154335022,23.260000228881836,1000.0,51.0,1.0088591575622559,0.020580295473337173,10.0,0.9979439973831177,0.9979439973831177,0.9979439973831177,0.01923670619726181,0.0002376000047661364,0.6644327640533447,1040000.0,-0.02160811796784401,0.010000672191381454,0.02408815175294876,0.008250946179032326,-0.0004042452201247215,0.008131354115903378,0.5249164700508118,-1.010099709033966,1.5530052185058594,4198.51416015625,20.337520599365234,38.63524627685547,58.9727668762207,339.13958740234375,5.148630619049072
0.5586089491844177,20.860000610351562,1000.0,52.0,1.002743124961853,0.022104376927018166,1.0,1.001253604888916,1.001253604888916,1.001253604888916,0.022220544517040253,0.00023639999562874436,0.660570502281189,1060000.0,0.016719011589884758,0.03832712955772877,-0.027813155204057693,0.010265699587762356,0.00201475340873003,0.02234243042767048,2.1958038806915283,1.6708874106407166,1.6389894485473633,4222.2490234375,19.836681365966797,3.8761136531829834,23.71279525756836,843.426513671875,5.08244514465332
0.6588578224182129,12.9399995803833,1000.0,53.0,0.998603880405426,0.0253186896443367,10.0,0.9988120794296265,0.9988120794296265,0.9988120794296265,0.02063645049929619,0.00023520000104326755,0.6580873131752014,1080000.0,-0.02132602035999298,-0.03804503194987774,-0.14710642397403717,0.010267810896039009,2.11130827665329e-06,0.0022513377480208874,0.49955201148986816,-1.6962518692016602,1.1913353204727173,4281.724609375,20.318485260009766,39.13671112060547,59.455196380615234,336.38775634765625,4.898698329925537
0.3470720648765564,16.739999771118164,1000.0,54.0,0.9872663021087646,0.02028874307870865,1.0,0.9989301562309265,0.9989301562309265,0.9989301562309265,0.025095833465456963,0.00023400000645779073,0.6505613923072815,1100000.0,0.016027595847845078,0.03735361620783806,0.1357419341802597,0.010029438883066177,-0.00023837201297283173,0.01210833340883255,2.032632827758789,1.533080816268921,0.9705584049224854,4306.76953125,20.83030128479004,4.19106388092041,25.021364212036133,799.31689453125,4.77510929107666
0.15523922443389893,15.380000114440918,1000.0,55.0,0.9888145923614502,0.02166736125946045,9.0,0.9986411333084106,0.9986411333084106,0.9986411333084106,0.022711900994181633,0.0002327999973203987,0.6515738368034363,1120000.0,-0.028977127745747566,-0.045004723593592644,0.14869961142539978,0.008691458962857723,-0.0013379799202084541,0.04243975877761841,0.875476062297821,-1.157156765460968,2.057149648666382,4365.70703125,22.75473403930664,36.16313552856445,58.917869567871094,339.4555969238281,4.633169651031494
0.24497365951538086,16.68000030517578,1000.0,56.0,0.9803353548049927,0.021939681842923164,8.0,0.9993637204170227,0.9993637204170227,0.9993637204170227,0.021038593724370003,0.00023160000273492187,0.6459380984306335,1140000.0,-0.019117342308163643,0.009859785437583923,-0.16809681057929993,0.007701244670897722,-0.000990214291960001,0.009122952818870544,0.8428093194961548,-0.03266674280166626,1.7242435216903687,4417.82373046875,20.263944625854492,31.83040428161621,52.0943489074707,383.9187927246094,4.513017177581787
0.6701372265815735,19.059999465942383,1000.0,57.0,0.9795493483543396,0.02277054823935032,1.0,1.001473069190979,1.001473069190979,1.001473069190979,0.026735812425613403,0.00023039999359752983,0.6452858448028564,1160000.0,0.02221241220831871,0.04132975451648235,-0.23617368936538696,0.013168449513614178,0.0054672048427164555,0.046433672308921814,2.066786766052246,1.2239774465560913,1.9771476984024048,4441.5439453125,19.87859344482422,3.8189592361450195,23.697551727294922,843.968994140625,4.430412292480469
1.0851706266403198,20.600000381469727,1000.0,58.0,0.9911558628082275,0.02042543515563011,8.0,1.0003477334976196,1.0003477334976196,1.0003477334976196,0.02142915688455105,0.000229199999012053,0.6526521444320679,1180000.0,-0.02290572226047516,-0.04511813446879387,0.08140061050653458,0.010351463221013546,-0.0028169862926006317,0.05159099027514458,1.0672715902328491,-0.999515175819397,1.7428045272827148,4492.791015625,18.781539916992188,32.44658660888672,51.228126525878906,390.4105224609375,4.372067451477051
1.3049126863479614,17.799999237060547,1000.0,59.0,0.9812110662460327,0.02296903356909752,9.0,0.9990863800048828,0.9990863800048828,0.9990863800048828,0.021580727770924568,0.0002280000044265762,0.6463870406150818,1200000.0,-0.020904194563627243,0.0020015276968479156,-0.13166934251785278,0.007800233084708452,-0.0025512301363050938,0.04789554327726364,0.626763641834259,-0.4405079483985901,1.5739983320236206,4550.15478515625,21.467815399169922,35.87190246582031,57.339717864990234,348.7983703613281,4.272439956665039
1.507519245147705,17.15999984741211,1000.0,60.0,0.9705862998962402,0.0209956057369709,1.0,0.999049186706543,0.999049186706543,0.999049186706543,0.02118803933262825,0.00022679999528918415,0.6395245790481567,1220000.0,0.007837231270968914,0.028741425834596157,-0.14342902600765228,0.012338981032371521,0.004538747947663069,0.09943195432424545,2.075028896331787,1.448265254497528,2.1899333000183105,4572.92333984375,18.97056007385254,3.7763335704803467,22.74689292907715,879.240966796875,4.164593696594238
1.411705493927002,32.7400016784668,1000.0,61.0,0.9762774705886841,0.020688533782958984,9.0,1.0056957006454468,1.0056957006454468,1.0056957006454468,0.023764710873365402,0.00022560000070370734,0.6431023478507996,1240000.0,-0.04958174750208855,-0.05741897877305746,-0.16180653870105743,0.007196858990937471,-0.00514212204143405,0.06180001050233841,3.2974860668182373,1.2224571704864502,1.5781949758529663,4628.83056640625,19.978944778442383,35.91059875488281,55.88954162597656,357.84869384765625,4.291919708251953
1.1476905345916748,38.91999816894531,1000.0,62.0,0.9725281596183777,0.024748584255576134,12.0,1.0006687641143799,1.0006687641143799,1.0006687641143799,0.02134118601679802,0.00022440000611823052,0.6406971216201782,1260000.0,-0.037808798253536224,0.011772949248552322,-0.17263178527355194,0.007932075299322605,0.0007352163083851337,0.0793546661734581,1.4233845472335815,-1.8741015195846558,3.19079327583313,4696.3232421875,18.851686477661133,48.61912155151367,67.47080993652344,296.4244689941406,4.509449481964111
0.9691569805145264,42.15999984741211,1000.0,63.0,0.9791290760040283,0.02181999757885933,9.0,0.9981677532196045,0.9981677532196045,0.9981677532196045,0.022503143176436424,0.00022319999698083848,0.6451765894889832,1280000.0,-0.03836363926529884,-0.000554841011762619,0.19365572929382324,0.007109617814421654,-0.0008224574849009514,0.12095273286104202,1.5698539018630981,0.1464693546295166,2.8740694522857666,4751.77392578125,19.91607666015625,35.50917434692383,55.42623519897461,360.8399353027344,4.778006553649902
0.8960728645324707,44.86000061035156,1000.0,64.0,0.9793412089347839,0.020778128877282143,7.0,1.0027830600738525,1.0027830600738525,1.0027830600738525,0.0226939395070076,0.00022200000239536166,0.6452900767326355,1300000.0,-0.03690837696194649,0.001455262303352356,0.07061561197042465,0.007057580631226301,-5.2037183195352554e-05,0.13676637411117554,2.379842519760132,0.8099886178970337,3.4338128566741943,4798.6728515625,19.553661346435547,27.32240104675293,46.87606430053711,426.656982421875,5.089931964874268
1.2810782194137573,34.97999954223633,1000.0,65.0,0.976306676864624,0.02168288640677929,9.0,1.0007516145706177,1.0007516145706177,1.0007516145706177,0.022622546181082726,0.00022079999325796962,0.6433241367340088,1320000.0,-0.04424165561795235,-0.007333278656005859,0.09943558275699615,0.008459127508103848,0.0014015468768775463,0.13994643092155457,1.991694688796997,-0.38814783096313477,2.8878800868988037,4853.0927734375,19.941553115844727,34.45663833618164,54.398189544677734,367.6592712402344,5.2437310218811035
1.1369260549545288,33.15999984741211,1000.0,66.0,0.9682045578956604,0.020635753870010376,8.0,0.9977290034294128,0.9977290034294128,0.9977290034294128,0.02044840157032013,0.0002195999986724928,0.6382179856300354,1340000.0,-0.02418697066605091,0.020054684951901436,-0.16005724668502808,0.008285840973258018,-0.000173286534845829,0.13523434102535248,1.1169816255569458,-0.8747130632400513,2.949873924255371,4908.3515625,22.959619522094727,32.27497482299805,55.23459243774414,362.0919189453125,5.365970611572266
0.8821681141853333,18.399999618530273,1000.0,67.0,0.9559137225151062,0.02090574987232685,11.0,0.9995291829109192,0.9995291829109192,0.9995291829109192,0.020172705873847008,0.00021840000408701599,0.6304808855056763,1360000.0,-0.022116180509328842,0.002070790156722069,0.12301331013441086,0.006789620500057936,-0.0014962204732000828,0.11735127866268158,0.45501524209976196,-0.6619663834571838,2.339462995529175,4970.55224609375,20.45079803466797,41.72817611694336,62.17897415161133,321.6521301269531,5.2562079429626465
0.870893657207489,12.34000015258789,1000.0,68.0,0.950350284576416,0.02128410153090954,9.0,1.001694679260254,1.001694679260254,1.001694679260254,0.022371333092451096,0.00021719999494962394,0.6270061135292053,1380000.0,-0.02107936702668667,0.0010368134826421738,-0.06124101206660271,0.007488483563065529,0.0006988630630075932,0.08019480854272842,0.6113886833190918,0.15637344121932983,2.0958242416381836,5025.43603515625,20.64801025390625,34.20919418334961,54.85720443725586,364.5829162597656,5.053933143615723
0.7610567212104797,15.979999542236328,1000.0,69.0,0.9488678574562073,0.03118191286921501,1.0,0.9990417957305908,0.9990417957305908,0.9990417957305908,0.02399935945868492,0.00021600000036414713,0.62598717212677,1400000.0,0.02534627914428711,0.04642564617097378,0.1025024801492691,0.00991347897797823,0.0024249954149127007,0.11048543453216553,2.665587902069092,2.05419921875,2.6035046577453613,5049.400390625,19.917558670043945,4.023880481719971,23.94144058227539,835.3716430664062,4.913262367248535
1.0225872993469238,19.540000915527344,1000.0,70.0,0.9503587484359741,0.021082179620862007,12.0,0.9985423684120178,0.9985423684120178,0.9985423684120178,0.020546264946460724,0.0002148000057786703,0.6268619894981384,1420000.0,-0.023087140172719955,-0.048433419317007065,0.05201858654618263,0.006658395752310753,-0.0032550832256674767,0.04816652834415436,0.761635422706604,-1.9039524793624878,3.2592520713806152,5119.92578125,22.54497528076172,47.9609260559082,70.50590515136719,283.6641845703125,4.830615043640137
1.2125303745269775,37.58000183105469,1000.0,71.0,0.9509035348892212,0.022302744910120964,1.0,0.9993739724159241,0.9993739724159241,0.9993739724159241,0.02297671139240265,0.00021359999664127827,0.6272129416465759,1440000.0,0.018300402909517288,0.041387543082237244,-0.2563095986843109,0.011603478342294693,0.00494508258998394,0.19389469921588898,5.563165187835693,4.801529765129089,4.043579578399658,5142.82958984375,19.18805694580078,3.6908633708953857,22.878921508789062,874.1671142578125,5.021200180053711
0.9457250833511353,28.18000030517578,1000.0,72.0,0.9437636137008667,0.021447906270623207,12.0,0.9985300898551941,0.9985300898551941,0.9985300898551941,0.019373033195734024,0.00021240000205580145,0.6227666139602661,1460000.0,-0.025809571146965027,-0.044109974056482315,0.3331174850463867,0.007071617525070906,-0.004531860817223787,0.06902685761451721,0.5774526596069336,-4.98571252822876,3.270698308944702,5209.83984375,20.165283203125,46.82703399658203,66.99231719970703,298.54168701171875,5.059756278991699
0.8967791199684143,28.34000015258789,1000.0,73.0,0.9371137022972107,0.020052939653396606,7.0,0.9997022747993469,0.9997022747993469,0.9997022747993469,0.021280156448483467,0.0002111999929184094,0.6187818050384521,1480000.0,-0.02160501852631569,0.004204552620649338,0.03346635401248932,0.008744781836867332,0.0016731643117964268,0.14585138857364655,0.8125821948051453,0.23512953519821167,2.446728467941284,5259.04931640625,19.7156982421875,29.470380783081055,49.18607711791992,406.619140625,5.098834037780762
0.42553114891052246,45.13999938964844,1000.0,74.0,0.940265953540802,0.021152377128601074,11.0,1.0085119009017944,1.0085119009017944,1.0085119009017944,0.0235479474067688,0.0002099999983329326,0.6208343505859375,1500000.0,-0.05043893679976463,-0.028833918273448944,0.3321288228034973,0.007239884696900845,-0.0015048971399664879,0.10178333520889282,2.0890052318573,1.2764230370521545,3.749635934829712,5324.25390625,21.35654640197754,43.822853088378906,65.1803970336914,306.8406982421875,5.396678447723389
0.3055785298347473,42.439998626708984,1000.0,75.0,0.9319850206375122,0.020687513053417206,12.0,1.0003254413604736,1.0003254413604736,1.0003254413604736,0.01947556622326374,0.00020880000374745578,0.61561518907547,1520000.0,-0.034475333988666534,0.0159636028110981,0.08963913470506668,0.00813161488622427,0.0008917301893234253,0.1346936821937561,0.8347634077072144,-1.2542418241500854,3.070315361022949,5391.46826171875,19.25345802307129,47.9385986328125,67.19205474853516,297.65423583984375,5.652790069580078
0.1814090758562088,40.439998626708984,1000.0,76.0,0.9142515659332275,0.021001752465963364,10.0,1.0001964569091797,1.0001964569091797,1.0001964569091797,0.02029529958963394,0.00020759999461006373,0.6049752235412598,1540000.0,-0.029870254918932915,0.00460507906973362,-0.05272793024778366,0.007826310582458973,-0.00030530430376529694,0.04897964745759964,0.7607190012931824,-0.07404440641403198,3.5409703254699707,5451.69384765625,19.252206802368164,40.94919967651367,60.20240783691406,332.2126159667969,5.874726295471191
0.3595869541168213,9.5600004196167,1000.0,77.0,0.8997672200202942,0.022843491286039352,12.0,0.9989378452301025,0.9989378452301025,0.9989378452301025,0.020172247663140297,0.00020640000002458692,0.5963914394378662,1560000.0,-0.02707614190876484,0.0027941130101680756,-0.25156524777412415,0.00855287816375494,0.0007265675812959671,0.057716261595487595,0.5151300430297852,-0.24558895826339722,2.5699851512908936,5518.736328125,20.831256866455078,46.18772506713867,67.01898193359375,298.42291259765625,5.622025966644287
0.10404524207115173,6.559999942779541,1000.0,78.0,0.8766885995864868,0.02071310393512249,12.0,0.9992765188217163,0.9992765188217163,0.9992765188217163,0.020582886412739754,0.0002052000054391101,0.5826815962791443,1580000.0,-0.019099418073892593,0.007976723834872246,0.10643954575061798,0.007092660292983055,-0.001460217870771885,0.05129062384366989,0.3544842004776001,-0.16064584255218506,1.9296321868896484,5585.08349609375,20.252052307128906,46.070289611816406,66.32234191894531,301.5574951171875,5.330770492553711
0.09657195955514908,4.760000228881836,1000.0,79.0,0.8792161345481873,0.020688390359282494,7.0,1.0001881122589111,1.0001881122589111,1.0001881122589111,0.024044087156653404,0.00020399999630171806,0.58399498462677,1600000.0,-0.024264777079224586,-0.005165359005331993,-0.023207269608974457,0.009040656499564648,0.0019479962065815926,0.10544704645872116,0.8281403183937073,0.4736561179161072,2.339888334274292,5634.07861328125,19.39059829711914,29.57930564880371,48.969905853271484,408.41412353515625,5.015137672424316
0.20453491806983948,5.480000019073486,1000.0,80.0,0.8717427849769592,0.02122613601386547,7.0,1.0002048015594482,1.0002048015594482,1.0002048015594482,0.02229103446006775,0.00020280000171624124,0.5796236991882324,1620000.0,-0.01555162388831377,0.008713153190910816,0.09657937288284302,0.006913959048688412,-0.002126697450876236,0.060002636164426804,0.5985470414161682,-0.22959327697753906,2.0369935035705566,5682.6689453125,21.656829833984375,26.910066604614258,48.56689453125,411.8031311035156,4.719019889831543
0.5501298904418945,8.359999656677246,1000.0,81.0,0.8636810183525085,0.022243060171604156,9.0,0.9995906949043274,0.9995906949043274,0.9995906949043274,0.020671525970101357,0.00020160000713076442,0.575010359287262,1640000.0,-0.017329739406704903,-0.0017781155183911324,0.03467096388339996,0.006616421975195408,-0.00029753707349300385,0.07625152915716171,0.7343277931213379,0.13578075170516968,2.0240085124969482,5737.06591796875,19.521440505981445,34.8532829284668,54.37472152709961,367.8179626464844,4.473704814910889
0.6183134317398071,5.699999809265137,1000.0,82.0,0.8479398488998413,0.023008909076452255,10.0,0.9992151856422424,0.9992151856422424,0.9992151856422424,0.020452648401260376,0.00020039999799337238,0.5658988356590271,1660000.0,-0.01473341416567564,0.0025963252410292625,-0.16710548102855682,0.006768443621695042,0.0001520216464996338,0.14034363627433777,0.356626033782959,-0.3777017593383789,1.9931166172027588,5795.2705078125,19.631858825683594,38.54838180541992,58.180240631103516,343.7593078613281,4.192435264587402
1.0645692348480225,10.979999542236328,1000.0,83.0,0.8423495292663574,0.025377701967954636,1.0,1.0000877380371094,1.0000877380371094,1.0000877380371094,0.024813305586576462,0.00019920000340789557,0.5626475214958191,1680000.0,0.016658950597047806,0.031392364762723446,-0.10859639197587967,0.011829801835119724,0.005061358213424683,0.07327299565076828,1.7453656196594238,1.3887395858764648,1.406840205192566,5821.0068359375,21.29872703552246,4.4128594398498535,25.71258544921875,777.8292236328125,3.994779586791992
0.8813030123710632,12.539999961853027,1000.0,84.0,0.8502357006072998,0.023552151396870613,10.0,1.0013573169708252,1.0013573169708252,1.0013573169708252,0.021941406652331352,0.00019799999427050352,0.5672366619110107,1700000.0,-0.02614595927298069,-0.042804909870028496,0.03305983170866966,0.008501703850924969,-0.0033280979841947556,0.10801912844181061,0.5358502268791199,-1.209515392780304,1.7319926023483276,5883.2041015625,23.74466323852539,38.43231201171875,62.176971435546875,321.6625061035156,3.8233964443206787
0.5999649167060852,20.020000457763672,1000.0,85.0,0.8418926000595093,0.022806847468018532,6.0,1.0002448558807373,1.0002448558807373,1.0002448558807373,0.021783480420708656,0.0001967999996850267,0.5624316334724426,1720000.0,-0.01590176858007908,0.010244190692901611,0.1770474910736084,0.008715382777154446,0.00021367892622947693,0.036274101585149765,0.8053541779518127,0.26950395107269287,2.1985366344451904,5927.36669921875,20.679927825927734,23.459014892578125,44.13894271850586,453.1145935058594,3.766552448272705
0.3220156133174896,17.399999618530273,1000.0,86.0,0.8299955129623413,0.0206801425665617,8.0,0.9981735348701477,0.9981735348701477,0.9981735348701477,0.01888183504343033,0.0001956000050995499,0.5557712316513062,1740000.0,-0.01828889362514019,-0.0023871250450611115,-0.3445308208465576,0.009122323244810104,0.0004069404676556587,0.06555964052677155,0.668491005897522,-0.13686317205429077,2.2055020332336426,5977.671875,19.578927993774414,30.703811645507812,50.28274154663086,397.75079345703125,3.6707606315612793
0.22715066373348236,16.440000534057617,1000.0,87.0,0.8294991850852966,0.022496936842799187,9.0,1.0014400482177734,1.0014400482177734,1.0014400482177734,0.023329786956310272,0.00019439999596215785,0.555617094039917,1760000.0,-0.032217830419540405,-0.013928936794400215,-0.21968519687652588,0.008852323517203331,-0.0002699997276067734,0.12703253328800201,1.1607370376586914,0.49224603176116943,2.8416531085968018,6036.4140625,20.408464431762695,38.31070327758789,58.71916961669922,340.6042785644531,3.561558485031128
0.720938503742218,15.699999809265137,1000.0,88.0,0.8300149440765381,0.021438568830490112,10.0,0.9993928670883179,0.9993928670883179,0.9993928670883179,0.02109365351498127,0.00019320000137668103,0.5558608174324036,1780000.0,-0.0311351977288723,0.001082632690668106,0.3868345022201538,0.01002323068678379,0.0011709071695804596,0.12004455924034119,0.759584903717041,-0.4011521339416504,2.109222412109375,6094.33154296875,20.090200424194336,37.805049896240234,57.89524841308594,345.45147705078125,3.4424362182617188
1.1883289813995361,27.299999237060547,1000.0,89.0,0.8286662697792053,0.020608432590961456,7.0,1.0025922060012817,1.0025922060012817,1.0025922060012817,0.023020010441541672,0.00019200000679120421,0.55538409948349,1800000.0,-0.02531927078962326,0.005815926939249039,-0.13609936833381653,0.00999516062438488,-2.8070062398910522e-05,0.1302407681941986,1.6880325078964233,0.9284476041793823,2.3800909519195557,6141.59716796875,20.221092224121094,27.021556854248047,47.24264907836914,423.3462829589844,3.4986202716827393
1.3838456869125366,34.220001220703125,1000.0,90.0,0.8326393365859985,0.023558832705020905,10.0,1.002873182296753,1.002873182296753,1.002873182296753,0.020815229043364525,0.00019079999765381217,0.5576492547988892,1820000.0,-0.0328882671892643,-0.007568996399641037,0.24551187455654144,0.008466210216283798,-0.0015289504081010818,0.09255379438400269,1.6306465864181519,-0.057385921478271484,1.894136667251587,6201.23681640625,20.46547508239746,39.15214538574219,59.61762237548828,335.4712829589844,3.65694522857666
1.201998233795166,33.47999954223633,1000.0,91.0,0.8290289640426636,0.02084973268210888,11.0,1.0019006729125977,1.0019006729125977,1.0019006729125977,0.02066611684858799,0.00018960000306833535,0.5557936429977417,1840000.0,-0.032270677387714386,0.0006175898015499115,0.20657800137996674,0.008479597046971321,1.3386830687522888e-05,0.1558820605278015,0.6663670539855957,-0.9642795324325562,1.9748988151550293,6266.87646484375,22.388214111328125,43.22719955444336,65.61541748046875,304.8064270019531,3.800863742828369
0.6687549352645874,20.760000228881836,1000.0,92.0,0.8206421732902527,0.02074788697063923,12.0,0.9979347586631775,0.9979347586631775,0.9979347586631775,0.019574960693717003,0.0001883999939309433,0.5511788725852966,1860000.0,-0.020611153915524483,0.011659523472189903,0.2588873505592346,0.008083206601440907,-0.0003963904455304146,0.08702912926673889,0.44229716062545776,-0.22406989336013794,1.387653112411499,6334.484375,20.791563034057617,46.791175842285156,67.5827407836914,295.9335632324219,3.7510263919830322
0.40263664722442627,20.219999313354492,1000.0,93.0,0.8120133280754089,0.02175707370042801,7.0,1.0002732276916504,1.0002732276916504,1.0002732276916504,0.022444982081651688,0.0001871999993454665,0.5462231636047363,1880000.0,-0.013769933953881264,0.006841219961643219,0.03815080225467682,0.009399435482919216,0.0013162288814783096,0.17021475732326508,0.6084039211273193,0.16610676050186157,1.2076572179794312,6381.9638671875,19.30851936340332,28.14603042602539,47.45454788208008,421.4559020996094,3.696598529815674
0.3399830758571625,6.599999904632568,1000.0,94.0,0.8078747391700745,0.022193212062120438,12.0,0.9973981976509094,0.9973981976509094,0.9973981976509094,0.02087080292403698,0.00018600000475998968,0.5437760353088379,1900000.0,-0.01807781308889389,-0.004307879135012627,-0.11530617624521255,0.00920997653156519,-0.0001894589513540268,0.12829595804214478,0.3768809735774994,-0.23152294754981995,1.5707658529281616,6452.57666015625,22.461124420166016,48.127952575683594,70.58907318115234,283.3299560546875,3.4320943355560303
0.39900755882263184,5.039999961853027,1000.0,95.0,0.7942142486572266,0.021367333829402924,8.0,1.0006955862045288,1.0006955862045288,1.0006955862045288,0.02004818804562092,0.00018479999562259763,0.5366158485412598,1920000.0,-0.012402997352182865,0.005674815736711025,0.19044455885887146,0.008856880478560925,-0.00035309605300426483,0.1286764293909073,0.3395776152610779,-0.03730335831642151,0.8698606491088867,6503.015625,19.332130432128906,31.082448959350586,50.41558074951172,396.7027893066406,3.1511752605438232
0.3277018368244171,3.4200000762939453,1000.0,96.0,0.7910294532775879,0.02139456756412983,4.0,1.0020948648452759,1.0020948648452759,1.0020948648452759,0.021906942129135132,0.00018360000103712082,0.5347902774810791,1940000.0,-0.00518800551071763,0.007214991841465235,0.153732568025589,0.010432387702167034,0.0015755072236061096,0.07797137647867203,0.5442945957183838,0.2047169804573059,1.0101581811904907,6539.205078125,20.35904312133789,15.808545112609863,36.16758728027344,552.9812622070312,2.850032329559326
0.6330804228782654,13.100000381469727,1000.0,97.0,0.7906690835952759,0.020442763343453407,5.0,1.0010355710983276,1.0010355710983276,1.0010355710983276,0.022613834589719772,0.000182400006451644,0.5347087979316711,1960000.0,-0.01886904239654541,-0.01368103688582778,0.10599586367607117,0.01191053818911314,0.001478150486946106,0.15906503796577454,1.1826767921447754,0.6383821964263916,1.289536952972412,6579.7470703125,19.82723617553711,20.694948196411133,40.52218246459961,493.55682373046875,2.6983566284179688
0.9391694664955139,13.920000076293945,1000.0,98.0,0.7785094976425171,0.020663026720285416,11.0,0.9993909597396851,0.9993909597396851,0.9993909597396851,0.019405018538236618,0.00018119999731425196,0.5281623005867004,1980000.0,-0.014750775881111622,0.004118266515433788,-0.04370623826980591,0.009781519882380962,-0.0021290183067321777,0.08507027477025986,0.34347647428512573,-0.8392003178596497,0.8498952984809875,6642.35009765625,19.93705940246582,42.644859313964844,62.58191680908203,319.58111572265625,2.560614585876465
1.2266900539398193,22.559999465942383,1000.0,99.0,0.7679057121276855,0.020802758634090424,3.0,1.001566767692566,1.001566767692566,1.001566767692566,0.026462595909833908,0.00018000000272877514,0.5226296186447144,2000000.0,0.0056984154507517815,0.020449191331863403,-0.13540630042552948,0.010175652801990509,0.00039413291960954666,0.1539430171251297,1.0095906257629395,0.6661141514778137,1.176746129989624,6674.95263671875,20.4390926361084,12.139724731445312,32.57881546020508,613.8958129882812,2.5538196563720703
0.9294787645339966,16.100000381469727,1000.0,100.0,0.7623786926269531,0.02187856286764145,10.0,1.0005134344100952,1.0005134344100952,1.0005134344100952,0.020185627043247223,0.0001787999935913831,0.5198186039924622,2020000.0,-0.016305139288306236,-0.022003554739058018,-0.051289767026901245,0.008580847643315792,-0.001594805158674717,0.0891968384385109,0.5096020698547363,-0.4999885559082031,0.9530195593833923,6734.2666015625,20.275806427001953,39.01700210571289,59.292808532714844,337.3090515136719,2.449244499206543
1.002304196357727,16.280000686645508,1000.0,101.0,0.7497199177742004,0.02061878889799118,10.0,0.9978145956993103,0.9978145956993103,0.9978145956993103,0.021561717614531517,0.00017759999900590628,0.5133726000785828,2040000.0,-0.020752491429448128,-0.0044473521411418915,0.050596933811903,0.011430583894252777,0.002849736250936985,0.18862158060073853,0.4665986895561218,-0.0430033802986145,1.7916269302368164,6795.88037109375,20.366405487060547,41.22370529174805,61.590110778808594,324.7274475097656,2.3481481075286865
1.1586002111434937,9.899999618530273,1000.0,102.0,0.7404347062110901,0.020747222006320953,10.0,0.9982607364654541,0.9982607364654541,0.9982607364654541,0.02141810953617096,0.00017640000442042947,0.5086265802383423,2060000.0,-0.016907257959246635,0.0038452334702014923,0.06800585240125656,0.010571896098554134,-0.0008586877956986427,0.1467282474040985,0.46895116567611694,0.002352476119995117,1.1213045120239258,6855.0322265625,20.414966583251953,38.7119255065918,59.126895904541016,338.25555419921875,2.1520466804504395
1.2877929210662842,7.599999904632568,1000.0,103.0,0.7271337509155273,0.020543597638607025,8.0,0.9984440207481384,0.9984440207481384,0.9984440207481384,0.020059650763869286,0.00017519999528303742,0.5018951296806335,2080000.0,-0.012372790835797787,0.004534467123448849,-0.06368251144886017,0.01132913026958704,0.0007572341710329056,0.1302640736103058,0.3097939193248749,-0.15915724635124207,1.5253777503967285,6906.8681640625,19.497528076171875,32.31572723388672,51.813255310058594,386.0016174316406,1.9237000942230225
1.0421600341796875,14.34000015258789,1000.0,104.0,0.7180122137069702,0.02018282562494278,1.0,1.0009453296661377,1.0009453296661377,1.0009453296661377,0.022603366523981094,0.0001740000006975606,0.49721431732177734,2100000.0,0.01350351981818676,0.025876310653984547,-0.24626018106937408,0.013233454897999763,0.0019043246284127235,0.09900561720132828,1.7826811075210571,1.4728871881961823,1.4274935722351074,6931.83935546875,20.892290115356445,4.055417060852051,24.947708129882812,801.6768798828125,1.799170970916748
1.0959495306015015,14.359999656677246,1000.0,105.0,0.719088613986969,0.020699579268693924,9.0,1.000019907951355,1.000019907951355,1.000019907951355,0.020734956488013268,0.0001728000061120838,0.49771198630332947,2120000.0,-0.0155824925750494,-0.02908601239323616,0.2791970372200012,0.010641396977007389,-0.0025920579209923744,0.14377596974372864,0.5349826812744141,-1.247698426246643,1.440606951713562,6989.2626953125,19.154497146606445,38.24965286254883,57.404151916503906,348.4068603515625,1.6758382320404053
0.941845715045929,15.199999809265137,1000.0,106.0,0.7100510597229004,0.021408304572105408,8.0,0.9984089732170105,0.9984089732170105,0.9984089732170105,0.021375492215156555,0.00017159999697469175,0.4932437241077423,2140000.0,-0.014061510562896729,0.0015209820121526718,-0.02662573754787445,0.011172464117407799,0.0005310671404004097,0.0915953665971756,0.6356258392333984,0.10064315795898438,1.4612648487091064,7041.44091796875,19.834548950195312,32.320308685302734,52.15485763549805,383.473388671875,1.565952181816101
1.0579239130020142,15.960000038146973,1000.0,107.0,0.6991924047470093,0.021136539056897163,1.0,0.999608039855957,0.999608039855957,0.999608039855957,0.024893125519156456,0.00017040000238921493,0.4877738952636719,2160000.0,0.024259721860289574,0.0383212324231863,-0.23417522013187408,0.014016928151249886,0.002844464033842087,0.1851886510848999,1.6843448877334595,1.048719048500061,1.6310584545135498,7066.76318359375,20.982181549072266,4.317093849182129,25.29927635192871,790.5364379882812,1.4680603742599487
1.3985199928283691,25.399999618530273,1000.0,108.0,0.7042040824890137,0.020002691075205803,8.0,1.0023943185806274,1.0023943185806274,1.0023943185806274,0.02198304794728756,0.0001691999932518229,0.4901663064956665,2180000.0,-0.01519339345395565,-0.039453115314245224,-0.001232203096151352,0.011432871222496033,-0.002584056928753853,0.14135965704917908,1.1980369091033936,-0.4863079786300659,1.720220685005188,7118.34228515625,20.018299102783203,31.539648056030273,51.557945251464844,387.9130554199219,1.5121432542800903
1.5179409980773926,33.52000045776367,1000.0,109.0,0.7079643607139587,0.020974362269043922,7.0,1.0028648376464844,1.0028648376464844,1.0028648376464844,0.021088726818561554,0.00016799999866634607,0.492086261510849,2200000.0,-0.017733648419380188,-0.0025402549654245377,-0.11381162703037262,0.01214065682142973,0.0007077855989336967,0.15500704944133759,1.7240127325057983,0.5259758234024048,1.9029330015182495,7166.05859375,20.370290756225586,27.322818756103516,47.69310760498047,419.3477783203125,1.676021933555603
1.4296225309371948,28.239999771118164,1000.0,110.0,0.7033522129058838,0.02075137384235859,9.0,0.99966961145401,0.99966961145401,0.99966961145401,0.020298562943935394,0.00016680000408086926,0.48988527059555054,2220000.0,-0.02317558228969574,-0.005441933870315552,0.2499566227197647,0.010360403917729855,-0.0017802529036998749,0.11548309028148651,0.643020510673523,-1.0809922218322754,2.221745252609253,7222.8037109375,21.091188430786133,35.63158416748047,56.722774505615234,352.5920715332031,1.757283091545105
1.2364935874938965,22.440000534057617,1000.0,111.0,0.6953638792037964,0.020719606429338455,10.0,1.0007076263427734,1.0007076263427734,1.0007076263427734,0.021230868995189667,0.0001655999949434772,0.4859636425971985,2240000.0,-0.028319671750068665,-0.005144089460372925,-0.10187884420156479,0.012725270353257656,0.0023648664355278015,0.20783139765262604,0.9944449663162231,0.3514244556427002,2.4686076641082764,7282.20263671875,20.225196838378906,39.150299072265625,59.37549591064453,336.83929443359375,1.7516647577285767
1.6952818632125854,15.579999923706055,1000.0,112.0,0.6905341744422913,0.02131805568933487,9.0,0.9991605281829834,0.9991605281829834,0.9991605281829834,0.021767592057585716,0.0001644000003580004,0.4835420548915863,2260000.0,-0.022872574627399445,0.00544709712266922,-0.565025806427002,0.012959269806742668,0.00023399945348501205,0.22531230747699738,1.0043549537658691,0.009909987449645996,2.3951473236083984,7341.10498046875,23.42400550842285,35.44827651977539,58.87328338623047,339.7126770019531,1.6419073343276978
1.9332119226455688,15.180000305175781,1000.0,113.0,0.6794065833091736,0.02025860920548439,8.0,1.0006335973739624,1.0006335973739624,1.0006335973739624,0.0214077178388834,0.00016320000577252358,0.4781643748283386,2280000.0,-0.02029232867062092,0.0025802459567785263,0.05106525123119354,0.0148176159709692,0.001858346164226532,0.20827864110469818,0.7365719676017761,-0.267782986164093,2.012913465499878,7394.9677734375,21.81102180480957,32.0296630859375,53.84068298339844,371.46630859375,1.5278778076171875
1.7916760444641113,16.31999969482422,1000.0,114.0,0.6685783863067627,0.02247181162238121,8.0,1.0001063346862793,1.0001063346862793,1.0001063346862793,0.022129394114017487,0.00016199999663513154,0.4729110300540924,2300000.0,-0.028954410925507545,-0.008662082254886627,-0.06806164234876633,0.013426790945231915,-0.0013908250257372856,0.22005310654640198,1.1261106729507446,0.3895387053489685,2.3775694370269775,7447.57373046875,19.500442504882812,33.08224868774414,52.58269119262695,380.3533020019531,1.428939700126648
1.5500805377960205,20.15999984741211,1000.0,115.0,0.6653194427490234,0.020688429474830627,8.0,1.0012940168380737,1.0012940168380737,1.0012940168380737,0.020200977101922035,0.00016080000204965472,0.471321165561676,2320000.0,-0.01940084993839264,0.009553560987114906,0.06348807364702225,0.013101655058562756,-0.00032513588666915894,0.20104706287384033,0.730814516544342,-0.3952961564064026,2.3376967906951904,7500.51123046875,21.265871047973633,31.647789001464844,52.91366195678711,377.9742431640625,1.3901185989379883
1.3821420669555664,23.780000686645508,1000.0,116.0,0.658531129360199,0.021744048222899437,9.0,1.001272201538086,1.001272201538086,1.001272201538086,0.022491108626127243,0.00015959999291226268,0.46807754039764404,2340000.0,-0.02321184054017067,-0.0038109906017780304,-0.040781646966934204,0.01342000998556614,0.00031835492700338364,0.23382668197155,1.3317689895629883,0.6009544730186462,3.262528419494629,7557.845703125,21.895044326782227,35.41612243652344,57.31116485595703,348.9721374511719,1.4065085649490356
1.7883491516113281,23.440000534057617,1000.0,117.0,0.6501856446266174,0.02158329077064991,11.0,1.0003070831298828,1.0003070831298828,1.0003070831298828,0.021256839856505394,0.00015839999832678586,0.4642573595046997,2360000.0,-0.02035396173596382,0.002857878804206848,0.07182826101779938,0.012517791241407394,-0.0009022187441587448,0.2586432993412018,0.9577342867851257,-0.37403470277786255,2.883664131164551,7625.201171875,20.71569061279297,46.6158447265625,67.33153533935547,297.0376281738281,1.4158189296722412
1.9611353874206543,16.860000610351562,1000.0,118.0,0.6428658366203308,0.022073041647672653,8.0,0.9984294772148132,0.9984294772148132,0.9984294772148132,0.022081268951296806,0.00015720000374130905,0.4609394073486328,2380000.0,-0.01944853737950325,0.0009054243564605713,0.27080872654914856,0.014615360647439957,0.0020975694060325623,0.26732704043388367,0.9044561982154846,-0.05327808856964111,2.525876998901367,7677.8095703125,20.043315887451172,32.54020309448242,52.58351516723633,380.3473205566406,1.3171738386154175
2.508470058441162,11.579999923706055,1000.0,119.0,0.6268775463104248,0.023208191618323326,9.0,1.0011727809906006,1.0011727809906006,1.0011727809906006,0.021132400259375572,0.000155999994603917,0.45372268557548523,2400000.0,-0.018437230959534645,0.001011306419968605,0.004540460184216499,0.014202719554305077,-0.00041264109313488007,0.2972027659416199,0.4894869029521942,-0.4149692952632904,2.3518011569976807,7735.13427734375,21.40196418762207,35.89960479736328,57.301570892333984,349.03057861328125,1.1334909200668335
2.6368894577026367,18.799999237060547,1000.0,120.0,0.6228420734405518,0.02097923494875431,6.0,1.0022026300430298,1.0022026300430298,1.0022026300430298,0.024334153160452843,0.0001548000000184402,0.4519045352935791,2420000.0,-0.01795816607773304,0.0004790648818016052,-0.2928919494152069,0.014882570132613182,0.0006798505783081055,0.3015720844268799,1.620548129081726,1.1310612261295319,2.5299124717712402,7781.359375,21.93809700012207,24.26291847229004,46.20101547241211,432.89093017578125,1.0693737268447876
2.818613052368164,15.9399995803833,1000.0,121.0,0.6157792806625366,0.020606543868780136,10.0,0.999722957611084,0.999722957611084,0.999722957611084,0.019551971927285194,0.00015360000543296337,0.44880902767181396,2440000.0,-0.0162960272282362,0.0016621388494968414,0.34194087982177734,0.014069082215428352,-0.0008134879171848297,0.2698119282722473,0.47056445479393005,-1.149983674287796,2.4082610607147217,7842.05029296875,19.98290252685547,40.68718338012695,60.67008590698242,329.6517333984375,0.9646408557891846
2.931879997253418,17.239999771118164,1000.0,122.0,0.604038417339325,0.020327921956777573,8.0,1.0005946159362793,1.0005946159362793,1.0005946159362793,0.02186109498143196,0.00015239999629557133,0.4436895251274109,2460000.0,-0.018109330907464027,-0.001813303679227829,-0.2453441470861435,0.01652073860168457,0.002451656386256218,0.3158506453037262,0.7092287540435791,0.23866429924964905,2.4494094848632812,7896.154296875,20.837533950805664,33.242958068847656,54.08049392700195,369.8191223144531,0.8801146745681763
3.264516592025757,23.959999084472656,1000.0,123.0,0.5999268293380737,0.02013918198645115,7.0,1.0030258893966675,1.0030258893966675,1.0030258893966675,0.022776678204536438,0.0001512000017100945,0.4420187771320343,2480000.0,-0.020996849983930588,-0.0028875190764665604,-0.10829300433397293,0.01526799239218235,-0.0012527462095022202,0.3475761115550995,2.1556992530822754,1.4464704990386963,2.6724705696105957,7945.19775390625,22.024372100830078,26.995471954345703,49.01984405517578,407.9980163574219,0.8968011140823364
3.067042827606201,24.520000457763672,1000.0,124.0,0.5868129134178162,0.02190038003027439,10.0,0.9984801411628723,0.9984801411628723,0.9984801411628723,0.020158933475613594,0.0001500000071246177,0.43632251024246216,2500000.0,-0.017915017902851105,0.003081832081079483,0.14407283067703247,0.0169413723051548,0.0016733799129724503,0.32014229893684387,0.5629526972770691,-1.5927465558052063,2.2435805797576904,8007.34765625,20.949527740478516,41.17842483520508,62.127952575683594,321.9162902832031,0.924566924571991
2.876857280731201,27.979999542236328,1000.0,125.0,0.575304388999939,0.02078663557767868,7.0,0.9985336065292358,0.9985336065292358,0.9985336065292358,0.02102329023182392,0.00014879999798722565,0.43137508630752563,2520000.0,-0.017853250727057457,6.176717579364777e-05,0.010665692389011383,0.015937577933073044,-0.0010037943720817566,0.36784064769744873,0.7191617488861084,0.1562090516090393,2.1578316688537598,8056.38818359375,20.213056564331055,28.802494049072266,49.01554870605469,408.0337829589844,1.002414345741272
3.1343812942504883,15.399999618530273,1000.0,126.0,0.5647007822990417,0.021150043234229088,8.0,0.9983580708503723,0.9983580708503723,0.9983580708503723,0.021189656108617783,0.00014760000340174884,0.42675498127937317,2540000.0,-0.017207935452461243,0.0006453152745962143,-0.08119803667068481,0.017844824120402336,0.0019072461873292923,0.39931392669677734,0.6738383173942566,-0.04532343149185181,2.2253634929656982,8108.55517578125,20.78165054321289,31.36225128173828,52.14390182495117,383.553955078125,0.881059467792511
3.2076117992401123,20.540000915527344,1000.0,127.0,0.5561804175376892,0.02156318724155426,4.0,0.9996205568313599,0.9996205568313599,0.9996205568313599,0.020449219271540642,0.0001463999942643568,0.42312145233154297,2560000.0,-0.013314307667315006,0.0038936277851462364,0.07553085684776306,0.01928349956870079,0.0014386754482984543,0.40936967730522156,1.0617544651031494,0.3879161477088928,2.195303440093994,8146.9404296875,21.415327072143555,16.947832107543945,38.3631591796875,521.33349609375,0.8408123850822449
4.1440253257751465,23.219999313354492,1000.0,128.0,0.5535820722579956,0.020079733803868294,5.0,1.000862717628479,1.000862717628479,1.000862717628479,0.02049502730369568,0.00014519999967887998,0.4221142530441284,2580000.0,-0.012815756723284721,0.0004985509440302849,-0.0333189032971859,0.02061513438820839,0.0013316348195075989,0.4346959888935089,1.3005225658416748,0.2387681007385254,2.3551762104034424,8187.94140625,20.681617736816406,20.299095153808594,40.980712890625,488.03448486328125,0.8451775908470154
4.308015823364258,25.18000030517578,1000.0,129.0,0.5479112267494202,0.02094240114092827,7.0,1.0009483098983765,1.0009483098983765,1.0009483098983765,0.019960977137088776,0.00014400000509340316,0.41976767778396606,2600000.0,-0.018616121262311935,-0.005800364539027214,0.06570848077535629,0.0207201037555933,0.00010496936738491058,0.42369550466537476,0.8845121264457703,-0.41601043939590454,2.3827550411224365,8237.212890625,21.388931274414062,27.86149787902832,49.25042724609375,406.08782958984375,0.8814545273780823
4.649942398071289,22.940000534057617,1000.0,130.0,0.5414037108421326,0.02081981487572193,6.0,0.9998056292533875,0.9998056292533875,0.9998056292533875,0.020905012264847755,0.00014279999595601112,0.4171324670314789,2620000.0,-0.016123907640576363,0.002492213621735573,0.14524008333683014,0.020447222515940666,-0.00027288123965263367,0.45199716091156006,0.7691179513931274,-0.11539417505264282,2.142019033432007,8283.9794921875,20.582014083862305,26.163421630859375,46.74543380737305,427.8492736816406,0.8776776790618896
4.976500511169434,27.020000457763672,1000.0,131.0,0.5399910807609558,0.022607674822211266,7.0,1.0001994371414185,1.0001994371414185,1.0001994371414185,0.02235305681824684,0.0001416000013705343,0.41683229804039,2640000.0,-0.024402301758527756,-0.008278394117951393,-0.217146635055542,0.024646667763590813,0.0041994452476501465,0.6206628084182739,1.2252483367919922,0.45613038539886475,2.7185399532318115,8332.2646484375,19.626035690307617,28.636905670166016,48.262939453125,414.3966369628906,0.9377295970916748
5.835015773773193,30.020000457763672,1000.0,132.0,0.5299516320228577,0.021301373839378357,8.0,0.9975394606590271,0.9975394606590271,0.9975394606590271,0.020861878991127014,0.00014040000678505749,0.4127429723739624,2660000.0,-0.0175966527312994,0.006805649027228355,-0.19400089979171753,0.02274266630411148,-0.001904001459479332,0.6160128712654114,0.82011479139328,-0.40513354539871216,2.423100233078003,8384.634765625,20.71707534790039,31.628978729248047,52.34605407714844,382.0727233886719,1.041638970375061
6.313389301300049,33.2400016784668,1000.0,133.0,0.5226686000823975,0.020183229818940163,7.0,1.000418782234192,1.000418782234192,1.000418782234192,0.021723544225096703,0.00013919999764766544,0.40975120663642883,2680000.0,-0.0178743377327919,-0.0002776850014925003,-0.3909652531147003,0.021671876311302185,-0.0010707899928092957,0.5637924671173096,0.7749044895172119,-0.045210301876068115,2.2837741374969482,8435.2744140625,23.139404296875,27.47362518310547,50.61302947998047,395.1551513671875,1.1894128322601318
6.131012439727783,24.040000915527344,1000.0,134.0,0.513249397277832,0.023701392114162445,9.0,0.9987484216690063,0.9987484216690063,0.9987484216690063,0.021469222381711006,0.00013800000306218863,0.4058759808540344,2700000.0,-0.018106140196323395,-0.00023180246353149414,-0.10815050452947617,0.021884804591536522,0.00021292828023433685,0.5528132319450378,0.6634679436683655,-0.11143654584884644,2.2656357288360596,8492.806640625,21.23004722595215,36.28036117553711,57.510406494140625,347.76312255859375,1.1910381317138672
5.787153244018555,30.440000534057617,1000.0,135.0,0.5120418071746826,0.02268882840871811,1.0,1.0015528202056885,1.0015528202056885,1.0015528202056885,0.024235304445028305,0.00013679999392479658,0.4054358899593353,2720000.0,0.021431606262922287,0.03953774645924568,-0.1387883722782135,0.026238219812512398,0.004353415220975876,0.5681031942367554,3.0861685276031494,2.422700583934784,2.041822910308838,8516.9365234375,20.028186798095703,4.0788774490356445,24.107065200805664,829.63232421875,1.28957200050354
6.168426513671875,30.059999465942383,1000.0,136.0,0.5072079300880432,0.02024158649146557,8.0,0.9989609122276306,0.9989609122276306,0.9989609122276306,0.019994763657450676,0.00013559999933931977,0.4035992920398712,2740000.0,-0.0157693512737751,-0.03720095753669739,0.2919943928718567,0.02603929489850998,-0.00019892491400241852,0.6794735193252563,0.6719675660133362,-2.4142009615898132,2.3131701946258545,8571.6572265625,22.616662979125977,32.08325958251953,54.699920654296875,365.6312255859375,1.3862992525100708
5.679033279418945,34.58000183105469,1000.0,137.0,0.4996909201145172,0.020705845206975937,1.0,0.9998621344566345,0.9998621344566345,0.9998621344566345,0.021992705762386322,0.00013440000475384295,0.4006103575229645,2760000.0,0.014379708096385002,0.030149059370160103,-0.03889784216880798,0.026506217196583748,0.0004669222980737686,0.5807872414588928,3.1120989322662354,2.440131366252899,2.4221479892730713,8596.1982421875,20.344449996948242,4.17449951171875,24.518949508666992,815.6956176757812,1.5482101440429688
5.659051895141602,32.08000183105469,1000.0,138.0,0.5027292370796204,0.02042374201118946,7.0,1.0009803771972656,1.0009803771972656,1.0009803771972656,0.023383811116218567,0.0001331999956164509,0.4017238914966583,2780000.0,-0.024071523919701576,-0.03845123201608658,0.09567216038703918,0.024180369451642036,-0.0023258477449417114,0.5845648646354675,1.7776328325271606,-1.3344660997390747,2.4147210121154785,8646.4912109375,21.990814208984375,28.28228759765625,50.273101806640625,397.8270568847656,1.666725516319275
5.966899871826172,35.31999969482422,1000.0,139.0,0.5033864974975586,0.021820038557052612,8.0,1.0003219842910767,1.0003219842910767,1.0003219842910767,0.020975833758711815,0.0001320000010309741,0.40190383791923523,2800000.0,-0.026240641251206398,-0.0021691173315048218,0.04873151704668999,0.024834657087922096,0.0006542876362800598,0.7235215902328491,1.2404452562332153,-0.5371875762939453,3.3218133449554443,8701.734375,22.842151641845703,32.376930236816406,55.21908187866211,362.1936340332031,1.8320950269699097
5.7298903465271,39.18000030517578,1000.0,140.0,0.5085964798927307,0.02066618576645851,8.0,1.0023661851882935,1.0023661851882935,1.0023661851882935,0.02354496344923973,0.00013080000644549727,0.4037970304489136,2820000.0,-0.03600892797112465,-0.009768286719918251,-0.27514126896858215,0.021962866187095642,-0.002871790900826454,0.685396134853363,2.117431402206421,0.8769861459732056,2.9723498821258545,8753.9521484375,20.09458351135254,32.10011291503906,52.19469451904297,383.1806945800781,2.0553061962127686
5.743429183959961,32.619998931884766,1000.0,141.0,0.5006356835365295,0.02001977525651455,8.0,1.000679612159729,1.000679612159729,1.000679612159729,0.020752400159835815,0.00012959999730810523,0.400667279958725,2840000.0,-0.026510214433073997,0.009498713538050652,0.43208080530166626,0.023154566064476967,0.0011916998773813248,0.7109138369560242,1.2487754821777344,-0.8686559200286865,2.9806082248687744,8807.3427734375,20.988143920898438,32.37849807739258,53.366641998291016,374.76593017578125,2.170726776123047
5.6091628074646,43.20000076293945,1000.0,142.0,0.5007246136665344,0.020481238141655922,8.0,0.9997342824935913,0.9997342824935913,0.9997342824935913,0.02155805006623268,0.00012840000272262841,0.400615394115448,2860000.0,-0.04075634479522705,-0.014246130362153053,-0.3189612925052643,0.02430492639541626,0.001150360330939293,0.6735722422599792,2.154815673828125,0.9060401916503906,4.018024444580078,8861.060546875,21.499235153198242,32.19440841674805,53.693641662597656,372.48358154296875,2.446676254272461
5.615872859954834,42.2599983215332,1000.0,143.0,0.500663697719574,0.020772909745573997,7.0,0.9985558986663818,0.9985558986663818,0.9985558986663818,0.020294412970542908,0.00012719999358523637,0.4005160927772522,2880000.0,-0.03530370071530342,0.00545264407992363,0.02651682123541832,0.024959757924079895,0.0006548315286636353,0.6435198783874512,1.760467767715454,-0.3943479061126709,4.882778167724609,8911.6494140625,19.820446014404297,30.746200561523438,50.566646575927734,395.5176086425781,2.7017481327056885
5.920527458190918,39.97999954223633,1000.0,144.0,0.4896562099456787,0.021324191242456436,9.0,0.9998486638069153,0.9998486638069153,0.9998486638069153,0.02062476985156536,0.00012599999899975955,0.39623862504959106,2900000.0,-0.033347997814416885,0.0019557029008865356,0.1323654055595398,0.024250110611319542,-0.0007096473127603531,0.7083266377449036,1.2503405809402466,-0.5101271867752075,4.605843544006348,8970.33984375,20.251468658447266,38.41341781616211,58.664886474609375,340.91943359375,2.9219565391540527
5.959577560424805,39.5,1000.0,145.0,0.48536503314971924,0.0217213686555624,7.0,1.000157117843628,1.000157117843628,1.000157117843628,0.022309716790914536,0.00012480000441428274,0.3944365978240967,2920000.0,-0.0403180792927742,-0.006970081478357315,-0.14615298807621002,0.026873642578721046,0.0026235319674015045,0.7333295345306396,1.6288082599639893,0.3784676790237427,5.179755687713623,9019.044921875,19.401351928710938,29.281116485595703,48.68246841430664,410.8255310058594,3.128004550933838
5.850255012512207,36.380001068115234,1000.0,146.0,0.48111215233802795,0.02085987478494644,9.0,1.0013750791549683,1.0013750791549683,1.0013750791549683,0.020583689212799072,0.0001235999952768907,0.3928588032722473,2940000.0,-0.03777649626135826,0.0025415830314159393,0.0902198851108551,0.020880261436104774,-0.005993381142616272,0.7011014223098755,1.3255270719528198,-0.30328118801116943,3.834942102432251,9077.9716796875,22.299671173095703,36.60414505004883,58.90381622314453,339.5365905761719,3.282830238342285
5.405557155609131,34.08000183105469,1000.0,147.0,0.4746074974536896,0.020953817293047905,10.0,1.0010161399841309,1.0010161399841309,1.0010161399841309,0.020188763737678528,0.00012240000069141388,0.39038074016571045,2960000.0,-0.031072046607732773,0.006704449653625488,-0.06438544392585754,0.02057816833257675,-0.00030209310352802277,0.6367026567459106,1.1221730709075928,-0.20335400104522705,3.557278871536255,9139.2783203125,21.107988357543945,40.17469787597656,61.28268814086914,326.3564453125,3.3976945877075195
4.634900093078613,27.139999389648438,1000.0,148.0,0.467501163482666,0.021508213132619858,8.0,0.9985449314117432,0.9985449314117432,0.9985449314117432,0.02120817080140114,0.00012119999882997945,0.38755127787590027,2980000.0,-0.03084256500005722,0.00022948160767555237,0.03292519599199295,0.024537470191717148,0.003959301859140396,0.7060695886611938,1.0760574340820312,-0.04611563682556152,4.230439186096191,9193.3994140625,22.672895431518555,31.42310905456543,54.096004486083984,369.71307373046875,3.4050357341766357
5.0595879554748535,32.959999084472656,1000.0,149.0,0.4646334648132324,0.020865734666585922,9.0,1.0027457475662231,1.0027457475662231,1.0027457475662231,0.02266511879861355,0.00011999999696854502,0.38634538650512695,3000000.0,-0.04727331921458244,-0.016430754214525223,0.01923663169145584,0.02649528719484806,0.0019578170031309128,0.6444298028945923,1.5560905933380127,0.48003315925598145,3.8910176753997803,9251.599609375,20.270002365112305,37.90837478637695,58.178375244140625,343.77032470703125,3.5016696453094482
5.146805286407471,33.47999954223633,1000.0,150.0,0.46437880396842957,0.022183097898960114,10.0,0.9997214674949646,0.9997214674949646,0.9997214674949646,0.02050105109810829,0.0001188000023830682,0.38621214032173157,3020000.0,-0.03597066551446915,0.011302653700113297,0.34899699687957764,0.022224392741918564,-0.004270894452929497,0.6534761190414429,0.9151648283004761,-0.6409257650375366,4.767895698547363,9311.9443359375,19.58249282836914,40.73908233642578,60.32157516479492,331.55633544921875,3.6035821437835693
4.81003475189209,34.400001525878906,1000.0,151.0,0.4621885418891907,0.020910747349262238,9.0,1.0022802352905273,1.0022802352905273,1.0022802352905273,0.02202412858605385,0.00011760000052163377,0.385527640581131,3040000.0,-0.035074036568403244,0.0008966289460659027,0.024885118007659912,0.018802475184202194,-0.0034219175577163696,0.573789656162262,1.1737254858016968,0.2585606575012207,4.078253746032715,9370.08984375,20.90433692932129,37.216094970703125,58.121437072753906,344.10711669921875,3.7221789360046387
4.607807159423828,27.239999771118164,1000.0,152.0,0.44890347123146057,0.021241946145892143,10.0,0.998580813407898,0.998580813407898,0.998580813407898,0.020752424374222755,0.00011639999866019934,0.3806479871273041,3060000.0,-0.03762463480234146,-0.002550598233938217,-0.1214619055390358,0.01992168463766575,0.0011192094534635544,0.6270807385444641,1.2481979131698608,0.07447242736816406,4.419785022735596,9431.1875,19.101408004760742,41.97432327270508,61.07573318481445,327.4623107910156,3.723275661468506
5.509857654571533,33.400001525878906,1000.0,153.0,0.4440253973007202,0.020106008276343346,8.0,1.0003336668014526,1.0003336668014526,1.0003336668014526,0.02128174714744091,0.00011519999679876491,0.3786565363407135,3080000.0,-0.03923356533050537,-0.00160893052816391,0.04708480462431908,0.02678755111992359,0.006865866482257843,0.7221840023994446,1.23651123046875,-0.01168668270111084,4.07492733001709,9485.484375,20.295936584472656,33.97725296020508,54.273193359375,368.5060729980469,3.821387767791748
6.013971328735352,28.799999237060547,1000.0,154.0,0.44384172558784485,0.02085070125758648,9.0,1.0011872053146362,1.0011872053146362,1.0011872053146362,0.02133282646536827,0.0001140000022132881,0.37855273485183716,3100000.0,-0.037947677075862885,0.0012858882546424866,-0.20797038078308105,0.026836005970835686,4.8454850912094116e-05,0.6786137819290161,1.108647346496582,-0.12786388397216797,3.4612815380096436,9543.4794921875,19.870494842529297,38.09959411621094,57.970088958740234,345.0055236816406,3.8486342430114746
6.248666286468506,32.97999954223633,1000.0,155.0,0.4452243745326996,0.020596224814653397,9.0,1.0019896030426025,1.0019896030426025,1.0019896030426025,0.021249189972877502,0.00011280000035185367,0.3790634572505951,3120000.0,-0.0411161333322525,-0.003168456256389618,-0.1030411496758461,0.023952225223183632,-0.002883780747652054,0.7083820700645447,1.1066418886184692,-0.002005457878112793,3.5407679080963135,9601.33984375,21.239402770996094,36.590843200683594,57.83124542236328,345.83380126953125,3.941448450088501
5.313692569732666,27.219999313354492,1000.0,156.0,0.4427907466888428,0.02065141312777996,10.0,0.9996755719184875,0.9996755719184875,0.9996755719184875,0.02081163413822651,0.00011159999849041924,0.378105491399765,3140000.0,-0.03192244842648506,0.00919368490576744,0.027746401727199554,0.023023856803774834,-0.0009283684194087982,0.6459227800369263,0.8447753190994263,-0.26186656951904297,3.501452684402466,9663.9189453125,22.370759963989258,40.18452072143555,62.55527877807617,319.71722412109375,3.945891857147217
5.592784881591797,29.600000381469727,1000.0,157.0,0.43701884150505066,0.020608186721801758,8.0,1.0033903121948242,1.0033903121948242,1.0033903121948242,0.021603653207421303,0.00011039999662898481,0.3759806156158447,3160000.0,-0.03474050760269165,-0.0028180591762065887,-0.16662245988845825,0.024540167301893234,0.0015163104981184006,0.7314069867134094,1.1843045949935913,0.33952927589416504,3.6440043449401855,9717.5068359375,21.8883056640625,31.6754093170166,53.56371307373047,373.3870849609375,3.9892630577087402
5.041998863220215,24.780000686645508,1000.0,158.0,0.43069833517074585,0.02314470149576664,11.0,1.0018481016159058,1.0018481016159058,1.0018481016159058,0.020788775756955147,0.00010920000204350799,0.37379759550094604,3180000.0,-0.03999311476945877,-0.00525260716676712,0.03983501344919205,0.02203155681490898,-0.002508610486984253,0.6511443257331848,1.2226569652557373,0.038352370262145996,3.3932316303253174,9787.0263671875,24.360876083374023,45.13467025756836,69.49554443359375,287.7882385253906,3.9615256786346436
5.271365165710449,37.900001525878906,1000.0,159.0,0.4230234920978546,0.020149163901805878,8.0,1.001889705657959,1.001889705657959,1.001889705657959,0.021860821172595024,0.00010800000018207356,0.37093308568000793,3200000.0,-0.04254700616002083,-0.0025538913905620575,0.33633503317832947,0.023903632536530495,0.0018720757216215134,0.5628513693809509,1.5260547399520874,0.3033977746963501,4.16030216217041,9843.23046875,23.175086975097656,33.00303649902344,56.178123474121094,356.0104675292969,4.135515213012695
5.126023769378662,39.63999938964844,1000.0,160.0,0.42294439673423767,0.021902460604906082,10.0,1.0018664598464966,1.0018664598464966,1.0018664598464966,0.02125283144414425,0.00010679999832063913,0.37089991569519043,3220000.0,-0.04723849892616272,-0.0046914927661418915,-0.12315326929092407,0.024384524673223495,0.0004808921366930008,0.7717940211296082,1.845476508140564,0.31942176818847656,4.288127899169922,9907.9345703125,22.422260284423828,42.2597770690918,64.68203735351562,309.2048645019531,4.333965301513672
5.082337856292725,42.060001373291016,1000.0,161.0,0.4228397011756897,0.02018715627491474,10.0,1.000760793685913,1.000760793685913,1.000760793685913,0.020409656688570976,0.0001055999964592047,0.37070581316947937,3240000.0,-0.03944212570786476,0.007796373218297958,-0.2122286707162857,0.022627638652920723,-0.0017568860203027725,0.6447925567626953,1.178952932357788,-0.6665235757827759,4.139493942260742,9970.0869140625,21.3903865814209,40.73774337768555,62.12812805175781,321.9153747558594,4.566863059997559
5.796715259552002,34.52000045776367,1000.0,162.0,0.42064446210861206,0.020295459777116776,10.0,1.000891089439392,1.000891089439392,1.000891089439392,0.020842568948864937,0.00010440000187372789,0.3698968291282654,3260000.0,-0.039246559143066406,0.0001955665647983551,-0.10612314939498901,0.026517817750573158,0.0038901790976524353,0.6681919097900391,1.0243257284164429,-0.15462720394134521,3.866173505783081,10032.4404296875,21.516468048095703,40.813045501708984,62.32951354980469,320.8752746582031,4.683355808258057
5.700437545776367,39.86000061035156,1000.0,163.0,0.415357381105423,0.020554127171635628,9.0,1.0025689601898193,1.0025689601898193,1.0025689601898193,0.021298697218298912,0.00010320000001229346,0.36788973212242126,3280000.0,-0.053708720952272415,-0.014462161809206009,0.3354123532772064,0.02279886044561863,-0.003718957304954529,0.6486034393310547,1.803001880645752,0.7786761522293091,4.064641952514648,10090.8603515625,21.74346923828125,36.65220260620117,58.39567565917969,342.4911193847656,4.87847375869751
5.391305923461914,55.880001068115234,1000.0,164.0,0.40912434458732605,0.020483650267124176,10.0,1.0016590356826782,1.0016590356826782,1.0016590356826782,0.02083846926689148,0.00010199999815085903,0.3654453754425049,3300000.0,-0.06702999770641327,-0.013321276754140854,-0.11989208310842514,0.02193981409072876,-0.0008590463548898697,0.6055726408958435,2.2380053997039795,0.43500351905822754,4.821518421173096,10155.7880859375,22.197261810302734,42.706504821777344,64.90476989746094,308.1437683105469,5.321876049041748
4.979490756988525,63.099998474121094,1000.0,165.0,0.40087905526161194,0.021140318363904953,11.0,1.0021770000457764,1.0021770000457764,1.0021770000457764,0.020053882151842117,0.00010080000356538221,0.3624837100505829,3320000.0,-0.05171862244606018,0.015311375260353088,0.11276817321777344,0.022602716460824013,0.000662902370095253,0.629310131072998,1.480139136314392,-0.7578662633895874,4.989785194396973,10222.3056640625,21.13511848449707,45.35764694213867,66.49276733398438,300.78460693359375,5.868368148803711
4.541627407073975,60.86000061035156,1000.0,166.0,0.39342668652534485,0.02037414163351059,11.0,1.0011858940124512,1.0011858940124512,1.0011858940124512,0.02064513973891735,9.960000170394778e-05,0.3597414493560791,3340000.0,-0.051312338560819626,0.0004062838852405548,0.07765788584947586,0.020728126168251038,-0.0018745902925729752,0.6603946685791016,1.0884332656860352,-0.39170587062835693,5.133613109588623,10288.2216796875,19.981250762939453,45.910579681396484,65.89183044433594,303.52777099609375,6.3747453689575195
5.224379062652588,38.959999084472656,1000.0,167.0,0.3860208988189697,0.02055082470178604,9.0,0.9994386434555054,0.9994386434555054,0.9994386434555054,0.019979771226644516,9.839999984251335e-05,0.35714197158813477,3360000.0,-0.048658501356840134,0.002653837203979492,-0.23491239547729492,0.025853322818875313,0.005125196650624275,0.6586178541183472,1.3505051136016846,0.2620718479156494,4.537599086761475,10346.4384765625,20.714967727661133,37.476558685302734,58.1915283203125,343.6926574707031,6.5330939292907715
5.453881740570068,37.29999923706055,1000.0,168.0,0.38691574335098267,0.02048114687204361,9.0,1.0041648149490356,1.0041648149490356,1.0041648149490356,0.021265938878059387,9.719999798107892e-05,0.3575139045715332,3380000.0,-0.05187124386429787,-0.003212742507457733,-0.04455374926328659,0.023786716163158417,-0.002066606655716896,0.6562377214431763,1.9536131620407104,0.6031080484390259,4.357349395751953,10404.294921875,19.602128982543945,38.231109619140625,57.8332405090332,345.8218688964844,6.667184829711914
5.745663642883301,34.18000030517578,1000.0,169.0,0.38859230279922485,0.020798498764634132,11.0,0.9999515414237976,0.9999515414237976,0.9999515414237976,0.02001684531569481,9.600000339560211e-05,0.3581269383430481,3400000.0,-0.041609544306993484,0.010261699557304382,0.14191403985023499,0.02217036299407482,-0.0016163531690835953,0.6230792999267578,1.1264231204986572,-0.8271900415420532,4.232832431793213,10470.5859375,20.064342498779297,46.202964782714844,66.26730346679688,301.8079528808594,6.7458014488220215
5.442802906036377,35.31999969482422,1000.0,170.0,0.376880943775177,0.020076047629117966,9.0,1.0008208751678467,1.0008208751678467,1.0008208751678467,0.020717840641736984,9.480000153416768e-05,0.35398268699645996,3420000.0,-0.04021281376481056,0.0013967305421829224,-0.08042124658823013,0.02239842526614666,0.00022806227207183838,0.6610320210456848,1.038551926612854,-0.08787119388580322,4.1152424812316895,10528.318359375,20.617067337036133,37.09088897705078,57.70795822143555,346.5726623535156,6.841877460479736
5.498714447021484,36.7400016784668,1000.0,171.0,0.37001949548721313,0.02056816592812538,11.0,1.0019338130950928,1.0019338130950928,1.0019338130950928,0.02142344042658806,9.359999967273325e-05,0.35163602232933044,3440000.0,-0.05082901567220688,-0.010616201907396317,0.15672419965267181,0.022723475471138954,0.0003250502049922943,0.7089396715164185,1.4543880224227905,0.4158360958099365,4.482293128967285,10594.7119140625,19.99416160583496,46.375919342041016,66.37007904052734,301.3406066894531,6.959109306335449
5.9991350173950195,37.939998626708984,1000.0,172.0,0.36553439497947693,0.02093564160168171,11.0,0.9993786811828613,0.9993786811828613,0.9993786811828613,0.020833643153309822,9.239999781129882e-05,0.3501279652118683,3460000.0,-0.044215127825737,0.006613887846469879,-0.031068578362464905,0.0218682661652565,-0.0008552093058824539,0.639698326587677,0.9620755910873413,-0.4923124313354492,4.157967567443848,10662.09765625,21.94430160522461,45.41368865966797,67.35799407958984,296.92095947265625,7.098719596862793
5.047255992889404,29.18000030517578,1000.0,173.0,0.35916149616241455,0.021166207268834114,13.0,0.9991930723190308,0.9991930723190308,0.9991930723190308,0.021003713831305504,9.1200003225822e-05,0.3477710783481598,3480000.0,-0.03945073485374451,0.004764392971992493,-0.2791626453399658,0.021051127463579178,-0.0008171387016773224,0.6040766835212708,0.8011221885681152,-0.16095340251922607,3.5430121421813965,10737.3173828125,21.5289249420166,53.668212890625,75.19713592529297,265.9675598144531,7.099369525909424
5.087101459503174,30.8799991607666,1000.0,174.0,0.35566413402557373,0.020211223512887955,9.0,1.002597451210022,1.002597451210022,1.002597451210022,0.02201588824391365,9.000000136438757e-05,0.346526175737381,3500000.0,-0.0507798045873642,-0.01132906973361969,-0.11003309488296509,0.022010793909430504,0.000959666445851326,0.593605637550354,1.5827314853668213,0.781609296798706,3.5357344150543213,10795.3740234375,21.017967224121094,37.01401138305664,58.031978607177734,344.6375732421875,7.12041711807251
4.982171535491943,34.65999984741211,1000.0,175.0,0.35816505551338196,0.020674485713243484,13.0,1.0039770603179932,1.0039770603179932,1.0039770603179932,0.020657854154706,8.879999950295314e-05,0.3474254012107849,3520000.0,-0.05185240879654884,-0.0010726042091846466,-0.15628492832183838,0.020581556484103203,-0.001429237425327301,0.621711790561676,1.3344134092330933,-0.24831807613372803,3.8421452045440674,10870.8232421875,22.18836212158203,53.236961364746094,75.42532348632812,265.1629333496094,7.198331832885742
5.226946830749512,44.29999923706055,1000.0,176.0,0.3527851104736328,0.021181419491767883,12.0,0.9996746182441711,0.9996746182441711,0.9996746182441711,0.02017759531736374,8.759999764151871e-05,0.3455204367637634,3540000.0,-0.05886401981115341,-0.0070116110146045685,0.0057862289249897,0.020671620965003967,9.006448090076447e-05,0.6414754986763,1.0917288064956665,-0.24268460273742676,4.704509735107422,10943.388671875,22.889339447021484,49.651084899902344,72.54042053222656,275.7083435058594,7.42772102355957
5.577343940734863,34.2599983215332,1000.0,177.0,0.3366476893424988,0.021368736401200294,11.0,0.9996587634086609,0.9996587634086609,0.9996587634086609,0.020521769300103188,8.64000030560419e-05,0.3399862051010132,3560000.0,-0.05317937582731247,0.005684643983840942,0.23444926738739014,0.02300763875246048,0.0023360177874565125,0.7711127400398254,0.9685155749320984,-0.12321323156356812,4.879398345947266,11011.880859375,21.207889556884766,47.25934600830078,68.46723937988281,292.1105041503906,7.511390686035156
5.201981067657471,37.060001373291016,1000.0,178.0,0.329931378364563,0.02126329392194748,12.0,1.0029011964797974,1.0029011964797974,1.0029011964797974,0.02079140767455101,8.520000119460747e-05,0.3377321660518646,3580000.0,-0.050823260098695755,0.0023561157286167145,-0.12119950354099274,0.023642128333449364,0.000634489580988884,0.6688699126243591,1.055335521697998,0.08681994676589966,4.714899063110352,11083.2197265625,20.206235885620117,51.107322692871094,71.31356048583984,280.4515686035156,7.639087200164795
5.026352882385254,24.860000610351562,1000.0,179.0,0.3240993618965149,0.020536011084914207,13.0,1.001057505607605,1.001057505607605,1.001057505607605,0.019536875188350677,8.399999933317304e-05,0.3357083797454834,3600000.0,-0.03533574193716049,0.015487518161535263,-0.06583956629037857,0.02128903567790985,-0.0023530926555395126,0.5381567478179932,0.6576962471008301,-0.39763927459716797,4.032290935516357,11159.0234375,21.28716278076172,54.489810943603516,75.7769775390625,263.93243408203125,7.583428859710693
4.530127048492432,26.420000076293945,1000.0,180.0,0.31383976340293884,0.02092411182820797,11.0,1.0023785829544067,1.0023785829544067,1.0023785829544067,0.020083831623196602,8.27999974717386e-05,0.33230793476104736,3620000.0,-0.0389079824090004,-0.003572240471839905,0.2640816271305084,0.021214310079813004,-7.472559809684753e-05,0.46239203214645386,0.807654857635498,0.14995861053466797,3.7615363597869873,11228.2060546875,22.826370239257812,46.32960510253906,69.15597534179688,289.2013244628906,7.553883075714111
4.172233581542969,31.81999969482422,1000.0,181.0,0.3148486614227295,0.020833009853959084,10.0,0.9993807077407837,0.9993807077407837,0.9993807077407837,0.021589642390608788,8.160000288626179e-05,0.33262619376182556,3640000.0,-0.053046468645334244,-0.014138486236333847,0.20409223437309265,0.0219497699290514,0.0007354598492383957,0.5724576711654663,1.74947190284729,0.941817045211792,4.313474655151367,11292.49609375,22.69388771057129,41.57109069824219,64.26497650146484,311.21148681640625,7.607524871826172
4.431586265563965,32.36000061035156,1000.0,182.0,0.31391003727912903,0.020890289917588234,13.0,1.001454472541809,1.001454472541809,1.001454472541809,0.019945889711380005,8.040000102482736e-05,0.3323603868484497,3660000.0,-0.04611954838037491,0.006926920264959335,0.08391814678907394,0.023116525262594223,0.0011667553335428238,0.5212534666061401,0.9797977209091187,-0.7696741819381714,4.329830169677734,11367.4609375,21.020404815673828,53.920413970947266,74.9408187866211,266.87725830078125,7.669994354248047
4.759185791015625,30.81999969482422,1000.0,183.0,0.3019431531429291,0.021768253296613693,10.0,0.9997947812080383,0.9997947812080383,0.9997947812080383,0.020879026502370834,7.919999916339293e-05,0.3284685015678406,3680000.0,-0.04494989663362503,0.001169651746749878,0.19130060076713562,0.02331170253455639,0.00019517727196216583,0.5276628136634827,1.2668678760528564,0.2870701551437378,4.547971248626709,11430.685546875,22.22249984741211,40.9761962890625,63.19869613647461,316.46221923828125,7.709920406341553
5.115704536437988,25.260000228881836,1000.0,184.0,0.28980135917663574,0.020567189902067184,12.0,1.000504493713379,1.000504493713379,1.000504493713379,0.020469801500439644,7.79999973019585e-05,0.3245270848274231,3700000.0,-0.04035881906747818,0.004591077566146851,0.06949248164892197,0.022722875699400902,-0.0005888268351554871,0.6010580062866211,0.9114543795585632,-0.3554134964942932,3.6670024394989014,11500.009765625,20.959213256835938,48.33142852783203,69.29064178466797,288.6392822265625,7.667360305786133
5.125250339508057,18.219999313354492,1000.0,185.0,0.27554842829704285,0.02119697444140911,15.0,1.001010537147522,1.001010537147522,1.001010537147522,0.01975584402680397,7.680000271648169e-05,0.320056289434433,3720000.0,-0.02984561026096344,0.01051320880651474,-0.1220647543668747,0.019220756366848946,-0.003502119332551956,0.577384352684021,0.5632795095443726,-0.3481748700141907,3.5699307918548584,11585.9111328125,22.595848083496094,63.27133560180664,85.86717987060547,232.9178466796875,7.521458148956299
5.079876899719238,16.059999465942383,1000.0,186.0,0.2611500322818756,0.020198747515678406,12.0,1.0035206079483032,1.0035206079483032,1.0035206079483032,0.01997647061944008,7.560000085504726e-05,0.31557798385620117,3740000.0,-0.02660086192190647,0.0032447483390569687,0.01503721997141838,0.02087388187646866,0.0016531255096197128,0.584693431854248,0.5262724161148071,-0.03700709342956543,2.964567184448242,11656.216796875,20.56877899169922,49.70984649658203,70.27862548828125,284.58154296875,7.3470611572265625
4.548631191253662,11.4399995803833,1000.0,187.0,0.25726819038391113,0.02022070251405239,13.0,1.0002186298370361,1.0002186298370361,1.0002186298370361,0.02011311985552311,7.439999899361283e-05,0.31445029377937317,3760000.0,-0.031900595873594284,-0.005299733951687813,0.057853877544403076,0.019567139446735382,-0.0013067424297332764,0.5300290584564209,0.49228402972221375,-0.033988386392593384,2.7599754333496094,11731.8408203125,21.70786476135254,53.88962936401367,75.59749603271484,264.5590515136719,7.107614040374756
4.714204788208008,19.1200008392334,1000.0,188.0,0.2533315420150757,0.021348241716623306,12.0,1.0056006908416748,1.0056006908416748,1.0056006908416748,0.021712016314268112,7.31999971321784e-05,0.31341421604156494,3780000.0,-0.04273924604058266,-0.010838650166988373,-0.22770141065120697,0.021067455410957336,0.0015003159642219543,0.5593796372413635,1.2788190841674805,0.7865350544452667,2.8377106189727783,11802.673828125,21.45462417602539,49.35165786743164,70.80628204345703,282.4608154296875,6.988559246063232
4.1847991943359375,21.899999618530273,1000.0,189.0,0.25222721695899963,0.020657161250710487,13.0,1.003697395324707,1.003697395324707,1.003697395324707,0.02012811414897442,7.200000254670158e-05,0.3131154775619507,3800000.0,-0.03941204398870468,0.0033272020518779755,0.28413981199264526,0.02012690342962742,-0.0009405519813299179,0.5611938238143921,0.8142812848091125,-0.4645377993583679,3.0411884784698486,11881.9462890625,25.399810791015625,53.846214294433594,79.24602508544922,252.37860107421875,6.914216995239258
3.6202030181884766,21.079999923706055,1000.0,190.0,0.24163024127483368,0.020735610276460648,14.0,1.0042245388031006,1.0042245388031006,1.0042245388031006,0.020480889827013016,7.080000068526715e-05,0.30979835987091064,3820000.0,-0.03371003642678261,0.005702007561922073,-0.1941666454076767,0.017433032393455505,-0.002693871036171913,0.3843097686767578,0.6529344320297241,-0.16134685277938843,2.3788840770721436,11962.7099609375,22.32445526123047,58.4083366394043,80.73279571533203,247.73080444335938,6.829741954803467
3.4189977645874023,13.899999618530273,1000.0,191.0,0.22455519437789917,0.0203744787722826,15.0,0.9994527697563171,0.9994527697563171,0.9994527697563171,0.01945296861231327,6.959999882383272e-05,0.30449584126472473,3840000.0,-0.02888854406774044,0.004821492359042168,-0.2777479588985443,0.020495634526014328,0.0030626021325588226,0.42496606707572937,0.4618617594242096,-0.19107267260551453,2.9020421504974365,12046.6220703125,22.920862197875977,60.963836669921875,83.88469696044922,238.42250061035156,6.639830589294434
3.543093204498291,13.680000305175781,1000.0,192.0,0.21287523210048676,0.02195926196873188,15.0,1.0034021139144897,1.0034021139144897,1.0034021139144897,0.02056671306490898,6.839999696239829e-05,0.30091798305511475,3860000.0,-0.03044738434255123,-0.001558840274810791,-0.09816992282867432,0.018051259219646454,-0.002444375306367874,0.5394930839538574,0.5184571146965027,0.05659535527229309,2.7912468910217285,12129.1552734375,21.202587127685547,61.30416488647461,82.50675201416016,242.40440368652344,6.450564861297607
3.6202309131622314,15.920000076293945,1000.0,193.0,0.1999712437391281,0.02046157605946064,11.0,1.003246784210205,1.003246784210205,1.003246784210205,0.021850550547242165,6.720000237692147e-05,0.29714274406433105,3880000.0,-0.0357842892408371,-0.005336904898285866,-0.24899572134017944,0.01769704930484295,-0.00035420991480350494,0.47935155034065247,1.0395621061325073,0.5211049914360046,2.498425006866455,12198.236328125,25.117544174194336,43.93565368652344,69.0531997680664,289.63177490234375,6.298702716827393
3.9080817699432373,20.739999771118164,1000.0,194.0,0.19375191628932953,0.020263954997062683,11.0,0.9994977712631226,0.9994977712631226,0.9994977712631226,0.019877810031175613,6.600000051548705e-05,0.29533231258392334,3900000.0,-0.04259156435728073,-0.006807275116443634,0.11830886453390121,0.018842393532395363,0.001145344227552414,0.5809950828552246,0.8437181711196899,-0.19584393501281738,2.772538423538208,12267.724609375,21.74315643310547,47.72157287597656,69.46472930908203,287.9158935546875,6.222193241119385
3.8292555809020996,22.860000610351562,1000.0,195.0,0.18798649311065674,0.020369937643408775,13.0,1.0029903650283813,1.0029903650283813,1.0029903650283813,0.02084338106215,6.479999865405262e-05,0.2935076057910919,3920000.0,-0.034502726048231125,0.008088838309049606,0.5115121006965637,0.01935759000480175,0.0005151964724063873,0.5738311409950256,0.6362541913986206,-0.20746397972106934,2.948256731033325,12343.3984375,20.188751220703125,55.4607048034668,75.64945983886719,264.3773193359375,6.1791791915893555
4.246407508850098,24.139999389648438,1000.0,196.0,0.18893124163150787,0.021085472777485847,17.0,1.0046861171722412,1.0046861171722412,1.0046861171722412,0.02122988924384117,6.359999679261819e-05,0.2936859428882599,3940000.0,-0.044729772955179214,-0.01022704690694809,-0.0072903111577034,0.017419522628188133,-0.001938067376613617,0.4760863780975342,0.8017908334732056,0.16553664207458496,2.5580787658691406,12435.2216796875,22.44961166381836,69.34606170654297,91.7956771850586,217.87518310546875,6.15644645690918
3.733372211456299,24.239999771118164,1000.0,197.0,0.18257485330104828,0.02069925144314766,16.0,1.0022950172424316,1.0022950172424316,1.0022950172424316,0.020431891083717346,6.240000220714137e-05,0.2917778491973877,3960000.0,-0.03572910279035568,0.009000670164823532,-0.3773100972175598,0.015584621578454971,-0.001834901049733162,0.3891688883304596,0.8352870941162109,0.03349626064300537,2.454313278198242,12523.91796875,23.216060638427734,65.45045471191406,88.66651916503906,225.56430053710938,6.135919570922852
3.5081679821014404,24.219999313354492,1000.0,198.0,0.1730998009443283,0.02107342891395092,13.0,0.997534453868866,0.997534453868866,0.997534453868866,0.01987123303115368,6.120000034570694e-05,0.28901857137680054,3980000.0,-0.04384760931134224,-0.008118506520986557,0.24788779020309448,0.022324610501527786,0.006739988923072815,0.4637822210788727,0.6744418144226074,-0.16084527969360352,2.9500770568847656,12599.3330078125,22.22100067138672,53.16660690307617,75.38760375976562,265.29559326171875,6.115739822387695
3.613975763320923,23.6200008392334,1000.0,199.0,0.16133496165275574,0.021451741456985474,18.0,1.001527190208435,1.001527190208435,1.001527190208435,0.02064928226172924,5.999999848427251e-05,0.2857040464878082,4000000.0,-0.042514730244874954,0.0013328790664672852,0.35380759835243225,0.017854247242212296,-0.004470363259315491,0.43525150418281555,0.6292719841003418,-0.045169830322265625,2.444284439086914,12695.736328125,20.791902542114258,75.58645629882812,96.37835693359375,207.51547241210938,6.087178707122803
3.3253400325775146,16.8799991607666,1000.0,200.0,0.13869652152061462,0.020027773454785347,14.0,0.9984771013259888,0.9984771013259888,0.9984771013259888,0.01923668012022972,5.880000026081689e-05,0.2793426513671875,4020000.0,-0.03129279986023903,0.011221930384635925,-0.010953810065984726,0.015522344037890434,-0.0023319032043218613,0.3795655369758606,0.4182142913341522,-0.21105769276618958,2.4178402423858643,12778.0146484375,22.630306243896484,59.61879348754883,82.24909973144531,243.16375732421875,5.958255290985107
3.3528923988342285,19.34000015258789,1000.0,201.0,0.12932896614074707,0.021572787314653397,14.0,1.0020477771759033,1.0020477771759033,1.0020477771759033,0.020633377134799957,5.759999839938246e-05,0.27662840485572815,4040000.0,-0.041044559329748154,-0.009751759469509125,-0.19538886845111847,0.019119493663311005,0.0035971496254205704,0.43765634298324585,0.5544698238372803,0.13625553250312805,1.9995973110198975,12855.3994140625,20.37665367126465,56.98162841796875,77.35828399658203,258.53729248046875,5.868618488311768
3.389056921005249,21.459999084472656,1000.0,202.0,0.12772683799266815,0.0201007928699255,12.0,1.0017204284667969,1.0017204284667969,1.0017204284667969,0.021284371614456177,5.6400000175926834e-05,0.2761552035808563,4060000.0,-0.04265289381146431,-0.001608334481716156,-0.16749781370162964,0.017989272251725197,-0.0011302214115858078,0.3728553354740143,1.3372305631637573,0.782760739326477,2.3408043384552,12926.947265625,20.907350540161133,50.614986419677734,71.5223388671875,279.6329345703125,5.812433242797852
3.8688886165618896,21.799999237060547,1000.0,203.0,0.12057534605264664,0.020319562405347824,15.0,1.0004385709762573,1.0004385709762573,1.0004385709762573,0.01920763961970806,5.5199998314492404e-05,0.27424734830856323,4080000.0,-0.037815842777490616,0.004837051033973694,-0.03517362102866173,0.021280786022543907,0.0032915137708187103,0.45495152473449707,0.7151339054107666,-0.6220966577529907,2.667886972427368,13010.111328125,20.45581817626953,62.68222427368164,83.1380386352539,240.5637664794922,5.762387752532959
3.7310798168182373,18.700000762939453,1000.0,204.0,0.1107252910733223,0.020268665626645088,18.0,1.0044536590576172,1.0044536590576172,1.0044536590576172,0.020419923588633537,5.400000009103678e-05,0.27157795429229736,4100000.0,-0.04182998090982437,-0.0040141381323337555,0.20847535133361816,0.017565328627824783,-0.003715457394719124,0.4800496995449066,0.44977080821990967,-0.26536309719085693,2.222313165664673,13106.21875,20.295289993286133,75.78534698486328,96.08063507080078,208.1584930419922,5.666744232177734
3.5230464935302734,10.859999656677246,1000.0,205.0,0.0956859216094017,0.020274745300412178,15.0,1.0005651712417603,1.0005651712417603,1.0005651712417603,0.019754143431782722,5.279999822960235e-05,0.2674412727355957,4120000.0,-0.029879549518227577,0.011950431391596794,-0.10392219573259354,0.018066836521029472,0.000501507893204689,0.44831958413124084,0.4143923819065094,-0.03537842631340027,2.706822156906128,13191.6435546875,22.428865432739258,62.96710968017578,85.3959732055664,234.2030792236328,5.455132484436035
3.3802690505981445,12.15999984741211,1000.0,206.0,0.08045586943626404,0.02018231526017189,14.0,1.0010327100753784,1.0010327100753784,1.0010327100753784,0.019519012421369553,5.160000000614673e-05,0.2633466124534607,4140000.0,-0.030291743576526642,-0.00041219405829906464,0.5203314423561096,0.017741361632943153,-0.00032547488808631897,0.5072711706161499,0.4237571358680725,0.00936475396156311,2.0993449687957764,13270.353515625,21.160215377807617,57.52190399169922,78.68212127685547,254.18734741210938,5.266531944274902
3.4106051921844482,12.399999618530273,1000.0,207.0,0.0687396228313446,0.020134730264544487,17.0,1.001067876815796,1.001067876815796,1.001067876815796,0.020111752673983574,5.0400001782691106e-05,0.260364830493927,4160000.0,-0.029140634462237358,0.0011511091142892838,-0.1302374005317688,0.01851397193968296,0.0007726103067398071,0.5935009717941284,0.5070473551750183,0.0832902193069458,2.2504165172576904,13364.5205078125,21.306995391845703,72.83403778076172,94.14103698730469,212.44720458984375,5.084541320800781
3.2959442138671875,22.899999618530273,1000.0,208.0,0.0643283873796463,0.020041417330503464,25.0,1.0092781782150269,1.0092781782150269,1.0092781782150269,0.02118089608848095,4.9199999921256676e-05,0.25923046469688416,4180000.0,-0.04381589591503143,-0.014675261452794075,0.18570421636104584,0.018879706040024757,0.0003657341003417969,0.461500346660614,0.6593406796455383,0.15229332447052002,1.7818633317947388,13491.27734375,20.053747177124023,106.67414855957031,126.72789001464844,157.81845092773438,5.062849998474121
3.776712417602539,26.079999923706055,1000.0,209.0,0.05660989508032799,0.02037009969353676,16.0,0.9997604489326477,0.9997604489326477,0.9997604489326477,0.019319605082273483,4.8000001697801054e-05,0.25734826922416687,4200000.0,-0.03648335486650467,0.007332541048526764,0.11291235685348511,0.018212787806987762,-0.0006669182330369949,0.5219968557357788,0.49789729714393616,-0.16144338250160217,2.823429584503174,13582.1728515625,23.823637008666992,67.03994750976562,90.86358642578125,220.11016845703125,5.088893413543701
3.725531816482544,23.239999771118164,1000.0,210.0,0.04205816239118576,0.020066525787115097,15.0,1.0002822875976562,1.0002822875976562,1.0002822875976562,0.019071632996201515,4.6799999836366624e-05,0.2537894546985626,4220000.0,-0.03433620184659958,0.0021471530199050903,0.34775984287261963,0.020032521337270737,0.0018197335302829742,0.48248055577278137,0.46762514114379883,-0.03027215600013733,2.8674261569976807,13666.2890625,21.85997772216797,62.227298736572266,84.08727264404297,237.84811401367188,5.0715742111206055
4.365015506744385,16.639999389648438,1000.0,211.0,0.030110204592347145,0.021121574565768242,17.0,1.00191068649292,1.00191068649292,1.00191068649292,0.019944017753005028,4.5600001612911e-05,0.2508487403392792,4240000.0,-0.0330437496304512,0.0012924522161483765,0.04343797266483307,0.019638799130916595,-0.00039372220635414124,0.4898844361305237,0.4391697645187378,-0.028455376625061035,1.9258785247802734,13759.6962890625,21.647926330566406,71.73155975341797,93.37948608398438,214.1798095703125,4.955241680145264
4.097012519836426,18.860000610351562,1000.0,212.0,0.021116942167282104,0.02065601572394371,18.0,1.0051919221878052,1.0051919221878052,1.0051919221878052,0.02079101838171482,4.439999975147657e-05,0.24862100183963776,4260000.0,-0.04197068139910698,-0.008926931768655777,-0.06194138154387474,0.018679659813642502,-0.0009591393172740936,0.34894677996635437,0.5632468461990356,0.12407708168029785,2.066450357437134,13854.8359375,20.549257278442383,74.56065368652344,95.10990905761719,210.2830352783203,4.873845100402832
4.745291233062744,25.399999618530273,1000.0,213.0,0.016865864396095276,0.020200060680508614,14.0,1.0026545524597168,1.0026545524597168,1.0026545524597168,0.020529720932245255,4.320000152802095e-05,0.24758873879909515,4280000.0,-0.0440819151699543,-0.0021112337708473206,0.08368293195962906,0.023614320904016495,0.004934661090373993,0.666031002998352,0.7190371155738831,0.1557902693748474,2.992778778076172,13936.3154296875,22.829072952270508,58.621665954589844,81.45173645019531,245.54417419433594,4.8915486335754395
4.279732704162598,26.540000915527344,1000.0,214.0,0.014933347702026367,0.020047858357429504,18.0,0.9997349977493286,0.9997349977493286,0.9997349977493286,0.01962498389184475,4.199999966658652e-05,0.24709802865982056,4300000.0,-0.03547898307442665,0.008602932095527649,0.270783931016922,0.019793951883912086,-0.0038203690201044083,0.4147941768169403,0.534990131855011,-0.18404698371887207,2.2876479625701904,14031.9287109375,21.10718536376953,74.4808578491211,95.58804321289062,209.231201171875,4.9256672859191895
4.642925262451172,21.420000076293945,1000.0,215.0,0.001627998542971909,0.020311348140239716,20.0,1.0015815496444702,1.0015815496444702,1.0015815496444702,0.019590644165873528,4.0800001443130895e-05,0.24378830194473267,4320000.0,-0.032098256051540375,0.0033807270228862762,-0.05271889269351959,0.020058084279298782,0.00026413239538669586,0.5778215527534485,0.38207852840423584,-0.15291160345077515,2.5038657188415527,14135.125,20.6627140045166,82.50548553466797,103.16819763183594,193.85818481445312,4.882049560546875
3.7901711463928223,21.639999389648438,1000.0,216.0,-0.012643399648368359,0.020660817623138428,20.0,1.0055066347122192,1.0055066347122192,1.0055066347122192,0.020479440689086914,3.9599999581696466e-05,0.24035383760929108,4340000.0,-0.044611264020204544,-0.01251300796866417,-0.21331025660037994,0.021627802401781082,0.0015697181224822998,0.4879295825958252,1.2060967683792114,0.8240182399749756,2.0534706115722656,14238.865234375,22.403968811035156,81.30721282958984,103.711181640625,192.84324645996094,4.842123031616211
3.8077170848846436,32.939998626708984,1000.0,217.0,-0.01637919992208481,0.02065075747668743,23.0,1.0038721561431885,1.0038721561431885,1.0038721561431885,0.020467408001422882,3.840000135824084e-05,0.23945952951908112,4360000.0,-0.059985946863889694,-0.01537468284368515,0.023114703595638275,0.02004639059305191,-0.0015814118087291718,0.44400614500045776,1.2415589094161987,0.035462141036987305,3.1458683013916016,14353.9345703125,20.10745620727539,94.93331909179688,115.040771484375,173.85140991210938,4.975102424621582
3.4631547927856445,34.08000183105469,1000.0,218.0,-0.021886417642235756,0.020700747147202492,21.0,0.9992750287055969,0.9992750287055969,0.9992750287055969,0.019396277144551277,3.719999949680641e-05,0.23809140920639038,4380000.0,-0.040731072425842285,0.01925487443804741,-0.17868828773498535,0.018174923956394196,-0.0018714666366577148,0.5037012696266174,0.551411509513855,-0.6901473999023438,2.3173749446868896,14460.98046875,22.480472564697266,84.53215789794922,107.01363372802734,186.89207458496094,5.125002861022949
3.0769381523132324,34.29999923706055,1000.0,219.0,-0.03534483537077904,0.020481077954173088,19.0,0.9981993436813354,0.9981993436813354,0.9981993436813354,0.019447702914476395,3.600000127335079e-05,0.23495011031627655,4400000.0,-0.04208877682685852,-0.0013577044010162354,0.17535798251628876,0.0167271476238966,-0.0014477763324975967,0.4207368791103363,0.4782140552997589,-0.07319745421409607,2.314937114715576,14563.0,22.21823501586914,79.77316284179688,101.99139404296875,196.094970703125,5.273768424987793
3.2267184257507324,23.200000762939453,1000.0,220.0,-0.0472421869635582,0.02016543410718441,20.0,1.001361608505249,1.001361608505249,1.001361608505249,0.019743507727980614,3.479999941191636e-05,0.23213964700698853,4420000.0,-0.045410286635160446,-0.0033215098083019257,0.06564263999462128,0.019590985029935837,0.002863837406039238,0.5611801147460938,0.5610973834991455,0.0828833281993866,2.7597177028656006,14667.052734375,20.144474029541016,83.87541198730469,104.01988983154297,192.2709197998047,5.249115943908691
3.1879544258117676,20.360000610351562,1000.0,221.0,-0.05811558663845062,0.021841036155819893,23.0,1.0026606321334839,1.0026606321334839,1.0026606321334839,0.020048877224326134,3.360000118846074e-05,0.22949150204658508,4440000.0,-0.035182930529117584,0.010227356106042862,-0.015028761699795723,0.018399562686681747,-0.0011914223432540894,0.4633063077926636,0.42125195264816284,-0.13984543085098267,1.6916733980178833,14783.529296875,20.269145965576172,96.17855834960938,116.44770812988281,171.75091552734375,5.184076309204102
4.020200729370117,21.719999313354492,1000.0,222.0,-0.06897654384374619,0.021038612350821495,22.0,1.0062568187713623,1.0062568187713623,1.0062568187713623,0.0202484168112278,3.239999932702631e-05,0.22704342007637024,4460000.0,-0.051749829202890396,-0.016566898673772812,-0.19140839576721191,0.018669458106160164,0.00026989541947841644,0.5128612518310547,0.5419008135795593,0.12064886093139648,2.222226619720459,14896.533203125,21.645082473754883,91.32762145996094,112.97270202636719,177.03392028808594,5.1399383544921875
3.3977065086364746,15.279999732971191,1000.0,223.0,-0.08048383891582489,0.020067378878593445,26.0,1.0000356435775757,1.0000356435775757,1.0000356435775757,0.018948262557387352,3.1200001103570685e-05,0.22438563406467438,4480000.0,-0.02810695208609104,0.023642877116799355,-0.22429929673671722,0.013468773104250431,-0.005200685001909733,0.3111341893672943,0.30838075280189514,-0.23352006077766418,2.0648281574249268,15025.3779296875,22.70667839050293,106.10904693603516,128.8157196044922,155.2605438232422,4.993277072906494
3.9891607761383057,17.260000228881836,1000.0,224.0,-0.08614707738161087,0.020435962826013565,21.0,1.0030269622802734,1.0030269622802734,1.0030269622802734,0.020554961636662483,2.9999999242136255e-05,0.22315587103366852,4500000.0,-0.04595666751265526,-0.017849715426564217,-0.021329184994101524,0.01750071533024311,0.00403194222599268,0.4782956540584564,0.6619821190834045,0.3536013662815094,2.3088581562042236,15135.123046875,23.097156524658203,86.61647033691406,109.713623046875,182.2927703857422,4.879209041595459
3.6845614910125732,23.3799991607666,1000.0,225.0,-0.0898456946015358,0.020420577377080917,30.0,1.005309820175171,1.005309820175171,1.005309820175171,0.02031775191426277,2.879999919969123e-05,0.22243288159370422,4520000.0,-0.05774063616991043,-0.011783968657255173,0.12041981518268585,0.01553243026137352,-0.0019682850688695908,0.4864896833896637,0.5011023283004761,-0.16087979078292847,2.5579674243927,15282.693359375,24.099082946777344,123.44029998779297,147.5393829345703,135.55702209472656,4.864394187927246
4.024297714233398,32.91999816894531,1000.0,226.0,-0.09954919666051865,0.02000291831791401,34.0,1.007565975189209,1.007565975189209,1.007565975189209,0.019653195515275,2.7599999157246202e-05,0.22031757235527039,4540000.0,-0.05104012042284012,0.0067005157470703125,0.2667905390262604,0.014789175242185593,-0.0007432550191879272,0.4839092791080475,1.0087041854858398,0.5076018571853638,3.122795820236206,15443.0947265625,19.94029426574707,140.4280548095703,160.36834716796875,124.712890625,4.997270584106445
3.494321823120117,31.520000457763672,1000.0,227.0,-0.11509521305561066,0.02030520886182785,30.0,1.000264286994934,1.000264286994934,1.000264286994934,0.01887662708759308,2.6399999114801176e-05,0.21684597432613373,4560000.0,-0.0433972105383873,0.00764290988445282,-0.329226553440094,0.016830483451485634,0.002041308209300041,0.46880948543548584,0.4100259840488434,-0.5986782014369965,2.8733677864074707,15586.9287109375,20.5425968170166,123.25543975830078,143.79803466796875,139.08395385742188,5.1001129150390625
3.9734461307525635,21.6200008392334,1000.0,228.0,-0.1333511471748352,0.02005443163216114,28.0,1.0013352632522583,1.0013352632522583,1.0013352632522583,0.01913401111960411,2.5200000891345553e-05,0.21288467943668365,4580000.0,-0.03615117818117142,0.007246032357215881,-0.0865640863776207,0.02114422433078289,0.0043137408792972565,0.5542368292808533,0.3817442059516907,-0.02828177809715271,3.0209953784942627,15725.783203125,23.3413028717041,115.47819519042969,138.8195037841797,144.0719757080078,5.04705286026001
4.297051429748535,20.65999984741211,1000.0,229.0,-0.14546813070774078,0.020327428355813026,27.0,1.005088210105896,1.005088210105896,1.005088210105896,0.01971205323934555,2.4000000848900527e-05,0.21024884283542633,4600000.0,-0.05489952117204666,-0.018748342990875244,-0.13626211881637573,0.01784767024219036,-0.0032965540885925293,0.5388117432594299,0.4973723888397217,0.115628182888031,2.4030730724334717,15857.267578125,21.966995239257812,109.48196411132812,131.44895935058594,152.1503143310547,4.985491752624512
4.067187309265137,19.100000381469727,1000.0,230.0,-0.16266188025474548,0.020340874791145325,32.0,0.9985381960868835,0.9985381960868835,0.9985381960868835,0.018651574850082397,2.28000008064555e-05,0.20672602951526642,4620000.0,-0.033143624663352966,0.021755896508693695,0.19714626669883728,0.01643778569996357,-0.0014098845422267914,0.4300088882446289,0.2862508296966553,-0.2111215591430664,2.429804801940918,16010.2841796875,21.811141967773438,131.17210388183594,152.98324584960938,130.73326110839844,4.902732849121094
3.695319890975952,20.280000686645508,1000.0,231.0,-0.17702773213386536,0.020061416551470757,31.0,1.003187894821167,1.003187894821167,1.003187894821167,0.019823448732495308,2.1600000764010474e-05,0.20383915305137634,4640000.0,-0.03765472024679184,-0.004511095583438873,0.358089417219162,0.014697047881782055,-0.0017407378181815147,0.4718204736709595,0.48437222838401794,0.19812139868736267,2.424691915512085,16161.3896484375,21.588214874267578,129.47988891601562,151.06910705566406,132.38973999023438,4.838862419128418
3.2842917442321777,14.920000076293945,1000.0,232.0,-0.18947987258434296,0.02055126614868641,30.0,1.0051355361938477,1.0051355361938477,1.0051355361938477,0.02010362409055233,2.0400000721565448e-05,0.20137536525726318,4660000.0,-0.049253467470407486,-0.011598747223615646,-0.061913326382637024,0.017776736989617348,0.003079689107835293,0.48734956979751587,0.4450226426124573,-0.03934958577156067,3.178433656692505,16304.9580078125,19.473735809326172,124.06095886230469,143.53469848632812,139.33912658691406,4.695425033569336
3.8590099811553955,14.460000038146973,1000.0,233.0,-0.20466776192188263,0.020209770649671555,37.0,0.9984183311462402,0.9984183311462402,0.9984183311462402,0.019050082191824913,1.920000067912042e-05,0.1983594000339508,4680000.0,-0.034687988460063934,0.014565479010343552,-0.34080377221107483,0.01724184677004814,-0.0005348902195692062,0.46763211488723755,0.27249884605407715,-0.17252379655838013,2.561152458190918,16478.5703125,20.78711700439453,152.79190063476562,173.5790252685547,115.22129821777344,4.547219753265381
3.969057559967041,16.079999923706055,1000.0,234.0,-0.22096824645996094,0.020548174157738686,39.0,1.004636526107788,1.004636526107788,1.004636526107788,0.019688818603754044,1.8000000636675395e-05,0.19506056606769562,4700000.0,-0.035381119698286057,-0.0006931312382221222,-0.033255405724048615,0.01751161552965641,0.00026976875960826874,0.5104038119316101,0.6351879239082336,0.3626890778541565,2.5697216987609863,16660.84375,21.186969757080078,161.0444793701172,182.2314453125,109.75054168701172,4.425454616546631
4.228187084197998,15.15999984741211,1000.0,235.0,-0.23174776136875153,0.02004416100680828,32.0,1.0024831295013428,1.0024831295013428,1.0024831295013428,0.019088270142674446,1.680000059423037e-05,0.19296595454216003,4720000.0,-0.04222949221730232,-0.006848372519016266,-0.09255656599998474,0.01971999555826187,0.002208380028605461,0.6590675711631775,0.49824172258377075,-0.1369462013244629,2.949195623397827,16812.2578125,19.880510330200195,131.49746704101562,151.3779754638672,132.11961364746094,4.291517734527588
3.9122562408447266,25.059999465942383,1000.0,236.0,-0.23784978687763214,0.017458658665418625,40.0,1.0050339698791504,1.0050339698791504,1.0050339698791504,0.019125528633594513,1.5600000551785342e-05,0.191679447889328,4740000.0,-0.04910135641694069,-0.006871864199638367,-0.13174301385879517,0.01982087828218937,0.00010088272392749786,0.5372902154922485,0.9735574126243591,0.4753156900405884,2.32165789604187,16998.455078125,22.49937629699707,163.6633758544922,186.16275024414062,107.43287658691406,4.307857513427734
3.9073736667633057,39.540000915527344,1000.0,237.0,-0.23464177548885345,0.014619851484894753,40.0,1.008396029472351,1.008396029472351,1.008396029472351,0.017950043082237244,1.4399999599845614e-05,0.19223114848136902,4760000.0,-0.0656772032380104,-0.016575846821069717,-0.353507399559021,0.016391335055232048,-0.003429543226957321,0.5076950192451477,1.0359563827514648,0.06239897012710571,2.6025195121765137,17184.46484375,21.214847564697266,164.75534057617188,185.97019958496094,107.54411315917969,4.540610313415527
3.2258946895599365,39.959999084472656,1000.0,238.0,-0.2352513074874878,0.017066985368728638,40.0,1.0010355710983276,1.0010355710983276,1.0010355710983276,0.017516599968075752,1.3199999557400588e-05,0.19213777780532837,4780000.0,-0.05174088478088379,0.013936318457126617,0.06669166684150696,0.015188666991889477,-0.0012026680633425713,0.4418920874595642,0.509270429611206,-0.5266859531402588,2.480539560317993,17369.064453125,20.45880126953125,164.09791564941406,184.5567169189453,108.36776733398438,4.775295734405518
3.2504031658172607,33.86000061035156,1000.0,239.0,-0.23722980916500092,0.013657371513545513,40.0,1.0061322450637817,1.0061322450637817,1.0061322450637817,0.016590196639299393,1.2000000424450263e-05,0.19177938997745514,4800000.0,-0.044585220515728,0.007155664265155792,0.022495374083518982,0.014556392095983028,-0.0006322748959064484,0.47395893931388855,0.45852985978126526,-0.050740569829940796,2.9652388095855713,17551.833984375,19.83608627319336,162.896240234375,182.73231506347656,109.44971466064453,4.9186811447143555
3.3766469955444336,14.199999809265137,1000.0,240.0,-0.2383115589618683,0.014943724498152733,40.0,1.0008169412612915,1.0008169412612915,1.0008169412612915,0.01648413948714733,1.0800000382005237e-05,0.1916235238313675,4820000.0,-0.04020197317004204,0.004383247345685959,0.4851953387260437,0.01577298529446125,0.001216593198478222,0.4817845821380615,0.41526105999946594,-0.043268799781799316,3.2125134468078613,17736.251953125,20.073726654052734,164.3056182861328,184.3793487548828,108.4720230102539,4.757523059844971
4.148189544677734,19.940000534057617,1000.0,241.0,-0.24346855282783508,0.013022555969655514,40.0,1.00628662109375,1.00628662109375,1.00628662109375,0.01620451733469963,9.60000033956021e-06,0.19067195057868958,4840000.0,-0.04358565807342529,-0.003383684903383255,-0.1590936779975891,0.016362333670258522,0.0005893483757972717,0.5030010938644409,0.37886643409729004,-0.0363946259021759,2.3577988147735596,17918.501953125,19.5364990234375,162.67636108398438,182.21385192871094,109.7611312866211,4.687402725219727
3.892698049545288,19.579999923706055,1000.0,242.0,-0.24767957627773285,0.01466406974941492,40.0,1.002012014389038,1.002012014389038,1.002012014389038,0.01597283035516739,8.400000297115184e-06,0.1898612231016159,4860000.0,-0.029869522899389267,0.013716135174036026,0.16110950708389282,0.014140868559479713,-0.0022214651107788086,0.40845033526420593,0.4266270697116852,0.04776063561439514,2.009310722351074,18101.46875,19.98194122314453,162.94732666015625,182.9292755126953,109.33187103271484,4.615358352661133
3.27639102935791,17.639999389648438,1000.0,243.0,-0.25532564520835876,0.011234481818974018,40.0,1.0001331567764282,1.0001331567764282,1.0001331567764282,0.014913590624928474,7.199999799922807e-06,0.18843340873718262,4880000.0,-0.02509073168039322,0.004778791218996048,-0.011932439170777798,0.014501241035759449,0.00036037247627973557,0.3811085820198059,0.23124244809150696,-0.19538462162017822,1.9295042753219604,18283.69140625,20.509912490844727,161.6729736328125,182.18287658691406,109.77980041503906,4.514366149902344
3.197831392288208,18.459999084472656,1000.0,244.0,-0.26054465770721436,0.01067927572876215,40.0,1.005622386932373,1.005622386932373,1.005622386932373,0.014642187394201756,6.000000212225132e-06,0.187482550740242,4900000.0,-0.0383153036236763,-0.013224571943283081,-0.008652359247207642,0.015387304127216339,0.0008860630914568901,0.4790576696395874,0.2640162408351898,0.03277379274368286,2.1143956184387207,18468.423828125,21.659870147705078,163.03353881835938,184.6934051513672,108.28756713867188,4.4266438484191895
3.493516206741333,19.579999923706055,1000.0,245.0,-0.2634269893169403,0.01041546743363142,40.0,0.9998700022697449,0.9998700022697449,0.9998700022697449,0.013751452788710594,4.800000169780105e-06,0.1869499236345291,4920000.0,-0.023681985214352608,0.014633318409323692,0.13722974061965942,0.016061777248978615,0.0006744731217622757,0.4978180527687073,0.24602723121643066,-0.017989009618759155,2.498100996017456,18651.6796875,20.128551483154297,163.0904998779297,183.21905517578125,109.15895080566406,4.3578572273254395
3.649411678314209,20.780000686645508,1000.0,246.0,-0.26822876930236816,0.008939112536609173,40.0,1.0,1.0,1.0,0.012973691336810589,3.5999998999614036e-06,0.18605558574199677,4940000.0,-0.020588800311088562,0.0030931849032640457,0.09811483323574066,0.01435322966426611,-0.0017085475847125053,0.45131903886795044,0.20615257322788239,-0.03987465798854828,2.229572296142578,18836.490234375,22.243715286254883,162.52528381347656,184.7689971923828,108.24327087402344,4.303450107574463
3.1680915355682373,12.319999694824219,1000.0,247.0,-0.27188828587532043,0.006888842675834894,40.0,1.0015372037887573,1.0015372037887573,1.0015372037887573,0.01191003993153572,2.4000000848900527e-06,0.18537235260009766,4960000.0,-0.01956932619214058,0.0010194741189479828,0.09232029318809509,0.017134463414549828,0.002781233750283718,0.5369390845298767,0.2496401071548462,0.043487533926963806,2.0673747062683105,19020.126953125,21.44234848022461,162.1573486328125,183.5996856689453,108.93264770507812,4.119694709777832
3.0318996906280518,11.979999542236328,1000.0,248.0,-0.27264678478240967,0.005622528027743101,40.0,1.001400351524353,1.001400351524353,1.001400351524353,0.010660579428076744,1.2000000424450263e-06,0.18524199724197388,4980000.0,-0.01728498749434948,0.0022843386977910995,-0.37618309259414673,0.016972482204437256,-0.00016198121011257172,0.42177852988243103,0.21822784841060638,-0.03141225874423981,1.6203399896621704,19199.248046875,19.814537048339844,159.2682647705078,179.08279418945312,111.68018341064453,3.9388856887817383
3.2210569381713867,11.65999984741211,1000.0,249.0,-0.27209293842315674,0.00317341648042202,40.0,1.0003546476364136,1.0003546476364136,1.0003546476364136,0.007707423996180296,0.0,0.18536213040351868,5000000.0,-0.010481125675141811,0.006803861819207668,-0.00799926370382309,0.015198859386146069,-0.0017736228182911873,0.4047498404979706,0.17856180667877197,-0.03966604173183441,1.5251094102859497,19378.12109375,19.967056274414062,158.87139892578125,178.8384552001953,111.83277130126953,3.755807399749756
