Metrics/EpRet,Metrics/EpCost,Metrics/EpLen,Train/Epoch,Train/Entropy,Train/KL,Train/StopIter,Train/PolicyRatio,Train/PolicyRatio/Min,Train/PolicyRatio/Max,Train/PolicyRatio/Std,Train/LR,Train/PolicyStd,TotalEnvSteps,Loss/Loss_pi,Loss/Loss_pi/Delta,Value/Adv,Loss/Loss_reward_critic,Loss/Loss_reward_critic/Delta,Value/reward,Loss/Loss_cost_critic,Loss/Loss_cost_critic/Delta,Value/cost,Time/Total,Time/Rollout,Time/Update,Time/Epoch,Time/FPS,Metrics/LagrangeMultiplier
-0.4229978024959564,32.5625,1000.0,0.0,1.4052016735076904,0.01385453063994646,40.0,0.9998700618743896,0.9998700618743896,0.9998700618743896,0.018028507009148598,0.00029880000511184335,0.9863615036010742,20000.0,-0.01319821272045374,-0.01319821272045374,-0.04562858119606972,0.005850754678249359,0.005850754678249359,-0.08607867360115051,0.5551205277442932,0.5551205277442932,0.0624195858836174,203.341064453125,45.5573616027832,157.78269958496094,203.34005737304688,98.3573989868164,0.13071875274181366
0.5805901885032654,39.5,1000.0,1.0,1.4013772010803223,0.017729807645082474,40.0,0.9985864758491516,0.9985864758491516,0.9985864758491516,0.020472584292292595,0.0002975999959744513,0.9826265573501587,40000.0,-0.018229179084300995,-0.005030966363847256,0.02069048583507538,0.007453212980180979,0.0016024583019316196,-0.08106479793787003,0.7261629700660706,0.17104244232177734,0.8126769065856934,401.5121154785156,39.6849250793457,158.44703674316406,198.1319580078125,100.94282531738281,0.36526405811309814
0.9645488262176514,45.625,1000.0,2.0,1.3820849657058716,0.020621562376618385,37.0,1.0017619132995605,1.0017619132995605,1.0017619132995605,0.020029699429869652,0.00029639998683705926,0.9638868570327759,60000.0,-0.029048221185803413,-0.010819042101502419,-0.17382732033729553,0.009019901044666767,0.0015666880644857883,-0.012503856793045998,0.7688061594963074,0.042643189430236816,1.3030959367752075,589.9595947265625,40.0390510559082,148.36477661132812,188.40382385253906,106.15496063232422,0.6902695894241333
1.7719268798828125,71.31999969482422,1000.0,3.0,1.3724124431610107,0.02101895585656166,34.0,1.002694010734558,1.002694010734558,1.002694010734558,0.020406799390912056,0.00029520000680349767,0.9545844197273254,80000.0,-0.06212247908115387,-0.033074257895350456,0.033059604465961456,0.008755775168538094,-0.00026412587612867355,0.04542985558509827,1.1382300853729248,0.36942392587661743,1.851454496383667,766.7623901367188,39.72418975830078,137.02162170410156,176.74581909179688,113.15685272216797,1.4076098203659058
2.857605218887329,79.30000305175781,1000.0,4.0,1.3590514659881592,0.02082444541156292,24.0,1.002465844154358,1.002465844154358,1.002465844154358,0.02094581164419651,0.00029399999766610563,0.9419478178024292,100000.0,-0.06518193334341049,-0.0030594542622566223,0.027727756649255753,0.016489451751112938,0.007733676582574844,0.12919704616069794,1.3518189191818237,0.21358883380889893,3.8654704093933105,899.4752197265625,32.783470153808594,99.8929214477539,132.6763916015625,150.7427215576172,2.2359330654144287
3.3867504596710205,86.0,1000.0,5.0,1.3560019731521606,0.020585794001817703,18.0,0.9995452761650085,0.9995452761650085,0.9995452761650085,0.020558739081025124,0.0002927999885287136,0.9390403032302856,120000.0,-0.06402947008609772,0.0011524632573127747,-0.08831028640270233,0.017589347437024117,0.0010998956859111786,0.1370723396539688,1.5914185047149658,0.2395995855331421,3.8799188137054443,1010.4358520507812,37.32499694824219,73.59086608886719,110.91586303710938,180.3168487548828,3.1538403034210205
3.8086767196655273,69.72000122070312,1000.0,6.0,1.346326231956482,0.02050352655351162,18.0,1.0025097131729126,1.0025097131729126,1.0025097131729126,0.02062137797474861,0.000291600008495152,0.9299978613853455,140000.0,-0.06016373634338379,0.0038657337427139282,0.14814849197864532,0.012442543171346188,-0.005146804265677929,0.17885665595531464,1.3130595684051514,-0.27835893630981445,3.9874582290649414,1120.6849365234375,35.49909591674805,74.7214584350586,110.2205581665039,181.45436096191406,3.8040120601654053
2.9943060874938965,67.27999877929688,1000.0,7.0,1.336356282234192,0.021043453365564346,18.0,0.9997900128364563,0.9997900128364563,0.9997900128364563,0.02036045491695404,0.00029039999935775995,0.9207836985588074,160000.0,-0.051504697650671005,0.008659038692712784,-0.09053941816091537,0.011150628328323364,-0.0012919148430228233,0.14272406697273254,1.1870731115341187,-0.12598645687103271,3.5585079193115234,1233.7294921875,38.5556640625,74.46044158935547,113.01610565185547,176.96592712402344,4.406215190887451
2.589956760406494,57.31999969482422,1000.0,8.0,1.3319121599197388,0.021462539210915565,18.0,1.0017439126968384,1.0017439126968384,1.0017439126968384,0.02188173495233059,0.0002891999902203679,0.9167355895042419,180000.0,-0.06265705823898315,-0.011152360588312149,-0.298773854970932,0.012121551670134068,0.0009709233418107033,0.1957515925168991,1.2509454488754272,0.0638723373413086,3.892961263656616,1348.4510498046875,38.51223373413086,76.18119812011719,114.69343566894531,174.37789916992188,4.845067977905273
2.2790281772613525,56.15999984741211,1000.0,9.0,1.3298656940460205,0.0201842300593853,11.0,0.9995154142379761,0.9995154142379761,0.9995154142379761,0.020591042935848236,0.0002880000101868063,0.9148422479629517,200000.0,-0.0528213232755661,0.009835734963417053,0.1736607700586319,0.013345330953598022,0.001223779283463955,0.2367086410522461,1.5765804052352905,0.3256349563598633,4.335258483886719,1432.9913330078125,39.389137268066406,45.12348556518555,84.51261901855469,236.65103149414062,5.260158538818359
1.8630242347717285,59.7400016784668,1000.0,10.0,1.319034218788147,0.02070504240691662,12.0,1.0014631748199463,1.0014631748199463,1.0014631748199463,0.019601715728640556,0.0002868000010494143,0.9049879312515259,220000.0,-0.04562569037079811,0.00719563290476799,0.04083678871393204,0.013476607389748096,0.000131276436150074,0.21415026485919952,1.2865628004074097,-0.29001760482788086,4.830056190490723,1521.924560546875,38.658302307128906,50.24884033203125,88.90714263916016,224.9538116455078,5.709282875061035
1.6857539415359497,57.41999816894531,1000.0,11.0,1.3114521503448486,0.02014571614563465,15.0,1.0004467964172363,1.0004467964172363,1.0004467964172363,0.01976586878299713,0.00028559999191202223,0.8982290029525757,240000.0,-0.053967252373695374,-0.008341562002897263,0.1644546389579773,0.010467899963259697,-0.0030087074264883995,0.2061009705066681,1.0607844591140747,-0.22577834129333496,4.605781555175781,1624.3492431640625,38.71680450439453,63.68233108520508,102.39913177490234,195.31414794921875,6.113892555236816
0.9719894528388977,58.68000030517578,1000.0,12.0,1.3046351671218872,0.021748319268226624,16.0,1.0028750896453857,1.0028750896453857,1.0028750896453857,0.021164944395422935,0.00028440001187846065,0.8924238681793213,260000.0,-0.05456744506955147,-0.0006001926958560944,-0.13103988766670227,0.0114680714905262,0.0010001715272665024,0.11492180079221725,0.9111878871917725,-0.14959657192230225,3.9635379314422607,1731.5560302734375,39.32039260864258,67.85905456542969,107.179443359375,186.60293579101562,6.530949115753174
0.7042280435562134,49.439998626708984,1000.0,13.0,1.3004833459854126,0.020893137902021408,16.0,1.00227689743042,1.00227689743042,1.00227689743042,0.0214963648468256,0.0002832000027410686,0.8886508345603943,280000.0,-0.05839574709534645,-0.003828302025794983,-0.06153320148587227,0.01346405316144228,0.0019959816709160805,0.23991528153419495,0.9359316825866699,0.02474379539489746,4.203149795532227,1837.3170166015625,37.251739501953125,68.48326873779297,105.7350082397461,189.152099609375,6.787925720214844
0.861602783203125,51.63999938964844,1000.0,14.0,1.2931182384490967,0.020844101905822754,14.0,1.0029511451721191,1.0029511451721191,1.0029511451721191,0.021646959707140923,0.00028199999360367656,0.8821558356285095,300000.0,-0.05380544066429138,0.004590306431055069,0.1423022449016571,0.013987005688250065,0.000522952526807785,0.24070307612419128,1.1189571619033813,0.18302547931671143,4.897938251495361,1934.0750732421875,36.38029861450195,60.35260009765625,96.73289489746094,206.75489807128906,7.074382781982422
0.9477367997169495,55.18000030517578,1000.0,15.0,1.2998032569885254,0.020941369235515594,13.0,1.0000640153884888,1.0000640153884888,1.0000640153884888,0.020563598722219467,0.00028080001357011497,0.8880060315132141,320000.0,-0.06583672016859055,-0.012031279504299164,-0.18599167466163635,0.011274983175098896,-0.002712022513151169,0.14861111342906952,1.3554097414016724,0.23645257949829102,3.380347967147827,2026.09423828125,36.033626556396484,55.95926284790039,91.99288940429688,217.40811157226562,7.411357402801514
0.44169116020202637,53.880001068115234,1000.0,16.0,1.2891281843185425,0.021660251542925835,17.0,0.9989273548126221,0.9989273548126221,0.9989273548126221,0.020941685885190964,0.0002796000044327229,0.8787234425544739,340000.0,-0.05050945281982422,0.015327267348766327,0.08719909936189651,0.007610384840518236,-0.00366459833458066,0.09308794140815735,0.6798757314682007,-0.6755340099334717,3.8684308528900146,2137.626953125,36.771732330322266,74.73643493652344,111.50816345214844,179.35906982421875,7.73456335067749
-0.029241861775517464,43.279998779296875,1000.0,17.0,1.2804960012435913,0.020901862531900406,13.0,1.0019086599349976,1.0019086599349976,1.0019086599349976,0.02115982584655285,0.0002783999952953309,0.8710988163948059,360000.0,-0.04379980266094208,0.006709650158882141,-0.21486148238182068,0.00942134764045477,0.001810962799936533,0.11525370925664902,0.6620823740959167,-0.017793357372283936,4.599730014801025,2231.73193359375,38.591861724853516,55.48316192626953,94.07502746582031,212.59628295898438,7.892969131469727
0.029858531430363655,37.41999816894531,1000.0,18.0,1.2672357559204102,0.02056814730167389,10.0,0.9991470575332642,0.9991470575332642,0.9991470575332642,0.020785486325621605,0.00027719998615793884,0.8596770763397217,380000.0,-0.049097850918769836,-0.005298048257827759,0.0556950606405735,0.012073355726897717,0.0026520080864429474,0.10055970400571823,1.1850700378417969,0.5229876637458801,4.032889366149902,2312.095458984375,37.889461517333984,42.43550491333008,80.32496643066406,248.98858642578125,7.966744422912598
0.1352796107530594,35.79999923706055,1000.0,19.0,1.2574265003204346,0.02039288356900215,11.0,1.0019996166229248,1.0019996166229248,1.0019996166229248,0.01985352300107479,0.00027600000612437725,0.8512613773345947,400000.0,-0.03973568603396416,0.00936216488480568,-0.010363159701228142,0.012748177163302898,0.0006748214364051819,0.06015932187438011,0.984925389289856,-0.20014464855194092,4.295957565307617,2400.765380859375,39.56532287597656,49.071311950683594,88.63663482666016,225.6403350830078,8.018510818481445
0.20890407264232635,34.36000061035156,1000.0,20.0,1.2476898431777954,0.02087230235338211,13.0,1.0002723932266235,1.0002723932266235,1.0002723932266235,0.021687138825654984,0.0002747999969869852,0.8429728150367737,420000.0,-0.037554822862148285,0.002180863171815872,-0.06605052947998047,0.009964806027710438,-0.0027833711355924606,0.07162719964981079,0.9448569416999817,-0.04006844758987427,4.367593288421631,2497.425537109375,39.95481872558594,56.6640625,96.61888122558594,206.99887084960938,8.048978805541992
-0.04825391620397568,26.799999237060547,1000.0,21.0,1.239946722984314,0.021293070167303085,11.0,1.0012449026107788,1.0012449026107788,1.0012449026107788,0.02174702286720276,0.00027359998784959316,0.836300790309906,440000.0,-0.03523427993059158,0.0023205429315567017,0.3977664113044739,0.01020011492073536,0.00023530889302492142,0.011615363880991936,0.6960570216178894,-0.24879992008209229,2.9484760761260986,2581.255859375,35.83286666870117,47.971221923828125,83.80409240722656,238.65184020996094,7.966583728790283
-0.15003477036952972,22.3799991607666,1000.0,22.0,1.227673053741455,0.02019968070089817,12.0,1.0005079507827759,1.0005079507827759,1.0005079507827759,0.020709753036499023,0.0002724000078160316,0.8261890411376953,460000.0,-0.033747319132089615,0.0014869607985019684,0.06591592729091644,0.007021072320640087,-0.003179042600095272,0.04336551949381828,0.6269477009773254,-0.06910932064056396,3.3236823081970215,2670.896240234375,37.268959045410156,52.34684753417969,89.61580657958984,223.17491149902344,7.820068359375
-0.23360510170459747,33.15999984741211,1000.0,23.0,1.2228467464447021,0.02026509679853916,12.0,1.0006505250930786,1.0006505250930786,1.0006505250930786,0.022101102396845818,0.00027119999867863953,0.8223479986190796,480000.0,-0.052950821816921234,-0.01920350268483162,-0.2542532980442047,0.007344748824834824,0.0003236765041947365,0.02052449807524681,0.9524796009063721,0.32553189992904663,3.1814160346984863,2761.58642578125,38.238426208496094,52.426422119140625,90.66484832763672,220.5926513671875,7.851278781890869
-0.3508087992668152,28.979999542236328,1000.0,24.0,1.209499716758728,0.02081482857465744,11.0,0.9994978308677673,0.9994978308677673,0.9994978308677673,0.020051108673214912,0.0002699999895412475,0.8115221858024597,500000.0,-0.03589405491948128,0.017056766897439957,0.23468780517578125,0.007687997072935104,0.00034324824810028076,-0.025893570855259895,0.670371949672699,-0.2821076512336731,3.0474469661712646,2847.613525390625,38.31230545043945,47.68971633911133,86.00202178955078,232.55267333984375,7.819118499755859
-0.27333930134773254,25.639999389648438,1000.0,25.0,1.19331693649292,0.020592445507645607,11.0,0.9983130693435669,0.9983130693435669,0.9983130693435669,0.021274253726005554,0.0002688000095076859,0.7984740734100342,520000.0,-0.0282795038074255,0.0076145511120557785,0.0930342972278595,0.007658521644771099,-2.947542816400528e-05,0.07278181612491608,0.6174883246421814,-0.05288362503051758,4.030764102935791,2934.52197265625,40.069026947021484,46.808963775634766,86.87899017333984,230.20526123046875,7.737016201019287
-0.3104657828807831,24.260000228881836,1000.0,26.0,1.1884129047393799,0.02291240356862545,12.0,1.0031770467758179,1.0031770467758179,1.0031770467758179,0.02328941412270069,0.00026760000037029386,0.7945089936256409,540000.0,-0.05461859703063965,-0.02633909322321415,0.07336928695440292,0.007692443672567606,3.392202779650688e-05,0.01317235454916954,0.9666324257850647,0.3491441011428833,3.0603220462799072,3026.423828125,40.53068161010742,51.34764862060547,91.87832641601562,217.67918395996094,7.651978969573975
-0.1499168425798416,18.540000915527344,1000.0,27.0,1.1706699132919312,0.02001827396452427,13.0,1.000612497329712,1.000612497329712,1.000612497329712,0.019921839237213135,0.0002663999912329018,0.7803729772567749,560000.0,-0.0299699530005455,0.024648644030094147,-0.07213186472654343,0.0075088124722242355,-0.00018363120034337044,0.034105513244867325,0.5129490494728088,-0.45368337631225586,3.7454891204833984,3123.154541015625,38.50477600097656,58.202239990234375,96.70701599121094,206.8102264404297,7.486454010009766
-0.12511587142944336,32.84000015258789,1000.0,28.0,1.1586604118347168,0.022617464885115623,1.0,1.002171277999878,1.002171277999878,1.002171277999878,0.025712376460433006,0.0002652000111993402,0.7709579467773438,580000.0,0.04659794270992279,0.07656789571046829,-0.06968532502651215,0.010568645782768726,0.003059833310544491,0.030498424544930458,3.4542477130889893,2.9412986636161804,4.063004493713379,3164.393310546875,37.02023696899414,4.193395614624023,41.21363067626953,485.2763366699219,7.540474891662598
0.024337710812687874,27.520000457763672,1000.0,29.0,1.1522170305252075,0.022848809137940407,12.0,1.0005362033843994,1.0005362033843994,1.0005362033843994,0.020791882649064064,0.0002640000020619482,0.7659696936607361,600000.0,-0.03835806995630264,-0.08495601266622543,0.056140556931495667,0.010198612697422504,-0.0003700330853462219,0.036801308393478394,0.8622506260871887,-2.5919970870018005,3.930293083190918,3258.091064453125,41.263614654541016,52.415103912353516,93.67871856689453,213.4956512451172,7.5159149169921875
0.04276439547538757,35.13999938964844,1000.0,30.0,1.1511976718902588,0.02255929261445999,9.0,1.0006674528121948,1.0006674528121948,1.0006674528121948,0.02181425504386425,0.00026279999292455614,0.7652073502540588,620000.0,-0.03460313007235527,0.0037549398839473724,-0.019405659288167953,0.008684207685291767,-0.0015144050121307373,0.017199426889419556,0.8189190626144409,-0.0433315634727478,3.4137980937957764,3336.27392578125,39.850250244140625,38.30572509765625,78.15597534179688,255.89854431152344,7.608142852783203
-0.16620872914791107,32.84000015258789,1000.0,31.0,1.1513220071792603,0.02307385392487049,10.0,1.0024151802062988,1.0024151802062988,1.0024151802062988,0.021494746208190918,0.00026160001289099455,0.765257716178894,640000.0,-0.03848017379641533,-0.0038770437240600586,-0.17504405975341797,0.010666659101843834,0.001982451416552067,-0.0010350883239880204,0.6958733201026917,-0.12304574251174927,3.196667432785034,3419.332763671875,39.39558792114258,43.63763427734375,83.0332260131836,240.867431640625,7.666329383850098
-0.11745919287204742,29.360000610351562,1000.0,32.0,1.1489664316177368,0.022040149196982384,7.0,0.9989892244338989,0.9989892244338989,0.9989892244338989,0.020010532811284065,0.0002604000037536025,0.7634801268577576,660000.0,-0.02613385207951069,0.01234632171690464,0.041938938200473785,0.008820976130664349,-0.0018456829711794853,0.018822042271494865,0.6597561836242676,-0.03611713647842407,2.4565374851226807,3488.954345703125,39.32633590698242,30.2700138092041,69.59635162353516,287.37139892578125,7.6733269691467285
0.05583891272544861,26.959999084472656,1000.0,33.0,1.134661078453064,0.02086670696735382,11.0,1.0002487897872925,1.0002487897872925,1.0002487897872925,0.021237149834632874,0.00025919999461621046,0.7527375221252441,680000.0,-0.0252734012901783,0.0008604507893323898,-0.3312605023384094,0.008510030806064606,-0.0003109453245997429,0.022355353459715843,0.5447840094566345,-0.11497217416763306,2.188750982284546,3576.983154296875,38.378562927246094,49.62713623046875,88.00569915771484,227.25799560546875,7.646154403686523
0.22191862761974335,21.780000686645508,1000.0,34.0,1.1304070949554443,0.02094438299536705,9.0,1.000357747077942,1.000357747077942,1.000357747077942,0.022363826632499695,0.0002579999854788184,0.7496154308319092,700000.0,-0.032453183084726334,-0.007179781794548035,-0.029114320874214172,0.008230282925069332,-0.0002797478809952736,0.03443000465631485,0.747714102268219,0.20293009281158447,4.353438377380371,3654.9560546875,39.04822540283203,38.89960479736328,77.94783020019531,256.5818786621094,7.5436201095581055
0.027495961636304855,20.100000381469727,1000.0,35.0,1.1115834712982178,0.022120216861367226,8.0,1.0016810894012451,1.0016810894012451,1.0016810894012451,0.019504792988300323,0.00025680000544525683,0.7355693578720093,720000.0,-0.02316109649837017,0.009292086586356163,0.25853970646858215,0.010175004601478577,0.0019447216764092445,0.023581821471452713,0.6440761089324951,-0.10363799333572388,2.1494815349578857,3729.535888671875,38.84657287597656,35.70961380004883,74.55619049072266,268.2540588378906,7.419403076171875
0.1024320051074028,21.360000610351562,1000.0,36.0,1.101224422454834,0.021661415696144104,8.0,1.0028090476989746,1.0028090476989746,1.0028090476989746,0.02233336865901947,0.0002555999963078648,0.7278954982757568,740000.0,-0.028064679354429245,-0.004903582856059074,-0.16325001418590546,0.011267145164310932,0.0010921405628323555,0.026828454807400703,1.0410386323928833,0.3969625234603882,2.812723398208618,3804.279296875,39.99208068847656,34.70662307739258,74.69869995117188,267.7422790527344,7.317846775054932
-0.17668430507183075,16.3799991607666,1000.0,37.0,1.0917876958847046,0.022944217547774315,11.0,1.0018718242645264,1.0018718242645264,1.0018718242645264,0.020784905180335045,0.00025439998717047274,0.7210280895233154,760000.0,-0.026623591780662537,0.0014410875737667084,0.05064046382904053,0.0077489945106208324,-0.0035181506536900997,-0.00020020232477691025,0.5200563073158264,-0.5209823250770569,2.274125099182129,3891.80078125,39.588470458984375,47.90991973876953,87.4983901977539,228.5756378173828,7.144847869873047
-0.1543554961681366,19.940000534057617,1000.0,38.0,1.0858393907546997,0.02266484498977661,8.0,1.0010205507278442,1.0010205507278442,1.0010205507278442,0.021889740601181984,0.00025320000713691115,0.7167467474937439,780000.0,-0.02712424285709858,-0.0005006510764360428,-0.08808019757270813,0.008347881026566029,0.0005988865159451962,0.03125440329313278,0.6915870904922485,0.17153078317642212,2.1421167850494385,3965.3134765625,38.81501388549805,34.657283782958984,73.47229766845703,272.21142578125,7.029589653015137
-0.4425150156021118,18.899999618530273,1000.0,39.0,1.0744590759277344,0.020625591278076172,8.0,1.0003942251205444,1.0003942251205444,1.0003942251205444,0.02159360609948635,0.0002519999979995191,0.7086986303329468,800000.0,-0.0292655099183321,-0.0021412670612335205,0.28421545028686523,0.008678480051457882,0.00033059902489185333,-0.023077718913555145,0.8318338394165039,0.14024674892425537,3.853822946548462,4040.99072265625,41.17693328857422,34.475337982177734,75.65226745605469,264.3674621582031,6.901963710784912
-0.14637155830860138,21.15999984741211,1000.0,40.0,1.0686031579971313,0.021007869392633438,7.0,0.9986380934715271,0.9986380934715271,0.9986380934715271,0.020333223044872284,0.00025079998886212707,0.7046262621879578,820000.0,-0.028733139857649803,0.0005323700606822968,-0.13800589740276337,0.008748963475227356,7.048342376947403e-05,-0.01867223158478737,0.7677488327026367,-0.06408500671386719,3.043534994125366,4113.384765625,39.68920135498047,32.67988204956055,72.36908721923828,276.3611145019531,6.8115692138671875
-0.056420162320137024,23.1200008392334,1000.0,41.0,1.062461495399475,0.02069157548248768,7.0,0.9997140765190125,0.9997140765190125,0.9997140765190125,0.021016210317611694,0.0002496000088285655,0.700359582901001,840000.0,-0.025151124224066734,0.003582015633583069,0.006318198516964912,0.007165952119976282,-0.0015830113552510738,0.02424146607518196,0.7333638668060303,-0.034384965896606445,2.5020787715911865,4184.28955078125,39.7517204284668,31.121828079223633,70.87355041503906,282.1927185058594,6.753174781799316
-0.32777321338653564,25.299999237060547,1000.0,42.0,1.0622986555099487,0.021511368453502655,9.0,1.0033191442489624,1.0033191442489624,1.0033191442489624,0.023450583219528198,0.00024839999969117343,0.7001529335975647,860000.0,-0.031124386936426163,-0.005973262712359428,0.1395704597234726,0.006817159242928028,-0.000348792877048254,-0.005815205164253712,0.8289013504981995,0.09553748369216919,2.234489917755127,4263.212890625,39.40238952636719,39.4976921081543,78.90008544921875,253.4851531982422,6.729459762573242
-0.3616970181465149,35.560001373291016,1000.0,43.0,1.0578535795211792,0.020530857145786285,12.0,1.0051631927490234,1.0051631927490234,1.0051631927490234,0.020976271480321884,0.0002471999905537814,0.6969819664955139,880000.0,-0.03315086290240288,-0.002026475965976715,0.285549521446228,0.008526734076440334,0.0017095748335123062,-0.037927113473415375,0.6169565916061401,-0.21194475889205933,2.4787509441375732,4357.38134765625,41.544952392578125,52.598350524902344,94.14429473876953,212.43984985351562,6.86098051071167
-0.15315473079681396,44.099998474121094,1000.0,44.0,1.050107717514038,0.020637620240449905,7.0,1.0009002685546875,1.0009002685546875,1.0009002685546875,0.022465290501713753,0.0002460000105202198,0.6915581226348877,900000.0,-0.034191589802503586,-0.001040726900100708,-0.16267672181129456,0.010295843705534935,0.0017691096290946007,-0.01734364777803421,1.251939058303833,0.6349824666976929,3.2755908966064453,4426.45751953125,39.45750045776367,29.593605041503906,69.05110931396484,289.6405334472656,7.11930513381958
0.1696174293756485,37.2400016784668,1000.0,45.0,1.0402404069900513,0.02089175209403038,11.0,0.9998422861099243,0.9998422861099243,0.9998422861099243,0.020725924521684647,0.00024480000138282776,0.6847806572914124,920000.0,-0.03697211667895317,-0.002780526876449585,-0.19089198112487793,0.009236529469490051,-0.0010593142360448837,0.028087038546800613,0.6129940748214722,-0.6389449834823608,3.4044058322906494,4515.5625,41.85948181152344,47.22193145751953,89.08141326904297,224.5137176513672,7.271363735198975
0.32496529817581177,28.5,1000.0,46.0,1.0376923084259033,0.029680753126740456,1.0,0.9994292259216309,0.9994292259216309,0.9994292259216309,0.0212835855782032,0.00024360000679735094,0.683021605014801,940000.0,0.014760157093405724,0.051732273772358894,0.21781255304813385,0.015082812868058681,0.00584628339856863,0.007570144720375538,1.8616210222244263,1.248626947402954,2.2296578884124756,4559.55126953125,39.790653228759766,4.173011779785156,43.96366500854492,454.9211120605469,7.290839195251465
0.035608042031526566,17.260000228881836,1000.0,47.0,1.0362122058868408,0.022327296435832977,11.0,1.001073956489563,1.001073956489563,1.001073956489563,0.020808709785342216,0.0002423999976599589,0.682016134262085,960000.0,-0.023415757343173027,-0.03817591443657875,-0.2168276607990265,0.008221915923058987,-0.006860896944999695,0.043557506054639816,0.4387412965297699,-1.4228797256946564,1.596028208732605,4646.25,38.476890563964844,48.20134735107422,86.67823791503906,230.73841857910156,7.142490863800049
-0.29583996534347534,15.819999694824219,1000.0,48.0,1.0302320718765259,0.02625630423426628,8.0,1.0015568733215332,1.0015568733215332,1.0015568733215332,0.022756552323698997,0.00024120000307448208,0.6779443621635437,980000.0,-0.020308755338191986,0.003107002004981041,0.16501560807228088,0.008124027401208878,-9.78885218501091e-05,-0.010435418225824833,0.4842769205570221,0.0455356240272522,1.3680847883224487,4723.3349609375,42.908260345458984,34.15021514892578,77.0584716796875,259.54315185546875,6.976089954376221
-0.17519019544124603,13.180000305175781,1000.0,49.0,1.0216790437698364,0.020338239148259163,10.0,1.0008182525634766,1.0008182525634766,1.0008182525634766,0.02146204560995102,0.00023999999393709004,0.6721731424331665,1000000.0,-0.02213895693421364,-0.0018302015960216522,-0.16820749640464783,0.009369993582367897,0.0012459661811590195,0.011638774536550045,0.4142233431339264,-0.0700535774230957,1.8528835773468018,4807.52734375,41.402687072753906,42.76579666137695,84.1684799194336,237.61863708496094,6.773819446563721
-0.1199016273021698,16.65999984741211,1000.0,50.0,1.0137014389038086,0.021556109189987183,8.0,1.0006158351898193,1.0006158351898193,1.0006158351898193,0.022407984361052513,0.00023879999935161322,0.6668296456336975,1020000.0,-0.025623757392168045,-0.0034848004579544067,0.12337164580821991,0.008330654352903366,-0.001039339229464531,0.032795075327157974,0.5755367875099182,0.16131344437599182,2.0023953914642334,4882.84521484375,41.10879135131836,34.18594741821289,75.29473876953125,265.622802734375,6.6279520988464355
-0.016560817137360573,13.680000305175781,1000.0,51.0,1.0071269273757935,0.022999444976449013,11.0,1.0001689195632935,1.0001689195632935,1.0001689195632935,0.021577870473265648,0.0002376000047661364,0.6624690890312195,1040000.0,-0.02822314389050007,-0.0025993864983320236,0.31235864758491516,0.008129507303237915,-0.00020114704966545105,0.005293029360473156,0.4282461702823639,-0.14729061722755432,1.7217426300048828,4970.07470703125,39.77061080932617,47.4159049987793,87.18651580810547,229.3932647705078,6.4405083656311035
0.24785403907299042,18.280000686645508,1000.0,52.0,1.007723331451416,0.02138296142220497,5.0,0.9992286562919617,0.9992286562919617,0.9992286562919617,0.023455720394849777,0.00023639999562874436,0.662850558757782,1060000.0,-0.017923768609762192,0.010299375280737877,0.1418653428554535,0.01007996778935194,0.0019504604861140251,0.004510316997766495,0.979624330997467,0.5513781607151031,2.0558342933654785,5031.9130859375,40.622962951660156,21.190298080444336,61.81325912475586,323.55517578125,6.32577657699585
0.3660286068916321,18.399999618530273,1000.0,53.0,1.0010790824890137,0.02179979905486107,11.0,0.9994159936904907,0.9994159936904907,0.9994159936904907,0.020975999534130096,0.00023520000104326755,0.6584663391113281,1080000.0,-0.028064990416169167,-0.010141221806406975,0.20903435349464417,0.00909445807337761,-0.000985509715974331,0.013037784025073051,0.43635237216949463,-0.5432719588279724,2.0516555309295654,5119.36962890625,39.19976806640625,48.22566223144531,87.42543029785156,228.76638793945312,6.215221405029297
0.4706934988498688,20.84000015258789,1000.0,54.0,0.984550416469574,0.022313928231596947,7.0,0.9996520280838013,0.9996520280838013,0.9996520280838013,0.022955067455768585,0.00023400000645779073,0.6476661562919617,1100000.0,-0.02372841164469719,0.004336578771471977,-0.06277903914451599,0.009125995449721813,3.153737634420395e-05,0.06653507798910141,0.5057530999183655,0.06940072774887085,2.004502058029175,5190.23583984375,39.66650390625,31.174545288085938,70.84104919433594,282.3221740722656,6.143494129180908
0.3162248134613037,17.399999618530273,1000.0,55.0,0.9732539653778076,0.02040206827223301,6.0,1.0006470680236816,1.0006470680236816,1.0006470680236816,0.02298092469573021,0.0002327999973203987,0.640390157699585,1120000.0,-0.016738161444664,0.006990250200033188,0.023489609360694885,0.008453547023236752,-0.0006724484264850616,0.02775564230978489,0.5637968182563782,0.058043718338012695,1.846855640411377,5254.39697265625,37.66523742675781,26.473962783813477,64.13919830322266,311.8218078613281,6.021673202514648
0.03517555445432663,16.040000915527344,1000.0,56.0,0.9692820310592651,0.027995551005005836,1.0,0.9998753666877747,0.9998753666877747,0.9998753666877747,0.022382820025086403,0.00023160000273492187,0.6378490924835205,1140000.0,0.013343952596187592,0.030082114040851593,0.38223254680633545,0.009120017290115356,0.0006664702668786049,0.03533008322119713,1.1244938373565674,0.5606970191001892,1.7609328031539917,5299.1513671875,40.530128479003906,4.202394008636475,44.732521057128906,447.1020202636719,5.881743431091309
-0.08829332143068314,12.539999961853027,1000.0,57.0,0.9579944014549255,0.02009173296391964,10.0,1.0008670091629028,1.0008670091629028,1.0008670091629028,0.019819414243102074,0.00023039999359752983,0.6307390332221985,1160000.0,-0.020008519291877747,-0.03335247188806534,0.03231257200241089,0.007423728704452515,-0.0016962885856628418,0.05233967304229736,0.3810957670211792,-0.7433980703353882,1.8102562427520752,5381.3759765625,37.92695236206055,44.278160095214844,82.20510864257812,243.2938690185547,5.691830158233643
0.1283807009458542,9.260000228881836,1000.0,58.0,0.9470754861831665,0.020030615851283073,9.0,1.0030933618545532,1.0030933618545532,1.0030933618545532,0.022344769909977913,0.000229199999012053,0.6239181160926819,1180000.0,-0.023014552891254425,-0.0030060335993766785,0.054277077317237854,0.00851497333496809,0.0010912446305155754,0.015407798811793327,0.5017609000205994,0.12066513299942017,1.1845792531967163,5459.7734375,37.97746276855469,40.394657135009766,78.37311553955078,255.18954467773438,5.455982208251953
0.059204839169979095,8.520000457763672,1000.0,59.0,0.9357811212539673,0.021235957741737366,9.0,0.9995732307434082,0.9995732307434082,0.9995732307434082,0.02127022296190262,0.0002280000044265762,0.6168844103813171,1200000.0,-0.018107648938894272,0.004906903952360153,-0.05460130795836449,0.007336207665503025,-0.001178765669465065,0.024624710902571678,0.37897437810897827,-0.1227865219116211,1.8258347511291504,5538.552734375,39.62202835083008,39.13356018066406,78.75558471679688,253.9502410888672,5.21295690536499
0.027180185541510582,12.739999771118164,1000.0,60.0,0.9286244511604309,0.02076377347111702,2.0,1.001801609992981,1.001801609992981,1.001801609992981,0.025617225095629692,0.00022679999528918415,0.6125282049179077,1220000.0,0.00941211823374033,0.0275197671726346,-0.17107464373111725,0.00793665461242199,0.0006004469469189644,0.05986960604786873,0.7819008827209473,0.402926504611969,0.950668454170227,5586.30908203125,38.65386199951172,9.077651023864746,47.731510162353516,419.0104064941406,5.037142753601074
0.01788078248500824,16.579999923706055,1000.0,61.0,0.9251434803009033,0.02392544224858284,6.0,1.0003472566604614,1.0003472566604614,1.0003472566604614,0.02165243960916996,0.00022560000070370734,0.6104548573493958,1240000.0,-0.018922293558716774,-0.028334411792457104,-0.16423413157463074,0.009964067488908768,0.0020274128764867783,0.04980713501572609,0.6683439016342163,-0.11355698108673096,2.452871084213257,5650.4404296875,37.839080810546875,26.269742965698242,64.10982513427734,311.96466064453125,4.921589374542236
0.30710369348526,20.65999984741211,1000.0,62.0,0.9188463091850281,0.0215353611856699,9.0,1.000113844871521,1.000113844871521,1.000113844871521,0.021794399246573448,0.00022440000611823052,0.606626033782959,1260000.0,-0.026577726006507874,-0.0076554324477910995,-0.030577361583709717,0.012695006094872952,0.002730938605964184,0.0333576463162899,0.5643520951271057,-0.1039918065071106,1.282287359237671,5730.0009765625,40.725250244140625,38.80354690551758,79.52880096435547,251.48123168945312,4.86880350112915
0.4268525242805481,21.540000915527344,1000.0,63.0,0.9128020405769348,0.02010311745107174,4.0,1.000415563583374,1.000415563583374,1.000415563583374,0.022133631631731987,0.00022319999698083848,0.6029456853866577,1280000.0,-0.004205972421914339,0.022371753584593534,-0.3746516704559326,0.014944778755307198,0.002249772660434246,0.012973610311746597,0.8632329702377319,0.2988808751106262,2.1898014545440674,5786.931640625,39.566627502441406,17.338369369506836,56.904998779296875,351.4629821777344,4.829687118530273
0.21325035393238068,18.979999542236328,1000.0,64.0,0.9076045155525208,0.021478978917002678,9.0,1.0000122785568237,1.0000122785568237,1.0000122785568237,0.021950315684080124,0.00022200000239536166,0.5997948050498962,1300000.0,-0.020842162892222404,-0.016636190470308065,0.007987581193447113,0.00981884729117155,-0.005125931464135647,-0.012390702031552792,0.3759194612503052,-0.48731350898742676,1.789433240890503,5866.62158203125,41.025943756103516,38.63224792480469,79.65818786621094,251.07273864746094,4.752396583557129
0.16312631964683533,13.680000305175781,1000.0,65.0,0.8908084034919739,0.021308643743395805,6.0,0.998599112033844,0.998599112033844,0.998599112033844,0.0208713598549366,0.00022079999325796962,0.5897741317749023,1320000.0,-0.015255332924425602,0.0055868299677968025,-0.05079624056816101,0.012796985916793346,0.0029781386256217957,0.004855000879615545,0.4708646535873413,0.09494519233703613,1.5921812057495117,5932.353515625,39.91327667236328,25.79524803161621,65.70852661132812,304.37451171875,4.596460342407227
0.3626801371574402,6.900000095367432,1000.0,66.0,0.8901798129081726,0.020401494577527046,7.0,1.0013428926467896,1.0013428926467896,1.0013428926467896,0.023069825023412704,0.0002195999986724928,0.5894625782966614,1340000.0,-0.01916356198489666,-0.003908229060471058,0.09535007178783417,0.01048954389989376,-0.0023074420168995857,0.020365282893180847,0.5205562114715576,0.04969155788421631,1.2416115999221802,6003.67431640625,41.15585708618164,30.13588523864746,71.29174041748047,280.53741455078125,4.340961456298828
0.3432128429412842,5.920000076293945,1000.0,67.0,0.8942297697067261,0.021174073219299316,8.0,1.0031452178955078,1.0031452178955078,1.0031452178955078,0.023302989080548286,0.00021840000408701599,0.591881513595581,1360000.0,-0.019160743802785873,2.818182110786438e-06,-0.043357253074645996,0.010368608869612217,-0.00012093503028154373,0.050506841391325,0.5974279046058655,0.07687169313430786,1.8491581678390503,6076.86865234375,39.309391021728516,33.86214065551758,73.1715316772461,273.330322265625,4.07448673248291
0.4835265874862671,12.0,1000.0,68.0,0.8892775177955627,0.026167722418904305,1.0,0.9965883493423462,0.9965883493423462,0.9965883493423462,0.027805015444755554,0.00021719999494962394,0.5890084505081177,1380000.0,0.017477525398135185,0.03663826920092106,0.28481122851371765,0.011013759300112724,0.0006451504305005074,0.06766925007104874,1.8584333658218384,1.261005461215973,1.893294334411621,6122.171875,40.995059967041016,4.283163070678711,45.278221130371094,441.7134704589844,3.902996301651001
0.419661283493042,26.18000030517578,1000.0,69.0,0.8889627456665039,0.021447397768497467,8.0,1.002915859222412,1.002915859222412,1.002915859222412,0.02256068028509617,0.00021600000036414713,0.5889153480529785,1400000.0,-0.031934551894664764,-0.04941207729279995,0.3270520567893982,0.010762120597064495,-0.0002516387030482292,0.0715465098619461,1.395965337753296,-0.4624680280685425,1.7801064252853394,6196.96337890625,38.187034606933594,36.58388137817383,74.77091217041016,267.4836730957031,3.9462802410125732
0.3042423129081726,26.479999542236328,1000.0,70.0,0.8911344408988953,0.020283209159970284,9.0,1.0022603273391724,1.0022603273391724,1.0022603273391724,0.021540118381381035,0.0002148000057786703,0.5902659893035889,1420000.0,-0.03067762404680252,0.0012569278478622437,-0.14663377404212952,0.009987554512917995,-0.0007745660841464996,0.01779792830348015,0.7264834642410278,-0.6694818735122681,1.105360746383667,6275.1513671875,37.97800827026367,40.18684768676758,78.16485595703125,255.8694610595703,3.99249005317688
0.30067986249923706,26.059999465942383,1000.0,71.0,0.8912373781204224,0.020446792244911194,8.0,0.9979436993598938,0.9979436993598938,0.9979436993598938,0.020270677283406258,0.00021359999664127827,0.5903605222702026,1440000.0,-0.019706573337316513,0.010971050709486008,0.05281689763069153,0.010360573418438435,0.00037301890552043915,0.008926907554268837,0.49443086981773376,-0.23205259442329407,1.9901734590530396,6349.81884765625,39.10321807861328,35.53657913208008,74.6407470703125,267.95013427734375,4.030829429626465
0.3238365054130554,14.760000228881836,1000.0,72.0,0.8850423693656921,0.021071337163448334,6.0,1.000045657157898,1.000045657157898,1.000045657157898,0.022023659199476242,0.00021240000205580145,0.5868303775787354,1460000.0,-0.01950840651988983,0.00019816681742668152,0.40042588114738464,0.010343305766582489,-1.7267651855945587e-05,0.05052254721522331,0.6400619149208069,0.14563104510307312,1.736606478691101,6416.34912109375,40.374366760253906,26.130809783935547,66.50517272949219,300.7284851074219,3.8982815742492676
0.3817535638809204,17.239999771118164,1000.0,73.0,0.8833248019218445,0.022020693868398666,6.0,0.9995912909507751,0.9995912909507751,0.9995912909507751,0.02072833478450775,0.0002111999929184094,0.5858291983604431,1480000.0,-0.018902232870459557,0.000606173649430275,-0.3013116121292114,0.010085438378155231,-0.00025786738842725754,0.07561272382736206,0.6816900968551636,0.04162818193435669,1.1439118385314941,6481.61572265625,38.92765426635742,26.316783905029297,65.24443817138672,306.53955078125,3.804441213607788
0.41260337829589844,14.920000076293945,1000.0,74.0,0.8750636577606201,0.02074543759226799,8.0,0.9982479214668274,0.9982479214668274,0.9982479214668274,0.021706074476242065,0.0002099999983329326,0.5808693766593933,1500000.0,-0.020756853744387627,-0.00185462087392807,0.11210785061120987,0.011582966893911362,0.0014975285157561302,0.0675012618303299,0.40316838026046753,-0.27852171659469604,3.006922721862793,6556.36767578125,38.2646369934082,36.46397018432617,74.72860717773438,267.6351318359375,3.6766128540039062
0.7475380897521973,20.34000015258789,1000.0,75.0,0.8657371997833252,0.022717513144016266,9.0,1.0018631219863892,1.0018631219863892,1.0018631219863892,0.02242598682641983,0.00020880000374745578,0.5754830837249756,1520000.0,-0.02751532569527626,-0.006758471950888634,-0.1384173482656479,0.01351502537727356,0.0019320584833621979,0.10825474560260773,0.4895175099372864,0.08634912967681885,1.4661837816238403,6633.884765625,38.953765869140625,38.54052734375,77.49429321289062,258.0835266113281,3.6314361095428467
0.7858649492263794,20.65999984741211,1000.0,76.0,0.8592308759689331,0.021867433562874794,5.0,1.0010854005813599,1.0010854005813599,1.0010854005813599,0.021787235513329506,0.00020759999461006373,0.5715572237968445,1540000.0,-0.015442503616213799,0.012072822079062462,-0.002895960584282875,0.012211539782583714,-0.001303485594689846,0.021397113800048828,0.7129684090614319,0.2234508991241455,2.1611642837524414,6696.60888671875,40.17070007324219,22.529939651489258,62.70063781738281,318.97601318359375,3.5909879207611084
1.0022926330566406,24.239999771118164,1000.0,77.0,0.8539060950279236,0.020892614498734474,5.0,1.0016154050827026,1.0016154050827026,1.0016154050827026,0.021394336596131325,0.00020640000002458692,0.5684794783592224,1560000.0,-0.021696142852306366,-0.0062536392360925674,0.008706577122211456,0.017444627359509468,0.0052330875769257545,0.08607042580842972,0.9855143427848816,0.2725459337234497,1.89602792263031,6757.17529296875,37.47123718261719,23.073671340942383,60.54490661621094,330.33331298828125,3.60723876953125
0.9586909413337708,20.780000686645508,1000.0,78.0,0.8504294753074646,0.023631902411580086,6.0,1.0019642114639282,1.0019642114639282,1.0019642114639282,0.02214237116277218,0.0002052000054391101,0.5664849281311035,1580000.0,-0.022380748763680458,-0.0006846059113740921,-0.06331256031990051,0.011346296407282352,-0.006098330952227116,-0.024387799203395844,1.0915400981903076,0.10602575540542603,2.399625778198242,6819.8095703125,36.514705657958984,26.09272003173828,62.607425689697266,319.450927734375,3.571640729904175
0.8567842245101929,19.760000228881836,1000.0,79.0,0.8497517108917236,0.02065815031528473,9.0,1.001192569732666,1.001192569732666,1.001192569732666,0.021595651283860207,0.00020399999630171806,0.5661334991455078,1600000.0,-0.03375568985939026,-0.0113749410957098,0.07239287346601486,0.013126164674758911,0.0017798682674765587,0.0880596712231636,0.6915534734725952,-0.3999866247177124,1.4191762208938599,6899.92431640625,40.50090026855469,39.582366943359375,80.08326721191406,249.7400665283203,3.512812376022339
0.6901137828826904,18.260000228881836,1000.0,80.0,0.8421750068664551,0.02213255502283573,7.0,1.0018466711044312,1.0018466711044312,1.0018466711044312,0.02255859784781933,0.00020280000171624124,0.5619110465049744,1620000.0,-0.020010588690638542,0.013745101168751717,-0.07579414546489716,0.019687600433826447,0.006561435759067535,0.13106797635555267,0.721490204334259,0.02993673086166382,2.074603796005249,6968.3154296875,37.69407272338867,30.670482635498047,68.36555480957031,292.54498291015625,3.4314053058624268
0.564822793006897,16.559999465942383,1000.0,81.0,0.8303475379943848,0.0209929421544075,10.0,0.9995821714401245,0.9995821714401245,0.9995821714401245,0.020136885344982147,0.00020160000713076442,0.5552658438682556,1640000.0,-0.01813335157930851,0.0018772371113300323,-0.3179526627063751,0.01118500530719757,-0.008502595126628876,0.1351023018360138,0.3658987879753113,-0.35559141635894775,1.7049918174743652,7051.75048828125,39.18619918823242,44.224666595458984,83.4108657836914,239.77691650390625,3.3288087844848633
0.7832143306732178,17.719999313354492,1000.0,82.0,0.8186657428741455,0.021449971944093704,5.0,1.000088095664978,1.000088095664978,1.000088095664978,0.02439332753419876,0.00020039999799337238,0.5487987399101257,1660000.0,-0.017604952678084373,0.0005283989012241364,-0.1462152600288391,0.014101344160735607,0.0029163388535380363,0.07222471386194229,1.123989224433899,0.7580904364585876,2.50182843208313,7110.43359375,35.7720947265625,22.86876106262207,58.64085388183594,341.05914306640625,3.2445220947265625
0.6041679382324219,11.600000381469727,1000.0,83.0,0.802003800868988,0.020432790741324425,9.0,0.9992634057998657,0.9992634057998657,0.9992634057998657,0.01984410360455513,0.00019920000340789557,0.5397124886512756,1680000.0,-0.016906587406992912,0.0006983652710914612,0.20971797406673431,0.011798142455518246,-0.0023032017052173615,0.1869712918996811,0.36166316270828247,-0.7623260617256165,2.0068013668060303,7185.93212890625,36.37443161010742,39.09725570678711,75.47168731689453,265.00006103515625,3.069009780883789
0.9930199980735779,18.360000610351562,1000.0,84.0,0.7922754883766174,0.029438257217407227,1.0,1.0005038976669312,1.0005038976669312,1.0005038976669312,0.02518552727997303,0.00019799999427050352,0.5344894528388977,1700000.0,0.014657880179584026,0.03156446758657694,0.10793370753526688,0.019145790487527847,0.007347648032009602,0.16275568306446075,1.5669333934783936,1.205270230770111,1.1774321794509888,7228.892578125,38.74534606933594,4.181082725524902,42.92642593383789,465.9134521484375,2.9969730377197266
0.8347680568695068,18.200000762939453,1000.0,85.0,0.7922165393829346,0.020519519224762917,6.0,1.0003244876861572,1.0003244876861572,1.0003244876861572,0.021738898009061813,0.0001967999996850267,0.5343855023384094,1720000.0,-0.01436343602836132,-0.029021316207945347,0.06385080516338348,0.012847001664340496,-0.006298788823187351,0.11215975135564804,0.5976037979125977,-0.9693295955657959,1.7360806465148926,7297.75732421875,42.57988739013672,26.263696670532227,68.84358215332031,290.5136413574219,2.922818183898926
1.0135009288787842,26.200000762939453,1000.0,86.0,0.7862818837165833,0.020315270870923996,7.0,1.0012301206588745,1.0012301206588745,1.0012301206588745,0.021336879581212997,0.0001956000050995499,0.53123539686203,1740000.0,-0.02111177146434784,-0.006748335435986519,0.46880483627319336,0.011869223788380623,-0.0009777778759598732,0.08046424388885498,0.6715369820594788,0.0739331841468811,1.924530029296875,7367.50048828125,38.95220184326172,30.76125717163086,69.7144546508789,286.8845520019531,2.968971014022827
0.9280577898025513,27.100000381469727,1000.0,87.0,0.7861055731773376,0.020936107262969017,7.0,1.000449538230896,1.000449538230896,1.000449538230896,0.02186989039182663,0.00019439999596215785,0.5311965346336365,1760000.0,-0.02343297190964222,-0.00232120044529438,0.21363620460033417,0.01820564642548561,0.006336422637104988,0.19207942485809326,0.7716863751411438,0.10014939308166504,1.8077502250671387,7437.85595703125,40.349822998046875,29.97684097290039,70.32666015625,284.38714599609375,3.026916265487671
1.4833645820617676,28.399999618530273,1000.0,88.0,0.7811969518661499,0.021787753328680992,9.0,1.0015376806259155,1.0015376806259155,1.0015376806259155,0.022268973290920258,0.00019320000137668103,0.5286731123924255,1780000.0,-0.02437945082783699,-0.0009464789181947708,-0.004354793578386307,0.015502186492085457,-0.002703459933400154,0.17814280092716217,0.7465014457702637,-0.025184929370880127,1.8941298723220825,7517.7880859375,42.084991455078125,37.82404327392578,79.9090347290039,250.28457641601562,3.1059234142303467
1.646072506904602,42.2599983215332,1000.0,89.0,0.7773058414459229,0.030867746099829674,1.0,0.9997001886367798,0.9997001886367798,0.9997001886367798,0.02562790922820568,0.00019200000679120421,0.5265464186668396,1800000.0,0.035605426877737045,0.059984877705574036,0.25507980585098267,0.020135344937443733,0.004633158445358276,0.18321643769741058,2.6374619007110596,1.890960454940796,2.65588641166687,7561.42578125,39.67449951171875,3.9254424571990967,43.59994125366211,458.7162170410156,3.398420810699463
1.5618213415145874,38.79999923706055,1000.0,90.0,0.7821880578994751,0.020688313990831375,9.0,1.0015573501586914,1.0015573501586914,1.0015573501586914,0.020564094185829163,0.00019079999765381217,0.529080867767334,1820000.0,-0.032715681940317154,-0.0683211088180542,-0.19041678309440613,0.01341580506414175,-0.006719539873301983,0.14895795285701752,0.8150507807731628,-1.8224111199378967,2.0415537357330322,7638.71484375,37.889095306396484,39.380802154541016,77.2698974609375,258.8330078125,3.6320436000823975
1.6624650955200195,36.439998626708984,1000.0,91.0,0.7757840752601624,0.02229386568069458,6.0,0.9987207055091858,0.9987207055091858,0.9987207055091858,0.021784666925668716,0.00018960000306833535,0.5257095694541931,1840000.0,-0.02456512302160263,0.008150558918714523,0.1704442799091339,0.01718081533908844,0.0037650102749466896,0.21272152662277222,0.889572262763977,0.07452148199081421,3.067032814025879,7703.28564453125,37.980438232421875,26.56656837463379,64.54700469970703,309.8517150878906,3.825155019760132
1.2924542427062988,22.260000228881836,1000.0,92.0,0.76607745885849,0.02055704966187477,9.0,1.0001224279403687,1.0001224279403687,1.0001224279403687,0.020380964502692223,0.0001883999939309433,0.5206243991851807,1860000.0,-0.02488446794450283,-0.0003193449229001999,0.05026508495211601,0.013567483052611351,-0.003613332286477089,0.24061007797718048,0.5032488703727722,-0.38632339239120483,1.6877808570861816,7784.56689453125,41.885066986083984,39.37445831298828,81.259521484375,246.125,3.7939610481262207
1.1904852390289307,18.399999618530273,1000.0,93.0,0.7566418051719666,0.024635782465338707,1.0,0.9998283982276917,0.9998283982276917,0.9998283982276917,0.02509094588458538,0.0001871999993454665,0.5157345533370972,1880000.0,0.022799091413617134,0.047683559358119965,-0.12980860471725464,0.015370919369161129,0.001803436316549778,0.13365481793880463,1.917823314666748,1.4145744442939758,2.807464122772217,7829.37744140625,40.59385681152344,4.193216800689697,44.787071228027344,446.55743408203125,3.7061867713928223
0.47793006896972656,17.440000534057617,1000.0,94.0,0.7512254118919373,0.02028699964284897,10.0,0.9977286458015442,0.9977286458015442,0.9977286458015442,0.02069522812962532,0.00018600000475998968,0.512945830821991,1900000.0,-0.022483590990304947,-0.04528268240392208,-0.13753728568553925,0.012357781641185284,-0.0030131377279758453,0.13186141848564148,0.47755640745162964,-1.4402669072151184,2.4165267944335938,7913.9306640625,39.729522705078125,44.804908752441406,84.53443145751953,236.58999633789062,3.60124135017395
0.9239212870597839,14.5,1000.0,95.0,0.7315202951431274,0.02097206376492977,8.0,1.0002583265304565,1.0002583265304565,1.0002583265304565,0.01999278925359249,0.00018479999562259763,0.5029180645942688,1920000.0,-0.017667308449745178,0.004816282540559769,0.3319641947746277,0.014939556829631329,0.002581775188446045,0.13445818424224854,0.34837281703948975,-0.1291835904121399,2.0209925174713135,7988.07470703125,38.33006286621094,35.78694534301758,74.11800384521484,269.8399658203125,3.452272891998291
0.9057891368865967,10.039999961853027,1000.0,96.0,0.719817578792572,0.020703954622149467,9.0,1.001512885093689,1.001512885093689,1.001512885093689,0.022428371012210846,0.00018360000103712082,0.4970608353614807,1940000.0,-0.017114903777837753,0.0005524046719074249,0.13536572456359863,0.012173328548669815,-0.0027662282809615135,0.20075379312038422,0.3102860152721405,-0.03808680176734924,1.3971036672592163,8063.7978515625,36.518978118896484,39.18034744262695,75.69932556152344,264.2031555175781,3.232372999191284
1.3980120420455933,11.0600004196167,1000.0,97.0,0.714352011680603,0.02301422506570816,5.0,1.0012307167053223,1.0012307167053223,1.0012307167053223,0.023606348782777786,0.000182400006451644,0.4943743050098419,1960000.0,-0.014232194051146507,0.002882709726691246,0.049194615334272385,0.01448762882500887,0.002314300276339054,0.20133179426193237,0.4871198236942291,0.17683380842208862,1.7762919664382935,8126.2861328125,41.26154708862305,21.201406478881836,62.46395492553711,320.1846618652344,3.03134822845459
1.6214386224746704,16.31999969482422,1000.0,98.0,0.7085852026939392,0.022278713062405586,1.0,1.000288963317871,1.000288963317871,1.000288963317871,0.030578715726733208,0.00018119999731425196,0.49152570962905884,1980000.0,0.016995307058095932,0.03122750110924244,0.1551230400800705,0.02021188661456108,0.005724257789552212,0.20696108043193817,1.5006732940673828,1.0135534703731537,1.6302133798599243,8169.21337890625,38.29633331298828,4.608765602111816,42.906005859375,466.1352233886719,2.9142844676971436
1.2913215160369873,16.139999389648438,1000.0,99.0,0.6998093724250793,0.02547403797507286,9.0,1.002285361289978,1.002285361289978,1.002285361289978,0.02064402773976326,0.00018000000272877514,0.4872397780418396,2000000.0,-0.01513364166021347,-0.0321289487183094,0.2952030897140503,0.010844266042113304,-0.009367620572447777,0.1574270874261856,0.5099579095840454,-0.9907153844833374,1.1561436653137207,8247.5595703125,38.86347198486328,39.462120056152344,78.32559204101562,255.34437561035156,2.798013925552368
1.54926335811615,20.280000686645508,1000.0,100.0,0.6912955641746521,0.023874174803495407,1.0,1.00100576877594,1.00100576877594,1.00100576877594,0.02480347454547882,0.0001787999935913831,0.48310038447380066,2020000.0,0.01618989184498787,0.03132353350520134,-0.08273978531360626,0.020181549713015556,0.009337283670902252,0.13526326417922974,2.143949270248413,1.6339913606643677,1.9532890319824219,8287.466796875,35.510589599609375,4.372673034667969,39.883262634277344,501.4634704589844,2.7492868900299072
1.5829983949661255,19.81999969482422,1000.0,101.0,0.6924106478691101,0.021886255592107773,6.0,1.0011107921600342,1.0011107921600342,1.0011107921600342,0.02272450551390648,0.00017759999900590628,0.4836336672306061,2040000.0,-0.011218958534300327,-0.027408850379288197,-0.08120869100093842,0.018581775948405266,-0.0015997737646102905,0.280845046043396,0.6686874032020569,-1.4752618670463562,1.6978046894073486,8358.6943359375,45.729087829589844,25.47730255126953,71.20639038085938,280.8736572265625,2.6937363147735596
1.509344220161438,17.959999084472656,1000.0,102.0,0.6870885491371155,0.020676184445619583,10.0,1.000240683555603,1.000240683555603,1.000240683555603,0.01950071193277836,0.00017640000442042947,0.48104622960090637,2060000.0,-0.016449222341179848,-0.00523026380687952,-0.260435551404953,0.013950816355645657,-0.004630959592759609,0.1860494762659073,0.38019898533821106,-0.2884884178638458,1.9083465337753296,8441.25,39.66455078125,42.868953704833984,82.53350067138672,242.32583618164062,2.610473155975342
1.1494628190994263,12.319999694824219,1000.0,103.0,0.6751664876937866,0.023517366498708725,1.0,1.0037299394607544,1.0037299394607544,1.0037299394607544,0.035265520215034485,0.00017519999528303742,0.47532570362091064,2080000.0,0.06641674786806107,0.08286597020924091,-0.027731195092201233,0.016683515161275864,0.002732698805630207,0.2082834243774414,1.0238969326019287,0.6436979472637177,1.77724027633667,8487.9189453125,42.55327224731445,4.0914154052734375,46.64468765258789,428.77337646484375,2.4432532787323
1.2306642532348633,11.619999885559082,1000.0,104.0,0.6720663905143738,0.02051488868892193,9.0,1.0009069442749023,1.0009069442749023,1.0009069442749023,0.0201875027269125,0.0001740000006975606,0.47385212779045105,2100000.0,-0.0215543732047081,-0.08797112107276917,-0.15299606323242188,0.015747666358947754,-0.0009358488023281097,0.17952504754066467,0.4537251591682434,-0.5701717734336853,2.075514554977417,8565.166015625,38.73767852783203,38.48883819580078,77.22651672363281,258.9783935546875,2.267554521560669
1.3851536512374878,16.920000076293945,1000.0,105.0,0.6586242318153381,0.020517796277999878,8.0,1.0025230646133423,1.0025230646133423,1.0025230646133423,0.02178560569882393,0.0001728000061120838,0.467521607875824,2120000.0,-0.02325957641005516,-0.0017052032053470612,0.5168575644493103,0.016227032989263535,0.00047936663031578064,0.14606523513793945,0.8074609041213989,0.3537357449531555,1.611788272857666,8638.68359375,39.01753616333008,34.47743225097656,73.4949722290039,272.1274719238281,2.173450469970703
1.627805233001709,25.15999984741211,1000.0,106.0,0.66057950258255,0.020573215559124947,7.0,1.0034068822860718,1.0034068822860718,1.0034068822860718,0.022396977990865707,0.00017159999697469175,0.46843862533569336,2140000.0,-0.023314032703638077,-5.445629358291626e-05,0.12475085258483887,0.014230778440833092,-0.001996254548430443,0.24301354587078094,0.7447795271873474,-0.06268137693405151,1.8508802652359009,8709.857421875,39.67204666137695,31.47677993774414,71.1488265991211,281.1009216308594,2.2036116123199463
1.566605567932129,26.079999923706055,1000.0,107.0,0.65939861536026,0.02413840964436531,7.0,1.0007996559143066,1.0007996559143066,1.0007996559143066,0.02232646383345127,0.00017040000238921493,0.4678844213485718,2160000.0,-0.023424306884407997,-0.00011027418076992035,-0.11076781153678894,0.014842494390904903,0.0006117159500718117,0.1447470784187317,0.6580033302307129,-0.08677619695663452,2.1931421756744385,8777.908203125,36.40940475463867,31.61288070678711,68.02236938476562,294.02093505859375,2.2461447715759277
2.032003402709961,22.020000457763672,1000.0,108.0,0.6501774191856384,0.02032240852713585,7.0,1.000219464302063,1.000219464302063,1.000219464302063,0.02138851396739483,0.0001691999932518229,0.46359726786613464,2180000.0,-0.02118731662631035,0.0022369902580976486,-0.15879425406455994,0.02138623408973217,0.006543739698827267,0.21960610151290894,0.6288712620735168,-0.029132068157196045,2.581347942352295,8845.1689453125,35.798126220703125,31.437034606933594,67.23516082763672,297.4634094238281,2.226191282272339
2.3946142196655273,22.3799991607666,1000.0,109.0,0.639726459980011,0.02059216983616352,6.0,1.0004768371582031,1.0004768371582031,1.0004768371582031,0.022392503917217255,0.00016799999866634607,0.45877549052238464,2200000.0,-0.023094724863767624,-0.0019074082374572754,-0.029162924736738205,0.018848305568099022,-0.002537928521633148,0.2767292857170105,0.9585636854171753,0.32969242334365845,2.264298915863037,8908.7578125,37.45758819580078,26.105533599853516,63.5631217956543,314.6478576660156,2.2111454010009766
2.334798574447632,18.979999542236328,1000.0,110.0,0.6336836218833923,0.020140526816248894,10.0,1.0002957582473755,1.0002957582473755,1.0002957582473755,0.020681826397776604,0.00016680000408086926,0.45601093769073486,2220000.0,-0.018893873319029808,0.004200851544737816,-0.17752176523208618,0.013716294430196285,-0.005132011137902737,0.18623685836791992,0.4046729803085327,-0.5538907051086426,2.072324275970459,8991.21875,37.77244567871094,44.66379928588867,82.43624877929688,242.61172485351562,2.1445419788360596
1.6477481126785278,19.1200008392334,1000.0,111.0,0.6233475804328918,0.021343961358070374,6.0,0.9999825358390808,0.9999825358390808,0.9999825358390808,0.02237919718027115,0.0001655999949434772,0.4513234794139862,2240000.0,-0.0163862481713295,0.0025076251477003098,-0.3051373362541199,0.017503177747130394,0.0037868833169341087,0.299953430891037,0.48387759923934937,0.07920461893081665,1.9659066200256348,9054.1826171875,37.045711517333984,25.893625259399414,62.93933868408203,317.76629638671875,2.0803587436676025
1.1839598417282104,19.079999923706055,1000.0,112.0,0.6208540797233582,0.02076764963567257,2.0,0.9998363852500916,0.9998363852500916,0.9998363852500916,0.02289033681154251,0.0001644000003580004,0.4502008259296417,2260000.0,0.000872630684170872,0.01725887885550037,-0.04678758978843689,0.018358036875724792,0.0008548591285943985,0.2220848947763443,1.448439121246338,0.9645615220069885,2.1010682582855225,9102.3642578125,39.28575134277344,8.871593475341797,48.157344818115234,415.3052978515625,2.0158443450927734
1.4300020933151245,24.8799991607666,1000.0,113.0,0.6209417581558228,0.02171340025961399,9.0,1.0022271871566772,1.0022271871566772,1.0022271871566772,0.0213237963616848,0.00016320000577252358,0.45023313164711,2280000.0,-0.022007759660482407,-0.02288039034465328,-0.06916490197181702,0.014699723571538925,-0.0036583133041858673,0.27365413308143616,0.6210370063781738,-0.8274021148681641,2.0023770332336426,9178.02734375,36.515533447265625,39.12569046020508,75.64122772216797,264.40606689453125,2.0423738956451416
1.7192109823226929,29.639999389648438,1000.0,114.0,0.6149312853813171,0.02004047855734825,7.0,1.0001469850540161,1.0001469850540161,1.0001469850540161,0.02279551327228546,0.00016199999663513154,0.4475337564945221,2300000.0,-0.024033501744270325,-0.002025742083787918,0.1997147798538208,0.017650853842496872,0.0029511302709579468,0.21879565715789795,0.8199759125709534,0.19893890619277954,2.389657974243164,9246.5048828125,37.33989715576172,31.114009857177734,68.45391082763672,292.1673889160156,2.1441490650177
1.9817909002304077,32.91999816894531,1000.0,115.0,0.6155053973197937,0.020653700456023216,7.0,1.000378131866455,1.000378131866455,1.000378131866455,0.020766107365489006,0.00016080000204965472,0.44779208302497864,2320000.0,-0.029117271304130554,-0.0050837695598602295,-0.016489632427692413,0.02288513444364071,0.005234280601143837,0.30025458335876465,0.8035235404968262,-0.016452372074127197,2.5379509925842285,9314.9638671875,37.93333053588867,30.502721786499023,68.43605041503906,292.2436218261719,2.2913453578948975
2.2365708351135254,33.560001373291016,1000.0,116.0,0.6224967241287231,0.02230381965637207,7.0,1.0006858110427856,1.0006858110427856,1.0006858110427856,0.022440459579229355,0.00015959999291226268,0.45093318819999695,2340000.0,-0.030313394963741302,-0.0011961236596107483,0.14070066809654236,0.016945969313383102,-0.0059391651302576065,0.2884014844894409,0.9371516704559326,0.13362812995910645,3.194305181503296,9384.46875,39.19704055786133,30.258665084838867,69.45570373535156,287.95330810546875,2.44094181060791
2.4355270862579346,29.31999969482422,1000.0,117.0,0.6234298348426819,0.020684506744146347,8.0,0.9977981448173523,0.9977981448173523,0.9977981448173523,0.021374836564064026,0.00015839999832678586,0.4513552188873291,2360000.0,-0.023219799622893333,0.007093595340847969,0.03968348354101181,0.018887264654040337,0.0019412953406572342,0.2772589325904846,0.5583409070968628,-0.3788107633590698,2.4211809635162354,9452.9111328125,33.927162170410156,34.49134826660156,68.41851043701172,292.31854248046875,2.521158456802368
2.2802491188049316,27.559999465942383,1000.0,118.0,0.6165257096290588,0.02059916779398918,7.0,1.0022855997085571,1.0022855997085571,1.0022855997085571,0.02263028174638748,0.00015720000374130905,0.44825881719589233,2380000.0,-0.02406451664865017,-0.0008447170257568359,-0.22269217669963837,0.019992440938949585,0.0011051762849092484,0.26765257120132446,0.7664677500724792,0.20812684297561646,2.4481358528137207,9523.6337890625,40.46938705444336,30.226228713989258,70.69561767578125,282.9029846191406,2.5742743015289307
1.998895287513733,20.719999313354492,1000.0,119.0,0.6085474491119385,0.021343199536204338,9.0,1.001989722251892,1.001989722251892,1.001989722251892,0.02086733654141426,0.000155999994603917,0.44471752643585205,2400000.0,-0.02035759948194027,0.0037069171667099,-0.020140789449214935,0.014343705959618092,-0.005648734979331493,0.21234409511089325,0.5138934850692749,-0.25257426500320435,2.1864969730377197,9599.720703125,37.89346694946289,38.170806884765625,76.06427001953125,262.9355163574219,2.5198142528533936
1.9577369689941406,23.5,1000.0,120.0,0.6009272933006287,0.020097069442272186,4.0,0.9999354481697083,0.9999354481697083,0.9999354481697083,0.022377366200089455,0.0001548000000184402,0.44134169816970825,2420000.0,-0.00834952387958765,0.01200807560235262,0.1103767603635788,0.016679352149367332,0.002335646189749241,0.22940239310264587,1.0019110441207886,0.48801755905151367,2.9606552124023438,9657.3212890625,40.989662170410156,16.58617401123047,57.575836181640625,347.3679504394531,2.5107274055480957
1.435793399810791,22.68000030517578,1000.0,121.0,0.5997274518013,0.021215982735157013,10.0,0.9994699358940125,0.9994699358940125,0.9994699358940125,0.0207825880497694,0.00015360000543296337,0.44083014130592346,2440000.0,-0.0225380789488554,-0.01418855506926775,-0.16779263317584991,0.015477471984922886,-0.0012018801644444466,0.2128862589597702,0.5465102195739746,-0.45540082454681396,3.2921972274780273,9739.49609375,39.72431564331055,42.42952346801758,82.15383911132812,243.44570922851562,2.4885647296905518
1.9170804023742676,27.719999313354492,1000.0,122.0,0.5895189046859741,0.022661061957478523,6.0,1.0014162063598633,1.0014162063598633,1.0014162063598633,0.022225473076105118,0.00015239999629557133,0.43632128834724426,2460000.0,-0.018707551062107086,0.003830527886748314,0.009468554519116879,0.02144714817404747,0.005969676189124584,0.2627730369567871,0.8272531032562256,0.280742883682251,2.5182974338531494,9803.115234375,37.932525634765625,25.661298751831055,63.59382247924805,314.4959411621094,2.544490098953247
1.635850429534912,22.31999969482422,1000.0,123.0,0.5871723890304565,0.02185641974210739,7.0,1.0006022453308105,1.0006022453308105,1.0006022453308105,0.020145507529377937,0.0001512000017100945,0.4352881908416748,2480000.0,-0.01908496767282486,-0.00037741661071777344,-0.06991486251354218,0.016219062730669975,-0.005228085443377495,0.26519161462783813,0.6123316287994385,-0.2149214744567871,2.5418217182159424,9869.7880859375,37.8990478515625,28.749868392944336,66.64991760253906,300.07537841796875,2.5123794078826904
1.5772185325622559,30.399999618530273,1000.0,124.0,0.5895374417304993,0.02044861763715744,7.0,1.002458930015564,1.002458930015564,1.002458930015564,0.02167811430990696,0.0001500000071246177,0.43631812930107117,2500000.0,-0.024231743067502975,-0.005146775394678116,0.08917874097824097,0.014885565266013145,-0.0013334974646568298,0.27051934599876404,0.6586715579032898,0.04633992910385132,2.0593645572662354,9939.0234375,41.21571350097656,27.99656105041504,69.21227264404297,288.9660949707031,2.6033942699432373
1.1249911785125732,27.65999984741211,1000.0,125.0,0.5837002396583557,0.02099091187119484,8.0,0.9999005794525146,0.9999005794525146,0.9999005794525146,0.02157559059560299,0.00014879999798722565,0.43377968668937683,2520000.0,-0.032224997878074646,-0.00799325481057167,0.12428348511457443,0.01640172116458416,0.0015161558985710144,0.2639696002006531,0.7454760074615479,0.08680444955825806,2.7227556705474854,10012.2607421875,40.04178237915039,33.17304229736328,73.21482849121094,273.168701171875,2.6484482288360596
1.4376590251922607,26.719999313354492,1000.0,126.0,0.5729550123214722,0.020978188142180443,8.0,1.0012824535369873,1.0012824535369873,1.0012824535369873,0.021733267232775688,0.00014760000340174884,0.42914363741874695,2540000.0,-0.02755565382540226,0.004669344052672386,0.03511552885174751,0.018881045281887054,0.0024793241173028946,0.24939841032028198,0.859828770160675,0.1143527626991272,2.7497191429138184,10086.1181640625,40.559410095214844,33.272308349609375,73.83171844482422,270.88629150390625,2.677689552307129
1.7047420740127563,27.739999771118164,1000.0,127.0,0.567033052444458,0.020281866192817688,9.0,0.9994601607322693,0.9994601607322693,0.9994601607322693,0.021536745131015778,0.0001463999942643568,0.42662712931632996,2560000.0,-0.025540174916386604,0.0020154789090156555,-0.07719305157661438,0.01750774122774601,-0.0013733040541410446,0.24144643545150757,0.623353898525238,-0.236474871635437,2.629267692565918,10164.5283203125,40.743473052978516,37.633174896240234,78.37664794921875,255.1780548095703,2.7242588996887207
2.5018584728240967,20.719999313354492,1000.0,128.0,0.5661782026290894,0.02253512479364872,7.0,1.0001715421676636,1.0001715421676636,1.0001715421676636,0.022922899574041367,0.00014519999967887998,0.4262942671775818,2580000.0,-0.021734066307544708,0.003806108608841896,0.45294278860092163,0.023443136364221573,0.005935395136475563,0.43223392963409424,0.5445998311042786,-0.07875406742095947,2.333787202835083,10234.8642578125,41.15597915649414,29.15180206298828,70.30777740478516,284.4635314941406,2.6619396209716797
2.1947295665740967,23.299999237060547,1000.0,129.0,0.5650745034217834,0.020394742488861084,4.0,1.0019055604934692,1.0019055604934692,1.0019055604934692,0.02282945066690445,0.00014400000509340316,0.4258178174495697,2600000.0,-0.014052861370146275,0.007681204937398434,-0.019626453518867493,0.02070380374789238,-0.002739332616329193,0.2385200411081314,1.6602437496185303,1.1156439185142517,2.7510504722595215,10290.7587890625,39.57487106323242,16.292945861816406,55.86839294433594,357.9841613769531,2.6440064907073975
2.0402443408966064,22.760000228881836,1000.0,130.0,0.5667611360549927,0.020090630277991295,7.0,1.0010781288146973,1.0010781288146973,1.0010781288146973,0.021218139678239822,0.00014279999595601112,0.42652520537376404,2620000.0,-0.025146404281258583,-0.011093542911112309,0.32962143421173096,0.019029760733246803,-0.0016740430146455765,0.3400789201259613,0.8340722322463989,-0.8261715173721313,2.3691508769989014,10360.1962890625,40.599674224853516,28.818103790283203,69.41777801513672,288.1106262207031,2.6163597106933594
1.4795506000518799,25.200000762939453,1000.0,131.0,0.5640013813972473,0.02110389992594719,2.0,1.0000863075256348,1.0000863075256348,1.0000863075256348,0.019756635650992393,0.0001416000013705343,0.4253346621990204,2640000.0,-0.0011746191885322332,0.02397178509272635,-0.2879413962364197,0.01743500307202339,-0.0015947576612234116,0.21431757509708405,1.551414966583252,0.717342734336853,2.8379812240600586,10406.3134765625,36.89084243774414,9.204850196838379,46.0956916809082,433.8800048828125,2.6272056102752686
1.3733189105987549,25.399999618530273,1000.0,132.0,0.5703537464141846,0.021558964625000954,9.0,1.0014140605926514,1.0014140605926514,1.0014140605926514,0.020775871351361275,0.00014040000678505749,0.42804062366485596,2660000.0,-0.030223790556192398,-0.029049171367660165,-0.13609391450881958,0.017540382221341133,0.0001053791493177414,0.26029273867607117,0.8487110137939453,-0.7027039527893066,3.0428991317749023,10481.1708984375,36.22962188720703,38.60102844238281,74.83065032958984,267.2701721191406,2.6381890773773193
1.2042008638381958,23.979999542236328,1000.0,133.0,0.5642300844192505,0.020851148292422295,8.0,0.9978792667388916,0.9978792667388916,0.9978792667388916,0.021328914910554886,0.00013919999764766544,0.42542868852615356,2680000.0,-0.021678494289517403,0.008545296266674995,-0.07362676411867142,0.013224586844444275,-0.004315795376896858,0.1682700663805008,0.680590033531189,-0.16812098026275635,2.262291431427002,10553.7109375,38.12013626098633,34.3953742980957,72.51551055908203,275.8030700683594,2.6295132637023926
1.826673984527588,22.940000534057617,1000.0,134.0,0.5609275102615356,0.020812397822737694,7.0,1.0010894536972046,1.0010894536972046,1.0010894536972046,0.02166777476668358,0.00013800000306218863,0.4240398406982422,2700000.0,-0.03142844885587692,-0.00974995456635952,-0.4910404682159424,0.01925591006875038,0.006031323224306107,0.3508647680282593,1.1018468141555786,0.42125678062438965,3.3352930545806885,10619.9384765625,36.56574249267578,29.63669204711914,66.20243835449219,302.10369873046875,2.6006014347076416
1.6695528030395508,19.260000228881836,1000.0,135.0,0.5590380430221558,0.02076873555779457,7.0,0.9990677833557129,0.9990677833557129,0.9990677833557129,0.021075313910841942,0.00013679999392479658,0.423220157623291,2720000.0,-0.020551864057779312,0.01087658479809761,-0.02937118336558342,0.013770959340035915,-0.005484950728714466,0.24173413217067719,0.8600165247917175,-0.24183028936386108,1.946190595626831,10685.6240234375,35.29804611206055,30.364042282104492,65.6620864868164,304.5897521972656,2.516435146331787
1.863908290863037,16.639999389648438,1000.0,136.0,0.5508570671081543,0.02008236013352871,9.0,1.000866413116455,1.000866413116455,1.000866413116455,0.02140957862138748,0.00013559999933931977,0.41976866126060486,2740000.0,-0.02151486463844776,-0.0009630005806684494,0.27177664637565613,0.013616925105452538,-0.00015403423458337784,0.28283363580703735,0.6619600057601929,-0.19805651903152466,2.7141473293304443,10758.6875,35.253936767578125,37.786834716796875,73.040771484375,273.8196716308594,2.397657871246338
2.000497341156006,20.239999771118164,1000.0,137.0,0.539338231086731,0.02189614064991474,7.0,1.0006502866744995,1.0006502866744995,1.0006502866744995,0.021887609735131264,0.00013440000475384295,0.4149521291255951,2760000.0,-0.02914745919406414,-0.007632594555616379,-0.30235815048217773,0.015921350568532944,0.002304425463080406,0.25860756635665894,0.7937766313552856,0.13181662559509277,2.772904634475708,10828.29296875,39.53173828125,30.0501651763916,69.5829086303711,287.4269104003906,2.335488796234131
2.4657602310180664,28.219999313354492,1000.0,138.0,0.5387235283851624,0.02226937562227249,8.0,1.0026410818099976,1.0026410818099976,1.0026410818099976,0.02171521633863449,0.0001331999956164509,0.4146953821182251,2780000.0,-0.029675191268324852,-0.0005277320742607117,0.3457447290420532,0.01654648780822754,0.0006251372396945953,0.27267637848854065,1.0325478315353394,0.2387712001800537,2.582592010498047,10901.4921875,39.7358283996582,33.439300537109375,73.17512512207031,273.3169250488281,2.3937480449676514
2.5290756225585938,33.040000915527344,1000.0,139.0,0.5363641381263733,0.02272333763539791,9.0,0.999953031539917,0.999953031539917,0.999953031539917,0.02077331952750683,0.0001320000010309741,0.41373324394226074,2800000.0,-0.02503078617155552,0.004644405096769333,0.17990326881408691,0.014349238947033882,-0.002197248861193657,0.30437996983528137,0.5044382810592651,-0.5281095504760742,2.2603304386138916,10978.5830078125,39.237632751464844,37.817138671875,77.05577087402344,259.5522766113281,2.5244593620300293
2.0162408351898193,33.5,1000.0,140.0,0.529306173324585,0.020987164229154587,9.0,1.0030850172042847,1.0030850172042847,1.0030850172042847,0.022590605542063713,0.00013080000644549727,0.4108508825302124,2820000.0,-0.03195011988282204,-0.006919333711266518,-0.01842232421040535,0.016640303656458855,0.0022910647094249725,0.29374176263809204,0.9068694710731506,0.4024311900138855,2.184675455093384,11056.357421875,39.47319030761719,38.277427673339844,77.75061798095703,257.2326965332031,2.6634702682495117
1.8679195642471313,27.079999923706055,1000.0,141.0,0.5216605067253113,0.020321732386946678,9.0,1.0017290115356445,1.0017290115356445,1.0017290115356445,0.021196868270635605,0.00012959999730810523,0.40774551033973694,2840000.0,-0.023195896297693253,0.008754223585128784,0.17973461747169495,0.015387175604701042,-0.0012531280517578125,0.17555950582027435,0.6059447526931763,-0.30092471837997437,1.7364931106567383,11131.515625,35.184871673583984,39.94779586791992,75.1326675415039,266.19580078125,2.6990504264831543
1.5975857973098755,25.420000076293945,1000.0,142.0,0.5181668996810913,0.020763732492923737,10.0,1.001192569732666,1.001192569732666,1.001192569732666,0.021985404193401337,0.00012840000272262841,0.40630432963371277,2860000.0,-0.025558259338140488,-0.002362363040447235,0.011386457830667496,0.016218354925513268,0.0008311793208122253,0.23167748749256134,0.5953090190887451,-0.010635733604431152,1.3815580606460571,11209.541015625,35.41950225830078,42.58098602294922,78.00048828125,256.4086608886719,2.708061695098877
1.7854915857315063,20.1200008392334,1000.0,143.0,0.5041450262069702,0.021093595772981644,7.0,0.9998127818107605,0.9998127818107605,0.9998127818107605,0.02099710889160633,0.00012719999358523637,0.4006722867488861,2880000.0,-0.018870502710342407,0.0066877566277980804,-0.1469520926475525,0.01862817257642746,0.002409817650914192,0.2165365219116211,0.6206935048103333,0.025384485721588135,2.918983221054077,11276.65625,38.01169967651367,29.079164505004883,67.09086608886719,298.1031799316406,2.635392427444458
1.7922462224960327,24.559999465942383,1000.0,144.0,0.5033438801765442,0.021796736866235733,9.0,1.002522349357605,1.002522349357605,1.002522349357605,0.022054297849535942,0.00012599999899975955,0.4003455638885498,2900000.0,-0.03985684737563133,-0.020986344665288925,0.07887592911720276,0.019693393260240555,0.001065220683813095,0.2825160622596741,0.7521563768386841,0.13146287202835083,2.374382734298706,11348.703125,33.0648193359375,38.95852279663086,72.0233383178711,277.687744140625,2.633256435394287
2.0199790000915527,30.219999313354492,1000.0,145.0,0.503943681716919,0.020072776824235916,7.0,1.003057837486267,1.003057837486267,1.003057837486267,0.021421844139695168,0.00012480000441428274,0.4005521237850189,2920000.0,-0.0247087050229311,0.015148142352700233,0.08282703161239624,0.021502187475562096,0.0018087942153215408,0.23230598866939545,0.8543751835823059,0.10221880674362183,2.540520429611206,11412.3349609375,32.3277702331543,31.281383514404297,63.609153747558594,314.420166015625,2.7205774784088135
2.335519552230835,34.47999954223633,1000.0,146.0,0.49882760643959045,0.02202168107032776,9.0,1.0026719570159912,1.0026719570159912,1.0026719570159912,0.020970674231648445,0.0001235999952768907,0.39848455786705017,2940000.0,-0.030114008113741875,-0.005405303090810776,-0.21356689929962158,0.023488864302635193,0.0019866768270730972,0.30718767642974854,0.7063721418380737,-0.14800304174423218,2.1053099632263184,11485.556640625,33.29047393798828,39.90771484375,73.19818878173828,273.2308044433594,2.8734822273254395
2.2188048362731934,26.540000915527344,1000.0,147.0,0.48656150698661804,0.02016592212021351,7.0,0.9997993111610413,0.9997993111610413,0.9997993111610413,0.02081320621073246,0.00012240000069141388,0.3936210572719574,2960000.0,-0.02244354970753193,0.007670458406209946,-0.1606990098953247,0.01968415081501007,-0.003804713487625122,0.24157527089118958,0.7386276125907898,0.032255470752716064,2.630678415298462,11549.3486328125,34.42802047729492,29.320934295654297,63.74895477294922,313.7306213378906,2.8986117839813232
2.448338270187378,22.8799991607666,1000.0,148.0,0.4771784245967865,0.02026313543319702,10.0,1.0006617307662964,1.0006617307662964,1.0006617307662964,0.020856210961937904,0.00012119999882997945,0.389945924282074,2980000.0,-0.02683538943529129,-0.004391839727759361,-0.05795596167445183,0.02294849418103695,0.0032643433660268784,0.2851440906524658,0.5597783327102661,-0.17884927988052368,2.02123761177063,11629.228515625,38.79349136352539,41.059329986572266,79.85282135009766,250.46078491210938,2.862534999847412
1.8773432970046997,15.260000228881836,1000.0,149.0,0.4685503840446472,0.020501943305134773,6.0,1.0002284049987793,1.0002284049987793,1.0002284049987793,0.022135568782687187,0.00011999999696854502,0.3866038918495178,3000000.0,-0.023399682715535164,0.0034357067197561264,-0.18449193239212036,0.01952999085187912,-0.0034185033291578293,0.2739010751247406,0.7185441255569458,0.1587657928466797,2.4314398765563965,11687.9248046875,35.02083969116211,23.650575637817383,58.671417236328125,340.8815002441406,2.706681966781616
1.8704708814620972,16.459999084472656,1000.0,150.0,0.45573315024375916,0.021119853481650352,9.0,1.0007861852645874,1.0007861852645874,1.0007861852645874,0.02035384252667427,0.0001188000023830682,0.3816950023174286,3020000.0,-0.022821342572569847,0.0005783401429653168,0.017413785681128502,0.01635393314063549,-0.0031760577112436295,0.154814213514328,0.4772464632987976,-0.2412976622581482,2.365039825439453,11765.625,41.2869873046875,36.391273498535156,77.67826080322266,257.4722900390625,2.5734007358551025
1.7831555604934692,18.520000457763672,1000.0,151.0,0.4450640082359314,0.020114464685320854,8.0,1.0006775856018066,1.0006775856018066,1.0006775856018066,0.02124534733593464,0.00011760000052163377,0.377652108669281,3040000.0,-0.021738220006227493,0.0010831225663423538,-0.19042788445949554,0.01880253292620182,0.00244859978556633,0.3092833459377289,0.6670860052108765,0.18983954191207886,2.1881959438323975,11837.794921875,38.99138259887695,33.1532096862793,72.14459228515625,277.2210388183594,2.48065447807312
1.888974905014038,20.260000228881836,1000.0,152.0,0.44493263959884644,0.020489411428570747,10.0,1.0012779235839844,1.0012779235839844,1.0012779235839844,0.02174966037273407,0.00011639999866019934,0.37762323021888733,3060000.0,-0.029699351638555527,-0.007961131632328033,0.007254917174577713,0.016572389751672745,-0.0022301431745290756,0.22531165182590485,0.5451399683952332,-0.12194603681564331,1.673838496208191,11918.259765625,39.398223876953125,41.03327941894531,80.43150329589844,248.65879821777344,2.415405511856079
2.1830835342407227,28.739999771118164,1000.0,153.0,0.4421301782131195,0.021128185093402863,8.0,1.004672646522522,1.004672646522522,1.004672646522522,0.023138051852583885,0.00011519999679876491,0.37657541036605835,3080000.0,-0.031272079795598984,-0.001572728157043457,-0.3064529299736023,0.016983691602945328,0.000411301851272583,0.2589937448501587,0.9090759754180908,0.36393600702285767,2.2089779376983643,11988.4033203125,34.211509704589844,35.90607833862305,70.11758422851562,285.2351379394531,2.4782490730285645
1.7424355745315552,26.059999465942383,1000.0,154.0,0.4335230886936188,0.020868169143795967,5.0,1.000506043434143,1.000506043434143,1.000506043434143,0.020165689289569855,0.0001140000022132881,0.37333735823631287,3100000.0,-0.016660459339618683,0.014611620455980301,-0.03964579105377197,0.016467604786157608,-0.0005160868167877197,0.21282358467578888,1.3909627199172974,0.48188674449920654,2.339136838912964,12040.2958984375,30.89093589782715,20.977645874023438,51.86858367919922,385.5898742675781,2.4996204376220703
1.7819095849990845,24.559999465942383,1000.0,155.0,0.4309195280075073,0.0203627347946167,8.0,1.0015307664871216,1.0015307664871216,1.0015307664871216,0.020488811656832695,0.00011280000035185367,0.3723770081996918,3120000.0,-0.02799573726952076,-0.011335277929902077,0.21944141387939453,0.020504271611571312,0.004036666825413704,0.26228564977645874,0.8596780300140381,-0.5312846899032593,2.639453649520874,12108.4140625,35.4956169128418,32.59964370727539,68.09526062011719,293.7062072753906,2.497952938079834
1.6112812757492065,17.360000610351562,1000.0,156.0,0.41919374465942383,0.02028401754796505,9.0,0.9997885227203369,0.9997885227203369,0.9997885227203369,0.01989045739173889,0.00011159999849041924,0.368059903383255,3140000.0,-0.02725192718207836,0.0007438100874423981,-0.17526057362556458,0.01952163130044937,-0.0009826403111219406,0.24276982247829437,0.7715925574302673,-0.08808547258377075,2.515735149383545,12183.8994140625,38.54032897949219,36.919776916503906,75.46107482910156,265.03729248046875,2.3881492614746094
2.516176462173462,17.920000076293945,1000.0,157.0,0.40878093242645264,0.02245488576591015,7.0,1.002203106880188,1.002203106880188,1.002203106880188,0.020102785900235176,0.00011039999662898481,0.3642181158065796,3160000.0,-0.017311586067080498,0.009940341114997864,0.29932641983032227,0.023849859833717346,0.004328228533267975,0.2840940058231354,0.724150538444519,-0.04744201898574829,2.0825161933898926,12249.4404296875,35.65153884887695,29.865345001220703,65.51688385009766,305.26483154296875,2.2884154319763184
2.1578187942504883,18.5,1000.0,158.0,0.4047556519508362,0.02028014324605465,8.0,1.0013427734375,1.0013427734375,1.0013427734375,0.021895959973335266,0.00010920000204350799,0.3627474009990692,3180000.0,-0.02635212615132332,-0.00904054008424282,0.17516334354877472,0.017312832176685333,-0.006537027657032013,0.21299169957637787,0.9085196852684021,0.18436914682388306,2.4427928924560547,12314.6123046875,31.49883270263672,33.64921188354492,65.1480484008789,306.99310302734375,2.1988284587860107
2.548872470855713,18.719999313354492,1000.0,159.0,0.3974722921848297,0.02203426882624626,10.0,1.0007350444793701,1.0007350444793701,1.0007350444793701,0.020980115979909897,0.00010800000018207356,0.36012864112854004,3200000.0,-0.027388982474803925,-0.001036856323480606,0.03810689598321915,0.018387077376246452,0.001074245199561119,0.32503560185432434,0.5156977772712708,-0.39282190799713135,2.2666895389556885,12394.107421875,36.730201721191406,42.73445129394531,79.46465301513672,251.68421936035156,2.1137707233428955
1.9344305992126465,22.260000228881836,1000.0,160.0,0.39377322793006897,0.020769305527210236,9.0,1.003184199333191,1.003184199333191,1.003184199333191,0.021366016939282417,0.00010679999832063913,0.35877469182014465,3220000.0,-0.027843086048960686,-0.00045410357415676117,-0.19470402598381042,0.015490042045712471,-0.0028970353305339813,0.2731364071369171,0.6592968702316284,0.14359909296035767,2.305208921432495,12466.54296875,35.46685028076172,36.938899993896484,72.40574645996094,276.2211608886719,2.082926034927368
2.136664390563965,29.139999389648438,1000.0,161.0,0.3918333053588867,0.022491130977869034,9.0,1.0037990808486938,1.0037990808486938,1.0037990808486938,0.02348996326327324,0.0001055999964592047,0.3580620288848877,3240000.0,-0.03968705236911774,-0.011843966320157051,-0.028871910646557808,0.022568222135305405,0.007078180089592934,0.4511539041996002,0.8244680166244507,0.16517114639282227,2.844848155975342,12538.525390625,34.50270080566406,37.45369338989258,71.9563980102539,277.94610595703125,2.1554534435272217
1.7834080457687378,34.34000015258789,1000.0,162.0,0.3955806493759155,0.020816728472709656,9.0,1.0009135007858276,1.0009135007858276,1.0009135007858276,0.020734434947371483,0.00010440000187372789,0.35940879583358765,3260000.0,-0.03324783965945244,0.0064392127096652985,-0.012846015393733978,0.01602102629840374,-0.006547195836901665,0.2974448800086975,0.8628173470497131,0.03834933042526245,2.8817594051361084,12612.275390625,36.90165328979492,36.818115234375,73.71977233886719,271.2976379394531,2.3057656288146973
1.975985050201416,32.599998474121094,1000.0,163.0,0.38750672340393066,0.022304533049464226,11.0,0.9992066025733948,0.9992066025733948,0.9992066025733948,0.020099148154258728,0.00010320000001229346,0.3565274178981781,3280000.0,-0.02652932144701481,0.00671851821243763,-0.07939249277114868,0.01709291897714138,0.0010718926787376404,0.4398750960826874,0.6047422885894775,-0.2580750584602356,3.4777672290802,12695.46875,38.13492202758789,45.034671783447266,83.16959381103516,240.47250366210938,2.4277210235595703
1.7842681407928467,27.600000381469727,1000.0,164.0,0.37783026695251465,0.021251091733574867,8.0,1.0002644062042236,1.0002644062042236,1.0002644062042236,0.02177135832607746,0.00010199999815085903,0.35307952761650085,3300000.0,-0.02542569860816002,0.0011036228388547897,0.21078355610370636,0.021183980628848076,0.0040910616517066956,0.4635520875453949,0.6444119811058044,0.039669692516326904,2.9326977729797363,12761.3779296875,31.354745864868164,34.52899932861328,65.8847885131836,303.5602111816406,2.4712185859680176
1.4269838333129883,18.579999923706055,1000.0,165.0,0.3743157982826233,0.02067985013127327,11.0,0.9989950656890869,0.9989950656890869,0.9989950656890869,0.020657332614064217,0.00010080000356538221,0.35183486342430115,3320000.0,-0.020437216386198997,0.004988482221961021,-0.1214182898402214,0.013057535514235497,-0.00812644511461258,0.18601931631565094,0.44872134923934937,-0.19569063186645508,2.4633708000183105,12842.3369140625,33.60654830932617,47.329769134521484,80.93631744384766,247.10784912109375,2.374781370162964
1.8869801759719849,24.920000076293945,1000.0,166.0,0.37188413739204407,0.020392362028360367,9.0,1.0008935928344727,1.0008935928344727,1.0008935928344727,0.02269567735493183,9.960000170394778e-05,0.35097405314445496,3340000.0,-0.031421586871147156,-0.010984370484948158,0.16367334127426147,0.0183463916182518,0.005288856104016304,0.32832175493240356,0.7868911623954773,0.33816981315612793,2.416163444519043,12911.576171875,32.00846862792969,37.20560073852539,69.21406555175781,288.9585876464844,2.381826162338257
2.2305517196655273,23.639999389648438,1000.0,167.0,0.367704838514328,0.02289150096476078,10.0,1.002097725868225,1.002097725868225,1.002097725868225,0.021222373470664024,9.839999984251335e-05,0.34951847791671753,3360000.0,-0.029044458642601967,0.002377128228545189,-0.27870669960975647,0.02132086455821991,0.002974472939968109,0.34218642115592957,0.672261655330658,-0.11462950706481934,2.2663350105285645,12987.2734375,35.54502487182617,40.12799072265625,75.67301177978516,264.2950134277344,2.368358612060547
2.910646438598633,25.100000381469727,1000.0,168.0,0.3649703860282898,0.020518705248832703,9.0,1.0001449584960938,1.0001449584960938,1.0001449584960938,0.02105998620390892,9.719999798107892e-05,0.3485565483570099,3380000.0,-0.026928605511784554,0.0021158531308174133,-0.00104425847530365,0.02057347074151039,-0.0007473938167095184,0.34307149052619934,0.5147935152053833,-0.15746814012527466,2.372767925262451,13058.259765625,33.28230285644531,37.679115295410156,70.96141815185547,281.8432922363281,2.3772244453430176
3.082202434539795,24.940000534057617,1000.0,169.0,0.3616476058959961,0.0206264890730381,7.0,1.0027905702590942,1.0027905702590942,1.0027905702590942,0.02150310017168522,9.600000339560211e-05,0.3474085032939911,3400000.0,-0.03227866068482399,-0.005350055173039436,-0.1739477664232254,0.02095634862780571,0.0003828778862953186,0.42177000641822815,0.945489227771759,0.43069571256637573,2.7766025066375732,13122.0810546875,35.52350997924805,28.273006439208984,63.79651641845703,313.4967346191406,2.3831069469451904
2.732879638671875,26.719999313354492,1000.0,170.0,0.3586060404777527,0.020396096631884575,10.0,1.0017755031585693,1.0017755031585693,1.0017755031585693,0.020183676853775978,9.480000153416768e-05,0.34636354446411133,3420000.0,-0.032553885132074356,-0.0002752244472503662,-0.17080159485340118,0.015638234093785286,-0.005318114534020424,0.2902793884277344,0.5335581302642822,-0.4119310975074768,2.7013180255889893,13198.9599609375,36.999202728271484,39.854583740234375,76.8537826538086,260.2344055175781,2.414485216140747
2.00187611579895,32.65999984741211,1000.0,171.0,0.3533298671245575,0.020236192271113396,9.0,1.005627155303955,1.005627155303955,1.005627155303955,0.022250749170780182,9.359999967273325e-05,0.34454306960105896,3440000.0,-0.03097945638000965,0.001574428752064705,0.01951119303703308,0.016460729762911797,0.0008224956691265106,0.3078065514564514,1.6899605989456177,1.1564024686813354,2.115589141845703,13272.2890625,38.365135192871094,34.94035720825195,73.30548858642578,272.83087158203125,2.533784866333008
1.8412131071090698,38.439998626708984,1000.0,172.0,0.3471493721008301,0.020120611414313316,7.0,0.9997240900993347,0.9997240900993347,0.9997240900993347,0.020882856100797653,9.239999781129882e-05,0.3424241840839386,3460000.0,-0.03952481597661972,-0.00854535959661007,0.1448306441307068,0.022220835089683533,0.005760105326771736,0.4021052122116089,1.344293475151062,-0.34566712379455566,4.2751007080078125,13338.4443359375,37.445865631103516,28.68593978881836,66.13180541992188,302.42633056640625,2.7379393577575684
1.820854902267456,33.939998626708984,1000.0,173.0,0.33379489183425903,0.02143365889787674,11.0,1.0026615858078003,1.0026615858078003,1.0026615858078003,0.019806766882538795,9.1200003225822e-05,0.3378726541996002,3480000.0,-0.03736312687397003,0.0021616891026496887,0.2749008238315582,0.019425485283136368,-0.002795349806547165,0.47289207577705383,0.7176350951194763,-0.6266583800315857,2.5934362411499023,13417.130859375,32.223453521728516,46.4403190612793,78.66377258300781,254.24664306640625,2.8697259426116943
2.069873809814453,30.34000015258789,1000.0,174.0,0.3219314515590668,0.020202837884426117,8.0,1.000875473022461,1.000875473022461,1.000875473022461,0.021173998713493347,9.000000136438757e-05,0.33388766646385193,3500000.0,-0.033700473606586456,0.0036626532673835754,0.18199968338012695,0.019158679991960526,-0.0002668052911758423,0.35892271995544434,0.7338667511940002,0.016231656074523926,3.4249284267425537,13481.607421875,32.207061767578125,32.245723724365234,64.45278930664062,310.3046569824219,2.9460935592651367
2.339301824569702,34.459999084472656,1000.0,175.0,0.3209221661090851,0.02095038816332817,10.0,1.00394606590271,1.00394606590271,1.00394606590271,0.02239168994128704,8.879999950295314e-05,0.33354452252388,3520000.0,-0.048335231840610504,-0.014634758234024048,0.020193062722682953,0.01750730164349079,-0.0016513783484697342,0.3441172242164612,1.0545908212661743,0.3207240700721741,3.318230152130127,13552.0341796875,30.053844451904297,40.34965515136719,70.40450286865234,284.07275390625,3.0896825790405273
2.4261417388916016,37.18000030517578,1000.0,176.0,0.3257477879524231,0.020431622862815857,10.0,1.001137137413025,1.001137137413025,1.001137137413025,0.020644841715693474,8.759999764151871e-05,0.3351532518863678,3540000.0,-0.0324552096426487,0.015880022197961807,-0.06270714104175568,0.02099020779132843,0.003482906147837639,0.30558910965919495,0.7233033180236816,-0.3312875032424927,3.336259365081787,13629.4296875,36.863861083984375,40.50808334350586,77.37194061279297,258.49163818359375,3.2698121070861816
2.3716940879821777,43.560001373291016,1000.0,177.0,0.3249378502368927,0.021342065185308456,11.0,1.0039210319519043,1.0039210319519043,1.0039210319519043,0.02104956842958927,8.64000030560419e-05,0.3348846435546875,3560000.0,-0.03664249926805496,-0.004187289625406265,0.13698886334896088,0.019216621294617653,-0.0017735864967107773,0.411510169506073,0.5844747424125671,-0.1388285756111145,2.416002035140991,13707.48046875,34.35062026977539,43.67609405517578,78.0267105102539,256.3224792480469,3.546555280685425
1.603306770324707,35.41999816894531,1000.0,178.0,0.323355495929718,0.021562043577432632,8.0,1.0013710260391235,1.0013710260391235,1.0013710260391235,0.02046068198978901,8.520000119460747e-05,0.3343512713909149,3580000.0,-0.02551632933318615,0.011126169934868813,0.06367557495832443,0.016168171539902687,-0.003048449754714966,0.3630119562149048,0.6213091015815735,0.03683435916900635,2.221254587173462,13771.9912109375,31.33686637878418,33.15045928955078,64.4873275756836,310.1384582519531,3.6918413639068604
1.8853278160095215,31.8799991607666,1000.0,179.0,0.32009971141815186,0.02132815308868885,12.0,1.0044145584106445,1.0044145584106445,1.0044145584106445,0.020501866936683655,8.399999933317304e-05,0.33326104283332825,3600000.0,-0.031545523554086685,-0.006029194220900536,-0.11884160339832306,0.01731942594051361,0.0011512544006109238,0.26488760113716125,0.6275149583816528,0.006205856800079346,1.8997013568878174,13857.263671875,37.20881652832031,48.039947509765625,85.24876403808594,234.60751342773438,3.780282974243164
2.156064987182617,25.239999771118164,1000.0,180.0,0.31258097290992737,0.02119017392396927,11.0,1.0026248693466187,1.0026248693466187,1.0026248693466187,0.02101336233317852,8.27999974717386e-05,0.33076319098472595,3620000.0,-0.03923361375927925,-0.007688090205192566,-0.21963393688201904,0.02001682110130787,0.002697395160794258,0.4389250874519348,0.5994546413421631,-0.028060317039489746,2.1269712448120117,13932.3701171875,30.72073745727539,44.361488342285156,75.08222198486328,266.3746337890625,3.763932466506958
2.7985641956329346,25.31999969482422,1000.0,181.0,0.30576181411743164,0.021093759685754776,9.0,1.002638339996338,1.002638339996338,1.002638339996338,0.02086946740746498,8.160000288626179e-05,0.3285154700279236,3640000.0,-0.03100120835006237,0.00823240540921688,-0.25650909543037415,0.019431421533226967,-0.0005853995680809021,0.3515447974205017,0.7470756769180298,0.1476210355758667,2.394235372543335,14002.4599609375,32.62458038330078,37.44219970703125,70.06678009033203,285.4419860839844,3.7467896938323975
2.9949328899383545,24.700000762939453,1000.0,182.0,0.29856017231941223,0.02174779772758484,10.0,0.9998931288719177,0.9998931288719177,0.9998931288719177,0.019622107967734337,8.040000102482736e-05,0.3261587619781494,3660000.0,-0.0315944068133831,-0.0005931984633207321,-0.027709223330020905,0.019355852156877518,-7.556937634944916e-05,0.4814618229866028,0.6860886812210083,-0.060986995697021484,2.6399340629577637,14076.630859375,34.33846664428711,39.805973052978516,74.14443969726562,269.7437744140625,3.7181639671325684
2.623244047164917,24.899999618530273,1000.0,183.0,0.29335537552833557,0.021272005513310432,12.0,1.0036886930465698,1.0036886930465698,1.0036886930465698,0.021704714745283127,7.919999916339293e-05,0.3244665861129761,3680000.0,-0.03237340971827507,-0.0007790029048919678,-0.09759210050106049,0.017172403633594513,-0.0021834485232830048,0.3024120628833771,0.5748913884162903,-0.11119729280471802,1.7948681116104126,14155.9794921875,30.960676193237305,48.36279296875,79.32347106933594,252.13218688964844,3.696169376373291
2.6947500705718994,25.079999923706055,1000.0,184.0,0.2823472321033478,0.022462936118245125,12.0,1.0030943155288696,1.0030943155288696,1.0030943155288696,0.021022964268922806,7.79999973019585e-05,0.3209189474582672,3700000.0,-0.03414348512887955,-0.001770075410604477,0.012639936059713364,0.023554803803563118,0.006382400169968605,0.36403897404670715,0.6622331738471985,0.0873417854309082,2.5875368118286133,14239.322265625,33.06875991821289,50.25050735473633,83.31926727294922,240.04051208496094,3.6798148155212402
2.5804457664489746,29.219999313354492,1000.0,185.0,0.2753630578517914,0.020652728155255318,10.0,1.0028722286224365,1.0028722286224365,1.0028722286224365,0.021802395582199097,7.680000271648169e-05,0.31867849826812744,3720000.0,-0.0432560034096241,-0.009112518280744553,0.22386643290519714,0.023454362526535988,-0.00010044127702713013,0.4034678339958191,0.6847746968269348,0.022541522979736328,2.4565186500549316,14309.939453125,30.6899356842041,39.903114318847656,70.59304809570312,283.3139953613281,3.7264277935028076
3.093860387802124,34.880001068115234,1000.0,186.0,0.2739371359348297,0.02013910748064518,12.0,1.0012879371643066,1.0012879371643066,1.0012879371643066,0.019418854266405106,7.560000085504726e-05,0.31822469830513,3740000.0,-0.04246148839592934,0.0007945150136947632,0.07607860863208771,0.021271513774991035,-0.0021828487515449524,0.40480563044548035,0.5247033834457397,-0.16007131338119507,2.13777494430542,14390.1640625,31.839866638183594,48.36228942871094,80.20215606689453,249.36985778808594,3.859189987182617
2.653262138366699,35.68000030517578,1000.0,187.0,0.2654818892478943,0.020999839529395103,12.0,1.000577449798584,1.000577449798584,1.000577449798584,0.02065684273838997,7.439999899361283e-05,0.3155457675457001,3760000.0,-0.038748517632484436,0.0037129707634449005,-0.05630464106798172,0.019167684018611908,-0.0021038297563791275,0.3088848888874054,0.6001843214035034,0.07548093795776367,2.6651217937469482,14475.3369140625,37.01285171508789,48.13480758666992,85.14765930175781,234.88607788085938,3.999464273452759
2.1376795768737793,37.08000183105469,1000.0,188.0,0.25844448804855347,0.020151901990175247,11.0,1.0019782781600952,1.0019782781600952,1.0019782781600952,0.020753104239702225,7.31999971321784e-05,0.3133321702480316,3780000.0,-0.033488500863313675,0.005260016769170761,0.061025891453027725,0.017155857756733894,-0.0020118262618780136,0.37788477540016174,0.6496880650520325,0.04950374364852905,2.5433905124664307,14550.767578125,31.723283767700195,43.6815071105957,75.40479278564453,265.2351379394531,4.163835048675537
1.4563930034637451,32.220001220703125,1000.0,189.0,0.2590676248073578,0.021082885563373566,11.0,1.0014519691467285,1.0014519691467285,1.0014519691467285,0.02134472131729126,7.200000254670158e-05,0.3135276734828949,3800000.0,-0.04657468572258949,-0.013086184859275818,-0.19797563552856445,0.019912566989660263,0.0027567092329263687,0.3411974012851715,1.0224101543426514,0.3727220892906189,2.7577176094055176,14626.9873046875,30.583654403686523,45.60933303833008,76.19298553466797,262.4913635253906,4.252466678619385
1.9082772731781006,35.099998474121094,1000.0,190.0,0.2632768452167511,0.020515521988272667,12.0,1.0030416250228882,1.0030416250228882,1.0030416250228882,0.021313009783625603,7.080000068526715e-05,0.3148532211780548,3820000.0,-0.048846982419490814,-0.0022722966969013214,0.06841519474983215,0.021471988409757614,0.001559421420097351,0.4500402808189392,0.7152830362319946,-0.30712711811065674,3.0024585723876953,14707.1806640625,33.559783935546875,46.60700225830078,80.16678619384766,249.47987365722656,4.388237476348877
2.332334041595459,38.70000076293945,1000.0,191.0,0.26501840353012085,0.021096663549542427,11.0,1.003841757774353,1.003841757774353,1.003841757774353,0.02168409526348114,6.959999882383272e-05,0.31540125608444214,3840000.0,-0.06247163563966751,-0.013624653220176697,-0.08994626998901367,0.01889992319047451,-0.002572065219283104,0.4093378782272339,1.1009533405303955,0.3856703042984009,3.1822681427001953,14780.7421875,30.23004913330078,43.30597686767578,73.53602600097656,271.97552490234375,4.578029155731201
2.210155725479126,39.779998779296875,1000.0,192.0,0.2670821249485016,0.020772051066160202,13.0,1.0016233921051025,1.0016233921051025,1.0016233921051025,0.019978312775492668,6.839999696239829e-05,0.3160570561885834,3860000.0,-0.04496697708964348,0.017504658550024033,-0.038774698972702026,0.0175427608191967,-0.0013571623712778091,0.3179023563861847,0.6067581176757812,-0.49419522285461426,2.6849634647369385,14866.7373046875,32.692108154296875,53.278564453125,85.97067260742188,232.63748168945312,4.782231330871582
1.2535253763198853,32.70000076293945,1000.0,193.0,0.2582904100418091,0.020334677770733833,12.0,1.0033270120620728,1.0033270120620728,1.0033270120620728,0.020271651446819305,6.720000237692147e-05,0.31330135464668274,3880000.0,-0.02855956368148327,0.01640741340816021,0.01172780990600586,0.013412687927484512,-0.004130072891712189,0.1847611516714096,0.721610963344574,0.11485284566879272,2.234494209289551,14944.21484375,29.067201614379883,48.38511657714844,77.45231628417969,258.223388671875,4.873773574829102
1.002761721611023,31.959999084472656,1000.0,194.0,0.24877570569515228,0.020739203318953514,12.0,1.0008504390716553,1.0008504390716553,1.0008504390716553,0.02130935713648796,6.600000051548705e-05,0.31032443046569824,3900000.0,-0.04827798902988434,-0.01971842534840107,0.07907795161008835,0.015021592378616333,0.0016089044511318207,0.25048795342445374,0.8162656426429749,0.09465467929840088,3.472306966781616,15023.1630859375,29.39162826538086,49.53203582763672,78.92366027832031,253.409423828125,4.953028678894043
0.9929203987121582,22.559999465942383,1000.0,195.0,0.23976927995681763,0.02157311700284481,15.0,1.002599835395813,1.002599835395813,1.002599835395813,0.020050739869475365,6.479999865405262e-05,0.30754050612449646,3920000.0,-0.03412586450576782,0.014152124524116516,0.12837252020835876,0.01535127591341734,0.0003296835348010063,0.24720627069473267,0.5016522407531738,-0.314613401889801,2.5921671390533447,15112.0146484375,28.72466468811035,60.10015869140625,88.82482147216797,225.16229248046875,4.884030818939209
1.7333238124847412,27.299999237060547,1000.0,196.0,0.23068316280841827,0.02032666839659214,14.0,1.0030031204223633,1.0030031204223633,1.0030031204223633,0.020615873858332634,6.359999679261819e-05,0.30475637316703796,3940000.0,-0.04405463486909866,-0.009928770363330841,-0.2576367259025574,0.01776747591793537,0.002416200004518032,0.34807562828063965,0.6094976663589478,0.10784542560577393,3.2544257640838623,15196.189453125,27.503368377685547,56.64562225341797,84.14899444580078,237.67367553710938,4.887903213500977
1.920711636543274,25.1200008392334,1000.0,197.0,0.22531650960445404,0.02072129026055336,12.0,1.0015016794204712,1.0015016794204712,1.0015016794204712,0.01979367621243,6.240000220714137e-05,0.30312326550483704,3960000.0,-0.037016842514276505,0.007037792354822159,0.34466880559921265,0.011750057339668274,-0.0060174185782670975,0.253367155790329,0.47502467036247253,-0.13447299599647522,3.3168559074401855,15274.7646484375,30.348079681396484,48.20075225830078,78.5493392944336,254.61705017089844,4.858541965484619
2.1830337047576904,33.08000183105469,1000.0,198.0,0.2163185030221939,0.020633099600672722,11.0,1.004660964012146,1.004660964012146,1.004660964012146,0.02104019559919834,6.120000034570694e-05,0.300406813621521,3980000.0,-0.053453028202056885,-0.01643618568778038,0.2502940893173218,0.01633136346936226,0.004581306129693985,0.3234827518463135,0.7106765508651733,0.2356518805027008,3.3757598400115967,15347.3564453125,29.148208618164062,43.41844940185547,72.56665802001953,275.6086730957031,4.953388214111328
2.0274927616119385,25.399999618530273,1000.0,199.0,0.20598044991493225,0.02090982161462307,15.0,1.001434326171875,1.001434326171875,1.001434326171875,0.019847223535180092,5.999999848427251e-05,0.29731956124305725,4000000.0,-0.03827252611517906,0.015180502086877823,-0.009950943291187286,0.015293054282665253,-0.0010383091866970062,0.3244679868221283,0.5694757103919983,-0.14120084047317505,3.0022692680358887,15436.51171875,29.730337142944336,59.401058197021484,89.13139343261719,224.38783264160156,4.930922508239746
2.126572370529175,39.099998474121094,1000.0,200.0,0.19980517029762268,0.020375562831759453,16.0,1.006965160369873,1.006965160369873,1.006965160369873,0.02122506871819496,5.880000026081689e-05,0.2954866290092468,4020000.0,-0.04784514755010605,-0.009572621434926987,0.20626242458820343,0.012884811498224735,-0.0024082427844405174,0.27467405796051025,0.6912681460380554,0.12179243564605713,2.9376301765441895,15529.1171875,29.745058059692383,62.83293151855469,92.57798767089844,216.03407287597656,5.12069034576416
2.2673585414886475,33.2400016784668,1000.0,201.0,0.19264014065265656,0.021141089498996735,14.0,1.0032223463058472,1.0032223463058472,1.0032223463058472,0.018850529566407204,5.759999839938246e-05,0.2933802008628845,4040000.0,-0.03242962807416916,0.01541551947593689,0.050335679203271866,0.016862215474247932,0.003977403976023197,0.27783605456352234,0.49234738945961,-0.19892075657844543,2.865809440612793,15612.69140625,28.418888092041016,55.12858200073242,83.54747009277344,239.38487243652344,5.215389728546143
2.025390863418579,31.579999923706055,1000.0,202.0,0.18503925204277039,0.020718932151794434,16.0,1.0024669170379639,1.0024669170379639,1.0024669170379639,0.020468013361096382,5.6400000175926834e-05,0.2911607325077057,4060000.0,-0.030285025015473366,0.002144603058695793,-0.06708502769470215,0.018075665459036827,0.0012134499847888947,0.2927703261375427,0.39765894412994385,-0.09468844532966614,2.248812675476074,15706.521484375,30.42821502685547,63.3772087097168,93.805419921875,213.20729064941406,5.283203601837158
2.151078701019287,22.799999237060547,1000.0,203.0,0.1809510886669159,0.02207452431321144,15.0,1.0031428337097168,1.0031428337097168,1.0031428337097168,0.020931201055645943,5.5199998314492404e-05,0.28997281193733215,4080000.0,-0.04480557143688202,-0.014520546421408653,-0.0174261424690485,0.016109047457575798,-0.001966618001461029,0.28429779410362244,0.45206353068351746,0.05440458655357361,2.0925910472869873,15795.2587890625,28.663055419921875,60.046180725097656,88.70923614501953,225.45565795898438,5.222927093505859
1.8266738653182983,21.399999618530273,1000.0,204.0,0.17601390182971954,0.021259404718875885,15.0,1.000129222869873,1.000129222869873,1.000129222869873,0.02030417136847973,5.400000009103678e-05,0.2885439097881317,4100000.0,-0.03788334131240845,0.006922230124473572,-0.1267322450876236,0.014181281439960003,-0.0019277660176157951,0.1392204761505127,0.6898207664489746,0.23775723576545715,2.514281988143921,15883.1884765625,28.270429611206055,59.633216857910156,87.90364837646484,227.5218505859375,5.143954277038574
1.8053197860717773,24.5,1000.0,205.0,0.1664484590291977,0.021481314674019814,15.0,1.001755952835083,1.001755952835083,1.001755952835083,0.020672950893640518,5.279999822960235e-05,0.28581762313842773,4120000.0,-0.04315674304962158,-0.005273401737213135,-0.02211831510066986,0.014708510600030422,0.0005272291600704193,0.29503485560417175,0.5038025379180908,-0.1860182285308838,2.982944965362549,15971.341796875,28.496519088745117,59.63055419921875,88.1270751953125,226.9450225830078,5.113630294799805
1.498435378074646,17.899999618530273,1000.0,206.0,0.14806057512760162,0.021263208240270615,21.0,1.001715064048767,1.001715064048767,1.001715064048767,0.01945001259446144,5.160000000614673e-05,0.2806362807750702,4140000.0,-0.021538635715842247,0.021618107333779335,0.06692176312208176,0.011720473878085613,-0.002988036721944809,0.21019861102104187,0.392014741897583,-0.11178779602050781,2.0337748527526855,16082.146484375,27.312702178955078,83.4660415649414,110.77874755859375,180.5400390625,4.985572338104248
1.512648105621338,19.739999771118164,1000.0,207.0,0.13558407127857208,0.020671309903264046,12.0,0.9997218251228333,0.9997218251228333,0.9997218251228333,0.019979769363999367,5.0400001782691106e-05,0.27716055512428284,4160000.0,-0.03579205647110939,-0.014253420755267143,0.15930844843387604,0.017943954095244408,0.006223480217158794,0.2796810567378998,0.576631486415863,0.18461674451828003,2.636831521987915,16160.40234375,30.548107147216797,47.679443359375,78.22755432128906,255.66439819335938,4.887967586517334
1.547878623008728,15.699999809265137,1000.0,208.0,0.12358628213405609,0.020730068907141685,18.0,0.9994753003120422,0.9994753003120422,0.9994753003120422,0.01972099393606186,4.9199999921256676e-05,0.2738654315471649,4180000.0,-0.030063673853874207,0.005728382617235184,-0.27056288719177246,0.015546239912509918,-0.0023977141827344894,0.3328619599342346,0.3401966094970703,-0.23643487691879272,3.0052475929260254,16259.9599609375,27.570981979370117,71.96255493164062,99.53353881835938,200.9373016357422,4.73201322555542
1.264890432357788,12.979999542236328,1000.0,209.0,0.11016905307769775,0.02018551155924797,17.0,1.0024051666259766,1.0024051666259766,1.0024051666259766,0.019556432962417603,4.8000001697801054e-05,0.2702181339263916,4200000.0,-0.02515394613146782,0.004909727722406387,0.05726664885878563,0.013437584973871708,-0.0021086549386382103,0.28980717062950134,0.2826583683490753,-0.057538241147994995,2.153701066970825,16356.8173828125,28.120208740234375,68.70594787597656,96.82615661621094,206.55575561523438,4.538405895233154
0.8262730240821838,11.520000457763672,1000.0,210.0,0.10206155478954315,0.020914558321237564,15.0,1.0053831338882446,1.0053831338882446,1.0053831338882446,0.02066393382847309,4.6799999836366624e-05,0.2680429518222809,4220000.0,-0.037973370403051376,-0.012819424271583557,0.28750041127204895,0.014808009378612041,0.0013704244047403336,0.20566189289093018,0.5108633637428284,0.22820499539375305,2.1525981426239014,16445.3046875,28.858869552612305,59.60157012939453,88.46044158935547,226.0897674560547,4.326569557189941
1.0191997289657593,16.459999084472656,1000.0,211.0,0.09626536816358566,0.020227165892720222,16.0,1.0005689859390259,1.0005689859390259,1.0005689859390259,0.0207523126155138,4.5600001612911e-05,0.2664889097213745,4240000.0,-0.03285674750804901,0.005116622895002365,0.047077029943466187,0.013466221280395985,-0.0013417880982160568,0.2895500063896179,0.416809618473053,-0.09405374526977539,2.422973394393921,16537.107421875,29.027156829833984,62.74885940551758,91.77601623535156,217.92185974121094,4.192684650421143
1.3683143854141235,25.15999984741211,1000.0,212.0,0.09553743898868561,0.021251346915960312,19.0,1.0048983097076416,1.0048983097076416,1.0048983097076416,0.020986663177609444,4.439999975147657e-05,0.2662928104400635,4260000.0,-0.05142335221171379,-0.01856660470366478,0.07803560793399811,0.012580250389873981,-0.0008859708905220032,0.3018587529659271,0.4857544004917145,0.0689447820186615,2.6256399154663086,16643.287109375,31.527706146240234,74.62661743164062,106.1543197631836,188.4049530029297,4.1917243003845215
1.6999691724777222,25.65999984741211,1000.0,213.0,0.08459951728582382,0.02011936902999878,14.0,0.9994428753852844,0.9994428753852844,0.9994428753852844,0.01895204745233059,4.320000152802095e-05,0.2634110152721405,4280000.0,-0.03649552911520004,0.014927823096513748,-0.20105703175067902,0.016367334872484207,0.0037870844826102257,0.3619144856929779,0.4077675938606262,-0.07798680663108826,3.979919910430908,16728.759765625,30.26466941833496,55.181095123291016,85.44576263427734,234.0666046142578,4.198391914367676
1.9500149488449097,34.15999984741211,1000.0,214.0,0.08046051859855652,0.020065559074282646,19.0,1.0054140090942383,1.0054140090942383,1.0054140090942383,0.020546453073620796,4.199999966658652e-05,0.2623203694820404,4300000.0,-0.06165914610028267,-0.025163616985082626,-0.034538086503744125,0.015713611617684364,-0.0006537232547998428,0.27466559410095215,0.6388821601867676,0.23111456632614136,2.5157649517059326,16833.767578125,30.42757797241211,74.55023193359375,104.9778060913086,190.51646423339844,4.332555770874023
2.123814105987549,25.420000076293945,1000.0,215.0,0.071817547082901,0.02188063971698284,20.0,1.003028392791748,1.003028392791748,1.003028392791748,0.02027948759496212,4.0800001443130895e-05,0.2600783407688141,4320000.0,-0.03484026715159416,0.026818878948688507,0.07714689522981644,0.01612117700278759,0.0004075653851032257,0.21921327710151672,0.38865408301353455,-0.25022807717323303,2.7046401500701904,16942.82421875,29.539356231689453,79.48930358886719,109.0286636352539,183.43800354003906,4.333491802215576
2.3513567447662354,26.059999465942383,1000.0,216.0,0.05601385608315468,0.020057296380400658,16.0,0.9979823231697083,0.9979823231697083,0.9979823231697083,0.01915653981268406,3.9599999581696466e-05,0.2560000717639923,4340000.0,-0.03986639529466629,-0.005026128143072128,0.07884564250707626,0.017879288643598557,0.0017581116408109665,0.29011964797973633,0.4000488519668579,0.011394768953323364,3.628114938735962,17036.302734375,30.546279907226562,62.90598678588867,93.45226287841797,214.01300048828125,4.344191074371338
2.180105447769165,16.68000030517578,1000.0,217.0,0.04481596499681473,0.021930847316980362,20.0,1.0022133588790894,1.0022133588790894,1.0022133588790894,0.019515054300427437,3.840000135824084e-05,0.25314581394195557,4360000.0,-0.03889058157801628,0.0009758137166500092,0.015243753790855408,0.01563573069870472,-0.002243557944893837,0.24084274470806122,0.34730634093284607,-0.05274251103401184,2.3766093254089355,17145.84765625,30.539657592773438,78.9765396118164,109.51619720458984,182.6213836669922,4.2141852378845215
2.266632556915283,19.139999389648438,1000.0,218.0,0.030453747138381004,0.02037169225513935,19.0,1.0023770332336426,1.0023770332336426,1.0023770332336426,0.01971747912466526,3.719999949680641e-05,0.24953633546829224,4380000.0,-0.03305523097515106,0.005835350602865219,-0.1410800665616989,0.01689258962869644,0.001256858929991722,0.33270561695098877,0.36915266513824463,0.02184632420539856,2.719578504562378,17251.837890625,29.0946102142334,76.86833953857422,105.96295166015625,188.74520874023438,4.123419761657715
1.8673232793807983,23.360000610351562,1000.0,219.0,0.021402209997177124,0.02204122208058834,19.0,1.0029858350753784,1.0029858350753784,1.0029858350753784,0.020603356882929802,3.600000127335079e-05,0.24732467532157898,4400000.0,-0.050175491720438004,-0.01712026074528694,0.21476316452026367,0.015226341784000397,-0.001666247844696045,0.3106127977371216,0.6904705762863159,0.3213179111480713,2.848728895187378,17356.0390625,28.289581298828125,75.88492584228516,104.17450714111328,191.9855499267578,4.097562313079834
2.1604208946228027,20.579999923706055,1000.0,220.0,0.011626048013567924,0.02166449837386608,18.0,1.001251459121704,1.001251459121704,1.001251459121704,0.01873714290559292,3.479999941191636e-05,0.2449464499950409,4420000.0,-0.028712404891848564,0.02146308682858944,-0.0371539331972599,0.015899337828159332,0.0006729960441589355,0.25588682293891907,0.3570372462272644,-0.3334333300590515,1.9663320779800415,17454.90234375,27.156089782714844,71.67686462402344,98.83295440673828,202.3616485595703,4.030478000640869
2.5427310466766357,28.299999237060547,1000.0,221.0,0.011266946792602539,0.020427826792001724,19.0,1.006617784500122,1.006617784500122,1.006617784500122,0.021172720938920975,3.360000118846074e-05,0.24487484991550446,4440000.0,-0.05507982149720192,-0.026367416605353355,-0.06278155744075775,0.01623326726257801,0.0003339294344186783,0.33416488766670227,0.45385080575942993,0.09681355953216553,2.264033794403076,17560.236328125,30.442752838134766,74.86305236816406,105.3058090209961,189.9230499267578,4.080338001251221
2.6012237071990967,26.760000228881836,1000.0,222.0,0.006393804214894772,0.020666489377617836,21.0,1.0030256509780884,1.0030256509780884,1.0030256509780884,0.019889088347554207,3.239999932702631e-05,0.24370494484901428,4460000.0,-0.04375755786895752,0.0113222636282444,0.08854006975889206,0.016086971387267113,-0.00014629587531089783,0.3259897232055664,0.6918988227844238,0.2380480170249939,2.7053346633911133,17675.65234375,32.357662200927734,83.02972412109375,115.38738250732422,173.3291778564453,4.106254577636719
2.428212881088257,35.08000183105469,1000.0,223.0,0.0006537120207212865,0.020093239843845367,22.0,1.0035852193832397,1.0035852193832397,1.0035852193832397,0.019683117046952248,3.1200001103570685e-05,0.24232804775238037,4480000.0,-0.05996846407651901,-0.016210906207561493,0.03609982132911682,0.014877150766551495,-0.0012098206207156181,0.32680514454841614,0.5447223782539368,-0.14717644453048706,2.3469910621643066,17793.279296875,30.601951599121094,86.99610137939453,117.59805297851562,170.0708465576172,4.256834030151367
1.6555438041687012,32.2599983215332,1000.0,224.0,-0.004191943444311619,0.020047366619110107,25.0,1.0037286281585693,1.0037286281585693,1.0037286281585693,0.019589785486459732,2.9999999242136255e-05,0.24117213487625122,4500000.0,-0.04647563397884369,0.013492830097675323,-0.1531861126422882,0.010630609467625618,-0.004246541298925877,0.19979755580425262,0.5392948389053345,-0.005427539348602295,2.8555057048797607,17924.01171875,32.30819320678711,98.39414978027344,130.7023468017578,153.01943969726562,4.362081527709961
1.670799970626831,27.1200008392334,1000.0,225.0,-0.015860915184020996,0.021390840411186218,24.0,0.9980502128601074,0.9980502128601074,0.9980502128601074,0.01965419016778469,2.879999919969123e-05,0.23838554322719574,4520000.0,-0.04694119095802307,-0.0004655569791793823,-0.007822588086128235,0.011868749745190144,0.0012381402775645256,0.2797306776046753,0.4002324342727661,-0.13906240463256836,3.6327273845672607,18050.466796875,32.467002868652344,93.95812225341797,126.42512512207031,158.1964111328125,4.389060020446777
1.7134885787963867,22.540000915527344,1000.0,226.0,-0.027795376256108284,0.020073235034942627,22.0,1.0041372776031494,1.0041372776031494,1.0041372776031494,0.019602812826633453,2.7599999157246202e-05,0.2355465590953827,4540000.0,-0.056052424013614655,-0.009111233055591583,-0.018847398459911346,0.014842419885098934,0.0029736701399087906,0.22294069826602936,0.4445416331291199,0.04430919885635376,2.8822360038757324,18172.138671875,35.41999053955078,86.22074890136719,121.64073944091797,164.41859436035156,4.3466620445251465
1.870141863822937,21.18000030517578,1000.0,227.0,-0.03448331356048584,0.02011340856552124,28.0,1.0008467435836792,1.0008467435836792,1.0008467435836792,0.01976318471133709,2.6399999114801176e-05,0.23399308323860168,4560000.0,-0.046763110905885696,0.009289313107728958,0.10800018906593323,0.013217487372457981,-0.001624932512640953,0.3181832432746887,0.3154565095901489,-0.12908512353897095,3.281385898590088,18316.55078125,33.301231384277344,111.0808334350586,144.38206481933594,138.5213623046875,4.285699844360352
1.942482590675354,29.65999984741211,1000.0,228.0,-0.04054291918873787,0.02003912441432476,24.0,1.0054519176483154,1.0054519176483154,1.0054519176483154,0.01950608566403389,2.5200000891345553e-05,0.2325863391160965,4580000.0,-0.052530381828546524,-0.005767270922660828,0.10003142803907394,0.014461503364145756,0.0012440159916877747,0.32176700234413147,0.604240357875824,0.28878384828567505,2.831699848175049,18441.720703125,31.398082733154297,93.739501953125,125.13758850097656,159.82408142089844,4.357578754425049
1.7043945789337158,30.3799991607666,1000.0,229.0,-0.04264931380748749,0.020159414038062096,35.0,1.0038832426071167,1.0038832426071167,1.0038832426071167,0.02010377310216427,2.4000000848900527e-05,0.23210236430168152,4600000.0,-0.06260479241609573,-0.01007441058754921,-0.27390068769454956,0.014439811930060387,-2.169143408536911e-05,0.3120070695877075,0.4304165244102478,-0.17382383346557617,2.8186869621276855,18613.52734375,34.45945739746094,137.31578063964844,171.77523803710938,116.43121337890625,4.437243461608887
1.7204809188842773,30.18000030517578,1000.0,230.0,-0.059226807206869125,0.020505500957369804,32.0,0.9987779259681702,0.9987779259681702,0.9987779259681702,0.0189102403819561,2.28000008064555e-05,0.2283213585615158,4620000.0,-0.041442904621362686,0.021161887794733047,-0.305741548538208,0.012577099725604057,-0.0018627122044563293,0.28661611676216125,0.31354963779449463,-0.11686688661575317,3.500296115875244,18770.7421875,29.886138916015625,127.29390716552734,157.18003845214844,127.24261474609375,4.513905048370361
1.6429529190063477,27.3799991607666,1000.0,231.0,-0.07267002761363983,0.020386289805173874,28.0,1.0030913352966309,1.0030913352966309,1.0030913352966309,0.018840687349438667,2.1600000764010474e-05,0.22528871893882751,4640000.0,-0.04640621319413185,-0.004963308572769165,-0.047633204609155655,0.014378449879586697,0.0018013501539826393,0.27256274223327637,0.39094656705856323,0.0773969292640686,3.3419816493988037,18916.482421875,35.93193435668945,109.77217864990234,145.70411682128906,137.2644805908203,4.542063236236572
1.7066401243209839,24.459999084472656,1000.0,232.0,-0.08275553584098816,0.020535225048661232,32.0,1.0004061460494995,1.0004061460494995,1.0004061460494995,0.019168948754668236,2.0400000721565448e-05,0.2230396270751953,4660000.0,-0.04299161583185196,0.003414597362279892,0.08128932863473892,0.012782370671629906,-0.001596079207956791,0.2881511151790619,0.3255278766155243,-0.06541869044303894,2.889712333679199,19077.31640625,34.733375549316406,126.06822967529297,160.80160522460938,124.37686920166016,4.525514125823975
1.9399505853652954,29.979999542236328,1000.0,233.0,-0.09094418585300446,0.020474353805184364,33.0,1.0030215978622437,1.0030215978622437,1.0030215978622437,0.020017432048916817,1.920000067912042e-05,0.22119741141796112,4680000.0,-0.06040491536259651,-0.017413299530744553,-0.2451673448085785,0.01427911501377821,0.001496744342148304,0.23632490634918213,0.4578944146633148,0.13236653804779053,3.2159311771392822,19239.892578125,32.31709671020508,130.2254638671875,162.5425567626953,123.0447006225586,4.590921878814697
2.3795266151428223,31.719999313354492,1000.0,234.0,-0.10228805243968964,0.020137570798397064,33.0,1.0026403665542603,1.0026403665542603,1.0026403665542603,0.018848946318030357,1.8000000636675395e-05,0.21869991719722748,4700000.0,-0.05354699119925499,0.006857924163341522,0.04264871031045914,0.017573392018675804,0.0032942770048975945,0.28872913122177124,0.34899377822875977,-0.10890063643455505,3.0634920597076416,19404.091796875,33.6557731628418,130.50889587402344,164.1646728515625,121.82889556884766,4.683929443359375
2.2571287155151367,27.399999618530273,1000.0,235.0,-0.11147651821374893,0.01832728274166584,40.0,1.0018136501312256,1.0018136501312256,1.0018136501312256,0.019115025177598,1.680000059423037e-05,0.21667592227458954,4720000.0,-0.035786788910627365,0.017760202288627625,0.05615326762199402,0.0130228316411376,-0.004550560377538204,0.2588420510292053,0.276407927274704,-0.07258585095405579,2.65993332862854,19594.005859375,32.3751106262207,157.5028533935547,189.87796020507812,105.330810546875,4.711256980895996
1.7080307006835938,25.18000030517578,1000.0,236.0,-0.1181841716170311,0.02052396535873413,36.0,1.0031538009643555,1.0031538009643555,1.0031538009643555,0.01931328885257244,1.5600000551785342e-05,0.2152298092842102,4740000.0,-0.0445253811776638,-0.008738592267036438,-0.06701339036226273,0.010548408143222332,-0.002474423497915268,0.16596704721450806,0.3841741383075714,0.10776621103286743,2.86167311668396,19773.623046875,34.16851043701172,145.4107208251953,179.5792236328125,111.37145233154297,4.706297874450684
1.4356449842453003,24.6200008392334,1000.0,237.0,-0.12437565624713898,0.020085733383893967,39.0,1.0029942989349365,1.0029942989349365,1.0029942989349365,0.01968860626220703,1.4399999599845614e-05,0.21390920877456665,4760000.0,-0.06380200386047363,-0.01927662268280983,-0.12414127588272095,0.011706830002367496,0.0011584218591451645,0.2624587416648865,0.38835158944129944,0.004177451133728027,2.4189305305480957,19959.55859375,32.67731475830078,153.2227325439453,185.90003967285156,107.58470153808594,4.693676471710205
1.3839194774627686,25.84000015258789,1000.0,238.0,-0.13550443947315216,0.01976766251027584,40.0,1.0028752088546753,1.0028752088546753,1.0028752088546753,0.018546272069215775,1.3199999557400588e-05,0.21156148612499237,4780000.0,-0.043259572237730026,0.020542431622743607,0.015379846096038818,0.011994052678346634,0.0002872226759791374,0.2498166561126709,0.32281962037086487,-0.06553196907043457,2.2955987453460693,20150.150390625,33.93265914916992,156.62281799316406,190.55548095703125,104.95630645751953,4.696166515350342
1.9639323949813843,28.940000534057617,1000.0,239.0,-0.14309899508953094,0.016992712393403053,40.0,1.004550814628601,1.004550814628601,1.004550814628601,0.018276076763868332,1.2000000424450263e-05,0.2099837362766266,4800000.0,-0.054495472460985184,-0.011235900223255157,-0.16260768473148346,0.013383999466896057,0.0013899467885494232,0.2821192145347595,0.40792104601860046,0.0851014256477356,2.797171115875244,20340.322265625,31.245161056518555,158.88888549804688,190.13404846191406,105.1889419555664,4.746642112731934
2.0820863246917725,29.579999923706055,1000.0,240.0,-0.1448022574186325,0.015102453529834747,40.0,1.002650260925293,1.002650260925293,1.002650260925293,0.017306048423051834,1.0800000382005237e-05,0.20958523452281952,4820000.0,-0.04708077013492584,0.007414702326059341,-0.08451201766729355,0.014471342787146568,0.0010873433202505112,0.2243233472108841,0.4178222715854645,0.009901225566864014,2.3384876251220703,20530.1484375,31.297746658325195,158.48475646972656,189.78250122070312,105.38379669189453,4.806583881378174
2.2123847007751465,26.899999618530273,1000.0,241.0,-0.14812681078910828,0.015571600757539272,40.0,1.003162145614624,1.003162145614624,1.003162145614624,0.01716562733054161,9.60000033956021e-06,0.20887823402881622,4840000.0,-0.04218076914548874,0.004900000989437103,-0.11218934506177902,0.012456846423447132,-0.002014496363699436,0.25237908959388733,0.3166683614253998,-0.1011539101600647,2.615793228149414,20720.15625,32.397666931152344,157.5718231201172,189.96949768066406,105.28005981445312,4.82567834854126
2.315643787384033,25.31999969482422,1000.0,242.0,-0.15347865223884583,0.014509664848446846,40.0,1.0028021335601807,1.0028021335601807,1.0028021335601807,0.016315540298819542,8.400000297115184e-06,0.20776599645614624,4860000.0,-0.04676298797130585,-0.004582218825817108,-0.05279457941651344,0.013335540890693665,0.0008786944672465324,0.29945605993270874,0.295205295085907,-0.021463066339492798,2.544050693511963,20910.291015625,33.46772003173828,156.63043212890625,190.09814453125,105.20880889892578,4.821738243103027
2.039116621017456,26.020000457763672,1000.0,243.0,-0.15519991517066956,0.012685082852840424,40.0,1.0050859451293945,1.0050859451293945,1.0050859451293945,0.01607602834701538,7.199999799922807e-06,0.20739412307739258,4880000.0,-0.04971867427229881,-0.0029556863009929657,0.6852095723152161,0.014056180603802204,0.0007206397131085396,0.16253778338432312,0.38775405287742615,0.09254875779151917,2.909228563308716,21095.77734375,29.262601852416992,156.184814453125,185.44740295410156,107.8472900390625,4.826244831085205
1.826826810836792,23.780000686645508,1000.0,244.0,-0.1591794341802597,0.010413113050162792,40.0,1.0003584623336792,1.0003584623336792,1.0003584623336792,0.01403760351240635,6.000000212225132e-06,0.2065577358007431,4900000.0,-0.02943306975066662,0.020285604521632195,0.08648674935102463,0.012946473434567451,-0.0011097071692347527,0.16989728808403015,0.2549150884151459,-0.13283896446228027,3.10837459564209,21284.521484375,32.571617126464844,156.13328552246094,188.7049102783203,105.98558807373047,4.797026634216309
1.3741111755371094,19.079999923706055,1000.0,245.0,-0.16469985246658325,0.010060472413897514,40.0,1.002062439918518,1.002062439918518,1.002062439918518,0.013727554120123386,4.800000169780105e-06,0.20542827248573303,4920000.0,-0.029572593048214912,-0.00013952329754829407,-0.1533900797367096,0.012435581535100937,-0.0005108918994665146,0.30991679430007935,0.3129538297653198,0.05803874135017395,2.943352460861206,21475.45703125,33.70845413208008,157.1882781982422,190.896728515625,104.76868438720703,4.700549125671387
1.0040777921676636,15.140000343322754,1000.0,246.0,-0.16582678258419037,0.00855829194188118,40.0,1.0015360116958618,1.0015360116958618,1.0015360116958618,0.013320155441761017,3.5999998999614036e-06,0.20521891117095947,4940000.0,-0.028867483139038086,0.0007051099091768265,-0.25649648904800415,0.011669865809381008,-0.0007657157257199287,0.2197994589805603,0.273175448179245,-0.03977838158607483,2.0042428970336914,21663.15234375,31.976123809814453,155.6816864013672,187.65780639648438,106.57696533203125,4.546835422515869
1.038101315498352,18.440000534057617,1000.0,247.0,-0.1659383326768875,0.007624938152730465,40.0,1.0013700723648071,1.0013700723648071,1.0013700723648071,0.012372007593512535,2.4000000848900527e-06,0.20519204437732697,4960000.0,-0.022694289684295654,0.006173193454742432,0.07452654093503952,0.011586717329919338,-8.314847946166992e-05,0.2183004468679428,0.283987820148468,0.010812371969223022,2.2244412899017334,21849.3203125,29.794069290161133,156.33560180664062,186.1296844482422,107.45196533203125,4.445377349853516
1.346246600151062,21.600000381469727,1000.0,248.0,-0.16658246517181396,0.0057031987234950066,40.0,1.001479148864746,1.001479148864746,1.001479148864746,0.010579191148281097,1.2000000424450263e-06,0.20504261553287506,4980000.0,-0.02415161393582821,-0.0014573242515325546,0.38188913464546204,0.013717695139348507,0.0021309778094291687,0.22711052000522614,0.2743072509765625,-0.009680569171905518,2.326568841934204,22037.662109375,31.510570526123047,156.79568481445312,188.30625915527344,106.2099609375,4.3931121826171875
1.465083360671997,18.18000030517578,1000.0,249.0,-0.1661754846572876,0.003136042272672057,40.0,1.0006582736968994,1.0006582736968994,1.0006582736968994,0.007908199913799763,0.0,0.20512142777442932,5000000.0,-0.010608122684061527,0.013543491251766682,-0.16027341783046722,0.013724788092076778,7.092952728271484e-06,0.20918770134449005,0.24647386372089386,-0.02783338725566864,1.4202214479446411,22229.322265625,33.06389617919922,158.5582733154297,191.62216186523438,104.37206268310547,4.290460109710693
