Metrics/EpRet,Metrics/EpCost,Metrics/EpLen,Train/Epoch,Train/Entropy,Train/KL,Train/StopIter,Train/PolicyRatio,Train/PolicyRatio/Min,Train/PolicyRatio/Max,Train/PolicyRatio/Std,Train/LR,Train/PolicyStd,TotalEnvSteps,Loss/Loss_pi,Loss/Loss_pi/Delta,Value/Adv,Loss/Loss_reward_critic,Loss/Loss_reward_critic/Delta,Value/reward,Loss/Loss_cost_critic,Loss/Loss_cost_critic/Delta,Value/cost,Time/Total,Time/Rollout,Time/Update,Time/Epoch,Time/FPS,Metrics/LagrangeMultiplier
-0.5704877972602844,94.0,1000.0,0.0,1.4129074811935425,0.007927720434963703,40.0,1.0017601251602173,1.0017601251602173,1.0017601251602173,0.01485739927738905,0.00029880000511184335,0.9939947724342346,20000.0,-0.016432231292128563,-0.016432231292128563,0.14712673425674438,0.0038867027033120394,0.0038867027033120394,0.026570213958621025,2.4744417667388916,2.4744417667388916,0.08440340310335159,179.94790649414062,22.381959915161133,157.56594848632812,179.94790649414062,111.14327239990234,1.0829999446868896
-0.3792966604232788,86.0625,1000.0,1.0,1.412496566772461,0.01410583034157753,40.0,1.0011698007583618,1.0011698007583618,1.0011698007583618,0.01613439805805683,0.0002975999959744513,0.9935846328735352,40000.0,-0.0359489768743515,-0.01951674558222294,-0.09868510812520981,0.0026838083285838366,-0.0012028943747282028,0.047349974513053894,1.812593936920166,-0.6618478298187256,1.980057954788208,358.1799011230469,19.502676010131836,158.69119262695312,178.19387817382812,112.2373046875,2.0223686695098877
-0.3060549199581146,85.58333587646484,1000.0,2.0,1.405908226966858,0.014953097328543663,40.0,1.0026804208755493,1.0026804208755493,1.0026804208755493,0.01853029616177082,0.00029639998683705926,0.9870577454566956,60000.0,-0.05906964838504791,-0.02312067151069641,0.07917692512273788,0.0031160274520516396,0.000432219123467803,0.0207374170422554,2.1454434394836426,0.33284950256347656,3.367725372314453,536.4510498046875,18.978607177734375,159.25607299804688,178.23468017578125,112.21160888671875,2.937873363494873
-0.13901811838150024,65.37999725341797,1000.0,3.0,1.4000550508499146,0.019142640754580498,40.0,0.9991703033447266,0.9991703033447266,0.9991703033447266,0.019739501178264618,0.00029520000680349767,0.9813047647476196,80000.0,-0.05118948221206665,0.007880166172981262,-0.21996426582336426,0.0037900239694863558,0.0006739965174347162,0.018084829673171043,1.3689537048339844,-0.7764897346496582,3.740959405899048,715.3367919921875,20.02265167236328,158.82598876953125,178.84864807128906,111.82640075683594,3.524742364883423
-0.42776307463645935,45.0,1000.0,4.0,1.3985016345977783,0.020204713568091393,28.0,0.9992471933364868,0.9992471933364868,0.9992471933364868,0.02089454047381878,0.00029399999766610563,0.9798237085342407,100000.0,-0.04420970007777214,0.00697978213429451,-0.05110644921660423,0.0027906664181500673,-0.0009993575513362885,0.0073950402438640594,1.0363736152648926,-0.3325800895690918,3.0470104217529297,845.814208984375,19.616409301757812,110.82320404052734,130.44053649902344,153.3265838623047,3.7865681648254395
-0.2320088893175125,44.779998779296875,1000.0,5.0,1.3947651386260986,0.020588811486959457,31.0,1.001899003982544,1.001899003982544,1.001899003982544,0.020188573747873306,0.0002927999885287136,0.976170003414154,120000.0,-0.08149456977844238,-0.03728486970067024,0.13201363384723663,0.004305769689381123,0.0015151032712310553,0.01298686396330595,1.5410805940628052,0.5047069787979126,3.089850425720215,988.6766357421875,19.718692779541016,123.11211395263672,142.830810546875,140.02581787109375,4.0418925285339355
-0.3700698912143707,42.68000030517578,1000.0,6.0,1.39066743850708,0.021035190671682358,26.0,1.000022530555725,1.000022530555725,1.000022530555725,0.02018798142671585,0.000291600008495152,0.9721727967262268,140000.0,-0.04905683919787407,0.032437730580568314,-0.21963664889335632,0.0032837020698934793,-0.0010220676194876432,-0.0016148684080690145,1.2679362297058105,-0.27314436435699463,3.5281851291656494,1113.1434326171875,20.756399154663086,103.67636108398438,124.43275451660156,160.72938537597656,4.261791229248047
0.024418439716100693,55.18000030517578,1000.0,7.0,1.37967848777771,0.020365264266729355,21.0,0.9996247291564941,0.9996247291564941,0.9996247291564941,0.020271359011530876,0.00029039999935775995,0.9615939855575562,160000.0,-0.07249457389116287,-0.023437734693288803,0.022998936474323273,0.005636906251311302,0.002353204181417823,-0.012215862981975079,1.2769910097122192,0.009054780006408691,3.675585985183716,1216.418212890625,20.00938606262207,83.23484802246094,103.2442398071289,193.7154083251953,4.673284530639648
0.08810648322105408,51.58000183105469,1000.0,8.0,1.3873356580734253,0.0201154425740242,22.0,0.9997969269752502,0.9997969269752502,0.9997969269752502,0.02097010612487793,0.0002891999902203679,0.969013512134552,180000.0,-0.08353429287672043,-0.011039718985557556,0.13256387412548065,0.005052906461060047,-0.000583999790251255,-0.005856061354279518,1.5456758737564087,0.26868486404418945,3.6544249057769775,1324.892333984375,21.327198028564453,87.11713409423828,108.44432830810547,184.42642211914062,5.02349328994751
0.4667584300041199,55.380001068115234,1000.0,9.0,1.3798192739486694,0.020943284034729004,20.0,0.9994389414787292,0.9994389414787292,0.9994389414787292,0.019992927089333534,0.0002880000101868063,0.961686372756958,200000.0,-0.059187568724155426,0.024346724152565002,-0.062390461564064026,0.005397246219217777,0.0003443397581577301,-0.003734179772436619,1.3478341102600098,-0.19784176349639893,4.495563983917236,1425.2916259765625,20.77047348022461,79.59991455078125,100.37039184570312,199.261962890625,5.428381443023682
0.5959469079971313,49.29999923706055,1000.0,10.0,1.3613271713256836,0.023579556494951248,20.0,1.0005861520767212,1.0005861520767212,1.0005861520767212,0.02080218307673931,0.0002868000010494143,0.9440349340438843,220000.0,-0.04498959705233574,0.014197971671819687,-0.08572831004858017,0.005545618012547493,0.00014837179332971573,0.02810710109770298,0.8687593340873718,-0.47907477617263794,3.858379602432251,1525.371826171875,20.54566764831543,79.50474548339844,100.0504150390625,199.8992156982422,5.686975479125977
0.4576244354248047,31.200000762939453,1000.0,11.0,1.3541823625564575,0.02028425596654415,21.0,1.0010507106781006,1.0010507106781006,1.0010507106781006,0.02039932832121849,0.00028559999191202223,0.9373138546943665,240000.0,-0.05077251046895981,-0.005782913416624069,-0.03987535834312439,0.005743501707911491,0.0001978836953639984,0.06632791459560394,1.244286298751831,0.37552696466445923,4.704617500305176,1628.6455078125,20.17100715637207,83.0753402709961,103.24634552001953,193.71145629882812,5.668208122253418
0.5087832808494568,25.200000762939453,1000.0,12.0,1.3571866750717163,0.020549295470118523,19.0,0.9997544884681702,0.9997544884681702,0.9997544884681702,0.021094299852848053,0.00028440001187846065,0.9401264190673828,260000.0,-0.04639739915728569,0.004375111311674118,0.3200291395187378,0.005412156693637371,-0.00033134501427412033,0.06243220716714859,0.9021046757698059,-0.34218162298202515,3.680386781692505,1725.3956298828125,20.149356842041016,76.57246398925781,96.72181701660156,206.77857971191406,5.560719013214111
0.21648631989955902,36.20000076293945,1000.0,13.0,1.343726634979248,0.021280545741319656,18.0,1.0018442869186401,1.0018442869186401,1.0018442869186401,0.02134384773671627,0.0002832000027410686,0.9275606870651245,280000.0,-0.058768995106220245,-0.012371595948934555,-0.1694086641073227,0.006012022495269775,0.0005998658016324043,0.056032855063676834,1.3977911472320557,0.49568647146224976,4.101292133331299,1817.078857421875,19.74277114868164,71.91234588623047,91.65511322021484,218.20932006835938,5.63930606842041
0.31468260288238525,35.63999938964844,1000.0,14.0,1.3381627798080444,0.02007080614566803,16.0,0.9967723488807678,0.9967723488807678,0.9967723488807678,0.020926129072904587,0.00028199999360367656,0.922421395778656,300000.0,-0.05044125020503998,0.008327744901180267,-0.00022701546549797058,0.0070447763428092,0.001032753847539425,0.048138104379177094,1.1930655241012573,-0.20472562313079834,4.195862293243408,1902.5767822265625,21.206321716308594,64.26403045654297,85.47035217285156,233.999267578125,5.721073627471924
0.11674326658248901,30.219999313354492,1000.0,15.0,1.325191617012024,0.020958339795470238,20.0,0.9982084035873413,0.9982084035873413,0.9982084035873413,0.02028108760714531,0.00028080001357011497,0.9105414152145386,320000.0,-0.029777061194181442,0.020664189010858536,0.10836587846279144,0.007275945972651243,0.00023116962984204292,0.05073055252432823,0.5361083745956421,-0.6569571495056152,3.1248526573181152,2001.4627685546875,19.558086395263672,79.29987335205078,98.85796356201172,202.3104705810547,5.720172882080078
0.21645301580429077,25.3799991607666,1000.0,16.0,1.3146547079086304,0.02000320330262184,11.0,1.0004701614379883,1.0004701614379883,1.0004701614379883,0.020042821764945984,0.0002796000044327229,0.9010115265846252,340000.0,-0.026415865868330002,0.0033611953258514404,-0.09167762845754623,0.007610164117068052,0.0003342181444168091,0.05649592727422714,0.7221299409866333,0.1860215663909912,3.4077699184417725,2065.75048828125,21.403966903686523,42.85621643066406,64.26018524169922,311.2347106933594,5.6479573249816895
0.16183431446552277,16.6200008392334,1000.0,17.0,1.2993754148483276,0.020687347277998924,19.0,1.0009671449661255,1.0009671449661255,1.0009671449661255,0.020386019721627235,0.0002783999952953309,0.88736891746521,360000.0,-0.03698929771780968,-0.010573431849479675,0.43020302057266235,0.008657960221171379,0.0010477961041033268,0.07584996521472931,0.5043913125991821,-0.21773862838745117,2.756793975830078,2162.022705078125,19.394147872924805,76.85476684570312,96.24891662597656,207.79454040527344,5.437512397766113
-0.0179261676967144,18.459999084472656,1000.0,18.0,1.2945150136947632,0.023265201598405838,12.0,0.9997923374176025,0.9997923374176025,0.9997923374176025,0.021272698417305946,0.00027719998615793884,0.8831557035446167,380000.0,-0.034698523581027985,0.0022907741367816925,-0.008663047105073929,0.00847274623811245,-0.00018521398305892944,0.05334145575761795,0.5954355597496033,0.09104424715042114,2.661006450653076,2230.696044921875,19.122865676879883,49.52239990234375,68.645263671875,291.3529357910156,5.26371955871582
0.1288941353559494,18.079999923706055,1000.0,19.0,1.2925782203674316,0.02014693059027195,1.0,0.9986950755119324,0.9986950755119324,0.9986950755119324,0.018223365768790245,0.00027600000612437725,0.881545901298523,400000.0,0.007606426253914833,0.04230494983494282,0.11692391335964203,0.00913405790925026,0.0006613116711378098,0.05652112886309624,1.9388415813446045,1.3434060215950012,2.5041303634643555,2255.768310546875,21.07135581970215,3.975187301635742,25.04654312133789,798.513427734375,5.0875563621521
0.12208612263202667,14.300000190734863,1000.0,20.0,1.2877897024154663,0.020377889275550842,15.0,0.9983628392219543,0.9983628392219543,0.9983628392219543,0.020118260756134987,0.0002747999969869852,0.8773869872093201,420000.0,-0.027320479974150658,-0.03492690622806549,0.1708587110042572,0.007845398038625717,-0.0012886598706245422,0.05781594663858414,0.5204958915710449,-1.4183456897735596,3.382253885269165,2335.179931640625,19.845857620239258,59.54746627807617,79.39332580566406,251.91033935546875,4.866607666015625
0.40112316608428955,16.760000228881836,1000.0,21.0,1.2744568586349487,0.020258547738194466,14.0,0.9992967844009399,0.9992967844009399,0.9992967844009399,0.020776288583874702,0.00027359998784959316,0.865744948387146,440000.0,-0.027112595736980438,0.00020788423717021942,0.10637877881526947,0.007178803905844688,-0.0006665941327810287,0.038795460015535355,0.6234321594238281,0.1029362678527832,2.154960870742798,2412.555908203125,23.647289276123047,53.70153045654297,77.34882354736328,258.56890869140625,4.700340270996094
0.4135303497314453,13.880000114440918,1000.0,22.0,1.2577416896820068,0.02073405683040619,11.0,1.0008271932601929,1.0008271932601929,1.0008271932601929,0.020653991028666496,0.0002724000078160316,0.8514562845230103,460000.0,-0.029237303882837296,-0.0021247081458568573,-0.274472177028656,0.00764149334281683,0.00046268943697214127,0.054688941687345505,0.5608227252960205,-0.06260943412780762,2.0701100826263428,2477.41064453125,20.50018882751465,44.328548431396484,64.8287353515625,308.5051574707031,4.495066165924072
0.6029310822486877,13.260000228881836,1000.0,23.0,1.2445343732833862,0.021912697702646255,13.0,0.9995713829994202,0.9995713829994202,0.9995713829994202,0.02033236064016819,0.00027119999867863953,0.8404426574707031,480000.0,-0.019956182688474655,0.00928112119436264,0.13489100337028503,0.008004335686564445,0.0003628423437476158,0.05138099938631058,0.41657042503356934,-0.14425230026245117,2.010411500930786,2548.59765625,21.616069793701172,49.54740905761719,71.1634750366211,281.04302978515625,4.285195827484131
0.6838474869728088,8.819999694824219,1000.0,24.0,1.2391360998153687,0.02212887443602085,14.0,1.0015208721160889,1.0015208721160889,1.0015208721160889,0.021439919248223305,0.0002699999895412475,0.8360755443572998,500000.0,-0.02369530498981476,-0.003739122301340103,-0.13343507051467896,0.007019452750682831,-0.0009848829358816147,0.08232568204402924,0.39387989044189453,-0.022690534591674805,1.7216689586639404,2627.1005859375,21.9171142578125,56.55961608886719,78.47673034667969,254.8526153564453,4.013348579406738
1.051647663116455,6.099999904632568,1000.0,25.0,1.213925838470459,0.02359292097389698,13.0,0.9980599880218506,0.9980599880218506,0.9980599880218506,0.01994234137237072,0.0002688000095076859,0.815306544303894,520000.0,-0.018730148673057556,0.004965156316757202,-0.003877602517604828,0.010164264589548111,0.00314481183886528,0.1924431174993515,0.3831460475921631,-0.010733842849731445,2.413731575012207,2698.159912109375,19.376964569091797,51.65678787231445,71.03375244140625,281.5562744140625,3.7062041759490967
1.539887547492981,13.039999961853027,1000.0,26.0,1.2129335403442383,0.020800072699785233,8.0,1.0035861730575562,1.0035861730575562,1.0035861730575562,0.022466417402029037,0.00026760000037029386,0.8143945932388306,540000.0,-0.018787667155265808,-5.751848220825195e-05,0.12068139016628265,0.008901049382984638,-0.0012632152065634727,0.1010201945900917,1.2271281480789185,0.8439821004867554,1.8618351221084595,2751.840576171875,22.42425537109375,31.231016159057617,53.6552734375,372.74993896484375,3.5090670585632324
1.3340853452682495,12.699999809265137,1000.0,27.0,1.2009776830673218,0.020032772794365883,16.0,0.999729335308075,0.999729335308075,0.999729335308075,0.019436858594417572,0.0002663999912329018,0.8046717047691345,560000.0,-0.013202497735619545,0.005585169419646263,-0.02157960832118988,0.005819997750222683,-0.0030810516327619553,0.0536016970872879,0.2656443417072296,-0.9614838063716888,1.406466007232666,2834.658447265625,19.436622619628906,63.35707092285156,82.79369354248047,241.56430053710938,3.310706615447998
0.9839834570884705,16.219999313354492,1000.0,28.0,1.1899383068084717,0.035593681037425995,1.0,0.9995386004447937,0.9995386004447937,0.9995386004447937,0.030038924887776375,0.0002652000111993402,0.7959663271903992,580000.0,0.030452942475676537,0.04365544021129608,-0.16694027185440063,0.008277143351733685,0.0024571456015110016,0.11967425793409348,1.4717817306518555,1.2061373889446259,1.9288779497146606,2861.643798828125,22.795137405395508,4.163156509399414,26.958293914794922,741.88671875,3.1689140796661377
0.7641382813453674,6.659999847412109,1000.0,29.0,1.1825220584869385,0.02022503688931465,11.0,0.999958872795105,0.999958872795105,0.999958872795105,0.019444726407527924,0.0002640000020619482,0.7902148365974426,600000.0,-0.011414822190999985,-0.04186776466667652,0.12308849394321442,0.007803929969668388,-0.0004732133820652962,0.17144618928432465,0.2504415214061737,-1.2213402092456818,1.8687423467636108,2924.3671875,19.608217239379883,43.09334182739258,62.70155715942383,318.9713439941406,2.8864214420318604
0.992154598236084,14.699999809265137,1000.0,30.0,1.1807314157485962,0.02086810953915119,6.0,1.0018774271011353,1.0018774271011353,1.0018774271011353,0.02472245879471302,0.00026279999292455614,0.7893689274787903,620000.0,-0.009226679801940918,0.0021881423890590668,0.665361225605011,0.0079026585444808,9.872857481241226e-05,0.10299661010503769,1.5521011352539062,1.3016596138477325,1.4449604749679565,2967.937744140625,19.625457763671875,23.91765785217285,43.543113708496094,459.31488037109375,2.729483127593994
1.1005805730819702,9.4399995803833,1000.0,31.0,1.1755452156066895,0.020171109586954117,12.0,0.9979983568191528,0.9979983568191528,0.9979983568191528,0.019819965586066246,0.00026160001289099455,0.7851770520210266,640000.0,-0.013051728717982769,-0.003825048916041851,-0.18995457887649536,0.008383754640817642,0.0004810960963368416,0.20863595604896545,0.34850382804870605,-1.2035973072052002,2.066863775253296,3037.706298828125,23.55883026123047,46.187294006347656,69.74612426757812,286.7542724609375,2.4963419437408447
0.9660390615463257,15.140000343322754,1000.0,32.0,1.1684683561325073,0.020000983029603958,2.0,1.0000888109207153,1.0000888109207153,1.0000888109207153,0.022626323625445366,0.0002604000037536025,0.779808521270752,660000.0,0.00686773331835866,0.01991946203634143,-0.00033555924892425537,0.008942014537751675,0.0005582598969340324,0.13746744394302368,1.0957577228546143,0.7472538948059082,1.7050102949142456,3065.042236328125,19.521591186523438,7.789708137512207,27.311298370361328,732.2976684570312,2.3525776863098145
1.1867077350616455,27.600000381469727,1000.0,33.0,1.1870118379592896,0.02091979794204235,14.0,1.0048341751098633,1.0048341751098633,1.0048341751098633,0.022583337500691414,0.00025919999461621046,0.794282078742981,680000.0,-0.05483464524149895,-0.06170237855985761,0.21068677306175232,0.00967248436063528,0.000730469822883606,0.16399243474006653,1.273513674736023,0.1777559518814087,1.9690271615982056,3142.54638671875,20.368288040161133,57.1162223815918,77.48451232910156,258.1160888671875,2.3979718685150146
1.5655467510223389,34.279998779296875,1000.0,34.0,1.1703215837478638,0.020014818757772446,15.0,1.0028012990951538,1.0028012990951538,1.0028012990951538,0.019618293270468712,0.0002579999854788184,0.7810296416282654,700000.0,-0.02525154873728752,0.029583096504211426,-0.09383413940668106,0.010022887028753757,0.00035040266811847687,0.19412153959274292,0.6006170511245728,-0.6728966236114502,2.906079053878784,3221.07861328125,19.86461639404297,58.64274215698242,78.50735473632812,254.75318908691406,2.5425961017608643
2.0353260040283203,35.70000076293945,1000.0,35.0,1.1585928201675415,0.02186140976846218,11.0,0.9987403750419617,0.9987403750419617,0.9987403750419617,0.02080838568508625,0.00025680000544525683,0.7718297839164734,720000.0,-0.027463510632514954,-0.0022119618952274323,0.08398977667093277,0.010695581324398518,0.0006726942956447601,0.20584014058113098,0.8031339049339294,0.2025168538093567,3.077455520629883,3287.914794921875,23.796897888183594,43.01321792602539,66.81011199951172,299.3558654785156,2.7059292793273926
2.0814599990844727,28.18000030517578,1000.0,36.0,1.1580241918563843,0.020633026957511902,12.0,1.0003257989883423,1.0003257989883423,1.0003257989883423,0.022167785093188286,0.0002555999963078648,0.7713930606842041,740000.0,-0.025100622326135635,0.0023628883063793182,0.1720486283302307,0.008723658509552479,-0.001971922814846039,0.1918262392282486,0.9327641129493713,0.1296302080154419,2.773098945617676,3354.201171875,19.393861770629883,46.86815643310547,66.26201629638672,301.83203125,2.753645658493042
2.1976606845855713,15.680000305175781,1000.0,37.0,1.14322030544281,0.02066642791032791,12.0,1.000588059425354,1.000588059425354,1.000588059425354,0.02109084464609623,0.00025439998717047274,0.7603152394294739,760000.0,-0.023038765415549278,0.002061856910586357,0.07657076418399811,0.011601177975535393,0.002877519465982914,0.286953866481781,0.4722115695476532,-0.46055254340171814,2.2809619903564453,3422.7353515625,20.066722869873047,48.444278717041016,68.51100158691406,291.9239196777344,2.613560199737549
2.1145100593566895,15.579999923706055,1000.0,38.0,1.1289242506027222,0.021473458036780357,8.0,0.9996534585952759,0.9996534585952759,0.9996534585952759,0.02176154963672161,0.00025320000713691115,0.7496140599250793,780000.0,-0.01766810566186905,0.005370659753680229,-0.08682441711425781,0.011518631130456924,-8.254684507846832e-05,0.20478762686252594,0.8978556990623474,0.4256441295146942,2.0185329914093018,3474.28564453125,20.76230812072754,30.7618350982666,51.52414321899414,388.16754150390625,2.4735050201416016
2.2776989936828613,16.81999969482422,1000.0,39.0,1.1238058805465698,0.020891357213258743,9.0,1.0001246929168701,1.0001246929168701,1.0001246929168701,0.020720237866044044,0.0002519999979995191,0.745551586151123,800000.0,-0.022887831553816795,-0.005219725891947746,0.09253884851932526,0.0136974286288023,0.002178797498345375,0.2659042775630951,0.6993810534477234,-0.19847464561462402,2.2405924797058105,3528.760498046875,20.112581253051758,34.339500427246094,54.45207977294922,367.2954406738281,2.3597426414489746
2.549774646759033,16.360000610351562,1000.0,40.0,1.114419937133789,0.02168608084321022,9.0,1.0014185905456543,1.0014185905456543,1.0014185905456543,0.021670185029506683,0.00025079998886212707,0.7387322783470154,820000.0,-0.0215176772326231,0.001370154321193695,-0.1810554563999176,0.01349601149559021,-0.00020141713321208954,0.352328896522522,0.6118422150611877,-0.08753883838653564,2.2260143756866455,3586.7236328125,20.7034854888916,37.23530960083008,57.93879318237305,345.1918640136719,2.2364284992218018
2.908087968826294,19.399999618530273,1000.0,41.0,1.1039270162582397,0.02006448619067669,10.0,1.001918911933899,1.001918911933899,1.001918911933899,0.021576646715402603,0.0002496000088285655,0.7312573194503784,840000.0,-0.018839169293642044,0.002678507938981056,-0.13416548073291779,0.011817813850939274,-0.0016781976446509361,0.31305745244026184,0.633344292640686,0.02150207757949829,1.3513857126235962,3645.52197265625,20.026506423950195,38.7487907409668,58.77529525756836,340.2790222167969,2.16471004486084
2.8493688106536865,14.880000114440918,1000.0,42.0,1.0870604515075684,0.020574405789375305,8.0,0.9990882873535156,0.9990882873535156,0.9990882873535156,0.02100306563079357,0.00024839999969117343,0.7190603017807007,860000.0,-0.012920938432216644,0.0059182308614254,0.36387500166893005,0.011509422212839127,-0.00030839163810014725,0.32478851079940796,0.5788484811782837,-0.054495811462402344,1.783949375152588,3696.147705078125,19.15028190612793,31.45169448852539,50.60197830200195,395.2414855957031,2.020867347717285
2.551311731338501,23.920000076293945,1000.0,43.0,1.086064338684082,0.02076299488544464,11.0,1.0016716718673706,1.0016716718673706,1.0016716718673706,0.022585291415452957,0.0002471999905537814,0.7184890508651733,880000.0,-0.026206042617559433,-0.013285104185342789,0.0805789977312088,0.014299987815320492,0.002790565602481365,0.3553405702114105,1.1658318042755127,0.586983323097229,1.6970206499099731,3762.907958984375,22.48134994506836,44.254920959472656,66.73727416992188,299.6826171875,2.013046979904175
2.8297507762908936,22.780000686645508,1000.0,44.0,1.072749137878418,0.02000041864812374,11.0,0.9981366991996765,0.9981366991996765,0.9981366991996765,0.019539693370461464,0.0002460000105202198,0.708868145942688,900000.0,-0.022438129410147667,0.003767913207411766,0.2223733365535736,0.012922216206789017,-0.001377771608531475,0.3707331717014313,0.6320493221282959,-0.5337824821472168,2.3786728382110596,3825.7294921875,19.800180435180664,42.99713134765625,62.79731369018555,318.4849548339844,1.984067440032959
2.612759590148926,17.979999542236328,1000.0,45.0,1.059990644454956,0.020371880382299423,9.0,0.9994413256645203,0.9994413256645203,0.9994413256645203,0.02081046625971794,0.00024480000138282776,0.700039267539978,920000.0,-0.016530392691493034,0.005907736718654633,0.02237672358751297,0.011804093606770039,-0.0011181226000189781,0.3326842784881592,0.5019088983535767,-0.13014042377471924,2.144099712371826,3881.309814453125,19.594484329223633,35.961421966552734,55.555908203125,359.9977111816406,1.887874722480774
2.550079345703125,7.800000190734863,1000.0,46.0,1.042309045791626,0.02023317851126194,9.0,0.996667206287384,0.996667206287384,0.996667206287384,0.02163180150091648,0.00024360000679735094,0.6877022385597229,940000.0,-0.017292650416493416,-0.0007622577250003815,0.13365425169467926,0.012061738409101963,0.00025764480233192444,0.36022570729255676,0.4733026623725891,-0.02860623598098755,1.999267816543579,3937.84716796875,20.455472946166992,36.05755615234375,56.51302719116211,353.90069580078125,1.6415839195251465
2.82808780670166,8.4399995803833,1000.0,47.0,1.0346057415008545,0.0662490576505661,1.0,0.9975780844688416,0.9975780844688416,0.9975780844688416,0.025041019544005394,0.0002423999976599589,0.6826374530792236,960000.0,0.01078378688544035,0.028076437301933765,0.2698014974594116,0.01723511517047882,0.005173376761376858,0.37932759523391724,1.365143060684204,0.891840398311615,2.038367748260498,3961.9853515625,20.24359893798828,3.8706016540527344,24.114200592041016,829.3868408203125,1.4086076021194458
2.969142198562622,7.079999923706055,1000.0,48.0,1.0171875953674316,0.02084890939295292,9.0,0.9987791180610657,0.9987791180610657,0.9987791180610657,0.020651476457715034,0.00024120000307448208,0.6708940267562866,980000.0,-0.014399032108485699,-0.02518281899392605,-0.03981519863009453,0.01200676616281271,-0.005228349007666111,0.3917192816734314,0.42953938245773315,-0.935603678226471,1.906139612197876,4017.005615234375,19.243667602539062,35.75666809082031,55.000335693359375,363.6341552734375,1.1586002111434937
3.4324657917022705,23.799999237060547,1000.0,49.0,1.0125958919525146,0.025476474314928055,1.0,0.9993773698806763,0.9993773698806763,0.9993773698806763,0.029617376625537872,0.00023999999393709004,0.667631208896637,1000000.0,0.03479956462979317,0.049198596738278866,-0.24032282829284668,0.01596231572329998,0.00395554956048727,0.43804749846458435,2.861497640609741,2.431958258152008,2.3409247398376465,4041.863525390625,20.491817474365234,4.343452453613281,24.835269927978516,805.3063354492188,1.162933111190796
3.538055181503296,26.81999969482422,1000.0,50.0,1.0129268169403076,0.020004017278552055,6.0,0.9993489384651184,0.9993489384651184,0.9993489384651184,0.019989490509033203,0.00023879999935161322,0.668014407157898,1020000.0,-0.015154381282627583,-0.04995394591242075,-0.08221787214279175,0.0128262247890234,-0.003136090934276581,0.359789103269577,0.97352135181427,-1.8879762887954712,1.8682806491851807,4087.354736328125,21.790889739990234,23.679861068725586,45.47075271606445,439.84320068359375,1.2117493152618408
3.440464973449707,33.34000015258789,1000.0,51.0,1.0115556716918945,0.020614881068468094,8.0,1.0018101930618286,1.0018101930618286,1.0018101930618286,0.02273295260965824,0.0002376000047661364,0.6671521067619324,1040000.0,-0.022982962429523468,-0.007828581146895885,0.01886150613427162,0.013657595962285995,0.0008313711732625961,0.3675647974014282,0.9608336687088013,-0.01268768310546875,2.052669048309326,4138.59423828125,19.909500122070312,31.306848526000977,51.21635055541992,390.50030517578125,1.3568347692489624
3.762996196746826,16.6200008392334,1000.0,52.0,1.0013408660888672,0.021951720118522644,9.0,0.9993094205856323,0.9993094205856323,0.9993094205856323,0.01993180625140667,0.00023639999562874436,0.6605947613716125,1060000.0,-0.017696669325232506,0.005286293104290962,0.0041990019381046295,0.015867041423916817,0.0022094454616308212,0.5393346548080444,0.5738757848739624,-0.38695788383483887,2.8050472736358643,4193.64111328125,19.241168975830078,35.782012939453125,55.0231819152832,363.483154296875,1.2480360269546509
4.053361892700195,37.47999954223633,1000.0,53.0,1.0006444454193115,0.021207472309470177,7.0,1.0020289421081543,1.0020289421081543,1.0020289421081543,0.023071013391017914,0.00023520000104326755,0.6600541472434998,1080000.0,-0.032821618020534515,-0.01512494869530201,0.06543613970279694,0.014757723547518253,-0.0011093178763985634,0.40499812364578247,3.276320695877075,2.702444911003113,2.2737321853637695,4244.64404296875,22.837656021118164,28.141098022460938,50.978755950927734,392.3202819824219,1.4565311670303345
4.678025245666504,39.400001525878906,1000.0,54.0,0.9986734390258789,0.02101854793727398,11.0,1.0000100135803223,1.0000100135803223,1.0000100135803223,0.0212522204965353,0.00023400000645779073,0.6585366725921631,1100000.0,-0.029029639437794685,0.00379197858273983,0.43862855434417725,0.017674056813120842,0.0029163332656025887,0.5474249720573425,1.4114354848861694,-1.8648852109909058,2.7208540439605713,4306.9716796875,19.99778938293457,42.306880950927734,62.30567169189453,320.9980773925781,1.694807529449463
4.423044204711914,51.91999816894531,1000.0,55.0,0.994967520236969,0.021555524319410324,6.0,1.0016789436340332,1.0016789436340332,1.0016789436340332,0.021091660484671593,0.0002327999973203987,0.655864953994751,1120000.0,-0.022673945873975754,0.006355693563818932,-0.06220865249633789,0.014901150949299335,-0.0027729058638215065,0.4300697147846222,2.3834078311920166,0.9719723463058472,2.7758941650390625,4349.27490234375,19.8424072265625,22.437211990356445,42.27962112426758,473.0411376953125,2.1248300075531006
4.49556827545166,36.36000061035156,1000.0,56.0,0.9891147017478943,0.02045963704586029,8.0,1.000731110572815,1.000731110572815,1.000731110572815,0.02071971818804741,0.00023160000273492187,0.6517353057861328,1140000.0,-0.026934316381812096,-0.004260370507836342,0.05720008164644241,0.01440818514674902,-0.0004929658025503159,0.5407439470291138,1.0709490776062012,-1.3124587535858154,3.648998737335205,4402.7587890625,19.562602996826172,33.90131759643555,53.46392059326172,374.0840759277344,2.3107213973999023
4.7315168380737305,47.47999954223633,1000.0,57.0,0.9863032698631287,0.02102699689567089,8.0,1.000760555267334,1.000760555267334,1.000760555267334,0.021370861679315567,0.00023039999359752983,0.6497694253921509,1160000.0,-0.03433059900999069,-0.0073962826281785965,0.009378996677696705,0.015513019636273384,0.0011048344895243645,0.6224278807640076,1.7027004957199097,0.6317514181137085,3.196913003921509,4454.8203125,20.955678939819336,31.080598831176758,52.03727722167969,384.33984375,2.6650383472442627
3.9859423637390137,42.220001220703125,1000.0,58.0,0.9868589639663696,0.020680489018559456,11.0,1.002585530281067,1.002585530281067,1.002585530281067,0.021110527217388153,0.000229199999012053,0.650314211845398,1180000.0,-0.029003413394093513,0.005327185615897179,-0.156728133559227,0.01156719122081995,-0.003945828415453434,0.48743921518325806,1.0089795589447021,-0.6937209367752075,2.922340154647827,4517.30908203125,19.994903564453125,42.4710578918457,62.46696472167969,320.1692199707031,2.9320292472839355
3.3428008556365967,41.119998931884766,1000.0,59.0,0.9858381748199463,0.02340044640004635,7.0,1.0010719299316406,1.0010719299316406,1.0010719299316406,0.021174876019358635,0.0002280000044265762,0.6497026681900024,1200000.0,-0.022326549515128136,0.006676863878965378,0.20661808550357819,0.013784023001790047,0.0022168317809700966,0.4930835962295532,1.0512890815734863,0.04230952262878418,2.331801176071167,4564.65185546875,19.823076248168945,27.496374130249023,47.31945037841797,422.6591796875,3.168870687484741
2.655677080154419,32.459999084472656,1000.0,60.0,0.9778453707695007,0.020697491243481636,9.0,1.0025264024734497,1.0025264024734497,1.0025264024734497,0.020565038546919823,0.00022679999528918415,0.64459228515625,1220000.0,-0.02854945883154869,-0.006222909316420555,0.16703441739082336,0.017087223008275032,0.0033032000064849854,0.49983471632003784,0.9007689356803894,-0.15052014589309692,2.5604805946350098,4622.88525390625,23.139080047607422,35.070438385009766,58.20952224731445,343.5863952636719,3.2661900520324707
3.272711992263794,24.040000915527344,1000.0,61.0,0.9682916402816772,0.02052886039018631,12.0,0.9997409582138062,0.9997409582138062,0.9997409582138062,0.020218336954712868,0.00022560000070370734,0.6384797096252441,1240000.0,-0.0227399580180645,0.005809500813484192,-0.14008110761642456,0.013836022466421127,-0.0032512005418539047,0.5243604183197021,0.5491095185279846,-0.3516594171524048,2.859661817550659,4688.89404296875,19.180818557739258,46.80453872680664,65.98535919189453,303.0975646972656,3.2286036014556885
4.009430885314941,22.559999465942383,1000.0,62.0,0.9671730399131775,0.020832134410738945,7.0,1.0000948905944824,1.0000948905944824,1.0000948905944824,0.023240959271788597,0.00022440000611823052,0.6374521851539612,1260000.0,-0.024257242679595947,-0.0015172846615314484,-0.1319657266139984,0.01670173928141594,0.002865716814994812,0.5452256202697754,1.0169124603271484,0.4678029417991638,2.7525720596313477,4735.91796875,19.779369354248047,27.22075843811035,47.00012969970703,425.53076171875,3.1778361797332764
4.372897624969482,20.3799991607666,1000.0,63.0,0.9731018543243408,0.020080313086509705,8.0,1.0030467510223389,1.0030467510223389,1.0030467510223389,0.021722786128520966,0.00022319999698083848,0.6411709785461426,1280000.0,-0.020773662254214287,0.0034835804253816605,0.07294850051403046,0.016585325822234154,-0.00011641345918178558,0.6180037260055542,1.0033764839172363,-0.01353597640991211,3.174452543258667,4789.984375,21.483243942260742,32.56034469604492,54.04358673095703,370.0716552734375,3.084167242050171
4.112339019775391,21.760000228881836,1000.0,64.0,0.9671609997749329,0.021215643733739853,10.0,0.9993890523910522,0.9993890523910522,0.9993890523910522,0.020872319117188454,0.00022200000239536166,0.6375177502632141,1300000.0,-0.021630827337503433,-0.0008571650832891464,-0.18335852026939392,0.01344341691583395,-0.0031419089064002037,0.5253123044967651,0.677585244178772,-0.32579123973846436,2.723161220550537,4848.607421875,19.60757827758789,38.99397277832031,58.6015510559082,341.28790283203125,3.0133018493652344
4.136139392852783,28.18000030517578,1000.0,65.0,0.9626003503799438,0.022056786343455315,7.0,1.0020203590393066,1.0020203590393066,1.0020203590393066,0.023230228573083878,0.00022079999325796962,0.6348207592964172,1320000.0,-0.030739402398467064,-0.00910857506096363,-0.17029207944869995,0.014880294911563396,0.0014368779957294464,0.5341737270355225,2.088362693786621,1.4107774496078491,2.1427481174468994,4895.642578125,19.24527359008789,27.765899658203125,47.011173248291016,425.4307861328125,3.037609815597534
4.336848258972168,19.940000534057617,1000.0,66.0,0.9545029997825623,0.02110535278916359,12.0,0.9986714124679565,0.9986714124679565,0.9986714124679565,0.019748814404010773,0.0002195999986724928,0.6297352910041809,1340000.0,-0.02273523434996605,0.008004168048501015,-0.08887366205453873,0.01399566326290369,-0.0008846316486597061,0.5444885492324829,0.5318374633789062,-1.5565252304077148,2.213789939880371,4964.44970703125,19.591293334960938,49.191009521484375,68.78230285644531,290.7724609375,2.942352056503296
4.837395191192627,24.700000762939453,1000.0,67.0,0.9458010196685791,0.02002682164311409,5.0,1.0026421546936035,1.0026421546936035,1.0026421546936035,0.02246105670928955,0.00021840000408701599,0.6241942644119263,1360000.0,-0.01603083312511444,0.006704401224851608,0.16528218984603882,0.016790902242064476,0.0027952389791607857,0.5675527453422546,1.360396385192871,0.8285589218139648,2.6503026485443115,5004.2373046875,19.65278434753418,20.109704971313477,39.762489318847656,502.9866027832031,2.9175474643707275
4.613375663757324,20.219999313354492,1000.0,68.0,0.9366113543510437,0.02104136534035206,8.0,1.0015761852264404,1.0015761852264404,1.0015761852264404,0.021084684878587723,0.00021719999494962394,0.6184768676757812,1380000.0,-0.021100783720612526,-0.005069950595498085,0.19996221363544464,0.01633494533598423,-0.00045595690608024597,0.5675784945487976,1.0982969999313354,-0.26209938526153564,2.4100053310394287,5054.5224609375,19.47104263305664,30.794078826904297,50.26512145996094,397.8902282714844,2.8304054737091064
4.473680019378662,20.360000610351562,1000.0,69.0,0.9225986003875732,0.02013591304421425,10.0,0.9981709122657776,0.9981709122657776,0.9981709122657776,0.019843868911266327,0.00021600000036414713,0.6099721193313599,1400000.0,-0.022973686456680298,-0.001872902736067772,0.1522189825773239,0.01554684154689312,-0.0007881037890911102,0.5669991970062256,0.6516669392585754,-0.44663006067276,2.1104941368103027,5113.755859375,20.4666748046875,38.74366760253906,59.21034240722656,337.7788391113281,2.754948139190674
3.6463124752044678,19.5,1000.0,70.0,0.9199973344802856,0.020710358396172523,7.0,1.00130033493042,1.00130033493042,1.00130033493042,0.023843809962272644,0.0002148000057786703,0.6084032654762268,1420000.0,-0.02240399643778801,0.0005696900188922882,-0.04481956735253334,0.014226912520825863,-0.001319929026067257,0.4512333571910858,1.2855916023254395,0.633924663066864,1.5844907760620117,5164.732421875,21.861774444580078,29.091527938842773,50.95330047607422,392.5162658691406,2.668043613433838
3.421710729598999,18.780000686645508,1000.0,71.0,0.9205408096313477,0.020442286506295204,10.0,0.9999539256095886,0.9999539256095886,0.9999539256095886,0.02209976688027382,0.00021359999664127827,0.6087571382522583,1440000.0,-0.023218121379613876,-0.0008141249418258667,0.03734126687049866,0.012817058712244034,-0.001409853808581829,0.40152549743652344,1.3229018449783325,0.037310242652893066,2.0982747077941895,5223.6552734375,20.017974853515625,38.88218307495117,58.9001579284668,339.55767822265625,2.571934223175049
3.3215813636779785,22.34000015258789,1000.0,72.0,0.9192546606063843,0.0207073837518692,8.0,1.0007137060165405,1.0007137060165405,1.0007137060165405,0.021570291370153427,0.00021240000205580145,0.607835590839386,1460000.0,-0.02847447246313095,-0.005256351083517075,-0.14763402938842773,0.015420506708323956,0.0026034479960799217,0.5629381537437439,1.1695835590362549,-0.15331828594207764,2.118600368499756,5275.6767578125,19.84436798095703,32.15155792236328,51.99592590332031,384.6455078125,2.5309205055236816
3.8499350547790527,20.520000457763672,1000.0,73.0,0.9108527898788452,0.021144980564713478,8.0,0.9990081191062927,0.9990081191062927,0.9990081191062927,0.020652731880545616,0.0002111999929184094,0.6028017997741699,1480000.0,-0.022599566727876663,0.005874905735254288,0.056255970150232315,0.013395321555435658,-0.002025185152888298,0.5136511325836182,1.04550302028656,-0.12408053874969482,3.286674976348877,5326.93994140625,19.434890747070312,31.80704116821289,51.2419319152832,390.3053283691406,2.463327407836914
3.9389801025390625,15.420000076293945,1000.0,74.0,0.8992871642112732,0.021582026034593582,10.0,1.0005987882614136,1.0005987882614136,1.0005987882614136,0.020456913858652115,0.0002099999983329326,0.5960623025894165,1500000.0,-0.019547201693058014,0.0030523650348186493,0.11839067935943604,0.015160899609327316,0.0017655780538916588,0.5302063226699829,0.5866410732269287,-0.45886194705963135,2.1273791790008545,5389.419921875,23.541236877441406,38.914039611816406,62.45635223388672,320.2236328125,2.320374011993408
3.7613155841827393,16.360000610351562,1000.0,75.0,0.8861786127090454,0.023214956745505333,8.0,0.9988114833831787,0.9988114833831787,0.9988114833831787,0.021564742550253868,0.00020880000374745578,0.5887264609336853,1520000.0,-0.018427854403853416,0.0011193472892045975,0.0352056622505188,0.014119519852101803,-0.0010413797572255135,0.4895622134208679,0.7870875597000122,0.2004464864730835,2.5823559761047363,5441.56689453125,20.39304542541504,31.729387283325195,52.122432708740234,383.7119445800781,2.193878173828125
4.027803421020508,12.15999984741211,1000.0,76.0,0.8738217353820801,0.022607646882534027,9.0,1.0007359981536865,1.0007359981536865,1.0007359981536865,0.021722877398133278,0.00020759999461006373,0.5816181898117065,1540000.0,-0.01793704740703106,0.0004908069968223572,-0.08489567786455154,0.016359932720661163,0.0022404128685593605,0.6190118789672852,0.4992986023426056,-0.2877889573574066,1.7465236186981201,5495.8115234375,19.907541275024414,34.31174850463867,54.21928787231445,368.8724060058594,2.006387233734131
4.96623420715332,14.479999542236328,1000.0,77.0,0.8732690811157227,0.02221720479428768,7.0,0.9992304444313049,0.9992304444313049,0.9992304444313049,0.022739166393876076,0.00020640000002458692,0.5813374519348145,1560000.0,-0.02058432437479496,-0.0026472769677639008,-0.0033280551433563232,0.016056980937719345,-0.00030295178294181824,0.6106693148612976,0.7828394174575806,0.283540815114975,2.2667832374572754,5546.1689453125,21.734228134155273,28.6004638671875,50.334693908691406,397.34027099609375,1.856650710105896
5.376743793487549,16.8799991607666,1000.0,78.0,0.866499125957489,0.0219601858407259,8.0,1.0016916990280151,1.0016916990280151,1.0016916990280151,0.022914966568350792,0.0002052000054391101,0.5773065090179443,1580000.0,-0.02360553666949272,-0.0030212122946977615,-0.034782711416482925,0.015317303128540516,-0.0007396778091788292,0.5848094820976257,0.853120744228363,0.07028132677078247,2.181036949157715,5596.55859375,19.713176727294922,30.655176162719727,50.36835479736328,397.0747375488281,1.7451411485671997
5.110441207885742,27.65999984741211,1000.0,79.0,0.8644855618476868,0.027766507118940353,1.0,0.9996822476387024,0.9996822476387024,0.9996822476387024,0.02115003578364849,0.00020399999630171806,0.5761310458183289,1600000.0,0.024552857503294945,0.048158394172787666,-0.033463601022958755,0.016264047473669052,0.0009467443451285362,0.5009335875511169,4.296586036682129,3.443465292453766,2.8445353507995605,5620.79150390625,20.167560577392578,4.043511390686035,24.211071014404297,826.068359375,1.7968469858169556
4.800708770751953,33.47999954223633,1000.0,80.0,0.8667877316474915,0.021972132846713066,8.0,1.0033223628997803,1.0033223628997803,1.0033223628997803,0.02278168685734272,0.00020280000171624124,0.5776121616363525,1620000.0,-0.02790251560509205,-0.05245537310838699,0.22777605056762695,0.01475475076586008,-0.0015092967078089714,0.5489882826805115,1.4453412294387817,-2.851244807243347,2.9511475563049316,5671.71826171875,20.310487747192383,30.596818923950195,50.90730667114258,392.87091064453125,1.9345974922180176
4.429986000061035,27.799999237060547,1000.0,81.0,0.8568241000175476,0.023192621767520905,11.0,1.00002920627594,1.00002920627594,1.00002920627594,0.02069675549864769,0.00020160000713076442,0.5719191431999207,1640000.0,-0.022215915843844414,0.005686599761247635,-0.004775971174240112,0.014447420835494995,-0.0003073299303650856,0.5209675431251526,0.8031748533248901,-0.6421663761138916,2.8180153369903564,5735.79248046875,19.614028930664062,44.43861770629883,64.05265045166016,312.2431335449219,1.984500527381897
4.496704578399658,19.020000457763672,1000.0,82.0,0.8537974953651428,0.022538432851433754,8.0,0.9992221593856812,0.9992221593856812,0.9992221593856812,0.023934096097946167,0.00020039999799337238,0.5701594948768616,1660000.0,-0.016109930351376534,0.00610598549246788,-0.1951102316379547,0.017350586131215096,0.0029031652957201004,0.6317297220230103,0.7310041189193726,-0.07217073440551758,2.3881583213806152,5786.8271484375,19.99435043334961,31.015872955322266,51.010223388671875,392.0782775878906,1.9016084671020508
5.152960300445557,22.799999237060547,1000.0,83.0,0.8446910977363586,0.020778099074959755,8.0,1.0009164810180664,1.0009164810180664,1.0009164810180664,0.021922752261161804,0.00019920000340789557,0.5648581385612488,1680000.0,-0.02653319016098976,-0.010423259809613228,-0.1286843866109848,0.018024597316980362,0.0006740111857652664,0.6357952952384949,1.424375057220459,0.6933709383010864,2.538580894470215,5838.0419921875,19.315109252929688,31.87651824951172,51.191627502441406,390.68890380859375,1.8765709400177002
5.671686172485352,20.81999969482422,1000.0,84.0,0.8388525247573853,0.020502666011452675,10.0,0.998167097568512,0.998167097568512,0.998167097568512,0.02063004858791828,0.00019799999427050352,0.5615324974060059,1700000.0,-0.01944560371339321,0.00708758644759655,0.11743628978729248,0.016810117289423943,-0.0012144800275564194,0.6402186751365662,0.5776628851890564,-0.8467121720314026,3.1684539318084717,5897.07470703125,19.160049438476562,39.84968566894531,59.009735107421875,338.9271240234375,1.8219852447509766
5.766111373901367,22.3799991607666,1000.0,85.0,0.8327257633209229,0.020031370222568512,6.0,1.0013105869293213,1.0013105869293213,1.0013105869293213,0.020793383941054344,0.0001967999996850267,0.5580633282661438,1720000.0,-0.015838637948036194,0.0036069657653570175,0.04905281215906143,0.01682998053729534,1.9863247871398926e-05,0.6686804294586182,0.667312502861023,0.08964961767196655,2.8909354209899902,5942.16796875,21.26439666748047,23.806062698364258,45.070457458496094,443.7496337890625,1.7914389371871948
5.858327865600586,13.279999732971191,1000.0,86.0,0.8281628489494324,0.020518237724900246,8.0,1.000125765800476,1.000125765800476,1.000125765800476,0.021246464923024178,0.0001956000050995499,0.5554295778274536,1740000.0,-0.020843569189310074,-0.00500493124127388,-0.030999772250652313,0.017418639734387398,0.0005886591970920563,0.6412352323532104,0.9913372993469238,0.3240247964859009,2.6387414932250977,5991.52978515625,19.573549270629883,29.766504287719727,49.34005355834961,405.3501892089844,1.6246099472045898
5.870644569396973,19.34000015258789,1000.0,87.0,0.8315832614898682,0.02058514952659607,7.0,1.0023576021194458,1.0023576021194458,1.0023576021194458,0.021368255838751793,0.00019439999596215785,0.5571652054786682,1760000.0,-0.021875929087400436,-0.0010323598980903625,-0.014839224517345428,0.016019415110349655,-0.0013992246240377426,0.7153054475784302,0.9360010623931885,-0.05533623695373535,2.4190399646759033,6038.60595703125,20.877059936523438,26.17523193359375,47.05329513549805,425.0499267578125,1.5511623620986938
6.020832538604736,23.0,1000.0,88.0,0.8277966380119324,0.021114854142069817,7.0,0.9984133839607239,0.9984133839607239,0.9984133839607239,0.021125448867678642,0.00019320000137668103,0.5550112128257751,1780000.0,-0.021406594663858414,0.0004693344235420227,-0.0053247734904289246,0.018590740859508514,0.0025713257491588593,0.6909347772598267,1.0180554389953613,0.08205437660217285,2.7357473373413086,6086.98583984375,19.49125099182129,28.86834716796875,48.35960006713867,413.568359375,1.5344526767730713
6.0199127197265625,24.479999542236328,1000.0,89.0,0.8163416981697083,0.020533718168735504,7.0,1.0000890493392944,1.0000890493392944,1.0000890493392944,0.020544374361634254,0.00019200000679120421,0.54850834608078,1800000.0,-0.019249238073825836,0.0021573565900325775,0.11608155816793442,0.017695309594273567,-0.0008954312652349472,0.7113878726959229,0.8611313104629517,-0.15692412853240967,2.9618585109710693,6135.94580078125,21.73560333251953,27.201156616210938,48.93675994873047,408.69073486328125,1.5378371477127075
6.4234185218811035,24.84000015258789,1000.0,90.0,0.8074148893356323,0.020671283826231956,7.0,1.0004229545593262,1.0004229545593262,1.0004229545593262,0.02198575623333454,0.00019079999765381217,0.5437092781066895,1820000.0,-0.020325707271695137,-0.0010764691978693008,0.07519418001174927,0.01960659772157669,0.0019112881273031235,0.7975420951843262,1.2420562505722046,0.38092494010925293,2.6019747257232666,6183.046875,19.476821899414062,27.602195739746094,47.079017639160156,424.8177185058594,1.5471382141113281
7.207487106323242,25.68000030517578,1000.0,91.0,0.806471049785614,0.021254083141684532,8.0,1.001386284828186,1.001386284828186,1.001386284828186,0.021548407152295113,0.00018960000306833535,0.5433805584907532,1840000.0,-0.02383800595998764,-0.0035122986882925034,-0.09627854824066162,0.017506448552012444,-0.002100149169564247,0.8178304433822632,1.1775985956192017,-0.06445765495300293,2.422875165939331,6232.95751953125,19.55657386779785,30.33197784423828,49.888553619384766,400.8935852050781,1.568494200706482
8.104984283447266,25.799999237060547,1000.0,92.0,0.7965368628501892,0.020518533885478973,8.0,0.998803973197937,0.998803973197937,0.998803973197937,0.021123312413692474,0.0001883999939309433,0.5380526185035706,1860000.0,-0.019477279856801033,0.004360726103186607,0.12413492053747177,0.018824083730578423,0.001317635178565979,0.8330802917480469,0.9073348641395569,-0.2702637314796448,2.7722854614257812,6285.58642578125,19.696271896362305,32.91005325317383,52.606327056884766,380.1824035644531,1.590922474861145
8.233619689941406,27.0,1000.0,93.0,0.7851086854934692,0.021343855187296867,8.0,1.0001145601272583,1.0001145601272583,1.0001145601272583,0.021905014291405678,0.0001871999993454665,0.5317229628562927,1880000.0,-0.02355387434363365,-0.004076594486832619,0.06202427297830582,0.017286330461502075,-0.0015377532690763474,0.8431953191757202,0.9978201985359192,0.0904853343963623,2.9243829250335693,6337.13671875,20.44683837890625,31.074085235595703,51.52092361450195,388.1918029785156,1.6307644844055176
8.009919166564941,29.5,1000.0,94.0,0.7811922430992126,0.02116110734641552,8.0,0.9993821382522583,0.9993821382522583,0.9993821382522583,0.022298822179436684,0.00018600000475998968,0.5298753380775452,1900000.0,-0.02172626368701458,0.001827610656619072,-0.20236676931381226,0.01921968348324299,0.0019333530217409134,0.8187130689620972,1.1722654104232788,0.17444521188735962,2.6086177825927734,6387.8408203125,19.25080108642578,31.431318283081055,50.6821174621582,394.6164855957031,1.7113192081451416
7.594222545623779,24.600000381469727,1000.0,95.0,0.7712794542312622,0.02379078045487404,8.0,1.000126600265503,1.000126600265503,1.000126600265503,0.020619601011276245,0.00018479999562259763,0.5248335599899292,1920000.0,-0.02275056578218937,-0.0010243020951747894,0.13936425745487213,0.020042724907398224,0.0008230414241552353,0.8982576131820679,0.9998576641082764,-0.17240774631500244,3.205390453338623,6437.60107421875,18.919666290283203,30.81718635559082,49.736854553222656,402.1163024902344,1.713366150856018
6.911481857299805,24.31999969482422,1000.0,96.0,0.768308162689209,0.020651644095778465,8.0,0.9994907379150391,0.9994907379150391,0.9994907379150391,0.021711038425564766,0.00018360000103712082,0.5231438875198364,1940000.0,-0.02513650618493557,-0.0023859404027462006,-0.03545551002025604,0.018183637410402298,-0.001859087496995926,0.7107508182525635,1.1920619010925293,0.19220423698425293,2.56527042388916,6491.1845703125,20.36292266845703,33.19856643676758,53.56148910522461,373.4026184082031,1.7153207063674927
6.687942028045654,37.060001373291016,1000.0,97.0,0.7651272416114807,0.022483406588435173,8.0,1.0059864521026611,1.0059864521026611,1.0059864521026611,0.02247748151421547,0.000182400006451644,0.5216503739356995,1960000.0,-0.021389590576291084,0.0037469156086444855,0.04684499651193619,0.01890866458415985,0.0007250271737575531,0.6802269220352173,1.4805570840835571,0.28849518299102783,2.854726552963257,6541.25341796875,19.79632568359375,30.24951171875,50.04583740234375,399.6336364746094,1.9112776517868042
6.292586803436279,35.040000915527344,1000.0,98.0,0.7629469037055969,0.02118515409529209,9.0,0.9992895126342773,0.9992895126342773,0.9992895126342773,0.020798036828637123,0.00018119999731425196,0.5206761956214905,1980000.0,-0.02411191165447235,-0.002722321078181267,0.3464486300945282,0.02078731544315815,0.0018786508589982986,0.7136380076408386,0.887965202331543,-0.5925918817520142,2.9310545921325684,6595.689453125,20.252471923828125,34.161014556884766,54.41348648071289,367.5559387207031,2.070326805114746
6.934256553649902,34.060001373291016,1000.0,99.0,0.7610637545585632,0.020664410665631294,8.0,0.9988651871681213,0.9988651871681213,0.9988651871681213,0.02158859558403492,0.00018000000272877514,0.5196749567985535,2000000.0,-0.025787530466914177,-0.0016756188124418259,0.0317937433719635,0.020905042067170143,0.00011772662401199341,0.902955949306488,1.1670314073562622,0.27906620502471924,3.0733065605163574,6646.77783203125,19.700593948364258,31.3656063079834,51.066200256347656,391.64849853515625,2.2105133533477783
7.071014881134033,25.520000457763672,1000.0,100.0,0.76044762134552,0.02114780806005001,9.0,1.0017611980438232,1.0017611980438232,1.0017611980438232,0.02293616719543934,0.0001787999935913831,0.51932293176651,2020000.0,-0.03041153773665428,-0.004624007269740105,0.22074095904827118,0.01915881596505642,-0.0017462261021137238,0.7824658751487732,1.084912896156311,-0.08211851119995117,2.6456375122070312,6704.9892578125,23.60261344909668,34.583831787109375,58.18744659423828,343.7167663574219,2.215670585632324
7.20785665512085,25.0,1000.0,101.0,0.754652202129364,0.02091298997402191,8.0,1.000485897064209,1.000485897064209,1.000485897064209,0.022327573969960213,0.00017759999900590628,0.5161913633346558,2040000.0,-0.02189231850206852,0.008519219234585762,0.15745559334754944,0.0207503754645586,0.001591559499502182,0.7904958724975586,1.0977481603622437,0.012835264205932617,3.329237461090088,6755.47509765625,19.574934005737305,30.89017105102539,50.46510314941406,396.3134460449219,2.2123498916625977
6.898297309875488,24.15999984741211,1000.0,102.0,0.7493165731430054,0.021432163193821907,8.0,0.9974058270454407,0.9974058270454407,0.9974058270454407,0.020734358578920364,0.00017640000442042947,0.5134165287017822,2060000.0,-0.02484021708369255,-0.002947898581624031,0.07176175713539124,0.018883608281612396,-0.0018667671829462051,0.7966320514678955,1.1140446662902832,0.01629650592803955,3.304691791534424,6806.41796875,20.02627182006836,30.89320945739746,50.91948318481445,392.7769775390625,2.196115255355835
6.717606067657471,26.540000915527344,1000.0,103.0,0.7492961883544922,0.02041533775627613,7.0,1.0008232593536377,1.0008232593536377,1.0008232593536377,0.022483183071017265,0.00017519999528303742,0.5133957862854004,2080000.0,-0.027377665042877197,-0.0025374479591846466,0.08298974484205246,0.019779693335294724,0.0008960850536823273,0.8049980998039246,1.7589701414108276,0.6449254751205444,2.8027901649475098,6856.17041015625,19.534835815429688,30.196517944335938,49.731353759765625,402.1607971191406,2.216562509536743
7.983194351196289,25.940000534057617,1000.0,104.0,0.7509481906890869,0.020830944180488586,8.0,0.9987050890922546,0.9987050890922546,0.9987050890922546,0.02075895108282566,0.0001740000006975606,0.5144453644752502,2100000.0,-0.029736001044511795,-0.0023583360016345978,-0.10065323114395142,0.021059788763523102,0.0012800954282283783,0.9003695249557495,1.2539876699447632,-0.5049824714660645,3.562201499938965,6908.22607421875,21.513633728027344,30.5189266204834,52.03255844116211,384.37469482421875,2.2262072563171387
8.461518287658691,25.639999389648438,1000.0,105.0,0.7441908717155457,0.02166266366839409,9.0,0.9997246861457825,0.9997246861457825,0.9997246861457825,0.021189719438552856,0.0001728000061120838,0.5110939741134644,2120000.0,-0.02354506403207779,0.006190937012434006,0.0020686648786067963,0.024663081392645836,0.003603292629122734,0.9650981426239014,0.8927178382873535,-0.36126983165740967,3.124516725540161,6963.66357421875,20.557674407958984,34.857765197753906,55.41543960571289,360.9102478027344,2.23363995552063
9.401434898376465,19.6200008392334,1000.0,106.0,0.7383266091346741,0.020976267755031586,8.0,1.001075029373169,1.001075029373169,1.001075029373169,0.02299230359494686,0.00017159999697469175,0.5079250335693359,2140000.0,-0.0270338524132967,-0.0034887883812189102,0.2181825339794159,0.023413311690092087,-0.001249769702553749,0.948029100894928,1.1478514671325684,0.25513362884521484,3.1613359451293945,7014.66943359375,19.620019912719727,31.363567352294922,50.983585357666016,392.2831115722656,2.147850751876831
9.493659019470215,27.639999389648438,1000.0,107.0,0.7412244081497192,0.021324966102838516,8.0,1.0016422271728516,1.0016422271728516,1.0016422271728516,0.02242731675505638,0.00017040000238921493,0.5093865394592285,2160000.0,-0.03380045294761658,-0.006766600534319878,0.2464127242565155,0.02437402307987213,0.0009607113897800446,1.0202230215072632,1.2271552085876465,0.07930374145507812,3.3322534561157227,7069.1708984375,22.56833267211914,31.908702850341797,54.47703552246094,367.1271667480469,2.1816012859344482
8.803427696228027,26.799999237060547,1000.0,108.0,0.7345526218414307,0.020310845226049423,8.0,1.0019716024398804,1.0019716024398804,1.0019716024398804,0.020385583862662315,0.0001691999932518229,0.5061126351356506,2180000.0,-0.021913474425673485,0.011886978521943092,0.08212823420763016,0.023391325026750565,-0.0009826980531215668,0.8940856456756592,1.0013965368270874,-0.22575867176055908,2.77587628364563,7118.52978515625,19.555450439453125,29.780189514160156,49.33563995361328,405.3864440917969,2.2029740810394287
7.843658447265625,27.059999465942383,1000.0,109.0,0.7264189720153809,0.021653911098837852,6.0,0.999987781047821,0.999987781047821,0.999987781047821,0.022494928911328316,0.00016799999866634607,0.5020363330841064,2200000.0,-0.0216536782681942,0.0002597961574792862,-0.01329541951417923,0.02060173824429512,-0.0027895867824554443,0.726085364818573,1.881766438484192,0.8803699016571045,2.6891045570373535,7161.4873046875,20.18040657043457,22.754825592041016,42.93523406982422,465.8179016113281,2.228698253631592
7.272785186767578,25.5,1000.0,110.0,0.7187319993972778,0.020592287182807922,9.0,1.0006903409957886,1.0006903409957886,1.0006903409957886,0.021581197157502174,0.00016680000408086926,0.4981123208999634,2220000.0,-0.029153862968087196,-0.007500184699892998,0.12287949025630951,0.02222169004380703,0.0016199517995119095,0.8319212794303894,1.0379928350448608,-0.843773603439331,3.7430760860443115,7216.4521484375,20.551166534423828,34.39127731323242,54.942440032958984,364.0173034667969,2.2342562675476074
8.011632919311523,31.15999984741211,1000.0,111.0,0.7215127944946289,0.021370695903897285,8.0,1.0026850700378418,1.0026850700378418,1.0026850700378418,0.022168727591633797,0.0001655999949434772,0.49942746758461,2240000.0,-0.0344589501619339,-0.005305087193846703,-0.1998843401670456,0.023983174934983253,0.0017614848911762238,1.0706740617752075,1.707487940788269,0.6694951057434082,3.3989975452423096,7270.52294921875,22.97304344177246,31.073801040649414,54.046844482421875,370.0493469238281,2.3277764320373535
9.056087493896484,40.68000030517578,1000.0,112.0,0.7182444930076599,0.0204221960157156,8.0,1.0023094415664673,1.0023094415664673,1.0023094415664673,0.02253737673163414,0.0001644000003580004,0.49781131744384766,2260000.0,-0.03402601554989815,0.00043293461203575134,0.019780617207288742,0.025338076055049896,0.0013549011200666428,0.9940757751464844,1.987265706062317,0.27977776527404785,2.867588996887207,7322.5078125,19.502084732055664,32.46163558959961,51.96371841430664,384.8839416503906,2.5676803588867188
8.9716215133667,42.08000183105469,1000.0,113.0,0.7130448222160339,0.020417029038071632,9.0,1.000083327293396,1.000083327293396,1.000083327293396,0.0207560695707798,0.00016320000577252358,0.49541857838630676,2280000.0,-0.02697603590786457,0.007049979642033577,0.04494113847613335,0.02165401540696621,-0.003684060648083687,0.8807287216186523,1.2749181985855103,-0.7123475074768066,3.3284597396850586,7376.56689453125,19.04106330871582,34.99641799926758,54.037479400634766,370.1134948730469,2.823939323425293
9.743659973144531,33.7400016784668,1000.0,114.0,0.7089431881904602,0.020063789561390877,8.0,1.0016580820083618,1.0016580820083618,1.0016580820083618,0.02115543931722641,0.00016199999663513154,0.4933447241783142,2300000.0,-0.03129752352833748,-0.004321487620472908,0.021794172003865242,0.024697428569197655,0.0030434131622314453,1.1410658359527588,1.4505420923233032,0.17562389373779297,4.024606227874756,7430.19140625,19.28510856628418,34.316253662109375,53.60136032104492,373.1248474121094,2.946955442428589
9.218395233154297,28.059999465942383,1000.0,115.0,0.6990410089492798,0.02131432667374611,8.0,0.999116063117981,0.999116063117981,0.999116063117981,0.020928768441081047,0.00016080000204965472,0.4887840151786804,2320000.0,-0.03125317394733429,4.434958100318909e-05,0.02549707144498825,0.024008672684431076,-0.0006887558847665787,0.9814016819000244,1.1682302951812744,-0.2823117971420288,3.6294898986816406,7481.568359375,19.97490119934082,31.379453659057617,51.35435485839844,389.4508972167969,2.9803004264831543
9.521280288696289,30.299999237060547,1000.0,116.0,0.692995011806488,0.021546620875597,9.0,1.0007257461547852,1.0007257461547852,1.0007257461547852,0.021754931658506393,0.00015959999291226268,0.4860418736934662,2340000.0,-0.036491382867097855,-0.005238208919763565,-0.3421376943588257,0.01972314342856407,-0.004285529255867004,1.0479917526245117,1.5192320346832275,0.3510017395019531,3.5478711128234863,7536.8134765625,19.26642608642578,35.95524978637695,55.221675872802734,362.1766357421875,3.0512382984161377
8.404606819152832,35.08000183105469,1000.0,117.0,0.6934897303581238,0.023191291838884354,7.0,0.9988729953765869,0.9988729953765869,0.9988729953765869,0.021306663751602173,0.00015839999832678586,0.4863230586051941,2360000.0,-0.03681456297636032,-0.00032318010926246643,0.06641043722629547,0.023010345175862312,0.0032872017472982407,0.970529317855835,1.8683855533599854,0.3491535186767578,4.275119304656982,7584.578125,20.092370986938477,27.64748764038086,47.73986053466797,418.9371337890625,3.191359281539917
9.07553482055664,34.81999969482422,1000.0,118.0,0.6946837306022644,0.020324137061834335,8.0,1.0006107091903687,1.0006107091903687,1.0006107091903687,0.020933842286467552,0.00015720000374130905,0.4867083728313446,2380000.0,-0.033475883305072784,0.0033386796712875366,0.013969311490654945,0.022662803530693054,-0.0003475416451692581,1.0262198448181152,1.5356401205062866,-0.33274543285369873,3.6078054904937744,7636.73193359375,20.760826110839844,31.3690128326416,52.130836486816406,383.65008544921875,3.325904369354248
8.9790678024292,31.760000228881836,1000.0,119.0,0.6922525763511658,0.02143004536628723,10.0,1.0002460479736328,1.0002460479736328,1.0002460479736328,0.02019798941910267,0.000155999994603917,0.4854147434234619,2400000.0,-0.030837876722216606,0.0026380065828561783,-0.09132962673902512,0.02371165156364441,0.001048848032951355,1.0308705568313599,1.0175813436508179,-0.5180587768554688,3.3871374130249023,7696.3671875,19.28842544555664,40.32468795776367,59.61310958862305,335.4966735839844,3.411072015762329
9.741710662841797,25.639999389648438,1000.0,120.0,0.6836336851119995,0.02109508588910103,9.0,1.0019445419311523,1.0019445419311523,1.0019445419311523,0.020977435633540154,0.0001548000000184402,0.48125043511390686,2420000.0,-0.029424766078591347,0.0014131106436252594,0.04614526405930519,0.023067234084010124,-0.000644417479634285,1.0290318727493286,1.2980599403381348,0.2804785966873169,3.1263654232025146,7751.8974609375,20.31386947631836,35.192325592041016,55.506195068359375,360.32012939453125,3.4012813568115234
9.700045585632324,33.959999084472656,1000.0,121.0,0.6809237599372864,0.020589908584952354,6.0,0.9991222023963928,0.9991222023963928,0.9991222023963928,0.02192222699522972,0.00015360000543296337,0.47986069321632385,2440000.0,-0.03218913450837135,-0.0027643684297800064,0.18943259119987488,0.024887772276997566,0.001820538192987442,1.0817476511001587,3.0898568630218506,1.7917969226837158,3.7085187435150146,7795.2998046875,20.15826988220215,23.22191047668457,43.38018035888672,461.0400390625,3.518430233001709
10.387670516967773,31.559999465942383,1000.0,122.0,0.682937502861023,0.021328188478946686,11.0,1.001786470413208,1.001786470413208,1.001786470413208,0.021599194034934044,0.00015239999629557133,0.4806941747665405,2460000.0,-0.03917226940393448,-0.006983134895563126,-0.26478853821754456,0.02673535794019699,0.0018475856631994247,1.1067153215408325,1.2992089986801147,-1.7906478643417358,3.1296310424804688,7861.14208984375,22.357410430908203,43.46427917480469,65.82169342041016,303.8511962890625,3.5922415256500244
10.144214630126953,37.220001220703125,1000.0,123.0,0.6739147305488586,0.02137303724884987,9.0,1.0009758472442627,1.0009758472442627,1.0009758472442627,0.020666493102908134,0.0001512000017100945,0.47622594237327576,2480000.0,-0.03082301840186119,0.008349251002073288,-0.16848616302013397,0.023370668292045593,-0.0033646896481513977,1.0238940715789795,1.3234552145004272,0.0242462158203125,3.549403190612793,7916.7333984375,19.38568878173828,36.1820068359375,55.56769561767578,359.9213562011719,3.7526724338531494
9.910550117492676,29.6200008392334,1000.0,124.0,0.6654542088508606,0.02107468619942665,8.0,1.0022071599960327,1.0022071599960327,1.0022071599960327,0.0211779847741127,0.0001500000071246177,0.47241485118865967,2500000.0,-0.03327824920415878,-0.002455230802297592,0.1122923344373703,0.024538759142160416,0.0011680908501148224,1.1134170293807983,1.3785713911056519,0.05511617660522461,2.948026657104492,7968.7890625,19.88682746887207,32.143943786621094,52.03076934814453,384.387939453125,3.7975616455078125
8.602413177490234,33.79999923706055,1000.0,125.0,0.6583418250083923,0.02068162150681019,8.0,1.0016710758209229,1.0016710758209229,1.0016710758209229,0.02129868045449257,0.00014879999798722565,0.46926864981651306,2520000.0,-0.032068997621536255,0.001209251582622528,-0.27372753620147705,0.021861067041754723,-0.002677692100405693,0.9262822270393372,1.2820838689804077,-0.09648752212524414,3.1259605884552,8021.91259765625,21.095199584960938,32.006160736083984,53.102272033691406,376.6317138671875,3.910146474838257
7.907138824462891,30.479999542236328,1000.0,126.0,0.6543286442756653,0.020900407806038857,7.0,0.9987018704414368,0.9987018704414368,0.9987018704414368,0.021337078884243965,0.00014760000340174884,0.46735358238220215,2540000.0,-0.026904668658971786,0.005164328962564468,-0.1428871601819992,0.022164471447467804,0.00030340440571308136,0.9860947132110596,1.3745139837265015,0.09243011474609375,3.496577739715576,8069.6865234375,19.999492645263672,27.751949310302734,47.751441955566406,418.83551025390625,3.9689221382141113
8.070812225341797,35.2599983215332,1000.0,127.0,0.6573616862297058,0.02249920926988125,9.0,1.0025441646575928,1.0025441646575928,1.0025441646575928,0.021763693541288376,0.0001463999942643568,0.4684813618659973,2560000.0,-0.04086509719491005,-0.013960428535938263,0.021870315074920654,0.02124129794538021,-0.0009231735020875931,0.9793263673782349,1.8342331647872925,0.459719181060791,3.584871530532837,8126.81884765625,21.602500915527344,35.506370544433594,57.10887145996094,350.2082824707031,4.099198818206787
9.000750541687012,30.559999465942383,1000.0,128.0,0.6555240750312805,0.020754311233758926,10.0,0.9988420605659485,0.9988420605659485,0.9988420605659485,0.021026989445090294,0.00014519999967887998,0.4676803946495056,2580000.0,-0.03564175218343735,0.005223345011472702,-0.16320078074932098,0.023689260706305504,0.002447962760925293,1.0808990001678467,1.1529045104980469,-0.6813286542892456,3.251258134841919,8186.87109375,20.363983154296875,39.666099548339844,60.03008270263672,333.1662902832031,4.155372142791748
8.928144454956055,31.440000534057617,1000.0,129.0,0.651078999042511,0.02165387198328972,9.0,0.9996233582496643,0.9996233582496643,0.9996233582496643,0.02184136025607586,0.00014400000509340316,0.4657641053199768,2600000.0,-0.036925796419382095,-0.001284044235944748,-0.020751485601067543,0.022156471386551857,-0.0015327893197536469,1.0077418088912964,1.1116856336593628,-0.04121887683868408,3.4595754146575928,8243.5458984375,21.058849334716797,35.592010498046875,56.65085983276367,353.0396423339844,4.226686477661133
8.87104320526123,21.299999237060547,1000.0,130.0,0.6396703124046326,0.02298818528652191,9.0,0.9996945858001709,0.9996945858001709,0.9996945858001709,0.020707491785287857,0.00014279999595601112,0.4605693817138672,2620000.0,-0.029976172372698784,0.0069496240466833115,-0.05912225320935249,0.024012776091694832,0.0018563047051429749,0.9946578145027161,0.9407448768615723,-0.17094075679779053,3.7803592681884766,8298.34375,20.30042839050293,34.4738883972168,54.774314880371094,365.1346435546875,4.143544673919678
8.620665550231934,19.420000076293945,1000.0,131.0,0.628410816192627,0.0217384472489357,8.0,1.0001055002212524,1.0001055002212524,1.0001055002212524,0.020742913708090782,0.0001416000013705343,0.45554739236831665,2640000.0,-0.02639065496623516,0.003585517406463623,-0.19123944640159607,0.025840604677796364,0.001827828586101532,1.0711333751678467,0.8980070352554321,-0.04273784160614014,3.529684066772461,8353.357421875,23.652864456176758,31.3383846282959,54.991249084472656,363.6942138671875,4.029410362243652
8.476849555969238,21.979999542236328,1000.0,132.0,0.6280478239059448,0.021351438015699387,8.0,0.9993229508399963,0.9993229508399963,0.9993229508399963,0.022283827885985374,0.00014040000678505749,0.4554714262485504,2660000.0,-0.03310642018914223,-0.006715765222907066,0.027531389147043228,0.024150004610419273,-0.0016906000673770905,0.9469128847122192,1.408097743988037,0.510090708732605,3.0380237102508545,8407.974609375,20.926353454589844,33.6684455871582,54.59479522705078,366.33526611328125,3.96067476272583
8.140316009521484,26.719999313354492,1000.0,133.0,0.6276928782463074,0.020558862015604973,8.0,1.00180184841156,1.00180184841156,1.00180184841156,0.021685229614377022,0.00013919999764766544,0.45514115691185,2680000.0,-0.037910375744104385,-0.004803955554962158,-0.4552718698978424,0.021224599331617355,-0.002925405278801918,1.0134665966033936,1.9824283123016357,0.5743305683135986,3.6580793857574463,8460.43359375,19.294336318969727,33.14217758178711,52.4365119934082,381.41363525390625,3.968153715133667
7.992276191711426,24.219999313354492,1000.0,134.0,0.6235904097557068,0.021119490265846252,10.0,0.9999315738677979,0.9999315738677979,0.9999315738677979,0.021138891577720642,0.00013800000306218863,0.4531344473361969,2700000.0,-0.03403552249073982,0.003874853253364563,-0.2579891085624695,0.020767224952578545,-0.00045737437903881073,0.949486494064331,1.128633975982666,-0.8537943363189697,3.113907814025879,8521.6181640625,21.55525016784668,39.60689926147461,61.16314697265625,326.9942932128906,3.9386191368103027
8.252572059631348,24.579999923706055,1000.0,135.0,0.6128782629966736,0.02054635062813759,9.0,1.0005300045013428,1.0005300045013428,1.0005300045013428,0.02148137241601944,0.00013679999392479658,0.44828978180885315,2720000.0,-0.03498753532767296,-0.000952012836933136,0.11707783490419388,0.022381555289030075,0.0016143303364515305,0.9447987079620361,1.0709301233291626,-0.05770385265350342,3.1748642921447754,8579.2783203125,21.95218849182129,35.68323516845703,57.63542556762695,347.0087890625,3.9155709743499756
8.678946495056152,20.31999969482422,1000.0,136.0,0.6040877103805542,0.02096782624721527,8.0,0.9975786805152893,0.9975786805152893,0.9975786805152893,0.020919738337397575,0.00013559999933931977,0.4442545175552368,2740000.0,-0.028454115614295006,0.006533419713377953,-0.10808202624320984,0.023906564339995384,0.0015250090509653091,1.0628588199615479,1.0122359991073608,-0.05869412422180176,3.6451516151428223,8632.5341796875,20.858125686645508,32.374515533447266,53.232643127441406,375.7093200683594,3.8295652866363525
8.240945816040039,28.65999984741211,1000.0,137.0,0.5946327447891235,0.021314073354005814,7.0,0.9998372197151184,0.9998372197151184,0.9998372197151184,0.02145322412252426,0.00013440000475384295,0.43979886174201965,2760000.0,-0.032190755009651184,-0.0037366393953561783,-0.155120849609375,0.022402850911021233,-0.0015037134289741516,0.9040236473083496,1.6539685726165771,0.6417325735092163,3.985929250717163,8681.9970703125,21.89486312866211,27.544933319091797,49.439796447753906,404.53240966796875,3.870620012283325
8.469013214111328,35.47999954223633,1000.0,138.0,0.5957499146461487,0.020866913720965385,9.0,1.0003998279571533,1.0003998279571533,1.0003998279571533,0.02162102237343788,0.0001331999956164509,0.44023558497428894,2780000.0,-0.04670945554971695,-0.014518700540065765,-0.010222230106592178,0.02428966574370861,0.001886814832687378,1.0564016103744507,1.7398332357406616,0.08586466312408447,3.3818464279174805,8739.384765625,20.92841911315918,36.43621826171875,57.36463928222656,348.6468505859375,4.013751983642578
8.324254989624023,36.720001220703125,1000.0,139.0,0.5955286622047424,0.022783342748880386,10.0,1.002174973487854,1.002174973487854,1.002174973487854,0.021624991670250893,0.0001320000010309741,0.44022324681282043,2800000.0,-0.04005264490842819,0.006656810641288757,-0.03801637142896652,0.02121467888355255,-0.0030749868601560593,0.9817721843719482,1.1950924396514893,-0.5447407960891724,4.094644546508789,8801.6181640625,20.288156509399414,41.922245025634766,62.21039962768555,321.4896545410156,4.173567295074463
8.483957290649414,35.97999954223633,1000.0,140.0,0.5919555425643921,0.02110549435019493,10.0,0.9994423985481262,0.9994423985481262,0.9994423985481262,0.020926063880324364,0.00013080000644549727,0.43878400325775146,2820000.0,-0.0413229763507843,-0.0012703314423561096,-0.19172610342502594,0.023353079333901405,0.002138400450348854,0.9840308427810669,1.2767159938812256,0.08162355422973633,4.289010524749756,8862.2685546875,20.221837997436523,40.40532684326172,60.62816619873047,329.8796691894531,4.3201518058776855
8.674875259399414,33.2599983215332,1000.0,141.0,0.5939740538597107,0.020489942282438278,8.0,1.002593755722046,1.002593755722046,1.002593755722046,0.02152794599533081,0.00012959999730810523,0.43957802653312683,2840000.0,-0.038459233939647675,0.002863742411136627,-0.10624528676271439,0.027246594429016113,0.003893515095114708,1.0208085775375366,1.2385720014572144,-0.03814399242401123,3.914802312850952,8916.3583984375,21.261396408081055,32.80608367919922,54.06747817993164,369.90814208984375,4.426096439361572
8.842893600463867,27.68000030517578,1000.0,142.0,0.5855106711387634,0.02120738849043846,11.0,0.9993401169776917,0.9993401169776917,0.9993401169776917,0.02054557576775551,0.00012840000272262841,0.4357714354991913,2860000.0,-0.03350113332271576,0.004958100616931915,-0.23755207657814026,0.02688206546008587,-0.00036452896893024445,1.0710525512695312,0.8040270805358887,-0.4345449209213257,3.809575319290161,8982.0205078125,22.47861671447754,43.15996551513672,65.63858032226562,304.6988525390625,4.448024749755859
10.131171226501465,21.420000076293945,1000.0,143.0,0.5865843296051025,0.021320464089512825,10.0,1.000210165977478,1.000210165977478,1.000210165977478,0.02088678441941738,0.00012719999358523637,0.4362740218639374,2880000.0,-0.029329894110560417,0.004171239212155342,0.0001173652708530426,0.029250046238303185,0.0023679807782173157,1.1523479223251343,0.8228724002838135,0.018845319747924805,3.7544503211975098,9044.796875,21.204919815063477,41.54716110229492,62.75208282470703,318.71453857421875,4.370796203613281
9.057494163513184,14.079999923706055,1000.0,144.0,0.5781580805778503,0.020325833931565285,9.0,1.0004360675811768,1.0004360675811768,1.0004360675811768,0.020137932151556015,0.00012599999899975955,0.4326174855232239,2900000.0,-0.02547827735543251,0.003851616755127907,-0.07353875786066055,0.021483164280653,-0.007766881957650185,0.8416038155555725,0.6678051352500916,-0.15506726503372192,2.9662082195281982,9102.5869140625,20.567249298095703,37.19966125488281,57.766910552978516,346.2189636230469,4.186420440673828
8.061551094055176,11.600000381469727,1000.0,145.0,0.5699986815452576,0.02055135741829872,12.0,0.9994514584541321,0.9994514584541321,0.9994514584541321,0.02044757641851902,0.00012480000441428274,0.42906031012535095,2920000.0,-0.02404414862394333,0.0014341287314891815,-0.5209015607833862,0.02192539907991886,0.0004422347992658615,0.8599359393119812,0.5766578316688538,-0.09114730358123779,2.8831660747528076,9171.9912109375,19.231201171875,50.14815139770508,69.38035583496094,288.26605224609375,3.970372438430786
7.430051326751709,14.539999961853027,1000.0,146.0,0.5647520422935486,0.022035181522369385,8.0,1.002028226852417,1.002028226852417,1.002028226852417,0.022295085713267326,0.0001235999952768907,0.4269257187843323,2940000.0,-0.029609760269522667,-0.005565611645579338,-0.1821586638689041,0.02495935931801796,0.003033960238099098,1.022565245628357,1.011967658996582,0.43530982732772827,3.1172749996185303,9225.3330078125,20.52667236328125,32.790794372558594,53.317466735839844,375.1116027832031,3.8025267124176025
7.373485565185547,15.15999984741211,1000.0,147.0,0.5568687319755554,0.021810080856084824,10.0,1.0008522272109985,1.0008522272109985,1.0008522272109985,0.021580960601568222,0.00012240000069141388,0.42368781566619873,2960000.0,-0.028407463803887367,0.0012022964656352997,-0.21980291604995728,0.02244933508336544,-0.0025100242346525192,0.85903000831604,0.8144739270210266,-0.19749373197555542,2.8924920558929443,9286.3515625,20.68691635131836,40.30865478515625,60.99557113647461,327.8926696777344,3.6471433639526367
8.552434921264648,23.739999771118164,1000.0,148.0,0.5497280359268188,0.023038329556584358,7.0,1.000757098197937,1.000757098197937,1.000757098197937,0.02121131680905819,0.00012119999882997945,0.4205956757068634,2980000.0,-0.029652291908860207,-0.0012448281049728394,-0.07455991953611374,0.024896612390875816,0.002447277307510376,0.9725780487060547,1.2485753297805786,0.434101402759552,2.932046413421631,9336.76953125,22.571067810058594,27.821849822998047,50.39291763305664,396.8811950683594,3.6233091354370117
7.790966987609863,24.459999084472656,1000.0,149.0,0.5488667488098145,0.020227771252393723,10.0,0.9991487264633179,0.9991487264633179,0.9991487264633179,0.021227020770311356,0.00011999999696854502,0.420249879360199,3000000.0,-0.02715020440518856,0.002502087503671646,0.030691899359226227,0.02060076594352722,-0.004295846447348595,0.9575101733207703,0.9423918724060059,-0.30618345737457275,2.9228129386901855,9398.306640625,21.424518585205078,40.09010696411133,61.514625549316406,325.1259460449219,3.6108365058898926
7.959808826446533,24.420000076293945,1000.0,150.0,0.5439978241920471,0.021496346220374107,10.0,1.0003163814544678,1.0003163814544678,1.0003163814544678,0.020452750846743584,0.0001188000023830682,0.4181775450706482,3020000.0,-0.028180083259940147,-0.001029878854751587,-0.2073543518781662,0.021914778277277946,0.0013140123337507248,0.9326761960983276,0.7945941686630249,-0.14779770374298096,2.958824634552002,9461.09375,22.36037254333496,40.402076721191406,62.76346206665039,318.65673828125,3.5981175899505615
7.5736894607543945,22.760000228881836,1000.0,151.0,0.5417580604553223,0.020850619301199913,8.0,1.0009821653366089,1.0009821653366089,1.0009821653366089,0.022637376561760902,0.00011760000052163377,0.4172658622264862,3040000.0,-0.028845125809311867,-0.0006650425493717194,-0.039520569145679474,0.025108085945248604,0.0031933076679706573,1.0424658060073853,1.4669179916381836,0.6723238229751587,2.6594204902648926,9514.7333984375,21.790555953979492,31.826988220214844,53.6175422668457,373.0122375488281,3.560844659805298
7.42718505859375,29.940000534057617,1000.0,152.0,0.5516017079353333,0.020027387887239456,10.0,1.0022839307785034,1.0022839307785034,1.0022839307785034,0.021488007158041,0.00011639999866019934,0.4213699400424957,3060000.0,-0.040398381650447845,-0.011553255841135979,-0.011579537764191628,0.02289760485291481,-0.0022104810923337936,0.8765562772750854,1.5560107231140137,0.08909273147583008,2.6182315349578857,9577.4833984375,20.117637634277344,42.609954833984375,62.72759246826172,318.8389587402344,3.6320152282714844
7.7720627784729,34.34000015258789,1000.0,153.0,0.5488430857658386,0.02042459510266781,10.0,0.9991894960403442,0.9991894960403442,0.9991894960403442,0.020573994144797325,0.00011519999679876491,0.4201147258281708,3080000.0,-0.03496735170483589,0.005431029945611954,-0.06610521674156189,0.024293778464198112,0.0013961736112833023,0.9413648247718811,1.062089204788208,-0.49392151832580566,2.8708624839782715,9639.07421875,19.62798500061035,41.94029235839844,61.568275451660156,324.8426208496094,3.768097400665283
8.382386207580566,41.13999938964844,1000.0,154.0,0.5419553518295288,0.022008592262864113,11.0,1.004042625427246,1.004042625427246,1.004042625427246,0.02177469991147518,0.0001140000022132881,0.4171684682369232,3100000.0,-0.0397338829934597,-0.00476653128862381,0.12369770556688309,0.025685086846351624,0.001391308382153511,1.0240000486373901,1.5342284440994263,0.47213923931121826,3.0894219875335693,9704.876953125,19.476303100585938,46.30314254760742,65.77944946289062,304.04632568359375,4.004045486450195
8.251474380493164,38.91999816894531,1000.0,155.0,0.5358461737632751,0.020296724513173103,10.0,1.002873182296753,1.002873182296753,1.002873182296753,0.020798711106181145,0.00011280000035185367,0.414636492729187,3120000.0,-0.03674520552158356,0.0029886774718761444,0.3107830584049225,0.023722346872091293,-0.00196273997426033,0.9548105597496033,1.1478774547576904,-0.38635098934173584,2.758418083190918,9764.859375,19.736501693725586,40.22174835205078,59.958248138427734,333.5654602050781,4.20686149597168
8.417505264282227,37.91999816894531,1000.0,156.0,0.5316600799560547,0.021404996514320374,11.0,1.0029217004776,1.0029217004776,1.0029217004776,0.021000050008296967,0.00011159999849041924,0.4129253923892975,3140000.0,-0.03766593709588051,-0.0009207315742969513,-0.0721617192029953,0.021963125094771385,-0.0017592217773199081,0.9211916923522949,1.1531383991241455,0.005260944366455078,3.0426650047302246,9831.10546875,21.02606201171875,45.195037841796875,66.22109985351562,302.0185546875,4.399291515350342
7.394317150115967,27.899999618530273,1000.0,157.0,0.5214878916740417,0.020748022943735123,10.0,0.9986814260482788,0.9986814260482788,0.9986814260482788,0.020071526989340782,0.00011039999662898481,0.40871867537498474,3160000.0,-0.027327142655849457,0.010338794440031052,0.02247418463230133,0.02111360989511013,-0.0008495151996612549,0.8969775438308716,0.7558677792549133,-0.3972706198692322,3.1013927459716797,9892.041015625,21.39284896850586,39.5169677734375,60.90981674194336,328.3542785644531,4.432939529418945
7.830686092376709,22.399999618530273,1000.0,158.0,0.5165516138076782,0.020490147173404694,9.0,1.000195860862732,1.000195860862732,1.000195860862732,0.020416339859366417,0.00010920000204350799,0.4066566824913025,3180000.0,-0.028845572844147682,-0.0015184301882982254,0.10731809586286545,0.025273405015468597,0.004159795120358467,0.9906031489372253,0.835681676864624,0.0798138976097107,2.7722551822662354,9951.8232421875,21.16476058959961,38.594417572021484,59.759178161621094,334.6766052246094,4.3768157958984375
6.917603969573975,20.760000228881836,1000.0,159.0,0.5186475515365601,0.021261706948280334,14.0,1.005319356918335,1.005319356918335,1.005319356918335,0.02158879116177559,0.00010800000018207356,0.4074825346469879,3200000.0,-0.032484687864780426,-0.003639115020632744,0.00797632709145546,0.018758399412035942,-0.006515005603432655,0.848214864730835,0.843094527721405,0.007412850856781006,2.571810245513916,10029.5634765625,20.865177154541016,56.85192108154297,77.71709442138672,257.3436279296875,4.296417713165283
6.924076557159424,22.760000228881836,1000.0,160.0,0.5198301076889038,0.02155366912484169,12.0,1.0020357370376587,1.0020357370376587,1.0020357370376587,0.020849604159593582,0.00010679999832063913,0.40791454911231995,3220000.0,-0.03671292960643768,-0.004228241741657257,0.025640614330768585,0.019636565819382668,0.0008781664073467255,0.842902421951294,0.8612066507339478,0.018112123012542725,2.658276081085205,10102.0595703125,23.51041030883789,48.958614349365234,72.46902465820312,275.97998046875,4.2489399909973145
7.004596710205078,23.5,1000.0,161.0,0.514331042766571,0.02118154615163803,10.0,1.0018813610076904,1.0018813610076904,1.0018813610076904,0.020746614784002304,0.0001055999964592047,0.40563902258872986,3240000.0,-0.03118639998137951,0.005526529625058174,-0.010628685355186462,0.02449849620461464,0.004861930385231972,0.8998073935508728,1.0675305128097534,0.20632386207580566,2.884108304977417,10163.3388671875,20.920825958251953,40.33171844482422,61.25254440307617,326.5170593261719,4.215015888214111
8.398274421691895,24.040000915527344,1000.0,162.0,0.5080705881118774,0.02054552733898163,12.0,1.0043402910232544,1.0043402910232544,1.0043402910232544,0.02187979221343994,0.00010440000187372789,0.40317657589912415,3260000.0,-0.03114602528512478,4.0374696254730225e-05,-0.11614914983510971,0.024037573486566544,-0.0004609227180480957,1.119539499282837,1.1049261093139648,0.037395596504211426,3.1521737575531006,10233.9091796875,22.615339279174805,47.924293518066406,70.53963470458984,283.528564453125,4.1868181228637695
9.545906066894531,24.81999969482422,1000.0,163.0,0.4997006058692932,0.020060818642377853,10.0,1.0026369094848633,1.0026369094848633,1.0026369094848633,0.020927011966705322,0.00010320000001229346,0.3998447358608246,3280000.0,-0.03892189636826515,-0.007775871083140373,-0.1837945580482483,0.02661980502307415,0.0025822315365076065,1.0627095699310303,1.1175917387008667,0.012665629386901855,2.9465882778167725,10295.666015625,20.686662673950195,41.04719924926758,61.733863830566406,323.9713134765625,4.169439792633057
9.391838073730469,23.34000015258789,1000.0,164.0,0.4870103895664215,0.02156977169215679,11.0,1.001060962677002,1.001060962677002,1.001060962677002,0.01936878077685833,0.00010199999815085903,0.3949044346809387,3300000.0,-0.026901284232735634,0.012020612135529518,-0.26748546957969666,0.02262641116976738,-0.00399339385330677,0.8681610226631165,0.6610071063041687,-0.456584632396698,3.0197997093200684,10361.96484375,20.742708206176758,45.530799865722656,66.27350616455078,301.7796936035156,4.130208969116211
8.940068244934082,20.959999084472656,1000.0,165.0,0.4774329960346222,0.021023062989115715,10.0,1.0024210214614868,1.0024210214614868,1.0024210214614868,0.02222505956888199,0.00010080000356538221,0.3909911811351776,3320000.0,-0.035059910267591476,-0.008158626034855843,-0.0020508524030447006,0.027577875182032585,0.004951464012265205,1.0194257497787476,1.1079210042953491,0.4469138979911804,3.0434012413024902,10423.806640625,21.711200714111328,40.105224609375,61.816429138183594,323.5386047363281,4.061601638793945
8.563655853271484,31.399999618530273,1000.0,166.0,0.48147863149642944,0.02229331247508526,10.0,1.002854585647583,1.002854585647583,1.002854585647583,0.02092886157333851,9.960000170394778e-05,0.3924401104450226,3340000.0,-0.03992795944213867,-0.0048680491745471954,0.03344961255788803,0.02436854876577854,-0.0032093264162540436,0.975746750831604,1.3843519687652588,0.27643096446990967,2.9409656524658203,10487.67578125,21.652565002441406,42.19200134277344,63.844566345214844,313.26080322265625,4.151004314422607
8.276427268981934,37.84000015258789,1000.0,167.0,0.4870459735393524,0.020446544513106346,11.0,1.0036059617996216,1.0036059617996216,1.0036059617996216,0.020901666954159737,9.839999984251335e-05,0.3947421610355377,3360000.0,-0.043889958411455154,-0.0039619989693164825,0.08327488601207733,0.0218493714928627,-0.00251917727291584,0.9023911952972412,1.240339994430542,-0.1440119743347168,2.7709474563598633,10554.8134765625,21.864477157592773,45.246482849121094,67.1109619140625,298.013916015625,4.335737228393555
7.646707057952881,35.0,1000.0,168.0,0.48186391592025757,0.020963219925761223,12.0,0.9986633658409119,0.9986633658409119,0.9986633658409119,0.020653748884797096,9.719999798107892e-05,0.3927617073059082,3380000.0,-0.035646431148052216,0.008243527263402939,0.020088806748390198,0.021790942177176476,-5.842931568622589e-05,0.8642896413803101,0.913534939289093,-0.326805055141449,2.970838785171509,10625.8046875,22.01154327392578,48.952701568603516,70.96424102783203,281.8320617675781,4.475053310394287
8.268524169921875,36.380001068115234,1000.0,169.0,0.475222110748291,0.020520197227597237,10.0,1.0086842775344849,1.0086842775344849,1.0086842775344849,0.021749448031187057,9.600000339560211e-05,0.39007440209388733,3400000.0,-0.039368826895952225,-0.003722395747900009,-0.10744023323059082,0.025753576308488846,0.00396263413131237,1.0029672384262085,1.077744483947754,0.1642095446586609,2.9180121421813965,10688.17578125,21.87391471862793,40.468929290771484,62.34284591674805,320.8066711425781,4.6384053230285645
8.976183891296387,36.880001068115234,1000.0,170.0,0.48133090138435364,0.020314548164606094,13.0,1.002428412437439,1.002428412437439,1.002428412437439,0.021122591570019722,9.480000153416768e-05,0.3925321102142334,3420000.0,-0.04755685105919838,-0.008188024163246155,0.4139866232872009,0.02619601972401142,0.0004424434155225754,1.0344864130020142,1.331114411354065,0.25336992740631104,3.193462610244751,10764.6708984375,21.717578887939453,54.75254440307617,76.47012329101562,261.5400390625,4.80853796005249
9.097477912902832,41.880001068115234,1000.0,171.0,0.48733165860176086,0.020505091175436974,12.0,0.9989530444145203,0.9989530444145203,0.9989530444145203,0.01958659291267395,9.359999967273325e-05,0.39488860964775085,3440000.0,-0.03880218788981438,0.008754663169384003,-0.058843113481998444,0.01983027160167694,-0.00636574812233448,0.8965340852737427,0.837256669998169,-0.493857741355896,2.7422189712524414,10834.9560546875,20.7972469329834,49.46028137207031,70.25753021240234,284.6670227050781,5.053233623504639
8.742253303527832,46.97999954223633,1000.0,172.0,0.4819166958332062,0.02000482939183712,9.0,1.0003013610839844,1.0003013610839844,1.0003013610839844,0.020092960447072983,9.239999781129882e-05,0.39275801181793213,3460000.0,-0.044563177973032,-0.005760990083217621,0.23828329145908356,0.024792633950710297,0.004962362349033356,0.9439482688903809,1.254657506942749,0.4174008369445801,2.992537021636963,10893.2109375,20.755735397338867,37.47536087036133,58.23109436035156,343.4591064453125,5.372915267944336
8.004507064819336,27.940000534057617,1000.0,173.0,0.4771218001842499,0.020645109936594963,10.0,0.9976391196250916,0.9976391196250916,0.9976391196250916,0.020166441798210144,9.1200003225822e-05,0.3908902406692505,3480000.0,-0.03863489255309105,0.0059282854199409485,0.12400767207145691,0.024209927767515182,-0.0005827061831951141,0.9408603310585022,1.0365447998046875,-0.21811270713806152,3.3989675045013428,10956.625,21.740074157714844,41.649513244628906,63.389583587646484,315.5092468261719,5.392092227935791
7.8878173828125,25.799999237060547,1000.0,174.0,0.4668791592121124,0.020190156996250153,14.0,1.0016465187072754,1.0016465187072754,1.0016465187072754,0.019990846514701843,9.000000136438757e-05,0.3869171142578125,3500000.0,-0.032049354165792465,0.006585538387298584,0.1491219401359558,0.021495578810572624,-0.0027143489569425583,0.8528648614883423,0.6849512457847595,-0.351593554019928,3.034306287765503,11034.708984375,20.92649269104004,57.12846374511719,78.0549545288086,256.229736328125,5.379350662231445
7.250943183898926,25.959999084472656,1000.0,175.0,0.4645521342754364,0.020863516256213188,14.0,1.003636360168457,1.003636360168457,1.003636360168457,0.021035028621554375,8.879999950295314e-05,0.38607606291770935,3520000.0,-0.03584414720535278,-0.003794793039560318,0.12011818587779999,0.02510915696620941,0.0036135781556367874,0.948697566986084,0.8701816201210022,0.18523037433624268,2.647311210632324,11114.22265625,20.361112594604492,59.12610626220703,79.48722076416016,251.61277770996094,5.371315956115723
7.122987270355225,24.479999542236328,1000.0,176.0,0.4590918719768524,0.020049937069416046,10.0,1.0023250579833984,1.0023250579833984,1.0023250579833984,0.02112150378525257,8.759999764151871e-05,0.38398173451423645,3540000.0,-0.03933245688676834,-0.003488309681415558,0.2242693305015564,0.02405206859111786,-0.0010570883750915527,0.8888458013534546,1.286374568939209,0.4161929488182068,2.5859177112579346,11178.447265625,22.197288513183594,42.00217056274414,64.19945526123047,311.52911376953125,5.336002826690674
6.6834397315979,29.459999084472656,1000.0,177.0,0.4630061089992523,0.020132016390562057,13.0,1.0013340711593628,1.0013340711593628,1.0013340711593628,0.021767280995845795,8.64000030560419e-05,0.3853984475135803,3560000.0,-0.05070117488503456,-0.01136871799826622,-0.04893151670694351,0.020985743030905724,-0.0030663255602121353,0.8494065403938293,1.3082376718521118,0.021863102912902832,3.6919050216674805,11253.279296875,21.17641258239746,53.63131332397461,74.80772399902344,267.3520812988281,5.376165866851807
7.020183563232422,27.100000381469727,1000.0,178.0,0.45550301671028137,0.021266745403409004,14.0,0.9980252385139465,0.9980252385139465,0.9980252385139465,0.020182793959975243,8.520000119460747e-05,0.38244763016700745,3580000.0,-0.042464058846235275,0.008237116038799286,-0.2354501485824585,0.022143760696053505,0.0011580176651477814,0.8862154483795166,0.8989428877830505,-0.4092947840690613,3.4888863563537598,11332.265625,20.866687774658203,58.09477996826172,78.96244049072266,253.2849884033203,5.381390571594238
7.657128810882568,24.239999771118164,1000.0,179.0,0.4436700642108917,0.02045506238937378,12.0,1.0016223192214966,1.0016223192214966,1.0016223192214966,0.020922482013702393,8.399999933317304e-05,0.37795668840408325,3600000.0,-0.03510778024792671,0.007356278598308563,0.059713251888751984,0.023760206997394562,0.0016164463013410568,0.9320864081382751,0.8558743596076965,-0.043068528175354004,2.6267635822296143,11401.875,21.570234298706055,48.01413345336914,69.58436584472656,287.4208679199219,5.342383861541748
7.79279899597168,32.81999969482422,1000.0,180.0,0.4400891959667206,0.020002471283078194,11.0,1.004395842552185,1.004395842552185,1.004395842552185,0.02105550467967987,8.27999974717386e-05,0.37657514214515686,3620000.0,-0.05094669759273529,-0.01583891734480858,0.1626536250114441,0.02305412106215954,-0.0007060859352350235,0.9475449323654175,1.6172932386398315,0.761418879032135,2.846088171005249,11469.208984375,22.050439834594727,45.257911682128906,67.308349609375,297.13995361328125,5.437687397003174
7.800743579864502,29.600000381469727,1000.0,181.0,0.43946725130081177,0.02036268264055252,14.0,0.9999884366989136,0.9999884366989136,0.9999884366989136,0.019737672060728073,8.160000288626179e-05,0.37637776136398315,3640000.0,-0.04162365570664406,0.009323041886091232,0.1687692403793335,0.02602342888712883,0.0029693078249692917,0.922451376914978,0.9811277389526367,-0.6361654996871948,2.778242588043213,11548.7880859375,22.122264862060547,57.43251419067383,79.55477905273438,251.3990936279297,5.4797258377075195
7.5068817138671875,35.0,1000.0,182.0,0.4321672022342682,0.020607840269804,12.0,1.0015488862991333,1.0015488862991333,1.0015488862991333,0.02043359912931919,8.040000102482736e-05,0.3736051619052887,3660000.0,-0.04746577516198158,-0.005842119455337524,-0.12286430597305298,0.024885624647140503,-0.001137804239988327,0.9047942161560059,0.9872922301292419,0.006164491176605225,2.8746488094329834,11619.150390625,20.043880462646484,50.29201126098633,70.33589172363281,284.349853515625,5.608798503875732
7.686244964599609,30.84000015258789,1000.0,183.0,0.4256104528903961,0.020409444347023964,13.0,1.0017286539077759,1.0017286539077759,1.0017286539077759,0.020540589466691017,7.919999916339293e-05,0.3712088465690613,3680000.0,-0.0462358333170414,0.0012299418449401855,-0.1419060081243515,0.026728712022304535,0.001843087375164032,0.9416297078132629,1.2083110809326172,0.22101885080337524,3.8150522708892822,11694.916015625,21.835668563842773,53.90454864501953,75.74021911621094,264.0605163574219,5.67432165145874
8.007834434509277,27.1200008392334,1000.0,184.0,0.41641005873680115,0.020525118336081505,15.0,1.0012656450271606,1.0012656450271606,1.0012656450271606,0.020134054124355316,7.79999973019585e-05,0.3678465187549591,3700000.0,-0.0384628102183342,0.007773023098707199,0.05248516425490379,0.0246919933706522,-0.002036718651652336,0.924217700958252,0.7012535929679871,-0.5070574879646301,3.2816545963287354,11778.1640625,22.196184158325195,61.0278434753418,83.22402954101562,240.31521606445312,5.683688163757324
8.117754936218262,23.3799991607666,1000.0,185.0,0.4020354747772217,0.021047303453087807,13.0,0.9995673298835754,0.9995673298835754,0.9995673298835754,0.019962960854172707,7.680000271648169e-05,0.36257994174957275,3720000.0,-0.03302598372101784,0.0054368264973163605,-0.21771150827407837,0.023650670424103737,-0.001041322946548462,0.9221015572547913,0.6696918606758118,-0.03156173229217529,3.062323570251465,11853.4794921875,21.83197021484375,53.456485748291016,75.2884521484375,265.6449890136719,5.637547016143799
7.792619705200195,17.479999542236328,1000.0,186.0,0.3953593373298645,0.020010868087410927,13.0,1.0013680458068848,1.0013680458068848,1.0013680458068848,0.020536232739686966,7.560000085504726e-05,0.36032629013061523,3740000.0,-0.03449525311589241,-0.0014692693948745728,-0.2510736584663391,0.023992447182536125,0.0003417767584323883,0.9309932589530945,0.6115705966949463,-0.05812126398086548,2.7654926776885986,11928.716796875,20.243640899658203,54.96792984008789,75.2115707397461,265.9165344238281,5.504402160644531
6.823153018951416,22.1200008392334,1000.0,187.0,0.3881669342517853,0.021771367639303207,12.0,1.002577543258667,1.002577543258667,1.002577543258667,0.02021804265677929,7.439999899361283e-05,0.3578598201274872,3760000.0,-0.04114236682653427,-0.006647113710641861,0.1902102679014206,0.020525120198726654,-0.003467326983809471,0.798477828502655,0.9725452065467834,0.36097460985183716,2.6595301628112793,11998.15234375,20.225454330444336,49.182952880859375,69.40840911865234,288.1495361328125,5.443755149841309
7.182270526885986,34.84000015258789,1000.0,188.0,0.38362300395965576,0.02064605802297592,18.0,1.009899616241455,1.009899616241455,1.009899616241455,0.021504415199160576,7.31999971321784e-05,0.356244832277298,3780000.0,-0.048582740128040314,-0.0074403733015060425,0.1450074166059494,0.022347796708345413,0.0018226765096187592,0.8635606169700623,1.2679095268249512,0.2953643202781677,3.2204535007476807,12094.7587890625,22.711406707763672,73.8699722290039,96.58137512207031,207.07925415039062,5.57550048828125
7.326028823852539,39.02000045776367,1000.0,189.0,0.3735722005367279,0.024342097342014313,14.0,1.0047744512557983,1.0047744512557983,1.0047744512557983,0.020406488329172134,7.200000254670158e-05,0.3526310324668884,3800000.0,-0.038599055260419846,0.009983684867620468,-0.026481833308935165,0.021060993894934654,-0.001286802813410759,0.8887899518013,1.150018334388733,-0.11789119243621826,3.170820951461792,12174.490234375,22.655784606933594,57.04657745361328,79.70236206054688,250.93359375,5.76958703994751
7.970829963684082,36.47999954223633,1000.0,190.0,0.36043891310691833,0.02086234651505947,13.0,1.0014574527740479,1.0014574527740479,1.0014574527740479,0.019946608692407608,7.080000068526715e-05,0.34798744320869446,3820000.0,-0.0432872548699379,-0.004688199609518051,-0.2643830478191376,0.020464878529310226,-0.0005961153656244278,0.856346845626831,0.8724864721298218,-0.27753186225891113,2.756725788116455,12250.859375,20.855201721191406,55.48891830444336,76.3441162109375,261.9717102050781,5.923400402069092
7.25092887878418,28.559999465942383,1000.0,191.0,0.35012000799179077,0.020247213542461395,14.0,1.0019187927246094,1.0019187927246094,1.0019187927246094,0.020732300356030464,6.959999882383272e-05,0.3446910083293915,3840000.0,-0.035861145704984665,0.007426109164953232,0.022140439599752426,0.018307041376829147,-0.002157837152481079,0.8646491169929504,1.0675091743469238,0.19502270221710205,3.1027534008026123,12331.2236328125,22.456668853759766,57.882110595703125,80.33878326416016,248.94577026367188,5.954113483428955
7.316528797149658,19.8799991607666,1000.0,192.0,0.3411189019680023,0.020375359803438187,12.0,1.0011343955993652,1.0011343955993652,1.0011343955993652,0.01982693187892437,6.839999696239829e-05,0.34174394607543945,3860000.0,-0.039751507341861725,-0.00389036163687706,0.14019988477230072,0.022801272571086884,0.004494231194257736,0.9368849396705627,0.9626185297966003,-0.10489064455032349,2.906616687774658,12401.7373046875,20.905078887939453,49.58316421508789,70.48824310302734,283.7352600097656,5.8531107902526855
7.3889479637146,26.0,1000.0,193.0,0.3325555920600891,0.020772330462932587,15.0,1.0044009685516357,1.0044009685516357,1.0044009685516357,0.020885782316327095,6.720000237692147e-05,0.33874234557151794,3880000.0,-0.04737873002886772,-0.007627222687005997,0.10655975341796875,0.021444018930196762,-0.0013572536408901215,0.8945512771606445,1.1951825618743896,0.2325640320777893,2.9108669757843018,12484.5927734375,20.924816131591797,61.90668869018555,82.83150482177734,241.4540252685547,5.8486785888671875
8.01694107055664,25.399999618530273,1000.0,194.0,0.32087060809135437,0.02022547274827957,15.0,1.0003392696380615,1.0003392696380615,1.0003392696380615,0.019792335107922554,6.600000051548705e-05,0.3347719609737396,3900000.0,-0.040328770875930786,0.007049959152936935,0.07698860764503479,0.01949203386902809,-0.0019519850611686707,0.8857617378234863,0.8619511127471924,-0.33323144912719727,3.0780537128448486,12566.7158203125,19.963945388793945,62.13082504272461,82.09477233886719,243.62088012695312,5.835967540740967
8.212043762207031,23.700000762939453,1000.0,195.0,0.3090466260910034,0.020115965977311134,15.0,1.000362515449524,1.000362515449524,1.000362515449524,0.01986803114414215,6.479999865405262e-05,0.3308992385864258,3920000.0,-0.028968220576643944,0.011360550299286842,-0.08072277903556824,0.022354213520884514,0.0028621796518564224,0.8891500234603882,0.6545267701148987,-0.2074243426322937,2.61165189743042,12649.2666015625,20.59677505493164,61.92498016357422,82.52175903320312,242.36032104492188,5.7985920906066895
7.724110126495361,28.639999389648438,1000.0,196.0,0.31039848923683167,0.021423647180199623,16.0,1.0067975521087646,1.0067975521087646,1.0067975521087646,0.02169506624341011,6.359999679261819e-05,0.331277072429657,3940000.0,-0.05182461813092232,-0.022856397554278374,0.10482388734817505,0.021434804424643517,-0.0009194090962409973,0.8779804706573486,1.6393003463745117,0.984773576259613,2.4213802814483643,12736.744140625,21.448244094848633,66.00169372558594,87.45093536376953,228.69967651367188,5.836535453796387
8.512104034423828,25.280000686645508,1000.0,197.0,0.3015495538711548,0.020311277359724045,14.0,1.0002633333206177,1.0002633333206177,1.0002633333206177,0.019622549414634705,6.240000220714137e-05,0.32831355929374695,3960000.0,-0.04289167374372482,0.008932944387197495,-0.005917906761169434,0.023921702057123184,0.0024868976324796677,0.9776669144630432,0.9123920798301697,-0.726908266544342,2.7746922969818115,12815.3173828125,20.56355094909668,57.98259735107422,78.54615020751953,254.62738037109375,5.824232578277588
8.395933151245117,30.280000686645508,1000.0,198.0,0.29344162344932556,0.020808396860957146,14.0,1.0022852420806885,1.0022852420806885,1.0022852420806885,0.019785547628998756,6.120000034570694e-05,0.32573363184928894,3980000.0,-0.04304143786430359,-0.00014976412057876587,0.009135402739048004,0.024437300860881805,0.0005155988037586212,0.9121832847595215,0.9509979486465454,0.03860586881637573,2.534309148788452,12895.6181640625,23.3475284576416,56.92652893066406,80.27505493164062,249.1433868408203,5.887234210968018
8.43996810913086,30.6200008392334,1000.0,199.0,0.2861003875732422,0.02044198289513588,13.0,1.0045669078826904,1.0045669078826904,1.0045669078826904,0.020085573196411133,5.999999848427251e-05,0.3235015571117401,4000000.0,-0.04750308766961098,-0.004461649805307388,0.08376830071210861,0.022563761100172997,-0.001873539760708809,0.8764914870262146,1.3528833389282227,0.40188539028167725,2.8761110305786133,12971.142578125,22.87836456298828,52.618141174316406,75.49650573730469,264.9129333496094,5.955045223236084
7.799718856811523,32.70000076293945,1000.0,200.0,0.2842255234718323,0.02067304030060768,18.0,1.0056790113449097,1.0056790113449097,1.0056790113449097,0.020324131473898888,5.880000026081689e-05,0.3228920102119446,4020000.0,-0.04169672727584839,0.0058063603937625885,-0.17985916137695312,0.02165139652788639,-0.0009123645722866058,0.8939154148101807,0.977387547492981,-0.3754957914352417,2.4117419719696045,13067.1640625,21.94450569152832,74.05307006835938,95.99757385253906,208.33859252929688,6.053476333618164
8.449204444885254,30.959999084472656,1000.0,201.0,0.28302279114723206,0.020016543567180634,15.0,1.000583291053772,1.000583291053772,1.000583291053772,0.019660070538520813,5.759999839938246e-05,0.32252582907676697,4040000.0,-0.03754134476184845,0.004155382513999939,-0.015020005404949188,0.02405005320906639,0.0023986566811800003,0.9392758011817932,0.7484301924705505,-0.22895735502243042,2.694815158843994,13149.876953125,21.45405387878418,61.232398986816406,82.68645477294922,241.87757873535156,6.124735355377197
7.972473621368408,19.239999771118164,1000.0,202.0,0.28003424406051636,0.020510541275143623,16.0,1.0028308629989624,1.0028308629989624,1.0028308629989624,0.02020220085978508,5.6400000175926834e-05,0.32144472002983093,4060000.0,-0.041824955493211746,-0.0042836107313632965,-0.016482770442962646,0.02439967915415764,0.00034962594509124756,0.9195692539215088,0.6687102913856506,-0.0797199010848999,2.399463653564453,13239.26171875,24.83315086364746,64.52594757080078,89.35909271240234,223.81605529785156,6.019611358642578
8.783245086669922,18.5,1000.0,203.0,0.27422574162483215,0.020023079589009285,16.0,1.0024625062942505,1.0024625062942505,1.0024625062942505,0.02003619447350502,5.5199998314492404e-05,0.31960541009902954,4080000.0,-0.038293562829494476,0.00353139266371727,0.21268627047538757,0.02377292513847351,-0.0006267540156841278,1.0034040212631226,0.6461721062660217,-0.022538185119628906,2.4147088527679443,13328.36328125,20.953786849975586,68.12049865722656,89.07428741455078,224.5316925048828,5.905763626098633
7.755002498626709,18.6200008392334,1000.0,204.0,0.27053195238113403,0.021168166771531105,15.0,1.001128911972046,1.001128911972046,1.001128911972046,0.01969866082072258,5.400000009103678e-05,0.31843915581703186,4100000.0,-0.03653353825211525,0.0017600245773792267,-0.023080267012119293,0.022342676296830177,-0.0014302488416433334,0.9546325206756592,0.8103063702583313,0.16413426399230957,2.754765510559082,13411.4892578125,20.620195388793945,62.479881286621094,83.10008239746094,240.6736602783203,5.796158313751221
7.261735439300537,23.600000381469727,1000.0,205.0,0.2677375376224518,0.02002299576997757,18.0,1.0022871494293213,1.0022871494293213,1.0022871494293213,0.020056448876857758,5.279999822960235e-05,0.317452609539032,4120000.0,-0.04319467023015022,-0.006661131978034973,0.25428226590156555,0.01909911446273327,-0.0032435618340969086,0.8229790329933167,0.6252509951591492,-0.18505537509918213,2.5488719940185547,13507.455078125,20.821470260620117,75.11771392822266,95.93917846679688,208.46539306640625,5.763543605804443
5.938754081726074,28.3799991607666,1000.0,206.0,0.2607215642929077,0.020034508779644966,20.0,1.0046825408935547,1.0046825408935547,1.0046825408935547,0.02084324136376381,5.160000000614673e-05,0.31502676010131836,4140000.0,-0.04828528314828873,-0.005090612918138504,-0.005694940686225891,0.01910778135061264,8.666887879371643e-06,0.829643726348877,0.7893267869949341,0.1640757918357849,2.9607300758361816,13610.6142578125,19.90921974182129,83.22142028808594,103.13164520263672,193.92689514160156,5.803559303283691
6.235489368438721,37.08000183105469,1000.0,207.0,0.2591310441493988,0.020760279148817062,20.0,1.0073989629745483,1.0073989629745483,1.0073989629745483,0.02042742632329464,5.0400001782691106e-05,0.3145195543766022,4160000.0,-0.05469987168908119,-0.006414588540792465,-0.25366631150245667,0.020877674221992493,0.0017698928713798523,0.8316156268119812,1.2393027544021606,0.44997596740722656,2.344325304031372,13713.4296875,20.879858016967773,81.90704345703125,102.78690338134766,194.5773162841797,5.973763942718506
7.692655086517334,36.119998931884766,1000.0,208.0,0.25008440017700195,0.020572476089000702,18.0,1.0009740591049194,1.0009740591049194,1.0009740591049194,0.020246515050530434,4.9199999921256676e-05,0.311786949634552,4180000.0,-0.051850058138370514,0.002849813550710678,0.2886323928833008,0.02389429323375225,0.003016619011759758,1.062205195426941,0.9469465017318726,-0.2923562526702881,2.6964385509490967,13810.498046875,22.297203063964844,74.74383544921875,97.0410385131836,206.09837341308594,6.12709903717041
8.765899658203125,40.58000183105469,1000.0,209.0,0.24168403446674347,0.020170222967863083,17.0,1.0030524730682373,1.0030524730682373,1.0030524730682373,0.019578948616981506,4.8000001697801054e-05,0.30923980474472046,4200000.0,-0.04257959872484207,0.009270459413528442,-0.2435576617717743,0.022431042045354843,-0.0014632511883974075,1.0314992666244507,0.6498504877090454,-0.29709601402282715,2.746619701385498,13900.451171875,20.31143569946289,69.61331939697266,89.92475128173828,222.40817260742188,6.34846830368042
8.681495666503906,26.920000076293945,1000.0,210.0,0.23613108694553375,0.02091514691710472,18.0,1.001226782798767,1.001226782798767,1.001226782798767,0.020613625645637512,4.6799999836366624e-05,0.30765673518180847,4220000.0,-0.045093368738889694,-0.0025137700140476227,0.08846253156661987,0.020722253248095512,-0.0017087887972593307,0.8375118970870972,0.6767025589942932,0.026852071285247803,2.7456066608428955,13995.3203125,20.355072021484375,74.48623657226562,94.84130859375,210.8785858154297,6.355527877807617
7.163062572479248,23.0,1000.0,211.0,0.2299424409866333,0.0204167440533638,18.0,1.001128077507019,1.001128077507019,1.001128077507019,0.020156869664788246,4.5600001612911e-05,0.30579516291618347,4240000.0,-0.03895945847034454,0.006133910268545151,-0.2552317976951599,0.018917428329586983,-0.0018048249185085297,0.7720471024513245,0.7947222590446472,0.118019700050354,2.4103658199310303,14092.845703125,22.988767623901367,74.50868225097656,97.49745178222656,205.13357543945312,6.307104587554932
6.969425678253174,28.84000015258789,1000.0,212.0,0.22614705562591553,0.020776912569999695,21.0,1.004917860031128,1.004917860031128,1.004917860031128,0.020760733634233475,4.439999975147657e-05,0.30469903349876404,4260000.0,-0.05538352206349373,-0.016424063593149185,0.044020626693964005,0.022675372660160065,0.003757944330573082,0.9862707853317261,0.9196845889091492,0.12496232986450195,2.548414707183838,14200.876953125,21.225404739379883,86.77689361572266,108.0022964477539,185.18124389648438,6.349071979522705
7.360635757446289,25.200000762939453,1000.0,213.0,0.22026754915714264,0.020028570666909218,22.0,1.0008516311645508,1.0008516311645508,1.0008516311645508,0.01876402460038662,4.320000152802095e-05,0.3028680980205536,4280000.0,-0.03986711800098419,0.015516404062509537,-0.2505154013633728,0.021674124523997307,-0.0010012481361627579,0.8533615469932556,0.6130794882774353,-0.30660510063171387,2.790008544921875,14315.08203125,22.298124313354492,91.87600708007812,114.17413330078125,175.1710205078125,6.33842134475708
7.744123458862305,30.040000915527344,1000.0,214.0,0.21495503187179565,0.020495781674981117,23.0,1.0044565200805664,1.0044565200805664,1.0044565200805664,0.02005523070693016,4.199999966658652e-05,0.3012773394584656,4300000.0,-0.05193483456969261,-0.01206771656870842,0.07328220456838608,0.02019786648452282,-0.0014762580394744873,0.8559771776199341,0.6521403193473816,0.03906083106994629,2.725717544555664,14432.34765625,21.266578674316406,95.96802520751953,117.23460388183594,170.5980987548828,6.403363227844238
7.407365798950195,22.81999969482422,1000.0,215.0,0.20897716283798218,0.02034301683306694,22.0,1.0005128383636475,1.0005128383636475,1.0005128383636475,0.020370393991470337,4.0800001443130895e-05,0.2995537519454956,4320000.0,-0.04331960901618004,0.008615225553512573,-0.3628552258014679,0.01938902959227562,-0.0008088368922472,0.8126494288444519,0.5676933526992798,-0.0844469666481018,3.24342679977417,14545.212890625,20.302024841308594,92.53443145751953,112.83744049072266,177.2461395263672,6.353178024291992
7.408082485198975,21.239999771118164,1000.0,216.0,0.20318703353405,0.020580202341079712,21.0,1.0021089315414429,1.0021089315414429,1.0021089315414429,0.01996919885277748,3.9599999581696466e-05,0.29786041378974915,4340000.0,-0.0495840460062027,-0.006264436990022659,-0.16844622790813446,0.019457301124930382,6.827153265476227e-05,0.8557029366493225,0.7857322692871094,0.2180389165878296,3.05310320854187,14652.806640625,22.863515853881836,84.70069885253906,107.56421661376953,185.93544006347656,6.27753210067749
7.157488822937012,20.280000686645508,1000.0,217.0,0.19381316006183624,0.020118050277233124,23.0,1.0025489330291748,1.0025489330291748,1.0025489330291748,0.019557757303118706,3.840000135824084e-05,0.2950330078601837,4360000.0,-0.05840350687503815,-0.00881946086883545,0.11951754987239838,0.020445285364985466,0.0009879842400550842,0.9306343793869019,0.8914502859115601,0.10571801662445068,3.114635705947876,14769.5234375,21.064790725708008,95.62323760986328,116.68802642822266,171.39718627929688,6.188156604766846
8.498600006103516,23.280000686645508,1000.0,218.0,0.1856629103422165,0.020343894138932228,23.0,1.000990390777588,1.000990390777588,1.000990390777588,0.019660810008645058,3.719999949680641e-05,0.2926773428916931,4380000.0,-0.05439086630940437,0.004012640565633774,-0.41782671213150024,0.02421182580292225,0.003766540437936783,1.0304350852966309,0.7574405670166016,-0.1340097188949585,3.4771475791931152,14883.0458984375,21.465003967285156,92.02735900878906,113.49236297607422,176.2233123779297,6.150691986083984
8.440683364868164,20.1200008392334,1000.0,219.0,0.17530836164951324,0.02035512961447239,23.0,1.0005550384521484,1.0005550384521484,1.0005550384521484,0.01938362792134285,3.600000127335079e-05,0.2897094190120697,4400000.0,-0.037616532295942307,0.016774334013462067,-0.11993907392024994,0.019713837653398514,-0.004497988149523735,0.8832215070724487,0.46716633439064026,-0.2902742326259613,2.595064401626587,15000.4921875,23.456146240234375,93.9589614868164,117.41510772705078,170.33583068847656,6.066840171813965
8.182489395141602,13.819999694824219,1000.0,220.0,0.1636442393064499,0.020032057538628578,23.0,0.9999455809593201,0.9999455809593201,0.9999455809593201,0.019616397097706795,3.479999941191636e-05,0.2864271402359009,4420000.0,-0.03175734728574753,0.0058591850101947784,0.23201897740364075,0.020915715023875237,0.0012018773704767227,0.8070940971374512,0.36475300788879395,-0.10241332650184631,2.592428207397461,15115.7119140625,21.85569953918457,93.33422088623047,115.1899185180664,173.6262969970703,5.8902411460876465
7.174520492553711,9.65999984741211,1000.0,221.0,0.15201203525066376,0.020148297771811485,25.0,0.9997829794883728,0.9997829794883728,0.9997829794883728,0.019908582791686058,3.360000118846074e-05,0.28311192989349365,4440000.0,-0.03567497059702873,-0.003917623311281204,-0.14825177192687988,0.02323981188237667,0.0023240968585014343,0.9747677445411682,0.3711433708667755,0.006390362977981567,2.9563448429107666,15237.6943359375,19.994098663330078,101.95861053466797,121.95271301269531,163.9980010986328,5.654481887817383
6.753446102142334,20.68000030517578,1000.0,222.0,0.14390511810779572,0.02000737562775612,28.0,1.0080280303955078,1.0080280303955078,1.0080280303955078,0.020195182412862778,3.239999932702631e-05,0.2809198200702667,4460000.0,-0.052700791507959366,-0.017025820910930634,-0.09464989602565765,0.021484967321157455,-0.0017548445612192154,0.8479811549186707,1.174456238746643,0.8033128678798676,2.6595845222473145,15372.193359375,20.873624801635742,113.59114074707031,134.4647674560547,148.7378387451172,5.588140964508057
6.467547416687012,27.3799991607666,1000.0,223.0,0.13736936450004578,0.020067108795046806,26.0,1.0058776140213013,1.0058776140213013,1.0058776140213013,0.020039543509483337,3.1200001103570685e-05,0.2790580987930298,4480000.0,-0.061450108885765076,-0.00874931737780571,0.03365888074040413,0.02140297181904316,-8.199550211429596e-05,0.8530324101448059,0.6877383589744568,-0.4867178797721863,2.2924234867095947,15500.953125,23.419631958007812,105.30200958251953,128.72164916992188,155.3740234375,5.6234564781188965
6.383597373962402,28.040000915527344,1000.0,224.0,0.12839975953102112,0.020755184814333916,29.0,1.000728964805603,1.000728964805603,1.000728964805603,0.019529245793819427,2.9999999242136255e-05,0.27653607726097107,4500000.0,-0.044085435569286346,0.01736467331647873,0.35212355852127075,0.020929433405399323,-0.000473538413643837,0.900050699710846,0.5122024416923523,-0.1755359172821045,2.9099807739257812,15643.953125,22.570316314697266,120.3957748413086,142.96609497070312,139.893310546875,5.668097019195557
6.461276054382324,19.899999618530273,1000.0,225.0,0.11300794780254364,0.020015759393572807,30.0,1.0029041767120361,1.0029041767120361,1.0029041767120361,0.018831918016076088,2.879999919969123e-05,0.27231594920158386,4520000.0,-0.042029596865177155,0.002055838704109192,0.2585480809211731,0.023070821538567543,0.0021413881331682205,0.8937746286392212,0.4730973243713379,-0.039105117321014404,2.5934081077575684,15786.7001953125,19.88410186767578,122.83179473876953,142.7158966064453,140.13856506347656,5.5899248123168945
6.6561279296875,18.420000076293945,1000.0,226.0,0.10314906388521194,0.020120540633797646,28.0,1.0022801160812378,1.0022801160812378,1.0022801160812378,0.019392723217606544,2.7599999157246202e-05,0.26959726214408875,4540000.0,-0.044565349817276,-0.0025357529520988464,0.07024338841438293,0.020863134413957596,-0.002207687124609947,0.8016566634178162,0.6307755708694458,0.1576782464981079,2.4107441902160645,15925.607421875,23.265033721923828,115.59758758544922,138.8626251220703,144.02723693847656,5.490911483764648
6.379183769226074,17.5,1000.0,227.0,0.09478142112493515,0.020222721621394157,35.0,0.9994935989379883,0.9994935989379883,0.9994935989379883,0.019405899569392204,2.6399999114801176e-05,0.2673991322517395,4560000.0,-0.0374029204249382,0.007162429392337799,0.25201934576034546,0.019536498934030533,-0.001326635479927063,0.7833007574081421,0.3462487459182739,-0.2845268249511719,2.1152443885803223,16090.9384765625,22.613384246826172,142.6829376220703,165.29733276367188,120.99408721923828,5.379758834838867
6.581981182098389,22.920000076293945,1000.0,228.0,0.09033794701099396,0.02010716125369072,30.0,1.00417959690094,1.00417959690094,1.00417959690094,0.020264476537704468,2.5200000891345553e-05,0.2662510871887207,4580000.0,-0.04940422624349594,-0.01200130581855774,-0.18001022934913635,0.023541221395134926,0.004004722461104393,0.89467453956604,0.5523489713668823,0.2061002254486084,2.0220677852630615,16236.373046875,22.620325088500977,122.77940368652344,145.3997344970703,137.5518341064453,5.35171365737915
6.492067813873291,21.059999465942383,1000.0,229.0,0.07729595899581909,0.0205683633685112,34.0,1.0016040802001953,1.0016040802001953,1.0016040802001953,0.019250530749559402,2.4000000848900527e-05,0.2628364562988281,4600000.0,-0.03448912501335144,0.0149151012301445,0.3745954930782318,0.01861792989075184,-0.004923291504383087,0.767856776714325,0.3748798668384552,-0.17746910452842712,1.8702136278152466,16396.369140625,21.651630401611328,138.2980194091797,159.94964599609375,125.03934478759766,5.296131134033203
6.638301849365234,20.520000457763672,1000.0,230.0,0.06938876211643219,0.020021434873342514,33.0,1.004074215888977,1.004074215888977,1.004074215888977,0.01981646940112114,2.28000008064555e-05,0.2607572674751282,4620000.0,-0.04458324611186981,-0.010094121098518372,-0.01130155473947525,0.019823122769594193,0.0012051928788423538,0.8327816128730774,0.4622025191783905,0.0873226523399353,2.2535078525543213,16551.611328125,21.2491455078125,133.95494079589844,155.205078125,128.86175537109375,5.233257293701172
6.381289482116699,14.5,1000.0,231.0,0.0542496033012867,0.020343711599707603,32.0,1.0020514726638794,1.0020514726638794,1.0020514726638794,0.01947668381035328,2.1600000764010474e-05,0.2568523585796356,4640000.0,-0.03989725559949875,0.004685990512371063,0.22522476315498352,0.02116463892161846,0.001341516152024269,0.7927126884460449,0.49482834339141846,0.032625824213027954,2.296348810195923,16706.53515625,22.829914093017578,132.03421020507812,154.8641357421875,129.1454620361328,5.080987453460693
6.738340377807617,14.199999809265137,1000.0,232.0,0.03988567367196083,0.020354731008410454,37.0,1.0007076263427734,1.0007076263427734,1.0007076263427734,0.018827559426426888,2.0400000721565448e-05,0.25331661105155945,4660000.0,-0.035799771547317505,0.004097484052181244,0.35033321380615234,0.020090501755475998,-0.0010741371661424637,0.8532719612121582,0.3712061047554016,-0.12362223863601685,2.9536800384521484,16876.05859375,19.605066299438477,149.8855743408203,169.49063110351562,118.00061798095703,4.926580905914307
6.622374057769775,8.760000228881836,1000.0,233.0,0.023445412516593933,0.018863391131162643,40.0,0.9992451667785645,0.9992451667785645,0.9992451667785645,0.018147742375731468,1.920000067912042e-05,0.24927982687950134,4680000.0,-0.028140554204583168,0.007659217342734337,-0.03228037804365158,0.01656228117644787,-0.0035282205790281296,0.7861573696136475,0.3145097494125366,-0.05669635534286499,2.2639615535736084,17061.44921875,22.379106521606445,162.96897888183594,185.34808349609375,107.90507507324219,4.69289493560791
6.300475597381592,8.920000076293945,1000.0,234.0,0.013595731928944588,0.01963127963244915,40.0,1.004854679107666,1.004854679107666,1.004854679107666,0.019427835941314697,1.8000000636675395e-05,0.24689126014709473,4700000.0,-0.04200303927063942,-0.013862485066056252,0.14789947867393494,0.01798471063375473,0.0014224294573068619,0.812879204750061,0.37675026059150696,0.06224051117897034,2.293578624725342,17245.5078125,19.637645721435547,164.38485717773438,184.0225067138672,108.68235778808594,4.465173244476318
6.610547065734863,14.739999771118164,1000.0,235.0,0.01010824367403984,0.01898406259715557,40.0,1.0037018060684204,1.0037018060684204,1.0037018060684204,0.01941535808146,1.680000059423037e-05,0.24600423872470856,4720000.0,-0.04955600947141647,-0.007552970200777054,-0.01597275584936142,0.01975887455046177,0.0017741639167070389,0.8365117907524109,0.9434868097305298,0.5667365491390228,2.2710700035095215,17428.53515625,20.336013793945312,162.654052734375,182.9900665283203,109.2955551147461,4.328097343444824
6.544698715209961,17.959999084472656,1000.0,236.0,0.0012237390037626028,0.01853000558912754,40.0,1.002343773841858,1.002343773841858,1.002343773841858,0.018331652507185936,1.5600000551785342e-05,0.24377989768981934,4740000.0,-0.04781324416399002,0.0017427653074264526,-0.0345265157520771,0.018613766878843307,-0.0011451076716184616,0.8562002778053284,0.6368804574012756,-0.30660635232925415,2.7232789993286133,17614.625,21.22684097290039,164.8231964111328,186.05003356933594,107.49796295166016,4.2410454750061035
7.070247650146484,24.200000762939453,1000.0,237.0,-0.009671459905803204,0.018292371183633804,40.0,1.0035927295684814,1.0035927295684814,1.0035927295684814,0.01821030117571354,1.4399999599845614e-05,0.241168811917305,4760000.0,-0.05090393126010895,-0.003090687096118927,-0.11156265437602997,0.021107317879796028,0.0024935510009527206,0.9213354587554932,0.558895468711853,-0.07798498868942261,2.607515573501587,17798.05859375,21.25068473815918,162.14398193359375,183.3946533203125,109.05442810058594,4.2484259605407715
6.886950492858887,20.899999618530273,1000.0,238.0,-0.015790533274412155,0.015861552208662033,40.0,1.000745415687561,1.000745415687561,1.000745415687561,0.017928482964634895,1.3199999557400588e-05,0.23967786133289337,4780000.0,-0.03991902992129326,0.010984901338815689,-0.3102576732635498,0.017809070646762848,-0.0032982472330331802,0.8111249804496765,0.4881361722946167,-0.07075929641723633,2.587348699569702,17980.115234375,20.15496826171875,161.8638153076172,182.018798828125,109.8787612915039,4.205537796020508
6.586966514587402,22.799999237060547,1000.0,239.0,-0.01995634101331234,0.01581796631217003,40.0,1.0041478872299194,1.0041478872299194,1.0041478872299194,0.01723865419626236,1.2000000424450263e-05,0.2387981116771698,4800000.0,-0.03858577460050583,0.0013332553207874298,-0.08481908589601517,0.01699533872306347,-0.000813731923699379,0.659984827041626,0.5834932923316956,0.09535712003707886,2.15114688873291,18164.0546875,20.079612731933594,163.8221435546875,183.90176391601562,108.75371551513672,4.191243648529053
6.300123691558838,18.719999313354492,1000.0,240.0,-0.027669757604599,0.014368240721523762,40.0,1.0012210607528687,1.0012210607528687,1.0012210607528687,0.01616811193525791,1.0800000382005237e-05,0.23701967298984528,4820000.0,-0.03648630529642105,0.002099469304084778,-0.04622370004653931,0.017885355278849602,0.0008900165557861328,0.7888668775558472,0.47019433975219727,-0.11329895257949829,1.9828722476959229,18347.615234375,19.692256927490234,163.8303985595703,183.5226593017578,108.9783706665039,4.1153645515441895
7.209476470947266,21.360000610351562,1000.0,241.0,-0.03144700080156326,0.0140922786667943,40.0,1.0032010078430176,1.0032010078430176,1.0032010078430176,0.016563991084694862,9.60000033956021e-06,0.23610176146030426,4840000.0,-0.041630275547504425,-0.005143970251083374,-0.1832263320684433,0.0243497584015131,0.006464403122663498,1.0746378898620605,0.5011203289031982,0.030925989151000977,2.605055809020996,18529.5859375,20.6932430267334,161.2399444580078,181.9331817626953,109.93046569824219,4.079739093780518
7.184979438781738,24.719999313354492,1000.0,242.0,-0.03015986457467079,0.011446647346019745,40.0,1.0017365217208862,1.0017365217208862,1.0017365217208862,0.014984050765633583,8.400000297115184e-06,0.23643717169761658,4860000.0,-0.037296392023563385,0.00433388352394104,-0.07738881558179855,0.017600644379854202,-0.006749114021658897,0.7995122075080872,0.4671166241168976,-0.03400370478630066,2.4786136150360107,18712.615234375,20.881885528564453,162.10792541503906,182.9898681640625,109.29566955566406,4.094475269317627
7.74832820892334,23.31999969482422,1000.0,243.0,-0.03130343556404114,0.011915512382984161,40.0,0.9998229146003723,0.9998229146003723,0.9998229146003723,0.015088200569152832,7.199999799922807e-06,0.23614564538002014,4880000.0,-0.03547545149922371,0.001820940524339676,-0.16443878412246704,0.020623506978154182,0.00302286259829998,0.85577392578125,0.42042076587677,-0.046695858240127563,2.443486213684082,18894.064453125,19.848220825195312,161.56314086914062,181.41136169433594,110.24667358398438,4.087334156036377
6.077154636383057,16.31999969482422,1000.0,244.0,-0.03869872912764549,0.01035091932862997,40.0,1.0004010200500488,1.0004010200500488,1.0004010200500488,0.013975548557937145,6.000000212225132e-06,0.23441050946712494,4900000.0,-0.020013194531202316,0.015462256968021393,0.10745330899953842,0.020253458991646767,-0.00037004798650741577,0.811569333076477,0.2452830970287323,-0.17513766884803772,1.7442560195922852,19078.39453125,20.693931579589844,163.60031127929688,184.2942352294922,108.5221176147461,3.974710464477539
6.4941582679748535,13.279999732971191,1000.0,245.0,-0.04351283609867096,0.008913852274417877,40.0,1.001596450805664,1.001596450805664,1.001596450805664,0.01362380851060152,4.800000169780105e-06,0.2332557886838913,4920000.0,-0.029988206923007965,-0.009975012391805649,0.19007812440395355,0.018662050366401672,-0.0015914086252450943,0.7782490253448486,0.298689603805542,0.05340650677680969,1.7665581703186035,19259.490234375,20.18122673034668,160.87567138671875,181.05690002441406,110.46250915527344,3.8177778720855713
6.111329555511475,13.779999732971191,1000.0,246.0,-0.04441780969500542,0.00849075336009264,40.0,1.0005990266799927,1.0005990266799927,1.0005990266799927,0.013131747022271156,3.5999998999614036e-06,0.23304781317710876,4940000.0,-0.02180684171617031,0.008181365206837654,0.026246406137943268,0.019058750942349434,0.00039670057594776154,0.8693599700927734,0.572532057762146,0.273842453956604,2.14132022857666,19440.92578125,20.232563018798828,161.1651153564453,181.39767456054688,110.25499725341797,3.6703317165374756
6.622235298156738,17.459999084472656,1000.0,247.0,-0.04730347543954849,0.005885687656700611,40.0,0.9990428686141968,0.9990428686141968,0.9990428686141968,0.01096778642386198,2.4000000848900527e-06,0.2323714941740036,4960000.0,-0.01730138249695301,0.0045054592192173,0.005748959258198738,0.019050732254981995,-8.01868736743927e-06,0.8967512845993042,0.3918740451335907,-0.1806580126285553,1.964683175086975,19624.693359375,23.895282745361328,159.831787109375,183.72708129882812,108.85711669921875,3.579848051071167
7.017845630645752,20.020000457763672,1000.0,248.0,-0.048391193151474,0.005109894555062056,40.0,1.0020562410354614,1.0020562410354614,1.0020562410354614,0.010592850856482983,1.2000000424450263e-06,0.23211482167243958,4980000.0,-0.023408403620123863,-0.006107021123170853,-0.03072422184050083,0.018650585785508156,-0.0004001464694738388,0.9584404230117798,0.690322995185852,0.29844895005226135,1.8893455266952515,19807.44140625,20.02347183227539,162.68333435058594,182.70681762695312,109.46499633789062,3.5285186767578125
6.719456195831299,16.760000228881836,1000.0,249.0,-0.04826396331191063,0.003650862956419587,40.0,1.0001122951507568,1.0001122951507568,1.0001122951507568,0.00829280260950327,0.0,0.23214170336723328,5000000.0,-0.009161091409623623,0.01424731221050024,0.10163182020187378,0.018563197925686836,-8.738785982131958e-05,0.837942361831665,0.32416191697120667,-0.3661610782146454,2.4937479496002197,19989.404296875,21.19630241394043,160.73019409179688,181.92649841308594,109.93450927734375,3.428365707397461
